sys;c1;c2;T;x1;x1_calc;x1_approx;phase;ALDS
6;Acetonitrile;Cyclohexane;278.4492263;0.020287778;0.026595638;0.02672564;L1;27.07285658
6;Acetonitrile;Cyclohexane;291.24575;0.030870279;0.039034661;0.039289567;L1;23.46561191
6;Acetonitrile;Cyclohexane;293.14537;0.047992455;0.041194483;0.0413946;L1;15.27394741
6;Acetonitrile;Cyclohexane;294.15;0.0465;0.042371932;0.042507864;L1;9.296615781
6;Acetonitrile;Cyclohexane;295.104978;0.0396;0.043514174;0.043566106;L1;9.425761169
6;Acetonitrile;Cyclohexane;297.9944;0.044;0.047109705;0.047324208;L1;6.828939179
6;Acetonitrile;Cyclohexane;297.9944;0.044;0.047109705;0.047324208;L1;6.828939179
6;Acetonitrile;Cyclohexane;297.9944;0.044;0.047109705;0.047324208;L1;6.828939179
6;Acetonitrile;Cyclohexane;298.14437;0.044;0.047302154;0.047525186;L1;7.236619744
6;Acetonitrile;Cyclohexane;298.14437;0.044;0.047302154;0.047525186;L1;7.236619744
6;Acetonitrile;Cyclohexane;298.14437;0.044;0.047302154;0.047525186;L1;7.236619744
6;Acetonitrile;Cyclohexane;298.484302;0.040158243;0.047740535;0.047980735;L1;17.29530972
6;Acetonitrile;Cyclohexane;303.143055;0.080583938;0.054058116;0.054224027;L1;39.92396584
6;Acetonitrile;Cyclohexane;303.332998;0.055;0.054328224;0.054478574;L1;1.228930516
6;Acetonitrile;Cyclohexane;306.931918;0.059816799;0.059638788;0.059858856;L1;0.298037274
6;Acetonitrile;Cyclohexane;307.49175;0.059045933;0.060498427;0.060753444;L1;2.430170651
6;Acetonitrile;Cyclohexane;312.9901;0.0787;0.069442563;0.069539577;L1;12.51431759
6;Acetonitrile;Cyclohexane;313.140055;0.0787;0.069699598;0.069779199;L1;12.14486042
6;Acetonitrile;Cyclohexane;313.140055;0.095538177;0.069699598;0.069779199;L1;31.53313755
6;Acetonitrile;Cyclohexane;313.140055;0.0787;0.069699598;0.069779199;L1;12.14486042
6;Acetonitrile;Cyclohexane;313.310004;0.076;0.069991768;0.070050771;L1;8.235570984
6;Acetonitrile;Cyclohexane;318.138555;0.0935;0.078685048;0.079012616;L1;17.25082918
6;Acetonitrile;Cyclohexane;318.138555;0.0935;0.078685048;0.079012616;L1;17.25082918
6;Acetonitrile;Cyclohexane;318.138555;0.0935;0.078685048;0.079012616;L1;17.25082918
6;Acetonitrile;Cyclohexane;318.138555;0.0935;0.078685048;0.079012616;L1;17.25082918
6;Acetonitrile;Cyclohexane;322.497247;0.11;0.087211432;0.087218731;L1;23.21449464
6;Acetonitrile;Cyclohexane;322.9871;0.1184;0.088211754;0.088279615;L1;29.43285022
6;Acetonitrile;Cyclohexane;324.9505108;0.112260742;0.092309272;0.092589889;L1;19.56796236
6;Acetonitrile;Cyclohexane;329.3771824;0.133679505;0.102081634;0.102307757;L1;26.96723523
6;Acetonitrile;Cyclohexane;330.4849;0.155;0.104646998;0.104739528;L1;39.28323527
6;Acetonitrile;Cyclohexane;331.824632;0.163;0.107815995;0.10793499;L1;41.33241764
6;Acetonitrile;Cyclohexane;334.78404;0.168746819;0.115080408;0.115445774;L1;38.27683964
6;Acetonitrile;Cyclohexane;336.4357096;0.184518426;0.119297681;0.119637604;L1;43.61274338
6;Acetonitrile;Cyclohexane;339.9670032;0.218802588;0.128722515;0.128832672;L1;53.0510858
6;Acetonitrile;Cyclohexane;341.12;0.2283;0.131924337;0.132191625;L1;54.84320014
6;Acetonitrile;Cyclohexane;341.68249;0.233069362;0.133509227;0.133830291;L1;55.71655052
6;Acetonitrile;Cyclohexane;344.38168;0.265666513;0.141328441;0.14169367;L1;63.11552609
6;Acetonitrile;Cyclohexane;345.901224;0.287862986;0.145890342;0.14612046;L1;67.96293659
6;Acetonitrile;Cyclohexane;347.14;0.3504;0.149697304;0.149729308;L1;85.04600767
6;Acetonitrile;Cyclohexane;347.3337941;0.324727361;0.150300137;0.150306728;L1;77.03517326
6;Acetonitrile;Cyclohexane;347.98;0.3771;0.152324675;0.152455514;L1;90.64961402
6;Acetonitrile;Cyclohexane;348.1585466;0.352733381;0.152887984;0.153049223;L1;83.60069576
6;Acetonitrile;Cyclohexane;348.45;0.4316;0.153811188;0.154018374;L1;103.1773435
6;Acetonitrile;Cyclohexane;348.62;0.5119;0.154351793;0.154583664;L1;119.8894924
6;Acetonitrile;Cyclohexane;348.8;0.4811;0.154925904;0.155182206;L1;113.3128183
6;Acetonitrile;Cyclohexane;349.1362532;0.395852652;0.156003104;0.156300327;L1;93.11661462
6;Acetonitrile;Cyclohexane;349.1492493;0.396243457;0.156044861;0.156343542;L1;93.18852741
6;Acetonitrile;Cyclohexane;349.150249;0.399881527;0.156048074;0.156346866;L1;94.10041954
6;Acetonitrile;Cyclohexane;349.2582166;0.411843971;0.156395343;0.156705884;L1;96.8257512
6;Acetonitrile;Cyclohexane;349.4981446;0.436955296;0.157169342;0.1575037;L1;102.250706
6;Acetonitrile;Cyclohexane;349.520138;0.44102019;0.15724045;0.157576834;L1;103.1314497
6;Acetonitrile;Cyclohexane;349.560126;0.443718025;0.157369805;0.157709803;L1;103.6590799
6;Acetonitrile;Cyclohexane;349.6321044;0.452964163;0.157602867;0.157949148;L1;105.5734642
6;Acetonitrile;Cyclohexane;349.7040828;0.46567242;0.157836215;0.158188493;L1;108.1924544
6;Acetonitrile;Cyclohexane;349.710081;0.468046084;0.157855674;0.158208439;L1;108.6885604
6;Acetonitrile;Cyclohexane;349.710081;0.471710322;0.157855674;0.158208439;L1;109.4683915
6;Acetonitrile;Cyclohexane;349.7120804;0.469821365;0.15786216;0.158215087;L1;109.0630299
6;Acetonitrile;Cyclohexane;349.7140798;0.467927581;0.157868647;0.158221736;L1;108.6550203
6;Acetonitrile;Cyclohexane;349.7160792;0.470057748;0.157875134;0.158228384;L1;109.1051125
6;Acetonitrile;Cyclohexane;349.720078;0.47218181;0.157888109;0.158241681;L1;109.5477491
6;Acetonitrile;Cyclohexane;349.7210777;0.472652997;0.157891353;0.158245005;L1;109.6454342
6;Acetonitrile;Cyclohexane;349.7210777;0.473123884;0.157891353;0.158245005;L1;109.7450109
6;Acetonitrile;Cyclohexane;349.7340738;0.478984788;0.157933528;0.15828822;L1;110.9494605
6;Acetonitrile;Cyclohexane;349.7360732;0.477582411;0.157940017;0.158294869;L1;110.6521412
6;Acetonitrile;Cyclohexane;349.7430711;0.482827608;0.157962731;0.158318139;L1;111.7300544
6;Acetonitrile;Cyclohexane;349.750069;0.488496776;0.157985448;0.158341408;L1;112.8829943
6;Acetonitrile;Cyclohexane;349.7540678;0.492634083;0.15799843;0.158354705;L1;113.7181574
6;Acetonitrile;Cyclohexane;349.7580666;0.495036729;0.158011414;0.158368002;L1;114.1964691
6;Acetonitrile;Cyclohexane;349.7630651;0.501518505;0.158027644;0.158384623;L1;115.4870527
6;Acetonitrile;Cyclohexane;349.7650645;0.505807749;0.158034136;0.158391272;L1;116.3345592
6;Acetonitrile;Cyclohexane;349.7660642;0.507606169;0.158037383;0.158394596;L1;116.6874285
6;Acetonitrile;Cyclohexane;349.7670639;0.511524664;0.158040629;0.15839792;L1;117.4543657
6;Acetonitrile;Cyclohexane;349.7680636;0.51619889;0.158043876;0.158401244;L1;118.3619449
6;Acetonitrile;Cyclohexane;349.7690633;0.520512168;0.158047122;0.158404569;L1;119.1920036
6;Acetonitrile;Cyclohexane;349.7690633;0.526551147;0.158047122;0.158404569;L1;120.3455243
6;Acetonitrile;Cyclohexane;276.4995109;0.949021372;0.971111764;0.971101692;L2;2.301024512
6;Acetonitrile;Cyclohexane;283.248025;0.943687373;0.968076608;0.967996117;L2;2.551628568
6;Acetonitrile;Cyclohexane;293.14537;0.946415869;0.962919221;0.962838411;L2;1.72874456
6;Acetonitrile;Cyclohexane;293.79524;0.931;0.962548466;0.962483321;L2;3.332514151
6;Acetonitrile;Cyclohexane;294.15;0.916;0.962344304;0.962289479;L2;4.935592598
6;Acetonitrile;Cyclohexane;295.204958;0.928;0.96172972;0.961713049;L2;3.570172178
6;Acetonitrile;Cyclohexane;297.9944;0.9399;0.960049603;0.959961135;L2;2.121146597
6;Acetonitrile;Cyclohexane;297.9944;0.9399;0.960049603;0.959961135;L2;2.121146597
6;Acetonitrile;Cyclohexane;297.9944;0.9399;0.960049603;0.959961135;L2;2.121146597
6;Acetonitrile;Cyclohexane;298.14437;0.9399;0.95995696;0.959864945;L2;2.111496387
6;Acetonitrile;Cyclohexane;298.14437;0.9399;0.95995696;0.959864945;L2;2.111496387
6;Acetonitrile;Cyclohexane;298.14437;0.9399;0.95995696;0.959864945;L2;2.111496387
6;Acetonitrile;Cyclohexane;298.404318;0.926;0.959795809;0.959698217;L2;3.584632811
6;Acetonitrile;Cyclohexane;298.74425;0.920513673;0.959583978;0.959480187;L2;4.15679798
6;Acetonitrile;Cyclohexane;300.483853;0.92;0.958480262;0.95836442;L2;4.097529958
6;Acetonitrile;Cyclohexane;303.143055;0.913828338;0.956727749;0.95665883;L2;4.587612782
6;Acetonitrile;Cyclohexane;305.832248;0.912;0.954871792;0.954818344;L2;4.59370926
6;Acetonitrile;Cyclohexane;310.130958;0.905;0.951720088;0.951592913;L2;5.033602266
6;Acetonitrile;Cyclohexane;310.220931;0.903;0.951651587;0.951525404;L2;5.24764344
6;Acetonitrile;Cyclohexane;312.9901;0.8961;0.949490207;0.949447626;L2;5.787320232
6;Acetonitrile;Cyclohexane;313.140055;0.8961;0.949370175;0.949335111;L2;5.774677753
6;Acetonitrile;Cyclohexane;313.140055;0.8961;0.949370175;0.949335111;L2;5.774677753
6;Acetonitrile;Cyclohexane;313.140055;0.86778969;0.949370175;0.949335111;L2;8.984939875
6;Acetonitrile;Cyclohexane;313.739875;0.90191815;0.948886911;0.948885051;L2;5.07658519
6;Acetonitrile;Cyclohexane;317.358789;0.891;0.945861708;0.94571944;L2;5.97519447
6;Acetonitrile;Cyclohexane;318.138555;0.8883;0.945184475;0.945036735;L2;6.20705963
6;Acetonitrile;Cyclohexane;318.138555;0.8883;0.945184475;0.945036735;L2;6.20705963
6;Acetonitrile;Cyclohexane;318.138555;0.8883;0.945184475;0.945036735;L2;6.20705963
6;Acetonitrile;Cyclohexane;318.138555;0.8883;0.945184475;0.945036735;L2;6.20705963
6;Acetonitrile;Cyclohexane;322.237325;0.866205812;0.941468257;0.941448152;L2;8.331809364
6;Acetonitrile;Cyclohexane;322.9871;0.8722;0.940758953;0.940727395;L2;7.56681912
6;Acetonitrile;Cyclohexane;323.147052;0.867;0.940606414;0.940564159;L2;8.1485812
6;Acetonitrile;Cyclohexane;329.105264;0.845;0.934603625;0.934483625;L2;10.0785882
6;Acetonitrile;Cyclohexane;329.8710342;0.845384002;0.933784596;0.933702133;L2;9.945482217
6;Acetonitrile;Cyclohexane;331.619673;0.838086806;0.931871253;0.931827202;L2;10.60729822
6;Acetonitrile;Cyclohexane;333.03;0.8271;0.930283156;0.930150688;L2;11.75634016
6;Acetonitrile;Cyclohexane;334.2661436;0.822925571;0.928857113;0.928681232;L2;12.10891591
6;Acetonitrile;Cyclohexane;334.4900988;0.820381465;0.928595272;0.928415007;L2;12.39035512
6;Acetonitrile;Cyclohexane;338.7612444;0.797890649;0.92338803;0.923337718;L2;14.60779901
6;Acetonitrile;Cyclohexane;341.2636157;0.778206971;0.920137988;0.919986361;L2;16.75311273
6;Acetonitrile;Cyclohexane;342.1003646;0.771120631;0.919016338;0.918827274;L2;17.54590787
6;Acetonitrile;Cyclohexane;342.3702836;0.768186673;0.918650673;0.918453375;L2;17.88731659
6;Acetonitrile;Cyclohexane;342.6442014;0.761054822;0.918277652;0.918073937;L2;18.77944029
6;Acetonitrile;Cyclohexane;343.2040334;0.757610142;0.917509143;0.917298443;L2;19.1493616
6;Acetonitrile;Cyclohexane;343.2290259;0.758683953;0.917474641;0.917263823;L2;19.00396489
6;Acetonitrile;Cyclohexane;344.4066725;0.743865561;0.915829904;0.915632515;L2;20.79703319
6;Acetonitrile;Cyclohexane;345.85;0.7051;0.913762148;0.91363318;L2;25.92306693
6;Acetonitrile;Cyclohexane;345.9492096;0.720486295;0.913617866;0.913495752;L2;23.74860002
6;Acetonitrile;Cyclohexane;346.5590266;0.709285731;0.912724797;0.912651018;L2;25.21759573
6;Acetonitrile;Cyclohexane;346.8769312;0.706119662;0.91225497;0.912210648;L2;25.61348077
6;Acetonitrile;Cyclohexane;347.2018337;0.701424368;0.911771749;0.911760584;L2;26.22766048
6;Acetonitrile;Cyclohexane;347.5857185;0.690815086;0.911196786;0.911163501;L2;27.68867006
6;Acetonitrile;Cyclohexane;348.07;0.652;0.910465186;0.910380937;L2;33.39111003
6;Acetonitrile;Cyclohexane;348.2945058;0.67460329;0.91012363;0.910018152;L2;29.94556481
6;Acetonitrile;Cyclohexane;348.34;0.6084;0.910054231;0.909944636;L2;40.26716314
6;Acetonitrile;Cyclohexane;348.6164092;0.663800109;0.909631223;0.909497979;L2;31.50582048
6;Acetonitrile;Cyclohexane;348.68;0.5684;0.909533578;0.909395221;L2;47.01065202
6;Acetonitrile;Cyclohexane;349.020288;0.646331677;0.909008929;0.90884534;L2;34.1042113
6;Acetonitrile;Cyclohexane;349.1622454;0.640896665;0.908789003;0.908615947;L2;34.92447129
6;Acetonitrile;Cyclohexane;349.3181986;0.630829737;0.908546672;0.908363938;L2;36.48102638
6;Acetonitrile;Cyclohexane;349.3821794;0.626021989;0.908447035;0.908260549;L2;37.235109
6;Acetonitrile;Cyclohexane;349.5321344;0.615916648;0.908213007;0.908018233;L2;38.8367298
6;Acetonitrile;Cyclohexane;349.6321044;0.596523348;0.908056597;0.907856688;L2;42.01883252
6;Acetonitrile;Cyclohexane;349.6520984;0.592557059;0.908025277;0.907824379;L2;42.68250454
6;Acetonitrile;Cyclohexane;349.6760912;0.589067471;0.907987676;0.907785609;L2;43.2690077
6;Acetonitrile;Cyclohexane;349.7040828;0.583950458;0.907943786;0.907740376;L2;44.13663197
6;Acetonitrile;Cyclohexane;349.710081;0.579910155;0.907934378;0.907730684;L2;44.82989182
6;Acetonitrile;Cyclohexane;349.7340738;0.570834313;0.907896733;0.907691913;L2;46.40316444
6;Acetonitrile;Cyclohexane;349.750069;0.55871892;0.907871627;0.907666066;L2;48.54564681
6;Acetonitrile;Cyclohexane;349.7540678;0.551051495;0.907865349;0.907659604;L2;49.92678112
6;Acetonitrile;Cyclohexane;349.7580666;0.537724553;0.90785907;0.907653142;L2;52.3742712
6;Acetonitrile;Cyclohexane;349.7630651;0.530585152;0.907851222;0.907645065;L2;53.71000546
13;Acetonitrile;Dodecane;373.38;0.3499;0.296076706;0.296134506;L1;16.70288381
13;Acetonitrile;Dodecane;373.72;0.3684;0.297530715;0.297619883;L1;21.36518404
13;Acetonitrile;Dodecane;378.51;0.4017;0.318428306;0.318546219;L1;23.23081921
13;Acetonitrile;Dodecane;381.9;0.4513;0.333682901;0.333842403;L1;30.19411616
13;Acetonitrile;Dodecane;382.58;0.4496;0.336789093;0.336966615;L1;28.89014018
13;Acetonitrile;Dodecane;384.97;0.493;0.34782895;0.347947304;L1;34.87983383
13;Acetonitrile;Dodecane;386.02;0.4977;0.352739373;0.352771455;L1;34.42680213
13;Acetonitrile;Dodecane;388.58;0.5341;0.364865643;0.365016043;L1;38.10539042
13;Acetonitrile;Dodecane;388.95;0.5565;0.36663636;0.366795186;L1;41.72966597
13;Acetonitrile;Dodecane;389.92;0.5647;0.371300215;0.371459427;L1;41.92836764
13;Acetonitrile;Dodecane;391.2;0.6076;0.377502707;0.377614301;L1;47.59390314
13;Acetonitrile;Dodecane;391.3;0.5981;0.377989584;0.378095151;L1;45.88913233
13;Acetonitrile;Dodecane;392.6;0.654;0.384349461;0.384351856;L1;53.15551573
13;Acetonitrile;Dodecane;392.93;0.7397;0.385972905;0.386006095;L1;65.04775254
13;Acetonitrile;Dodecane;393.17;0.77;0.387155886;0.387209178;L1;68.75630969
13;Acetonitrile;Dodecane;393.65;0.7003;0.389527648;0.389615343;L1;58.65739686
13;Acetonitrile;Dodecane;393.83;0.7219;0.390419054;0.390517655;L1;61.46659658
13;Acetonitrile;Dodecane;394.1;0.7501;0.391758205;0.391871124;L1;64.95617055
13;Acetonitrile;Dodecane;394.16;0.7636;0.392056127;0.392171894;L1;66.66390815
13;Acetonitrile;Dodecane;394.26;0.7757;0.392552932;0.392673179;L1;68.10944598
13;Acetonitrile;Dodecane;368.13;0.9605;0.985857015;0.985817308;L2;2.605734616
13;Acetonitrile;Dodecane;373.72;0.9519;0.984020697;0.983999641;L2;3.318694287
13;Acetonitrile;Dodecane;374.97;0.9484;0.983579057;0.983538588;L2;3.642166407
13;Acetonitrile;Dodecane;382.72;0.9318;0.980555853;0.980505283;L2;5.100140845
13;Acetonitrile;Dodecane;384.15;0.9224;0.979939437;0.979893799;L2;6.051180142
13;Acetonitrile;Dodecane;386.91;0.9183;0.978692489;0.97867457;L2;6.369335147
13;Acetonitrile;Dodecane;388.27;0.9015;0.9780489;0.978002395;L2;8.149962567
13;Acetonitrile;Dodecane;390.22;0.9014;0.977090588;0.977038615;L2;8.06302579
13;Acetonitrile;Dodecane;391.73;0.8831;0.976318418;0.976292303;L2;10.03503362
13;Acetonitrile;Dodecane;392.27;0.8669;0.976035653;0.976025411;L2;11.85754853
13;Acetonitrile;Dodecane;392.5;0.8517;0.975914132;0.975911734;L2;13.61402504
13;Acetonitrile;Dodecane;393.06;0.862;0.975615511;0.975598214;L2;12.3813295
13;Acetonitrile;Dodecane;393.13;0.8093;0.975577908;0.975558343;L2;18.68603453
13;Acetonitrile;Dodecane;393.53;0.8417;0.975361845;0.97533051;L2;14.73848686
13;Acetonitrile;Dodecane;394.18;0.8014;0.975006381;0.97496028;L2;19.60838176
13;Acetonitrile;Dodecane;394.26;0.7857;0.974962255;0.974914713;L2;21.58237168
71;Acetone;Octane;238.5314476;0.15998;0.140864517;0.14087867;L1;12.72502497
71;Acetone;Octane;238.80712;0.16;0.142041577;0.14212695;L1;11.90540049
71;Acetone;Octane;239.7562051;0.172448;0.146154847;0.146527928;L1;16.54290843
71;Acetone;Octane;240.007;0.179;0.147257751;0.147690883;L1;19.5201348
71;Acetone;Octane;242.90642;0.205;0.160512387;0.161135709;L1;24.46388598
71;Acetone;Octane;247.2272457;0.294651;0.182123578;0.182700654;L1;48.11061479
71;Acetone;Octane;247.40552;0.299;0.183067002;0.183676751;L1;49.0591357
71;Acetone;Octane;249.690053;0.33583;0.195550304;0.196185141;L1;54.07874241
71;Acetone;Octane;249.7311048;0.353431;0.195781519;0.19640991;L1;59.06889378
71;Acetone;Octane;249.90502;0.353;0.196763847;0.197362139;L1;58.4463792
71;Acetone;Octane;250.005;0.348;0.197330619;0.197909555;L1;56.73218875
71;Acetone;Octane;251.4231863;0.398486;0.205535382;0.20567448;L1;66.20541713
71;Acetone;Octane;251.6569395;0.413427;0.206918124;0.206954337;L1;69.21577793
71;Acetone;Octane;251.70466;0.402;0.207201494;0.207215619;L1;66.2760366
71;Acetone;Octane;251.80464;0.417;0.207796381;0.207832279;L1;69.65275568
71;Acetone;Octane;252.3715466;0.486668;0.211200518;0.21149591;L1;83.47741621
71;Acetone;Octane;252.5045;0.49;0.212006592;0.212355121;L1;83.77880223
71;Acetone;Octane;252.659669;0.550335;0.212951115;0.213357899;L1;94.94645521
71;Acetone;Octane;252.70446;0.466;0.213224517;0.213647361;L1;78.1839952
71;Acetone;Octane;252.80444;0.449;0.21383602;0.214293481;L1;74.18134279
71;Acetone;Octane;252.90442;0.55;0.214449227;0.214939601;L1;94.1845272
71;Acetone;Octane;243.4898233;0.872927;0.81133479;0.810959333;L2;7.317115177
71;Acetone;Octane;243.70626;0.87;0.810729819;0.810381121;L2;7.055835817
71;Acetone;Octane;245.4993113;0.854458;0.80556379;0.805533627;L2;5.892495691
71;Acetone;Octane;245.60588;0.855;0.805247818;0.805185412;L2;5.995139084
71;Acetone;Octane;250.8261657;0.781295;0.788397112;0.788128004;L2;0.904911254
71;Acetone;Octane;251.10478;0.78;0.787414756;0.787217625;L2;0.946119868
71;Acetone;Octane;252.2719565;0.723451;0.783196791;0.782997914;L2;7.935117624
71;Acetone;Octane;252.5620185;0.646388;0.782121987;0.781831049;L2;19.06107798
71;Acetone;Octane;252.6028203;0.68158;0.781969926;0.781666911;L2;13.74026496
71;Acetone;Octane;252.60448;0.722;0.781963736;0.781660234;L2;7.978322714
71;Acetone;Octane;252.70446;0.65;0.78159018;0.781258034;L2;18.43581737
71;Acetone;Octane;252.80444;0.681;0.781215321;0.780855833;L2;13.72885048
71;Acetone;Octane;255.90382;0.568;0.768898704;0.768387612;L2;30.2837818
72;Acetone;Pentane;180;0.022;0.014073784;0.014140953;L1;44.67286431
72;Acetone;Pentane;186.632376;0.0254;0.019875619;0.019954679;L1;24.52553933
72;Acetone;Pentane;190;0.033;0.023444756;0.023731821;L1;34.1860731
72;Acetone;Pentane;190.704004;0.0332;0.024249122;0.02455991;L1;31.41694821
72;Acetone;Pentane;200;0.055;0.036990355;0.03731202;L1;39.66759915
72;Acetone;Pentane;205.09519;0.0691;0.045874715;0.046255434;L1;40.9640635
72;Acetone;Pentane;208.175498;0.0655;0.052000696;0.052276547;L1;23.07930487
72;Acetone;Pentane;210;0.078;0.055921325;0.05599951;L1;33.27630267
72;Acetone;Pentane;215.24436;0.0916;0.06851578;0.068819408;L1;29.03671915
72;Acetone;Pentane;220;0.12;0.081836115;0.082345744;L1;38.27730884
72;Acetone;Pentane;225.08686;0.1493;0.098412855;0.098865724;L1;41.67862674
72;Acetone;Pentane;225.4420866;0.197475;0.099670885;0.100172537;L1;68.37383901
72;Acetone;Pentane;225.60844;0.2;0.100264833;0.10078452;L1;69.05023511
72;Acetone;Pentane;226.995714;0.1572;0.105340315;0.105888044;L1;40.03226796
72;Acetone;Pentane;228.798611;0.321409;0.112277255;0.112520567;L1;105.1743149
72;Acetone;Pentane;228.90811;0.321;0.112711528;0.112923394;L1;104.6609417
72;Acetone;Pentane;229.0866921;0.39049;0.113423057;0.113580364;L1;123.6277662
72;Acetone;Pentane;229.714082;0.2673;0.115955375;0.116025688;L1;83.51662062
72;Acetone;Pentane;230.33371;0.3492;0.118507174;0.118793795;L1;108.0671323
72;Acetone;Pentane;230.463632;0.3915;0.11904876;0.119374205;L1;119.0452362
72;Acetone;Pentane;180;0.95;0.793228721;0.793121603;L2;18.03503799
72;Acetone;Pentane;182.710712;0.9397;0.79154081;0.791145903;L2;17.15792365
72;Acetone;Pentane;190;0.925;0.785061392;0.784701652;L2;16.40318161
72;Acetone;Pentane;197.875;0.901;0.774883603;0.774512366;L2;15.07924292
72;Acetone;Pentane;200;0.897;0.771559265;0.771217621;L2;15.06423749
72;Acetone;Pentane;203.325013;0.8898;0.76584707;0.765674475;L2;15.0014216
72;Acetone;Pentane;204.475128;0.886;0.763722673;0.763400685;L2;14.85122209
72;Acetone;Pentane;210;0.852;0.752403279;0.752331147;L2;12.43140717
72;Acetone;Pentane;216.99296;0.8218;0.735207626;0.73512391;L2;11.13441129
72;Acetone;Pentane;219.09128;0.8085;0.729353998;0.728937022;L2;10.30214709
72;Acetone;Pentane;220;0.81;0.726710839;0.726257665;L2;10.85055952
72;Acetone;Pentane;223.078088;0.7675;0.71724222;0.717181935;L2;6.772487185
72;Acetone;Pentane;227.1424666;0.652546;0.703407306;0.702930871;L2;7.505447209
72;Acetone;Pentane;227.30827;0.653;0.702807832;0.702344231;L2;7.35063713
72;Acetone;Pentane;228.5059002;0.58927;0.698390197;0.698106816;L2;16.98934856
72;Acetone;Pentane;228.704688;0.6761;0.69764173;0.697403472;L2;3.136469604
72;Acetone;Pentane;228.70813;0.595;0.697628731;0.697391294;L2;15.91256523
72;Acetone;Pentane;228.9331675;0.544716;0.696775998;0.696595074;L2;24.61994204
72;Acetone;Pentane;229.10809;0.551;0.696109209;0.695976169;L2;23.37717487
72;Acetone;Pentane;229.1263182;0.510932;0.696039525;0.695911675;L2;30.91699383
72;Acetone;Pentane;229.2092399;0.486595;0.695722045;0.695618284;L2;35.75180653
72;Acetone;Pentane;229.2241784;0.401348;0.695664767;0.695565429;L2;55.00390064
72;Acetone;Pentane;229.30807;0.397;0.695342629;0.695268607;L2;56.04684347
72;Acetone;Pentane;229.30807;0.405;0.695342629;0.695268607;L2;54.05176483
72;Acetone;Pentane;229.30807;0.515;0.695342629;0.695268607;L2;30.02378148
72;Acetone;Pentane;229.314322;0.6649;0.695318589;0.695246486;L2;4.473348907
72;Acetone;Pentane;229.40806;0.497;0.694957617;0.694914826;L2;33.52608345
72;Acetone;Pentane;229.814022;0.5999;0.693382534;0.693285867;L2;14.48188699
72;Acetone;Pentane;230.28374;0.5356;0.691535885;0.691293782;L2;25.55274305
72;Acetone;Pentane;230.443644;0.4954;0.69090122;0.690615626;L2;33.26313442
72;Acetone;Pentane;230.463632;0.4476;0.69082167;0.690530856;L2;43.39817384
220;Ethanol;Dodecane;262.01;0.210077587;0.06888619;0.069149622;L1;111.5021197
220;Ethanol;Dodecane;272;0.291;0.093041295;0.093062186;L1;114.0279839
220;Ethanol;Dodecane;272.8001111;0.3068;0.095210864;0.095371612;L1;117.0102021
220;Ethanol;Dodecane;276;0.335;0.104264017;0.104785401;L1;116.7204221
220;Ethanol;Dodecane;277.1994088;0.3401;0.107817375;0.108313956;L1;114.880087
220;Ethanol;Dodecane;279.48;0.397845437;0.114824381;0.115023253;L1;124.2659741
220;Ethanol;Dodecane;280;0.39;0.116469191;0.116553047;L1;120.8519952
220;Ethanol;Dodecane;280.69879;0.3892;0.118707718;0.118803642;L1;118.7429026
220;Ethanol;Dodecane;282.37;0.45351178;0.124194913;0.124618868;L1;129.5169038
220;Ethanol;Dodecane;282.39828;0.4286;0.124289413;0.124717272;L1;123.7911261
220;Ethanol;Dodecane;283.09807;0.4686;0.126645574;0.127152296;L1;130.8357098
220;Ethanol;Dodecane;283.45;0.44525;0.12784349;0.128376889;L1;124.7829138
220;Ethanol;Dodecane;283.55;0.495381328;0.128185473;0.128724854;L1;135.1849601
220;Ethanol;Dodecane;284;0.468;0.129733202;0.130290697;L1;128.2988244
220;Ethanol;Dodecane;284.45;0.46792;0.131295441;0.131856539;L1;127.084728
220;Ethanol;Dodecane;284.81;0.550618148;0.132555773;0.133109213;L1;142.4038068
220;Ethanol;Dodecane;285.09;0.586801787;0.133542558;0.134083515;L1;148.0266876
220;Ethanol;Dodecane;285.25;0.50081;0.134109015;0.134640259;L1;131.7573776
220;Ethanol;Dodecane;285.27;0.604416092;0.134179954;0.134709852;L1;150.5081015
220;Ethanol;Dodecane;285.39738;0.5255;0.134632458;0.135153089;L1;136.1801655
220;Ethanol;Dodecane;285.6;0.653012272;0.135354714;0.135858136;L1;157.3697076
220;Ethanol;Dodecane;285.9972;0.6365;0.136779412;0.137240253;L1;153.7614924
220;Ethanol;Dodecane;286.09717;0.5972;0.137139844;0.137588113;L1;147.1250904
220;Ethanol;Dodecane;286.15;0.54786;0.137330619;0.137771943;L1;138.3628481
220;Ethanol;Dodecane;286.19714;0.6706;0.137501025;0.137935974;L1;158.4541465
220;Ethanol;Dodecane;286.95;0.59948;0.140245259;0.140555663;L1;145.266987
220;Ethanol;Dodecane;259.32;0.925487822;0.931930923;0.93175754;L2;0.693772179
220;Ethanol;Dodecane;271.3005873;0.8736;0.918699772;0.918630293;L2;5.033677366
220;Ethanol;Dodecane;272;0.877;0.917830437;0.917821605;L2;4.55056724
220;Ethanol;Dodecane;275.0997153;0.8702;0.913830339;0.913615385;L2;4.892185898
220;Ethanol;Dodecane;276;0.863;0.912621494;0.912388186;L2;5.590652975
220;Ethanol;Dodecane;276.83;0.859613904;0.911487387;0.911256793;L2;5.859441634
220;Ethanol;Dodecane;277.0994234;0.86;0.911115119;0.910889536;L2;5.77368656
220;Ethanol;Dodecane;280;0.844;0.906973999;0.906935691;L2;7.196128807
220;Ethanol;Dodecane;280.19894;0.8474;0.906680727;0.906664511;L2;6.761754055
220;Ethanol;Dodecane;281.92;0.819352073;0.904091531;0.903919089;L2;9.841673288
220;Ethanol;Dodecane;282.9981;0.8259;0.902420562;0.902177578;L2;8.860696559
220;Ethanol;Dodecane;283.18;0.798103166;0.902134787;0.901883745;L2;12.25260703
220;Ethanol;Dodecane;284;0.81;0.900832428;0.900559156;L2;10.62850081
220;Ethanol;Dodecane;284.7;0.760708801;0.899702064;0.89942841;L2;16.78130367
220;Ethanol;Dodecane;284.86;0.747771558;0.899441245;0.899169953;L2;18.46762045
220;Ethanol;Dodecane;284.95;0.79718;0.89929413;0.899024572;L2;12.05296558
220;Ethanol;Dodecane;285.27;0.678434464;0.898768679;0.898507659;L2;28.12378074
220;Ethanol;Dodecane;285.29;0.699999268;0.898735715;0.898475352;L2;24.99097252
220;Ethanol;Dodecane;285.79726;0.77;0.897894728;0.897655948;L2;15.36623171
220;Ethanol;Dodecane;285.89723;0.734;0.897727865;0.897494461;L2;20.13579479
220;Ethanol;Dodecane;286.55;0.73772;0.896629088;0.896440008;L2;19.50779247
220;Ethanol;Dodecane;286.75;0.69494;0.896289203;0.896116937;L2;25.44376209
222;Ethanol;Tetradecane;275.35;0.198556495;0.102597467;0.102951558;L1;66.02604293
222;Ethanol;Tetradecane;279.96;0.2544;0.116709249;0.117151756;L1;77.92220436
222;Ethanol;Tetradecane;280.98;0.2596;0.120019579;0.120293665;L1;77.14870989
222;Ethanol;Tetradecane;283.63;0.2735;0.128955112;0.129322556;L1;75.18372509
222;Ethanol;Tetradecane;286.55;0.298439091;0.139386302;0.139998653;L1;76.13166325
222;Ethanol;Tetradecane;286.71;0.2906;0.139976301;0.140583645;L1;73.04746209
222;Ethanol;Tetradecane;288.23;0.3061;0.14567988;0.146141065;L1;74.25002336
222;Ethanol;Tetradecane;290.69;0.331;0.15530018;0.15545591;L1;75.6758486
222;Ethanol;Tetradecane;292.67;0.3541;0.163408984;0.163984347;L1;77.33231946
222;Ethanol;Tetradecane;295.06;0.382;0.17365504;0.174278773;L1;78.83498068
222;Ethanol;Tetradecane;295.96;0.400508299;0.177648961;0.178155336;L1;81.29250113
222;Ethanol;Tetradecane;296.5;0.401;0.180082082;0.180481273;L1;80.05486691
222;Ethanol;Tetradecane;298.7;0.429;0.190289071;0.190575041;L1;81.29125792
222;Ethanol;Tetradecane;298.79424;0.4297;0.190737127;0.191051191;L1;81.21911104
222;Ethanol;Tetradecane;301.01;0.4645;0.201538992;0.202246381;L1;83.49786849
222;Ethanol;Tetradecane;302.33;0.493158653;0.208226372;0.208915718;L1;86.2205117
222;Ethanol;Tetradecane;302.71;0.499918609;0.210187831;0.210835678;L1;86.64437382
222;Ethanol;Tetradecane;302.93;0.4933;0.211330977;0.211947235;L1;84.76919926
222;Ethanol;Tetradecane;302.98;0.499427809;0.211591562;0.212199861;L1;85.88052407
222;Ethanol;Tetradecane;303.79286;0.5027;0.215868865;0.216306859;L1;84.53224522
222;Ethanol;Tetradecane;304.54;0.5308;0.21986953;0.220081805;L1;88.13509797
222;Ethanol;Tetradecane;304.8;0.545271036;0.221277585;0.221395462;L1;90.18650319
222;Ethanol;Tetradecane;305.85;0.5635;0.227049121;0.227354651;L1;90.90009459
222;Ethanol;Tetradecane;306.09217;0.5673;0.228399971;0.228788229;L1;90.97899153
222;Ethanol;Tetradecane;306.12;0.600083596;0.22855569;0.228952975;L1;96.52890731
222;Ethanol;Tetradecane;306.49;0.600208807;0.230635459;0.231143271;L1;95.64392437
222;Ethanol;Tetradecane;306.94;0.6136;0.233188909;0.233807144;L1;96.74943553
222;Ethanol;Tetradecane;306.99;0.648039964;0.233474269;0.23410313;L1;102.0880494
222;Ethanol;Tetradecane;307.08;0.648691605;0.23398875;0.234635904;L1;101.9684382
222;Ethanol;Tetradecane;307.33;0.699984418;0.235423514;0.236115834;L1;108.9671994
222;Ethanol;Tetradecane;307.36;0.64;0.235596247;0.236293426;L1;99.93486543
222;Ethanol;Tetradecane;307.39178;0.6332;0.23577936;0.236481554;L1;98.78898756
222;Ethanol;Tetradecane;307.42;0.71682279;0.235942074;0.236648609;L1;111.1242329
222;Ethanol;Tetradecane;307.48;0.6644;0.236288385;0.237003792;L1;103.3831348
222;Ethanol;Tetradecane;307.48;0.697207443;0.236288385;0.237003792;L1;108.202996
222;Ethanol;Tetradecane;307.67;0.68;0.237388238;0.238128538;L1;105.2395863
222;Ethanol;Tetradecane;307.71;0.6994;0.237620408;0.238365327;L1;107.9548347
222;Ethanol;Tetradecane;307.8;0.7188;0.238143586;0.238898101;L1;110.470936
222;Ethanol;Tetradecane;307.89163;0.8049;0.238677372;0.239440525;L1;121.5605312
222;Ethanol;Tetradecane;308.19154;0.7001;0.240432527;0.241215908;L1;106.8783684
222;Ethanol;Tetradecane;308.39148;0.7388;0.241609525;0.242399496;L1;111.7704357
222;Ethanol;Tetradecane;308.49145;0.7672;0.242200108;0.24299129;L1;115.2983246
222;Ethanol;Tetradecane;308.49145;0.7788;0.242200108;0.24299129;L1;116.7989996
222;Ethanol;Tetradecane;274.6;0.94970812;0.939063123;0.938989882;L2;1.127199464
222;Ethanol;Tetradecane;279.89;0.9414;0.933517695;0.933359135;L2;0.840821039
222;Ethanol;Tetradecane;282.2;0.9382;0.930893223;0.930884724;L2;0.781856579
222;Ethanol;Tetradecane;282.44;0.937924738;0.930612896;0.93057855;L2;0.782631258
222;Ethanol;Tetradecane;284.92;0.9337;0.927627178;0.927414757;L2;0.652528324
222;Ethanol;Tetradecane;287.9966;0.9134;0.923682731;0.923489867;L2;1.119474697
222;Ethanol;Tetradecane;288.84;0.9258;0.922551458;0.922413922;L2;0.351507359
222;Ethanol;Tetradecane;291.65;0.9193;0.918614454;0.918443826;L2;0.07460046
222;Ethanol;Tetradecane;293.14;0.9153;0.916415314;0.916147709;L2;0.121778092
222;Ethanol;Tetradecane;294.98;0.908978831;0.913584401;0.913312237;L2;0.505395935
222;Ethanol;Tetradecane;296.99;0.9027;0.910335931;0.910214791;L2;0.842341424
222;Ethanol;Tetradecane;297.36;0.900014987;0.909719173;0.909644614;L2;1.072453495
222;Ethanol;Tetradecane;299.4941;0.8843;0.906040472;0.905805633;L2;2.428760427
222;Ethanol;Tetradecane;299.81;0.8917;0.905477641;0.905211717;L2;1.533283171
222;Ethanol;Tetradecane;299.88;0.889424206;0.905352262;0.905080111;L2;1.774981422
222;Ethanol;Tetradecane;300.77;0.8856;0.903736827;0.903406842;L2;2.027281569
222;Ethanol;Tetradecane;303.21;0.868924356;0.899094416;0.898819451;L2;3.413197827
222;Ethanol;Tetradecane;303.49;0.8676;0.898540525;0.898293029;L2;3.504102947
222;Ethanol;Tetradecane;304.18;0.859616019;0.897155972;0.896995775;L2;4.274392841
222;Ethanol;Tetradecane;304.83;0.855;0.89582549;0.895773725;L2;4.664415935
222;Ethanol;Tetradecane;305.05;0.84890921;0.89536927;0.895360108;L2;5.328398219
222;Ethanol;Tetradecane;305.39238;0.8535;0.894653208;0.894585282;L2;4.709062358
222;Ethanol;Tetradecane;306.13;0.836;0.893084915;0.892872382;L2;6.605305279
222;Ethanol;Tetradecane;306.59;0.820263088;0.892088703;0.891804171;L2;8.39404429
222;Ethanol;Tetradecane;306.77;0.800542043;0.891694989;0.891386175;L2;10.78350817
222;Ethanol;Tetradecane;306.89193;0.8299;0.891427032;0.891103029;L2;7.151837322
222;Ethanol;Tetradecane;307.03;0.798293801;0.891122366;0.890782403;L2;11.00050519
222;Ethanol;Tetradecane;307.14;0.806;0.890878692;0.890526961;L2;10.01245275
222;Ethanol;Tetradecane;307.38;0.737808436;0.890344099;0.889969634;L2;18.79237971
222;Ethanol;Tetradecane;307.59172;0.816;0.889869117;0.889477978;L2;8.666003777
222;Ethanol;Tetradecane;307.67;0.7748;0.88969269;0.889296196;L2;13.82711799
222;Ethanol;Tetradecane;307.71;0.7556;0.889602369;0.889203308;L2;16.32624506
227;Ethanol;Hexadecane;294.4;0.2551;0.176086623;0.176779886;L1;37.06795731
227;Ethanol;Hexadecane;296.09;0.300293035;0.183827251;0.184524304;L1;49.07623184
227;Ethanol;Hexadecane;298.14437;0.315;0.19361858;0.193938447;L1;48.66824955
227;Ethanol;Hexadecane;298.15;0.2918;0.193646008;0.193964246;L1;41.00368466
227;Ethanol;Hexadecane;298.66;0.2946;0.196144314;0.196301319;L1;40.67678223
227;Ethanol;Hexadecane;304.7;0.344;0.227934077;0.228510858;L1;41.15852057
227;Ethanol;Hexadecane;306.96;0.3613;0.240966161;0.241218205;L1;40.50521264
227;Ethanol;Hexadecane;307.99;0.397872653;0.247131474;0.247736824;L1;47.62115083
227;Ethanol;Hexadecane;308.141555;0.393;0.248051038;0.248695979;L1;46.01750865
227;Ethanol;Hexadecane;308.15;0.3836;0.248102374;0.248749426;L1;43.57588853
227;Ethanol;Hexadecane;308.66;0.3756;0.25122123;0.251977091;L1;40.2190803
227;Ethanol;Hexadecane;312.24;0.4082;0.274201322;0.27463404;L1;39.78946613
227;Ethanol;Hexadecane;313.66;0.4228;0.283880599;0.284127886;L1;39.83455309
227;Ethanol;Hexadecane;314.58962;0.4879;0.290404671;0.291042351;L1;51.88351009
227;Ethanol;Hexadecane;317.2;0.500088968;0.309574768;0.310458221;L1;47.95863794
227;Ethanol;Hexadecane;317.25;0.495974298;0.309954864;0.310830118;L1;47.00974207
227;Ethanol;Hexadecane;317.48875;0.5282;0.311776812;0.312605928;L1;52.71874149
227;Ethanol;Hexadecane;318.138555;0.516;0.316795027;0.317439144;L1;48.78518023
227;Ethanol;Hexadecane;318.15;0.4907;0.316884203;0.317524271;L1;43.72965253
227;Ethanol;Hexadecane;318.99;0.4936;0.323505771;0.323772147;L1;42.25085181
227;Ethanol;Hexadecane;320.02;0.546669774;0.331837879;0.332207296;L1;49.91983834
227;Ethanol;Hexadecane;321.91;0.5442;0.347778618;0.348803147;L1;44.77507051
227;Ethanol;Hexadecane;322.5;0.5571;0.35293925;0.353983863;L1;45.64488107
227;Ethanol;Hexadecane;322.66;0.600653067;0.35435466;0.355388802;L1;52.77192315
227;Ethanol;Hexadecane;322.88713;0.6163;0.356375819;0.357383202;L1;54.77480139
227;Ethanol;Hexadecane;323.15;0.5544;0.358732676;0.359691431;L1;43.53089724
227;Ethanol;Hexadecane;323.58692;0.6267;0.362692784;0.36352797;L1;54.69118071
227;Ethanol;Hexadecane;323.75;0.649409481;0.364184822;0.364959955;L1;57.84019687
227;Ethanol;Hexadecane;323.8;0.5859;0.364643816;0.365398999;L1;47.42280969
227;Ethanol;Hexadecane;324.2;0.646648181;0.368342107;0.368911348;L1;56.27902325
227;Ethanol;Hexadecane;324.47;0.6089;0.37086535;0.371282184;L1;49.58149914
227;Ethanol;Hexadecane;324.82;0.698170966;0.374169235;0.37435549;L1;62.37558147
227;Ethanol;Hexadecane;325.08647;0.6797;0.376710127;0.376727628;L1;59.01755265
227;Ethanol;Hexadecane;325.136455;0.7518;0.377189211;0.377250756;L1;68.97233828
227;Ethanol;Hexadecane;325.28;0.700197253;0.3785696;0.378753056;L1;61.49621447
227;Ethanol;Hexadecane;325.38;0.758838786;0.379535125;0.379799627;L1;69.28422043
227;Ethanol;Hexadecane;325.59;0.6425;0.381573291;0.381997426;L1;52.10638722
227;Ethanol;Hexadecane;325.72;0.7339663;0.382842263;0.383357968;L1;65.08400554
227;Ethanol;Hexadecane;326.06;0.6643;0.38618777;0.386916308;L1;54.24101524
227;Ethanol;Hexadecane;326.08617;0.7556;0.386446894;0.387190196;L1;67.05176793
227;Ethanol;Hexadecane;326.08617;0.7174;0.386446894;0.387190196;L1;61.86391088
227;Ethanol;Hexadecane;326.18614;0.7282;0.387438908;0.388236453;L1;63.10175563
227;Ethanol;Hexadecane;326.4;0.6833;0.389572633;0.390474649;L1;56.18836767
227;Ethanol;Hexadecane;326.67;0.7007;0.392289335;0.39330039;L1;58.00801683
227;Ethanol;Hexadecane;326.87;0.7307;0.394318449;0.395393532;L1;61.684415
227;Ethanol;Hexadecane;326.92;0.7628;0.394827985;0.395916817;L1;65.85456859
227;Ethanol;Hexadecane;290.12;0.9657;0.940332207;0.940226633;L2;2.662000219
227;Ethanol;Hexadecane;293.88;0.9613;0.935993366;0.93577956;L2;2.667814607
227;Ethanol;Hexadecane;294.4;0.9621;0.935360155;0.935126847;L2;2.818674797
227;Ethanol;Hexadecane;294.77;0.959725611;0.934904396;0.934662417;L2;2.620314763
227;Ethanol;Hexadecane;295.37;0.9595;0.934155949;0.933909287;L2;2.676892259
227;Ethanol;Hexadecane;298.14437;0.957;0.930536455;0.93042685;L2;2.804213828
227;Ethanol;Hexadecane;298.15;0.9597;0.930528832;0.930419783;L2;3.086767436
227;Ethanol;Hexadecane;304.11;0.9528;0.92174272;0.921476169;L2;3.313887915
227;Ethanol;Hexadecane;308.141555;0.939;0.914850652;0.914572615;L2;2.605464915
227;Ethanol;Hexadecane;308.15;0.951;0.914835273;0.914556312;L2;3.877004313
227;Ethanol;Hexadecane;310.6;0.9437;0.910187377;0.909826738;L2;3.615783172
227;Ethanol;Hexadecane;313.79;0.929623342;0.903516357;0.903364049;L2;2.848528208
227;Ethanol;Hexadecane;314.96;0.9293;0.900869051;0.900498433;L2;3.107170469
227;Ethanol;Hexadecane;317.68869;0.9096;0.894209215;0.893815204;L2;1.70651731
227;Ethanol;Hexadecane;318.138555;0.913;0.893039278;0.892713374;L2;2.210531616
227;Ethanol;Hexadecane;318.15;0.9359;0.893009228;0.892685343;L2;4.691171869
227;Ethanol;Hexadecane;319.04;0.917;0.890627533;0.890505515;L2;2.918116514
227;Ethanol;Hexadecane;319.41;0.909110521;0.889610473;0.889599295;L2;2.168297567
227;Ethanol;Hexadecane;320.21;0.907;0.887354519;0.887086303;L2;2.18978645
227;Ethanol;Hexadecane;321.08767;0.8974;0.884785143;0.884302705;L2;1.415685426
227;Ethanol;Hexadecane;321.24;0.900053169;0.884328643;0.883819578;L2;1.762507675
227;Ethanol;Hexadecane;322.24;0.888798738;0.881249937;0.880648001;L2;0.852953593
227;Ethanol;Hexadecane;322.41;0.889301047;0.880711886;0.880108833;L2;0.97052721
227;Ethanol;Hexadecane;322.9;0.8914;0.879136031;0.87855476;L2;1.385361851
227;Ethanol;Hexadecane;323.02;0.8904;0.878744318;0.87817417;L2;1.317682243
227;Ethanol;Hexadecane;323.15;0.9054;0.878317337;0.877761865;L2;3.036887501
227;Ethanol;Hexadecane;323.28701;0.8844;0.877864341;0.877327328;L2;0.741737622
227;Ethanol;Hexadecane;324.55;0.858581306;0.873537091;0.873321657;L2;1.726920874
227;Ethanol;Hexadecane;324.61;0.8749;0.873324409;0.873131362;L2;0.180250476
227;Ethanol;Hexadecane;324.62;0.837696083;0.873288897;0.873099647;L2;4.161105978
227;Ethanol;Hexadecane;324.956509;0.8197;0.872082842;0.872032382;L2;6.194600192
227;Ethanol;Hexadecane;325.26;0.8665;0.870976361;0.870868069;L2;0.515272677
227;Ethanol;Hexadecane;325.28641;0.8425;0.870879214;0.870756655;L2;3.312962944
227;Ethanol;Hexadecane;325.52;0.799636594;0.870013864;0.869771223;L2;8.435177989
227;Ethanol;Hexadecane;325.6;0.795254249;0.869714946;0.869433732;L2;8.950363655
227;Ethanol;Hexadecane;325.88623;0.8307;0.868634577;0.868226232;L2;4.465380823
227;Ethanol;Hexadecane;325.97;0.8523;0.868315122;0.867872837;L2;1.861611532
227;Ethanol;Hexadecane;326.08617;0.7853;0.867869622;0.867382758;L2;9.997568793
227;Ethanol;Hexadecane;326.21;0.8414;0.867391526;0.866860364;L2;3.042329089
227;Ethanol;Hexadecane;326.56;0.8167;0.866021866;0.865383841;L2;5.86383275
227;Ethanol;Hexadecane;326.72;0.7881;0.865386506;0.86470886;L2;9.355124973
237;Ethanol;2,2,4,4,6,8,8-Heptamethylnonane;248.3;0.246814382;0.040851958;0.041049514;L1;179.8681805
237;Ethanol;2,2,4,4,6,8,8-Heptamethylnonane;260.92;0.346843918;0.059308948;0.059622008;L1;176.6114686
237;Ethanol;2,2,4,4,6,8,8-Heptamethylnonane;268.46;0.452622063;0.072614813;0.072931761;L1;182.9888548
237;Ethanol;2,2,4,4,6,8,8-Heptamethylnonane;268.90122;0.4871;0.073449509;0.073776838;L1;189.1871217
237;Ethanol;2,2,4,4,6,8,8-Heptamethylnonane;270.5008413;0.5121;0.076529129;0.076840624;L1;190.0848478
237;Ethanol;2,2,4,4,6,8,8-Heptamethylnonane;272.27;0.554570366;0.080033867;0.080229128;L1;193.5743821
237;Ethanol;2,2,4,4,6,8,8-Heptamethylnonane;273.0000476;0.5827;0.081510698;0.081627402;L1;196.6938193
237;Ethanol;2,2,4,4,6,8,8-Heptamethylnonane;273.25;0.60038555;0.082020475;0.082106141;L1;199.0603126
237;Ethanol;2,2,4,4,6,8,8-Heptamethylnonane;273.2999781;0.6265;0.082122659;0.082201865;L1;203.1934806
237;Ethanol;2,2,4,4,6,8,8-Heptamethylnonane;273.65;0.649752883;0.082840689;0.082872269;L1;205.9672763
237;Ethanol;2,2,4,4,6,8,8-Heptamethylnonane;253.46;0.909147917;0.969615852;0.969578955;L2;6.439215832
237;Ethanol;2,2,4,4,6,8,8-Heptamethylnonane;262.41;0.880307023;0.966401265;0.966357842;L2;9.330839952
237;Ethanol;2,2,4,4,6,8,8-Heptamethylnonane;264.10218;0.8807;0.96574684;0.96572964;L2;9.218468351
237;Ethanol;2,2,4,4,6,8,8-Heptamethylnonane;267.02;0.858630411;0.964581313;0.964538083;L2;11.63555604
237;Ethanol;2,2,4,4,6,8,8-Heptamethylnonane;269.5011;0.8431;0.96355196;0.963491717;L2;13.354084
237;Ethanol;2,2,4,4,6,8,8-Heptamethylnonane;269.70106;0.8251;0.963467425;0.963407387;L2;15.50340874
237;Ethanol;2,2,4,4,6,8,8-Heptamethylnonane;269.84;0.840345599;0.963408547;0.963348791;L2;13.66643309
237;Ethanol;2,2,4,4,6,8,8-Heptamethylnonane;272.22;0.797619364;0.962381832;0.962345061;L2;18.777979
237;Ethanol;2,2,4,4,6,8,8-Heptamethylnonane;272.9000794;0.7403;0.962082043;0.962058248;L2;26.20442218
237;Ethanol;2,2,4,4,6,8,8-Heptamethylnonane;272.9000794;0.7748;0.962082043;0.962058248;L2;21.64947998
237;Ethanol;2,2,4,4,6,8,8-Heptamethylnonane;273.25;0.749196055;0.961926664;0.961910674;L2;24.99375096
237;Ethanol;2,2,4,4,6,8,8-Heptamethylnonane;273.2999781;0.6877;0.961904408;0.961889597;L2;33.55623816
237;Ethanol;2,2,4,4,6,8,8-Heptamethylnonane;273.2999781;0.7262;0.961904408;0.961889597;L2;28.1089619
237;Ethanol;2,2,4,4,6,8,8-Heptamethylnonane;273.74;0.702399679;0.961707781;0.961704024;L2;31.42080574
295;Diethyl ether;Water;269.323064;0.034482722;0.00230016;0.002308198;L1;270.7479867
295;Diethyl ether;Water;269.403;0.0339;0.002300805;0.002308879;L1;269.0156166
295;Diethyl ether;Water;273.15;0.029404;0.002332289;0.002340796;L1;253.4280399
295;Diethyl ether;Water;273.15;0.0321;0.002332289;0.002340796;L1;262.200571
295;Diethyl ether;Water;273.15;0.031111275;0.002332289;0.002340796;L1;259.0719973
295;Diethyl ether;Water;280.6455;0.0261;0.002402627;0.002404644;L1;238.5372445
295;Diethyl ether;Water;281.6449;0.0245;0.002412745;0.002413221;L1;231.790785
295;Diethyl ether;Water;283.144;0.022718883;0.002428249;0.002431267;L1;223.6026115
295;Diethyl ether;Water;283.144;0.023500887;0.002428249;0.002431267;L1;226.9867851
295;Diethyl ether;Water;283.144;0.0236297;0.002428249;0.002431267;L1;227.5334081
295;Diethyl ether;Water;283.144;0.023573682;0.002428249;0.002431267;L1;227.2960606
295;Diethyl ether;Water;285.1428;0.0212;0.002449529;0.002455328;L1;215.8105373
295;Diethyl ether;Water;288.09103;0.02027;0.00248219;0.002490817;L1;210.0000704
295;Diethyl ether;Water;288.141;0.020484764;0.002482757;0.002491419;L1;211.0311869
295;Diethyl ether;Water;288.141;0.020559042;0.002482757;0.002491419;L1;211.3931323
295;Diethyl ether;Water;288.141;0.019598678;0.002482757;0.002491419;L1;206.6092593
295;Diethyl ether;Water;288.141;0.020352794;0.002482757;0.002491419;L1;210.3848678
295;Diethyl ether;Water;288.15;0.0088;0.002482859;0.002491527;L1;126.5341074
295;Diethyl ether;Water;289.1404;0.0198;0.002494182;0.002503449;L1;207.1721272
295;Diethyl ether;Water;292.1386;0.0164;0.002529506;0.00253954;L1;186.9257404
295;Diethyl ether;Water;293.08803;0.01772;0.002541021;0.002550969;L1;194.2128155
295;Diethyl ether;Water;293.138;0.022;0.002541631;0.002551571;L1;215.8236461
295;Diethyl ether;Water;293.138;0.0177;0.002541631;0.002551571;L1;194.0758647
295;Diethyl ether;Water;293.138;0.017637249;0.002541631;0.002551571;L1;193.7207094
295;Diethyl ether;Water;293.138;0.017612908;0.002541631;0.002551571;L1;193.582605
295;Diethyl ether;Water;293.138;0.017734648;0.002541631;0.002551571;L1;194.2714248
295;Diethyl ether;Water;293.138;0.016669013;0.002541631;0.002551571;L1;188.0745494
295;Diethyl ether;Water;293.15;0.00493556;0.002541778;0.002551715;L1;66.3602449
295;Diethyl ether;Water;297.9944;0.015;0.002603056;0.00261003;L1;175.1363875
295;Diethyl ether;Water;298.08602;0.01528;0.002604255;0.002611133;L1;176.9397984
295;Diethyl ether;Water;298.136;0.014663993;0.00260491;0.002611735;L1;172.7996888
295;Diethyl ether;Water;298.136;0.016346602;0.00260491;0.002611735;L1;183.6621901
295;Diethyl ether;Water;298.136;0.015380383;0.00260491;0.002611735;L1;177.5694721
295;Diethyl ether;Water;298.136;0.015356366;0.00260491;0.002611735;L1;177.4131966
295;Diethyl ether;Water;298.136;0.01536704;0.00260491;0.002611735;L1;177.482681
295;Diethyl ether;Water;298.136;0.014663993;0.00260491;0.002611735;L1;172.7996888
295;Diethyl ether;Water;298.14437;0.0159;0.00260502;0.002611835;L1;180.8878861
295;Diethyl ether;Water;298.15;0.0135;0.002605094;0.002611903;L1;164.5221116
295;Diethyl ether;Water;301.15;0.0147;0.002645208;0.002648016;L1;171.5097611
295;Diethyl ether;Water;303.134;0.0127;0.002672619;0.002673794;L1;155.8542964
295;Diethyl ether;Water;303.134;0.013525149;0.002672619;0.002673794;L1;162.1491812
295;Diethyl ether;Water;303.134;0.013514591;0.002672619;0.002673794;L1;162.0710888
295;Diethyl ether;Water;303.134;0.015247;0.002672619;0.002673794;L1;174.1323733
295;Diethyl ether;Water;311.1308;0.0118;0.002790292;0.002801;L1;144.1953167
295;Diethyl ether;Water;313.13;0.01133;0.00282153;0.002832801;L1;139.0174679
295;Diethyl ether;Water;313.25;0.009694753;0.002823429;0.00283471;L1;123.3632807
295;Diethyl ether;Water;318.15;0.009006655;0.002903227;0.002912655;L1;113.2140781
295;Diethyl ether;Water;322.1273;0.0103;0.002971306;0.002975922;L1;124.3142305
295;Diethyl ether;Water;323.127;0.01012;0.002988889;0.002991824;L1;121.9611808
295;Diethyl ether;Water;323.25;0.0080105;0.002991066;0.002993781;L1;98.51233683
295;Diethyl ether;Water;324.62655;0.0102;0.003015623;0.003015678;L1;121.8581438
295;Diethyl ether;Water;328.15;0.007735265;0.003080142;0.003086767;L1;92.08140167
295;Diethyl ether;Water;333.124;0.009;0.003175354;0.003187245;L1;104.1805593
295;Diethyl ether;Water;333.25;0.006777085;0.003177829;0.00318979;L1;75.73488079
295;Diethyl ether;Water;335.624;0.009;0.003225064;0.003237747;L1;102.6271896
295;Diethyl ether;Water;338.124;0.0085;0.003276034;0.003288249;L1;95.34326016
295;Diethyl ether;Water;339.624;0.0078;0.003307228;0.00331855;L1;85.80135002
295;Diethyl ether;Water;343.124;0.0076;0.003381817;0.003389252;L1;80.97351463
295;Diethyl ether;Water;344.1239;0.0075;0.003403595;0.003409451;L1;79.00709114
295;Diethyl ether;Water;345.1238;0.0073;0.003425583;0.003429649;L1;75.66028081
295;Diethyl ether;Water;353.123;0.00685;0.003609186;0.003620068;L1;64.07662847
295;Diethyl ether;Water;355.123;0.0068;0.003657274;0.003670237;L1;62.02046799
295;Diethyl ether;Water;363.123;0.00569;0.003858644;0.003870915;L1;38.8394431
295;Diethyl ether;Water;269.323064;0.962423654;0.675356398;0.673350107;L2;35.42141937
295;Diethyl ether;Water;269.323064;0.959517415;0.675356398;0.673350107;L2;35.11899166
295;Diethyl ether;Water;269.403;0.9624;0.675557557;0.673542705;L2;35.38918043
295;Diethyl ether;Water;269.403;0.964;0.675557557;0.673542705;L2;35.55529342
295;Diethyl ether;Water;273.15;0.958011365;0.684664935;0.682570725;L2;33.59300682
295;Diethyl ether;Water;273.15;0.956162622;0.684664935;0.682570725;L2;33.39984324
295;Diethyl ether;Water;273.15;0.9606;0.684664935;0.682570725;L2;33.86285163
295;Diethyl ether;Water;273.15;0.9594;0.684664935;0.682570725;L2;33.73785161
295;Diethyl ether;Water;278.147;0.9573;0.695844437;0.694610494;L2;31.89906966
295;Diethyl ether;Water;281.1452;0.9571;0.70203562;0.701834356;L2;30.99237362
295;Diethyl ether;Water;283.144;0.953782557;0.705953545;0.705383805;L2;30.08862821
295;Diethyl ether;Water;283.144;0.955701271;0.705953545;0.705383805;L2;30.28959505
295;Diethyl ether;Water;283.144;0.954702819;0.705953545;0.705383805;L2;30.18506721
295;Diethyl ether;Water;283.144;0.956624307;0.705953545;0.705383805;L2;30.38613051
295;Diethyl ether;Water;283.144;0.952175288;0.705953545;0.705383805;L2;29.91997082
295;Diethyl ether;Water;283.144;0.944274843;0.705953545;0.705383805;L2;29.08678354
295;Diethyl ether;Water;283.144;0.94310576;0.705953545;0.705383805;L2;28.96289934
295;Diethyl ether;Water;283.144;0.953782557;0.705953545;0.705383805;L2;30.08862821
295;Diethyl ether;Water;287.6413;0.9559;0.714173924;0.71246629;L2;29.15267819
295;Diethyl ether;Water;287.6413;0.9548;0.714173924;0.71246629;L2;29.03753713
295;Diethyl ether;Water;288.09103;0.959;0.714951712;0.713174539;L2;29.36760707
295;Diethyl ether;Water;288.141;0.942729097;0.715037648;0.713253233;L2;27.64437683
295;Diethyl ether;Water;288.141;0.943369557;0.715037648;0.713253233;L2;27.71229056
295;Diethyl ether;Water;288.141;0.949391324;0.715037648;0.713253233;L2;28.34858724
295;Diethyl ether;Water;288.141;0.952022426;0.715037648;0.713253233;L2;28.6253396
295;Diethyl ether;Water;288.141;0.950419589;0.715037648;0.713253233;L2;28.45683645
295;Diethyl ether;Water;288.141;0.951335001;0.715037648;0.713253233;L2;28.55310671
295;Diethyl ether;Water;288.141;0.950114744;0.715037648;0.713253233;L2;28.42475652
295;Diethyl ether;Water;288.141;0.950114744;0.715037648;0.713253233;L2;28.42475652
295;Diethyl ether;Water;288.15;0.9609;0.715053114;0.713267407;L2;29.55135194
295;Diethyl ether;Water;291.1392;0.952;0.720017465;0.71797489;L2;27.92895661
295;Diethyl ether;Water;292.1386;0.9524;0.721601585;0.719548776;L2;27.7511949
295;Diethyl ether;Water;293.08803;0.956;0.723072073;0.721043967;L2;27.92490093
295;Diethyl ether;Water;293.138;0.946998493;0.723148546;0.721122661;L2;26.96828434
295;Diethyl ether;Water;293.138;0.938637982;0.723148546;0.721122661;L2;26.08152107
295;Diethyl ether;Water;293.138;0.95087713;0.723148546;0.721122661;L2;27.37701949
295;Diethyl ether;Water;293.138;0.952;0.723148546;0.721122661;L2;27.49503763
295;Diethyl ether;Water;293.138;0.949353272;0.723148546;0.721122661;L2;27.2166328
295;Diethyl ether;Water;293.138;0.941412543;0.723148546;0.721122661;L2;26.37667942
295;Diethyl ether;Water;293.138;0.945937903;0.723148546;0.721122661;L2;26.85622668
295;Diethyl ether;Water;293.138;0.9559;0.723148546;0.721122661;L2;27.90386466
295;Diethyl ether;Water;293.138;0.9526;0.723148546;0.721122661;L2;27.55804299
295;Diethyl ether;Water;293.138;0.9559;0.723148546;0.721122661;L2;27.90386466
295;Diethyl ether;Water;293.138;0.9496;0.723148546;0.721122661;L2;27.24261848
295;Diethyl ether;Water;293.138;0.949962377;0.723148546;0.721122661;L2;27.28077222
295;Diethyl ether;Water;293.138;0.949962377;0.723148546;0.721122661;L2;27.28077222
295;Diethyl ether;Water;293.15;0.959;0.723166896;0.721141559;L2;28.22510406
295;Diethyl ether;Water;297.9944;0.96;0.730151593;0.728770668;L2;27.36811107
295;Diethyl ether;Water;297.9944;0.95;0.730151593;0.728770668;L2;26.32098108
295;Diethyl ether;Water;298.08602;0.953;0.730275722;0.728914954;L2;26.61927389
295;Diethyl ether;Water;298.136;0.948592711;0.730343315;0.728993664;L2;26.14648114
295;Diethyl ether;Water;298.136;0.950495823;0.730343315;0.728993664;L2;26.34690494
295;Diethyl ether;Water;298.136;0.940548871;0.730343315;0.728993664;L2;25.29488922
295;Diethyl ether;Water;298.136;0.932198847;0.730343315;0.728993664;L2;24.40314291
295;Diethyl ether;Water;298.136;0.946619507;0.730343315;0.728993664;L2;25.93825067
295;Diethyl ether;Water;298.136;0.947605342;0.730343315;0.728993664;L2;26.04233917
295;Diethyl ether;Water;298.136;0.948592711;0.730343315;0.728993664;L2;26.14648114
295;Diethyl ether;Water;298.136;0.949353272;0.730343315;0.728993664;L2;26.22662684
295;Diethyl ether;Water;298.136;0.947188071;0.730343315;0.728993664;L2;25.99829521
295;Diethyl ether;Water;298.136;0.941713227;0.730343315;0.728993664;L2;25.41860803
295;Diethyl ether;Water;298.136;0.938226588;0.730343315;0.728993664;L2;25.04767669
295;Diethyl ether;Water;298.14437;0.9502;0.730354626;0.729006845;L2;26.31422835
295;Diethyl ether;Water;298.15;0.9573;0.730362233;0.729015712;L2;27.05762013
295;Diethyl ether;Water;301.15;0.9568;0.734262518;0.733740203;L2;26.47277646
295;Diethyl ether;Water;303.134;0.942766753;0.736677749;0.736524435;L2;24.66683567
295;Diethyl ether;Water;303.134;0.93468479;0.736677749;0.736524435;L2;23.80587999
295;Diethyl ether;Water;303.134;0.922535005;0.736677749;0.736524435;L2;22.49747714
295;Diethyl ether;Water;303.134;0.946165023;0.736677749;0.736524435;L2;25.02664472
295;Diethyl ether;Water;303.134;0.9475;0.736677749;0.736524435;L2;25.16763874
295;Diethyl ether;Water;303.134;0.931791647;0.736677749;0.736524435;L2;23.49586854
295;Diethyl ether;Water;303.134;0.934796331;0.736677749;0.736524435;L2;23.81781282
295;Diethyl ether;Water;313.13;0.941;0.746994342;0.745325701;L2;23.08855287
295;Diethyl ether;Water;321.62745;0.9368;0.753566686;0.752807526;L2;21.7652296
295;Diethyl ether;Water;323.127;0.9351;0.75453727;0.754127848;L2;21.45488015
295;Diethyl ether;Water;324.62655;0.933;0.755454351;0.75544817;L2;21.10858426
295;Diethyl ether;Water;328.62535;0.93;0.757647491;0.756892909;L2;20.49663604
295;Diethyl ether;Water;333.124;0.9292;0.759697588;0.758506353;L2;20.14035572
295;Diethyl ether;Water;343.124;0.9226;0.762811426;0.762092859;L2;19.01849187
295;Diethyl ether;Water;348.1235;0.9183;0.763689414;0.763540611;L2;18.43629548
295;Diethyl ether;Water;353.123;0.9165;0.764155831;0.763422216;L2;18.17903314
295;Diethyl ether;Water;363.123;0.9105;0.763958724;0.763185402;L2;17.54801375
295;Diethyl ether;Water;363.123;0.9107;0.763958724;0.763185402;L2;17.56997729
295;Diethyl ether;Water;368.1235;0.8972;0.763340921;0.763066983;L2;16.1574055
335;Aniline;Cyclohexane;272.8642288;0.05;0.023839347;0.024095223;L1;74.0685566
335;Aniline;Cyclohexane;280.6984682;0.069;0.03263033;0.032986474;L1;74.88642854
335;Aniline;Cyclohexane;287.021672;0.094;0.041587246;0.042002341;L1;81.55012478
335;Aniline;Cyclohexane;288.09;0.125;0.043291818;0.043739704;L1;106.0350089
335;Aniline;Cyclohexane;291.18;0.144;0.048569526;0.0487648;L1;108.6816999
335;Aniline;Cyclohexane;291.9956858;0.125;0.050053665;0.050091304;L1;91.52180149
335;Aniline;Cyclohexane;293.46;0.165;0.052819139;0.05310396;L1;113.9071865
335;Aniline;Cyclohexane;295.42;0.184;0.056734228;0.057246619;L1;117.6558053
335;Aniline;Cyclohexane;295.7829416;0.159;0.057487219;0.058013733;L1;101.7341565
335;Aniline;Cyclohexane;296.98;0.205;0.060035426;0.060543838;L1;122.8075154
335;Aniline;Cyclohexane;298.136;0.22;0.0625936;0.062987162;L1;125.696451
335;Aniline;Cyclohexane;298.136;0.151520066;0.0625936;0.062987162;L1;88.40550291
335;Aniline;Cyclohexane;298.15;0.1905;0.062625185;0.063016752;L1;111.2484685
335;Aniline;Cyclohexane;298.15;0.191;0.062625185;0.063016752;L1;111.5105919
335;Aniline;Cyclohexane;298.39;0.227;0.063168923;0.063524017;L1;127.913756
335;Aniline;Cyclohexane;298.5448364;0.196;0.06352202;0.063851279;L1;112.6728041
335;Aniline;Cyclohexane;299.43;0.245;0.065575836;0.065722162;L1;131.8050938
335;Aniline;Cyclohexane;300.15;0.2305;0.067291668;0.067344762;L1;123.1214437
335;Aniline;Cyclohexane;300.22;0.264;0.067460696;0.067535455;L1;136.4403953
335;Aniline;Cyclohexane;300.4430768;0.242;0.068002006;0.068143156;L1;126.9400528
335;Aniline;Cyclohexane;301.01;0.284;0.069396025;0.069687558;L1;140.9144653
335;Aniline;Cyclohexane;301.63;0.304;0.070951259;0.07137655;L1;145.503455
335;Aniline;Cyclohexane;301.639598;0.293;0.070975591;0.071402696;L1;141.7836575
335;Aniline;Cyclohexane;302.2;0.301;0.072410035;0.072929332;L1;142.4765372
335;Aniline;Cyclohexane;302.29;0.326;0.072642948;0.073174509;L1;150.1341068
335;Aniline;Cyclohexane;302.3962952;0.339;0.072918947;0.073464076;L1;153.6651601
335;Aniline;Cyclohexane;302.5752236;0.385;0.073385791;0.073951509;L1;165.7512999
335;Aniline;Cyclohexane;302.6342;0.42;0.073540289;0.074112172;L1;174.2421307
335;Aniline;Cyclohexane;302.7;0.345;0.073713027;0.074291423;L1;154.3364872
335;Aniline;Cyclohexane;302.89;0.366;0.074213988;0.074809017;L1;159.5680687
335;Aniline;Cyclohexane;302.98;0.386;0.074452416;0.075054193;L1;164.567716
335;Aniline;Cyclohexane;303.09;0.405;0.074744821;0.075353853;L1;168.9807139
335;Aniline;Cyclohexane;303.15;0.427;0.074904777;0.075517304;L1;174.0566348
335;Aniline;Cyclohexane;303.29301;0.44;0.075287352;0.075906889;L1;176.5462578
335;Aniline;Cyclohexane;272.8642288;0.873;0.889808291;0.889442529;L2;1.907048045
335;Aniline;Cyclohexane;280.6984682;0.845;0.869095275;0.868620353;L2;2.811612944
335;Aniline;Cyclohexane;287.021672;0.81;0.849902409;0.849378661;L2;4.808728287
335;Aniline;Cyclohexane;288.76;0.792;0.84418833;0.843638123;L2;6.381421734
335;Aniline;Cyclohexane;291.9956858;0.771;0.832999966;0.832952811;L2;7.734522779
335;Aniline;Cyclohexane;292.66;0.777;0.830609462;0.830463331;L2;6.671937217
335;Aniline;Cyclohexane;295.06;0.754;0.82169217;0.821105224;L2;8.597346792
335;Aniline;Cyclohexane;295.7829416;0.729;0.818916622;0.818286323;L2;11.63085419
335;Aniline;Cyclohexane;296.83;0.734;0.814820257;0.814203621;L2;10.4458517
335;Aniline;Cyclohexane;298.136;0.717958431;0.809580078;0.809111251;L2;12.01040196
335;Aniline;Cyclohexane;298.136;0.793;0.809580078;0.809111251;L2;2.069246975
335;Aniline;Cyclohexane;298.15;0.715;0.809523099;0.809056662;L2;12.41627652
335;Aniline;Cyclohexane;298.15;0.7147;0.809523099;0.809056662;L2;12.45824337
335;Aniline;Cyclohexane;298.15;0.721;0.809523099;0.809056662;L2;11.58061706
335;Aniline;Cyclohexane;298.46;0.721;0.808256967;0.807847907;L2;11.42408988
335;Aniline;Cyclohexane;298.5448364;0.682;0.807908978;0.807517112;L2;16.94197433
335;Aniline;Cyclohexane;299.59;0.699;0.80356844;0.803441798;L2;13.94116164
335;Aniline;Cyclohexane;300.15;0.6626;0.801201384;0.801140349;L2;18.99408411
335;Aniline;Cyclohexane;300.4430768;0.636;0.79995083;0.799788306;L2;22.93516998
335;Aniline;Cyclohexane;300.77;0.676;0.798546202;0.798280121;L2;16.65997508
335;Aniline;Cyclohexane;301.5;0.658;0.795372452;0.794912434;L2;18.96055664
335;Aniline;Cyclohexane;301.639598;0.592;0.794759587;0.79426843;L2;29.45330276
335;Aniline;Cyclohexane;301.94;0.639;0.793434195;0.792882595;L2;21.6466152
335;Aniline;Cyclohexane;302.2;0.597;0.792279766;0.791683144;L2;28.29974555
335;Aniline;Cyclohexane;302.26;0.619;0.792012391;0.791406348;L2;24.6471764
335;Aniline;Cyclohexane;302.3962952;0.548;0.79140367;0.790777581;L2;36.75328792
335;Aniline;Cyclohexane;302.51;0.605;0.790894396;0.79025303;L2;26.7935994
335;Aniline;Cyclohexane;302.5752236;0.504;0.790601669;0.789952136;L2;45.02179944
335;Aniline;Cyclohexane;302.6342;0.471;0.790336606;0.789680062;L2;51.76008437
335;Aniline;Cyclohexane;302.78;0.585;0.789679788;0.789007447;L2;30.0015684
335;Aniline;Cyclohexane;302.98;0.562;0.788775234;0.788084793;L2;33.89795557
335;Aniline;Cyclohexane;303.06;0.543;0.788412251;0.787715732;L2;37.29117937
335;Aniline;Cyclohexane;303.11;0.525;0.788185047;0.787485068;L2;40.63346315
335;Aniline;Cyclohexane;303.15;0.508;0.788003097;0.787300537;L2;43.90205727
336;Aniline;Methylcyclohexane;292;0.101;0.049893257;0.050242849;L1;70.5234656
336;Aniline;Methylcyclohexane;292.15;0.1011;0.050157788;0.050490985;L1;70.09363359
336;Aniline;Methylcyclohexane;296.77;0.1209;0.058914441;0.059373192;L1;71.88775131
336;Aniline;Methylcyclohexane;297;0.121;0.059382748;0.059862328;L1;71.17867994
336;Aniline;Methylcyclohexane;298.136;0.124659649;0.061743529;0.062278235;L1;70.25980398
336;Aniline;Methylcyclohexane;298.136;0.125908564;0.061743529;0.062278235;L1;71.2566785
336;Aniline;Methylcyclohexane;298.136;0.124451481;0.061743529;0.062278235;L1;70.09267531
336;Aniline;Methylcyclohexane;298.136;0.124659649;0.061743529;0.062278235;L1;70.25980398
336;Aniline;Methylcyclohexane;300.95;0.1521;0.067948452;0.068262709;L1;80.57888425
336;Aniline;Methylcyclohexane;302;0.157;0.070400948;0.070495722;L1;80.20390754
336;Aniline;Methylcyclohexane;304.28;0.1725;0.076000462;0.076453336;L1;81.96578151
336;Aniline;Methylcyclohexane;306.33;0.2008;0.081375108;0.082001159;L1;90.3239963
336;Aniline;Methylcyclohexane;307;0.21;0.083205527;0.08381435;L1;92.57937575
336;Aniline;Methylcyclohexane;307.89;0.2196;0.085695615;0.086222917;L1;94.10060566
336;Aniline;Methylcyclohexane;309.45;0.2562;0.090227778;0.090444675;L1;104.3621054
336;Aniline;Methylcyclohexane;310.17;0.2696;0.092394306;0.092396404;L1;107.0874025
336;Aniline;Methylcyclohexane;310.88;0.2931;0.094578717;0.094826775;L1;113.1081376
336;Aniline;Methylcyclohexane;311.69;0.3167;0.097130633;0.097599453;L1;118.1898146
336;Aniline;Methylcyclohexane;312;0.316;0.098124567;0.098660601;L1;116.9504446
336;Aniline;Methylcyclohexane;312.22;0.3412;0.098835843;0.099413674;L1;123.9008494
336;Aniline;Methylcyclohexane;312.56;0.3649;0.099944836;0.100577514;L1;129.5004949
336;Aniline;Methylcyclohexane;313.15;0.3994;0.101897791;0.102597118;L1;136.5993155
336;Aniline;Methylcyclohexane;313.18;0.4088;0.101998074;0.10269981;L1;138.8272112
336;Aniline;Methylcyclohexane;313.28;0.4142;0.102333039;0.103042116;L1;139.8116368
336;Aniline;Methylcyclohexane;313.43;0.4319;0.102837488;0.103555574;L1;143.5044126
336;Aniline;Methylcyclohexane;313.47;0.45;0.102972415;0.103692497;L1;147.4786448
336;Aniline;Methylcyclohexane;313.53;0.4426;0.103175128;0.10389788;L1;145.6238615
336;Aniline;Methylcyclohexane;313.58;0.4625;0.103344351;0.104069033;L1;149.8579928
336;Aniline;Methylcyclohexane;313.65;0.477;0.103581718;0.104308647;L1;152.7155643
336;Aniline;Methylcyclohexane;313.73;0.4973;0.103853644;0.104582492;L1;156.6210827
336;Aniline;Methylcyclohexane;313.76;0.5131;0.103955795;0.104685184;L1;159.6504993
336;Aniline;Methylcyclohexane;290.62;0.8747;0.88523404;0.884769218;L2;1.197109166
336;Aniline;Methylcyclohexane;292;0.865;0.881651892;0.88128753;L2;1.906779127
336;Aniline;Methylcyclohexane;294.17;0.8608;0.87580747;0.875801089;L2;1.728409388
336;Aniline;Methylcyclohexane;297;0.82;0.867774807;0.867286096;L2;5.662790174
336;Aniline;Methylcyclohexane;298.136;0.838300865;0.864412346;0.863868064;L2;3.06728434
336;Aniline;Methylcyclohexane;299.08;0.834;0.861555281;0.861027727;L2;3.250581965
336;Aniline;Methylcyclohexane;302;0.81;0.852338688;0.85224194;L2;5.094972143
336;Aniline;Methylcyclohexane;302.6;0.8116;0.85037077;0.850300602;L2;4.666484673
336;Aniline;Methylcyclohexane;304.58;0.7944;0.843687274;0.843187572;L2;6.019478503
336;Aniline;Methylcyclohexane;306.67;0.7721;0.83630133;0.835679373;L2;7.987491586
336;Aniline;Methylcyclohexane;307;0.76;0.835102544;0.834493868;L2;9.423609122
336;Aniline;Methylcyclohexane;308.24;0.7513;0.830515301;0.830039243;L2;10.02413135
336;Aniline;Methylcyclohexane;309.59;0.7309;0.825367525;0.825189449;L2;12.15521205
336;Aniline;Methylcyclohexane;310.58;0.7106;0.821486377;0.821337565;L2;14.50056706
336;Aniline;Methylcyclohexane;311.82;0.6781;0.816492899;0.815999329;L2;18.57234459
336;Aniline;Methylcyclohexane;312;0.677;0.815755447;0.815224424;L2;18.64433404
336;Aniline;Methylcyclohexane;312.25;0.66;0.814725801;0.814148167;L2;21.06117813
336;Aniline;Methylcyclohexane;312.89;0.6354;0.812060858;0.811392948;L2;24.53205634
336;Aniline;Methylcyclohexane;313.08;0.6167;0.811261547;0.810574993;L2;27.420782
336;Aniline;Methylcyclohexane;313.33;0.6034;0.810204055;0.809498735;L2;29.47058085
336;Aniline;Methylcyclohexane;313.62;0.5657;0.808969071;0.808250277;L2;35.7696783
336;Aniline;Methylcyclohexane;313.66;0.5574;0.808798024;0.808078076;L2;37.22661099
336;Aniline;Methylcyclohexane;313.76;0.5382;0.808369656;0.807647573;L2;40.67892107
336;Aniline;Methylcyclohexane;313.76;0.5194;0.808369656;0.807647573;L2;44.23451497
336;Aniline;Methylcyclohexane;313.78;0.528;0.808283853;0.807561472;L2;42.58170167
336;Aniline;Methylcyclohexane;313.78;0.5174;0.808283853;0.807561472;L2;44.60970306
336;Aniline;Methylcyclohexane;313.79;0.5269;0.808240936;0.807518422;L2;42.78494247
341;Aniline;Heptane;276.41;0.034;0.030697721;0.030876588;L1;10.21721192
341;Aniline;Heptane;285.11;0.0506;0.042154348;0.042423173;L1;18.26137373
341;Aniline;Heptane;290.1398;0.064;0.050203001;0.050647231;L1;24.28082717
341;Aniline;Heptane;291.1392;0.08130503;0.05194156;0.052424682;L1;44.8088652
341;Aniline;Heptane;291.46;0.0613;0.052509917;0.052995231;L1;15.47777895
341;Aniline;Heptane;296.74;0.0749;0.062622688;0.062835629;L1;17.90262429
341;Aniline;Heptane;298.136;0.072790597;0.065549443;0.065986473;L1;10.47820743
341;Aniline;Heptane;298.136;0.080241288;0.065549443;0.065986473;L1;20.22334849
341;Aniline;Heptane;298.136;0.079177386;0.065549443;0.065986473;L1;18.88860173
341;Aniline;Heptane;298.15;0.0756;0.06557936;0.066018072;L1;14.21952685
341;Aniline;Heptane;303.134;0.096;0.076983955;0.077267218;L1;22.07511674
341;Aniline;Heptane;305.51;0.1004;0.082985108;0.083283829;L1;19.05010388
341;Aniline;Heptane;313.13;0.1175;0.105047476;0.105239591;L1;11.20259331
341;Aniline;Heptane;313.21;0.1291;0.105304155;0.105521001;L1;20.37344236
341;Aniline;Heptane;317.43;0.1467;0.119675514;0.120365428;L1;20.36056539
341;Aniline;Heptane;322.85;0.1758;0.140802657;0.141552016;L1;22.19876735
341;Aniline;Heptane;323.127;0.146101501;0.141972794;0.142757598;L1;2.866614191
341;Aniline;Heptane;327.2;0.1981;0.160327892;0.160484437;L1;21.15509096
341;Aniline;Heptane;330.39;0.2321;0.176377499;0.177310023;L1;27.45417352
341;Aniline;Heptane;331.53;0.2439;0.18251778;0.183448801;L1;28.99107099
341;Aniline;Heptane;333.87;0.2674;0.195868152;0.196049452;L1;31.13039268
341;Aniline;Heptane;335.9;0.2965;0.20835073;0.209246307;L1;35.28243569
341;Aniline;Heptane;337.68;0.3193;0.220075229;0.221178562;L1;37.21616615
341;Aniline;Heptane;339.64;0.3618;0.233943522;0.234317449;L1;43.60118455
341;Aniline;Heptane;340.68;0.3973;0.241760741;0.242223769;L1;49.67431008
341;Aniline;Heptane;341.4;0.4207;0.247378251;0.248326051;L1;53.10014432
341;Aniline;Heptane;341.724;0.4;0.249964366;0.251072077;L1;47.01461761
341;Aniline;Heptane;341.724;0.4;0.249964366;0.251072077;L1;47.01461761
341;Aniline;Heptane;341.79;0.4401;0.250495746;0.251631453;L1;56.35600347
341;Aniline;Heptane;341.824;0.4;0.2507701;0.251919617;L1;46.69279628
341;Aniline;Heptane;341.824;0.4;0.2507701;0.251919617;L1;46.69279628
341;Aniline;Heptane;341.824;0.4;0.2507701;0.251919617;L1;46.69279628
341;Aniline;Heptane;341.924;0.41;0.251579454;0.252767156;L1;48.8398301
341;Aniline;Heptane;342.18;0.4718;0.253668123;0.254936856;L1;62.05283582
341;Aniline;Heptane;342.26;0.5022;0.254325832;0.255614887;L1;68.03821992
341;Aniline;Heptane;342.424;0.44;0.255681698;0.257004851;L1;54.28414246
341;Aniline;Heptane;342.424;0.44;0.255681698;0.257004851;L1;54.28414246
341;Aniline;Heptane;342.424;0.44;0.255681698;0.257004851;L1;54.28414246
341;Aniline;Heptane;342.524;0.44;0.256513489;0.25785239;L1;53.95934755
341;Aniline;Heptane;342.66;0.5261;0.257650936;0.259005044;L1;71.38855997
341;Aniline;Heptane;342.71;0.5387;0.258070932;0.259428813;L1;73.59243517
341;Aniline;Heptane;342.724;0.46;0.258188707;0.259547469;L1;57.75357489
341;Aniline;Heptane;342.824;0.46;0.25903221;0.260395008;L1;57.4274071
341;Aniline;Heptane;342.824;0.46;0.25903221;0.260395008;L1;57.4274071
341;Aniline;Heptane;342.84;0.5527;0.259167539;0.260530614;L1;75.73406361
341;Aniline;Heptane;342.86;0.5655;0.259336844;0.260700122;L1;77.95825222
341;Aniline;Heptane;342.924;0.58;0.259879695;0.261242547;L1;80.28092908
341;Aniline;Heptane;342.924;0.48;0.259879695;0.261242547;L1;61.35672911
341;Aniline;Heptane;342.924;0.48;0.259879695;0.261242547;L1;61.35672911
341;Aniline;Heptane;342.924;0.48;0.259879695;0.261242547;L1;61.35672911
341;Aniline;Heptane;342.924;0.48;0.259879695;0.261242547;L1;61.35672911
341;Aniline;Heptane;342.924;0.47;0.259879695;0.261242547;L1;59.25138819
341;Aniline;Heptane;343.024;0.5;0.260731201;0.262090086;L1;65.11181029
341;Aniline;Heptane;343.024;0.58;0.260731201;0.262090086;L1;79.9538108
341;Aniline;Heptane;343.024;0.57;0.260731201;0.262090086;L1;78.21463653
341;Aniline;Heptane;343.024;0.57;0.260731201;0.262090086;L1;78.21463653
341;Aniline;Heptane;343.024;0.56;0.260731201;0.262090086;L1;76.44467882
341;Aniline;Heptane;343.024;0.56;0.260731201;0.262090086;L1;76.44467882
341;Aniline;Heptane;343.11;0.5782;0.261466743;0.26281897;L1;79.36127311
341;Aniline;Heptane;343.124;0.54;0.261586769;0.262937625;L1;72.48030993
341;Aniline;Heptane;343.124;0.55;0.261586769;0.262937625;L1;74.31522379
341;Aniline;Heptane;343.124;0.52;0.261586769;0.262937625;L1;68.70627713
341;Aniline;Heptane;343.124;0.52;0.261586769;0.262937625;L1;68.70627713
341;Aniline;Heptane;343.124;0.52;0.261586769;0.262937625;L1;68.70627713
341;Aniline;Heptane;343.124;0.51;0.261586769;0.262937625;L1;66.76446854
341;Aniline;Heptane;343.124;0.51;0.261586769;0.262937625;L1;66.76446854
341;Aniline;Heptane;343.124;0.54;0.261586769;0.262937625;L1;72.48030993
341;Aniline;Heptane;343.124;0.53;0.261586769;0.262937625;L1;70.61109663
341;Aniline;Heptane;279.61;0.9647;0.944155;0.943951289;L2;2.152682424
341;Aniline;Heptane;290.1398;0.9345;0.927937189;0.927593426;L2;0.704758046
341;Aniline;Heptane;291.1392;0.943062269;0.926199935;0.9258261;L2;1.804218944
341;Aniline;Heptane;294.1;0.9483;0.920828074;0.920590259;L2;2.939756196
341;Aniline;Heptane;298.136;0.939967981;0.912926393;0.912586601;L2;2.919055525
341;Aniline;Heptane;298.136;0.939311431;0.912926393;0.912586601;L2;2.849182996
341;Aniline;Heptane;298.136;0.942124759;0.912926393;0.912586601;L2;3.148244969
341;Aniline;Heptane;298.15;0.9445;0.912897751;0.91255665;L2;3.403180449
341;Aniline;Heptane;299.44;0.9395;0.910220319;0.909796956;L2;3.166113967
341;Aniline;Heptane;303.134;0.9155;0.902115034;0.901894391;L2;1.472831964
341;Aniline;Heptane;304.72;0.9297;0.898423377;0.89834366;L2;3.422052938
341;Aniline;Heptane;313.13;0.897;0.876415871;0.876260841;L2;2.321514518
341;Aniline;Heptane;314.81;0.9058;0.871465705;0.87098695;L2;3.864201837
341;Aniline;Heptane;323.127;0.861947393;0.843596084;0.842939753;L2;2.15204335
341;Aniline;Heptane;323.49;0.8778;0.842234129;0.841550553;L2;4.136073905
341;Aniline;Heptane;325.11;0.8676;0.835985239;0.835350816;L2;3.711982273
341;Aniline;Heptane;329.72;0.8468;0.81650935;0.81579067;L2;3.642617527
341;Aniline;Heptane;333.16;0.8288;0.800051405;0.799598199;L2;3.530289016
341;Aniline;Heptane;337.41;0.7931;0.776838668;0.775828468;L2;2.071662254
341;Aniline;Heptane;339.02;0.7743;0.767024132;0.766372489;L2;0.944113156
341;Aniline;Heptane;339.524;0.75;0.763816994;0.763412356;L2;1.825501756
341;Aniline;Heptane;339.75;0.7566;0.762356642;0.762084995;L2;0.757976832
341;Aniline;Heptane;341.24;0.7319;0.752361132;0.751566781;L2;2.757254499
341;Aniline;Heptane;341.324;0.7;0.75177757;0.750936938;L2;7.136016096
341;Aniline;Heptane;341.324;0.7;0.75177757;0.750936938;L2;7.136016096
341;Aniline;Heptane;341.424;0.7;0.751079916;0.750187125;L2;7.043172439
341;Aniline;Heptane;341.524;0.7;0.750379041;0.749437312;L2;6.949813125
341;Aniline;Heptane;341.524;0.7;0.750379041;0.749437312;L2;6.949813125
341;Aniline;Heptane;341.62;0.6972;0.74970314;0.748717491;L2;7.260500084
341;Aniline;Heptane;341.824;0.69;0.748256768;0.747187872;L2;8.105459448
341;Aniline;Heptane;342.22;0.6602;0.74540906;0.744218612;L2;12.13903222
341;Aniline;Heptane;342.224;0.66;0.74538002;0.744188619;L2;12.16543476
341;Aniline;Heptane;342.324;0.66;0.744652206;0.743438806;L2;12.06774371
341;Aniline;Heptane;342.324;0.66;0.744652206;0.743438806;L2;12.06774371
341;Aniline;Heptane;342.35;0.63;0.744462399;0.743243855;L2;16.69425268
341;Aniline;Heptane;342.424;0.65;0.743920871;0.742688993;L2;13.49623103
341;Aniline;Heptane;342.624;0.64;0.742447493;0.741189367;L2;14.84839753
341;Aniline;Heptane;342.624;0.64;0.742447493;0.741189367;L2;14.84839753
341;Aniline;Heptane;342.63;0.6132;0.742403069;0.741144378;L2;19.1201168
341;Aniline;Heptane;342.824;0.6;0.740959589;0.73968974;L2;21.10164327
341;Aniline;Heptane;342.924;0.6;0.740210094;0.738939927;L2;21.00044014
347;Aniline;Water;281.74484;0.006762453;0.007526531;0.007538019;L1;10.70485484
347;Aniline;Water;286.94172;0.007194712;0.007630305;0.007638564;L1;5.878152107
347;Aniline;Water;289.1404;0.006170815;0.00767555;0.007681102;L1;21.82090318
347;Aniline;Water;290.73944;0.007254241;0.007708963;0.007712038;L1;6.079739815
347;Aniline;Water;293.138;0.006762453;0.007759891;0.007762086;L1;13.75826331
347;Aniline;Water;295.1372;0.006837081;0.007803089;0.007808842;L1;13.21588101
347;Aniline;Water;295.83692;0.007301473;0.007818371;0.007825206;L1;6.840005183
347;Aniline;Water;298.136;0.007295312;0.007869178;0.007878975;L1;7.57216248
347;Aniline;Water;298.136;0.007;0.007869178;0.007878975;L1;11.70434258
347;Aniline;Water;298.136;0.007295312;0.007869178;0.007878975;L1;7.57216248
347;Aniline;Water;298.136;0.007213183;0.007869178;0.007878975;L1;8.704325082
347;Aniline;Water;298.136;0.006721559;0.007869178;0.007878975;L1;15.76334532
347;Aniline;Water;298.136;0.007313798;0.007869178;0.007878975;L1;7.31908738
347;Aniline;Water;298.14437;0.005947142;0.007869364;0.007879171;L1;28.00665255
347;Aniline;Water;298.15;0.007423389;0.00786949;0.007879302;L1;5.835755675
347;Aniline;Water;298.15;0.007;0.00786949;0.007879302;L1;11.70830991
347;Aniline;Water;300.1352;0.007346669;0.007914108;0.007925731;L1;7.439995255
347;Aniline;Water;302.2;0.007;0.007961252;0.007974021;L1;12.86761435
347;Aniline;Water;303.73376;0.007484414;0.007996763;0.008009891;L1;6.621407572
347;Aniline;Water;305.73296;0.007644966;0.008043684;0.008056646;L1;5.08397739
347;Aniline;Water;307.83212;0.007745933;0.008093731;0.00810574;L1;4.392186768
347;Aniline;Water;312.2;0.008;0.008200465;0.008207892;L1;2.474928143
347;Aniline;Water;312.93008;0.007904761;0.008218651;0.008224967;L1;3.894088601
347;Aniline;Water;318.8;0.008;0.008368546;0.008374165;L1;4.503859944
347;Aniline;Water;321.1276;0.008202338;0.00842982;0.008439369;L1;2.735614897
347;Aniline;Water;323.127;0.00840941;0.008483301;0.008495379;L1;0.87482885
347;Aniline;Water;323.22697;0.008382471;0.008485995;0.00849818;L1;1.227446947
347;Aniline;Water;325.1264;0.008616827;0.008537573;0.008551389;L1;0.924015465
347;Aniline;Water;327.1258;0.008714433;0.008592645;0.008607399;L1;1.407406965
347;Aniline;Water;328.1255;0.00713111;0.008620483;0.008635404;L1;18.96741679
347;Aniline;Water;331.82439;0.00914106;0.008725256;0.008739023;L1;4.655449539
347;Aniline;Water;333.15;0.008;0.008763492;0.008776158;L1;9.115288385
347;Aniline;Water;333.15;0.008340086;0.008763492;0.008776158;L1;4.952089746
347;Aniline;Water;334.524;0.009349703;0.008803509;0.008814648;L1;6.019415354
347;Aniline;Water;335.924;0.009468786;0.008844692;0.008853867;L1;6.818324157
347;Aniline;Water;339.124;0.009757564;0.008940383;0.00894351;L1;8.746431912
347;Aniline;Water;339.424;0.009868649;0.008949467;0.008951914;L1;9.776902692
347;Aniline;Water;341.724;0.010044911;0.009019752;0.009022687;L1;10.76493478
347;Aniline;Water;343.15;0.009006655;0.009063906;0.009070233;L1;0.633640658
347;Aniline;Water;343.15;0.009169415;0.009063906;0.009070233;L1;1.157333414
347;Aniline;Water;345.42377;0.010427668;0.009135235;0.009146046;L1;13.23237279
347;Aniline;Water;350.1233;0.010604721;0.009286315;0.009302739;L1;13.27574192
347;Aniline;Water;350.22329;0.01109291;0.009289584;0.009306073;L1;17.74123815
347;Aniline;Water;352.82303;0.011430044;0.009375371;0.009392755;L1;19.81591302
347;Aniline;Water;353.15;0.009883409;0.009386271;0.009403656;L1;5.160940434
347;Aniline;Water;354.723;0.011672321;0.009439053;0.009456104;L1;21.2364656
347;Aniline;Water;359.723;0.012453324;0.009610682;0.009622815;L1;25.91123839
347;Aniline;Water;363.023;0.013131546;0.009727225;0.009732845;L1;30.0088733
347;Aniline;Water;366.52334;0.013679347;0.009853744;0.00985834;L1;32.80357144
347;Aniline;Water;369.82367;0.014351148;0.009975816;0.009988292;L1;36.36661294
347;Aniline;Water;381.92576;0.016454334;0.01044736;0.010464816;L1;45.42396336
347;Aniline;Water;398.42859;0.021224461;0.011154523;0.011175442;L1;64.33092872
347;Aniline;Water;415.1324;0.030799754;0.011952195;0.011955548;L1;94.65917219
347;Aniline;Water;418.23302;0.034090651;0.012109958;0.012123891;L1;103.4995127
347;Aniline;Water;429.1364;0.048934343;0.012690277;0.012715869;L1;134.9643315
347;Aniline;Water;437.63935;0.10150813;0.013171669;0.013177521;L1;204.2070635
347;Aniline;Water;281.1452;0.801199523;0.800960259;0.800553025;L2;0.029867664
347;Aniline;Water;281.74484;0.793242627;0.801322959;0.800919202;L2;1.013492425
347;Aniline;Water;293.138;0.786113905;0.80781128;0.807750837;L2;2.722676714
347;Aniline;Water;293.138;0.781883702;0.80781128;0.807750837;L2;3.262245556
347;Aniline;Water;295.1372;0.791169537;0.80887092;0.808692868;L2;2.212707227
347;Aniline;Water;298.136;0.780831596;0.810416361;0.810105914;L2;3.718864105
347;Aniline;Water;298.136;0.784;0.810416361;0.810105914;L2;3.313912117
347;Aniline;Water;298.136;0.784347071;0.810416361;0.810105914;L2;3.269652653
347;Aniline;Water;298.136;0.778385088;0.810416361;0.810105914;L2;4.032676808
347;Aniline;Water;298.136;0.778385088;0.810416361;0.810105914;L2;4.032676808
347;Aniline;Water;298.136;0.778733871;0.810416361;0.810105914;L2;3.987878303
347;Aniline;Water;298.136;0.786822347;0.810416361;0.810105914;L2;2.954565302
347;Aniline;Water;298.14437;0.786113905;0.810420601;0.810109858;L2;3.045167378
347;Aniline;Water;298.15;0.775;0.810423452;0.810112511;L2;4.469386227
347;Aniline;Water;298.15;0.782;0.810423452;0.810112511;L2;3.570215108
347;Aniline;Water;300.93488;0.771803306;0.811811235;0.811424756;L2;5.053811189
347;Aniline;Water;302.2;0.772;0.812426712;0.812020886;L2;5.104115923
347;Aniline;Water;308.73176;0.760908464;0.815456369;0.815098676;L2;6.923485154
347;Aniline;Water;312.1304;0.771115434;0.8169353;0.816700127;L2;5.772181722
347;Aniline;Water;312.2;0.757;0.816964894;0.816732923;L2;7.623287087
347;Aniline;Water;313.15;0.7696;0.817366062;0.817180567;L2;6.021615145
347;Aniline;Water;316.32904;0.749257796;0.818671072;0.818664175;L2;8.859926995
347;Aniline;Water;318.8;0.751;0.819645787;0.819490851;L2;8.746662837
347;Aniline;Water;321.1276;0.745325482;0.820532454;0.820269564;L2;9.613245264
347;Aniline;Water;321.15;0.7624;0.82054084;0.820277058;L2;7.349233095
347;Aniline;Water;323.127;0.74696014;0.821269842;0.820938477;L2;9.483990701
347;Aniline;Water;323.127;0.73884065;0.821269842;0.820938477;L2;10.57694621
347;Aniline;Water;323.127;0.73884065;0.821269842;0.820938477;L2;10.57694621
347;Aniline;Water;323.127;0.735630143;0.821269842;0.820938477;L2;11.01242613
347;Aniline;Water;323.15;0.7374;0.821278195;0.820946171;L2;10.77314151
347;Aniline;Water;324.22667;0.735950246;0.821665897;0.821306378;L2;11.01713447
347;Aniline;Water;329.15;0.7423;0.823356942;0.82295351;L2;10.36363403
347;Aniline;Water;332.42421;0.721750594;0.824407882;0.824048918;L2;13.29857687
347;Aniline;Water;333.15;0.715;0.824632946;0.824291736;L2;14.26558305
347;Aniline;Water;333.15;0.735;0.824632946;0.824291736;L2;11.5067874
347;Aniline;Water;334.15;0.7307;0.82493837;0.824626292;L2;12.13057019
347;Aniline;Water;339.15;0.7132;0.826384887;0.826299074;L2;14.72987439
347;Aniline;Water;339.424;0.713733149;0.8264603;0.826390743;L2;14.66427305
347;Aniline;Water;339.624;0.705547632;0.826515094;0.826457654;L2;15.82438958
347;Aniline;Water;343.15;0.7081;0.827446429;0.827299904;L2;15.57590405
347;Aniline;Water;348.02351;0.687272835;0.828626655;0.828301884;L2;18.70383447
347;Aniline;Water;369.82367;0.622478715;0.8324392;0.832218003;L2;29.06507511
347;Aniline;Water;370.52374;0.623730858;0.832523212;0.832278641;L2;28.87421463
347;Aniline;Water;400.32916;0.493227928;0.834020639;0.833703302;L2;52.5286753
347;Aniline;Water;410.1314;0.504420143;0.833666458;0.83348261;L2;50.24238545
347;Aniline;Water;423.53416;0.378323759;0.832542359;0.832262744;L2;78.87337681
347;Aniline;Water;426.83548;0.353411682;0.832154914;0.831855772;L2;85.6385003
347;Aniline;Water;427.53576;0.348016772;0.832067198;0.831769445;L2;87.16625305
347;Aniline;Water;430.637;0.355788305;0.831655612;0.831387138;L2;84.90825219
347;Aniline;Water;433.93824;0.283094475;0.831176254;0.830980176;L2;107.7061195
347;Aniline;Water;438.1395;0.252610784;0.830505231;0.830462264;L2;119.0184326
347;Aniline;Water;440.1401;0.077163756;0.830161861;0.830114406;L2;237.569083
381;Ethyl acetate;Water;273.15;0.0208;0.038330506;0.038330691;L1;61.12930963
381;Ethyl acetate;Water;273.15;0.02082;0.038330506;0.038330691;L1;61.03320198
381;Ethyl acetate;Water;273.15;0.0196;0.038330506;0.038330691;L1;67.07165168
381;Ethyl acetate;Water;273.15;0.021409839;0.038330506;0.038330691;L1;58.23955003
381;Ethyl acetate;Water;273.15;0.0219;0.038330506;0.038330691;L1;55.97594462
381;Ethyl acetate;Water;273.15;0.022214166;0.038330506;0.038330691;L1;54.55158895
381;Ethyl acetate;Water;273.15;0.0205;0.038330506;0.038330691;L1;62.58211969
381;Ethyl acetate;Water;273.15;0.0217;0.038330506;0.038330691;L1;56.89338225
381;Ethyl acetate;Water;273.15;0.021516027;0.038330506;0.038330691;L1;57.74479837
381;Ethyl acetate;Water;273.15;0.0191;0.038330506;0.038330691;L1;69.65577479
381;Ethyl acetate;Water;273.15;0.020511095;0.038330506;0.038330691;L1;62.52801237
381;Ethyl acetate;Water;278.147;0.0147;0.034824628;0.034871293;L1;86.24773533
381;Ethyl acetate;Water;278.1492701;0.01625;0.034823256;0.034869997;L1;76.21925342
381;Ethyl acetate;Water;282.948115;0.018922914;0.032265103;0.03231159;L1;53.36126635
381;Ethyl acetate;Water;283.144;0.01779;0.032173527;0.032221091;L1;59.25074687
381;Ethyl acetate;Water;283.144;0.0194;0.032173527;0.032221091;L1;50.58709043
381;Ethyl acetate;Water;283.144;0.0179;0.032173527;0.032221091;L1;58.63432575
381;Ethyl acetate;Water;283.15;0.0186;0.032170736;0.032218319;L1;54.78956398
381;Ethyl acetate;Water;283.15;0.019;0.032170736;0.032218319;L1;52.66182414
381;Ethyl acetate;Water;283.2;0.019;0.032147511;0.032195218;L1;52.58960383
381;Ethyl acetate;Water;285.79726;0.0178;0.03101583;0.031029852;L1;55.52992542
381;Ethyl acetate;Water;288.141;0.0176;0.030107694;0.030139448;L1;53.6881863
381;Ethyl acetate;Water;288.141;0.018170777;0.030107694;0.030139448;L1;50.49661208
381;Ethyl acetate;Water;288.141;0.0178;0.030107694;0.030139448;L1;52.55823077
381;Ethyl acetate;Water;288.2;0.0194;0.030086077;0.030117033;L1;43.87894539
381;Ethyl acetate;Water;290.1398;0.017282921;0.029406518;0.029422742;L1;53.14975768
381;Ethyl acetate;Water;290.6395;0.0172;0.029240793;0.029264786;L1;53.06553829
381;Ethyl acetate;Water;292.33848;0.016771514;0.028703754;0.028727735;L1;53.73460798
381;Ethyl acetate;Water;293.138;0.0187;0.0284644;0.028475005;L1;42.01306726
381;Ethyl acetate;Water;293.138;0.024673176;0.0284644;0.028475005;L1;14.29375349
381;Ethyl acetate;Water;293.138;0.017;0.0284644;0.028475005;L1;51.54408525
381;Ethyl acetate;Water;293.138;0.0158;0.0284644;0.028475005;L1;58.86442565
381;Ethyl acetate;Water;293.138;0.013878889;0.0284644;0.028475005;L1;71.82852879
381;Ethyl acetate;Water;293.138;0.0166;0.0284644;0.028475005;L1;53.92515011
381;Ethyl acetate;Water;293.138;0.016885433;0.0284644;0.028475005;L1;52.22028989
381;Ethyl acetate;Water;293.138;0.016;0.0284644;0.028475005;L1;57.60654743
381;Ethyl acetate;Water;293.138;0.016934027;0.0284644;0.028475005;L1;51.93291669
381;Ethyl acetate;Water;293.138;0.014973605;0.0284644;0.028475005;L1;64.23652121
381;Ethyl acetate;Water;293.138;0.0173;0.0284644;0.028475005;L1;49.7947695
381;Ethyl acetate;Water;293.14537;0.017143257;0.028462232;0.028472675;L1;50.69730978
381;Ethyl acetate;Water;293.15;0.018;0.02846087;0.028471211;L1;45.81584095
381;Ethyl acetate;Water;293.15;0.018170777;0.02846087;0.028471211;L1;44.87155231
381;Ethyl acetate;Water;293.15;0.0182;0.02846087;0.028471211;L1;44.71085733
381;Ethyl acetate;Water;293.2;0.0172;0.028446181;0.028455406;L1;50.31045157
381;Ethyl acetate;Water;293.2;0.0181;0.028446181;0.028455406;L1;45.21019613
381;Ethyl acetate;Water;293.34533;0.016980495;0.028403662;0.028409467;L1;51.44527355
381;Ethyl acetate;Water;293.38;0.017306213;0.028393557;0.028398508;L1;49.50966935
381;Ethyl acetate;Water;293.53784;0.016701924;0.028347744;0.028348614;L1;52.90235448
381;Ethyl acetate;Water;293.6378;0.016678735;0.02831889;0.028320458;L1;52.93945116
381;Ethyl acetate;Water;294.43748;0.016609193;0.028092418;0.028108285;L1;52.55433955
381;Ethyl acetate;Water;295.1372;0.016539685;0.027900443;0.027922634;L1;52.2879908
381;Ethyl acetate;Water;295.1372;0.011091238;0.027900443;0.027922634;L1;92.24871254
381;Ethyl acetate;Water;295.73696;0.016377639;0.027740325;0.027763505;L1;52.69701871
381;Ethyl acetate;Water;295.83692;0.016331375;0.027714027;0.027736983;L1;52.88505631
381;Ethyl acetate;Water;296.1368;0.016308249;0.027635788;0.027657418;L1;52.74405318
381;Ethyl acetate;Water;296.53664;0.016285127;0.027532976;0.027551332;L1;52.51321925
381;Ethyl acetate;Water;297.83612;0.016123382;0.027210355;0.027213425;L1;52.33270795
381;Ethyl acetate;Water;298.09438;0.016355882;0.027148268;0.027155548;L1;50.67256675
381;Ethyl acetate;Water;298.136;0.016123382;0.027138324;0.027146221;L1;52.06763827
381;Ethyl acetate;Water;298.136;0.0172;0.027138324;0.027146221;L1;45.60375154
381;Ethyl acetate;Water;298.136;0.0172;0.027138324;0.027146221;L1;45.60375154
381;Ethyl acetate;Water;298.136;0.0176;0.027138324;0.027146221;L1;43.30479972
381;Ethyl acetate;Water;298.136;0.0163;0.027138324;0.027146221;L1;50.97817914
381;Ethyl acetate;Water;298.136;0.016;0.027138324;0.027146221;L1;52.8358177
381;Ethyl acetate;Water;298.136;0.016;0.027138324;0.027146221;L1;52.8358177
381;Ethyl acetate;Water;298.136;0.0161;0.027138324;0.027146221;L1;52.21276273
381;Ethyl acetate;Water;298.136;0.0148;0.027138324;0.027146221;L1;60.63197185
381;Ethyl acetate;Water;298.136;0.01488;0.027138324;0.027146221;L1;60.09288698
381;Ethyl acetate;Water;298.136;0.016447064;0.027138324;0.027146221;L1;50.07999182
381;Ethyl acetate;Water;298.136;0.01489;0.027138324;0.027146221;L1;60.02570526
381;Ethyl acetate;Water;298.14437;0.0163;0.027136326;0.027144346;L1;50.97081746
381;Ethyl acetate;Water;298.14437;0.013824053;0.027136326;0.027144346;L1;67.44632364
381;Ethyl acetate;Water;298.14437;0.0131;0.027136326;0.027144346;L1;72.82610522
381;Ethyl acetate;Water;298.14437;0.0149;0.027136326;0.027144346;L1;59.95120694
381;Ethyl acetate;Water;298.14437;0.01584655;0.027136326;0.027144346;L1;53.79214714
381;Ethyl acetate;Water;298.14437;0.016238895;0.027136326;0.027144346;L1;51.34639918
381;Ethyl acetate;Water;298.15;0.0142;0.027134983;0.027143084;L1;64.75818113
381;Ethyl acetate;Water;298.15;0.0008;0.027134983;0.027143084;L1;352.3967327
381;Ethyl acetate;Water;298.15;0.016121073;0.027134983;0.027143084;L1;52.06964777
381;Ethyl acetate;Water;298.15;0.022;0.027134983;0.027143084;L1;20.97813225
381;Ethyl acetate;Water;298.15;0.015294566;0.027134983;0.027143084;L1;57.33261739
381;Ethyl acetate;Water;298.15;0.018405379;0.027134983;0.027143084;L1;38.8180817
381;Ethyl acetate;Water;298.15;0.0139;0.027134983;0.027143084;L1;66.89349357
381;Ethyl acetate;Water;298.19436;0.02101;0.027124409;0.027133143;L1;25.54355022
381;Ethyl acetate;Water;298.19436;0.01614;0.027124409;0.027133143;L1;51.91333542
381;Ethyl acetate;Water;298.2;0.017516012;0.027123066;0.027131879;L1;43.72690684
381;Ethyl acetate;Water;298.2;0.016121;0.027123066;0.027131879;L1;52.02617325
381;Ethyl acetate;Water;298.2;0.0176;0.027123066;0.027131879;L1;43.24856004
381;Ethyl acetate;Water;298.23596;0.016100291;0.02711451;0.02712382;L1;52.12316676
381;Ethyl acetate;Water;298.53584;0.016100291;0.02704365;0.027056617;L1;51.86148985
381;Ethyl acetate;Water;298.53584;0.016100291;0.02704365;0.027056617;L1;51.86148985
381;Ethyl acetate;Water;298.53584;0.016100291;0.02704365;0.027056617;L1;51.86148985
381;Ethyl acetate;Water;299.03564;0.015961829;0.026927464;0.026944611;L1;52.29465333
381;Ethyl acetate;Water;299.11;0.01576361;0.026910379;0.026927947;L1;53.48079298
381;Ethyl acetate;Water;299.1356;0.015961829;0.026904509;0.02692221;L1;52.20937178
381;Ethyl acetate;Water;299.15;0.0212;0.02690121;0.026918983;L1;23.81700722
381;Ethyl acetate;Water;299.19416;0.0176;0.026891105;0.026909087;L1;42.38966458
381;Ethyl acetate;Water;299.43548;0.015984896;0.026836203;0.026855007;L1;51.81075748
381;Ethyl acetate;Water;300.1352;0.015685324;0.026680023;0.026698199;L1;53.1189589
381;Ethyl acetate;Water;300.1352;0.015869598;0.026680023;0.026698199;L1;51.95098837
381;Ethyl acetate;Water;300.635;0.015570278;0.026571145;0.026586194;L1;53.44620104
381;Ethyl acetate;Water;301.1348;0.0147;0.026464442;0.026474188;L1;58.79545457
381;Ethyl acetate;Water;301.1348;0.015708344;0.026464442;0.026474188;L1;52.16100033
381;Ethyl acetate;Water;301.23476;0.015708344;0.026443359;0.026451787;L1;52.08130055
381;Ethyl acetate;Water;301.53464;0.015731369;0.026380614;0.026384584;L1;51.69726705
381;Ethyl acetate;Water;301.83452;0.015708344;0.026318621;0.026319682;L1;51.60846895
381;Ethyl acetate;Water;302.83;0.014879752;0.026118097;0.026130473;L1;56.26270658
381;Ethyl acetate;Water;302.83412;0.015524288;0.026117283;0.02612969;L1;52.01915191
381;Ethyl acetate;Water;302.843145;0.014721952;0.026115502;0.026127974;L1;57.31893636
381;Ethyl acetate;Water;303.02;0.015869598;0.026080723;0.02609436;L1;49.67912736
381;Ethyl acetate;Water;303.03404;0.015524288;0.026077973;0.026091691;L1;51.86852494
381;Ethyl acetate;Water;303.134;0.0154;0.026058436;0.026072692;L1;52.59740367
381;Ethyl acetate;Water;303.134;0.015662307;0.026058436;0.026072692;L1;50.90845484
381;Ethyl acetate;Water;303.134;0.015386408;0.026058436;0.026072692;L1;52.68570239
381;Ethyl acetate;Water;303.134;0.0157;0.026058436;0.026072692;L1;50.66808338
381;Ethyl acetate;Water;303.134;0.015547281;0.026058436;0.026072692;L1;51.64557781
381;Ethyl acetate;Water;303.134;0.015731369;0.026058436;0.026072692;L1;50.46848017
381;Ethyl acetate;Water;303.134;0.015478312;0.026058436;0.026072692;L1;52.09017279
381;Ethyl acetate;Water;303.134;0.0145;0.026058436;0.026072692;L1;58.61928967
381;Ethyl acetate;Water;303.134;0.0142;0.026058436;0.026072692;L1;60.70995816
381;Ethyl acetate;Water;303.134;0.014470764;0.026058436;0.026072692;L1;58.8211208
381;Ethyl acetate;Water;303.134;0.015501298;0.026058436;0.026072692;L1;51.94177838
381;Ethyl acetate;Water;303.134;0.015386408;0.026058436;0.026072692;L1;52.68570239
381;Ethyl acetate;Water;303.134;0.016077205;0.026058436;0.026072692;L1;48.29391159
381;Ethyl acetate;Water;303.134;0.0155;0.026058436;0.026072692;L1;51.95015222
381;Ethyl acetate;Water;303.143055;0.0145;0.02605667;0.026070971;L1;58.61251253
381;Ethyl acetate;Water;303.143055;0.016447064;0.02605667;0.026070971;L1;46.01267937
381;Ethyl acetate;Water;303.143055;0.016447064;0.02605667;0.026070971;L1;46.01267937
381;Ethyl acetate;Water;303.15;0.0175;0.026055316;0.026069651;L1;39.80209279
381;Ethyl acetate;Water;303.15;0.013;0.026055316;0.026069651;L1;69.52724514
381;Ethyl acetate;Water;303.2;0.015358;0.026045579;0.026060148;L1;52.82115196
381;Ethyl acetate;Water;303.2;0.0166;0.026045579;0.026060148;L1;45.04453351
381;Ethyl acetate;Water;303.23396;0.015478312;0.026038976;0.026053693;L1;52.01546878
381;Ethyl acetate;Water;304.33352;0.015294566;0.025829966;0.025844701;L1;52.40376995
381;Ethyl acetate;Water;304.93328;0.015271615;0.025719761;0.025730705;L1;52.12637209
381;Ethyl acetate;Water;305.03324;0.015248668;0.025701647;0.025711706;L1;52.2062935
381;Ethyl acetate;Water;305.03324;0.015271615;0.025701647;0.025711706;L1;52.05592134
381;Ethyl acetate;Water;305.1332;0.015133991;0.025683605;0.025692707;L1;52.89095897
381;Ethyl acetate;Water;305.93288;0.015088147;0.025541822;0.025542872;L1;52.64077378
381;Ethyl acetate;Water;306.1328;0.01501941;0.025507075;0.025510833;L1;52.96124863
381;Ethyl acetate;Water;306.93248;0.014904926;0.025370805;0.025382676;L1;53.19073565
381;Ethyl acetate;Water;307.09187;0.0152;0.025344157;0.025357133;L1;51.12527811
381;Ethyl acetate;Water;307.1324;0.014859159;0.025337408;0.025350637;L1;53.36654239
381;Ethyl acetate;Water;307.92;0.015409378;0.02520838;0.025224416;L1;49.22001914
381;Ethyl acetate;Water;308.132;0.0196;0.025174332;0.025190441;L1;25.02953354
381;Ethyl acetate;Water;308.132;0.0149;0.025174332;0.025190441;L1;52.44636887
381;Ethyl acetate;Water;308.132;0.014882041;0.025174332;0.025190441;L1;52.56697176
381;Ethyl acetate;Water;308.15;0.015;0.025171454;0.025187556;L1;51.76603825
381;Ethyl acetate;Water;308.15;0.0145;0.025171454;0.025187556;L1;55.15619342
381;Ethyl acetate;Water;308.15;0.022;0.025171454;0.025187556;L1;13.46681302
381;Ethyl acetate;Water;308.15;0.0007;0.025171454;0.025187556;L1;358.2385528
381;Ethyl acetate;Water;308.15;0.0179;0.025171454;0.025187556;L1;34.09098708
381;Ethyl acetate;Water;308.2;0.015156918;0.025163471;0.025179543;L1;50.69363313
381;Ethyl acetate;Water;308.2;0.015271615;0.025163471;0.025179543;L1;49.93975161
381;Ethyl acetate;Water;308.2;0.014756;0.025163471;0.025179543;L1;53.3743613
381;Ethyl acetate;Water;309.93128;0.01474481;0.024896594;0.024902088;L1;52.38398656
381;Ethyl acetate;Water;310.1312;0.0134;0.02486694;0.024870049;L1;61.82845083
381;Ethyl acetate;Water;310.1312;0.01341;0.02486694;0.024870049;L1;61.75385179
381;Ethyl acetate;Water;310.52;0.015340479;0.02480994;0.024819406;L1;48.07493532
381;Ethyl acetate;Water;310.93088;0.014607718;0.024750651;0.024781738;L1;52.73017926
381;Ethyl acetate;Water;310.98086;0.015156918;0.024743505;0.024777156;L1;49.01059882
381;Ethyl acetate;Water;311.59052;0.0145;0.024657472;0.024721264;L1;53.09313156
381;Ethyl acetate;Water;312.640205;0.013515939;0.024514153;0.024625033;L1;59.53809746
381;Ethyl acetate;Water;312.81;0.013819843;0.024491529;0.024609467;L1;57.22218499
381;Ethyl acetate;Water;313.03004;0.014402339;0.024462439;0.024589294;L1;52.97481951
381;Ethyl acetate;Water;313.03004;0.014402339;0.024462439;0.024589294;L1;52.97481951
381;Ethyl acetate;Water;313.13;0.014356741;0.024449308;0.02458013;L1;53.23823077
381;Ethyl acetate;Water;313.13;0.0131;0.024449308;0.02458013;L1;62.39896654
381;Ethyl acetate;Water;313.13;0.01405128;0.024449308;0.02458013;L1;55.38884008
381;Ethyl acetate;Water;313.13;0.0145;0.024449308;0.02458013;L1;52.24532462
381;Ethyl acetate;Water;313.140055;0.013493287;0.02444799;0.024579209;L1;59.43556868
381;Ethyl acetate;Water;313.140055;0.0124;0.02444799;0.024579209;L1;67.88515167
381;Ethyl acetate;Water;313.15;0.0142;0.024446687;0.024578297;L1;54.32527266
381;Ethyl acetate;Water;313.15;0.0142;0.024446687;0.024578297;L1;54.32527266
381;Ethyl acetate;Water;313.2;0.0163;0.024440143;0.024573713;L1;40.50618975
381;Ethyl acetate;Water;313.2;0.014276;0.024440143;0.024573713;L1;53.76471997
381;Ethyl acetate;Water;316.07;0.014859159;0.024085791;0.024310602;L1;48.30056451
381;Ethyl acetate;Water;318.08857;0.014014633;0.023860176;0.024125547;L1;53.21087868
381;Ethyl acetate;Water;318.1285;0.0141;0.023855899;0.024121886;L1;52.58567171
381;Ethyl acetate;Water;318.15;0.0137;0.023853599;0.024119915;L1;55.45392639
381;Ethyl acetate;Water;318.15;0.0117;0.023853599;0.024119915;L1;71.2346255
381;Ethyl acetate;Water;318.15;0.02;0.023853599;0.024119915;L1;17.62028232
381;Ethyl acetate;Water;318.2;0.013704;0.023848258;0.024115331;L1;55.40234035
381;Ethyl acetate;Water;318.2;0.0142;0.023848258;0.024115331;L1;51.84691999
381;Ethyl acetate;Water;318.58842;0.0136;0.02380714;0.024079722;L1;55.99157576
381;Ethyl acetate;Water;320.18794;0.0133;0.023644649;0.023933084;L1;57.53728168
381;Ethyl acetate;Water;323.127;0.015;0.023373281;0.023663641;L1;44.35433413
381;Ethyl acetate;Water;323.127;0.0122;0.023373281;0.023663641;L1;65.01575906
381;Ethyl acetate;Water;323.127;0.0139;0.023373281;0.023663641;L1;51.97047022
381;Ethyl acetate;Water;323.127;0.0121;0.023373281;0.023663641;L1;65.83880898
381;Ethyl acetate;Water;323.137055;0.0165;0.023372411;0.02366272;L1;34.81959079
381;Ethyl acetate;Water;323.137055;0.013334828;0.023372411;0.02366272;L1;56.11770296
381;Ethyl acetate;Water;323.15;0.013;0.02337129;0.023661533;L1;58.65589923
381;Ethyl acetate;Water;323.15;0.0134;0.02337129;0.023661533;L1;55.62536428
381;Ethyl acetate;Water;323.15;0.013;0.02337129;0.023661533;L1;58.65589923
381;Ethyl acetate;Water;323.2;0.022;0.023366968;0.023656949;L1;6.028096455
381;Ethyl acetate;Water;323.64;0.013463845;0.023329341;0.023616611;L1;54.97039122
381;Ethyl acetate;Water;325.05;0.014242814;0.023213565;0.023487348;L1;48.84843085
381;Ethyl acetate;Water;327.68569;0.0124;0.023015935;0.023245717;L1;61.84903494
381;Ethyl acetate;Water;328.135555;0.011738036;0.022984546;0.023204475;L1;67.19875805
381;Ethyl acetate;Water;328.15;0.0131;0.022983549;0.023203151;L1;56.21664864
381;Ethyl acetate;Water;329.2;0.014106227;0.022912892;0.023106891;L1;48.50833941
381;Ethyl acetate;Water;333.03439;0.013018468;0.02268385;0.022755368;L1;55.52842518
381;Ethyl acetate;Water;333.11;0.013242103;0.022679771;0.022748436;L1;53.8072014
381;Ethyl acetate;Water;333.13437;0.0118;0.02267846;0.022746202;L1;65.33160488
381;Ethyl acetate;Water;333.15;0.0129;0.02267762;0.022744769;L1;56.41512305
381;Ethyl acetate;Water;333.15;0.013;0.02267762;0.022744769;L1;55.64291844
381;Ethyl acetate;Water;338.13;0.013833467;0.022444149;0.022521108;L1;48.39391514
381;Ethyl acetate;Water;338.15;0.0126;0.022443343;0.022520685;L1;57.72972372
381;Ethyl acetate;Water;342.9821;0.0133;0.022277325;0.022418427;L1;51.58053041
381;Ethyl acetate;Water;343.124;0.013;0.022273281;0.022415424;L1;53.8438458
381;Ethyl acetate;Water;343.132055;0.010957806;0.022273053;0.022415254;L1;70.93254928
381;Ethyl acetate;Water;343.15;0.0122;0.022272545;0.022414874;L1;60.19188227
381;Ethyl acetate;Water;343.38198;0.025;0.022266047;0.022409965;L1;11.58128704
381;Ethyl acetate;Water;343.52396;0.013561254;0.02226213;0.02240696;L1;49.56702575
381;Ethyl acetate;Water;343.531935;0.013561254;0.022261911;0.022406791;L1;49.56604346
381;Ethyl acetate;Water;343.6;0.012;0.02226005;0.022405351;L1;61.78869619
381;Ethyl acetate;Water;343.631905;0.012612805;0.022259182;0.022404676;L1;56.80420256
381;Ethyl acetate;Water;348.15;0.012;0.022158599;0.022309063;L1;61.33189887
381;Ethyl acetate;Water;349.38018;0.0145;0.022138635;0.02228303;L1;42.31756222
381;Ethyl acetate;Water;356.07817;0.0158;0.022081562;0.022141286;L1;33.47330108
381;Ethyl acetate;Water;273.15;0.898403498;0.850276259;0.850276138;L2;5.505798918
381;Ethyl acetate;Water;273.15;0.8988;0.850276259;0.850276138;L2;5.549923249
381;Ethyl acetate;Water;273.15;0.893466182;0.850276259;0.850276138;L2;4.954717715
381;Ethyl acetate;Water;273.15;0.8935;0.850276259;0.850276138;L2;4.958502678
381;Ethyl acetate;Water;273.15;0.872;0.850276259;0.850276138;L2;2.522811609
381;Ethyl acetate;Water;273.15;0.903800301;0.850276259;0.850276138;L2;6.104712219
381;Ethyl acetate;Water;273.15;0.896753024;0.850276259;0.850276138;L2;5.321918076
381;Ethyl acetate;Water;273.15;0.8988;0.850276259;0.850276138;L2;5.549923249
381;Ethyl acetate;Water;274.74904;0.894286136;0.85052863;0.850461674;L2;5.01677124
381;Ethyl acetate;Water;278.1492701;0.855;0.850779877;0.850737618;L2;0.494803772
381;Ethyl acetate;Water;280.24574;0.888164821;0.850760697;0.850716625;L2;4.302644753
381;Ethyl acetate;Water;282.948115;0.889383871;0.850561592;0.850513053;L2;4.463211597
381;Ethyl acetate;Water;283.15;0.8915;0.850539351;0.850489567;L2;4.703475851
381;Ethyl acetate;Water;283.15;0.889;0.850539351;0.850489567;L2;4.422655672
381;Ethyl acetate;Water;283.2;0.888;0.850533691;0.85048375;L2;4.310771927
381;Ethyl acetate;Water;286.44202;0.88010361;0.850043263;0.850009587;L2;3.475239312
381;Ethyl acetate;Water;288.141;0.8702;0.849694935;0.849657328;L2;2.384568506
381;Ethyl acetate;Water;288.141;0.875718132;0.849694935;0.849657328;L2;3.016688681
381;Ethyl acetate;Water;288.141;0.8789;0.849694935;0.849657328;L2;3.379374035
381;Ethyl acetate;Water;288.2;0.8745;0.849681776;0.849645095;L2;2.879039582
381;Ethyl acetate;Water;290.6395;0.875;0.849078176;0.849047096;L2;3.007262474
381;Ethyl acetate;Water;290.83938;0.87254988;0.849023722;0.848989878;L2;2.733269434
381;Ethyl acetate;Water;293.138;0.869399302;0.848345877;0.848331868;L2;2.451408968
381;Ethyl acetate;Water;293.138;0.8635;0.848345877;0.848331868;L2;1.770547157
381;Ethyl acetate;Water;293.138;0.876512973;0.848345877;0.848331868;L2;3.266307914
381;Ethyl acetate;Water;293.138;0.848;0.848345877;0.848331868;L2;0.040779023
381;Ethyl acetate;Water;293.138;0.857;0.848345877;0.848331868;L2;1.014949258
381;Ethyl acetate;Water;293.138;0.8726;0.848345877;0.848331868;L2;2.818883467
381;Ethyl acetate;Water;293.14537;0.868614401;0.848343555;0.848329758;L2;2.361361073
381;Ethyl acetate;Water;293.15;0.8886;0.848342095;0.848328433;L2;4.636322187
381;Ethyl acetate;Water;293.15;0.8532;0.848342095;0.848328433;L2;0.571001797
381;Ethyl acetate;Water;293.15;0.853142946;0.848342095;0.848328433;L2;0.564314513
381;Ethyl acetate;Water;293.2;0.8733;0.848326313;0.84831412;L2;2.90137747
381;Ethyl acetate;Water;293.34533;0.87334028;0.848280201;0.848272517;L2;2.911425577
381;Ethyl acetate;Water;293.58;0.869006715;0.848204978;0.848204649;L2;2.422852691
381;Ethyl acetate;Water;298;0.8468;0.846621557;0.84661257;L2;0.021074851
381;Ethyl acetate;Water;298.09438;0.885;0.846584449;0.846573194;L2;4.437768576
381;Ethyl acetate;Water;298.136;0.899;0.846568043;0.84655583;L2;6.00924543
381;Ethyl acetate;Water;298.136;0.8635;0.846568043;0.84655583;L2;1.980331742
381;Ethyl acetate;Water;298.136;0.869;0.846568043;0.84655583;L2;2.61525451
381;Ethyl acetate;Water;298.136;0.861;0.846568043;0.84655583;L2;1.690392426
381;Ethyl acetate;Water;298.136;0.85928021;0.846568043;0.84655583;L2;1.490449351
381;Ethyl acetate;Water;298.136;0.8566;0.846568043;0.84655583;L2;1.178048501
381;Ethyl acetate;Water;298.14437;0.846318691;0.846564741;0.846552338;L2;0.029068725
381;Ethyl acetate;Water;298.14437;0.865;0.846564741;0.846552338;L2;2.15428277
381;Ethyl acetate;Water;298.14437;0.845565616;0.846564741;0.846552338;L2;0.118090776
381;Ethyl acetate;Water;298.14437;0.8869;0.846564741;0.846552338;L2;4.654555715
381;Ethyl acetate;Water;298.15;0.867;0.846562519;0.846549989;L2;2.385492217
381;Ethyl acetate;Water;298.15;0.872;0.846562519;0.846549989;L2;2.96053693
381;Ethyl acetate;Water;298.15;0.819123146;0.846562519;0.846549989;L2;3.294962064
381;Ethyl acetate;Water;298.15;0.8652;0.846562519;0.846549989;L2;2.177663947
381;Ethyl acetate;Water;298.15;0.862374359;0.846562519;0.846549989;L2;1.850541296
381;Ethyl acetate;Water;298.15;0.8285;0.846562519;0.846549989;L2;2.156721774
381;Ethyl acetate;Water;298.2;0.828159617;0.846542766;0.846529129;L2;2.195481078
381;Ethyl acetate;Water;298.2;0.8677;0.846542766;0.846529129;L2;2.468531206
381;Ethyl acetate;Water;299.03564;0.858509344;0.846207175;0.846180494;L2;1.443334676
381;Ethyl acetate;Water;299.11;0.856203119;0.84617682;0.84614947;L2;1.177929149
381;Ethyl acetate;Water;299.15;0.8653;0.846160458;0.846132782;L2;2.236725883
381;Ethyl acetate;Water;302.8;0.854670926;0.844573267;0.844552772;L2;1.188502296
381;Ethyl acetate;Water;302.83;0.84677103;0.844559459;0.844538595;L2;0.261518624
381;Ethyl acetate;Water;302.843145;0.858509344;0.844553411;0.844532383;L2;1.638958402
381;Ethyl acetate;Water;303.134;0.8456;0.844419014;0.844394931;L2;0.139760161
381;Ethyl acetate;Water;303.134;0.858894644;0.844419014;0.844394931;L2;1.699743192
381;Ethyl acetate;Water;303.134;0.8589;0.844419014;0.844394931;L2;1.700366783
381;Ethyl acetate;Water;303.134;0.849720299;0.844419014;0.844394931;L2;0.625840239
381;Ethyl acetate;Water;303.134;0.848584102;0.844419014;0.844394931;L2;0.492036526
381;Ethyl acetate;Water;303.134;0.849341307;0.844419014;0.844394931;L2;0.581228318
381;Ethyl acetate;Water;303.134;0.849341307;0.844419014;0.844394931;L2;0.581228318
381;Ethyl acetate;Water;303.134;0.8551;0.844419014;0.844394931;L2;1.256958822
381;Ethyl acetate;Water;303.134;0.849341307;0.844419014;0.844394931;L2;0.581228318
381;Ethyl acetate;Water;303.134;0.850479062;0.844419014;0.844394931;L2;0.715096013
381;Ethyl acetate;Water;303.134;0.8505;0.844419014;0.844394931;L2;0.717557889
381;Ethyl acetate;Water;303.143055;0.842;0.844414812;0.844390652;L2;0.286384262
381;Ethyl acetate;Water;303.15;0.859;0.844411588;0.84438737;L2;1.712888255
381;Ethyl acetate;Water;303.15;0.8647;0.844411588;0.84438737;L2;2.374258653
381;Ethyl acetate;Water;303.2;0.8508;0.844388362;0.844363741;L2;0.756454962
381;Ethyl acetate;Water;306.53264;0.845565616;0.842768649;0.842753496;L2;0.331328926
381;Ethyl acetate;Water;307.89163;0.8401;0.842069035;0.842039872;L2;0.234106815
381;Ethyl acetate;Water;308.132;0.849;0.841943018;0.84191365;L2;0.834684864
381;Ethyl acetate;Water;308.15;0.8402;0.841933554;0.841904198;L2;0.206113829
381;Ethyl acetate;Water;308.15;0.868;0.841933554;0.841904198;L2;3.049061764
381;Ethyl acetate;Water;308.15;0.839;0.841933554;0.841904198;L2;0.349039055
381;Ethyl acetate;Water;308.15;0.8479;0.841933554;0.841904198;L2;0.706160729
381;Ethyl acetate;Water;308.15;0.8505;0.841933554;0.841904198;L2;1.012331481
381;Ethyl acetate;Water;308.2;0.848584102;0.841907246;0.841877942;L2;0.789934945
381;Ethyl acetate;Water;308.2;0.855436495;0.841907246;0.841877942;L2;1.594201038
381;Ethyl acetate;Water;309.83132;0.841068666;0.841033074;0.841021314;L2;0.004231907
381;Ethyl acetate;Water;310.98086;0.809179316;0.840398967;0.840325918;L2;3.785619553
381;Ethyl acetate;Water;311.37;0.835129484;0.840180993;0.840064985;L2;0.603055271
381;Ethyl acetate;Water;312.640205;0.844062546;0.839458023;0.839213266;L2;0.547012596
381;Ethyl acetate;Water;312.73016;0.8343916;0.839406164;0.839152948;L2;0.599185736
381;Ethyl acetate;Water;312.81;0.831083426;0.839360064;0.839099412;L2;0.990959047
381;Ethyl acetate;Water;313.140055;0.835129484;0.839168769;0.838878098;L2;0.482505727
381;Ethyl acetate;Water;313.140055;0.834;0.839168769;0.838878098;L2;0.61784384
381;Ethyl acetate;Water;313.15;0.8443;0.839162987;0.83887143;L2;0.610293099
381;Ethyl acetate;Water;313.15;0.831;0.839162987;0.83887143;L2;0.977515583
381;Ethyl acetate;Water;313.2;0.817;0.839133901;0.838837903;L2;2.673119529
381;Ethyl acetate;Water;313.82979;0.83218392;0.838765292;0.838415605;L2;0.787744564
381;Ethyl acetate;Water;317.32;0.822719614;0.836648555;0.836075291;L2;1.678864083
381;Ethyl acetate;Water;318.15;0.8385;0.836127251;0.835518745;L2;0.283376506
381;Ethyl acetate;Water;318.15;0.7946;0.836127251;0.835518745;L2;5.094197282
381;Ethyl acetate;Water;318.15;0.862;0.836127251;0.835518745;L2;3.047445446
381;Ethyl acetate;Water;318.2;0.806;0.836095633;0.835485218;L2;3.665925757
381;Ethyl acetate;Water;319.1282;0.822719614;0.83550428;0.834862826;L2;1.542001586
381;Ethyl acetate;Water;322.68719;0.8116;0.833161477;0.832476392;L2;2.621986552
381;Ethyl acetate;Water;323.127;0.8336;0.83286386;0.832181483;L2;0.088347541
381;Ethyl acetate;Water;323.137055;0.8222;0.832857036;0.832174741;L2;1.287832696
381;Ethyl acetate;Water;323.137055;0.829254202;0.832857036;0.832174741;L2;0.433525638
381;Ethyl acetate;Water;323.15;0.816;0.832848248;0.832166061;L2;2.043709543
381;Ethyl acetate;Water;323.15;0.768;0.832848248;0.832166061;L2;8.106171724
381;Ethyl acetate;Water;323.15;0.8322;0.832848248;0.832166061;L2;0.077865384
381;Ethyl acetate;Water;323.2;0.811;0.832814292;0.832132534;L2;2.65426249
381;Ethyl acetate;Water;323.64;0.80910895;0.832514513;0.831837497;L2;2.851707474
381;Ethyl acetate;Water;325.62;0.805672337;0.831144214;0.830509834;L2;3.112619221
381;Ethyl acetate;Water;326.22607;0.80847607;0.8307179;0.830103442;L2;2.713918581
381;Ethyl acetate;Water;328.135555;0.803579202;0.829354106;0.828823062;L2;3.157146014
381;Ethyl acetate;Water;328.15;0.8252;0.82934367;0.828813376;L2;0.500884821
381;Ethyl acetate;Water;329.7;0.794945835;0.828213781;0.827774044;L2;4.099733024
381;Ethyl acetate;Water;331.1246;0.798727138;0.827157745;0.826818797;L2;3.497603699
381;Ethyl acetate;Water;332.18456;0.7902;0.826361269;0.826108055;L2;4.474597218
381;Ethyl acetate;Water;333.03439;0.822358886;0.825716153;0.825538212;L2;0.407417284
381;Ethyl acetate;Water;333.11;0.789866874;0.825658476;0.825487513;L2;4.431680374
381;Ethyl acetate;Water;333.13437;0.7958;0.825639877;0.825471172;L2;3.681079599
381;Ethyl acetate;Water;333.15;0.755;0.825627945;0.825460692;L2;8.942649342
381;Ethyl acetate;Water;333.15;0.8093;0.825627945;0.825460692;L2;1.997456617
381;Ethyl acetate;Water;334.07;0.788816334;0.824922226;0.824843798;L2;4.475560043
381;Ethyl acetate;Water;338.15;0.7972;0.821712911;0.821463567;L2;3.028548848
381;Ethyl acetate;Water;338.63;0.769542662;0.821326957;0.821048613;L2;6.512487909
381;Ethyl acetate;Water;343.124;0.762;0.817630176;0.817163606;L2;7.046357093
381;Ethyl acetate;Water;343.132055;0.77478822;0.817623417;0.817156643;L2;5.38121322
381;Ethyl acetate;Water;343.15;0.7892;0.817608357;0.81714113;L2;3.536366612
381;Ethyl acetate;Water;343.531935;0.768565052;0.817287271;0.816810952;L2;6.14654431
381;Ethyl acetate;Water;343.6;0.775;0.81722994;0.81675211;L2;5.305746994
381;Ethyl acetate;Water;343.631905;0.814838883;0.817203054;0.816724529;L2;0.289719648
381;Ethyl acetate;Water;344.68159;0.7575;0.816314428;0.815817089;L2;7.477607237
381;Ethyl acetate;Water;346.18114;0.7536;0.815031288;0.814520747;L2;7.836477917
381;Ethyl acetate;Water;348.15;0.7404;0.813322416;0.812818692;L2;9.393702557
381;Ethyl acetate;Water;364.07618;0.7114;0.798533432;0.798236534;L2;11.5541976
429;2-Butanol;Water;249.76872;0.0582;0.003732869;0.00373319;L1;274.6708283
429;2-Butanol;Water;252.1668;0.067;0.003801481;0.003807452;L1;286.9301991
429;2-Butanol;Water;255.96376;0.077;0.003913395;0.003925033;L1;297.9400011
429;2-Butanol;Water;258.26192;0.0709;0.003983106;0.0039962;L1;287.920859
429;2-Butanol;Water;264.35704;0.0829;0.0041753;0.004184949;L1;298.8448749
429;2-Butanol;Water;264.75672;0.0786;0.004188279;0.004197326;L1;293.2081907
429;2-Butanol;Water;264.85;0.077210923;0.004191314;0.004200214;L1;291.3526616
429;2-Butanol;Water;265.15197;0.082862405;0.004201159;0.004209565;L1;298.182112
429;2-Butanol;Water;266.15177;0.082862405;0.004233943;0.004240526;L1;297.4047725
429;2-Butanol;Water;267.15157;0.08094814;0.004267021;0.004271487;L1;294.2892813
429;2-Butanol;Water;267.75432;0.0852;0.004287105;0.004290153;L1;298.9389841
429;2-Butanol;Water;268.15137;0.080567462;0.004300393;0.004302448;L1;293.0388456
429;2-Butanol;Water;268.85344;0.08;0.004324004;0.004324189;L1;291.7844828
429;2-Butanol;Water;269.15117;0.08094814;0.004334061;0.004334608;L1;292.7303755
429;2-Butanol;Water;270.1509524;0.079808265;0.004368025;0.004371358;L1;290.5316128
429;2-Butanol;Water;270.55208;0.08;0.004381736;0.004386102;L1;290.4581743
429;2-Butanol;Water;271.1506349;0.082094516;0.004402284;0.004408104;L1;292.5747783
429;2-Butanol;Water;271.48;0.08287;0.004413636;0.004420211;L1;293.2574175
429;2-Butanol;Water;272.1503175;0.081711665;0.004436842;0.00444485;L1;291.3253936
429;2-Butanol;Water;273.15;0.080187504;0.004471701;0.004481597;L1;288.6598891
429;2-Butanol;Water;273.15;0.078674835;0.004471701;0.004481597;L1;286.7554545
429;2-Butanol;Water;273.15;0.0864;0.004471701;0.004481597;L1;296.1218875
429;2-Butanol;Water;273.62;0.08237;0.004488194;0.004498873;L1;290.977094
429;2-Butanol;Water;273.99;0.077210923;0.004501225;0.004512473;L1;284.21914
429;2-Butanol;Water;274.149854;0.08094814;0.004506868;0.004518349;L1;288.8206351
429;2-Butanol;Water;274.169388;0.0786;0.004507558;0.004519067;L1;285.8616245
429;2-Butanol;Water;274.21;0.08207;0.004508993;0.00452056;L1;290.1498772
429;2-Butanol;Water;274.34928;0.0709;0.004513918;0.00452568;L1;275.4104925
429;2-Butanol;Water;274.41;0.08145;0.004516067;0.004527912;L1;289.2347838
429;2-Butanol;Water;275;0.08;0.004537007;0.004549599;L1;286.9758989
429;2-Butanol;Water;275.149708;0.077173528;0.004542338;0.004555102;L1;283.2614689
429;2-Butanol;Water;275.44862;0.0852;0.004553001;0.004566089;L1;292.9214875
429;2-Butanol;Water;276.149562;0.076054927;0.004578113;0.004591854;L1;281.0168941
429;2-Butanol;Water;276.18;0.073689455;0.004579207;0.004592973;L1;277.833394
429;2-Butanol;Water;276.46;0.072590313;0.004589283;0.004603266;L1;276.1107775
429;2-Butanol;Water;276.65;0.07986;0.004596133;0.00461025;L1;285.5059704
429;2-Butanol;Water;276.94;0.0738;0.004606611;0.004620909;L1;277.3866185
429;2-Butanol;Water;277.77;0.071206823;0.004636743;0.004651418;L1;273.1576418
429;2-Butanol;Water;277.84718;0.0829;0.004639556;0.004654255;L1;288.3016419
429;2-Butanol;Water;278.13;0.0725;0.004649878;0.004664651;L1;274.6745493
429;2-Butanol;Water;278.1492701;0.074573197;0.004650583;0.00466536;L1;277.4788644
429;2-Butanol;Water;279.34628;0.067;0.004694553;0.004709359;L1;265.8289711
429;2-Butanol;Water;279.48;0.07692;0.004699493;0.004714275;L1;279.5311363
429;2-Butanol;Water;279.96;0.0705;0.00471727;0.004731918;L1;270.4382543
429;2-Butanol;Water;280.96;0.07473;0.004754536;0.004768676;L1;275.4782542
429;2-Butanol;Water;281.215158;0.0712;0.004764095;0.004778055;L1;270.4385294
429;2-Butanol;Water;282.1446;0.077;0.004799087;0.00481222;L1;277.5379817
429;2-Butanol;Water;282.56;0.06590993;0.004814814;0.004827489;L1;261.6591788
429;2-Butanol;Water;283.148055;0.0709168;0.00483717;0.004849105;L1;268.5177455
429;2-Butanol;Water;283.148055;0.068397274;0.00483717;0.004849105;L1;264.9003066
429;2-Butanol;Water;283.148055;0.075;0.00483717;0.004849105;L1;274.1158209
429;2-Butanol;Water;283.148055;0.069473094;0.00483717;0.004849105;L1;266.4609637
429;2-Butanol;Water;284.94;0.0642;0.004905973;0.004914973;L1;257.1549854
429;2-Butanol;Water;285.09283;0.0781;0.004911888;0.004920591;L1;276.6331701
429;2-Butanol;Water;287.54136;0.0582;0.005007678;0.005010594;L1;245.2912967
429;2-Butanol;Water;288.111018;0.0623;0.005030241;0.005031533;L1;251.6493496
429;2-Butanol;Water;288.141;0.0673;0.005031432;0.005032635;L1;259.3455685
429;2-Butanol;Water;288.146555;0.066972034;0.005031652;0.00503284;L1;258.8526735
429;2-Butanol;Water;288.2;0.059;0.005033775;0.005034804;L1;246.136724
429;2-Butanol;Water;288.966309;0.0606;0.005064315;0.00506543;L1;248.2076026
429;2-Butanol;Water;289.08;0.059;0.005068862;0.005070344;L1;245.4421085
429;2-Butanol;Water;290.58;0.0571;0.005129251;0.005135181;L1;240.984438
429;2-Butanol;Water;291.1392;0.054;0.005151953;0.005159353;L1;234.960814
429;2-Butanol;Water;291.74;0.054898994;0.005176458;0.005185322;L1;236.1373898
429;2-Butanol;Water;292.18;0.0553;0.005194481;0.005204341;L1;236.517628
429;2-Butanol;Water;292.9;0.058;0.005224109;0.005235463;L1;240.7158667
429;2-Butanol;Water;292.93812;0.0603;0.005225683;0.00523711;L1;244.574661
429;2-Butanol;Water;293.138;0.058;0.005233941;0.00524575;L1;240.5278425
429;2-Butanol;Water;293.138;0.057;0.005233941;0.00524575;L1;238.7886683
429;2-Butanol;Water;293.14537;0.056;0.005234246;0.005246069;L1;237.012888
429;2-Butanol;Water;293.14537;0.057956319;0.005234246;0.005246069;L1;240.4466796
429;2-Butanol;Water;293.14537;0.0571;0.005234246;0.005246069;L1;238.9581306
429;2-Butanol;Water;293.14537;0.055934946;0.005234246;0.005246069;L1;236.8966526
429;2-Butanol;Water;293.14537;0.058295324;0.005234246;0.005246069;L1;241.0299074
429;2-Butanol;Water;293.43788;0.056;0.005246356;0.005258712;L1;236.7817919
429;2-Butanol;Water;295;0.055;0.005311512;0.005326235;L1;233.7456587
429;2-Butanol;Water;295.03724;0.0634;0.005313076;0.005327844;L1;247.9292992
429;2-Butanol;Water;295.15;0.0522;0.005317812;0.005332718;L1;228.4020589
429;2-Butanol;Water;296.714656;0.0516;0.005383974;0.00540035;L1;226.0094975
429;2-Butanol;Water;297.25;0.05487;0.005406801;0.00542349;L1;231.7309188
429;2-Butanol;Water;297.9944;0.059;0.005438704;0.005455667;L1;238.399668
429;2-Butanol;Water;298.136;0.0497;0.005444794;0.005461787;L1;221.1345053
429;2-Butanol;Water;298.14437;0.05294299;0.005445154;0.005462149;L1;227.4489643
429;2-Butanol;Water;298.14437;0.0474;0.005445154;0.005462149;L1;216.3896198
429;2-Butanol;Water;298.15;0.049673803;0.005445396;0.005462392;L1;221.0707164
429;2-Butanol;Water;298.15;0.0546;0.005445396;0.005462392;L1;230.5263355
429;2-Butanol;Water;298.15;0.051;0.005445396;0.005462392;L1;223.7055105
429;2-Butanol;Water;298.15;0.052613479;0.005445396;0.005462392;L1;226.8201814
429;2-Butanol;Water;298.15;0.0591;0.005445396;0.005462392;L1;238.4460397
429;2-Butanol;Water;298.15;0.051956196;0.005445396;0.005462392;L1;225.5630452
429;2-Butanol;Water;298.2;0.052910012;0.005447549;0.005464554;L1;227.3426885
429;2-Butanol;Water;298.2;0.053008962;0.005447549;0.005464554;L1;227.5295295
429;2-Butanol;Water;298.2;0.051;0.005447549;0.005464554;L1;223.6659934
429;2-Butanol;Water;298.43;0.0491;0.00545746;0.005474495;L1;219.6875545
429;2-Butanol;Water;300.143955;0.05032306;0.005531891;0.00554858;L1;220.7933736
429;2-Butanol;Water;300.79;0.045888918;0.005560209;0.005576506;L1;211.0588036
429;2-Butanol;Water;301.48;0.0471;0.005590612;0.005606331;L1;213.1184182
429;2-Butanol;Water;301.604612;0.0482;0.005596121;0.005611717;L1;215.3285383
429;2-Butanol;Water;302.53424;0.0503;0.005637385;0.0056519;L1;218.8584735
429;2-Butanol;Water;303.03404;0.0532;0.005659695;0.005673503;L1;224.0688385
429;2-Butanol;Water;303.043085;0.04741917;0.0056601;0.005673894;L1;212.5585089
429;2-Butanol;Water;303.143055;0.04773958;0.005664573;0.005678216;L1;213.1529339
429;2-Butanol;Water;303.15;0.047;0.005664884;0.005678516;L1;211.5861236
429;2-Butanol;Water;303.762869;0.0462;0.005692385;0.005705007;L1;209.3850487
429;2-Butanol;Water;305.14;0.0452;0.005754663;0.005764533;L1;206.1086552
429;2-Butanol;Water;305.633;0.0512;0.005777121;0.005785843;L1;218.1834013
429;2-Butanol;Water;306.23276;0.0421;0.005804559;0.005811767;L1;198.1404078
429;2-Butanol;Water;308.132;0.0458;0.005892293;0.005893861;L1;205.0638884
429;2-Butanol;Water;308.95;0.04444;0.005930479;0.005932715;L1;201.4034972
429;2-Butanol;Water;309.18;0.0421;0.00594126;0.005944295;L1;195.8126592
429;2-Butanol;Water;310.6;0.04359;0.006008242;0.006015786;L1;198.1695496
429;2-Butanol;Water;310.631;0.0448;0.006009713;0.006017347;L1;200.8831153
429;2-Butanol;Water;311.230628;0.0441;0.006038226;0.006047536;L1;198.83496
429;2-Butanol;Water;311.88;0.0406;0.006069252;0.006080229;L1;190.0532691
429;2-Butanol;Water;312.36;0.04262;0.006092286;0.006104395;L1;194.5300291
429;2-Butanol;Water;313.13;0.046;0.006129413;0.006143162;L1;201.5542392
429;2-Butanol;Water;313.140055;0.045;0.006129899;0.006143668;L1;199.3484154
429;2-Butanol;Water;313.140055;0.04174552;0.006129899;0.006143668;L1;191.8413804
429;2-Butanol;Water;313.140055;0.0381;0.006129899;0.006143668;L1;182.7035946
429;2-Butanol;Water;313.140055;0.040816854;0.006129899;0.006143668;L1;189.5916748
429;2-Butanol;Water;313.140055;0.041435435;0.006129899;0.006143668;L1;191.0958097
429;2-Butanol;Water;313.15;0.043;0.00613038;0.006144169;L1;194.7943316
429;2-Butanol;Water;313.2;0.043429185;0.006132799;0.006146686;L1;195.7480395
429;2-Butanol;Water;314.1;0.0393;0.006176497;0.006191998;L1;185.0473302
429;2-Butanol;Water;314.42961;0.0426;0.006192575;0.006208592;L1;192.8503195
429;2-Butanol;Water;315;0.04;0.006220496;0.006237309;L1;186.1029873
429;2-Butanol;Water;318.02853;0.0369;0.006370789;0.006389784;L1;175.6488177
429;2-Butanol;Water;318.2;0.042;0.006379403;0.006398417;L1;188.4595164
429;2-Butanol;Water;319.148252;0.0392;0.006427238;0.006446158;L1;180.8131862
429;2-Butanol;Water;319.42811;0.0427;0.006441421;0.006460248;L1;189.1449696
429;2-Butanol;Water;320.66;0.03956;0.006504213;0.006522268;L1;180.5368397
429;2-Butanol;Water;320.88;0.036093491;0.006515488;0.006533345;L1;171.193038
429;2-Butanol;Water;321.88;0.0371;0.006566977;0.006583691;L1;173.156338
429;2-Butanol;Water;323.137055;0.038059162;0.006632254;0.006646979;L1;174.719716
429;2-Butanol;Water;323.137055;0.038668344;0.006632254;0.006646979;L1;176.3076597
429;2-Butanol;Water;323.137055;0.035642926;0.006632254;0.006646979;L1;168.1606014
429;2-Butanol;Water;323.16;0.0365;0.006633451;0.006648134;L1;170.5187074
429;2-Butanol;Water;324.2;0.039;0.006687935;0.006700494;L1;176.3256544
429;2-Butanol;Water;324.99;0.0361;0.006729607;0.006740267;L1;167.9776182
429;2-Butanol;Water;326.62595;0.0406;0.006816691;0.006822631;L1;178.4393957
429;2-Butanol;Water;326.895927;0.038;0.006831165;0.006836223;L1;171.6090964
429;2-Butanol;Water;329.075215;0.0407;0.006949077;0.00695128;L1;176.7619236
429;2-Butanol;Water;331.1246;0.0399;0.007061723;0.007071175;L1;173.1687243
429;2-Butanol;Water;332.5;0.0342;0.007138292;0.007151641;L1;156.6752152
429;2-Butanol;Water;333.124;0.039;0.007173289;0.007188147;L1;169.319744
429;2-Butanol;Water;333.13437;0.0351;0.007173872;0.007188754;L1;158.7755658
429;2-Butanol;Water;333.13437;0.036545195;0.007173872;0.007188754;L1;162.8104241
429;2-Butanol;Water;333.13437;0.038;0.007173872;0.007188754;L1;166.7140687
429;2-Butanol;Water;333.13437;0.03444696;0.007173872;0.007188754;L1;156.8975277
429;2-Butanol;Water;333.14;0.0368;0.007174188;0.007189083;L1;163.5008252
429;2-Butanol;Water;333.43431;0.036243932;0.007190753;0.007206301;L1;161.7476126
429;2-Butanol;Water;334.094178;0.0369;0.007228023;0.007244905;L1;163.0245933
429;2-Butanol;Water;335;0.038;0.007279484;0.007297899;L1;165.2526181
429;2-Butanol;Water;338.36;0.03571;0.007473407;0.00749447;L1;156.4079731
429;2-Butanol;Water;338.56;0.03571;0.007485103;0.007506171;L1;156.2516018
429;2-Butanol;Water;340.01;0.0342;0.007570412;0.007591001;L1;150.7978149
429;2-Butanol;Water;341.322598;0.033;0.007648427;0.007667792;L1;146.2007609
429;2-Butanol;Water;343.132055;0.034745199;0.007757213;0.007773651;L1;149.9418233
429;2-Butanol;Water;343.132055;0.036846967;0.007757213;0.007773651;L1;155.8150137
429;2-Butanol;Water;343.232025;0.035943176;0.007763266;0.0077795;L1;153.253613
429;2-Butanol;Water;343.24;0.0371;0.007763749;0.007779966;L1;156.4151635
429;2-Butanol;Water;345.073805;0.0407;0.007875572;0.00788725;L1;164.2462298
429;2-Butanol;Water;346.1237;0.0399;0.007940273;0.007948672;L1;161.4428725
429;2-Butanol;Water;347.3;0.039;0.008013356;0.00801749;L1;158.2451995
429;2-Butanol;Water;348.130555;0.03745204;0.008065338;0.00806608;L1;153.5485513
429;2-Butanol;Water;349.3;0.0361;0.008139068;0.008143161;L1;148.9617219
429;2-Butanol;Water;350.099964;0.0353;0.008189866;0.008197269;L1;146.0985373
429;2-Butanol;Water;350.72324;0.0406;0.008229651;0.008239425;L1;159.6024426
429;2-Butanol;Water;352.25;0.0371;0.008327874;0.008342692;L1;149.4008727
429;2-Butanol;Water;353.123;0.039;0.008384531;0.008401739;L1;153.7173165
429;2-Butanol;Water;353.129055;0.03745204;0.008384925;0.008402149;L1;149.6625683
429;2-Butanol;Water;353.129055;0.037755344;0.008384925;0.008402149;L1;150.469153
429;2-Butanol;Water;353.129055;0.036;0.008384925;0.008402149;L1;145.708344
429;2-Butanol;Water;353.14;0.0381;0.008385638;0.008402889;L1;151.3693797
429;2-Butanol;Water;353.229025;0.036846967;0.008391437;0.008408911;L1;147.9561568
429;2-Butanol;Water;355;0.038;0.008507573;0.008528695;L1;149.6629502
429;2-Butanol;Water;356.16;0.036093491;0.008584457;0.008607154;L1;143.6159284
429;2-Butanol;Water;356.69;0.03956;0.008619802;0.008643002;L1;152.375642
429;2-Butanol;Water;356.923;0.0427;0.008635383;0.008658762;L1;159.8330834
429;2-Butanol;Water;358.127555;0.038363495;0.008716357;0.008740235;L1;148.1904956
429;2-Butanol;Water;358.623;0.0369;0.008749869;0.008773746;L1;143.917286
429;2-Butanol;Water;360.44;0.039;0.008873805;0.008896643;L1;148.0457959
429;2-Butanol;Water;360.47;0.041;0.008875865;0.008898672;L1;153.023626
429;2-Butanol;Water;360.81;0.0393;0.008899243;0.008921669;L1;148.5258271
429;2-Butanol;Water;361.223;0.0426;0.008927719;0.008949603;L1;156.2693371
429;2-Butanol;Water;361.406714;0.0412;0.008940413;0.008962029;L1;152.7856523
429;2-Butanol;Water;362.51;0.0406;0.009017002;0.009036653;L1;150.4656119
429;2-Butanol;Water;363.12637;0.044560336;0.009060058;0.009078343;L1;159.2968635
429;2-Butanol;Water;363.12637;0.042678964;0.009060058;0.009078343;L1;154.9830652
429;2-Butanol;Water;363.18;0.0391;0.009063813;0.00908197;L1;146.1832559
429;2-Butanol;Water;363.32633;0.039586002;0.009074067;0.009091867;L1;147.3055002
429;2-Butanol;Water;364.39;0.04262;0.00914893;0.009163811;L1;153.868673
429;2-Butanol;Water;364.96;0.0421;0.009189285;0.009202365;L1;152.2009616
429;2-Butanol;Water;365.02319;0.0448;0.009193769;0.009206639;L1;158.3682171
429;2-Butanol;Water;365.88;0.04359;0.009254772;0.009264591;L1;154.9688461
429;2-Butanol;Water;367.81;0.04444;0.009393577;0.009395132;L1;155.4113839
429;2-Butanol;Water;368.32352;0.0512;0.009430836;0.009431684;L1;169.1754775
429;2-Butanol;Water;368.62355;0.0421;0.009452669;0.009455089;L1;149.3750559
429;2-Butanol;Water;368.985198;0.0442;0.00947905;0.0094833;L1;153.9640701
429;2-Butanol;Water;370.02369;0.0532;0.009555187;0.00956431;L1;171.6974245
429;2-Butanol;Water;370.41;0.0459;0.009583656;0.009594446;L1;156.6406017
429;2-Butanol;Water;371.02379;0.0503;0.009629052;0.009642326;L1;165.322035
429;2-Butanol;Water;372.12457;0.04773958;0.009710971;0.009728195;L1;159.250453
429;2-Butanol;Water;372.62395;0.0482;0.00974835;0.009767151;L1;159.8260969
429;2-Butanol;Water;373.12437;0.0474;0.009785942;0.009806187;L1;157.7675323
429;2-Butanol;Water;373.12437;0.051628421;0.009785942;0.009806187;L1;166.312541
429;2-Butanol;Water;373.16;0.0407;0.009788624;0.009808967;L1;142.5007182
429;2-Butanol;Water;373.2;0.052;0.009791636;0.009812087;L1;166.9715202
429;2-Butanol;Water;375;0.05;0.009928057;0.009952501;L1;161.6658193
429;2-Butanol;Water;375.6;0.045888918;0.009973926;0.009999305;L1;152.6249319
429;2-Butanol;Water;376.1246;0.0634;0.010014195;0.010040228;L1;184.5460319
429;2-Butanol;Water;376.89;0.053;0.010073221;0.010099935;L1;166.0411444
429;2-Butanol;Water;377.13;0.05487;0.010091796;0.010118657;L1;169.3243935
429;2-Butanol;Water;377.22482;0.0603;0.010099144;0.010126054;L1;178.688146
429;2-Butanol;Water;378.42506;0.056;0.010192588;0.010219682;L1;170.369089
429;2-Butanol;Water;379.47527;0.0781;0.010275018;0.010301606;L1;202.8274496
429;2-Butanol;Water;379.52528;0.054;0.010278959;0.010305507;L1;165.8885021
429;2-Butanol;Water;379.6253;0.0673;0.010286845;0.01031331;L1;187.8294315
429;2-Butanol;Water;379.76;0.0573;0.010297475;0.010323817;L1;171.6401944
429;2-Butanol;Water;379.92536;0.0885;0.010310537;0.010336717;L1;214.9836128
429;2-Butanol;Water;380.1254;0.0934;0.010326361;0.010352321;L1;220.2191426
429;2-Butanol;Water;381.22562;0.0623;0.010413798;0.010438147;L1;178.882976
429;2-Butanol;Water;381.25;0.0621;0.010415744;0.010440049;L1;178.5427529
429;2-Butanol;Water;381.32564;0.077;0.010421781;0.010445949;L1;199.9907439
429;2-Butanol;Water;381.57268;0.068361515;0.010441524;0.01046522;L1;187.9019457
429;2-Butanol;Water;382.1258;0.0829;0.010485856;0.010508368;L1;206.7607774
429;2-Butanol;Water;382.22582;0.0582;0.010493891;0.01051617;L1;171.3092056
429;2-Butanol;Water;382.42586;0.0911;0.010509979;0.010531775;L1;215.9632592
429;2-Butanol;Water;382.52588;0.0951;0.010518032;0.010539577;L1;220.1837848
429;2-Butanol;Water;382.54;0.053901866;0.010519169;0.010540678;L1;163.3965854
429;2-Butanol;Water;383.07238;0.082593312;0.010562134;0.010582208;L1;205.6653336
429;2-Butanol;Water;383.12237;0.0709168;0.010566177;0.010586108;L1;190.384929
429;2-Butanol;Water;383.12237;0.0715;0.010566177;0.010586108;L1;191.2039381
429;2-Butanol;Water;383.23;0.068;0.010574887;0.010594504;L1;186.1025708
429;2-Butanol;Water;383.4723;0.120406809;0.010594518;0.010613405;L1;243.0539376
429;2-Butanol;Water;383.87222;0.100570299;0.010626995;0.010644602;L1;224.7459476
429;2-Butanol;Water;383.99;0.07473;0.010636578;0.01065379;L1;194.9582788
429;2-Butanol;Water;384.13;0.07692;0.010647979;0.010664711;L1;197.7395779
429;2-Butanol;Water;384.39;0.0751;0.010669184;0.010684993;L1;195.1461018
429;2-Butanol;Water;384.5;0.07986;0.010678167;0.010693574;L1;201.2073957
429;2-Butanol;Water;384.52614;0.0712;0.010680302;0.010695613;L1;189.7091684
429;2-Butanol;Water;384.54;0.08145;0.010681435;0.010696694;L1;203.1482162
429;2-Butanol;Water;384.65;0.08207;0.010690428;0.010705275;L1;203.822382
429;2-Butanol;Water;384.75;0.08237;0.010698609;0.010713075;L1;204.1107562
429;2-Butanol;Water;384.75;0.08287;0.010698609;0.010713075;L1;204.7159384
429;2-Butanol;Water;384.85;0.08422;0.010706796;0.010720876;L1;206.2553715
429;2-Butanol;Water;385;0.08;0.010719088;0.010732577;L1;201.0000531
429;2-Butanol;Water;385.05;0.08523;0.010723189;0.010736478;L1;207.294493
429;2-Butanol;Water;385.12;0.08621;0.010728932;0.010741938;L1;208.3842209
429;2-Butanol;Water;385.22621;0.067;0.010737651;0.010750223;L1;183.0936298
429;2-Butanol;Water;385.62625;0.0786;0.010770552;0.01078143;L1;198.7555995
429;2-Butanol;Water;385.63;0.082;0.01077086;0.010781722;L1;202.9874867
429;2-Butanol;Water;385.82627;0.08;0.010787038;0.010797033;L1;200.3681443
429;2-Butanol;Water;386.02629;0.0709;0.010803548;0.010812636;L1;188.139588
429;2-Butanol;Water;386.04;0.0908;0.01080468;0.010813705;L1;212.867991
429;2-Butanol;Water;386.07;0.1076;0.010807159;0.010816046;L1;229.8211903
429;2-Butanol;Water;386.23;0.0965;0.010820387;0.010828527;L1;218.8111014
429;2-Butanol;Water;386.58;0.105;0.010849376;0.010855829;L1;226.9852795
429;2-Butanol;Water;386.62635;0.0756;0.01085322;0.010859445;L1;194.0994437
429;2-Butanol;Water;386.65;0.1151;0.010855183;0.01086129;L1;236.1158695
429;2-Butanol;Water;386.776365;0.1144;0.010865672;0.010871147;L1;235.4092591
429;2-Butanol;Water;387.42643;0.0848;0.010919787;0.010921857;L1;204.9719108
429;2-Butanol;Water;387.92648;0.0994;0.010961586;0.010963242;L1;220.4755138
429;2-Butanol;Water;388.02649;0.117;0.010969964;0.010972213;L1;236.7012933
429;2-Butanol;Water;388.98;0.075497979;0.011050145;0.011057739;L1;192.1662303
429;2-Butanol;Water;390.52;0.089907337;0.011180817;0.011195871;L1;208.4580035
429;2-Butanol;Water;391.38;0.099691934;0.011254424;0.01127301;L1;218.13235
429;2-Butanol;Water;265.15197;0.309114658;0.6568171;0.656344651;L2;75.36933231
429;2-Butanol;Water;266.15177;0.302628125;0.657430105;0.657061065;L2;77.5833712
429;2-Butanol;Water;267.15157;0.293589929;0.658027865;0.657777478;L2;80.70632848
429;2-Butanol;Water;268.15137;0.290047573;0.658610553;0.658493892;L2;82.00874383
429;2-Butanol;Water;269.15117;0.287417485;0.659178336;0.65915068;L2;83.00583041
429;2-Butanol;Water;269.25;0.279576249;0.659233656;0.659193026;L2;85.78029725
429;2-Butanol;Water;269.75;0.2726;0.659511338;0.659407261;L2;88.34936453
429;2-Butanol;Water;270.1509524;0.284809938;0.659731368;0.659579057;L2;84.00106598
429;2-Butanol;Water;270.25;0.27485053;0.65978536;0.659621496;L2;87.56871468
429;2-Butanol;Water;270.52;0.2726;0.659931817;0.659737182;L2;88.41310025
429;2-Butanol;Water;270.75;0.274014466;0.66005574;0.65983573;L2;87.9143385
429;2-Butanol;Water;271.1506349;0.277119683;0.660269774;0.66000739;L2;86.81990183
429;2-Butanol;Water;272.1503175;0.277964502;0.660793772;0.660435724;L2;86.59483821
429;2-Butanol;Water;272.51;0.2692;0.660978812;0.660589837;L2;89.82671864
429;2-Butanol;Water;272.65;0.2667;0.661050337;0.660649823;L2;90.77055586
429;2-Butanol;Water;273.15;0.283083954;0.661303522;0.660864057;L2;84.84694098
429;2-Butanol;Water;273.15;0.2814;0.661303522;0.660864057;L2;85.4435776
429;2-Butanol;Water;274.149854;0.281367775;0.661799267;0.661292465;L2;85.52996668
429;2-Butanol;Water;275;0.26;0.662209814;0.661656726;L2;93.4900814
429;2-Butanol;Water;275.149708;0.279661319;0.662281075;0.661720872;L2;86.21107549
429;2-Butanol;Water;276.149562;0.283083954;0.662749101;0.662149279;L2;85.06529784
429;2-Butanol;Water;277.45;0.2636;0.66333746;0.662706477;L2;92.28510468
429;2-Butanol;Water;278.1492701;0.279661319;0.663644415;0.663006093;L2;86.41671902
429;2-Butanol;Water;279.95;0.263;0.664404984;0.663777651;L2;92.67378469
429;2-Butanol;Water;280;0.2667;0.664425493;0.663799074;L2;91.27983165
429;2-Butanol;Water;281.76;0.2692;0.66512676;0.664553181;L2;90.4523042
429;2-Butanol;Water;282.36;0.274014466;0.66535672;0.664810263;L2;88.71424165
429;2-Butanol;Water;282.73;0.27485053;0.665496243;0.664968796;L2;88.43055692
429;2-Butanol;Water;282.92;0.2685;0.665567214;0.665050206;L2;90.77887161
429;2-Butanol;Water;283.148055;0.274599464;0.665651799;0.66514792;L2;88.54531678
429;2-Butanol;Water;283.148055;0.284;0.665651799;0.66514792;L2;85.1792471
429;2-Butanol;Water;283.148055;0.283945715;0.665651799;0.66514792;L2;85.19836337
429;2-Butanol;Water;283.148055;0.27127202;0.665651799;0.66514792;L2;89.76446279
429;2-Butanol;Water;283.38;0.2706;0.665737151;0.665247302;L2;90.02532094
429;2-Butanol;Water;283.81;0.2762;0.665893598;0.665431543;L2;88.00046539
429;2-Butanol;Water;284.51;0.2737;0.666143328;0.665731472;L2;88.94722378
429;2-Butanol;Water;284.98;0.2823;0.666307583;0.665932853;L2;85.8781065
429;2-Butanol;Water;285.26;0.279576249;0.666404137;0.666052824;L2;86.86212377
429;2-Butanol;Water;285.59;0.2777;0.666516693;0.666194219;L2;87.5523791
429;2-Butanol;Water;287.42;0.2891;0.667116714;0.666978319;L2;83.61923658
429;2-Butanol;Water;287.86;0.286458782;0.667254935;0.667166845;L2;84.55775257
429;2-Butanol;Water;288.146555;0.287417485;0.667343706;0.667289625;L2;84.23694042
429;2-Butanol;Water;288.15;0.286632867;0.667344767;0.667291102;L2;84.51046169
429;2-Butanol;Water;288.2;0.294;0.667360154;0.667312525;L2;81.97500931
429;2-Butanol;Water;288.83;0.288291662;0.667551472;0.667524913;L2;83.96438161
429;2-Butanol;Water;288.87;0.289959537;0.667563461;0.66753261;L2;83.38930725
429;2-Butanol;Water;288.966309;0.2872;0.667592243;0.667551142;L2;84.34987347
429;2-Butanol;Water;289.81;0.292522917;0.667839724;0.667713487;L2;82.55051989
429;2-Butanol;Water;289.82;0.2947;0.667842607;0.667715411;L2;81.80946384
429;2-Butanol;Water;292.22;0.3019;0.668500883;0.668177226;L2;79.49418811
429;2-Butanol;Water;292.9;0.312;0.668675338;0.668308074;L2;76.229546
429;2-Butanol;Water;293.138;0.294481944;0.668735155;0.66835387;L2;82.01704099
429;2-Butanol;Water;293.138;0.292;0.668735155;0.66835387;L2;82.86342982
429;2-Butanol;Water;293.138;0.301;0.668735155;0.66835387;L2;79.82778357
429;2-Butanol;Water;293.14537;0.304467754;0.668736997;0.668355288;L2;78.68256716
429;2-Butanol;Water;293.14537;0.302628125;0.668736997;0.668355288;L2;79.28861134
429;2-Butanol;Water;293.14537;0.297;0.668736997;0.668355288;L2;81.16587161
429;2-Butanol;Water;293.14537;0.29988888;0.668736997;0.668355288;L2;80.19788489
429;2-Butanol;Water;293.14537;0.3016;0.668736997;0.668355288;L2;79.62892188
429;2-Butanol;Water;294.99;0.3088;0.669178804;0.668710237;L2;77.33574761
429;2-Butanol;Water;295;0.305;0.669181095;0.668712162;L2;78.57429418
429;2-Butanol;Water;295.55;0.3;0.669305412;0.668817994;L2;80.24580015
429;2-Butanol;Water;296.714656;0.3028;0.66955765;0.669042101;L2;79.35447483
429;2-Butanol;Water;297.9944;0.322;0.669817741;0.669288353;L2;73.24541018
429;2-Butanol;Water;298.14437;0.3085;0.66984706;0.66931721;L2;77.5327575
429;2-Butanol;Water;298.14437;0.323479048;0.66984706;0.66931721;L2;72.79150731
429;2-Butanol;Water;298.14437;0.329;0.66984706;0.66931721;L2;71.09916676
429;2-Butanol;Water;298.14437;0.301;0.66984706;0.66931721;L2;79.99391536
429;2-Butanol;Water;298.15;0.310052336;0.669848156;0.669318294;L2;77.03099455
429;2-Butanol;Water;298.15;0.322;0.669848156;0.669318294;L2;73.2499509
429;2-Butanol;Water;298.15;0.302811601;0.669848156;0.669318294;L2;79.39402213
429;2-Butanol;Water;298.15;0.325;0.669848156;0.669318294;L2;72.32258722
429;2-Butanol;Water;298.15;0.312882186;0.669848156;0.669318294;L2;76.12243374
429;2-Butanol;Water;298.15;0.315;0.669848156;0.669318294;L2;75.44784157
429;2-Butanol;Water;298.15;0.3036;0.669848156;0.669318294;L2;79.1340009
429;2-Butanol;Water;298.18;0.310710372;0.669853991;0.669324066;L2;76.81985656
429;2-Butanol;Water;298.2;0.312;0.669857875;0.669327915;L2;76.40623747
429;2-Butanol;Water;298.2;0.30557675;0.669857875;0.669327915;L2;78.48645879
429;2-Butanol;Water;298.2;0.308833898;0.669857875;0.669327915;L2;77.4261977
429;2-Butanol;Water;298.33;0.315;0.669883016;0.66935293;L2;75.45304557
429;2-Butanol;Water;300.143955;0.315737528;0.67021501;0.669701976;L2;75.26873109
429;2-Butanol;Water;301.37;0.3191;0.670419715;0.669937895;L2;74.2399424
429;2-Butanol;Water;302.71;0.3155;0.670625553;0.670195742;L2;75.40522566
429;2-Butanol;Water;303.043085;0.315737528;0.670673847;0.670259835;L2;75.33716885
429;2-Butanol;Water;303.143055;0.327420823;0.67068812;0.670279071;L2;71.70579654
429;2-Butanol;Water;303.15;0.317;0.670689107;0.670280408;L2;74.94039282
429;2-Butanol;Water;303.67;0.3229;0.670761661;0.670380468;L2;73.10711969
429;2-Butanol;Water;303.762869;0.3163;0.670774331;0.670398338;L2;75.17416329
429;2-Butanol;Water;306.54;0.3253;0.671112986;0.670932721;L2;72.41896737
429;2-Butanol;Water;308.05;0.326233238;0.671264963;0.67122328;L2;72.1551357
429;2-Butanol;Water;308.94;0.3277;0.671344103;0.67130106;L2;71.71832713
429;2-Butanol;Water;310.9;0.3279;0.671491479;0.671297231;L2;71.67926423
429;2-Butanol;Water;311.230628;0.3256;0.671512726;0.671296585;L2;72.38633332
429;2-Butanol;Water;311.92;0.3279;0.671553707;0.671295238;L2;71.68853088
429;2-Butanol;Water;312.43;0.3275;0.671581148;0.671294242;L2;71.81467996
429;2-Butanol;Water;313.13;0.33;0.67161485;0.671292874;L2;71.05923823
429;2-Butanol;Water;313.13;0.325443928;0.67161485;0.671292874;L2;72.44948541
429;2-Butanol;Water;313.140055;0.33646855;0.671615301;0.671292855;L2;69.11810254
429;2-Butanol;Water;313.140055;0.3207;0.671615301;0.671292855;L2;73.91796013
429;2-Butanol;Water;313.140055;0.332416362;0.671615301;0.671292855;L2;70.32974224
429;2-Butanol;Water;313.140055;0.321;0.671615301;0.671292855;L2;73.82445849
429;2-Butanol;Water;313.140055;0.34;0.671615301;0.671292855;L2;68.07400904
429;2-Butanol;Water;313.140055;0.340571305;0.671615301;0.671292855;L2;67.90611917
429;2-Butanol;Water;313.15;0.328;0.671615746;0.671292835;L2;71.66727622
429;2-Butanol;Water;313.2;0.327519985;0.671617972;0.671292738;L2;71.81406081
429;2-Butanol;Water;315;0.332;0.671682633;0.671289221;L2;70.46509885
429;2-Butanol;Water;315.01;0.3314;0.67168291;0.671289201;L2;70.64602634
429;2-Butanol;Water;315.24;0.3312;0.671689007;0.671288752;L2;70.70730238
429;2-Butanol;Water;315.35;0.3307;0.671691753;0.671288537;L2;70.8587914
429;2-Butanol;Water;318.2;0.325;0.671724794;0.671282969;L2;72.60235412
429;2-Butanol;Water;319.148252;0.3308;0.67171971;0.671281116;L2;70.83271922
429;2-Butanol;Water;319.46;0.333;0.671716305;0.671280507;L2;70.16935961
429;2-Butanol;Water;323.137055;0.341605006;0.671612385;0.671273323;L2;67.60262498
429;2-Butanol;Water;323.137055;0.335450799;0.671612385;0.671273323;L2;69.42060703
429;2-Butanol;Water;323.16;0.336;0.671611372;0.671273278;L2;69.25686974
429;2-Butanol;Water;324.2;0.339;0.671560755;0.671271247;L2;68.36043807
429;2-Butanol;Water;326.895927;0.3317;0.671387286;0.671265979;L2;70.51152012
429;2-Butanol;Water;328.06;0.333;0.671293785;0.671263705;L2;70.1064383
429;2-Butanol;Water;329.88;0.3321;0.671125459;0.671021921;L2;70.35199637
429;2-Butanol;Water;332.27;0.3312;0.670863988;0.670627036;L2;70.58439932
429;2-Butanol;Water;333;0.3307;0.670775089;0.670506422;L2;70.72222723
429;2-Butanol;Water;333.124;0.322501081;0.670759573;0.670485934;L2;73.23042738
429;2-Butanol;Water;333.124;0.326;0.670759573;0.670485934;L2;72.15133806
429;2-Butanol;Water;333.13437;0.334;0.67075827;0.670484221;L2;69.72678261
429;2-Butanol;Water;333.13437;0.337489461;0.67075827;0.670484221;L2;68.6874536
429;2-Butanol;Water;333.13437;0.329409845;0.67075827;0.670484221;L2;71.11061141
429;2-Butanol;Water;333.13437;0.3207;0.67075827;0.670484221;L2;73.79027124
429;2-Butanol;Water;333.14;0.331;0.670757562;0.670483291;L2;70.62893884
429;2-Butanol;Water;333.43431;0.33646855;0.670720213;0.670434664;L2;68.98473973
429;2-Butanol;Water;334.094178;0.3289;0.670634011;0.670325637;L2;71.24697962
429;2-Butanol;Water;335;0.329;0.67051016;0.670175974;L2;71.19811045
429;2-Butanol;Water;336.38;0.3275;0.67030929;0.669947964;L2;71.6251178
429;2-Butanol;Water;337.04;0.3279;0.670208056;0.669838916;L2;71.48795123
429;2-Butanol;Water;339.63;0.3253;0.669778878;0.669410986;L2;72.21997917
429;2-Butanol;Water;341.322598;0.3235;0.66947124;0.669131328;L2;72.72890933
429;2-Butanol;Water;342.08;0.326233238;0.669326709;0.669006187;L2;71.86597158
429;2-Butanol;Water;343.132055;0.332416362;0.669118958;0.668832362;L2;69.9573574
429;2-Butanol;Water;343.132055;0.322501081;0.669118958;0.668832362;L2;72.98553715
429;2-Butanol;Water;343.232025;0.317655422;0.669098796;0.668815844;L2;74.49645096
429;2-Butanol;Water;343.24;0.318;0.669097184;0.668814527;L2;74.38779349
429;2-Butanol;Water;343.4;0.3211;0.669064754;0.668788091;L2;73.41282461
429;2-Butanol;Water;346.83;0.3155;0.668325008;0.668221372;L2;75.06159127
429;2-Butanol;Water;347.3;0.323;0.668217078;0.668143717;L2;72.69607639
429;2-Butanol;Water;348.130555;0.324459993;0.668022518;0.668006489;L2;72.21596424
429;2-Butanol;Water;348.24;0.315;0.667996515;0.667988406;L2;75.17103177
429;2-Butanol;Water;350.099964;0.314;0.667541755;0.667435186;L2;75.42089563
429;2-Butanol;Water;351.02;0.3104;0.667307873;0.667153785;L2;76.53897305
429;2-Butanol;Water;353.123;0.322;0.666751288;0.666510563;L2;72.78655498
429;2-Butanol;Water;353.123;0.29988888;0.666751288;0.666510563;L2;79.90050893
429;2-Butanol;Water;353.129055;0.313831118;0.666749642;0.666508711;L2;75.35596256
429;2-Butanol;Water;353.129055;0.304467754;0.666749642;0.666508711;L2;78.38494427
429;2-Butanol;Water;353.129055;0.3111;0.666749642;0.666508711;L2;76.23002221
429;2-Butanol;Water;353.14;0.304;0.666746665;0.666505363;L2;78.53824601
429;2-Butanol;Water;353.229025;0.303546585;0.666722423;0.666478134;L2;78.68387099
429;2-Butanol;Water;353.59;0.310710372;0.666623569;0.666367727;L2;76.33643242
429;2-Butanol;Water;354.34;0.3036;0.666415342;0.666138332;L2;78.62020673
429;2-Butanol;Water;355;0.304;0.666228938;0.665936465;L2;78.46056607
429;2-Butanol;Water;355.06;0.3;0.666211846;0.665918114;L2;79.7825232
429;2-Butanol;Water;356.1;0.3003;0.66591172;0.665600021;L2;79.63751342
429;2-Butanol;Water;357.6;0.2981;0.665466046;0.665141232;L2;80.30586161
429;2-Butanol;Water;358.123;0.283945715;0.665307119;0.664981268;L2;85.14656917
429;2-Butanol;Water;358.127555;0.300799284;0.665305727;0.664979874;L2;79.3803463
429;2-Butanol;Water;360.16;0.2914;0.664670839;0.664358233;L2;82.45950461
429;2-Butanol;Water;360.44;0.299;0.664581238;0.664272592;L2;79.87135518
429;2-Butanol;Water;361.406714;0.2917;0.664267936;0.663976914;L2;82.29597093
429;2-Butanol;Water;362.25;0.2857;0.663989648;0.663718987;L2;84.33242501
429;2-Butanol;Water;362.48;0.289959537;0.663912944;0.66364864;L2;82.84096466
429;2-Butanol;Water;362.76;0.288291662;0.663819103;0.663562999;L2;83.40369944
429;2-Butanol;Water;362.78;0.286458782;0.663812381;0.663556882;L2;84.04048918
429;2-Butanol;Water;363.12637;0.282224644;0.663695545;0.663450942;L2;85.51201647
429;2-Butanol;Water;363.12637;0.290047573;0.663695545;0.663450942;L2;82.77785741
429;2-Butanol;Water;363.18;0.283;0.663677386;0.663434538;L2;85.23492691
429;2-Butanol;Water;363.32633;0.289168354;0.663627743;0.663389782;L2;83.07123054
429;2-Butanol;Water;364.66;0.2791;0.663168922;0.662981867;L2;86.54596013
429;2-Butanol;Water;365.55;0.2777;0.662856377;0.662709652;L2;87.00169471
429;2-Butanol;Water;365.84;0.279661319;0.662753441;0.662620953;L2;86.28237416
429;2-Butanol;Water;365.97;0.279576249;0.662707123;0.662581192;L2;86.30580875
429;2-Butanol;Water;366.15;0.2737;0.662642813;0.662526137;L2;88.42034847
429;2-Butanol;Water;367.16;0.2706;0.662278135;0.662217219;L2;89.50438948
429;2-Butanol;Water;367.27;0.27485053;0.662238026;0.662183575;L2;87.9397624
429;2-Butanol;Water;367.6;0.2708;0.662117239;0.662082641;L2;89.40620969
429;2-Butanol;Water;367.67;0.274014466;0.662091529;0.662061231;L2;88.22229064
429;2-Butanol;Water;367.96;0.2685;0.661984689;0.661972532;L2;90.23915129
429;2-Butanol;Water;368.27534;0.271106624;0.661867905;0.66186021;L2;89.25538074
429;2-Butanol;Water;368.985198;0.2686;0.661602723;0.661554545;L2;90.14419747
429;2-Butanol;Water;369.09;0.2668;0.661563303;0.661509418;L2;90.8106361
429;2-Butanol;Water;369.55;0.263;0.661389467;0.661311342;L2;92.21888433
429;2-Butanol;Water;370.473735;0.2222;0.661036375;0.660913581;L2;109.0230991
429;2-Butanol;Water;371.15;0.2591;0.660774499;0.660622381;L2;93.61985423
429;2-Butanol;Water;371.25;0.2571;0.660735533;0.660579321;L2;94.38885436
429;2-Butanol;Water;371.69;0.262872532;0.660563343;0.660389857;L2;92.14237756
429;2-Butanol;Water;371.99;0.258;0.660445252;0.660260677;L2;93.99546463
429;2-Butanol;Water;372.12457;0.248981621;0.6603921;0.660202731;L2;97.54546677
429;2-Butanol;Water;372.98;0.2523;0.660051595;0.659834383;L2;96.16991512
429;2-Butanol;Water;373.12437;0.2673;0.659993683;0.659772217;L2;90.385864
429;2-Butanol;Water;373.12437;0.248981621;0.659993683;0.659772217;L2;97.48511807
429;2-Butanol;Water;373.16;0.252;0.65997937;0.659756875;L2;96.27794896
429;2-Butanol;Water;373.2;0.251;0.659963293;0.659739651;L2;96.67312776
429;2-Butanol;Water;373.45;0.2503;0.659862589;0.659632001;L2;96.93714163
429;2-Butanol;Water;374.57408;0.217427369;0.659405029;0.659147971;L2;110.9473097
429;2-Butanol;Water;375;0.245;0.659229632;0.65896457;L2;98.98137188
429;2-Butanol;Water;375.2;0.2434;0.659146887;0.65887845;L2;99.62402225
429;2-Butanol;Water;376.67;0.2365;0.658531215;0.658245468;L2;102.4063715
429;2-Butanol;Water;377.88;0.2284;0.658014577;0.657724441;L2;105.8128607
429;2-Butanol;Water;379.15;0.2267;0.657462792;0.657177579;L2;106.4760615
429;2-Butanol;Water;380.57;0.2181;0.656834343;0.656566127;L2;110.2478173
429;2-Butanol;Water;380.57549;0.1716;0.65683189;0.656563763;L2;134.2261924
429;2-Butanol;Water;380.86;0.2122;0.656704513;0.656441253;L2;112.970494
429;2-Butanol;Water;381.24;0.2094;0.656533627;0.656277625;L2;114.2727616
429;2-Butanol;Water;381.9726;0.167326837;0.656201744;0.655962167;L2;136.6519271
429;2-Butanol;Water;382.32;0.230522732;0.656043249;0.655812576;L2;104.5877238
429;2-Butanol;Water;382.59;0.1985;0.655919569;0.655696314;L2;119.5249073
429;2-Butanol;Water;382.87242;0.147110929;0.655789736;0.655574704;L2;149.4653292
429;2-Butanol;Water;383.12237;0.199964012;0.655674435;0.655467076;L2;118.7526968
429;2-Butanol;Water;383.12237;0.2179;0.655674435;0.655467076;L2;110.1628136
429;2-Butanol;Water;383.75;0.19;0.65538328;0.655196818;L2;123.8196152
429;2-Butanol;Water;384.62;0.1796;0.654975838;0.654822196;L2;129.386619
429;2-Butanol;Water;385;0.178;0.654796472;0.654658568;L2;130.2540907
429;2-Butanol;Water;385.29;0.212616735;0.654659015;0.654533693;L2;112.4623333
429;2-Butanol;Water;385.46;0.1686;0.654578208;0.654460491;L2;135.6462026
429;2-Butanol;Water;385.64;0.1599;0.654492461;0.654382983;L2;140.9311447
429;2-Butanol;Water;386.09;0.1524;0.654277261;0.654189213;L2;145.7022564
429;2-Butanol;Water;386.47;0.1631;0.65409461;0.654025585;L2;138.8888495
429;2-Butanol;Water;386.53;0.1417;0.654065693;0.653999749;L2;152.9495648
429;2-Butanol;Water;386.58;0.1219;0.654041579;0.653978219;L2;167.996989
429;2-Butanol;Water;386.6;0.1318;0.65403193;0.653969607;L2;160.187055
429;2-Butanol;Water;389.64;0.176785619;0.652538039;0.652442635;L2;130.5931629
429;2-Butanol;Water;390.19;0.163255768;0.652262021;0.652143271;L2;138.5128254
429;2-Butanol;Water;390.24;0.150494253;0.652236841;0.652116056;L2;146.6482852
443;Benzyl alcohol;Heptane;273.00012;0.028;0.038546901;0.038754523;L1;31.967121
443;Benzyl alcohol;Heptane;287.99109;0.062;0.074526891;0.074779614;L1;18.40256235
443;Benzyl alcohol;Heptane;297.29454;0.093347245;0.110658761;0.111693271;L1;17.01248863
443;Benzyl alcohol;Heptane;298;0.0975;0.114043134;0.115043378;L1;15.67243656
443;Benzyl alcohol;Heptane;298.15;0.0975;0.114777049;0.115755702;L1;16.31391619
443;Benzyl alcohol;Heptane;299.15;0.1071;0.119803635;0.120504529;L1;11.20910499
443;Benzyl alcohol;Heptane;307.661699;0.1405403;0.175015078;0.176535177;L1;21.93778495
443;Benzyl alcohol;Heptane;309.95;0.1541;0.195517558;0.196291918;L1;23.8048446
443;Benzyl alcohol;Heptane;314.449662;0.188084803;0.250481238;0.250697566;L1;28.64910774
443;Benzyl alcohol;Heptane;318.778363;0.235984692;;;L1;
443;Benzyl alcohol;Heptane;320.35;0.2679;;;L1;
443;Benzyl alcohol;Heptane;321;0.2897;;;L1;
443;Benzyl alcohol;Heptane;321.39;0.2968;;;L1;
443;Benzyl alcohol;Heptane;321.667496;0.284243969;;;L1;
443;Benzyl alcohol;Heptane;321.99;0.3159;;;L1;
443;Benzyl alcohol;Heptane;322.37;0.3319;;;L1;
443;Benzyl alcohol;Heptane;322.65;0.3278;;;L1;
443;Benzyl alcohol;Heptane;322.89;0.3537;;;L1;
443;Benzyl alcohol;Heptane;323.25;0.3832;;;L1;
443;Benzyl alcohol;Heptane;323.36;0.3923;;;L1;
443;Benzyl alcohol;Heptane;323.4;0.3957;;;L1;
443;Benzyl alcohol;Heptane;323.41;0.3984;;;L1;
443;Benzyl alcohol;Heptane;323.52;0.4059;;;L1;
443;Benzyl alcohol;Heptane;323.596917;0.332866692;;;L1;
443;Benzyl alcohol;Heptane;323.63;0.4478;;;L1;
443;Benzyl alcohol;Heptane;323.68;0.5019;;;L1;
443;Benzyl alcohol;Heptane;323.7;0.4683;;;L1;
443;Benzyl alcohol;Heptane;323.71;0.4875;;;L1;
443;Benzyl alcohol;Heptane;323.72;0.4953;;;L1;
443;Benzyl alcohol;Heptane;323.73;0.4384;;;L1;
443;Benzyl alcohol;Heptane;323.74;0.4744;;;L1;
443;Benzyl alcohol;Heptane;323.76;0.4638;;;L1;
443;Benzyl alcohol;Heptane;324.15;0.3741;;;L1;
443;Benzyl alcohol;Heptane;324.216731;0.381856982;;;L1;
443;Benzyl alcohol;Heptane;324.35;0.4242;;;L1;
443;Benzyl alcohol;Heptane;324.35;0.4253;;;L1;
443;Benzyl alcohol;Heptane;324.48665;0.431219025;;;L1;
443;Benzyl alcohol;Heptane;324.526638;0.480957066;;;L1;
443;Benzyl alcohol;Heptane;324.55;0.4516;;;L1;
443;Benzyl alcohol;Heptane;324.65;0.4866;;;L1;
443;Benzyl alcohol;Heptane;273.00012;0.886;0.818175745;0.817947079;L2;7.963978946
443;Benzyl alcohol;Heptane;273.00012;0.892;0.818175745;0.817947079;L2;8.638897144
443;Benzyl alcohol;Heptane;273.00012;0.883;0.818175745;0.817947079;L2;7.624803946
443;Benzyl alcohol;Heptane;287.99109;0.854;0.750962656;0.750705164;L2;12.85752693
443;Benzyl alcohol;Heptane;294.4951;0.840022092;0.713388891;0.713228785;L2;16.34014905
443;Benzyl alcohol;Heptane;298;0.8159;0.69008366;0.689080767;L2;16.74789622
443;Benzyl alcohol;Heptane;298.15;0.8159;0.689028479;0.688047299;L2;16.90091938
443;Benzyl alcohol;Heptane;301.75;0.8142;0.662027042;0.661124073;L2;20.68996323
443;Benzyl alcohol;Heptane;305.95;0.7975;0.625458375;0.62535798;L2;24.29970531
443;Benzyl alcohol;Heptane;307.69169;0.787527507;0.608136437;0.606612609;L2;25.84990397
443;Benzyl alcohol;Heptane;316.059179;0.735440545;0.485878634;0.485456553;L2;41.45108312
443;Benzyl alcohol;Heptane;316.15;0.7328;0.483717375;0.483409843;L2;41.5372013
443;Benzyl alcohol;Heptane;319.74;0.6685;;;L2;
443;Benzyl alcohol;Heptane;320.377883;0.683756476;;;L2;
443;Benzyl alcohol;Heptane;320.65;0.6872;;;L2;
443;Benzyl alcohol;Heptane;321.05;0.6838;;;L2;
443;Benzyl alcohol;Heptane;322.13;0.6297;;;L2;
443;Benzyl alcohol;Heptane;322.5;0.6214;;;L2;
443;Benzyl alcohol;Heptane;322.717181;0.632470644;;;L2;
443;Benzyl alcohol;Heptane;322.89;0.6036;;;L2;
443;Benzyl alcohol;Heptane;322.89;0.5988;;;L2;
443;Benzyl alcohol;Heptane;323.25;0.5822;;;L2;
443;Benzyl alcohol;Heptane;323.35;0.5702;;;L2;
443;Benzyl alcohol;Heptane;323.36;0.5657;;;L2;
443;Benzyl alcohol;Heptane;323.48;0.552;;;L2;
443;Benzyl alcohol;Heptane;323.54;0.5384;;;L2;
443;Benzyl alcohol;Heptane;323.63;0.5223;;;L2;
443;Benzyl alcohol;Heptane;323.976803;0.581578464;;;L2;
443;Benzyl alcohol;Heptane;324.15;0.5885;;;L2;
443;Benzyl alcohol;Heptane;324.25;0.5765;;;L2;
443;Benzyl alcohol;Heptane;324.306704;0.53107542;;;L2;
443;Benzyl alcohol;Heptane;324.45;0.5116;;;L2;
444;Benzyl alcohol;Octane;321.8;0.2715;0.256120996;0.257797522;L1;5.831216529
444;Benzyl alcohol;Octane;322.47;0.2853;0.264923161;0.267420034;L1;7.41014319
444;Benzyl alcohol;Octane;323.22;0.3022;0.275549978;0.278191502;L1;9.232002857
444;Benzyl alcohol;Octane;323.74;0.3136;0.2834916;0.285659721;L1;10.09357963
444;Benzyl alcohol;Octane;324.23;0.3259;0.291491846;0.29269708;L1;11.15785524
444;Benzyl alcohol;Octane;324.43;0.3312;0.294923236;0.295569472;L1;11.60073176
444;Benzyl alcohol;Octane;324.87;0.3435;0.30286486;0.3032074;L1;12.59004112
444;Benzyl alcohol;Octane;325.19;0.3526;0.309031559;0.309520659;L1;13.18908671
444;Benzyl alcohol;Octane;325.54;0.3698;0.316226908;0.316425787;L1;15.65023006
444;Benzyl alcohol;Octane;325.69;0.3763;0.319477891;0.319590606;L1;16.36986248
444;Benzyl alcohol;Octane;325.82;0.3822;0.32238703;0.322765236;L1;17.01912505
444;Benzyl alcohol;Octane;326.19;0.3996;0.331208396;0.331800721;L1;18.77162756
444;Benzyl alcohol;Octane;326.24;0.4096;0.332470039;0.333021733;L1;20.86313259
444;Benzyl alcohol;Octane;326.47;0.4223;0.338531666;0.338638386;L1;22.10983248
444;Benzyl alcohol;Octane;326.58;0.4416;0.341597291;0.342388317;L1;25.67719628
444;Benzyl alcohol;Octane;326.71;0.4636;0.345382595;0.347389653;L1;29.4369337
444;Benzyl alcohol;Octane;326.82;0.4914;0.348742251;0.351621553;L1;34.29253472
444;Benzyl alcohol;Octane;322.58;0.7237;0.587091784;0.58455524;L2;20.91957729
444;Benzyl alcohol;Octane;323.01;0.7152;0.580748619;0.578092464;L2;20.82442297
444;Benzyl alcohol;Octane;323.62;0.7046;0.571218728;0.568924339;L2;20.98580691
444;Benzyl alcohol;Octane;323.68;0.7044;0.570243743;0.568022557;L2;21.1282488
444;Benzyl alcohol;Octane;324.34;0.6896;0.55900266;0.558102947;L2;20.99574879
444;Benzyl alcohol;Octane;324.99;0.6752;0.546826831;0.546395042;L2;21.08767701
444;Benzyl alcohol;Octane;325.38;0.6647;0.538852844;0.538466047;L2;20.9893294
444;Benzyl alcohol;Octane;325.82;0.6499;0.52907404;0.528704443;L2;20.56901206
444;Benzyl alcohol;Octane;325.99;0.6395;0.525022747;0.524449985;L2;19.72450318
444;Benzyl alcohol;Octane;326.34;0.6163;0.51610308;0.515690808;L2;17.74273448
444;Benzyl alcohol;Octane;326.42;0.6133;0.513929238;0.51368871;L2;17.6768626
444;Benzyl alcohol;Octane;326.52;0.6016;0.511135465;0.510969389;L2;16.29581207
444;Benzyl alcohol;Octane;326.69;0.5755;0.506159643;0.5043685;L2;12.83871084
444;Benzyl alcohol;Octane;326.73;0.5555;0.504943231;0.50281535;L2;9.542259989
444;Benzyl alcohol;Octane;326.74;0.5423;0.504636179;0.502427063;L2;7.198162157
444;Benzyl alcohol;Octane;326.79;0.5219;0.503082822;0.500485625;L2;3.672118596
444;Benzyl alcohol;Octane;326.86;0.5266;0.500854596;0.497767612;L2;5.01254162
444;Benzyl alcohol;Octane;326.86;0.5198;0.500854596;0.497767612;L2;3.712829135
449;Ethylbenzene;Water;273.1000159;3.34E-05;1.62E-05;1.63E-05;L1;72.65011474
449;Ethylbenzene;Water;273.2;3.69E-05;1.62E-05;1.63E-05;L1;82.47672074
449;Ethylbenzene;Water;273.54976;3.62E-05;1.63E-05;1.64E-05;L1;80.07545802
449;Ethylbenzene;Water;273.65;3.10E-05;1.63E-05;1.65E-05;L1;64.42899862
449;Ethylbenzene;Water;277.6493431;3.56E-05;1.72E-05;1.75E-05;L1;72.71712219
449;Ethylbenzene;Water;278.15;2.86E-05;1.73E-05;1.76E-05;L1;50.12998457
449;Ethylbenzene;Water;278.2;3.23E-05;1.73E-05;1.77E-05;L1;62.22681782
449;Ethylbenzene;Water;278.34688;3.51E-05;1.74E-05;1.77E-05;L1;70.33688998
449;Ethylbenzene;Water;279.4490803;3.33E-05;1.76E-05;1.80E-05;L1;63.54759415
449;Ethylbenzene;Water;280.248925;3.26E-05;1.78E-05;1.82E-05;L1;60.31736644
449;Ethylbenzene;Water;280.25;3.53E-05;1.78E-05;1.82E-05;L1;68.27294841
449;Ethylbenzene;Water;282.148355;3.16E-05;1.83E-05;1.87E-05;L1;54.57911127
449;Ethylbenzene;Water;283.148055;3.18E-05;1.86E-05;1.90E-05;L1;53.83140541
449;Ethylbenzene;Water;283.148055;2.05E-05;1.86E-05;1.90E-05;L1;9.927265047
449;Ethylbenzene;Water;283.19804;3.58E-05;1.86E-05;1.90E-05;L1;65.61066704
449;Ethylbenzene;Water;283.19804;3.61E-05;1.86E-05;1.90E-05;L1;66.44516423
449;Ethylbenzene;Water;283.19804;3.60E-05;1.86E-05;1.90E-05;L1;66.16777155
449;Ethylbenzene;Water;283.2;3.08E-05;1.86E-05;1.90E-05;L1;50.56464512
449;Ethylbenzene;Water;284.347695;2.58E-05;1.89E-05;1.93E-05;L1;31.26952027
449;Ethylbenzene;Water;284.947515;3.18E-05;1.90E-05;1.94E-05;L1;51.35302823
449;Ethylbenzene;Water;285.247425;3.07E-05;1.91E-05;1.95E-05;L1;47.42000069
449;Ethylbenzene;Water;287.146855;3.33E-05;1.96E-05;2.00E-05;L1;52.93863026
449;Ethylbenzene;Water;288.141;0.001912068;1.99E-05;2.03E-05;L1;456.6123443
449;Ethylbenzene;Water;288.141;2.85E-05;1.99E-05;2.03E-05;L1;36.00868728
449;Ethylbenzene;Water;288.146555;3.12E-05;1.99E-05;2.03E-05;L1;45.05246664
449;Ethylbenzene;Water;288.15;2.83E-05;1.99E-05;2.03E-05;L1;35.29211152
449;Ethylbenzene;Water;288.2;2.96E-05;1.99E-05;2.03E-05;L1;39.71476984
449;Ethylbenzene;Water;288.246525;3.11E-05;1.99E-05;2.03E-05;L1;44.59428878
449;Ethylbenzene;Water;288.646405;3.38E-05;2.00E-05;2.04E-05;L1;52.37111788
449;Ethylbenzene;Water;290.09;3.02E-05;2.04E-05;2.08E-05;L1;39.13100306
449;Ethylbenzene;Water;290.14597;3.27E-05;2.04E-05;2.08E-05;L1;47.00767671
449;Ethylbenzene;Water;291.04579;3.06E-05;2.07E-05;2.10E-05;L1;39.13860164
449;Ethylbenzene;Water;291.14577;3.20E-05;2.07E-05;2.11E-05;L1;43.47541836
449;Ethylbenzene;Water;292.14557;3.11E-05;2.10E-05;2.13E-05;L1;39.25564193
449;Ethylbenzene;Water;292.44551;3.34E-05;2.11E-05;2.14E-05;L1;45.98062939
449;Ethylbenzene;Water;293.14537;3.02E-05;2.13E-05;2.16E-05;L1;34.95347097
449;Ethylbenzene;Water;293.14537;2.22E-05;2.13E-05;2.16E-05;L1;4.178507422
449;Ethylbenzene;Water;293.14537;1.70E-05;2.13E-05;2.16E-05;L1;22.50938706
449;Ethylbenzene;Water;293.19536;3.53E-05;2.13E-05;2.16E-05;L1;50.48933244
449;Ethylbenzene;Water;293.19536;3.44E-05;2.13E-05;2.16E-05;L1;47.90669248
449;Ethylbenzene;Water;293.19536;3.05E-05;2.13E-05;2.16E-05;L1;35.8737044
449;Ethylbenzene;Water;293.2;2.88E-05;2.13E-05;2.16E-05;L1;30.13224076
449;Ethylbenzene;Water;293.24535;3.12E-05;2.13E-05;2.16E-05;L1;38.07460653
449;Ethylbenzene;Water;293.83772;3.51E-05;2.15E-05;2.18E-05;L1;49.0445617
449;Ethylbenzene;Water;294.14517;3.19E-05;2.16E-05;2.19E-05;L1;39.06569799
449;Ethylbenzene;Water;294.33752;3.55E-05;2.16E-05;2.19E-05;L1;49.49607569
449;Ethylbenzene;Water;295.14497;3.11E-05;2.19E-05;2.21E-05;L1;35.16311025
449;Ethylbenzene;Water;295.44491;3.36E-05;2.20E-05;2.22E-05;L1;42.48638184
449;Ethylbenzene;Water;296.64467;3.09E-05;2.23E-05;2.25E-05;L1;32.47646962
449;Ethylbenzene;Water;297.65;4.61E-05;2.26E-05;2.28E-05;L1;71.11544924
449;Ethylbenzene;Water;297.9944;3.10E-05;2.27E-05;2.29E-05;L1;30.96501733
449;Ethylbenzene;Water;298.136;2.80E-05;2.28E-05;2.29E-05;L1;20.59443843
449;Ethylbenzene;Water;298.136;2.70E-05;2.28E-05;2.29E-05;L1;16.95767402
449;Ethylbenzene;Water;298.136;2.50E-05;2.28E-05;2.29E-05;L1;9.261569902
449;Ethylbenzene;Water;298.136;2.38E-05;2.28E-05;2.29E-05;L1;4.342545483
449;Ethylbenzene;Water;298.136;3.71E-05;2.28E-05;2.29E-05;L1;48.73568438
449;Ethylbenzene;Water;298.14437;3.16E-05;2.28E-05;2.29E-05;L1;32.67833295
449;Ethylbenzene;Water;298.14437;3.00E-05;2.28E-05;2.29E-05;L1;27.48235905
449;Ethylbenzene;Water;298.14437;3.18E-05;2.28E-05;2.29E-05;L1;33.30924986
449;Ethylbenzene;Water;298.14437;1.82E-05;2.28E-05;2.29E-05;L1;22.49521971
449;Ethylbenzene;Water;298.14437;3.44E-05;2.28E-05;2.29E-05;L1;41.16827732
449;Ethylbenzene;Water;298.14437;2.74E-05;2.28E-05;2.29E-05;L1;18.41692223
449;Ethylbenzene;Water;298.14437;2.72E-05;2.28E-05;2.29E-05;L1;17.68431822
449;Ethylbenzene;Water;298.14437;2.92E-05;2.28E-05;2.29E-05;L1;24.77949181
449;Ethylbenzene;Water;298.14437;3.33E-05;2.28E-05;2.29E-05;L1;37.91836058
449;Ethylbenzene;Water;298.15;3.25E-05;2.28E-05;2.29E-05;L1;35.47898429
449;Ethylbenzene;Water;298.15;3.00E-05;2.28E-05;2.29E-05;L1;27.47471352
449;Ethylbenzene;Water;298.15;2.82E-05;2.28E-05;2.29E-05;L1;21.28717315
449;Ethylbenzene;Water;298.19436;3.61E-05;2.28E-05;2.29E-05;L1;45.92402272
449;Ethylbenzene;Water;298.2;3.39E-05;2.28E-05;2.29E-05;L1;39.62857893
449;Ethylbenzene;Water;298.73576;3.60E-05;2.30E-05;2.31E-05;L1;44.91166243
449;Ethylbenzene;Water;298.94421;3.27E-05;2.30E-05;2.31E-05;L1;35.01441316
449;Ethylbenzene;Water;299.24415;3.42E-05;2.31E-05;2.32E-05;L1;39.09256856
449;Ethylbenzene;Water;299.9;2.95E-05;2.33E-05;2.34E-05;L1;23.41976042
449;Ethylbenzene;Water;301.143655;3.17E-05;2.37E-05;2.38E-05;L1;28.92787354
449;Ethylbenzene;Water;303.143055;3.62E-05;2.44E-05;2.46E-05;L1;39.49877662
449;Ethylbenzene;Water;303.143055;3.16E-05;2.44E-05;2.46E-05;L1;25.90857679
449;Ethylbenzene;Water;303.15;2.88E-05;2.44E-05;2.46E-05;L1;16.62102375
449;Ethylbenzene;Water;303.15;4.00E-05;2.44E-05;2.46E-05;L1;49.47143045
449;Ethylbenzene;Water;303.2;2.86E-05;2.44E-05;2.46E-05;L1;15.85663055
449;Ethylbenzene;Water;303.33392;3.77E-05;2.45E-05;2.47E-05;L1;43.30112446
449;Ethylbenzene;Water;303.642905;3.48E-05;2.46E-05;2.48E-05;L1;34.8797084
449;Ethylbenzene;Water;306.841945;3.50E-05;2.56E-05;2.60E-05;L1;31.14245412
449;Ethylbenzene;Water;308.03204;3.95E-05;2.60E-05;2.65E-05;L1;41.63821555
449;Ethylbenzene;Water;308.141555;2.87E-05;2.61E-05;2.65E-05;L1;9.550781372
449;Ethylbenzene;Water;308.141555;3.22E-05;2.61E-05;2.65E-05;L1;21.05771435
449;Ethylbenzene;Water;308.15;2.89E-05;2.61E-05;2.65E-05;L1;10.2338877
449;Ethylbenzene;Water;308.2;3.39E-05;2.61E-05;2.65E-05;L1;26.12408657
449;Ethylbenzene;Water;308.2;2.95E-05;2.61E-05;2.65E-05;L1;12.22161147
449;Ethylbenzene;Water;309.71;3.07E-05;2.66E-05;2.71E-05;L1;14.18295058
449;Ethylbenzene;Water;311.49055;3.20E-05;2.73E-05;2.78E-05;L1;15.94596747
449;Ethylbenzene;Water;312.95;0.000132;2.78E-05;2.84E-05;L1;155.7019593
449;Ethylbenzene;Water;313.140055;3.30E-05;2.79E-05;2.84E-05;L1;16.81875535
449;Ethylbenzene;Water;313.15;3.38E-05;2.79E-05;2.84E-05;L1;19.2008021
449;Ethylbenzene;Water;313.15;2.92E-05;2.79E-05;2.84E-05;L1;4.571592782
449;Ethylbenzene;Water;313.2;2.93E-05;2.79E-05;2.85E-05;L1;4.846721953
449;Ethylbenzene;Water;313.2;3.05E-05;2.79E-05;2.85E-05;L1;8.860638712
449;Ethylbenzene;Water;313.25;3.56E-05;2.79E-05;2.85E-05;L1;24.25578659
449;Ethylbenzene;Water;313.85;3.45E-05;2.82E-05;2.87E-05;L1;20.31649413
449;Ethylbenzene;Water;314.05;3.38E-05;2.82E-05;2.88E-05;L1;17.99988214
449;Ethylbenzene;Water;315.92916;2.90E-05;2.89E-05;2.95E-05;L1;0.180069781
449;Ethylbenzene;Water;318.138555;3.50E-05;2.98E-05;3.04E-05;L1;16.04927862
449;Ethylbenzene;Water;318.138555;2.99E-05;2.98E-05;3.04E-05;L1;0.30032051
449;Ethylbenzene;Water;318.15;3.02E-05;2.98E-05;3.04E-05;L1;1.283476706
449;Ethylbenzene;Water;318.2;3.19E-05;2.98E-05;3.04E-05;L1;6.69353297
449;Ethylbenzene;Water;318.2;3.39E-05;2.98E-05;3.04E-05;L1;12.77443343
449;Ethylbenzene;Water;319.65;3.25E-05;3.04E-05;3.09E-05;L1;6.6344786
449;Ethylbenzene;Water;323.15;3.35E-05;3.19E-05;3.23E-05;L1;5.038607224
449;Ethylbenzene;Water;323.15;7.00E-05;3.19E-05;3.23E-05;L1;78.73358755
449;Ethylbenzene;Water;323.2;3.34E-05;3.19E-05;3.23E-05;L1;4.673705986
449;Ethylbenzene;Water;328.15;3.23E-05;3.40E-05;3.42E-05;L1;5.183717938
449;Ethylbenzene;Water;329.89;3.59E-05;3.48E-05;3.49E-05;L1;3.104982538
449;Ethylbenzene;Water;333.15;4.07E-05;3.63E-05;3.66E-05;L1;11.39895138
449;Ethylbenzene;Water;339.8;3.99E-05;3.96E-05;4.02E-05;L1;0.788427413
449;Ethylbenzene;Water;343.13;3.21E-05;4.13E-05;4.20E-05;L1;25.25515976
449;Ethylbenzene;Water;343.15;4.93E-05;4.13E-05;4.20E-05;L1;17.62592592
449;Ethylbenzene;Water;353.15;6.00E-05;4.70E-05;4.75E-05;L1;24.49166415
449;Ethylbenzene;Water;363.15;6.95E-05;5.33E-05;5.36E-05;L1;26.57977442
449;Ethylbenzene;Water;367.57548;8.60E-05;5.63E-05;5.70E-05;L1;42.35408357
449;Ethylbenzene;Water;373.09;4.70E-05;6.03E-05;6.12E-05;L1;24.90879888
449;Ethylbenzene;Water;373.15;8.54E-05;6.03E-05;6.12E-05;L1;34.73687205
449;Ethylbenzene;Water;388.1265;3.53E-05;7.25E-05;7.27E-05;L1;71.94174515
449;Ethylbenzene;Water;393.21;8.41E-05;7.71E-05;7.75E-05;L1;8.730396808
449;Ethylbenzene;Water;413.6321;8.70E-05;9.82E-05;9.93E-05;L1;12.13395208
449;Ethylbenzene;Water;423.36432;0.000219;0.000110008;0.000110861;L1;68.85229271
449;Ethylbenzene;Water;443.6412;0.000201883;0.000138656;0.000139949;L1;37.56903878
449;Ethylbenzene;Water;479.46;0.0006;0.000205646;0.000206138;L1;107.0773197
449;Ethylbenzene;Water;483.157;0.000602015;0.000213963;0.000215259;L1;103.4477168
449;Ethylbenzene;Water;506.6654;0.001120354;0.000274115;0.000274966;L1;140.7851316
449;Ethylbenzene;Water;536.06061;0.00325;0.000369819;0.000371673;L1;217.339628
449;Ethylbenzene;Water;552.761;0.00375;0.000436258;0.000440479;L1;215.1278044
449;Ethylbenzene;Water;273.1000159;0.998951904;0.999995374;0.999994657;L2;0.104401999
449;Ethylbenzene;Water;283.144;0.998381517;0.999992207;0.999990304;L2;0.161200153
449;Ethylbenzene;Water;291.33908;0.99826;0.999988404;0.999986753;L2;0.172991982
449;Ethylbenzene;Water;291.43902;0.99819;0.99998835;0.999986709;L2;0.179998964
449;Ethylbenzene;Water;292.83818;0.99808;0.999987561;0.999986103;L2;0.190940685
449;Ethylbenzene;Water;293.138;0.9978058;0.999987387;0.999985973;L2;0.218399741
449;Ethylbenzene;Water;295.43708;0.99793;0.999985977;0.999984977;L2;0.205812236
449;Ethylbenzene;Water;296.53664;0.99788;0.999985257;0.9999845;L2;0.210750747
449;Ethylbenzene;Water;297.33632;0.99772;0.999984714;0.999984154;L2;0.226731732
449;Ethylbenzene;Water;298.136;0.997488383;0.999984155;0.999983807;L2;0.249893087
449;Ethylbenzene;Water;298.136;0.9977;0.999984155;0.999983807;L2;0.228680353
449;Ethylbenzene;Water;298.14437;0.997400778;0.999984149;0.999983804;L2;0.258675436
449;Ethylbenzene;Water;298.2;0.996474365;0.999984109;0.99998378;L2;0.351597364
449;Ethylbenzene;Water;300.33512;0.99709;0.999982526;0.999982552;L2;0.289676771
449;Ethylbenzene;Water;302.93408;0.9965;0.999980421;0.999979087;L2;0.34865598
449;Ethylbenzene;Water;303.134;0.997071816;0.99998025;0.99997882;L2;0.29127296
449;Ethylbenzene;Water;303.134;0.997048807;0.99998025;0.99997882;L2;0.293580644
449;Ethylbenzene;Water;303.15;0.9967;0.999980237;0.999978799;L2;0.32856934
449;Ethylbenzene;Water;303.15;0.99729;0.999980237;0.999978799;L2;0.269391509
449;Ethylbenzene;Water;304.73336;0.99619;0.999978842;0.999976687;L2;0.379611809
449;Ethylbenzene;Water;305.23316;0.99595;0.999978385;0.999976021;L2;0.40366079
449;Ethylbenzene;Water;307.33232;0.99562;0.999976373;0.999973222;L2;0.436599327
449;Ethylbenzene;Water;308.132;0.996380844;0.999975567;0.999972156;L2;0.360128747
449;Ethylbenzene;Water;308.2;0.995303735;0.999975497;0.999972065;L2;0.468282395
449;Ethylbenzene;Water;308.23196;0.99544;0.999975464;0.999972022;L2;0.454589259
449;Ethylbenzene;Water;309.73136;0.9951;0.999973884;0.999970023;L2;0.48859285
449;Ethylbenzene;Water;310.89073;0.9957;0.999972605;0.999968477;L2;0.428187645
449;Ethylbenzene;Water;311.93048;0.99462;0.999971414;0.999967091;L2;0.536593767
449;Ethylbenzene;Water;313.15;0.99634;0.999969961;0.999965465;L2;0.363667508
449;Ethylbenzene;Water;313.15;0.99545;0.999969961;0.999965465;L2;0.453034365
449;Ethylbenzene;Water;314.62955;0.9941;0.999968117;0.999963492;L2;0.588559016
449;Ethylbenzene;Water;316.22907;0.99373;0.999966017;0.999961359;L2;0.625575587
449;Ethylbenzene;Water;318.15;0.994749;0.999963345;0.999958798;L2;0.522817915
449;Ethylbenzene;Water;318.2;0.994135386;0.999963273;0.999958731;L2;0.584515074
449;Ethylbenzene;Water;320.32784;0.99282;0.999960105;0.999955894;L2;0.716600468
449;Ethylbenzene;Water;322.62715;0.99238;0.99995643;0.999952828;L2;0.760560931
449;Ethylbenzene;Water;323.15;0.9947;0.999955556;0.999952131;L2;0.526964966
449;Ethylbenzene;Water;323.15;0.994106;0.999955556;0.999952131;L2;0.586699301
449;Ethylbenzene;Water;323.15;0.99543;0.999955556;0.999952131;L2;0.453602921
449;Ethylbenzene;Water;328.15;0.993348;0.999946438;0.999945464;L2;0.662065988
449;Ethylbenzene;Water;333.15;0.99427;0.999935823;0.999932702;L2;0.568229992
449;Ethylbenzene;Water;333.15;0.992533;0.999935823;0.999932702;L2;0.743083809
449;Ethylbenzene;Water;338.15;0.991283;0.999923526;0.999916367;L2;0.867873846
449;Ethylbenzene;Water;343.15;0.9917;0.999909352;0.999900032;L2;0.82439847
449;Ethylbenzene;Water;353.15;0.9893;0.999874513;0.999867363;L2;1.063216223
449;Ethylbenzene;Water;363.15;0.9846;0.999829449;0.999823542;L2;1.534924645
449;Ethylbenzene;Water;367.57548;0.9814;0.999805708;0.999793443;L2;1.858084491
449;Ethylbenzene;Water;373.15;0.9798;0.999772074;0.999755528;L2;2.017885749
449;Ethylbenzene;Water;423.36432;0.9404;0.999208361;0.999193783;L2;6.065801027
449;Ethylbenzene;Water;479.46;0.837;0.9976733;0.997670554;L2;17.56017977
449;Ethylbenzene;Water;536.06061;0.592;0.994517163;0.994484137;L2;51.87507216
449;Ethylbenzene;Water;550.361;0.528;0.993379218;0.993298304;L2;63.20161982
449;Ethylbenzene;Water;568.061;0.309;0.991747396;0.991730483;L2;116.6127157
552;Chlorobenzene;Water;278.1;7.93E-05;7.16E-05;7.23E-05;L1;10.28254542
552;Chlorobenzene;Water;278.1492701;6.40E-05;7.16E-05;7.23E-05;L1;11.20881986
552;Chlorobenzene;Water;283.148055;6.58E-05;7.58E-05;7.67E-05;L1;14.08494978
552;Chlorobenzene;Water;283.19804;7.00E-05;7.58E-05;7.67E-05;L1;7.953728357
552;Chlorobenzene;Water;283.19804;7.80E-05;7.58E-05;7.67E-05;L1;2.867630107
552;Chlorobenzene;Water;288.15;6.87E-05;8.01E-05;8.11E-05;L1;15.39060505
552;Chlorobenzene;Water;293.14537;7.06E-05;8.47E-05;8.54E-05;L1;18.23929902
552;Chlorobenzene;Water;293.15;7.73E-05;8.47E-05;8.54E-05;L1;9.178070961
552;Chlorobenzene;Water;293.15;7.64E-05;8.47E-05;8.54E-05;L1;10.3491969
552;Chlorobenzene;Water;293.19536;7.70E-05;8.48E-05;8.55E-05;L1;9.617406601
552;Chlorobenzene;Water;293.19536;6.70E-05;8.48E-05;8.55E-05;L1;23.52868685
552;Chlorobenzene;Water;294.14517;8.55E-05;8.57E-05;8.63E-05;L1;0.202743549
552;Chlorobenzene;Water;297.9944;7.40E-05;8.94E-05;8.97E-05;L1;18.91665557
552;Chlorobenzene;Water;298.14437;0.000171;8.96E-05;8.98E-05;L1;64.6772801
552;Chlorobenzene;Water;298.14437;7.58E-05;8.96E-05;8.98E-05;L1;16.67924629
552;Chlorobenzene;Water;298.14437;7.40E-05;8.96E-05;8.98E-05;L1;19.08256623
552;Chlorobenzene;Water;298.14437;4.74E-05;8.96E-05;8.98E-05;L1;63.62685268
552;Chlorobenzene;Water;298.14437;6.83E-05;8.96E-05;8.98E-05;L1;27.09809889
552;Chlorobenzene;Water;298.15;7.55E-05;8.96E-05;8.98E-05;L1;17.08203776
552;Chlorobenzene;Water;298.15;7.97E-05;8.96E-05;8.98E-05;L1;11.66834481
552;Chlorobenzene;Water;298.19436;8.06E-05;8.96E-05;8.98E-05;L1;10.59450691
552;Chlorobenzene;Water;298.19436;5.60E-05;8.96E-05;8.98E-05;L1;47.00920278
552;Chlorobenzene;Water;298.6358;0.000176222;9.00E-05;9.02E-05;L1;67.14192912
552;Chlorobenzene;Water;303.134;7.80E-05;9.46E-05;9.51E-05;L1;19.32094606
552;Chlorobenzene;Water;303.134;7.75E-05;9.46E-05;9.51E-05;L1;19.96403509
552;Chlorobenzene;Water;303.134;7.98E-05;9.46E-05;9.51E-05;L1;17.03947828
552;Chlorobenzene;Water;303.143055;7.43E-05;9.46E-05;9.51E-05;L1;24.19068948
552;Chlorobenzene;Water;303.143055;7.17E-05;9.46E-05;9.51E-05;L1;27.75270989
552;Chlorobenzene;Water;303.143055;7.59E-05;9.46E-05;9.51E-05;L1;22.06011621
552;Chlorobenzene;Water;303.15;9.75E-05;9.46E-05;9.51E-05;L1;2.97581723
552;Chlorobenzene;Water;303.19304;8.00E-05;9.47E-05;9.52E-05;L1;16.85407747
552;Chlorobenzene;Water;303.19304;7.80E-05;9.47E-05;9.52E-05;L1;19.38585827
552;Chlorobenzene;Water;303.2;7.85E-05;9.47E-05;9.52E-05;L1;18.75453041
552;Chlorobenzene;Water;308.15;8.67E-05;1.00E-04;0.000101077;L1;14.24483456
552;Chlorobenzene;Water;313.13;0.000113;0.000105548;0.000106987;L1;6.822382919
552;Chlorobenzene;Water;313.15;0.000134551;0.000105571;0.000107011;L1;24.25620533
552;Chlorobenzene;Water;313.2;0.000113706;0.000105628;0.00010707;L1;7.369177017
552;Chlorobenzene;Water;318.15;8.83E-05;0.000111445;0.000112945;L1;23.27953645
552;Chlorobenzene;Water;323.127;0.000154;0.00011758;0.000118851;L1;26.98304469
552;Chlorobenzene;Water;323.15;0.000202636;0.000117609;0.000118879;L1;54.40422035
552;Chlorobenzene;Water;323.2;0.000155379;0.000117673;0.000118938;L1;27.79614998
552;Chlorobenzene;Water;333.124;0.000176;0.000130819;0.000131802;L1;29.66690656
552;Chlorobenzene;Water;333.2;0.000179429;0.000130925;0.000131918;L1;31.51583115
552;Chlorobenzene;Water;343.124;0.000257;0.000145373;0.000147138;L1;56.97703993
552;Chlorobenzene;Water;353.123;0.000289;0.000161351;0.000162473;L1;58.28447434
552;Chlorobenzene;Water;363.123;0.000401;0.000178876;0.000179483;L1;80.72689262
552;Chlorobenzene;Water;372.92441;0.0004;0.000197678;0.000199747;L1;70.48257478
552;Chlorobenzene;Water;397.91941;0.00059;0.000253829;0.000256197;L1;84.34622092
552;Chlorobenzene;Water;423.21435;0.00088;0.000324676;0.0003262;L1;99.70943163
552;Chlorobenzene;Water;513.168;0.009758517;0.000739459;0.000741947;L1;257.9976903
552;Chlorobenzene;Water;523.171;0.010468491;0.000806455;0.000812316;L1;256.3476683
552;Chlorobenzene;Water;533.174;0.01154294;0.000878712;0.000882685;L1;257.5371738
552;Chlorobenzene;Water;288.141;0.998518711;0.999986468;0.999984114;L2;0.146885491
552;Chlorobenzene;Water;290.88935;0.998284;0.999984629;0.999982465;L2;0.170210244
552;Chlorobenzene;Water;293.138;0.998280716;0.999982972;0.999981115;L2;0.170373537
552;Chlorobenzene;Water;293.15;0.99685444;0.999982963;0.999981108;L2;0.313348015
552;Chlorobenzene;Water;296.08682;0.997923;0.999980575;0.999979346;L2;0.205973474
552;Chlorobenzene;Water;298.136;0.998080189;0.999978748;0.999978116;L2;0.190040435
552;Chlorobenzene;Water;298.136;0.997966758;0.999978748;0.999978116;L2;0.201405999
552;Chlorobenzene;Water;298.136;0.996550511;0.999978748;0.999978116;L2;0.343420035
552;Chlorobenzene;Water;298.136;0.997995263;0.999978748;0.999978116;L2;0.198549732
552;Chlorobenzene;Water;298.136;0.997193996;0.999978748;0.999978116;L2;0.278869636
552;Chlorobenzene;Water;298.15;0.997252463;0.999978735;0.999978108;L2;0.27300536
552;Chlorobenzene;Water;298.3859;0.997618;0.999978516;0.999977966;L2;0.236335736
552;Chlorobenzene;Water;298.6358;0.988859012;0.999978282;0.999977816;L2;1.118179515
552;Chlorobenzene;Water;301.18478;0.997071;0.999975767;0.99997498;L2;0.290906442
552;Chlorobenzene;Water;303.134;0.997762475;0.999973684;0.999971666;L2;0.221371543
552;Chlorobenzene;Water;303.15;0.99673497;0.999973666;0.999971638;L2;0.324403758
552;Chlorobenzene;Water;303.2;0.997443859;0.999973611;0.999971553;L2;0.253302388
552;Chlorobenzene;Water;303.58382;0.99681;0.999973182;0.999970901;L2;0.316828103
552;Chlorobenzene;Water;305.58302;0.996511;0.999970857;0.999967502;L2;0.346595768
552;Chlorobenzene;Water;308.132;0.997386419;0.999967652;0.999963168;L2;0.258465382
552;Chlorobenzene;Water;308.15;0.996147519;0.999967628;0.999963137;L2;0.382754874
552;Chlorobenzene;Water;308.15;0.995689147;0.999967628;0.999963137;L2;0.428779934
552;Chlorobenzene;Water;308.3819;0.996133;0.999967323;0.999962743;L2;0.384181821
552;Chlorobenzene;Water;309.78134;0.995891;0.999965426;0.999960364;L2;0.408289054
552;Chlorobenzene;Water;312.98006;0.99545;0.999960746;0.999954925;L2;0.452112815
552;Chlorobenzene;Water;313.15;0.995532438;0.999960484;0.999954636;L2;0.443805416
552;Chlorobenzene;Water;313.2;0.992981489;0.999960406;0.999954551;L2;0.700366184
552;Chlorobenzene;Water;315.879175;0.994868;0.999956063;0.999949996;L2;0.510127594
552;Chlorobenzene;Water;318.15;0.994767477;0.99995208;0.999946135;L2;0.519833976
552;Chlorobenzene;Water;321.077615;0.994063;0.999946511;0.999941158;L2;0.590120321
552;Chlorobenzene;Water;322.177285;0.993847;0.999944285;0.999939288;L2;0.611629152
552;Chlorobenzene;Water;323.15;0.993988647;0.999942254;0.999937634;L2;0.597174628
552;Chlorobenzene;Water;323.15;0.994748416;0.999942254;0.999937634;L2;0.520767439
552;Chlorobenzene;Water;323.2;0.988123689;0.999942148;0.999937549;L2;1.188954408
552;Chlorobenzene;Water;333.2;0.983305603;0.999917464;0.999913276;L2;1.675277998
552;Chlorobenzene;Water;372.92441;0.9749;0.999721345;0.9997026;L2;2.514168359
552;Chlorobenzene;Water;397.91941;0.959;0.999472588;0.999450274;L2;4.133665255
552;Chlorobenzene;Water;423.21435;0.9344;0.99906944;0.999054577;L2;6.691967359
583;Benzonitrile;Pentadecane;291.394;0.345;0.237261242;0.23730493;L1;37.4382598
583;Benzonitrile;Pentadecane;292.602;0.36;0.244613916;0.245010883;L1;38.64229183
583;Benzonitrile;Pentadecane;293.65;0.375;0.251127466;0.251772829;L1;40.09653848
583;Benzonitrile;Pentadecane;294.913;0.392;0.25914699;0.259922006;L1;41.38664112
583;Benzonitrile;Pentadecane;296.102;0.417;0.26686971;0.267593717;L1;44.63256617
583;Benzonitrile;Pentadecane;297.126;0.433;0.273658182;0.274200809;L1;45.88579109
583;Benzonitrile;Pentadecane;298.031;0.457;0.27976581;0.280040084;L1;49.07305294
583;Benzonitrile;Pentadecane;298.648;0.471;0.283988915;0.284021115;L1;50.59228874
583;Benzonitrile;Pentadecane;299.217;0.488;0.287926617;0.288133171;L1;52.76097591
583;Benzonitrile;Pentadecane;299.66;0.503;0.291021325;0.291385626;L1;54.71936255
583;Benzonitrile;Pentadecane;299.98;0.516;0.293272719;0.29373503;L1;56.50038089
583;Benzonitrile;Pentadecane;300.208;0.526;0.294885055;0.29540898;L1;57.87155771
583;Benzonitrile;Pentadecane;300.373;0.535;0.296056165;0.296620391;L1;59.17175634
583;Benzonitrile;Pentadecane;300.533;0.546;0.297195241;0.297795093;L1;60.82296768
583;Benzonitrile;Pentadecane;300.652;0.551;0.298044641;0.298668777;L1;61.44915328
583;Benzonitrile;Pentadecane;300.739;0.559;0.298666828;0.299307522;L1;62.68208073
583;Benzonitrile;Pentadecane;300.812;0.563;0.299189676;0.299843479;L1;63.22018872
583;Benzonitrile;Pentadecane;300.877;0.568;0.299655828;0.300320702;L1;63.94868442
583;Benzonitrile;Pentadecane;300.938;0.575;0.300093809;0.300768557;L1;65.02749179
583;Benzonitrile;Pentadecane;300.985;0.582;0.300431612;0.301113626;L1;66.12503005
583;Benzonitrile;Pentadecane;301.027;0.584;0.30073373;0.301421985;L1;66.3675727
583;Benzonitrile;Pentadecane;301.063;0.589;0.300992878;0.301686293;L1;67.13395803
583;Benzonitrile;Pentadecane;301.09;0.594;0.301187354;0.301884524;L1;67.91468106
583;Benzonitrile;Pentadecane;301.115;0.598;0.301367512;0.302068071;L1;68.52602651
583;Benzonitrile;Pentadecane;301.136;0.602;0.30151891;0.30222225;L1;69.14247128
583;Benzonitrile;Pentadecane;301.157;0.606;0.301670367;0.30237643;L1;69.75450644
583;Benzonitrile;Pentadecane;301.174;0.611;0.301793019;0.302501242;L1;70.53555432
583;Benzonitrile;Pentadecane;301.186;0.615;0.301879621;0.302589345;L1;71.1593936
583;Benzonitrile;Pentadecane;301.206;0.618;0.302024;0.302736183;L1;71.59819722
583;Benzonitrile;Pentadecane;301.215;0.624;0.302088989;0.30280226;L1;72.54287301
583;Benzonitrile;Pentadecane;301.221;0.627;0.30213232;0.302846311;L1;73.00814725
583;Benzonitrile;Pentadecane;291.394;0.858;0.960258812;0.960243398;L2;11.25987443
583;Benzonitrile;Pentadecane;292.602;0.85;0.95864434;0.958479691;L2;12.02837907
583;Benzonitrile;Pentadecane;293.65;0.844;0.95719018;0.9569198;L2;12.58496026
583;Benzonitrile;Pentadecane;294.913;0.835;0.955368272;0.955039894;L2;13.46651662
583;Benzonitrile;Pentadecane;296.102;0.824;0.95358018;0.953270132;L2;14.60529813
583;Benzonitrile;Pentadecane;297.126;0.814;0.951980556;0.951745964;L2;15.65842443
583;Benzonitrile;Pentadecane;298.031;0.802;0.950518641;0.95039892;L2;16.98991658
583;Benzonitrile;Pentadecane;298.648;0.793;0.949494995;0.94948055;L2;18.01070377
583;Benzonitrile;Pentadecane;299.217;0.784;0.948530966;0.948427991;L2;19.0505416
583;Benzonitrile;Pentadecane;299.66;0.775;0.94776676;0.947584727;L2;20.12454092
583;Benzonitrile;Pentadecane;299.98;0.766;0.947207141;0.946975598;L2;21.23356335
583;Benzonitrile;Pentadecane;300.208;0.761;0.946804461;0.946541593;L2;21.84592318
583;Benzonitrile;Pentadecane;300.373;0.754;0.946510974;0.946227511;L2;22.73901965
583;Benzonitrile;Pentadecane;300.533;0.748;0.9462247;0.945922946;L2;23.50770896
583;Benzonitrile;Pentadecane;300.652;0.743;0.946010704;0.945696426;L2;24.15578398
583;Benzonitrile;Pentadecane;300.739;0.739;0.945853667;0.945530819;L2;24.67899502
583;Benzonitrile;Pentadecane;300.812;0.736;0.945721516;0.945391861;L2;25.07180265
583;Benzonitrile;Pentadecane;300.877;0.731;0.945603551;0.945268131;L2;25.74099425
583;Benzonitrile;Pentadecane;300.938;0.727;0.945492591;0.945152016;L2;26.27795748
583;Benzonitrile;Pentadecane;300.985;0.723;0.945406929;0.94506255;L2;26.82062253
583;Benzonitrile;Pentadecane;301.027;0.72;0.945330255;0.944982602;L2;27.22831308
583;Benzonitrile;Pentadecane;301.063;0.716;0.945264441;0.944914075;L2;27.77845531
583;Benzonitrile;Pentadecane;301.09;0.713;0.945215024;0.94486268;L2;28.19310193
583;Benzonitrile;Pentadecane;301.115;0.71;0.945169223;0.944815091;L2;28.60990135
583;Benzonitrile;Pentadecane;301.136;0.706;0.945130718;0.944775117;L2;29.17080068
583;Benzonitrile;Pentadecane;301.157;0.702;0.945092184;0.944735143;L2;29.7349068
583;Benzonitrile;Pentadecane;301.174;0.699;0.945060968;0.944702783;L2;30.15986994
583;Benzonitrile;Pentadecane;301.186;0.695;0.945038921;0.944679941;L2;30.73142676
583;Benzonitrile;Pentadecane;301.197;0.692;0.945018703;0.944659002;L2;31.16187635
583;Benzonitrile;Pentadecane;301.206;0.687;0.945002155;0.94464187;L2;31.8852916
583;Benzonitrile;Pentadecane;301.212;0.684;0.94499112;0.944630449;L2;32.32176133
583;Benzonitrile;Pentadecane;301.215;0.681;0.944985602;0.944624738;L2;32.76073851
583;Benzonitrile;Pentadecane;301.218;0.682;0.944980083;0.944619028;L2;32.6134193
583;Benzonitrile;Pentadecane;301.221;0.676;0.944974563;0.944613317;L2;33.49649338
588;Nitrobenzene;Hexane;274.7497664;0.132;0.172845617;0.173141751;L1;26.95968876
588;Nitrobenzene;Hexane;282.893;0.165;0.223022345;0.224074524;L1;30.13264931
588;Nitrobenzene;Hexane;284.626;0.18;0.235960789;0.236498459;L1;27.07087905
588;Nitrobenzene;Hexane;284.6431;0.1903;0.236093601;0.236621049;L1;21.56265655
588;Nitrobenzene;Hexane;285.217434;0.197;0.240617397;0.240738469;L1;20.00043806
588;Nitrobenzene;Hexane;285.571;0.189;0.243465272;0.243678331;L1;25.3227297
588;Nitrobenzene;Hexane;286.5380214;0.334517;0.251517227;0.252481877;L1;28.51762181
588;Nitrobenzene;Hexane;286.6909166;0.39303;0.25282761;0.253873801;L1;44.11780736
588;Nitrobenzene;Hexane;286.7175506;0.355207;0.253056965;0.254116271;L1;33.90860977
588;Nitrobenzene;Hexane;286.719;0.2;0.253069455;0.254129467;L1;23.53466117
588;Nitrobenzene;Hexane;286.7431272;0.396045;0.253277521;0.254349115;L1;44.70420324
588;Nitrobenzene;Hexane;286.7595664;0.389019;0.253419441;0.254498774;L1;42.85821985
588;Nitrobenzene;Hexane;286.7647752;0.42429;0.253464435;0.254546194;L1;51.51936655
588;Nitrobenzene;Hexane;286.7943865;0.408497;0.253720457;0.254815768;L1;47.62514709
588;Nitrobenzene;Hexane;286.8069669;0.373906;0.253829352;0.254930298;L1;38.73422311
588;Nitrobenzene;Hexane;286.8108216;0.40158;0.253862732;0.25496539;L1;45.86130695
588;Nitrobenzene;Hexane;286.8305298;0.38295;0.254033507;0.255144809;L1;41.04382558
588;Nitrobenzene;Hexane;287.1416;0.2228;0.256753251;0.257976723;L1;14.18410029
588;Nitrobenzene;Hexane;287.39;0.24;0.258958647;0.260238101;L1;7.602946006
588;Nitrobenzene;Hexane;287.889;0.214;0.263483355;0.264780885;L1;20.80141807
588;Nitrobenzene;Hexane;288.146555;0.225;0.265870332;0.267125609;L1;16.6908314
588;Nitrobenzene;Hexane;289.124;0.236;0.275276153;0.27602405;L1;15.39429824
588;Nitrobenzene;Hexane;289.24034;0.2546;0.276434794;0.277083183;L1;8.228128192
588;Nitrobenzene;Hexane;290.006;0.252;0.284289031;0.284570861;L1;12.05623479
588;Nitrobenzene;Hexane;290.33968;0.2794;0.287845186;0.288610386;L1;2.977833882
588;Nitrobenzene;Hexane;290.53;0.28;0.289912555;0.290914397;L1;3.478973865
588;Nitrobenzene;Hexane;290.559548;0.286918174;0.290236155;0.291272105;L1;1.14978509
588;Nitrobenzene;Hexane;290.779;0.269;0.292662283;0.293928788;L1;8.430794544
588;Nitrobenzene;Hexane;291.253;0.277;0.298046121;0.299667024;L1;7.323073841
588;Nitrobenzene;Hexane;291.375724;0.278;0.299473852;0.301152719;L1;7.440599445
588;Nitrobenzene;Hexane;291.573;0.292;0.301799681;0.30354094;L1;3.300968558
588;Nitrobenzene;Hexane;291.819;0.298;0.304755367;0.306519012;L1;2.241589402
588;Nitrobenzene;Hexane;291.83878;0.3429;0.304995789;0.306758468;L1;11.71408903
588;Nitrobenzene;Hexane;291.92;0.32;0.305987429;0.307741716;L1;4.477697597
588;Nitrobenzene;Hexane;292.008678;0.360425647;0.307078382;0.308815251;L1;16.01826538
588;Nitrobenzene;Hexane;292.009;0.304;0.30708236;0.308819149;L1;1.008828281
588;Nitrobenzene;Hexane;292.155;0.31;0.308897813;0.310586623;L1;0.356177849
588;Nitrobenzene;Hexane;292.266;0.315;0.310294531;0.311930387;L1;1.50506934
588;Nitrobenzene;Hexane;292.338;0.317;0.311208326;0.312802018;L1;1.843922666
588;Nitrobenzene;Hexane;292.33848;0.4218;0.311214439;0.312807829;L1;30.40490786
588;Nitrobenzene;Hexane;292.33848;0.3938;0.311214439;0.312807829;L1;23.53609767
588;Nitrobenzene;Hexane;292.399;0.321;0.311987425;0.313540483;L1;2.847824036
588;Nitrobenzene;Hexane;292.456;0.323;0.312719572;0.314230524;L1;3.234546879
588;Nitrobenzene;Hexane;292.506;0.327;0.313365145;0.314835824;L1;4.259106358
588;Nitrobenzene;Hexane;292.53836;0.418564357;0.313784642;0.315227573;L1;28.81237612
588;Nitrobenzene;Hexane;292.57;0.36;0.314196097;0.315610607;L1;13.60867286
588;Nitrobenzene;Hexane;292.57;0.331;0.314196097;0.315610607;L1;5.210107253
588;Nitrobenzene;Hexane;292.622;0.334;0.314875119;0.316240118;L1;5.896487942
588;Nitrobenzene;Hexane;292.682;0.344;0.31566299;0.316966477;L1;8.596649931
588;Nitrobenzene;Hexane;292.733;0.344;0.316336427;0.317583882;L1;8.383536852
588;Nitrobenzene;Hexane;292.766;0.346;0.316774038;0.31798338;L1;8.82500698
588;Nitrobenzene;Hexane;292.803;0.348;0.317266448;0.318431301;L1;9.24605293
588;Nitrobenzene;Hexane;292.837;0.35;0.317720584;0.318842905;L1;9.67608244
588;Nitrobenzene;Hexane;292.859;0.354;0.318015287;0.319109236;L1;10.7197459
588;Nitrobenzene;Hexane;292.884;0.355;0.318350995;0.319411886;L1;10.89632569
588;Nitrobenzene;Hexane;292.918;0.358;0.318808961;0.319823489;L1;11.59409324
588;Nitrobenzene;Hexane;292.946;0.363;0.319187334;0.320162457;L1;12.8624649
588;Nitrobenzene;Hexane;292.98;0.369;0.31964829;0.320574061;L1;14.35753477
588;Nitrobenzene;Hexane;292.985402;0.369;0.31972168;0.320639457;L1;14.33457771
588;Nitrobenzene;Hexane;293.007;0.373;0.320015525;0.320900922;L1;15.3208908
588;Nitrobenzene;Hexane;293.03;0.376;0.320329189;0.32117936;L1;16.02399618
588;Nitrobenzene;Hexane;293.048;0.383;0.320575202;0.321397267;L1;17.79181007
588;Nitrobenzene;Hexane;293.062;0.387;0.320766874;0.321566751;L1;18.7710083
588;Nitrobenzene;Hexane;293.073;0.396;0.320917676;0.321699917;L1;21.02295831
588;Nitrobenzene;Hexane;293.082;0.396;0.321041192;0.321808871;L1;20.98447734
588;Nitrobenzene;Hexane;293.087;0.4;0.321109863;0.321869401;L1;21.96812288
588;Nitrobenzene;Hexane;293.092;0.404;0.321178572;0.321929931;L1;22.94176095
588;Nitrobenzene;Hexane;293.094;0.406;0.321206066;0.321954143;L1;23.42702915
588;Nitrobenzene;Hexane;293.096;0.409;0.321233566;0.321978355;L1;24.15466772
588;Nitrobenzene;Hexane;293.098;0.41;0.321261072;0.322002567;L1;24.39030589
588;Nitrobenzene;Hexane;293.14537;0.435;0.321914294;0.322576027;L1;30.10606896
588;Nitrobenzene;Hexane;293.155368;0.421;0.322052595;0.322697063;L1;26.79179639
588;Nitrobenzene;Hexane;293.165366;0.422;0.322191047;0.322818099;L1;26.98606311
588;Nitrobenzene;Hexane;293.165366;0.412;0.322191047;0.322818099;L1;24.58786664
588;Nitrobenzene;Hexane;293.165366;0.414;0.322191047;0.322818099;L1;25.07212909
588;Nitrobenzene;Hexane;293.165366;0.415;0.322191047;0.322818099;L1;25.31338373
588;Nitrobenzene;Hexane;293.175364;0.438;0.322329651;0.322939134;L1;30.66441288
588;Nitrobenzene;Hexane;293.175364;0.433;0.322329651;0.322939134;L1;29.51629464
588;Nitrobenzene;Hexane;266.85163;0.792;0.801559072;0.801310307;L2;1.199727904
588;Nitrobenzene;Hexane;272.95016;0.763;0.771261005;0.77079482;L2;1.07688132
588;Nitrobenzene;Hexane;278.94652;0.7433;0.735896944;0.735327762;L2;1.000964489
588;Nitrobenzene;Hexane;282.893;0.687;0.708455179;0.707426294;L2;3.075250337
588;Nitrobenzene;Hexane;283.717884;0.693;0.702175333;0.701263124;L2;1.315313639
588;Nitrobenzene;Hexane;284.626;0.671;0.695004812;0.69447808;L2;3.514963245
588;Nitrobenzene;Hexane;285.571;0.662;0.687229998;0.687019481;L2;3.740346628
588;Nitrobenzene;Hexane;286.5928794;0.460791;0.678423811;0.677442317;L2;38.6827605
588;Nitrobenzene;Hexane;286.719;0.648;0.677305819;0.676260302;L2;4.423220094
588;Nitrobenzene;Hexane;287.04166;0.6459;0.674412568;0.673236298;L2;4.319734859
588;Nitrobenzene;Hexane;287.39;0.64;0.671233875;0.669971618;L2;4.764944701
588;Nitrobenzene;Hexane;287.889;0.633;0.666575313;0.665294937;L2;5.168270887
588;Nitrobenzene;Hexane;287.94112;0.62925424;0.6660813;0.664806462;L2;5.687636271
588;Nitrobenzene;Hexane;288.6407;0.6234;0.659306111;0.658249924;L2;5.599956814
588;Nitrobenzene;Hexane;289.124;0.614;0.65445877;0.653720384;L2;6.381366126
588;Nitrobenzene;Hexane;289.78;0.6;0.64763955;0.647572282;L2;7.640463631
588;Nitrobenzene;Hexane;290.006;0.598;0.645221271;0.644941786;L2;7.600255914
588;Nitrobenzene;Hexane;290.779;0.584;0.636655683;0.635398338;L2;8.632799748
588;Nitrobenzene;Hexane;290.83938;0.5738;0.635966134;0.634652888;L2;10.28644093
588;Nitrobenzene;Hexane;291.025794;0.588;0.633817265;0.632351423;L2;7.503373898
588;Nitrobenzene;Hexane;291.253;0.574;0.631156;0.62954634;L2;9.49236622
588;Nitrobenzene;Hexane;291.32;0.56;0.630362086;0.628719159;L2;11.83576102
588;Nitrobenzene;Hexane;291.43902;0.558751478;0.62894119;0.62724974;L2;11.83329643
588;Nitrobenzene;Hexane;291.573;0.563;0.627325134;0.625595625;L2;10.81853327
588;Nitrobenzene;Hexane;291.819;0.555;0.624310509;0.622558512;L2;11.76797411
588;Nitrobenzene;Hexane;292.009;0.548;0.621938288;0.620212774;L2;12.65655847
588;Nitrobenzene;Hexane;292.155;0.543;0.620088252;0.61841026;L2;13.27524902
588;Nitrobenzene;Hexane;292.266;0.539;0.618665343;0.617039855;L2;13.78489144
588;Nitrobenzene;Hexane;292.338;0.535;0.617734602;0.616150944;L2;14.37921712
588;Nitrobenzene;Hexane;292.33848;0.4685;0.617728376;0.616145018;L2;27.65127379
588;Nitrobenzene;Hexane;292.399;0.532;0.616941177;0.615397839;L2;14.81301934
588;Nitrobenzene;Hexane;292.456;0.53;0.616195668;0.614694118;L2;15.06875491
588;Nitrobenzene;Hexane;292.506;0.526;0.615538393;0.614076819;L2;15.71961079
588;Nitrobenzene;Hexane;292.57;0.522;0.614692488;0.613286675;L2;16.34545357
588;Nitrobenzene;Hexane;292.622;0.519;0.614001337;0.612644684;L2;16.80932231
588;Nitrobenzene;Hexane;292.682;0.511;0.613199496;0.611903925;L2;18.23207356
588;Nitrobenzene;Hexane;292.733;0.511;0.612514206;0.611274279;L2;18.12025447
588;Nitrobenzene;Hexane;292.766;0.508;0.612068934;0.610866862;L2;18.63634653
588;Nitrobenzene;Hexane;292.803;0.506;0.611567944;0.61041006;L2;18.94893896
588;Nitrobenzene;Hexane;292.837;0.502;0.611105932;0.609990297;L2;19.66701985
588;Nitrobenzene;Hexane;292.859;0.501;0.610806137;0.609718685;L2;19.81735198
588;Nitrobenzene;Hexane;292.884;0.5;0.610464649;0.609410035;L2;19.96122882
588;Nitrobenzene;Hexane;292.918;0.496;0.609998827;0.608990272;L2;20.68811079
588;Nitrobenzene;Hexane;292.946;0.493;0.60961399;0.608644584;L2;21.23167797
588;Nitrobenzene;Hexane;292.98;0.489;0.609145194;0.608224821;L2;21.96941631
588;Nitrobenzene;Hexane;293.007;0.483;0.608771737;0.607891479;L2;23.14267276
588;Nitrobenzene;Hexane;293.03;0.48;0.608452779;0.607607521;L2;23.71332025
588;Nitrobenzene;Hexane;293.048;0.473;0.608202624;0.607385293;L2;25.14127007
588;Nitrobenzene;Hexane;293.058048;0.453069886;0.608062776;0.607261241;L2;29.423174
588;Nitrobenzene;Hexane;293.062;0.469;0.608007732;0.60721245;L2;25.95848311
588;Nitrobenzene;Hexane;293.065386;0.477;0.607960553;0.607170646;L2;24.25935097
588;Nitrobenzene;Hexane;293.065386;0.479;0.607960553;0.607170646;L2;23.84094032
588;Nitrobenzene;Hexane;293.073;0.461;0.607854402;0.607076644;L2;27.653734
588;Nitrobenzene;Hexane;293.082;0.453;0.607728818;0.60696553;L2;29.38366336
588;Nitrobenzene;Hexane;293.087;0.446;0.607658997;0.6069038;L2;30.92949127
588;Nitrobenzene;Hexane;293.092;0.444;0.60758914;0.60684207;L2;31.36743341
588;Nitrobenzene;Hexane;293.105378;0.478;0.607402047;0.606676905;L2;23.95801909
588;Nitrobenzene;Hexane;293.165366;0.446;0.606559832;0.605936294;L2;30.74844229
589;Nitrobenzene;Heptane;282.876;0.211;0.198652796;0.198972605;L1;6.029957407
589;Nitrobenzene;Heptane;284.201;0.224;0.20627702;0.206603987;L1;8.242602709
589;Nitrobenzene;Heptane;285.583;0.239;0.214573985;0.215370742;L1;10.78089549
589;Nitrobenzene;Heptane;286.664;0.254;0.221328445;0.222228095;L1;13.76864928
589;Nitrobenzene;Heptane;287.621;0.267;0.227516502;0.228298851;L1;16.00258854
589;Nitrobenzene;Heptane;288.5;0.283;0.233384377;0.233874812;L1;19.27601167
589;Nitrobenzene;Heptane;289.236;0.297;0.238441862;0.238543648;L1;21.96066249
589;Nitrobenzene;Heptane;289.803;0.311;0.24243272;0.242726253;L1;24.90686852
589;Nitrobenzene;Heptane;290.273;0.323;0.245806251;0.246382229;L1;27.31086941
589;Nitrobenzene;Heptane;290.609;0.335;0.248255688;0.248995862;L1;29.96713149
589;Nitrobenzene;Heptane;290.869;0.348;0.250173319;0.251018317;L1;33.00485251
589;Nitrobenzene;Heptane;291.074;0.355;0.251699289;0.252612944;L1;34.38827111
589;Nitrobenzene;Heptane;291.229;0.363;0.25286141;0.253818638;L1;36.15612822
589;Nitrobenzene;Heptane;291.352;0.37;0.253788792;0.254775415;L1;37.70006132
589;Nitrobenzene;Heptane;291.458;0.378;0.25459172;0.255599954;L1;39.52330317
589;Nitrobenzene;Heptane;291.556;0.385;0.255337145;0.256362263;L1;41.06585258
589;Nitrobenzene;Heptane;291.628;0.392;0.255886715;0.256922328;L1;42.65270146
589;Nitrobenzene;Heptane;291.673;0.396;0.256231023;0.257272368;L1;43.53347407
589;Nitrobenzene;Heptane;291.694;0.399;0.256391919;0.25743572;L1;44.22542105
589;Nitrobenzene;Heptane;291.717;0.402;0.256568298;0.257614629;L1;44.90571897
589;Nitrobenzene;Heptane;291.739;0.405;0.256737166;0.25778576;L1;45.58342064
589;Nitrobenzene;Heptane;291.761;0.408;0.256906187;0.257956891;L1;46.25561859
589;Nitrobenzene;Heptane;291.778;0.411;0.2570369;0.258089128;L1;46.93735587
589;Nitrobenzene;Heptane;291.793;0.414;0.257152312;0.258205808;L1;47.61974111
589;Nitrobenzene;Heptane;291.808;0.416;0.257267795;0.258322488;L1;48.05677129
589;Nitrobenzene;Heptane;291.819;0.418;0.257352529;0.258408054;L1;48.50345801
589;Nitrobenzene;Heptane;291.834;0.422;0.257468137;0.258524734;L1;49.41093416
589;Nitrobenzene;Heptane;291.845;0.426;0.257552962;0.258610299;L1;50.32139693
589;Nitrobenzene;Heptane;291.858;0.429;0.25765326;0.258711422;L1;50.98421913
589;Nitrobenzene;Heptane;291.867;0.432;0.257722729;0.25878143;L1;51.65412756
589;Nitrobenzene;Heptane;291.877;0.435;0.257799947;0.258859217;L1;52.31621462
589;Nitrobenzene;Heptane;291.881;0.438;0.257830843;0.258890331;L1;52.99151868
589;Nitrobenzene;Heptane;291.887;0.442;0.257877197;0.258937003;L1;53.88263899
589;Nitrobenzene;Heptane;291.889;0.443;0.257892651;0.258952561;L1;54.10263522
589;Nitrobenzene;Heptane;291.895;0.448;0.257939021;0.258999233;L1;55.20700292
589;Nitrobenzene;Heptane;291.899;0.457;0.25796994;0.259030348;L1;57.18403237
589;Nitrobenzene;Heptane;282.876;0.722;0.787782532;0.787483864;L2;8.719693824
589;Nitrobenzene;Heptane;284.201;0.709;0.780685854;0.780375554;L2;9.631730682
589;Nitrobenzene;Heptane;285.583;0.694;0.772958337;0.772200697;L2;10.77531882
589;Nitrobenzene;Heptane;286.664;0.68;0.76666292;0.765806327;L2;11.9954428
589;Nitrobenzene;Heptane;287.621;0.668;0.760891192;0.760145446;L2;13.02021943
589;Nitrobenzene;Heptane;288.5;0.654;0.755413915;0.754945953;L2;14.41584796
589;Nitrobenzene;Heptane;289.236;0.639;0.750689504;0.75059234;L2;16.10876678
589;Nitrobenzene;Heptane;289.803;0.626;0.746958972;0.746675085;L2;17.66598883
589;Nitrobenzene;Heptane;290.273;0.613;0.743803687;0.743246324;L2;19.34122024
589;Nitrobenzene;Heptane;290.609;0.603;0.741511635;0.740795124;L2;20.67736566
589;Nitrobenzene;Heptane;290.869;0.593;0.73971657;0.738898363;L2;22.10726999
589;Nitrobenzene;Heptane;291.074;0.585;0.738287716;0.737402839;L2;23.27217602
589;Nitrobenzene;Heptane;291.229;0.578;0.737199304;0.736272078;L2;24.32844131
589;Nitrobenzene;Heptane;291.352;0.569;0.736330585;0.735374764;L2;25.77987485
589;Nitrobenzene;Heptane;291.458;0.563;0.735578334;0.734601469;L2;26.73774101
589;Nitrobenzene;Heptane;291.556;0.556;0.734879861;0.733886535;L2;27.89387368
589;Nitrobenzene;Heptane;291.628;0.549;0.734364848;0.733361278;L2;29.09075312
589;Nitrobenzene;Heptane;291.673;0.545;0.734042163;0.733032993;L2;29.77806757
589;Nitrobenzene;Heptane;291.694;0.542;0.733891366;0.732879793;L2;30.30950132
589;Nitrobenzene;Heptane;291.717;0.54;0.733726051;0.732712002;L2;30.65665924
589;Nitrobenzene;Heptane;291.739;0.538;0.733567773;0.732551507;L2;31.00614293
589;Nitrobenzene;Heptane;291.761;0.535;0.733409345;0.732391012;L2;31.54372504
589;Nitrobenzene;Heptane;291.778;0.533;0.733286821;0.732266993;L2;31.90154988
589;Nitrobenzene;Heptane;291.793;0.53;0.733178638;0.732157564;L2;32.45123735
589;Nitrobenzene;Heptane;291.808;0.527;0.733070385;0.732048136;L2;33.0041172
589;Nitrobenzene;Heptane;291.819;0.525;0.732990955;0.731967888;L2;33.37351
589;Nitrobenzene;Heptane;291.834;0.521;0.732882582;0.73185846;L2;34.12354586
589;Nitrobenzene;Heptane;291.845;0.519;0.732803063;0.731778212;L2;34.49731104
589;Nitrobenzene;Heptane;291.858;0.512;0.732709038;0.731683374;L2;35.84240518
589;Nitrobenzene;Heptane;291.867;0.507;0.732643913;0.731617717;L2;36.81487869
589;Nitrobenzene;Heptane;291.877;0.499;0.732571523;0.731544765;L2;38.39548825
589;Nitrobenzene;Heptane;291.881;0.498;0.732542558;0.731515584;L2;38.59213617
589;Nitrobenzene;Heptane;291.887;0.493;0.732499101;0.731471812;L2;39.59529397
589;Nitrobenzene;Heptane;291.889;0.483;0.732484613;0.731457222;L2;41.64256808
615;Benzene;Water;273.15;0.000353;0.000229618;0.000230364;L1;43.00490211
615;Benzene;Water;273.3499708;0.0004232;0.000230041;0.00023083;L1;60.95874041
615;Benzene;Water;273.94952;0.000425;0.000231312;0.00023223;L1;60.83224052
615;Benzene;Water;275.1488;0.000431;0.000233872;0.000235029;L1;61.13331192
615;Benzene;Water;277.6493431;0.000425;0.00023929;0.000240864;L1;57.44127109
615;Benzene;Water;278.1492701;0.000373;0.000240386;0.000242031;L1;43.93315108
615;Benzene;Water;278.1592686;0.0004776;0.000240408;0.000242055;L1;68.6435272
615;Benzene;Water;278.74664;0.000402;0.000241702;0.000243425;L1;50.87474238
615;Benzene;Water;279.15;0.000406;0.000242594;0.000244367;L1;51.49654449
615;Benzene;Water;279.3490949;0.0004159;0.000243035;0.000244831;L1;53.72398567
615;Benzene;Water;279.4490803;0.000427;0.000243257;0.000245065;L1;56.26665467
615;Benzene;Water;279.84598;0.000402;0.000244139;0.000245991;L1;49.87135343
615;Benzene;Water;280.248925;0.000418;0.000245038;0.000246932;L1;53.40683559
615;Benzene;Water;282.1446;0.000399;0.000249305;0.000251356;L1;47.02844611
615;Benzene;Water;282.148355;0.000418;0.000249313;0.000251365;L1;51.67703176
615;Benzene;Water;282.54436;0.000413;0.000250213;0.000252289;L1;50.11348575
615;Benzene;Water;283.1;0.000388465;0.00025148;0.000253586;L1;43.48396224
615;Benzene;Water;283.144;0.00040343;0.000251581;0.000253688;L1;47.22397183
615;Benzene;Water;283.148055;0.000420788;0.00025159;0.000253698;L1;51.43290257
615;Benzene;Water;283.19804;0.000375;0.000251704;0.000253814;L1;39.86717308
615;Benzene;Water;284.147755;0.0004147;0.000253884;0.000256031;L1;49.06766477
615;Benzene;Water;284.947515;0.000409;0.000255733;0.000257897;L1;46.95809922
615;Benzene;Water;285.247425;0.000409;0.000256429;0.000258597;L1;46.68618973
615;Benzene;Water;285.6425;0.000397;0.000257349;0.000259519;L1;43.3502535
615;Benzene;Water;287.146855;0.000408;0.000260878;0.00026303;L1;44.72143073
615;Benzene;Water;288.056582;0.0004792;0.000263033;0.000265154;L1;59.98404235
615;Benzene;Water;288.141;0.000399;0.000263233;0.000265351;L1;41.59209999
615;Benzene;Water;288.141;0.000230802;0.000263233;0.000265351;L1;13.14802169
615;Benzene;Water;288.146555;0.000365;0.000263246;0.000265364;L1;32.68067446
615;Benzene;Water;288.15;0.000408;0.000263255;0.000265372;L1;43.81454384
615;Benzene;Water;288.246525;0.000414;0.000263484;0.000265597;L1;45.18721427
615;Benzene;Water;289.19037;0.000335;0.000265739;0.0002678;L1;23.16140684
615;Benzene;Water;289.93992;0.000409;0.000267542;0.000269549;L1;42.44368158
615;Benzene;Water;290.04599;0.0004062;0.000267798;0.000269797;L1;41.66108744
615;Benzene;Water;290.18977;0.000395;0.000268146;0.000270132;L1;38.7354702
615;Benzene;Water;291.04579;0.000414;0.000270222;0.00027213;L1;42.66214667
615;Benzene;Water;291.74565;0.0004073;0.00027193;0.000273763;L1;40.40045526
615;Benzene;Water;293.055388;0.0004809;0.000275152;0.00027682;L1;55.8334975
615;Benzene;Water;293.138;0.000316;0.000275357;0.000277013;L1;13.76754422
615;Benzene;Water;293.138;0.000484864;0.000275357;0.000277013;L1;56.58016679
615;Benzene;Water;293.138;0.000395;0.000275357;0.000277013;L1;36.08189936
615;Benzene;Water;293.138;0.000438828;0.000275357;0.000277013;L1;46.60407654
615;Benzene;Water;293.138;0.0002;0.000275357;0.000277013;L1;31.97494048
615;Benzene;Water;293.138;0.000184613;0.000275357;0.000277013;L1;39.98050292
615;Benzene;Water;293.14537;0.0004133;0.000275375;0.00027703;L1;40.60407224
615;Benzene;Water;293.14537;0.0004157;0.000275375;0.00027703;L1;41.18308472
615;Benzene;Water;293.14537;0.000402527;0.000275375;0.00027703;L1;37.96291763
615;Benzene;Water;293.14537;0.0004;0.000275375;0.00027703;L1;37.3331548
615;Benzene;Water;293.14537;0.000194;0.000275375;0.00027703;L1;35.027484
615;Benzene;Water;293.14537;0.0004;0.000275375;0.00027703;L1;37.3331548
615;Benzene;Water;293.14537;0.0004157;0.000275375;0.00027703;L1;41.18308472
615;Benzene;Water;293.14537;0.000394887;0.000275375;0.00027703;L1;36.04666489
615;Benzene;Water;293.15;0.000396153;0.000275386;0.000277041;L1;36.36258957
615;Benzene;Water;293.15;0.000401719;0.000275386;0.000277041;L1;37.75782346
615;Benzene;Water;293.19536;0.000401;0.000275499;0.000277147;L1;37.53792256
615;Benzene;Water;293.24535;0.000407;0.000275622;0.000277264;L1;38.97818054
615;Benzene;Water;293.73776;0.000397;0.000276844;0.000278413;L1;36.04817179
615;Benzene;Water;294.14517;0.000401126;0.000277859;0.000279364;L1;36.71631489
615;Benzene;Water;295.1372;0.00042993;0.000280343;0.000281679;L1;42.76098283
615;Benzene;Water;295.15;0.000376702;0.000280375;0.000281709;L1;29.53270722
615;Benzene;Water;295.18718;0.000397;0.000280468;0.000281796;L1;34.74755514
615;Benzene;Water;297.1364;0.000416;0.000285408;0.000286345;L1;37.67651726
615;Benzene;Water;297.93608;0.000395;0.000287457;0.000288211;L1;31.78132877
615;Benzene;Water;297.9944;0.0004157;0.000287607;0.000288347;L1;36.83699899
615;Benzene;Water;297.9944;0.00044;0.000287607;0.000288347;L1;42.51808706
615;Benzene;Water;298;0.0003082;0.000287621;0.00028836;L1;6.910500406
615;Benzene;Water;298;0.000372922;0.000287621;0.00028836;L1;25.97253637
615;Benzene;Water;298;0.000697181;0.000287621;0.00028836;L1;88.54011426
615;Benzene;Water;298;0.000556606;0.000287621;0.00028836;L1;66.02137099
615;Benzene;Water;298;0.000443685;0.000287621;0.00028836;L1;43.34709324
615;Benzene;Water;298;0.0004;0.000287621;0.00028836;L1;32.98206283
615;Benzene;Water;298;0.000408;0.000287621;0.00028836;L1;34.96232556
615;Benzene;Water;298;0.000144579;0.000287621;0.00028836;L1;68.78178479
615;Benzene;Water;298;0.000233343;0.000287621;0.00028836;L1;20.91344447
615;Benzene;Water;298.03604;0.000402;0.000287714;0.000288444;L1;33.44859891
615;Benzene;Water;298.11;0.000398;0.000287904;0.000288617;L1;32.38247763
615;Benzene;Water;298.136;0.000165696;0.000287971;0.000288678;L1;55.2704847
615;Benzene;Water;298.136;0.000396;0.000287971;0.000288678;L1;31.85545802
615;Benzene;Water;298.136;0.000402;0.000287971;0.000288678;L1;33.35924575
615;Benzene;Water;298.136;0.000416;0.000287971;0.000288678;L1;36.78256292
615;Benzene;Water;298.136;0.000410343;0.000287971;0.000288678;L1;35.41337642
615;Benzene;Water;298.136;0.000410343;0.000287971;0.000288678;L1;35.41337642
615;Benzene;Water;298.136;0.0004;0.000287971;0.000288678;L1;32.8604916
615;Benzene;Water;298.136;0.000501;0.000287971;0.000288678;L1;55.374647
615;Benzene;Water;298.136;0.000406;0.000287971;0.000288678;L1;34.34935285
615;Benzene;Water;298.136;0.00042;0.000287971;0.000288678;L1;37.73950802
615;Benzene;Water;298.136;0.0004157;0.000287971;0.000288678;L1;36.71042152
615;Benzene;Water;298.136;0.000419395;0.000287971;0.000288678;L1;37.59535655
615;Benzene;Water;298.14437;0.000374;0.000287993;0.000288697;L1;26.13213521
615;Benzene;Water;298.14437;0.00032277;0.000287993;0.000288697;L1;11.40055499
615;Benzene;Water;298.14437;0.000401825;0.000287993;0.000288697;L1;33.30822251
615;Benzene;Water;298.14437;0.000401681;0.000287993;0.000288697;L1;33.27237959
615;Benzene;Water;298.14437;0.000405305;0.000287993;0.000288697;L1;34.17054248
615;Benzene;Water;298.14437;0.000412174;0.000287993;0.000288697;L1;35.8511145
615;Benzene;Water;298.14437;0.0004129;0.000287993;0.000288697;L1;36.02709876
615;Benzene;Water;298.14437;0.000411;0.000287993;0.000288697;L1;35.56587692
615;Benzene;Water;298.14437;0.000405293;0.000287993;0.000288697;L1;34.1675817
615;Benzene;Water;298.14437;0.000439855;0.000287993;0.000288697;L1;42.35106818
615;Benzene;Water;298.14437;0.000237487;0.000287993;0.000288697;L1;19.28215602
615;Benzene;Water;298.14437;0.000407;0.000287993;0.000288697;L1;34.58787401
615;Benzene;Water;298.14437;0.000373;0.000287993;0.000288697;L1;25.86439743
615;Benzene;Water;298.14437;0.000414364;0.000287993;0.000288697;L1;36.38103692
615;Benzene;Water;298.14437;0.000374506;0.000287993;0.000288697;L1;26.26733789
615;Benzene;Water;298.14437;0.000413;0.000287993;0.000288697;L1;36.05131476
615;Benzene;Water;298.14437;0.000433;0.000287993;0.000288697;L1;40.78032827
615;Benzene;Water;298.15;0.000393042;0.000288007;0.00028871;L1;31.09317083
615;Benzene;Water;298.15;0.000430027;0.000288007;0.00028871;L1;40.08632294
615;Benzene;Water;298.15;0.000401573;0.000288007;0.00028871;L1;33.2404567
615;Benzene;Water;298.15;0.000406;0.000288007;0.00028871;L1;34.33683915
615;Benzene;Water;298.154368;0.0004815;0.000288018;0.000288721;L1;51.38824208
615;Benzene;Water;298.18598;0.0004091;0.0002881;0.000288794;L1;35.06532633
615;Benzene;Water;298.18598;0.000142;0.0002881;0.000288794;L1;70.7479304
615;Benzene;Water;298.18598;0.0002;0.0002881;0.000288794;L1;36.49889951
615;Benzene;Water;298.18598;0.00022;0.0002881;0.000288794;L1;26.96788153
615;Benzene;Water;298.18598;0.000348;0.0002881;0.000288794;L1;18.88961181
615;Benzene;Water;298.19436;0.000421;0.000288121;0.000288814;L1;37.92515724
615;Benzene;Water;298.19436;0.000421;0.000288121;0.000288814;L1;37.92515724
615;Benzene;Water;298.19436;0.0004187;0.000288121;0.000288814;L1;37.37734117
615;Benzene;Water;298.19436;0.000194276;0.000288121;0.000288814;L1;39.41014329
615;Benzene;Water;298.19436;0.000418;0.000288121;0.000288814;L1;37.21001712
615;Benzene;Water;298.19436;0.000391;0.000288121;0.000288814;L1;30.53262987
615;Benzene;Water;298.94421;0.0004193;0.000290058;0.000290564;L1;36.85059743
615;Benzene;Water;299.1;0.000413;0.000290462;0.000290928;L1;35.19756943
615;Benzene;Water;299.18558;0.000399;0.000290684;0.000291127;L1;31.67253758
615;Benzene;Water;300.15;0.000418012;0.000293196;0.000293475;L1;35.4667538
615;Benzene;Water;300.43508;0.000402;0.000293943;0.000294312;L1;31.30670676
615;Benzene;Water;302.18438;0.000402;0.00029856;0.000299445;L1;29.7482798
615;Benzene;Water;303;0.000441141;0.000300734;0.000301838;L1;38.31386342
615;Benzene;Water;303.134;0.000425;0.000301093;0.000302231;L1;34.46716246
615;Benzene;Water;303.134;0.000409;0.000301093;0.000302231;L1;30.62976117
615;Benzene;Water;303.134;0.000523971;0.000301093;0.000302231;L1;55.40187949
615;Benzene;Water;303.134;0.00046196;0.000301093;0.000302231;L1;42.80607629
615;Benzene;Water;303.134;0.000230802;0.000301093;0.000302231;L1;26.58573442
615;Benzene;Water;303.134;0.000426773;0.000301093;0.000302231;L1;34.88347116
615;Benzene;Water;303.134;0.000406;0.000301093;0.000302231;L1;29.89356153
615;Benzene;Water;303.143055;0.000413;0.000301117;0.000302258;L1;31.59495308
615;Benzene;Water;303.143055;0.000432352;0.000301117;0.000302258;L1;36.17420091
615;Benzene;Water;303.143055;0.004304426;0.000301117;0.000302258;L1;265.9901012
615;Benzene;Water;303.143055;0.000438828;0.000301117;0.000302258;L1;37.66094746
615;Benzene;Water;303.15;0.000391504;0.000301135;0.000302278;L1;26.24359154
615;Benzene;Water;303.15;0.000424;0.000301135;0.000302278;L1;34.21736381
615;Benzene;Water;303.15;0.00046196;0.000301135;0.000302278;L1;42.79184901
615;Benzene;Water;303.15;0.000391504;0.000301135;0.000302278;L1;26.24359154
615;Benzene;Water;303.15;0.000428573;0.000301135;0.000302278;L1;35.29012681
615;Benzene;Water;303.153052;0.000419044;0.000301144;0.000302287;L1;33.03889709
615;Benzene;Water;304.1336;0.000423;0.000303779;0.000305164;L1;33.10706314
615;Benzene;Water;305.18318;0.000412;0.000306623;0.000308244;L1;29.54033583
615;Benzene;Water;308.132;0.000438;0.00031474;0.000316897;L1;33.04715415
615;Benzene;Water;308.132;0.00042;0.00031474;0.000316897;L1;28.85073424
615;Benzene;Water;308.141555;0.000394;0.000314767;0.000316925;L1;22.45190065
615;Benzene;Water;308.15;0.000455572;0.00031479;0.000316949;L1;36.96471565
615;Benzene;Water;308.18198;0.00042;0.000314879;0.000317043;L1;28.80651741
615;Benzene;Water;308.251522;0.0004848;0.000315073;0.000317247;L1;43.0931703
615;Benzene;Water;308.95;0.000407443;0.000317025;0.000319297;L1;25.09197004
615;Benzene;Water;311.1308;0.00045;0.000323189;0.000325696;L1;33.10092001
615;Benzene;Water;313.03004;0.000434;0.000328644;0.000331269;L1;27.80692554
615;Benzene;Water;313.140055;0.000485095;0.000328963;0.000331592;L1;38.84009306
615;Benzene;Water;313.140055;0.0004676;0.000328963;0.000331592;L1;35.16694122
615;Benzene;Water;313.140055;0.0004435;0.000328963;0.000331592;L1;29.87539843
615;Benzene;Water;313.15;0.000430212;0.000328991;0.000331621;L1;26.82467487
615;Benzene;Water;313.15;0.000441;0.000328991;0.000331621;L1;29.30135137
615;Benzene;Water;313.15;0.000484369;0.000328991;0.000331621;L1;38.68156512
615;Benzene;Water;313.15;0.000464;0.000328991;0.000331621;L1;34.38531905
615;Benzene;Water;313.15;0.000396939;0.000328991;0.000331621;L1;18.77512548
615;Benzene;Water;313.19;0.000458;0.000329107;0.000331738;L1;33.0485704
615;Benzene;Water;313.25;0.000424735;0.000329281;0.000331914;L1;25.45538132
615;Benzene;Water;313.62985;0.000573042;0.000330384;0.000333029;L1;55.07044659
615;Benzene;Water;313.679835;0.000439;0.000330529;0.000333175;L1;28.380506
615;Benzene;Water;315.179385;0.00044;0.000334916;0.000337576;L1;27.28961976
615;Benzene;Water;317.178785;0.000445;0.000340845;0.000343442;L1;26.66468189
615;Benzene;Water;317.62865;0.000598047;0.000342192;0.000344762;L1;55.82980628
615;Benzene;Water;317.82859;0.000469;0.000342792;0.000345349;L1;31.34792288
615;Benzene;Water;318.1285;0.000455;0.000343694;0.000346229;L1;28.05461247
615;Benzene;Water;318.1285;0.000453;0.000343694;0.000346229;L1;27.61408312
615;Benzene;Water;318.1285;0.000230802;0.000343694;0.000346229;L1;39.81910942
615;Benzene;Water;318.138555;0.000415;0.000343724;0.000346258;L1;18.84391391
615;Benzene;Water;318.18854;0.000499;0.000343875;0.000346405;L1;37.23288338
615;Benzene;Water;318.25;0.000447525;0.00034406;0.000346586;L1;26.29167677
615;Benzene;Water;318.848342;0.0005304;0.000345867;0.000348341;L1;42.75761339
615;Benzene;Water;319.178185;0.000457;0.000346867;0.000349309;L1;27.5740949
615;Benzene;Water;322.92706;0.000471;0.000358415;0.000360309;L1;27.31655358
615;Benzene;Water;323.127;0.000508234;0.000359041;0.000360896;L1;34.75060288
615;Benzene;Water;323.137055;0.000531377;0.000359072;0.000360925;L1;39.19481415
615;Benzene;Water;323.15;0.000470674;0.000359113;0.000360963;L1;27.05292389
615;Benzene;Water;323.15;0.00051;0.000359113;0.000360963;L1;35.07742546
615;Benzene;Water;323.15;0.000408274;0.000359113;0.000360963;L1;12.83020465
615;Benzene;Water;324.176685;0.000478;0.00036234;0.000363976;L1;27.70274331
615;Benzene;Water;324.3;0.000468;0.000362729;0.000364338;L1;25.48109784
615;Benzene;Water;324.62655;0.000494;0.000363762;0.000365296;L1;30.60347047
615;Benzene;Water;327.62565;0.000497;0.000373372;0.000374096;L1;28.6014863
615;Benzene;Water;328.135555;0.000920705;0.000375028;0.000375592;L1;89.81386716
615;Benzene;Water;328.18554;0.000549;0.000375191;0.000375739;L1;38.06636883
615;Benzene;Water;329.175185;0.000503;0.000378425;0.000378643;L1;28.45719713
615;Benzene;Water;329.62505;0.000664979;0.000379904;0.000379963;L1;55.98380857
615;Benzene;Water;331.92436;0.00054;0.000387541;0.000388203;L1;33.17480863
615;Benzene;Water;332.92406;0.000522;0.000390904;0.000391904;L1;28.92059825
615;Benzene;Water;333.124;0.00056024;0.00039158;0.000392644;L1;35.81765071
615;Benzene;Water;333.124;0.000693011;0.00039158;0.000392644;L1;57.08571159
615;Benzene;Water;333.13437;0.0005641;0.000391615;0.000392682;L1;36.49532134
615;Benzene;Water;333.13437;0.000577672;0.000391615;0.000392682;L1;38.87279062
615;Benzene;Water;333.15;0.000531;0.000391668;0.00039274;L1;30.4348691
615;Benzene;Water;333.15;0.000565;0.000391668;0.00039274;L1;36.64124009
615;Benzene;Water;333.174;0.00039;0.000391749;0.000392829;L1;0.447388542
615;Benzene;Water;334.174;0.000531;0.000395145;0.00039653;L1;29.55082168
615;Benzene;Water;336.174;0.000542;0.000402018;0.000403934;L1;29.876964
615;Benzene;Water;337.924;0.000557;0.000408119;0.000410412;L1;31.10075388
615;Benzene;Water;338.124;0.000737039;0.000408821;0.000411152;L1;58.93633458
615;Benzene;Water;338.524;0.000594;0.000410229;0.000412633;L1;37.01632725
615;Benzene;Water;342.124;0.000567;0.000423099;0.000425959;L1;29.27521973
615;Benzene;Water;343.15;0.000625;0.000426833;0.000429757;L1;38.1359028
615;Benzene;Water;343.15;0.00061;0.000426833;0.000429757;L1;35.70663354
615;Benzene;Water;347.830645;0.001499139;0.000444242;0.000447083;L1;121.6276642
615;Benzene;Water;350.2;0.000661;0.000453295;0.000455854;L1;37.72116694
615;Benzene;Water;352.62305;0.000862009;0.000462723;0.000464823;L1;62.2137835
615;Benzene;Water;353.15;0.000699;0.000464796;0.000466774;L1;40.8051883
615;Benzene;Water;353.15;0.000673;0.000464796;0.000466774;L1;37.01464704
615;Benzene;Water;363.15;0.0008;0.000505755;0.000506875;L1;45.85601713
615;Benzene;Water;363.15;0.000759;0.000505755;0.000506875;L1;40.5950221
615;Benzene;Water;373.11;0.000916;0.000549733;0.000553387;L1;51.05836172
615;Benzene;Water;373.124;0.000938134;0.000549797;0.000553453;L1;53.43433552
615;Benzene;Water;373.12437;0.000949;0.000549799;0.000553455;L1;54.58562739
615;Benzene;Water;373.15;0.00095;0.000549916;0.000553574;L1;54.66958317
615;Benzene;Water;373.15;0.000879;0.000549916;0.000553574;L1;46.90187447
615;Benzene;Water;373.17401;0.0004;0.000550026;0.000553686;L1;31.85017269
615;Benzene;Water;374.12417;0.00102;0.000554398;0.000558124;L1;60.96755045
615;Benzene;Water;376.2;0.001;0.000564056;0.000567818;L1;57.26011265
615;Benzene;Water;393.09;0.00116;0.000648418;0.000650268;L1;58.16395357
615;Benzene;Water;393.1;0.00126;0.000648471;0.000650326;L1;66.42493306
615;Benzene;Water;397.91941;0.0014;0.00067453;0.000678308;L1;73.0211184
615;Benzene;Water;398.15;0.00132;0.0006758;0.000679647;L1;66.94897238
615;Benzene;Water;400.3;0.00152;0.000687744;0.000692131;L1;79.30484764
615;Benzene;Water;413.15;0.00179;0.000763148;0.000766741;L1;85.25189683
615;Benzene;Water;423.11437;0.00242;0.000826608;0.000828992;L1;107.4192238
615;Benzene;Water;423.18402;0.0013;0.000827068;0.000829492;L1;45.22330471
615;Benzene;Water;426.1352;0.002950183;0.000846754;0.000850677;L1;124.8211921
615;Benzene;Water;451.1442;0.004392467;0.001031062;0.001032317;L1;144.9302155
615;Benzene;Water;473.11;0.0054;0.001221426;0.001226113;L1;148.6380099
615;Benzene;Water;473.20302;0.0049;0.001222294;0.001226934;L1;138.8505853
615;Benzene;Water;477.1546;0.006648227;0.00125968;0.001261797;L1;166.3492531
615;Benzene;Water;498.1625;0.00866493;0.001475878;0.001483636;L1;177.0030527
615;Benzene;Water;514.1683;0.010205984;0.001661863;0.001666825;L1;181.5035049
615;Benzene;Water;523.221015;0.0183;0.001775902;0.001785176;L1;233.2592334
615;Benzene;Water;527.1722;0.011564282;0.001827787;0.001836833;L1;184.4815266
615;Benzene;Water;558.23101;0.0263;0.002283921;0.002293819;L1;244.3675375
615;Benzene;Water;573.234005;0.0359;0.002537725;0.002543275;L1;264.9469194
615;Benzene;Water;273.15;0.998272215;0.999992495;0.999991896;L2;0.172177474
615;Benzene;Water;278.54676;0.9985;0.99999018;0.999988297;L2;0.149130635
615;Benzene;Water;278.54676;0.998527412;0.99999018;0.999988297;L2;0.146385354
615;Benzene;Water;279.15;0.99832;0.999989888;0.999987895;L2;0.167130053
615;Benzene;Water;282.424432;0.998217;0.99998817;0.999985712;L2;0.1772761
615;Benzene;Water;282.584336;0.998084125;0.99998808;0.999985605;L2;0.190579239
615;Benzene;Water;282.6443;0.9985;0.999988046;0.999985565;L2;0.148917206
615;Benzene;Water;283.09403;0.998696701;0.99998779;0.999985265;L2;0.129193873
615;Benzene;Water;283.144;0.998068993;0.999987761;0.999985232;L2;0.192063474
615;Benzene;Water;283.144;0.9983;0.999987761;0.999985232;L2;0.168920758
615;Benzene;Water;283.144;0.99805;0.999987761;0.999985232;L2;0.193966467
615;Benzene;Water;283.144;0.997793492;0.999987761;0.999985232;L2;0.219670687
615;Benzene;Water;283.148055;0.99809;0.999987759;0.999985229;L2;0.189958498
615;Benzene;Water;287.6413;0.9982;0.99998493;0.999982233;L2;0.178655219
615;Benzene;Water;288.116564;0.997692986;0.999984602;0.999981916;L2;0.229428081
615;Benzene;Water;288.121012;0.997705084;0.999984599;0.999981913;L2;0.228215181
615;Benzene;Water;288.141;0.997662742;0.999984585;0.9999819;L2;0.232457815
615;Benzene;Water;288.141;0.995678364;0.999984585;0.9999819;L2;0.431558576
615;Benzene;Water;288.141;0.997662742;0.999984585;0.9999819;L2;0.232457815
615;Benzene;Water;288.146555;0.99774;0.999984581;0.999981896;L2;0.224713827
615;Benzene;Water;288.15;0.99777;0.999984578;0.999981894;L2;0.221706836
615;Benzene;Water;288.15;0.99766;0.999984578;0.999981894;L2;0.232732029
615;Benzene;Water;291.085782;0.997441139;0.99998241;0.999979936;L2;0.254455023
615;Benzene;Water;293.138;0.99752;0.999980748;0.999978568;L2;0.246382805
615;Benzene;Water;293.138;0.997408;0.999980748;0.999978568;L2;0.257611281
615;Benzene;Water;293.138;0.9974;0.999980748;0.999978568;L2;0.258413363
615;Benzene;Water;293.138;0.9977;0.999980748;0.999978568;L2;0.228339682
615;Benzene;Water;293.138;0.9978;0.999980748;0.999978568;L2;0.218317131
615;Benzene;Water;293.138;0.998157401;0.999980748;0.999978568;L2;0.182504643
615;Benzene;Water;293.138;0.997835584;0.999980748;0.999978568;L2;0.214750949
615;Benzene;Water;293.138;0.997697306;0.999980748;0.999978568;L2;0.228609703
615;Benzene;Water;293.138;0.997481307;0.999980748;0.999978568;L2;0.2502618
615;Benzene;Water;293.138;0.997371;0.999980748;0.999978568;L2;0.261320965
615;Benzene;Water;293.138;0.998071725;0.999980748;0.999978568;L2;0.191088427
615;Benzene;Water;293.14537;0.9976;0.999980742;0.999978563;L2;0.238362618
615;Benzene;Water;293.14537;0.9974;0.999980742;0.999978563;L2;0.258412743
615;Benzene;Water;293.14537;0.99746;0.999980742;0.999978563;L2;0.252397283
615;Benzene;Water;293.14537;0.99733;0.999980742;0.999978563;L2;0.265431237
615;Benzene;Water;293.14537;0.997835584;0.999980742;0.999978563;L2;0.21475033
615;Benzene;Water;293.14537;0.997403565;0.999980742;0.999978563;L2;0.258055315
615;Benzene;Water;293.15;0.995729345;0.999980738;0.99997856;L2;0.426053796
615;Benzene;Water;293.15;0.998;0.999980738;0.99997856;L2;0.198274034
615;Benzene;Water;293.19536;0.997267971;0.9999807;0.999978529;L2;0.271646729
615;Benzene;Water;293.23796;0.997234292;0.999980664;0.999978501;L2;0.275020322
615;Benzene;Water;294.1376;0.998008472;0.999979892;0.999977901;L2;0.197340584
615;Benzene;Water;295.1372;0.997137749;0.999979005;0.999977235;L2;0.284536015
615;Benzene;Water;295.637;0.9974;0.99997855;0.999976901;L2;0.258193538
615;Benzene;Water;295.83692;0.997394;0.999978365;0.999976768;L2;0.258776653
615;Benzene;Water;296.09478;0.997029238;0.999978125;0.999976596;L2;0.295330854
615;Benzene;Water;296.1368;0.997360379;0.999978086;0.999976568;L2;0.26211967
615;Benzene;Water;297.676184;0.996859631;0.999976605;0.999975542;L2;0.312191509
615;Benzene;Water;297.83612;0.99704;0.999976447;0.999975435;L2;0.294083573
615;Benzene;Water;297.9944;0.997835584;0.999976289;0.999975329;L2;0.214305025
615;Benzene;Water;298.04439;0.996864809;0.999976239;0.999975296;L2;0.311635452
615;Benzene;Water;298.136;0.9969;0.999976147;0.999975235;L2;0.30809616
615;Benzene;Water;298.136;0.997264784;0.999976147;0.999975235;L2;0.271511018
615;Benzene;Water;298.136;0.997187565;0.999976147;0.999975235;L2;0.279254397
615;Benzene;Water;298.136;0.997403565;0.999976147;0.999975235;L2;0.257595823
615;Benzene;Water;298.136;0.996799222;0.999976147;0.999975235;L2;0.318205809
615;Benzene;Water;298.136;0.99691;0.999976147;0.999975235;L2;0.307093055
615;Benzene;Water;298.136;0.996885522;0.999976147;0.999975235;L2;0.309548472
615;Benzene;Water;298.14437;0.99686;0.999976139;0.999975229;L2;0.312107838
615;Benzene;Water;298.14437;0.997010678;0.999976139;0.999975229;L2;0.296993718
615;Benzene;Water;298.15;0.9968;0.999976133;0.999975226;L2;0.318126353
615;Benzene;Water;298.15;0.9968;0.999976133;0.999975226;L2;0.318126353
615;Benzene;Water;299;0.9968;0.999975266;0.999974659;L2;0.31803966
615;Benzene;Water;299.1356;0.998757546;0.999975125;0.999974568;L2;0.121835145
615;Benzene;Water;299.73536;0.997576338;0.999974495;0.999974168;L2;0.240109856
615;Benzene;Water;300.15;0.996781964;0.999974052;0.999973708;L2;0.319727635
615;Benzene;Water;301.113664;0.996526589;0.999972996;0.999971973;L2;0.345245342
615;Benzene;Water;302.654192;0.9963334;0.999971236;0.999969199;L2;0.364457401
615;Benzene;Water;303.09307;0.996309686;0.999970717;0.999968409;L2;0.366785698
615;Benzene;Water;303.134;0.996971834;0.999970669;0.999968335;L2;0.300342839
615;Benzene;Water;303.134;0.9971;0.999970669;0.999968335;L2;0.287488136
615;Benzene;Water;303.134;0.99678;0.999970669;0.999968335;L2;0.319586357
615;Benzene;Water;303.134;0.996779076;0.999970669;0.999968335;L2;0.319679056
615;Benzene;Water;303.134;0.995678364;0.999970669;0.999968335;L2;0.430166947
615;Benzene;Water;303.134;0.996760391;0.999970669;0.999968335;L2;0.321553611
615;Benzene;Water;303.143055;0.997714589;0.999970658;0.999968319;L2;0.225868396
615;Benzene;Water;303.143055;0.996540391;0.999970658;0.999968319;L2;0.34362647
615;Benzene;Water;303.143055;0.99645;0.999970658;0.999968319;L2;0.352697362
615;Benzene;Water;303.143055;0.996109234;0.999970658;0.999968319;L2;0.386901214
615;Benzene;Water;303.143055;0.9965;0.999970658;0.999968319;L2;0.347679675
615;Benzene;Water;303.143055;0.995678364;0.999970658;0.999968319;L2;0.430165868
615;Benzene;Water;303.15;0.99616;0.99997065;0.999968307;L2;0.381804087
615;Benzene;Water;303.15;0.99826789;0.99997065;0.999968307;L2;0.170426097
615;Benzene;Water;303.303932;0.996403;0.999970466;0.999968029;L2;0.357394983
615;Benzene;Water;303.6338;0.996326;0.999970068;0.999967435;L2;0.365083314
615;Benzene;Water;305.102467;0.996041137;0.999968243;0.999964791;L2;0.393496286
615;Benzene;Water;305.1332;0.9965;0.999968204;0.999964736;L2;0.347434301
615;Benzene;Water;306.1328;0.996216;0.999966909;0.999962936;L2;0.375808615
615;Benzene;Water;308.012048;0.995604714;0.999964357;0.999959552;L2;0.436932991
615;Benzene;Water;308.132;0.996268438;0.999964189;0.999959336;L2;0.37027296
615;Benzene;Water;308.132;0.99581;0.999964189;0.999959336;L2;0.41629906
615;Benzene;Water;308.141555;0.99577;0.999964175;0.999959319;L2;0.420314628
615;Benzene;Water;308.15;0.993727444;0.999964163;0.999959304;L2;0.625647378
615;Benzene;Water;308.201537;0.995587918;0.999964091;0.999959211;L2;0.438593406
615;Benzene;Water;310.631;0.995118661;0.999960531;0.999954837;L2;0.485382182
615;Benzene;Water;310.631;0.99490352;0.999960531;0.999954837;L2;0.507004152
615;Benzene;Water;313.13;0.99588;0.999956571;0.999950337;L2;0.408508071
615;Benzene;Water;313.13;0.9956;0.999956571;0.999950337;L2;0.436627861
615;Benzene;Water;313.13;0.9964;0.999956571;0.999950337;L2;0.356306572
615;Benzene;Water;313.13;0.995902381;0.999956571;0.999950337;L2;0.406260737
615;Benzene;Water;313.13;0.995075627;0.999956571;0.999950337;L2;0.48931078
615;Benzene;Water;313.140055;0.99692;0.999956555;0.999950319;L2;0.304130652
615;Benzene;Water;313.140055;0.99524;0.999956555;0.999950319;L2;0.472791844
615;Benzene;Water;313.140055;0.994817483;0.999956555;0.999950319;L2;0.515254638
615;Benzene;Water;313.140055;0.99499;0.999956555;0.999950319;L2;0.497914568
615;Benzene;Water;313.140055;0.99529;0.999956555;0.999950319;L2;0.467768056
615;Benzene;Water;313.15;0.99508;0.999956538;0.999950301;L2;0.488868021
615;Benzene;Water;313.15;0.99526;0.999956538;0.999950301;L2;0.470780659
615;Benzene;Water;313.189982;0.994912984;0.999956472;0.999950229;L2;0.505647012
615;Benzene;Water;313.279955;0.995155;0.999956323;0.999950067;L2;0.481309754
615;Benzene;Water;313.72982;0.994959;0.999955574;0.999949257;L2;0.500932127
615;Benzene;Water;314.52958;0.99477;0.999954214;0.999947817;L2;0.519793759
615;Benzene;Water;315.02943;0.994847;0.999953348;0.999946917;L2;0.511966898
615;Benzene;Water;315.1294;0.996199753;0.999953173;0.999946737;L2;0.376065781
615;Benzene;Water;316.908866;0.994242622;0.999949967;0.999943533;L2;0.572398149
615;Benzene;Water;317.1288;0.99412;0.999949559;0.999943137;L2;0.584691276
615;Benzene;Water;318.1285;0.995678364;0.999947668;0.999941337;L2;0.427866776
615;Benzene;Water;319.02823;0.993936;0.999945917;0.999939717;L2;0.602837599
615;Benzene;Water;322.577165;0.993225292;0.999938535;0.999933327;L2;0.673629332
615;Benzene;Water;323.097009;0.993433;0.999937387;0.999932391;L2;0.652604303
615;Benzene;Water;323.127;0.994916426;0.999937321;0.999932337;L2;0.503385801
615;Benzene;Water;323.127;0.993099149;0.999937321;0.999932337;L2;0.686209067
615;Benzene;Water;323.127;0.993657107;0.999937321;0.999932337;L2;0.63004133
615;Benzene;Water;323.127;0.99452;0.999937321;0.999932337;L2;0.543238897
615;Benzene;Water;323.127;0.9951;0.999937321;0.999932337;L2;0.484936305
615;Benzene;Water;323.127;0.993485377;0.999937321;0.999932337;L2;0.647325446
615;Benzene;Water;323.137055;0.993528305;0.999937298;0.999932319;L2;0.643002351
615;Benzene;Water;323.15;0.99202104;0.999937269;0.999932295;L2;0.794822972
615;Benzene;Water;323.15;0.99277;0.999937269;0.999932295;L2;0.719353059
615;Benzene;Water;323.52688;0.99303;0.999936425;0.999931617;L2;0.693082735
615;Benzene;Water;324.3;0.9936;0.999934665;0.999930225;L2;0.635523074
615;Benzene;Water;325.02643;0.993098;0.999932975;0.999928917;L2;0.685890163
615;Benzene;Water;325.32634;0.992922;0.999932267;0.999928377;L2;0.703543236
615;Benzene;Water;326.32604;0.992789;0.999929862;0.999926577;L2;0.716698461
615;Benzene;Water;327.82559;0.992479;0.999926125;0.999923876;L2;0.747554759
615;Benzene;Water;328.1255;0.995122965;0.999925358;0.999923336;L2;0.481432218
615;Benzene;Water;328.1255;0.992070337;0.999925358;0.999923336;L2;0.788662561
615;Benzene;Water;329.1252;0.9922;0.999922756;0.999921536;L2;0.775333241
615;Benzene;Water;330.62475;0.991899027;0.999918715;0.999917371;L2;0.805267581
615;Benzene;Water;330.62475;0.992156009;0.999918715;0.999917371;L2;0.779362856
615;Benzene;Water;331.32454;0.99109;0.999916771;0.999914524;L2;0.886669894
615;Benzene;Water;331.62445;0.99059;0.999915926;0.999913303;L2;0.93704766
615;Benzene;Water;333.02403;0.991343;0.999911892;0.999907609;L2;0.860657777
615;Benzene;Water;333.124;0.99295;0.999911598;0.999907202;L2;0.698656284
615;Benzene;Water;333.13437;0.99628;0.999911568;0.99990716;L2;0.363850002
615;Benzene;Water;333.13437;0.99181339;0.999911568;0.99990716;L2;0.813186793
615;Benzene;Water;333.13437;0.991385371;0.999911568;0.99990716;L2;0.856351302
615;Benzene;Water;333.15;0.99099;0.999911521;0.999907097;L2;0.896235307
615;Benzene;Water;333.15;0.9905;0.999911521;0.999907097;L2;0.945693039
615;Benzene;Water;334.024;0.990706;0.999908915;0.999903541;L2;0.924636911
615;Benzene;Water;338.124;0.99027;0.999895839;0.99988686;L2;0.96734796
615;Benzene;Water;338.124;0.990359283;0.999895839;0.99988686;L2;0.95833234
615;Benzene;Water;338.124;0.989761485;0.999895839;0.99988686;L2;1.018712296
615;Benzene;Water;338.124;0.990188427;0.999895839;0.99988686;L2;0.975585749
615;Benzene;Water;338.424;0.9895;0.999894826;0.999885639;L2;1.045033423
615;Benzene;Water;339.124;0.989036331;0.99989243;0.999882791;L2;1.091663724
615;Benzene;Water;340.324;0.98879;0.99988822;0.999877909;L2;1.116151975
615;Benzene;Water;340.624;0.9892;0.999887147;0.999876688;L2;1.074588439
615;Benzene;Water;342.624;0.988610151;0.999879779;0.999868551;L2;1.133498236
615;Benzene;Water;343.15;0.9887;0.999877779;0.999866411;L2;1.124210116
615;Benzene;Water;343.15;0.9878;0.999877779;0.999866411;L2;1.215280195
615;Benzene;Water;344.1239;0.98726;0.999874003;0.999862449;L2;1.269584459
615;Benzene;Water;346.1237;0.9871;0.999865954;0.999854313;L2;1.284987305
615;Benzene;Water;346.32368;0.98698;0.999865127;0.999853499;L2;1.297062145
615;Benzene;Water;350.1233;0.985549955;0.999848614;0.99983804;L2;1.440406669
615;Benzene;Water;350.2;0.9874;0.999848265;0.999837728;L2;1.25283068
615;Benzene;Water;353.15;0.9846;0.999834329;0.999825726;L2;1.53541273
615;Benzene;Water;353.15;0.9843;0.999834329;0.999825726;L2;1.565886599
615;Benzene;Water;358.9773;0.986;0.999803785;0.999802017;L2;1.390269054
615;Benzene;Water;363.15;0.9793;0.999779268;0.9997725;L2;2.069649179
615;Benzene;Water;363.15;0.9796;0.999779268;0.9997725;L2;2.039019744
615;Benzene;Water;373.12437;0.9819;0.999710693;0.999692649;L2;1.797646014
615;Benzene;Water;373.12437;0.9792;0.999710693;0.999692649;L2;2.073001856
615;Benzene;Water;373.15;0.9742;0.999710498;0.999692444;L2;2.58491132
615;Benzene;Water;373.15;0.9735;0.999710498;0.999692444;L2;2.656790976
615;Benzene;Water;374.12417;0.97865;0.999702982;0.999684645;L2;2.128414551
615;Benzene;Water;376.2;0.9783;0.99968645;0.999668027;L2;2.162530869
615;Benzene;Water;384.972;0.973;0.999608383;0.999597802;L2;2.697950309
615;Benzene;Water;397.91941;0.96342;0.999466061;0.999445423;L2;3.673174343
615;Benzene;Water;398.15;0.9539;0.999463204;0.999442168;L2;4.665949473
615;Benzene;Water;400.3;0.9617;0.999435989;0.999411821;L2;3.848855734
615;Benzene;Water;412.9664;0.955;0.999253127;0.999233033;L2;4.529678647
615;Benzene;Water;413.15;0.937;0.999250176;0.999230441;L2;6.43218917
615;Benzene;Water;423.11437;0.9287;0.999076028;0.999062176;L2;7.304512063
615;Benzene;Water;473.11;0.815;0.997692878;0.997658409;L2;20.22573787
779;1-Butanol;Water;255.154408;0.034208728;0.006035587;0.006041585;L1;173.4807629
779;1-Butanol;Water;270;0.0295182;0.006670179;0.006677339;L1;148.7360392
779;1-Butanol;Water;270.042488;0.025698205;0.006672124;0.006679372;L1;134.848285
779;1-Butanol;Water;273.15;0.027235914;0.006816482;0.006828034;L1;138.5192911
779;1-Butanol;Water;273.15;0.0271;0.006816482;0.006828034;L1;138.0190169
779;1-Butanol;Water;273.15;0.0251;0.006816482;0.006828034;L1;130.3524287
779;1-Butanol;Water;273.15;0.0263;0.006816482;0.006828034;L1;135.022538
779;1-Butanol;Water;273.15;0.027579481;0.006816482;0.006828034;L1;139.7728495
779;1-Butanol;Water;273.15;0.0271;0.006816482;0.006828034;L1;138.0190169
779;1-Butanol;Water;278.1;0.025414933;0.007054879;0.00706484;L1;128.1617463
779;1-Butanol;Water;278.147;0.025;0.007057193;0.007067088;L1;126.4828443
779;1-Butanol;Water;278.1492701;0.0252;0.007057305;0.007067197;L1;127.2780772
779;1-Butanol;Water;280;0.0241252;0.007149181;0.007155735;L1;121.6259089
779;1-Butanol;Water;282.748175;0.023416931;0.007288366;0.007289623;L1;116.7179945
779;1-Butanol;Water;283.1;0.023444912;0.007306424;0.007308819;L1;116.5899558
779;1-Butanol;Water;283.144;0.023;0.007308686;0.007311219;L1;114.6430704
779;1-Butanol;Water;283.144;0.0232;0.007308686;0.007311219;L1;115.5088767
779;1-Butanol;Water;283.144;0.023472897;0.007308686;0.007311219;L1;116.6782925
779;1-Butanol;Water;283.144;0.023;0.007308686;0.007311219;L1;114.6430704
779;1-Butanol;Water;283.148055;0.0216;0.007308895;0.00731144;L1;108.3601272
779;1-Butanol;Water;283.148055;0.0235;0.007308895;0.00731144;L1;116.7908378
779;1-Butanol;Water;283.15;0.019687731;0.007308995;0.007311547;L1;99.08899215
779;1-Butanol;Water;288.141;0.0213;0.007571218;0.00758385;L1;103.4353166
779;1-Butanol;Water;288.141;0.0216;0.007571218;0.00758385;L1;104.8339408
779;1-Butanol;Water;288.146555;0.021524836;0.007571516;0.007584153;L1;104.4814154
779;1-Butanol;Water;288.146555;0.021135765;0.007571516;0.007584153;L1;102.6573352
779;1-Butanol;Water;288.15;0.0198;0.007571701;0.007584341;L1;96.12642437
779;1-Butanol;Water;288.15;0.019388131;0.007571701;0.007584341;L1;94.02433808
779;1-Butanol;Water;288.2;0.020064465;0.007574384;0.007587069;L1;97.41782566
779;1-Butanol;Water;289.146255;0.021248338;0.00762539;0.007638696;L1;102.4795267
779;1-Butanol;Water;290;0.0206896;0.007671758;0.007685275;L1;99.20853399
779;1-Butanol;Water;290.14597;0.020972286;0.007679719;0.007693239;L1;100.4618831
779;1-Butanol;Water;291.14577;0.020696679;0.007734512;0.007747787;L1;98.42808972
779;1-Butanol;Water;292.14557;0.020146795;0.007789764;0.007802335;L1;95.02346431
779;1-Butanol;Water;292.43842;0.016534601;0.007806035;0.007818313;L1;75.05580041
779;1-Butanol;Water;293.1;0.020421516;0.007842941;0.007854408;L1;95.69751972
779;1-Butanol;Water;293.138;0.0197;0.007845067;0.007856481;L1;92.07337528
779;1-Butanol;Water;293.138;0.015;0.007845067;0.007856481;L1;64.81653181
779;1-Butanol;Water;293.138;0.020696679;0.007845067;0.007856481;L1;97.00883696
779;1-Butanol;Water;293.138;0.020421516;0.007845067;0.007856481;L1;95.67041679
779;1-Butanol;Water;293.138;0.0202;0.007845067;0.007856481;L1;94.57977214
779;1-Butanol;Water;293.138;0.021;0.007845067;0.007856481;L1;98.46375548
779;1-Butanol;Water;293.138;0.0197;0.007845067;0.007856481;L1;92.07337528
779;1-Butanol;Water;293.14537;0.019872517;0.007845479;0.007856883;L1;92.94002721
779;1-Butanol;Water;293.14537;0.0197;0.007845479;0.007856883;L1;92.0681186
779;1-Butanol;Water;293.14537;0.020779314;0.007845479;0.007856883;L1;97.40205228
779;1-Butanol;Water;293.14537;0.019872517;0.007845479;0.007856883;L1;92.94002721
779;1-Butanol;Water;293.14537;0.0189;0.007845479;0.007856883;L1;87.92244723
779;1-Butanol;Water;293.14537;0.020421516;0.007845479;0.007856883;L1;95.66516011
779;1-Butanol;Water;293.14537;0.019161451;0.007845479;0.007856883;L1;89.29630506
779;1-Butanol;Water;293.14537;0.0207;0.007845479;0.007856883;L1;97.01962505
779;1-Butanol;Water;293.14537;0.020421516;0.007845479;0.007856883;L1;95.66516011
779;1-Butanol;Water;293.15;0.018;0.007845738;0.007857136;L1;83.04012842
779;1-Butanol;Water;293.15;0.018;0.007845738;0.007857136;L1;83.04012842
779;1-Butanol;Water;293.15;0.017667004;0.007845738;0.007857136;L1;81.17282454
779;1-Butanol;Water;293.15;0.019;0.007845738;0.007857136;L1;88.44685055
779;1-Butanol;Water;293.15;0.020504018;0.007845738;0.007857136;L1;96.06503932
779;1-Butanol;Water;293.2;0.0202;0.007848537;0.007859864;L1;94.53554897
779;1-Butanol;Water;295.73696;0.019317085;0.00799207;0.007998278;L1;88.25401554
779;1-Butanol;Water;296.1368;0.0166;0.008014967;0.008020092;L1;72.80919683
779;1-Butanol;Water;296.83652;0.019071412;0.00805522;0.008058268;L1;86.18700744
779;1-Butanol;Water;297.98606;0.017964842;0.008121855;0.008122488;L1;79.38580009
779;1-Butanol;Water;297.98606;0.018828819;0.008121855;0.008122488;L1;84.08299969
779;1-Butanol;Water;297.9944;0.019;0.008122341;0.008123005;L1;84.98205483
779;1-Butanol;Water;298;0.0189;0.008122667;0.008123352;L1;84.45033334
779;1-Butanol;Water;298.1;0.0172;0.008128495;0.008129554;L1;74.95336491
779;1-Butanol;Water;298.136;0.018;0.008130594;0.008131786;L1;79.47378314
779;1-Butanol;Water;298.136;0.0189;0.008130594;0.008131786;L1;84.35279956
779;1-Butanol;Water;298.136;0.0189;0.008130594;0.008131786;L1;84.35279956
779;1-Butanol;Water;298.136;0.0191;0.008130594;0.008131786;L1;85.40544086
779;1-Butanol;Water;298.136;0.019079596;0.008130594;0.008131786;L1;85.29855653
779;1-Butanol;Water;298.14437;0.019;0.008131082;0.008132305;L1;84.87450216
779;1-Butanol;Water;298.14437;0.0192;0.008131082;0.008132305;L1;85.92163215
779;1-Butanol;Water;298.14437;0.016210466;0.008131082;0.008132305;L1;68.99631255
779;1-Butanol;Water;298.14437;0.01932528;0.008131082;0.008132305;L1;86.57201259
779;1-Butanol;Water;298.14437;0.0151;0.008131082;0.008132305;L1;61.90007863
779;1-Butanol;Water;298.14437;0.019052319;0.008131082;0.008132305;L1;85.14948689
779;1-Butanol;Water;298.15;0.020696679;0.00813141;0.008132654;L1;93.42389155
779;1-Butanol;Water;298.15;0.017045939;0.00813141;0.008132654;L1;74.01776564
779;1-Butanol;Water;298.15;0.019;0.00813141;0.008132654;L1;84.8704642
779;1-Butanol;Water;298.15;0.019;0.00813141;0.008132654;L1;84.8704642
779;1-Butanol;Water;298.15;0.017694058;0.00813141;0.008132654;L1;77.74945399
779;1-Butanol;Water;298.15;0.018;0.00813141;0.008132654;L1;79.46374208
779;1-Butanol;Water;298.15;0.0198;0.00813141;0.008132654;L1;88.99476006
779;1-Butanol;Water;298.15;0.015917677;0.00813141;0.008132654;L1;67.16959155
779;1-Butanol;Water;298.15;0.0191;0.00813141;0.008132654;L1;85.39539979
779;1-Butanol;Water;298.15;0.0187;0.00813141;0.008132654;L1;83.27891867
779;1-Butanol;Water;298.15;0.019;0.00813141;0.008132654;L1;84.8704642
779;1-Butanol;Water;298.15;0.019872517;0.00813141;0.008132654;L1;89.36033848
779;1-Butanol;Water;298.15;0.020696679;0.00813141;0.008132654;L1;93.42389155
779;1-Butanol;Water;298.15;0.01932528;0.00813141;0.008132654;L1;86.56797462
779;1-Butanol;Water;298.19436;0.0185;0.008133998;0.008135405;L1;82.17182265
779;1-Butanol;Water;298.2;0.019;0.008134327;0.008135755;L1;84.834602
779;1-Butanol;Water;298.2;0.0189;0.008134327;0.008135755;L1;84.30689629
779;1-Butanol;Water;298.2;0.018916003;0.008134327;0.008135755;L1;84.39153242
779;1-Butanol;Water;298.2;0.016024806;0.008134327;0.008135755;L1;67.80449375
779;1-Butanol;Water;298.2;0.018616492;0.008134327;0.008135755;L1;82.79548954
779;1-Butanol;Water;298.2;0.019872517;0.008134327;0.008135755;L1;89.32447628
779;1-Butanol;Water;298.6;0.0183;0.008157702;0.008160562;L1;80.79385705
779;1-Butanol;Water;299.1356;0.017;0.008189122;0.008193777;L1;73.0406686
779;1-Butanol;Water;299.15;0.016615235;0.008189968;0.00819467;L1;70.74100053
779;1-Butanol;Water;299.53544;0.018513148;0.008212668;0.008218574;L1;81.28033976
779;1-Butanol;Water;299.83532;0.018779797;0.008230377;0.008237171;L1;82.49497887
779;1-Butanol;Water;300;0.0185093;0.008240121;0.008247384;L1;80.92582333
779;1-Butanol;Water;300.1352;0.017964842;0.008248131;0.008255768;L1;77.84300241
779;1-Butanol;Water;300.635;0.0166;0.008277816;0.008286764;L1;69.58234822
779;1-Butanol;Water;301.194776;0.018208918;0.008311208;0.008321479;L1;78.43064861
779;1-Butanol;Water;302.314328;0.018008208;0.00837845;0.008390909;L1;76.51647514
779;1-Butanol;Water;302.943115;0.017964842;0.008416484;0.008429904;L1;75.82244146
779;1-Butanol;Water;303.1;0.018317509;0.008426004;0.008439633;L1;77.65346867
779;1-Butanol;Water;303.134;0.017;0.008428069;0.008441742;L1;70.1645633
779;1-Butanol;Water;303.134;0.0179;0.008428069;0.008441742;L1;75.32330018
779;1-Butanol;Water;303.134;0.0179;0.008428069;0.008441742;L1;75.32330018
779;1-Butanol;Water;303.134;0.018;0.008428069;0.008441742;L1;75.88040468
779;1-Butanol;Water;303.134;0.018;0.008428069;0.008441742;L1;75.88040468
779;1-Butanol;Water;303.134;0.0182;0.008428069;0.008441742;L1;76.9853883
779;1-Butanol;Water;303.134;0.018236059;0.008428069;0.008441742;L1;77.18331866
779;1-Butanol;Water;303.134;0.0182;0.008428069;0.008441742;L1;76.9853883
779;1-Butanol;Water;303.143055;0.01850771;0.008428619;0.008442303;L1;78.65544353
779;1-Butanol;Water;303.143055;0.01677;0.008428619;0.008442303;L1;68.79586091
779;1-Butanol;Water;303.143055;0.0178;0.008428619;0.008442303;L1;74.75654905
779;1-Butanol;Water;303.15;0.017;0.008429041;0.008442734;L1;70.15303272
779;1-Butanol;Water;303.15;0.018290355;0.008429041;0.008442734;L1;77.46908548
779;1-Butanol;Water;303.15;0.019;0.008429041;0.008442734;L1;81.27559623
779;1-Butanol;Water;303.15;0.015;0.008429041;0.008442734;L1;57.63671842
779;1-Butanol;Water;303.15;0.018019051;0.008429041;0.008442734;L1;75.97465702
779;1-Butanol;Water;303.15;0.01932528;0.008429041;0.008442734;L1;82.97310665
779;1-Butanol;Water;303.15;0.020972286;0.008429041;0.008442734;L1;91.15188349
779;1-Butanol;Water;303.15;0.023472897;0.008429041;0.008442734;L1;102.416342
779;1-Butanol;Water;303.15;0.0181;0.008429041;0.008442734;L1;76.42289214
779;1-Butanol;Water;303.15;0.016782744;0.008429041;0.008442734;L1;68.86681988
779;1-Butanol;Water;303.19304;0.0181;0.008431656;0.008445403;L1;76.39187405
779;1-Butanol;Water;303.2;0.01850771;0.008432079;0.008445835;L1;78.61440437
779;1-Butanol;Water;303.2;0.01812752;0.008432079;0.008445835;L1;76.53878673
779;1-Butanol;Water;303.2;0.0181;0.008432079;0.008445835;L1;76.386858
779;1-Butanol;Water;303.2;0.022;0.008432079;0.008445835;L1;95.89990951
779;1-Butanol;Water;303.942815;0.018154648;0.008477356;0.008491901;L1;76.15280411
779;1-Butanol;Water;305.633;0.0158;0.008581396;0.008596719;L1;61.04133044
779;1-Butanol;Water;307.98206;0.017423707;0.008728368;0.008742398;L1;69.12533849
779;1-Butanol;Water;308.132;0.0175;0.008737843;0.008751697;L1;69.45374922
779;1-Butanol;Water;308.15;0.018;0.008738982;0.008752813;L1;72.25781048
779;1-Butanol;Water;308.15;0.017829396;0.008738982;0.008752813;L1;71.30549027
779;1-Butanol;Water;308.15;0.0176;0.008738982;0.008752813;L1;70.0105249
779;1-Butanol;Water;308.15;0.013;0.008738982;0.008752813;L1;39.71557044
779;1-Butanol;Water;308.15;0.015890906;0.008738982;0.008752813;L1;59.79533428
779;1-Butanol;Water;308.15;0.018;0.008738982;0.008752813;L1;72.25781048
779;1-Butanol;Water;308.2;0.02;0.008742144;0.008755914;L1;82.75767655
779;1-Butanol;Water;309.141255;0.0176;0.008801922;0.008814287;L1;69.29288323
779;1-Butanol;Water;309.15;0.0176;0.008802479;0.008814829;L1;69.28654964
779;1-Butanol;Water;310;0.0171888;0.008856853;0.008867543;L1;66.30664689
779;1-Butanol;Water;310.98086;0.01850771;0.008920059;0.008928372;L1;72.98848268
779;1-Butanol;Water;310.98086;0.017153787;0.008920059;0.008928372;L1;65.39163903
779;1-Butanol;Water;311.6306;0.0153;0.008962201;0.008968666;L1;53.48369678
779;1-Butanol;Water;313.1;0.017504767;0.009058315;0.009059792;L1;65.87901777
779;1-Butanol;Water;313.13;0.0167;0.009060288;0.009061653;L1;61.15077572
779;1-Butanol;Water;313.13;0.015356366;0.009060288;0.009061653;L1;52.7629149
779;1-Butanol;Water;313.13;0.0169;0.009060288;0.009061653;L1;62.34126597
779;1-Butanol;Water;313.13;0.0167;0.009060288;0.009061653;L1;61.15077572
779;1-Butanol;Water;313.13;0.016749712;0.009060288;0.009061653;L1;61.44801019
779;1-Butanol;Water;313.140055;0.017;0.00906095;0.009062276;L1;62.92393493
779;1-Butanol;Water;313.140055;0.0169;0.00906095;0.009062276;L1;62.33396272
779;1-Butanol;Water;313.140055;0.018;0.00906095;0.009062276;L1;68.63977631
779;1-Butanol;Water;313.140055;0.0153;0.00906095;0.009062276;L1;52.38788336
779;1-Butanol;Water;313.15;0.017342686;0.009061605;0.009062893;L1;64.91246324
779;1-Butanol;Water;313.15;0.019;0.009061605;0.009062893;L1;74.03927502
779;1-Butanol;Water;313.15;0.019;0.009061605;0.009062893;L1;74.03927502
779;1-Butanol;Water;313.15;0.017072895;0.009061605;0.009062893;L1;63.34458893
779;1-Butanol;Water;313.19004;0.0169;0.009064241;0.009065376;L1;62.29765626
779;1-Butanol;Water;313.2;0.016857371;0.009064896;0.009065994;L1;62.03786041
779;1-Butanol;Water;313.2;0.0169;0.009064896;0.009065994;L1;62.29042168
779;1-Butanol;Water;313.2;0.0171;0.009064896;0.009065994;L1;63.46690584
779;1-Butanol;Water;313.240025;0.017342686;0.009067532;0.009068476;L1;64.84707241
779;1-Butanol;Water;318.1285;0.0166;0.009395836;0.009410263;L1;56.91360444
779;1-Butanol;Water;318.1285;0.0145;0.009395836;0.009410263;L1;43.38819984
779;1-Butanol;Water;318.15;0.018;0.009397308;0.009411772;L1;64.99484404
779;1-Butanol;Water;318.15;0.017423707;0.009397308;0.009411772;L1;61.74084327
779;1-Butanol;Water;318.15;0.0166;0.009397308;0.009411772;L1;56.89793779
779;1-Butanol;Water;318.15;0.0166;0.009397308;0.009411772;L1;56.89793779
779;1-Butanol;Water;318.15;0.021;0.009397308;0.009411772;L1;80.40991202
779;1-Butanol;Water;318.2;0.017045939;0.009400733;0.009415281;L1;59.51243276
779;1-Butanol;Water;320;0.0165033;0.009524918;0.009541592;L1;54.96490038
779;1-Butanol;Water;321.637505;0.0166;0.009639431;0.009656501;L1;54.35406108
779;1-Butanol;Water;321.65;0.0166;0.00964031;0.009657378;L1;54.34493785
779;1-Butanol;Water;322.737175;0.017694058;0.009717163;0.009733669;L1;59.93351905
779;1-Butanol;Water;323.1;0.016803533;0.009742957;0.009759129;L1;54.50444869
779;1-Butanol;Water;323.127;0.0163;0.00974488;0.009761024;L1;51.44231357
779;1-Butanol;Water;323.127;0.0165;0.00974488;0.009761024;L1;52.66184088
779;1-Butanol;Water;323.127;0.016212446;0.00974488;0.009761024;L1;50.90372468
779;1-Butanol;Water;323.127;0.0163;0.00974488;0.009761024;L1;51.44231357
779;1-Butanol;Water;323.127;0.015;0.00974488;0.009761024;L1;43.1308229
779;1-Butanol;Water;323.137055;0.016722808;0.009745596;0.009761729;L1;53.99580885
779;1-Butanol;Water;323.15;0.016615235;0.009746518;0.009762638;L1;53.34100034
779;1-Butanol;Water;323.15;0.015543262;0.009746518;0.009762638;L1;46.67171907
779;1-Butanol;Water;323.15;0.016;0.009746518;0.009762638;L1;49.56786801
779;1-Butanol;Water;323.15;0.016695909;0.009746518;0.009762638;L1;53.82536772
779;1-Butanol;Water;323.15;0.016454004;0.009746518;0.009762638;L1;52.36588097
779;1-Butanol;Water;323.15;0.015757112;0.009746518;0.009762638;L1;48.03817767
779;1-Butanol;Water;323.15;0.0167;0.009746518;0.009762638;L1;53.84986773
779;1-Butanol;Water;323.2;0.018;0.009750079;0.009766147;L1;61.3096339
779;1-Butanol;Water;328.15;0.02;0.010109683;0.010113504;L1;68.2238634
779;1-Butanol;Water;328.15;0.017;0.010109683;0.010113504;L1;51.97197045
779;1-Butanol;Water;328.15;0.018;0.010109683;0.010113504;L1;57.68781183
779;1-Butanol;Water;328.15;0.017423707;0.010109683;0.010113504;L1;54.43381106
779;1-Butanol;Water;330;0.0163327;0.010247686;0.010251375;L1;46.61173233
779;1-Butanol;Water;330.1249;0.014;0.010257075;0.01026129;L1;31.10896392
779;1-Butanol;Water;331.23475;0.0168;0.010340906;0.010349396;L1;48.52714309
779;1-Butanol;Water;331.25;0.0168;0.010342063;0.010350606;L1;48.51595578
779;1-Butanol;Water;332.63447;0.017964842;0.010447668;0.010460513;L1;54.20378421
779;1-Butanol;Water;333.1;0.016749712;0.010483434;0.010497469;L1;46.85847989
779;1-Butanol;Water;333.124;0.0166;0.010485281;0.010499374;L1;45.94302263
779;1-Butanol;Water;333.124;0.016212446;0.010485281;0.010499374;L1;43.58067498
779;1-Butanol;Water;333.124;0.0162;0.010485281;0.010499374;L1;43.50387732
779;1-Butanol;Water;333.124;0.0167;0.010485281;0.010499374;L1;46.54362504
779;1-Butanol;Water;333.13437;0.0153;0.010486079;0.010500197;L1;37.7804224
779;1-Butanol;Water;333.13437;0.016;0.010486079;0.010500197;L1;42.25401179
779;1-Butanol;Water;333.13437;0.0187;0.010486079;0.010500197;L1;57.84749195
779;1-Butanol;Water;333.15;0.0162;0.010487283;0.010501438;L1;43.48478836
779;1-Butanol;Water;333.15;0.015276331;0.010487283;0.010501438;L1;37.61412785
779;1-Butanol;Water;333.23435;0.016212446;0.01049378;0.010508134;L1;43.49965562
779;1-Butanol;Water;338.124;0.015356366;0.010877745;0.0108963;L1;34.48111189
779;1-Butanol;Water;340;0.0166346;0.011028961;0.011045227;L1;41.09601891
779;1-Butanol;Water;340.124;0.0145;0.011039034;0.011055071;L1;27.27111057
779;1-Butanol;Water;340.15;0.016615235;0.011041147;0.011057135;L1;40.86910884
779;1-Butanol;Water;340.68279;0.0173;0.011084545;0.01109943;L1;44.51547317
779;1-Butanol;Water;340.7;0.0173;0.01108595;0.011100796;L1;44.50280052
779;1-Butanol;Water;342.632205;0.017153787;0.011244862;0.011254185;L1;42.2307655
779;1-Butanol;Water;343.1;0.017639954;0.011283693;0.011291321;L1;44.68078478
779;1-Butanol;Water;343.124;0.0166;0.011285689;0.011293226;L1;38.58672234
779;1-Butanol;Water;343.124;0.0172;0.011285689;0.011293226;L1;42.13739119
779;1-Butanol;Water;343.124;0.016749712;0.011285689;0.011293226;L1;39.48455922
779;1-Butanol;Water;343.15;0.01678;0.011287852;0.01129529;L1;39.64606109
779;1-Butanol;Water;343.15;0.0172;0.011287852;0.01129529;L1;42.11822936
779;1-Butanol;Water;343.2;0.016;0.011292012;0.011299259;L1;34.84931306
779;1-Butanol;Water;343.331995;0.017234718;0.011303003;0.011309738;L1;42.18574157
779;1-Butanol;Water;344.1239;0.0153;0.011369177;0.011372603;L1;29.69469338
779;1-Butanol;Water;348.1235;0.0174;0.01170964;0.011723178;L1;39.60577315
779;1-Butanol;Water;348.15;0.016615235;0.011711931;0.011725553;L1;34.971194
779;1-Butanol;Water;349.1234;0.0158;0.011796409;0.011812803;L1;29.22147655
779;1-Butanol;Water;350;0.0174483;0.01187303;0.011891377;L1;38.49727763
779;1-Butanol;Water;351.129655;0.0186;0.011972536;0.011992632;L1;44.05462402
779;1-Butanol;Water;351.15;0.0186;0.011974336;0.011994456;L1;44.03959039
779;1-Butanol;Water;353.1;0.018100396;0.012148179;0.012169243;L1;39.87545233
779;1-Butanol;Water;353.123;0.017964842;0.012150245;0.012171304;L1;39.10672735
779;1-Butanol;Water;353.123;0.0177;0.012150245;0.012171304;L1;37.62152875
779;1-Butanol;Water;353.123;0.0175;0.012150245;0.012171304;L1;36.48515288
779;1-Butanol;Water;353.129055;0.0161;0.012150789;0.012171847;L1;28.14251498
779;1-Butanol;Water;353.129055;0.0198;0.012150789;0.012171847;L1;48.82878155
779;1-Butanol;Water;353.15;0.01798;0.012152671;0.012173724;L1;39.1711041
779;1-Butanol;Water;353.15;0.0181;0.012152671;0.012173724;L1;39.83629502
779;1-Butanol;Water;353.229025;0.018073277;0.012159774;0.012180808;L1;39.63011362
779;1-Butanol;Water;354.123;0.016534601;0.012240429;0.012260938;L1;30.07108548
779;1-Butanol;Water;354.623;0.0166;0.012285783;0.012305755;L1;30.0959985
779;1-Butanol;Water;355.04;0.018;0.012323741;0.012343133;L1;37.88441885
779;1-Butanol;Water;355.828245;0.019;0.012395827;0.012413787;L1;42.70791296
779;1-Butanol;Water;360;0.0189465;0.01278471;0.012787719;L1;39.33693055
779;1-Butanol;Water;361.02679;0.0203;0.012882356;0.012884358;L1;45.47622352
779;1-Butanol;Water;361.05;0.0207;0.012884573;0.012886706;L1;47.41030273
779;1-Butanol;Water;362.45;0.0187;0.013018986;0.013028351;L1;36.2114759
779;1-Butanol;Water;362.62647;0.01932528;0.013036032;0.013046205;L1;39.36968605
779;1-Butanol;Water;363.123;0.020146795;0.013084119;0.013096442;L1;43.16460297
779;1-Butanol;Water;363.123;0.0195;0.013084119;0.013096442;L1;39.90152766
779;1-Butanol;Water;363.123;0.0202;0.013084119;0.013096442;L1;43.42834154
779;1-Butanol;Water;363.15;0.01924;0.013086739;0.013099174;L1;38.53920252
779;1-Butanol;Water;363.15;0.015;0.013086739;0.013099174;L1;13.64507811
779;1-Butanol;Water;363.62305;0.0166;0.013132733;0.013147034;L1;23.42949057
779;1-Butanol;Water;363.72625;0.01867091;0.013142789;0.013157476;L1;35.10934602
779;1-Butanol;Water;365.72;0.021027461;0.013338647;0.013359193;L1;45.51636102
779;1-Butanol;Water;365.73;0.021;0.013339637;0.013360205;L1;45.3782582
779;1-Butanol;Water;365.85;0.021;0.013351523;0.013372346;L1;45.2891976
779;1-Butanol;Water;365.873275;0.02;0.01335383;0.013374701;L1;40.39290677
779;1-Butanol;Water;365.92581;0.0176;0.013359037;0.013380016;L1;27.57057838
779;1-Butanol;Water;366.15;0.02077;0.013381285;0.013402699;L1;43.96525242
779;1-Butanol;Water;366.23;0.0198;0.013389233;0.013410793;L1;39.12310252
779;1-Butanol;Water;367.1234;0.0185;0.01347833;0.013501182;L1;31.66875446
779;1-Butanol;Water;367.12557;0.022;0.013478547;0.013501402;L1;48.99431544
779;1-Butanol;Water;370;0.0216018;0.013769415;0.013792223;L1;45.03268212
779;1-Butanol;Water;371.02379;0.0227;0.013874584;0.013895805;L1;49.23062716
779;1-Butanol;Water;371.473835;0.0232;0.013921078;0.013941338;L1;51.07481544
779;1-Butanol;Water;371.62467;0.023;0.013936698;0.013956599;L1;50.09687359
779;1-Butanol;Water;372.42451;0.024877989;0.014019827;0.014037522;L1;57.35108628
779;1-Butanol;Water;373.124;0.023612893;0.01409295;0.014108293;L1;51.61181734
779;1-Butanol;Water;373.124;0.0232;0.01409295;0.014108293;L1;49.84775757
779;1-Butanol;Water;373.12437;0.0207;0.014092989;0.014108331;L1;38.44562453
779;1-Butanol;Water;373.15;0.02347;0.014095676;0.014110924;L1;50.98549227
779;1-Butanol;Water;373.15;0.024877989;0.014095676;0.014110924;L1;56.81153495
779;1-Butanol;Water;375.1244;0.0196;0.014304266;0.014310684;L1;31.49717713
779;1-Butanol;Water;376.15;0.026294587;0.014413883;0.014414449;L1;60.11712656
779;1-Butanol;Water;376.45;0.0245;0.014446112;0.014447457;L1;52.82477819
779;1-Butanol;Water;377.47487;0.0259;0.014556783;0.014564386;L1;57.61859277
779;1-Butanol;Water;378.125;0.0257;0.014627444;0.01463856;L1;56.35914905
779;1-Butanol;Water;378.15;0.02525;0.014630169;0.014641412;L1;54.57404231
779;1-Butanol;Water;378.42506;0.0218;0.014660178;0.014672794;L1;39.67751598
779;1-Butanol;Water;380;0.026724;0.014833244;0.014852481;L1;58.86911647
779;1-Butanol;Water;380.02299;0.028009894;0.014835786;0.014855104;L1;63.55155722
779;1-Butanol;Water;380.32293;0.027;0.014868992;0.014889325;L1;59.65588799
779;1-Butanol;Water;380.845544;0.025698205;0.014927036;0.014948951;L1;54.32470668
779;1-Butanol;Water;382.92241;0.029162875;0.015160049;0.015185903;L1;65.42329035
779;1-Butanol;Water;383.126;0.028873916;0.015183094;0.015209131;L1;64.27560682
779;1-Butanol;Water;383.126;0.0295;0.015183094;0.015209131;L1;66.42077045
779;1-Butanol;Water;383.15;0.02796;0.015185813;0.015211869;L1;61.041329
779;1-Butanol;Water;384.72205;0.031;0.015365029;0.015391227;L1;70.18931379
779;1-Butanol;Water;386.076295;0.033;0.015521186;0.015545734;L1;75.43016151
779;1-Butanol;Water;387.12157;0.034;0.015642851;0.015664991;L1;77.63465323
779;1-Butanol;Water;387.62645;0.0343;0.015701973;0.015722593;L1;78.13589689
779;1-Butanol;Water;388.15;0.03313;0.015763529;0.015782326;L1;74.27402476
779;1-Butanol;Water;389.86;0.0373;0.015966346;0.015977422;L1;84.85101929
779;1-Butanol;Water;390;0.0386;0.015983072;0.015993395;L1;88.17221392
779;1-Butanol;Water;390.02669;0.0364;0.015986262;0.01599644;L1;82.28390277
779;1-Butanol;Water;390.52674;0.034208728;0.016046165;0.016053491;L1;75.70109396
779;1-Butanol;Water;390.92081;0.041;0.016093539;0.016098451;L1;93.51541585
779;1-Butanol;Water;391.22075;0.039586002;0.016129694;0.016132672;L1;89.78136775
779;1-Butanol;Water;391.376825;0.0412;0.01614854;0.016150479;L1;93.66085828
779;1-Butanol;Water;392.92041;0.048060548;0.016336189;0.0163447;L1;107.90788
779;1-Butanol;Water;393.12037;0.0504;0.016360665;0.016370432;L1;112.5111227
779;1-Butanol;Water;393.127;0.044;0.016361477;0.016371285;L1;98.92600445
779;1-Butanol;Water;393.15;0.04215;0.016364295;0.016374245;L1;94.61328846
779;1-Butanol;Water;393.42709;0.041590411;0.016398282;0.016409902;L1;93.0693042
779;1-Butanol;Water;393.877225;0.0474;0.016453654;0.016467828;L1;105.8074637
779;1-Butanol;Water;394.82003;0.052;0.016570268;0.016589153;L1;114.363374
779;1-Butanol;Water;395.01;0.0503;0.01659387;0.016613599;L1;110.8971753
779;1-Butanol;Water;395.01999;0.053;0.016595112;0.016614885;L1;116.1183737
779;1-Butanol;Water;395.21995;0.051301221;0.016619995;0.016640617;L1;112.7108063
779;1-Butanol;Water;395.577735;0.049059108;0.016664616;0.016686658;L1;107.9738179
779;1-Butanol;Water;395.81983;0.053603758;0.016694881;0.016717812;L1;116.6517058
779;1-Butanol;Water;396.21975;0.06;0.016745002;0.016769276;L1;127.6244765
779;1-Butanol;Water;396.32796;0.0611;0.01675859;0.016783201;L1;129.3600888
779;1-Butanol;Water;396.42799;0.0564;0.016771162;0.016796074;L1;121.280828
779;1-Butanol;Water;396.72808;0.065;0.016808938;0.016834691;L1;135.2476514
779;1-Butanol;Water;397.01959;0.063454154;0.016845719;0.016872204;L1;132.6221108
779;1-Butanol;Water;397.21955;0.079;0.016870998;0.016897936;L1;154.3851808
779;1-Butanol;Water;397.32826;0.0725;0.016884758;0.016911925;L1;145.7175256
779;1-Butanol;Water;397.41951;0.093;0.016896317;0.016923668;L1;170.5503838
779;1-Butanol;Water;397.41951;0.073836471;0.016896317;0.016923668;L1;147.4757141
779;1-Butanol;Water;397.52832;0.0965;0.016910111;0.01693767;L1;174.1631276
779;1-Butanol;Water;397.71945;0.08596344;0.01693437;0.016962266;L1;162.4576802
779;1-Butanol;Water;397.858419;0.095927595;0.016952032;0.016980149;L1;173.3205998
779;1-Butanol;Water;397.868422;0.086981553;0.016953304;0.016981436;L1;163.5233337
779;1-Butanol;Water;397.958449;0.0835;0.016964757;0.016993021;L1;159.3708584
779;1-Butanol;Water;398;0.0638;0.016970045;0.016998368;L1;132.4303445
779;1-Butanol;Water;398.1285;0.071;0.016986412;0.017014904;L1;143.026615
779;1-Butanol;Water;398.278545;0.0962;0.017005544;0.017034213;L1;173.2889959
779;1-Butanol;Water;398.89;0.0783;0.017083744;0.017112898;L1;152.2420228
779;1-Butanol;Water;401;0.084406994;0.017356523;0.017384424;L1;158.1681849
779;1-Butanol;Water;268.154;0.505958533;0.510322067;0.510235113;L2;0.858731408
779;1-Butanol;Water;270;0.504403;0.511800596;0.511563461;L2;1.455953657
779;1-Butanol;Water;273.15;0.50887133;0.5142105;0.513830144;L2;1.043751968
779;1-Butanol;Water;273.15;0.4994;0.5142105;0.513830144;L2;2.922533665
779;1-Butanol;Water;273.15;0.499;0.5142105;0.513830144;L2;3.002661874
779;1-Butanol;Water;273.15;0.5112;0.5142105;0.513830144;L2;0.587181143
779;1-Butanol;Water;278.1;0.500511998;0.51771468;0.517392074;L2;3.379270872
779;1-Butanol;Water;278.147;0.499;0.51774632;0.517425894;L2;3.6879297
779;1-Butanol;Water;278.1492701;0.4768;0.517747848;0.517427527;L2;8.239122721
779;1-Butanol;Water;280;0.502425;0.518969635;0.518759279;L2;3.239899926
779;1-Butanol;Water;282.748175;0.497657481;0.520698044;0.520663255;L2;4.525825291
779;1-Butanol;Water;283.1;0.497025835;0.520911964;0.520844467;L2;4.693904603
779;1-Butanol;Water;283.144;0.498;0.520938602;0.520867129;L2;4.503211229
779;1-Butanol;Water;283.144;0.5061;0.520938602;0.520867129;L2;2.88979111
779;1-Butanol;Water;283.148055;0.4931;0.520941056;0.520869218;L2;5.492490617
779;1-Butanol;Water;283.148055;0.4855;0.520941056;0.520869218;L2;7.045761166
779;1-Butanol;Water;286.1422;0.500193847;0.522693222;0.522411389;L2;4.399900097
779;1-Butanol;Water;288.141;0.496;0.523797321;0.523440895;L2;5.452888994
779;1-Butanol;Water;288.141;0.495;0.523797321;0.523440895;L2;5.654705409
779;1-Butanol;Water;288.146555;0.494508969;0.523800317;0.523443756;L2;5.7545248
779;1-Butanol;Water;288.146555;0.494;0.523800317;0.523443756;L2;5.857501922
779;1-Butanol;Water;288.15;0.5018;0.523802174;0.523445531;L2;4.291244925
779;1-Butanol;Water;288.2;0.487820996;0.523829121;0.523471284;L2;7.121699873
779;1-Butanol;Water;289.146255;0.497657481;0.524332996;0.523958664;L2;5.22149207
779;1-Butanol;Water;290;0.496815;0.52477771;0.524398396;L2;5.475704053
779;1-Butanol;Water;290.14597;0.497657481;0.524852809;0.524473579;L2;5.320580826
779;1-Butanol;Water;291.14577;0.496080192;0.525359874;0.524988538;L2;5.734591107
779;1-Butanol;Water;291.58893;0.493100025;0.525580558;0.525216793;L2;6.379143273
779;1-Butanol;Water;292.14557;0.494508969;0.525854223;0.525503498;L2;6.145874258
779;1-Butanol;Water;293.1;0.490451925;0.526314347;0.525995088;L2;7.057138942
779;1-Butanol;Water;293.138;0.498;0.526332428;0.526014661;L2;5.533292937
779;1-Butanol;Water;293.138;0.491;0.526332428;0.526014661;L2;6.94888786
779;1-Butanol;Water;293.138;0.492;0.526332428;0.526014661;L2;6.74542899
779;1-Butanol;Water;293.138;0.493;0.526332428;0.526014661;L2;6.542383235
779;1-Butanol;Water;293.14537;0.492943776;0.526335933;0.526018457;L2;6.554454241
779;1-Butanol;Water;293.14537;0.4893;0.526335933;0.526018457;L2;7.296386703
779;1-Butanol;Water;293.14537;0.491;0.526335933;0.526018457;L2;6.949553753
779;1-Butanol;Water;293.14537;0.492943776;0.526335933;0.526018457;L2;6.554454241
779;1-Butanol;Water;293.14537;0.492943776;0.526335933;0.526018457;L2;6.554454241
779;1-Butanol;Water;293.14537;0.491384579;0.526335933;0.526018457;L2;6.87125875
779;1-Butanol;Water;293.14537;0.4994;0.526335933;0.526018457;L2;5.253228748
779;1-Butanol;Water;293.14537;0.474619504;0.526335933;0.526018457;L2;10.34262265
779;1-Butanol;Water;293.14537;0.4762;0.526335933;0.526018457;L2;10.01017313
779;1-Butanol;Water;293.14537;0.492943776;0.526335933;0.526018457;L2;6.554454241
779;1-Butanol;Water;293.15;0.491851711;0.526338135;0.526020841;L2;6.776657728
779;1-Butanol;Water;293.15;0.49;0.526338135;0.526020841;L2;7.153845683
779;1-Butanol;Water;293.15;0.483;0.526338135;0.526020841;L2;8.592719428
779;1-Butanol;Water;293.15;0.516078628;0.526338135;0.526020841;L2;1.968471422
779;1-Butanol;Water;293.15;0.496;0.526338135;0.526020841;L2;5.936792121
779;1-Butanol;Water;293.15;0.485;0.526338135;0.526020841;L2;8.1794957
779;1-Butanol;Water;293.2;0.4936;0.526361891;0.526046595;L2;6.426351018
779;1-Butanol;Water;296.53664;0.488747609;0.52787678;0.527765172;L2;7.701666589
779;1-Butanol;Water;297.98606;0.482153409;0.528492005;0.528473611;L2;9.176533859
779;1-Butanol;Water;297.9944;0.512;0.528495471;0.528476329;L2;3.170961105
779;1-Butanol;Water;298;0.4836;0.528497798;0.528478153;L2;8.878051999
779;1-Butanol;Water;298.1;0.5289;0.528539288;0.528510737;L2;0.068223755
779;1-Butanol;Water;298.136;0.5;0.528554193;0.528522468;L2;5.553724355
779;1-Butanol;Water;298.136;0.494;0.528554193;0.528522468;L2;6.760982479
779;1-Butanol;Water;298.136;0.489;0.528554193;0.528522468;L2;7.77828525
779;1-Butanol;Water;298.136;0.508;0.528554193;0.528522468;L2;3.96638944
779;1-Butanol;Water;298.14437;0.5032;0.528557657;0.528525195;L2;4.91641891
779;1-Butanol;Water;298.14437;0.477616043;0.528557657;0.528525195;L2;10.13447421
779;1-Butanol;Water;298.14437;0.487;0.528557657;0.528525195;L2;8.18877714
779;1-Butanol;Water;298.14437;0.477616043;0.528557657;0.528525195;L2;10.13447421
779;1-Butanol;Water;298.14437;0.4853;0.528557657;0.528525195;L2;8.538463808
779;1-Butanol;Water;298.14437;0.487;0.528557657;0.528525195;L2;8.18877714
779;1-Butanol;Water;298.15;0.488284037;0.528559986;0.528527029;L2;7.925902149
779;1-Butanol;Water;298.15;0.488284037;0.528559986;0.528527029;L2;7.925902149
779;1-Butanol;Water;298.15;0.4797;0.528559986;0.528527029;L2;9.699539254
779;1-Butanol;Water;298.15;0.489986401;0.528559986;0.528527029;L2;7.577866339
779;1-Butanol;Water;298.15;0.485;0.528559986;0.528527029;L2;8.600741012
779;1-Butanol;Water;298.15;0.488284037;0.528559986;0.528527029;L2;7.925902149
779;1-Butanol;Water;298.15;0.510498434;0.528559986;0.528527029;L2;3.476873103
779;1-Butanol;Water;298.15;0.485;0.528559986;0.528527029;L2;8.600741012
779;1-Butanol;Water;298.15;0.488;0.528559986;0.528527029;L2;7.98408952
779;1-Butanol;Water;298.15;0.486742623;0.528559986;0.528527029;L2;8.242081254
779;1-Butanol;Water;298.15;0.486;0.528559986;0.528527029;L2;8.394767715
779;1-Butanol;Water;298.15;0.4873;0.528559986;0.528527029;L2;8.12763512
779;1-Butanol;Water;298.15;0.5503025;0.528559986;0.528527029;L2;4.031182598
779;1-Butanol;Water;298.15;0.4833;0.528559986;0.528527029;L2;8.95187222
779;1-Butanol;Water;298.15;0.4864;0.528559986;0.528527029;L2;8.31249704
779;1-Butanol;Water;298.19436;0.4942;0.528578324;0.528541484;L2;6.725070202
779;1-Butanol;Water;298.2;0.55389747;0.528580654;0.528543321;L2;4.6784194
779;1-Butanol;Water;298.2;0.483982823;0.528580654;0.528543321;L2;8.814598699
779;1-Butanol;Water;298.2;0.4895;0.528580654;0.528543321;L2;7.681094144
779;1-Butanol;Water;298.2;0.48520707;0.528580654;0.528543321;L2;8.561965514
779;1-Butanol;Water;298.2;0.489366531;0.528580654;0.528543321;L2;7.708364256
779;1-Butanol;Water;298.2;0.488;0.528580654;0.528543321;L2;7.987999756
779;1-Butanol;Water;298.6;0.499;0.528744862;0.528673657;L2;5.789991759
779;1-Butanol;Water;298.6;0.493;0.528744862;0.528673657;L2;6.99968393
779;1-Butanol;Water;299.1356;0.496;0.528961718;0.528848177;L2;6.434013587
779;1-Butanol;Water;299.15;0.496080192;0.5289675;0.528852869;L2;6.418940281
779;1-Butanol;Water;299.83532;0.48520707;0.529239794;0.529076173;L2;8.686587746
779;1-Butanol;Water;300;0.487943;0.529304383;0.529129833;L2;8.136506432
779;1-Butanol;Water;300.1352;0.494508969;0.529357164;0.529173886;L2;6.809808313
779;1-Butanol;Water;300.58502;0.48520707;0.529531189;0.529320456;L2;8.741631858
779;1-Butanol;Water;302.943115;0.482153409;0.530403937;0.530088817;L2;9.537652286
779;1-Butanol;Water;302.954072;0.485360362;0.530407838;0.530092387;L2;8.875458765
779;1-Butanol;Water;303.1;0.479424824;0.530459659;0.530139936;L2;10.11568095
779;1-Butanol;Water;303.134;0.4861;0.530471696;0.530151015;L2;8.735224006
779;1-Butanol;Water;303.134;0.484;0.530471696;0.530151015;L2;9.16816974
779;1-Butanol;Water;303.134;0.493;0.530471696;0.530151015;L2;7.325743007
779;1-Butanol;Water;303.134;0.484;0.530471696;0.530151015;L2;9.16816974
779;1-Butanol;Water;303.143055;0.492;0.5304749;0.530153965;L2;7.529392676
779;1-Butanol;Water;303.143055;0.4904;0.5304749;0.530153965;L2;7.855125863
779;1-Butanol;Water;303.143055;0.476114957;0.5304749;0.530153965;L2;10.81133119
779;1-Butanol;Water;303.15;0.464306391;0.530477357;0.530156228;L2;13.32326141
779;1-Butanol;Water;303.15;0.483;0.530477357;0.530156228;L2;9.376062023
779;1-Butanol;Water;303.15;0.48520707;0.530477357;0.530156228;L2;8.920152561
779;1-Butanol;Water;303.15;0.488;0.530477357;0.530156228;L2;8.346186803
779;1-Butanol;Water;303.15;0.51541825;0.530477357;0.530156228;L2;2.87985669
779;1-Butanol;Water;303.15;0.482001333;0.530477357;0.530156228;L2;9.583039427
779;1-Butanol;Water;303.15;0.496;0.530477357;0.530156228;L2;6.720134716
779;1-Butanol;Water;303.15;0.485667122;0.530477357;0.530156228;L2;8.825381881
779;1-Butanol;Water;303.15;0.4802;0.530477357;0.530156228;L2;9.957459009
779;1-Butanol;Water;303.19304;0.4896;0.530492567;0.530170252;L2;8.021721552
779;1-Butanol;Water;303.2;0.480635236;0.530495025;0.53017252;L2;9.870194216
779;1-Butanol;Water;303.2;0.489;0.530495025;0.53017252;L2;8.144808999
779;1-Butanol;Water;303.2;0.482609983;0.530495025;0.53017252;L2;9.460174062
779;1-Butanol;Water;303.2;0.4896;0.530495025;0.53017252;L2;8.022184826
779;1-Butanol;Water;303.942815;0.483677342;0.530754043;0.530414559;L2;9.28806816
779;1-Butanol;Water;303.963668;0.481849315;0.53076122;0.530421353;L2;9.668079999
779;1-Butanol;Water;307.98206;0.477616043;0.532049896;0.531730705;L2;10.79301221
779;1-Butanol;Water;308.132;0.477;0.532094373;0.531779562;L2;10.93043763
779;1-Butanol;Water;308.141555;0.477;0.532097199;0.531782675;L2;10.93096867
779;1-Butanol;Water;308.15;0.484;0.532099696;0.531785427;L2;9.47459627
779;1-Butanol;Water;308.15;0.474470267;0.532099696;0.531785427;L2;11.46319151
779;1-Butanol;Water;308.15;0.4704;0.532099696;0.531785427;L2;12.32474728
779;1-Butanol;Water;308.15;0.522;0.532099696;0.531785427;L2;1.916328153
779;1-Butanol;Water;308.15;0.476114957;0.532099696;0.531785427;L2;11.1171538
779;1-Butanol;Water;308.15;0.477;0.532099696;0.531785427;L2;10.93143785
779;1-Butanol;Water;309.141255;0.4819;0.532387078;0.532108417;L2;9.963419162
779;1-Butanol;Water;309.15;0.4819;0.532389564;0.532111266;L2;9.963886022
779;1-Butanol;Water;310;0.47606;0.532627017;0.53238823;L2;11.22775015
779;1-Butanol;Water;310.98086;0.474619504;0.532890874;0.532707833;L2;11.58032258
779;1-Butanol;Water;310.98086;0.488284037;0.532890874;0.532707833;L2;8.7419385
779;1-Butanol;Water;313.1;0.466932716;0.533424134;0.533398333;L2;13.31316855
779;1-Butanol;Water;313.13;0.4717;0.533431322;0.533408109;L2;12.29871403
779;1-Butanol;Water;313.13;0.472;0.533431322;0.533408109;L2;12.2351345
779;1-Butanol;Water;313.140055;0.4715;0.533433728;0.533411385;L2;12.34157406
779;1-Butanol;Water;313.140055;0.4701;0.533433728;0.533411385;L2;12.63894046
779;1-Butanol;Water;313.140055;0.4714;0.533433728;0.533411385;L2;12.36278522
779;1-Butanol;Water;313.140055;0.4257;0.533433728;0.533411385;L2;22.55999698
779;1-Butanol;Water;313.15;0.484;0.533436108;0.533414625;L2;9.72543967
779;1-Butanol;Water;313.15;0.476114957;0.533436108;0.533414625;L2;11.3679972
779;1-Butanol;Water;313.15;0.484;0.533436108;0.533414625;L2;9.72543967
779;1-Butanol;Water;313.15;0.456103985;0.533436108;0.533414625;L2;15.66184826
779;1-Butanol;Water;313.19004;0.4754;0.533445677;0.533427672;L2;11.52006873
779;1-Butanol;Water;313.2;0.471497243;0.533448055;0.533430917;L2;12.34484447
779;1-Butanol;Water;313.2;0.4696;0.533448055;0.533430917;L2;12.74804309
779;1-Butanol;Water;313.2;0.4754;0.533448055;0.533430917;L2;11.52051445
779;1-Butanol;Water;313.240025;0.471645366;0.533457599;0.533443959;L2;12.31522303
779;1-Butanol;Water;318.1285;0.466;0.53449136;0.534214806;L2;13.71299311
779;1-Butanol;Water;318.15;0.456816633;0.534495333;0.534218079;L2;15.70409294
779;1-Butanol;Water;318.15;0.474;0.534495333;0.534218079;L2;12.01156774
779;1-Butanol;Water;318.15;0.4604;0.534495333;0.534218079;L2;14.92273222
779;1-Butanol;Water;318.15;0.469;0.534495333;0.534218079;L2;13.07202307
779;1-Butanol;Water;318.15;0.4769;0.534495333;0.534218079;L2;11.40161738
779;1-Butanol;Water;318.2;0.465471482;0.534504554;0.534225691;L2;13.82894194
779;1-Butanol;Water;320;0.46132;0.534818698;0.53449971;L2;14.78358613
779;1-Butanol;Water;321.637505;0.4597;0.535074554;0.534748991;L2;15.18319883
779;1-Butanol;Water;321.65;0.4597;0.535076398;0.534750894;L2;15.18354334
779;1-Butanol;Water;322.737175;0.458532331;0.535230518;0.534916397;L2;15.46667252
779;1-Butanol;Water;323.1;0.454257197;0.535279201;0.534971631;L2;16.41249311
779;1-Butanol;Water;323.127;0.48;0.535282769;0.534975741;L2;10.9009043
779;1-Butanol;Water;323.127;0.4562;0.535282769;0.534975741;L2;15.9863837
779;1-Butanol;Water;323.127;0.457;0.535282769;0.534975741;L2;15.8111756
779;1-Butanol;Water;323.137055;0.459967872;0.535284095;0.534977272;L2;15.16409817
779;1-Butanol;Water;323.15;0.448489776;0.535285802;0.534979243;L2;17.69149279
779;1-Butanol;Water;323.15;0.4574;0.535285802;0.534979243;L2;15.72425316
779;1-Butanol;Water;323.15;0.458819017;0.535285802;0.534979243;L2;15.41449793
779;1-Butanol;Water;323.15;0.455677023;0.535285802;0.534979243;L2;16.10165375
779;1-Butanol;Water;323.15;0.477616043;0.535285802;0.534979243;L2;11.39936608
779;1-Butanol;Water;323.15;0.459680341;0.535285802;0.534979243;L2;15.22694761
779;1-Butanol;Water;323.15;0.44;0.535285802;0.534979243;L2;19.60260863
779;1-Butanol;Water;323.2;0.457;0.535292376;0.534986854;L2;15.81297046
779;1-Butanol;Water;328.15;0.469;0.53581551;0.535740406;L2;13.31871363
779;1-Butanol;Water;328.15;0.434;0.53581551;0.535740406;L2;21.07453707
779;1-Butanol;Water;328.15;0.438974942;0.53581551;0.535740406;L2;19.9347573
779;1-Butanol;Water;328.15;0.447;0.53581551;0.535740406;L2;18.12313101
779;1-Butanol;Water;330;0.443779;0.535946953;0.535883293;L2;18.87084964
779;1-Butanol;Water;331.23475;0.4409;0.53601558;0.535875229;L2;19.53451358
779;1-Butanol;Water;331.25;0.4409;0.536016333;0.535875129;L2;19.53465397
779;1-Butanol;Water;331.62445;0.438566587;0.536034089;0.535872684;L2;20.0686106
779;1-Butanol;Water;332.63447;0.436260844;0.536075049;0.535866087;L2;20.60338379
779;1-Butanol;Water;333.1;0.433163497;0.536090535;0.535863047;L2;21.31878071
779;1-Butanol;Water;333.124;0.44;0.536091275;0.53586289;L2;19.75297095
779;1-Butanol;Water;333.124;0.44;0.536091275;0.53586289;L2;19.75297095
779;1-Butanol;Water;333.124;0.4381;0.536091275;0.53586289;L2;20.18572416
779;1-Butanol;Water;333.13437;0.4391;0.536091594;0.535862822;L2;19.95778524
779;1-Butanol;Water;333.13437;0.4347;0.536091594;0.535862822;L2;20.9648892
779;1-Butanol;Water;333.13437;0.4134;0.536091594;0.535862822;L2;25.98893827
779;1-Butanol;Water;333.15;0.437615465;0.536092071;0.53586272;L2;20.29653299
779;1-Butanol;Water;333.15;0.4387;0.536092071;0.53586272;L2;20.04901127
779;1-Butanol;Water;333.23435;0.434911051;0.53609461;0.535862169;L2;20.91691278
779;1-Butanol;Water;340;0.423362;0.536073049;0.535817984;L2;23.60428316
779;1-Butanol;Water;340.15;0.42823362;0.536067602;0.535817004;L2;22.45913888
779;1-Butanol;Water;340.68279;0.4174;0.536046525;0.535813525;L2;25.01759635
779;1-Butanol;Water;340.7;0.4174;0.5360458;0.535813412;L2;25.01746101
779;1-Butanol;Water;342.632205;0.421673117;0.535946648;0.535800793;L2;23.98042094
779;1-Butanol;Water;343.1;0.411538473;0.535917391;0.535797738;L2;26.4077517
779;1-Butanol;Water;343.124;0.419;0.535915834;0.535797581;L2;24.61062035
779;1-Butanol;Water;343.124;0.4152;0.535915834;0.535797581;L2;25.52167916
779;1-Butanol;Water;343.15;0.4189;0.535914142;0.535797411;L2;24.63417383
779;1-Butanol;Water;343.15;0.4165;0.535914142;0.535797411;L2;25.20875047
779;1-Butanol;Water;343.2;0.419;0.535910871;0.535797085;L2;24.6096942
779;1-Butanol;Water;343.331995;0.424283484;0.535902123;0.535796223;L2;23.35497119
779;1-Butanol;Water;348.1235;0.406;0.535475765;0.535295423;L2;27.68024718
779;1-Butanol;Water;348.15;0.408890816;0.535472823;0.535291393;L2;26.97019703
779;1-Butanol;Water;348.56;0.4004;0.535426494;0.535229049;L2;29.05995662
779;1-Butanol;Water;350;0.399771;0.535251748;0.535010082;L2;29.18453097
779;1-Butanol;Water;351.129655;0.3899;0.535101612;0.534838306;L2;31.65663609
779;1-Butanol;Water;351.15;0.3899;0.535098803;0.534835212;L2;31.6561112
779;1-Butanol;Water;353.1;0.387786325;0.534812492;0.534538695;L2;32.14617249
779;1-Butanol;Water;353.123;0.403;0.534808914;0.534535197;L2;28.2972951
779;1-Butanol;Water;353.123;0.389;0.534808914;0.534535197;L2;31.83301693
779;1-Butanol;Water;353.129055;0.3847;0.534807971;0.534534277;L2;32.94439402
779;1-Butanol;Water;353.129055;0.3615;0.534807971;0.534534277;L2;39.16457083
779;1-Butanol;Water;353.15;0.3965;0.534804707;0.534531092;L2;29.92256058
779;1-Butanol;Water;353.15;0.3857;0.534804707;0.534531092;L2;32.68417816
779;1-Butanol;Water;353.229025;0.391717327;0.534792357;0.534519075;L2;31.13380794
779;1-Butanol;Water;360;0.372262;0.533531341;0.533489479;L2;35.99199068
779;1-Butanol;Water;360.22695;0.367;0.533482182;0.533454969;L2;37.4063823
779;1-Butanol;Water;361.02679;0.3598;0.533305491;0.533279875;L2;39.35460918
779;1-Butanol;Water;361.05;0.3598;0.533300284;0.533273234;L2;39.35363278
779;1-Butanol;Water;362.45;0.3673;0.532977596;0.532872683;L2;37.23004369
779;1-Butanol;Water;362.62647;0.358594756;0.532935742;0.532822194;L2;39.62079204
779;1-Butanol;Water;363.123;0.36;0.532816564;0.532680133;L2;39.20731764
779;1-Butanol;Water;363.123;0.36;0.532816564;0.532680133;L2;39.20731764
779;1-Butanol;Water;363.15;0.361;0.532810027;0.532672408;L2;38.92869809
779;1-Butanol;Water;363.15;0.343;0.532810027;0.532672408;L2;44.0434492
779;1-Butanol;Water;363.22635;0.36;0.532791499;0.532650564;L2;39.20261332
779;1-Butanol;Water;363.72625;0.355343137;0.532668973;0.532507538;L2;40.48162614
779;1-Butanol;Water;364.273115;0.3513;0.532532527;0.532351076;L2;41.600342
779;1-Butanol;Water;365.06;0.3497;0.53233178;0.532125942;L2;42.01912982
779;1-Butanol;Water;365.1232;0.354;0.532315432;0.53210786;L2;40.79393174
779;1-Butanol;Water;365.72;0.362207836;0.532159407;0.531937111;L2;38.47249017
779;1-Butanol;Water;365.73;0.362;0.532156767;0.53193425;L2;38.5293909
779;1-Butanol;Water;365.85;0.362;0.532125024;0.531899917;L2;38.52342584
779;1-Butanol;Water;365.873275;0.36;0.532118854;0.531893258;L2;39.07628424
779;1-Butanol;Water;365.92;0.3607;0.532106452;0.53187989;L2;38.87969801
779;1-Butanol;Water;365.92581;0.3533;0.532104909;0.531878227;L2;40.95231132
779;1-Butanol;Water;366.15;0.3535;0.532045142;0.531814085;L2;40.88448543
779;1-Butanol;Water;366.23;0.3666;0.532023714;0.531791196;L2;37.24167273
779;1-Butanol;Water;370;0.339127;0.530953711;0.530712571;L2;44.83001753
779;1-Butanol;Water;371.82463;0.326;0.530393844;0.53019053;L2;48.67224517
779;1-Butanol;Water;372.42451;0.328413811;0.530203845;0.5300189;L2;47.89871132
779;1-Butanol;Water;372.573945;0.3213;0.530156058;0.529976145;L2;50.07961462
779;1-Butanol;Water;373.124;0.329;0.529978598;0.52981877;L2;47.6778874
779;1-Butanol;Water;373.12437;0.3207;0.529978478;0.529818664;L2;50.23302913
779;1-Butanol;Water;373.15;0.320554021;0.529970149;0.529811331;L2;50.27698683
779;1-Butanol;Water;373.15;0.3257;0.529970149;0.529811331;L2;48.68439704
779;1-Butanol;Water;376.15;0.306318268;0.528958632;0.528953009;L2;54.62855762
779;1-Butanol;Water;376.6247;0.3038;0.528791961;0.52876979;L2;55.42254957
779;1-Butanol;Water;377.76;0.3006;0.528385988;0.52830346;L2;56.40465778
779;1-Butanol;Water;378.125;0.305;0.528253289;0.528153535;L2;54.92641055
779;1-Butanol;Water;378.15;0.3078;0.528244161;0.528143266;L2;54.01083813
779;1-Butanol;Water;378.32333;0.296;0.528180739;0.52807207;L2;57.90790798
779;1-Butanol;Water;379.17521;0.29663338;0.527865569;0.527722156;L2;57.6344682
779;1-Butanol;Water;379.22315;0.292;0.527847661;0.527702464;L2;59.20539199
779;1-Butanol;Water;379.22522;0.3;0.527846888;0.527701614;L2;56.50237819
779;1-Butanol;Water;380;0.29645;0.527554941;0.527383369;L2;57.63744425
779;1-Butanol;Water;380.02299;0.290047573;0.527546205;0.527373926;L2;59.81914995
779;1-Butanol;Water;382.92241;0.281367775;0.526411137;0.526182975;L2;62.64199147
779;1-Butanol;Water;383.126;0.2875;0.526328955;0.52609935;L2;60.47035471
779;1-Butanol;Water;383.15;0.2808;0.526319246;0.526089492;L2;62.82652879
779;1-Butanol;Water;383.15;0.279661319;0.526319246;0.526089492;L2;63.2328664
779;1-Butanol;Water;383.32233;0.27;0.526249397;0.526018706;L2;66.73532806
779;1-Butanol;Water;384.02609;0.269;0.525961745;0.525729634;L2;67.05171028
779;1-Butanol;Water;384.3;0.278387807;0.525848742;0.525617124;L2;63.59984788
779;1-Butanol;Water;387.83;0.2489;0.524340312;0.524167159;L2;74.50897138
779;1-Butanol;Water;388.1265;0.24974878;0.52420923;0.524045371;L2;74.14353657
779;1-Butanol;Water;388.15;0.2493;0.524198811;0.524035718;L2;74.32140329
779;1-Butanol;Water;388.276515;0.244;0.524142649;0.523983751;L2;76.45956532
779;1-Butanol;Water;388.32133;0.242;0.524122725;0.523965343;L2;77.27881396
779;1-Butanol;Water;390;0.235047;0.523365322;0.523275822;L2;80.04942376
779;1-Butanol;Water;391.22075;0.233334526;0.522800998;0.522774393;L2;80.67277323
779;1-Butanol;Water;392.1;0.231889009;0.522387483;0.522364101;L2;81.21507701
779;1-Butanol;Water;392.42051;0.212;0.522235261;0.522195008;L2;90.1531903
779;1-Butanol;Water;392.52694;0.2107;0.522184547;0.522138858;L2;90.75857436
779;1-Butanol;Water;392.92041;0.209;0.521996313;0.521931272;L2;91.53262727
779;1-Butanol;Water;392.92041;0.21989985;0.521996313;0.521931272;L2;86.44883093
779;1-Butanol;Water;393.12037;0.2085;0.521900203;0.521825778;L2;91.75373456
779;1-Butanol;Water;393.127;0.218;0.521897011;0.52182228;L2;87.29752081
779;1-Butanol;Water;393.15;0.2059;0.521885935;0.521810146;L2;93.0058435
779;1-Butanol;Water;393.85;0.2001;0.521546939;0.521440842;L2;95.79820369
779;1-Butanol;Water;394.12017;0.195;0.521415107;0.521298306;L2;98.3546917
779;1-Butanol;Water;394.26;0.1972;0.521346659;0.521224535;L2;97.21967507
779;1-Butanol;Water;394.72748;0.1885;0.521116749;0.520977904;L2;101.6876097
779;1-Butanol;Water;395.21995;0.181445283;0.520872768;0.520718088;L2;105.4551667
779;1-Butanol;Water;395.42769;0.195;0.520769298;0.520608489;L2;98.23075788
779;1-Butanol;Water;395.72778;0.183297676;0.520619257;0.520450169;L2;104.3907505
779;1-Butanol;Water;395.81983;0.183237708;0.520573097;0.520401605;L2;104.4146053
779;1-Butanol;Water;396.21975;0.169;0.52037181;0.520190617;L2;112.464486
779;1-Butanol;Water;396.32796;0.1625;0.520317139;0.520133527;L2;116.3760507
779;1-Butanol;Water;396.878125;0.160506305;0.520037821;0.519843273;L2;117.5568317
779;1-Butanol;Water;397.01959;0.165310669;0.519965631;0.519768639;L2;114.593617
779;1-Butanol;Water;397.01959;0.146;0.519965631;0.519768639;L2;127.0156094
779;1-Butanol;Water;397.178215;0.146028208;0.519884506;0.519684953;L2;126.9806874
779;1-Butanol;Water;397.22823;0.1376;0.519858887;0.519658566;L2;132.9206479
779;1-Butanol;Water;397.31953;0.13;0.519812074;0.519610398;L2;138.5932899
779;1-Butanol;Water;397.33;0.1699;0.519806701;0.519604874;L2;111.8246986
779;1-Butanol;Water;397.41951;0.148614395;0.519760738;0.519557651;L2;125.2013588
779;1-Butanol;Water;397.41951;0.123;0.519760738;0.519557651;L2;144.1184231
779;1-Butanol;Water;397.42829;0.1242;0.519756226;0.519553019;L2;143.1466737
779;1-Butanol;Water;397.458299;0.15;0.519740801;0.519537187;L2;124.2694934
779;1-Butanol;Water;397.478305;0.1019;0.519730514;0.519526632;L2;162.9318495
779;1-Butanol;Water;397.51949;0.105;0.519709327;0.519504904;L2;159.9309319
779;1-Butanol;Water;397.51949;0.111;0.519709327;0.519504904;L2;154.3739468
779;1-Butanol;Water;397.51949;0.105;0.519709327;0.519504904;L2;159.9309319
779;1-Butanol;Water;397.51949;0.102;0.519709327;0.519504904;L2;162.8296856
779;1-Butanol;Water;397.52832;0.1068;0.519704783;0.519500245;L2;158.2302999
779;1-Butanol;Water;397.71945;0.133513021;0.519606281;0.51939941;L2;135.8872364
779;1-Butanol;Water;397.788398;0.129888197;0.51957068;0.519363034;L2;138.6328798
779;1-Butanol;Water;397.848416;0.110348356;0.519539661;0.51933137;L2;154.9300918
779;1-Butanol;Water;397.868422;0.104718301;0.519529316;0.519320815;L2;160.1649342
779;1-Butanol;Water;397.878425;0.106262628;0.519524142;0.519315538;L2;158.6999628
779;1-Butanol;Water;398;0.158039;0.519461202;0.519251398;L2;118.9950286
779;1-Butanol;Water;398.1285;0.149;0.519394553;0.519183604;L2;124.8717506
779;1-Butanol;Water;398.22853;0.1062;0.519342585;0.519130831;L2;158.7239643
779;1-Butanol;Water;398.278545;0.106;0.519316573;0.519104444;L2;158.907457
779;1-Butanol;Water;398.6;0.210409943;0.519148942;0.518934852;L2;90.31330836
779;1-Butanol;Water;398.91;0.15;0.518986553;0.518771303;L2;124.1242679
779;1-Butanol;Water;399.1;0.189920778;0.518886669;0.518671063;L2;100.5078467
779;1-Butanol;Water;400.1;0.165031961;0.518356525;0.518143487;L2;114.4524119
779;1-Butanol;Water;400.35;0.1;0.518222823;0.518011592;L2;164.5235123
779;1-Butanol;Water;400.61;0.1098;0.518083279;0.517874422;L2;155.147547
779;1-Butanol;Water;400.61;0.1199;0.518083279;0.517874422;L2;146.3477937
779;1-Butanol;Water;403.1;0.11730412;0.516721442;0.516560756;L2;148.2734054
827;2-Butanone;Water;248.17;0.1561;;;L1;
827;2-Butanone;Water;254.654808;0.1277;;;L1;
827;2-Butanone;Water;261.75912;0.162978793;;;L1;
827;2-Butanone;Water;263.15237;0.1448;;;L1;
827;2-Butanone;Water;264.55688;0.1415;;;L1;
827;2-Butanone;Water;266.38;0.1377;;;L1;
827;2-Butanone;Water;268.6536;0.137532135;;;L1;
827;2-Butanone;Water;269.1532;0.137532135;;;L1;
827;2-Butanone;Water;270.622024;0.1698;;;L1;
827;2-Butanone;Water;272.6504;0.127094877;;;L1;
827;2-Butanone;Water;273.1000159;0.1209;;;L1;
827;2-Butanone;Water;273.1001158;0.1209;;;L1;
827;2-Butanone;Water;273.15;0.1679;;;L1;
827;2-Butanone;Water;273.15;0.127094877;;;L1;
827;2-Butanone;Water;273.15;0.121814834;;;L1;
827;2-Butanone;Water;274.74904;0.0975;;;L1;
827;2-Butanone;Water;278.147;0.115382775;;;L1;
827;2-Butanone;Water;278.1492701;0.1403;;;L1;
827;2-Butanone;Water;280.6455;0.109130089;;;L1;
827;2-Butanone;Water;282.6443;0.106503427;;;L1;
827;2-Butanone;Water;282.75;0.100918023;;;L1;
827;2-Butanone;Water;283.148055;0.1158;;;L1;
827;2-Butanone;Water;283.15;0.079757564;;;L1;
827;2-Butanone;Water;284.1434;0.091376242;;;L1;
827;2-Butanone;Water;284.1434;0.101342625;;;L1;
827;2-Butanone;Water;288.146555;0.1027;;;L1;
827;2-Butanone;Water;288.146555;0.093005425;;;L1;
827;2-Butanone;Water;288.15;0.0915;;;L1;
827;2-Butanone;Water;288.15;0.072732378;;;L1;
827;2-Butanone;Water;288.6407;0.096011154;;;L1;
827;2-Butanone;Water;289.1404;0.096011154;;;L1;
827;2-Butanone;Water;289.146255;0.092189273;;;L1;
827;2-Butanone;Water;290.14597;0.090566314;;;L1;
827;2-Butanone;Water;291.1392;0.090970892;;;L1;
827;2-Butanone;Water;291.14577;0.088554954;;;L1;
827;2-Butanone;Water;291.6389;0.089759472;;;L1;
827;2-Butanone;Water;292.14557;0.086959566;;;L1;
827;2-Butanone;Water;292.45;0.086959566;;;L1;
827;2-Butanone;Water;293.09538;0.063;;;L1;
827;2-Butanone;Water;293.138;0.074;;;L1;
827;2-Butanone;Water;293.138;0.085889488;;;L1;
827;2-Butanone;Water;293.138;0.079160379;;;L1;
827;2-Butanone;Water;293.138;0.079;;;L1;
827;2-Butanone;Water;293.138;0.032343822;;;L1;
827;2-Butanone;Water;293.138;0.068373977;;;L1;
827;2-Butanone;Water;293.14537;0.074618368;;;L1;
827;2-Butanone;Water;293.14537;0.086166392;;;L1;
827;2-Butanone;Water;293.14537;0.093;;;L1;
827;2-Butanone;Water;293.14537;0.074618368;;;L1;
827;2-Butanone;Water;293.15;0.063834131;;;L1;
827;2-Butanone;Water;293.15;0.0793;;;L1;
827;2-Butanone;Water;293.15;0.0885;;;L1;
827;2-Butanone;Water;293.73776;0.0674;;;L1;
827;2-Butanone;Water;297.59448;0.0643;;;L1;
827;2-Butanone;Water;298.136;0.078778016;;;L1;
827;2-Butanone;Water;298.136;0.079045596;;;L1;
827;2-Butanone;Water;298.136;0.078;;;L1;
827;2-Butanone;Water;298.136;0.074618368;;;L1;
827;2-Butanone;Water;298.136;0.0746;;;L1;
827;2-Butanone;Water;298.136;0.0768;;;L1;
827;2-Butanone;Water;298.136;0.074618368;;;L1;
827;2-Butanone;Water;298.136;0.076121209;;;L1;
827;2-Butanone;Water;298.136;0.076121209;;;L1;
827;2-Butanone;Water;298.136;0.0788;;;L1;
827;2-Butanone;Water;298.14437;0.078015414;;;L1;
827;2-Butanone;Water;298.14437;0.07137;;;L1;
827;2-Butanone;Water;298.14437;0.078396362;;;L1;
827;2-Butanone;Water;298.14437;0.0862;;;L1;
827;2-Butanone;Water;298.14437;0.071461202;;;L1;
827;2-Butanone;Water;298.14437;0.079;;;L1;
827;2-Butanone;Water;298.15;0.0774;;;L1;
827;2-Butanone;Water;298.15;0.053215715;;;L1;
827;2-Butanone;Water;298.15;0.0795;;;L1;
827;2-Butanone;Water;298.15;0.079160379;;;L1;
827;2-Butanone;Water;298.15;0.076121209;;;L1;
827;2-Butanone;Water;298.15;0.078;;;L1;
827;2-Butanone;Water;298.19436;0.078396362;;;L1;
827;2-Butanone;Water;298.2;0.078282003;;;L1;
827;2-Butanone;Water;299.83532;0.073126526;;;L1;
827;2-Butanone;Water;300.1352;0.068715802;;;L1;
827;2-Butanone;Water;300.1352;0.060873418;;;L1;
827;2-Butanone;Water;302.14;0.0701;;;L1;
827;2-Butanone;Water;302.85;0.074993042;;;L1;
827;2-Butanone;Water;303.134;0.07338681;;;L1;
827;2-Butanone;Water;303.143055;0.037776214;;;L1;
827;2-Butanone;Water;303.143055;0.077635171;;;L1;
827;2-Butanone;Water;303.15;0.0688;;;L1;
827;2-Butanone;Water;303.15;0.041195767;;;L1;
827;2-Butanone;Water;303.15;0.0691;;;L1;
827;2-Butanone;Water;303.15;0.0561;;;L1;
827;2-Butanone;Water;303.39298;0.07387108;;;L1;
827;2-Butanone;Water;303.6338;0.073126526;;;L1;
827;2-Butanone;Water;307.98206;0.068715802;;;L1;
827;2-Butanone;Water;308.132;0.0571;;;L1;
827;2-Butanone;Water;308.132;0.067266772;;;L1;
827;2-Butanone;Water;308.141555;0.0718;;;L1;
827;2-Butanone;Water;308.141555;0.068;;;L1;
827;2-Butanone;Water;308.15;0.066;;;L1;
827;2-Butanone;Water;308.15;0.0683;;;L1;
827;2-Butanone;Water;308.2;0.067375086;;;L1;
827;2-Butanone;Water;309.09127;0.075368406;;;L1;
827;2-Butanone;Water;310.98086;0.067266772;;;L1;
827;2-Butanone;Water;312.1304;0.064827262;;;L1;
827;2-Butanone;Water;312.6302;0.064827262;;;L1;
827;2-Butanone;Water;312.75;0.065828156;;;L1;
827;2-Butanone;Water;312.89013;0.059133569;;;L1;
827;2-Butanone;Water;313.13;0.059;;;L1;
827;2-Butanone;Water;313.13;0.062628774;;;L1;
827;2-Butanone;Water;313.140055;0.0554;;;L1;
827;2-Butanone;Water;313.140055;0.0554;;;L1;
827;2-Butanone;Water;313.15;0.0641;;;L1;
827;2-Butanone;Water;313.15;0.0648;;;L1;
827;2-Butanone;Water;313.369928;0.058;;;L1;
827;2-Butanone;Water;318.08857;0.0513;;;L1;
827;2-Butanone;Water;318.08857;0.064399844;;;L1;
827;2-Butanone;Water;318.1285;0.062276452;;;L1;
827;2-Butanone;Water;318.138555;0.065;;;L1;
827;2-Butanone;Water;318.138555;0.058;;;L1;
827;2-Butanone;Water;318.15;0.061;;;L1;
827;2-Butanone;Water;318.2;0.060105986;;;L1;
827;2-Butanone;Water;322.85;0.060873418;;;L1;
827;2-Butanone;Water;323.127;0.060873418;;;L1;
827;2-Butanone;Water;323.15;0.0561;;;L1;
827;2-Butanone;Water;323.15;0.0553;;;L1;
827;2-Butanone;Water;323.9868;0.062628774;;;L1;
827;2-Butanone;Water;328.135555;0.0542;;;L1;
827;2-Butanone;Water;328.18554;0.051324274;;;L1;
827;2-Butanone;Water;329.1252;0.054681071;;;L1;
827;2-Butanone;Water;329.48515;0.054681071;;;L1;
827;2-Butanone;Water;330.194879;0.055;;;L1;
827;2-Butanone;Water;330.204956;0.053;;;L1;
827;2-Butanone;Water;333.08438;0.0464;;;L1;
827;2-Butanone;Water;333.124;0.052;;;L1;
827;2-Butanone;Water;333.13437;0.052;;;L1;
827;2-Butanone;Water;333.75;0.051990975;;;L1;
827;2-Butanone;Water;334.29;0.052;;;L1;
827;2-Butanone;Water;335.124;0.054005029;;;L1;
827;2-Butanone;Water;335.324;0.0436;;;L1;
827;2-Butanone;Water;338.124;0.052995375;;;L1;
827;2-Butanone;Water;338.13337;0.0518;;;L1;
827;2-Butanone;Water;340.244;0.048;;;L1;
827;2-Butanone;Water;342.68219;0.048680397;;;L1;
827;2-Butanone;Water;343.124;0.048;;;L1;
827;2-Butanone;Water;343.132055;0.048;;;L1;
827;2-Butanone;Water;343.35;0.052659994;;;L1;
827;2-Butanone;Water;344.1239;0.050659877;;;L1;
827;2-Butanone;Water;346.541032;0.0511;;;L1;
827;2-Butanone;Water;346.73;0.0464;;;L1;
827;2-Butanone;Water;346.903622;0.05;;;L1;
827;2-Butanone;Water;354.17874;0.049337951;;;L1;
827;2-Butanone;Water;356.123;0.050328539;;;L1;
827;2-Butanone;Water;358.123;0.054005029;;;L1;
827;2-Butanone;Water;369.68;0.052;0.144541081;0.144541081;L1;102.2320046
827;2-Butanone;Water;372.42393;0.0467;0.129260108;0.129442735;L1;101.8082554
827;2-Butanone;Water;373.17436;0.05706593;0.126816004;0.127095015;L1;79.8529984
827;2-Butanone;Water;386.1263;0.064827262;0.106524123;0.10653055;L1;49.6645246
827;2-Butanone;Water;386.1263;0.064827262;0.106524123;0.10653055;L1;49.6645246
827;2-Butanone;Water;387.09;0.0598;0.105706912;0.10573357;L1;56.96646269
827;2-Butanone;Water;388.1265;0.062628774;0.104883339;0.104889034;L1;51.56238527
827;2-Butanone;Water;396.09;0.0701;0.100069012;0.100071265;L1;35.59372737
827;2-Butanone;Water;397.02817;0.0571;0.099643166;0.099657063;L1;55.67913512
827;2-Butanone;Water;405.1304;0.096011154;0.096873384;0.096886586;L1;0.894043279
827;2-Butanone;Water;405.1304;0.096011154;0.096873384;0.096886586;L1;0.894043279
827;2-Butanone;Water;405.53048;0.0674;0.096773155;0.096780111;L1;36.17246156
827;2-Butanone;Water;408.55;0.0926;0.096111803;0.096180505;L1;3.722298915
827;2-Butanone;Water;410.1314;0.127094877;0.09582857;0.095866476;L1;28.23730072
827;2-Butanone;Water;410.1314;0.127094877;0.09582857;0.095866476;L1;28.23730072
827;2-Butanone;Water;411.1316;0.137532135;0.095670494;0.095673016;L1;36.29476671
827;2-Butanone;Water;411.1316;0.137532135;0.095670494;0.095673016;L1;36.29476671
827;2-Butanone;Water;413.132;0.103907788;0.095401095;0.095459649;L1;8.541379422
827;2-Butanone;Water;414.95;0.1473;0.095207922;0.095265737;L1;43.64081688
827;2-Butanone;Water;415.07;0.1795;0.095196853;0.095252938;L1;63.42283196
827;2-Butanone;Water;415.43;0.1941;0.095164829;0.09521454;L1;71.27630641
827;2-Butanone;Water;415.73252;0.169719422;0.09513932;0.095182272;L1;57.88042712
827;2-Butanone;Water;415.73252;0.2944;0.09513932;0.095182272;L1;112.9597043
827;2-Butanone;Water;415.73252;0.169719422;0.09513932;0.095182272;L1;57.88042712
827;2-Butanone;Water;418.23302;0.0975;0.09497634;0.095014772;L1;2.622457444
827;2-Butanone;Water;418.93316;0.203;0.094945603;0.094997332;L1;75.99018551
827;2-Butanone;Water;424.03436;0.1561;0.094907526;0.094935048;L1;49.75938231
827;2-Butanone;Water;254.1652;0.6781;;;L2;
827;2-Butanone;Water;254.654808;0.6243;;;L2;
827;2-Butanone;Water;259.63;0.5963;;;L2;
827;2-Butanone;Water;261.75912;0.621623156;;;L2;
827;2-Butanone;Water;263.05239;0.5937;;;L2;
827;2-Butanone;Water;264.55688;0.6235;;;L2;
827;2-Butanone;Water;266.2;0.6241;;;L2;
827;2-Butanone;Water;270.622024;0.6035;;;L2;
827;2-Butanone;Water;270.652;0.515436286;;;L2;
827;2-Butanone;Water;271.1516;0.515436286;;;L2;
827;2-Butanone;Water;273.1000159;0.6216;;;L2;
827;2-Butanone;Water;273.15;0.6429;;;L2;
827;2-Butanone;Water;273.15;0.671295479;;;L2;
827;2-Butanone;Water;273.68;0.6378;;;L2;
827;2-Butanone;Water;275.6485;0.565221279;;;L2;
827;2-Butanone;Water;275.88;0.6404;;;L2;
827;2-Butanone;Water;276.1482;0.565221279;;;L2;
827;2-Butanone;Water;278.147;0.625746598;;;L2;
827;2-Butanone;Water;278.1492701;0.6631;;;L2;
827;2-Butanone;Water;280.6455;0.593723121;;;L2;
827;2-Butanone;Water;282.6443;0.587955386;;;L2;
827;2-Butanone;Water;282.75;0.666771874;;;L2;
827;2-Butanone;Water;283.148055;0.667;;;L2;
827;2-Butanone;Water;284.1434;0.669028572;;;L2;
827;2-Butanone;Water;288.146555;0.646909905;;;L2;
827;2-Butanone;Water;288.146555;0.6608;;;L2;
827;2-Butanone;Water;288.15;0.662;;;L2;
827;2-Butanone;Water;289.146255;0.651255176;;;L2;
827;2-Butanone;Water;290.14597;0.651255176;;;L2;
827;2-Butanone;Water;291.1392;0.69454172;;;L2;
827;2-Butanone;Water;291.14577;0.651255176;;;L2;
827;2-Butanone;Water;291.6389;0.63833345;;;L2;
827;2-Butanone;Water;292.14557;0.651255176;;;L2;
827;2-Butanone;Water;292.45;0.664525318;;;L2;
827;2-Butanone;Water;293.09538;0.6922;;;L2;
827;2-Butanone;Water;293.138;0.63;;;L2;
827;2-Butanone;Water;293.138;0.655859378;;;L2;
827;2-Butanone;Water;293.138;0.594102746;;;L2;
827;2-Butanone;Water;293.138;0.694;;;L2;
827;2-Butanone;Water;293.14537;0.6612;;;L2;
827;2-Butanone;Water;293.14537;0.651255176;;;L2;
827;2-Butanone;Water;293.14537;0.631998984;;;L2;
827;2-Butanone;Water;293.15;0.662657404;;;L2;
827;2-Butanone;Water;293.15;0.6517;;;L2;
827;2-Butanone;Water;293.15;0.6791;;;L2;
827;2-Butanone;Water;297.59448;0.6814;;;L2;
827;2-Butanone;Water;298.136;0.634101273;;;L2;
827;2-Butanone;Water;298.136;0.61;;;L2;
827;2-Butanone;Water;298.136;0.69;;;L2;
827;2-Butanone;Water;298.136;0.655639154;;;L2;
827;2-Butanone;Water;298.136;0.643;;;L2;
827;2-Butanone;Water;298.136;0.692168783;;;L2;
827;2-Butanone;Water;298.136;0.692;;;L2;
827;2-Butanone;Water;298.136;0.692168783;;;L2;
827;2-Butanone;Water;298.136;0.636;;;L2;
827;2-Butanone;Water;298.136;0.653004093;;;L2;
827;2-Butanone;Water;298.136;0.68;;;L2;
827;2-Butanone;Water;298.14437;0.636212742;;;L2;
827;2-Butanone;Water;298.14437;0.657;;;L2;
827;2-Butanone;Water;298.14437;0.649077734;;;L2;
827;2-Butanone;Water;298.14437;0.674257838;;;L2;
827;2-Butanone;Water;298.14437;0.665;;;L2;
827;2-Butanone;Water;298.14437;0.6571;;;L2;
827;2-Butanone;Water;298.14437;0.687455636;;;L2;
827;2-Butanone;Water;298.15;0.651255176;;;L2;
827;2-Butanone;Water;298.15;0.6836;;;L2;
827;2-Butanone;Water;298.15;0.658;;;L2;
827;2-Butanone;Water;298.15;0.65784582;;;L2;
827;2-Butanone;Water;298.15;0.670020876;;;L2;
827;2-Butanone;Water;298.15;0.657;;;L2;
827;2-Butanone;Water;298.19436;0.673572667;;;L2;
827;2-Butanone;Water;298.2;0.658288336;;;L2;
827;2-Butanone;Water;298.21;0.6419;;;L2;
827;2-Butanone;Water;299.83532;0.636212742;;;L2;
827;2-Butanone;Water;300.1352;0.65784582;;;L2;
827;2-Butanone;Water;302.85;0.662288835;;;L2;
827;2-Butanone;Water;303.134;0.650165249;;;L2;
827;2-Butanone;Water;303.143055;0.707060223;;;L2;
827;2-Butanone;Water;303.143055;0.625746598;;;L2;
827;2-Butanone;Water;303.15;0.6727;;;L2;
827;2-Butanone;Water;303.15;0.6618;;;L2;
827;2-Butanone;Water;303.39298;0.699320701;;;L2;
827;2-Butanone;Water;303.6338;0.72642052;;;L2;
827;2-Butanone;Water;307.98206;0.625746598;;;L2;
827;2-Butanone;Water;308.132;0.721387958;;;L2;
827;2-Butanone;Water;308.141555;0.652;;;L2;
827;2-Butanone;Water;308.141555;0.6419;;;L2;
827;2-Butanone;Water;308.15;0.651;;;L2;
827;2-Butanone;Water;308.15;0.647;;;L2;
827;2-Butanone;Water;308.2;0.649295045;;;L2;
827;2-Butanone;Water;309.09127;0.680466611;;;L2;
827;2-Butanone;Water;310.98086;0.636212742;;;L2;
827;2-Butanone;Water;312.75;0.653442294;;;L2;
827;2-Butanone;Water;312.89013;0.655639154;;;L2;
827;2-Butanone;Water;313.13;0.636;;;L2;
827;2-Butanone;Water;313.13;0.716402981;;;L2;
827;2-Butanone;Water;313.140055;0.6601;;;L2;
827;2-Butanone;Water;313.15;0.6602;;;L2;
827;2-Butanone;Water;313.15;0.678;;;L2;
827;2-Butanone;Water;313.369928;0.639;;;L2;
827;2-Butanone;Water;314.82;0.6277;;;L2;
827;2-Butanone;Water;316.92886;0.7139;;;L2;
827;2-Butanone;Water;318.08857;0.6736;;;L2;
827;2-Butanone;Water;318.08857;0.65784582;;;L2;
827;2-Butanone;Water;318.1285;0.682785625;;;L2;
827;2-Butanone;Water;318.138555;0.642;;;L2;
827;2-Butanone;Water;318.138555;0.6214;;;L2;
827;2-Butanone;Water;318.15;0.643;;;L2;
827;2-Butanone;Water;318.2;0.642817284;;;L2;
827;2-Butanone;Water;322.85;0.649077734;;;L2;
827;2-Butanone;Water;323.127;0.627821705;;;L2;
827;2-Butanone;Water;323.15;0.619;;;L2;
827;2-Butanone;Water;323.9868;0.671295479;;;L2;
827;2-Butanone;Water;328.135555;0.6075;;;L2;
827;2-Butanone;Water;328.18554;0.64260283;;;L2;
827;2-Butanone;Water;329.1252;0.675860204;;;L2;
827;2-Butanone;Water;329.48515;0.666771874;;;L2;
827;2-Butanone;Water;330.194879;0.635;;;L2;
827;2-Butanone;Water;330.204956;0.65;;;L2;
827;2-Butanone;Water;332.23;0.6021;;;L2;
827;2-Butanone;Water;333.08438;0.6469;;;L2;
827;2-Butanone;Water;333.124;0.651;;;L2;
827;2-Butanone;Water;333.13437;0.651;;;L2;
827;2-Butanone;Water;333.74;0.6025;;;L2;
827;2-Butanone;Water;333.75;0.617535029;;;L2;
827;2-Butanone;Water;335.124;0.662288835;;;L2;
827;2-Butanone;Water;338.124;0.601526755;;;L2;
827;2-Butanone;Water;338.13337;0.589;;;L2;
827;2-Butanone;Water;339.09;0.5867;;;L2;
827;2-Butanone;Water;340.244;0.632;;;L2;
827;2-Butanone;Water;342.68219;0.615504068;;;L2;
827;2-Butanone;Water;343.124;0.632;;;L2;
827;2-Butanone;Water;343.132055;0.632;;;L2;
827;2-Butanone;Water;343.35;0.61146807;;;L2;
827;2-Butanone;Water;344.1239;0.655639154;;;L2;
827;2-Butanone;Water;346.541032;0.5801;;;L2;
827;2-Butanone;Water;346.72364;0.587001069;;;L2;
827;2-Butanone;Water;346.73;0.5839;;;L2;
827;2-Butanone;Water;346.903622;0.613;;;L2;
827;2-Butanone;Water;351.62315;0.6056;;;L2;
827;2-Butanone;Water;354.123;0.565221279;;;L2;
827;2-Butanone;Water;354.123;0.565221279;;;L2;
827;2-Butanone;Water;354.17874;0.571075031;;;L2;
827;2-Butanone;Water;356.123;0.567407532;;;L2;
827;2-Butanone;Water;358.123;0.565584917;;;L2;
827;2-Butanone;Water;360.35;0.5374;;;L2;
827;2-Butanone;Water;364.31;0.5231;;;L2;
827;2-Butanone;Water;366.1233;0.515436286;;;L2;
827;2-Butanone;Water;366.1233;0.515436286;;;L2;
827;2-Butanone;Water;373.17436;0.48299701;0.198050874;0.197799993;L2;89.14865278
827;2-Butanone;Water;374.2;0.49;0.203401652;0.2033469;L2;87.92227846
827;2-Butanone;Water;379.83;0.4577;0.226955816;0.22692937;L2;70.14585903
827;2-Butanone;Water;385.72626;0.4934;0.245806461;0.245781216;L2;69.67757211
827;2-Butanone;Water;388.1265;0.454061638;0.252367952;0.252357753;L2;58.73448061
827;2-Butanone;Water;395.1276;0.321049748;0.268684389;0.268649642;L2;17.80586737
827;2-Butanone;Water;395.1276;0.321049748;0.268684389;0.268649642;L2;17.80586737
827;2-Butanone;Water;399.92904;0.4221;0.277824457;0.27781974;L2;41.82527893
827;2-Butanone;Water;401.91;0.3575;0.281171581;0.280979172;L2;24.01702721
827;2-Butanone;Water;410.05;0.3016;0.292615629;0.292494844;L2;3.024173375
827;2-Butanone;Water;413.132;0.270950059;0.296064912;0.295880879;L2;8.864420728
827;2-Butanone;Water;413.6;0.2457;0.296549365;0.296351241;L2;18.81024181
864;Chloroform;Water;273.15;0.001552818;0.000348488;0.000351804;L1;149.422392
864;Chloroform;Water;273.15;0.001617339;0.000348488;0.000351804;L1;153.4934781
864;Chloroform;Water;273.15;0.001491412;0.000348488;0.000351804;L1;145.3875897
864;Chloroform;Water;273.15;0.00148;0.000348488;0.000351804;L1;144.6194663
864;Chloroform;Water;273.15;0.001552818;0.000348488;0.000351804;L1;149.422392
864;Chloroform;Water;282.65;0.001414714;0.000373602;0.000376195;L1;133.1490572
864;Chloroform;Water;283.1;0.001255491;0.000374861;0.00037735;L1;120.8725815
864;Chloroform;Water;283.144;0.001361064;0.000374985;0.000377463;L1;128.9136599
864;Chloroform;Water;283.144;0.001384053;0.000374985;0.000377463;L1;130.5886003
864;Chloroform;Water;283.15;0.0006;0.000375002;0.000377479;L1;46.99993287
864;Chloroform;Water;288.141;0.001282822;0.000389398;0.000390293;L1;119.2214856
864;Chloroform;Water;292.75;0.001246209;0.000403394;0.00040472;L1;112.7947312
864;Chloroform;Water;293.138;0.001132687;0.000404603;0.000406078;L1;102.9440577
864;Chloroform;Water;293.138;0.00123;0.000404603;0.000406078;L1;111.186206
864;Chloroform;Water;293.138;0.001246209;0.000404603;0.000406078;L1;112.4954034
864;Chloroform;Water;293.138;0.00124927;0.000404603;0.000406078;L1;112.7407272
864;Chloroform;Water;293.138;0.001811202;0.000404603;0.000406078;L1;149.8838604
864;Chloroform;Water;293.138;0.001791564;0.000404603;0.000406078;L1;148.7936872
864;Chloroform;Water;293.138;0.001246209;0.000404603;0.000406078;L1;112.4954034
864;Chloroform;Water;293.14537;0.0009604;0.000404626;0.000406104;L1;86.438559
864;Chloroform;Water;293.14537;0.00118;0.000404626;0.000406104;L1;107.0305443
864;Chloroform;Water;293.14537;0.001419;0.000404626;0.000406104;L1;125.4743403
864;Chloroform;Water;293.14537;0.001120592;0.000404626;0.000406104;L1;101.8648122
864;Chloroform;Water;293.14537;0.001236003;0.000404626;0.000406104;L1;111.6673791
864;Chloroform;Water;293.14537;0.001014102;0.000404626;0.000406104;L1;91.87944965
864;Chloroform;Water;293.14537;0.001238428;0.000404626;0.000406104;L1;111.8633838
864;Chloroform;Water;293.14537;0.0013;0.000404626;0.000406104;L1;116.7155269
864;Chloroform;Water;293.14537;0.001246209;0.000404626;0.000406104;L1;112.4897148
864;Chloroform;Water;293.15;0.001241496;0.000404641;0.00040612;L1;112.1072371
864;Chloroform;Water;293.15;0.001167728;0.000404641;0.00040612;L1;105.9815247
864;Chloroform;Water;293.15;0.0011;0.000404641;0.00040612;L1;100.0065447
864;Chloroform;Water;293.15;0.0011;0.000404641;0.00040612;L1;100.0065447
864;Chloroform;Water;293.15;0.001243035;0.000404641;0.00040612;L1;112.2311237
864;Chloroform;Water;293.6378;0.001062747;0.000406168;0.000407828;L1;96.18447224
864;Chloroform;Water;295.1372;0.000942095;0.000410911;0.000413078;L1;82.97283594
864;Chloroform;Water;297.9944;0.0005;0.000420152;0.000423083;L1;17.39903603
864;Chloroform;Water;298.136;0.001215606;0.000420617;0.000423579;L1;106.1274288
864;Chloroform;Water;298.136;0.001200308;0.000420617;0.000423579;L1;104.8609761
864;Chloroform;Water;298.136;0.001368727;0.000420617;0.000423579;L1;117.9912681
864;Chloroform;Water;298.136;0.0012;0.000420617;0.000423579;L1;104.8353127
864;Chloroform;Water;298.14437;0.001814263;0.000420645;0.000423608;L1;146.164551
864;Chloroform;Water;298.14437;0.00130281;0.000420645;0.000423608;L1;113.0489656
864;Chloroform;Water;298.14437;0.001099947;0.000420645;0.000423608;L1;96.12281824
864;Chloroform;Water;298.14437;0.001207957;0.000420645;0.000423608;L1;105.4896688
864;Chloroform;Water;298.14437;0.001047475;0.000420645;0.000423608;L1;91.23486918
864;Chloroform;Water;298.15;0.001129972;0.000420663;0.000423628;L1;98.81150581
864;Chloroform;Water;298.15;0.001119466;0.000420663;0.000423628;L1;97.87739903
864;Chloroform;Water;298.15;0.00164094;0.000420663;0.000423628;L1;136.1191453
864;Chloroform;Water;298.15;0.0014;0.000420663;0.000423628;L1;120.2394441
864;Chloroform;Water;298.19436;0.0012;0.000420809;0.000423783;L1;104.789721
864;Chloroform;Water;298.19436;0.00125;0.000420809;0.000423783;L1;108.8719205
864;Chloroform;Water;298.2;0.000894903;0.000420828;0.000423803;L1;75.44916429
864;Chloroform;Water;298.2;0.001123859;0.000420828;0.000423803;L1;98.22998881
864;Chloroform;Water;302.65;0.001200308;0.000435787;0.000439385;L1;101.3180697
864;Chloroform;Water;303.134;0.00116;0.000437453;0.000441079;L1;97.52049737
864;Chloroform;Water;303.134;0.001801213;0.000437453;0.000441079;L1;141.5245295
864;Chloroform;Water;303.134;0.001178896;0.000437453;0.000441079;L1;99.13633759
864;Chloroform;Water;303.134;0.001162416;0.000437453;0.000441079;L1;97.72855663
864;Chloroform;Water;303.134;0.001162416;0.000437453;0.000441079;L1;97.72855663
864;Chloroform;Water;303.134;0.001169721;0.000437453;0.000441079;L1;98.35502274
864;Chloroform;Water;303.15;0.0022;0.000437509;0.000441135;L1;161.511607
864;Chloroform;Water;303.15;0.001139838;0.000437509;0.000441135;L1;95.75448572
864;Chloroform;Water;308.141555;0.001138543;0.000455164;0.000458613;L1;91.68467491
864;Chloroform;Water;308.15;0.001199882;0.000455195;0.000458643;L1;96.92533859
864;Chloroform;Water;308.2;0.000696948;0.000455376;0.000458818;L1;42.5587763
864;Chloroform;Water;308.2;0.000773032;0.000455376;0.000458818;L1;52.91974054
864;Chloroform;Water;312.45;0.001123859;0.000471092;0.000473699;L1;86.9470306
864;Chloroform;Water;313.13;0.001123859;0.000473665;0.00047608;L1;86.40230951
864;Chloroform;Water;313.15;0.003;0.000473741;0.00047615;L1;184.57068
864;Chloroform;Water;313.15;0.00112702;0.000473741;0.00047615;L1;86.66714929
864;Chloroform;Water;315.1294;0.001078021;0.000481326;0.000483081;L1;80.63384221
864;Chloroform;Water;322.35;0.001169721;0.000510187;0.000511075;L1;82.97435012
864;Chloroform;Water;323.127;0.001154431;0.000513406;0.000514677;L1;81.02954525
864;Chloroform;Water;323.137055;0.001185013;0.000513448;0.000514724;L1;83.63601859
864;Chloroform;Water;323.137055;0.001115727;0.000513448;0.000514724;L1;77.61126513
864;Chloroform;Water;323.15;0.001178715;0.000513502;0.000514784;L1;83.09264678
864;Chloroform;Water;323.15;0.0039;0.000513502;0.000514784;L1;202.7478159
864;Chloroform;Water;332.35;0.001200308;0.00055336;0.000557436;L1;77.43242652
864;Chloroform;Water;333.124;0.001139144;0.000556862;0.000561025;L1;71.57147514
864;Chloroform;Water;272.1508;0.999087546;0.999979719;0.999976641;L2;0.089258932
864;Chloroform;Water;273.15;0.993410981;0.999978901;0.999975708;L2;0.658972291
864;Chloroform;Water;273.15;0.99648;0.999978901;0.999975708;L2;0.350511027
864;Chloroform;Water;273.15;0.997586434;0.999978901;0.999975708;L2;0.239538384
864;Chloroform;Water;276.34808;0.998710981;0.999976089;0.999972722;L2;0.126593925
864;Chloroform;Water;282.65;0.996518374;0.999969602;0.999966838;L2;0.345730279
864;Chloroform;Water;283.15;0.9922;0.999969029;0.999966371;L2;0.779960755
864;Chloroform;Water;284.44322;0.997188315;0.999967503;0.999965164;L2;0.278314766
864;Chloroform;Water;290.1398;0.995986499;0.999959995;0.999959624;L2;0.398157097
864;Chloroform;Water;292.75;0.995636383;0.999956091;0.999953705;L2;0.432925524
864;Chloroform;Water;293.138;0.995379932;0.999955484;0.999952826;L2;0.458625627
864;Chloroform;Water;293.138;0.995840307;0.999955484;0.999952826;L2;0.412385136
864;Chloroform;Water;293.138;0.991171791;0.999955484;0.999952826;L2;0.882289128
864;Chloroform;Water;293.14537;0.99472288;0.999955472;0.999952809;L2;0.524656435
864;Chloroform;Water;293.14537;0.994712646;0.999955472;0.999952809;L2;0.525685269
864;Chloroform;Water;293.15;0.9908;0.999955465;0.999952798;L2;0.919804525
864;Chloroform;Water;293.15;0.9907;0.999955465;0.999952798;L2;0.929897888
864;Chloroform;Water;294.93728;0.995727028;0.999952575;0.999948745;L2;0.423470067
864;Chloroform;Water;295.1372;0.993275521;0.999952242;0.999948292;L2;0.669943062
864;Chloroform;Water;296.1368;0.995276457;0.999950547;0.999946025;L2;0.468527978
864;Chloroform;Water;297.6362;0.994466829;0.999947909;0.999942625;L2;0.549644356
864;Chloroform;Water;297.65;0.987;0.999947884;0.999942594;L2;1.30331226
864;Chloroform;Water;297.9944;0.9957;0.999947262;0.999941813;L2;0.425653198
864;Chloroform;Water;297.9944;0.9943;0.999947262;0.999941813;L2;0.566356739
864;Chloroform;Water;298.136;0.99359;0.999947004;0.999941492;L2;0.637763483
864;Chloroform;Water;298.136;0.995;0.999947004;0.999941492;L2;0.495954439
864;Chloroform;Water;298.136;0.99472288;0.999947004;0.999941492;L2;0.523809574
864;Chloroform;Water;298.136;0.993607579;0.999947004;0.999941492;L2;0.635994258
864;Chloroform;Water;298.136;0.99361374;0.999947004;0.999941492;L2;0.635374196
864;Chloroform;Water;298.136;0.994208529;0.999947004;0.999941492;L2;0.575530917
864;Chloroform;Water;298.136;0.99377;0.999947004;0.999941492;L2;0.619648999
864;Chloroform;Water;298.14437;0.99472288;0.999946989;0.999941473;L2;0.523808047
864;Chloroform;Water;298.14437;0.993322857;0.999946989;0.999941473;L2;0.664652214
864;Chloroform;Water;298.14437;0.995379932;0.999946989;0.999941473;L2;0.457776079
864;Chloroform;Water;298.15;0.993666571;0.999946978;0.99994146;L2;0.630054726
864;Chloroform;Water;298.15;0.9891;0.999946978;0.99994146;L2;1.090681725
864;Chloroform;Water;298.2;0.99472288;0.999946887;0.999941347;L2;0.523797886
864;Chloroform;Water;298.2;0.998676272;0.999946887;0.999941347;L2;0.127149058
864;Chloroform;Water;299.83532;0.992959057;0.999943826;0.999937638;L2;0.700967159
864;Chloroform;Water;300.93488;0.992370114;0.999941685;0.999935145;L2;0.76008253
864;Chloroform;Water;302.65;0.994453701;0.999938207;0.999931256;L2;0.549994178
864;Chloroform;Water;303.134;0.993410981;0.999937194;0.999930158;L2;0.654801481
864;Chloroform;Water;303.134;0.9925;0.999937194;0.999930158;L2;0.746545881
864;Chloroform;Water;303.15;0.987;0.999937161;0.999930122;L2;1.302239823
864;Chloroform;Water;304.1336;0.99342537;0.999935059;0.999927891;L2;0.653139479
864;Chloroform;Water;308.141555;0.990912689;0.99992587;0.999918803;L2;0.905471924
864;Chloroform;Water;308.2;0.994066563;0.999925728;0.99991867;L2;0.587683483
864;Chloroform;Water;308.2;0.993410981;0.999925728;0.99991867;L2;0.653654747
864;Chloroform;Water;312.45;0.992703776;0.999914792;0.999909033;L2;0.723776038
864;Chloroform;Water;313.13;0.991122208;0.999912923;0.999907491;L2;0.883035359
864;Chloroform;Water;313.15;0.9845;0.999912867;0.999907445;L2;1.553424459
864;Chloroform;Water;316.1291;0.990543079;0.999904261;0.99990069;L2;0.940617826
864;Chloroform;Water;318.42841;0.992240809;0.999897141;0.999895476;L2;0.768658543
864;Chloroform;Water;322.35;0.991102629;0.999883972;0.999880288;L2;0.882115396
864;Chloroform;Water;323.137055;0.988842364;0.999881166;0.999876429;L2;1.110150792
864;Chloroform;Water;323.15;0.9817;0.999881119;0.999876365;L2;1.835062823
864;Chloroform;Water;326.72592;0.989185191;0.99986764;0.999858833;L2;1.074134515
864;Chloroform;Water;332.35;0.989024424;0.99984387;0.999831258;L2;1.088010994
864;Chloroform;Water;333.124;0.988842364;0.999840337;0.999827463;L2;1.106067338
899;3-Methylphenol;Water;273.15;0.003;0.003217548;0.003226753;L1;7.000721722
899;3-Methylphenol;Water;273.34988;0.003802596;0.003220857;0.00323009;L1;16.60365335
899;3-Methylphenol;Water;293.138;0.0035;0.003578116;0.003587021;L1;2.207353475
899;3-Methylphenol;Water;293.138;0.003698856;0.003578116;0.003587021;L1;3.318707941
899;3-Methylphenol;Water;293.4953;0.00396;0.003585114;0.003594164;L1;9.945379091
899;3-Methylphenol;Water;297.83612;0.004010393;0.003671708;0.003680945;L1;8.823236058
899;3-Methylphenol;Water;298.15;0.004031196;0.003678083;0.00368722;L1;9.167136861
899;3-Methylphenol;Water;298.15;0.0041;0.003678083;0.00368722;L1;10.85952362
899;3-Methylphenol;Water;298.15;0.003329521;0.003678083;0.00368722;L1;9.956328772
899;3-Methylphenol;Water;303.134;0.004010393;0.003781396;0.00378686;L1;5.879595375
899;3-Methylphenol;Water;303.15;0.0042;0.003781734;0.00378718;L1;10.49018553
899;3-Methylphenol;Water;308.15;0.0044;0.003889372;0.003891737;L1;12.33567312
899;3-Methylphenol;Water;313.13;0.004;0.004000619;0.004008807;L1;0.015484043
899;3-Methylphenol;Water;313.15;0.0044;0.004001074;0.004009277;L1;9.50416102
899;3-Methylphenol;Water;313.19004;0.00423;0.004001986;0.004010219;L1;5.541136556
899;3-Methylphenol;Water;318.15;0.0046;0.004116924;0.004126818;L1;11.09499555
899;3-Methylphenol;Water;320.1279;0.004531747;0.004163917;0.004173315;L1;8.465129004
899;3-Methylphenol;Water;323.15;0.004636337;0.004237014;0.004244359;L1;9.006595524
899;3-Methylphenol;Water;323.15;0.0049;0.004237014;0.004244359;L1;14.53765455
899;3-Methylphenol;Water;331.58468;0.00503;0.004449483;0.004454674;L1;12.2632127
899;3-Methylphenol;Water;333.124;0.005;0.00448963;0.004496854;L1;10.76675088
899;3-Methylphenol;Water;333.2;0.00509;0.004491624;0.004498937;L1;12.50635349
899;3-Methylphenol;Water;335.024;0.005178433;0.004539781;0.004548918;L1;13.1623713
899;3-Methylphenol;Water;343.2;0.00617;0.004763251;0.004772955;L1;25.87684478
899;3-Methylphenol;Water;347.62355;0.006076547;0.004889477;0.004894169;L1;21.73511651
899;3-Methylphenol;Water;349.05;0.008479595;0.004930998;0.004933256;L1;54.2121198
899;3-Methylphenol;Water;350.37988;0.00622;0.004970072;0.004971356;L1;22.43355462
899;3-Methylphenol;Water;353.123;0.007;0.005051789;0.005058176;L1;32.61677471
899;3-Methylphenol;Water;360.623;0.007322139;0.005283084;0.005295554;L1;32.63925001
899;3-Methylphenol;Water;361.85;0.009980498;0.005322046;0.005334389;L1;62.87752623
899;3-Methylphenol;Water;365.72326;0.007986629;0.005447156;0.005456979;L1;38.26750925
899;3-Methylphenol;Water;371.27474;0.00829;0.005632213;0.005632685;L1;38.65476122
899;3-Methylphenol;Water;371.65;0.010717041;0.00564497;0.005646306;L1;64.10701472
899;3-Methylphenol;Water;373.124;0.009;0.005695392;0.005699994;L1;45.75671903
899;3-Methylphenol;Water;378.22502;0.009914116;0.005873744;0.005885792;L1;52.34672845
899;3-Methylphenol;Water;390.02669;0.011616239;0.006310235;0.006315653;L1;61.02311828
899;3-Methylphenol;Water;392.87042;0.013;0.006420601;0.006422101;L1;70.54375825
899;3-Methylphenol;Water;393.127;0.016;0.006430662;0.006432841;L1;91.15112991
899;3-Methylphenol;Water;403.13;0.02;0.006836445;0.00685154;L1;107.3464389
899;3-Methylphenol;Water;412.06658;0.0239;0.007222311;0.007225601;L1;119.6703408
899;3-Methylphenol;Water;412.53188;0.022191611;0.007243032;0.007245077;L1;111.967446
899;3-Methylphenol;Water;413.132;0.029;0.00726985;0.007270225;L1;138.35602
899;3-Methylphenol;Water;415.1324;0.032;0.007360014;0.007366053;L1;146.9674131
899;3-Methylphenol;Water;416.23262;0.030136077;0.007410113;0.007418758;L1;140.2877337
899;3-Methylphenol;Water;417.1328;0.037;0.007451375;0.007461881;L1;160.2519372
899;3-Methylphenol;Water;419.1332;0.045;0.00754395;0.007557709;L1;178.5916628
899;3-Methylphenol;Water;419.93336;0.039838392;0.007581323;0.00759604;L1;165.9143345
899;3-Methylphenol;Water;420.03338;0.073940929;0.007586009;0.007600831;L1;227.6960941
899;3-Methylphenol;Water;420.1334;0.056;0.007590697;0.007605623;L1;199.8428236
899;3-Methylphenol;Water;420.1334;0.082550626;0.007590697;0.007605623;L1;238.6488299
899;3-Methylphenol;Water;420.23342;0.054402156;0.007595389;0.007610414;L1;196.8862428
899;3-Methylphenol;Water;273.15;0.56;0.729592111;0.729297583;L2;26.45488423
899;3-Methylphenol;Water;286.34208;0.540168906;0.728588995;0.728538445;L2;29.92279003
899;3-Methylphenol;Water;293.138;0.533;0.727775894;0.727563351;L2;31.1471739
899;3-Methylphenol;Water;293.43788;0.528261081;0.727735738;0.727520324;L2;32.03473525
899;3-Methylphenol;Water;298.15;0.515661413;0.727059317;0.726844219;L2;34.35576916
899;3-Methylphenol;Water;298.15;0.5184;0.727059317;0.726844219;L2;33.82609203
899;3-Methylphenol;Water;298.15;0.5209;0.727059317;0.726844219;L2;33.34499806
899;3-Methylphenol;Water;303.134;0.524303612;0.726254015;0.726129104;L2;32.58289083
899;3-Methylphenol;Water;303.15;0.5087;0.726251286;0.726126808;L2;35.60376272
899;3-Methylphenol;Water;307.6322;0.502666231;0.725451486;0.72542445;L2;36.68678067
899;3-Methylphenol;Water;308.15;0.4998;0.725354634;0.72531131;L2;37.24526667
899;3-Methylphenol;Water;308.15;0.5004;0.725354634;0.72531131;L2;37.12529065
899;3-Methylphenol;Water;313.13;0.497153416;0.724377341;0.724223177;L2;37.64137826
899;3-Methylphenol;Water;313.13;0.507;0.724377341;0.724223177;L2;35.68014416
899;3-Methylphenol;Water;313.15;0.4859;0.724373251;0.724218807;L2;39.9303958
899;3-Methylphenol;Water;313.15;0.4919;0.724373251;0.724218807;L2;38.70313556
899;3-Methylphenol;Water;318.15;0.4692;0.723310541;0.723126303;L2;43.28095302
899;3-Methylphenol;Water;318.15;0.4826;0.723310541;0.723126303;L2;40.46504938
899;3-Methylphenol;Water;319.62805;0.481509078;0.722981264;0.722803348;L2;40.64582224
899;3-Methylphenol;Water;323.15;0.4573;0.722169468;0.722033799;L2;45.69202011
899;3-Methylphenol;Water;323.15;0.4742;0.722169468;0.722033799;L2;42.06306581
899;3-Methylphenol;Water;323.15;0.474231415;0.722169468;0.722033799;L2;42.05644119
899;3-Methylphenol;Water;330.22487;0.461042107;0.720425927;0.720377546;L2;44.63532255
899;3-Methylphenol;Water;333.124;0.483;0.719669074;0.719559123;L2;39.87748338
899;3-Methylphenol;Water;333.15;0.4555;0.719662177;0.719551783;L2;45.73861869
899;3-Methylphenol;Water;333.2;0.469;0.719648908;0.719537668;L2;42.81606969
899;3-Methylphenol;Water;340.824;0.441597187;0.717542785;0.717385416;L2;48.5434452
899;3-Methylphenol;Water;343.2;0.4509;0.716853254;0.716714673;L2;46.36255675
899;3-Methylphenol;Water;343.62395;0.4368289;0.716728586;0.716594992;L2;49.51556427
899;3-Methylphenol;Water;353.123;0.438;0.713807268;0.713732223;L2;48.83940834
899;3-Methylphenol;Water;355.923;0.406868662;0.712899961;0.712779877;L2;56.08506684
899;3-Methylphenol;Water;373.124;0.387;0.706873865;0.706827934;L2;60.24275486
899;3-Methylphenol;Water;382.42586;0.338013102;0.703294455;0.703150957;L2;73.26910011
899;3-Methylphenol;Water;384.42613;0.335970081;0.702495449;0.702360261;L2;73.7616812
899;3-Methylphenol;Water;392.87042;0.299;0.69900789;0.698993447;L2;84.9218457
899;3-Methylphenol;Water;393.127;0.304;0.698899016;0.698878013;L2;83.2478561
899;3-Methylphenol;Water;397.92844;0.282997938;0.6968299;0.696717875;L2;90.1101724
899;3-Methylphenol;Water;403.13;0.258;0.694520117;0.694377724;L2;99.02615433
899;3-Methylphenol;Water;409.1312;0.224698184;0.691766433;0.691677821;L2;112.4490277
899;3-Methylphenol;Water;412.06658;0.205;0.6903846;0.690357211;L2;121.4238855
899;3-Methylphenol;Water;413.132;0.199;0.689877346;0.689877624;L2;124.3208997
899;3-Methylphenol;Water;413.6321;0.208573403;0.689638194;0.689624843;L2;119.5876071
899;3-Methylphenol;Water;415.1324;0.184;0.688916697;0.688866498;L2;132.0184602
899;3-Methylphenol;Water;417.1328;0.168;0.687945257;0.687855372;L2;140.9745287
899;3-Methylphenol;Water;418.83314;0.164290524;0.687111015;0.686995915;L2;143.0859525
899;3-Methylphenol;Water;419.1332;0.147;0.686962981;0.686844246;L2;154.1847819
899;3-Methylphenol;Water;419.73332;0.103985279;0.686666178;0.686540909;L2;188.759892
899;3-Methylphenol;Water;420.1334;0.132;0.686467764;0.686338684;L2;164.8757345
899;3-Methylphenol;Water;421.03358;0.106508542;0.68601974;0.685883677;L2;186.2681214
899;3-Methylphenol;Water;421.1336;0.093;0.685969822;0.685833121;L2;199.8234143
899;3-Methylphenol;Water;421.1336;0.093;0.685969822;0.685833121;L2;199.8234143
899;3-Methylphenol;Water;421.73372;0.080996014;0.685669745;0.685529783;L2;213.5996147
899;3-Methylphenol;Water;421.83374;0.087732763;0.685619637;0.685479226;L2;205.6027599
906;Cyclohexane;Methanol;275.6096409;0.1138;0.064111939;0.064124345;L1;57.38119157
906;Cyclohexane;Methanol;277.79;0.114;0.065257906;0.065294912;L1;55.78512442
906;Cyclohexane;Methanol;278.15;0.104;0.065448936;0.065488185;L1;46.31206638
906;Cyclohexane;Methanol;278.5492117;0.1207;0.065661378;0.065702509;L1;60.87972232
906;Cyclohexane;Methanol;280.45;0.1226;0.066681651;0.066722983;L1;60.89972123
906;Cyclohexane;Methanol;281.248625;0.1263;0.06711466;0.067151739;L1;63.22575281
906;Cyclohexane;Methanol;282.8;0.124;0.067963184;0.067984624;L1;60.13154137
906;Cyclohexane;Methanol;282.81;0.1285;0.067968686;0.067989993;L1;63.68818119
906;Cyclohexane;Methanol;283.15;0.125;0.068155969;0.068172528;L1;60.65150006
906;Cyclohexane;Methanol;284.147755;0.1325;0.068708288;0.068708191;L1;65.67128083
906;Cyclohexane;Methanol;286.1422;0.14;0.069824574;0.069854034;L1;69.56564101
906;Cyclohexane;Methanol;286.247125;0.1384;0.069883754;0.069914345;L1;68.33148368
906;Cyclohexane;Methanol;286.85;0.14;0.070224672;0.070260873;L1;68.9942726
906;Cyclohexane;Methanol;286.95;0.1392;0.070281366;0.070318353;L1;68.34050511
906;Cyclohexane;Methanol;287.75;0.1402;0.070736414;0.070778188;L1;68.41094811
906;Cyclohexane;Methanol;287.975;0.1403;0.070864876;0.070907516;L1;68.30080745
906;Cyclohexane;Methanol;288.141;0.14129686;0.070959788;0.071002932;L1;68.87497178
906;Cyclohexane;Methanol;288.146555;0.164;0.070962966;0.071006125;L1;83.77082921
906;Cyclohexane;Methanol;288.15;0.135;0.070964937;0.071008105;L1;64.30888681
906;Cyclohexane;Methanol;288.54;0.139;0.071188389;0.071232275;L1;66.91441979
906;Cyclohexane;Methanol;289.795007;0.14518;0.071911772;0.071953645;L1;70.25343772
906;Cyclohexane;Methanol;289.86;0.1472;0.071949414;0.071991003;L1;71.58289244
906;Cyclohexane;Methanol;290.28971;0.1533;0.072198735;0.072237997;L1;75.29742653
906;Cyclohexane;Methanol;291.21;0.1506;0.072735315;0.072766974;L1;72.78002819
906;Cyclohexane;Methanol;291.34573;0.1525;0.072814757;0.072844991;L1;73.92459617
906;Cyclohexane;Methanol;293.138;0.155946409;0.073871096;0.073875177;L1;74.71907881
906;Cyclohexane;Methanol;293.14537;0.154912009;0.073875468;0.073879413;L1;74.04764606
906;Cyclohexane;Methanol;293.14537;0.1676;0.073875468;0.073879413;L1;81.91993767
906;Cyclohexane;Methanol;293.15;0.158;0.073878215;0.073882074;L1;76.01770417
906;Cyclohexane;Methanol;293.2509548;0.15743;0.073938129;0.073940103;L1;75.57522711
906;Cyclohexane;Methanol;293.61;0.155;0.074151567;0.074156081;L1;73.73139176
906;Cyclohexane;Methanol;293.95;0.1598;0.074354193;0.074364867;L1;76.50829696
906;Cyclohexane;Methanol;294.605078;0.1628;0.074745993;0.074767137;L1;77.84268455
906;Cyclohexane;Methanol;294.7;0.1621;0.074802919;0.074825426;L1;77.33565194
906;Cyclohexane;Methanol;295.69;0.17;0.075398954;0.075433364;L1;81.30050293
906;Cyclohexane;Methanol;296.731562;0.17019;0.076030621;0.076072965;L1;80.57792871
906;Cyclohexane;Methanol;296.98;0.1707;0.076181987;0.076225525;L1;80.67825819
906;Cyclohexane;Methanol;296.985;0.1701;0.076185036;0.076228595;L1;80.32214282
906;Cyclohexane;Methanol;298.136;0.173920501;0.076889855;0.0769354;L1;81.62243581
906;Cyclohexane;Methanol;298.14437;0.1714;0.076895002;0.076940539;L1;80.15591268
906;Cyclohexane;Methanol;298.14437;0.1712;0.076895002;0.076940539;L1;80.03915843
906;Cyclohexane;Methanol;298.14437;0.1717;0.076895002;0.076940539;L1;80.33078885
906;Cyclohexane;Methanol;298.14437;0.1752;0.076895002;0.076940539;L1;82.34872991
906;Cyclohexane;Methanol;298.14437;0.172;0.076895002;0.076940539;L1;80.50535974
906;Cyclohexane;Methanol;298.14437;0.1715;0.076895002;0.076940539;L1;80.21423872
906;Cyclohexane;Methanol;298.14437;0.1713;0.076895002;0.076940539;L1;80.0975526
906;Cyclohexane;Methanol;298.14437;0.17;0.076895002;0.076940539;L1;79.33575577
906;Cyclohexane;Methanol;298.14437;0.1825;0.076895002;0.076940539;L1;86.43092936
906;Cyclohexane;Methanol;298.15;0.16;0.076898464;0.076943997;L1;73.26879139
906;Cyclohexane;Methanol;298.15;0.173;0.076898464;0.076943997;L1;81.08056932
906;Cyclohexane;Methanol;298.15;0.177;0.076898464;0.076943997;L1;83.36638313
906;Cyclohexane;Methanol;298.15;0.1718;0.076898464;0.076943997;L1;80.38451083
906;Cyclohexane;Methanol;298.429;0.176;0.077070203;0.077115325;L1;82.5767259
906;Cyclohexane;Methanol;298.63;0.172;0.077194142;0.077238754;L1;80.11709075
906;Cyclohexane;Methanol;298.904218;0.1778;0.077363514;0.077407146;L1;83.21440425
906;Cyclohexane;Methanol;299.81;0.1818;0.07792534;0.077963367;L1;84.71559974
906;Cyclohexane;Methanol;299.924014;0.1849;0.077996316;0.07803338;L1;86.31535407
906;Cyclohexane;Methanol;300.15;0.1836;0.078137169;0.078172153;L1;85.429362
906;Cyclohexane;Methanol;300.3910976;0.18297;0.078287691;0.078320206;L1;84.89318212
906;Cyclohexane;Methanol;300.853;0.186;0.078576788;0.078603851;L1;86.16703302
906;Cyclohexane;Methanol;301.2807416;0.18566;0.078845355;0.078866517;L1;85.64286393
906;Cyclohexane;Methanol;301.81;0.1909;0.079178795;0.079191524;L1;88.00412039
906;Cyclohexane;Methanol;302.324324;0.1954;0.079504031;0.079507359;L1;89.92410101
906;Cyclohexane;Methanol;302.34;0.194;0.079513963;0.079516985;L1;89.19255179
906;Cyclohexane;Methanol;302.363289;0.195;0.07952872;0.079531286;L1;89.68813462
906;Cyclohexane;Methanol;302.48;0.1955;0.079602709;0.079602956;L1;89.85122487
906;Cyclohexane;Methanol;302.594216;0.2021;0.079675176;0.079677687;L1;93.08045515
906;Cyclohexane;Methanol;303.134;0.196726041;0.080018452;0.080031191;L1;89.95548434
906;Cyclohexane;Methanol;303.15;0.19;0.080028648;0.08004167;L1;86.46394056
906;Cyclohexane;Methanol;303.23396;0.205;0.080082167;0.080096655;L1;93.99567892
906;Cyclohexane;Methanol;303.45;0.2;0.080220025;0.08023814;L1;91.35442003
906;Cyclohexane;Methanol;303.48;0.2013;0.080239185;0.080257787;L1;91.97843502
906;Cyclohexane;Methanol;303.53384;0.1984;0.080273581;0.080293046;L1;90.48446325
906;Cyclohexane;Methanol;303.63;0.19;0.080335047;0.080356021;L1;86.08181012
906;Cyclohexane;Methanol;303.7957352;0.19878;0.080441083;0.080464561;L1;90.46736525
906;Cyclohexane;Methanol;304.242725;0.206;0.080727689;0.080757295;L1;93.6794548
906;Cyclohexane;Methanol;304.475;0.2025;0.08087698;0.080909412;L1;91.78106493
906;Cyclohexane;Methanol;305.23;0.2084;0.08136395;0.081403861;L1;94.05270154
906;Cyclohexane;Methanol;305.65;0.2113;0.081635977;0.081678919;L1;95.10088638
906;Cyclohexane;Methanol;306.741975;0.22;0.082347034;0.082394053;L1;98.26851093
906;Cyclohexane;Methanol;306.9;0.2203;0.082450391;0.082497544;L1;98.27934666
906;Cyclohexane;Methanol;307.121861;0.2233;0.082595695;0.082642841;L1;99.45585984
906;Cyclohexane;Methanol;307.142396;0.2225;0.082609156;0.082656289;L1;99.08065845
906;Cyclohexane;Methanol;307.3013324;0.21765;0.082713404;0.082760376;L1;96.75065986
906;Cyclohexane;Methanol;307.355;0.2196;0.082748632;0.082795523;L1;97.60002292
906;Cyclohexane;Methanol;307.98206;0.216;0.083161232;0.083206185;L1;95.44971345
906;Cyclohexane;Methanol;308.132;0.227142947;0.083260162;0.083304381;L1;100.360935
906;Cyclohexane;Methanol;308.15;0.218;0.083272046;0.083316169;L1;96.23821542
906;Cyclohexane;Methanol;308.41;0.2288;0.083443865;0.083486443;L1;100.8674126
906;Cyclohexane;Methanol;308.64;0.219;0.083596123;0.08363707;L1;96.30745859
906;Cyclohexane;Methanol;308.89133;0.234;0.083762785;0.083801666;L1;102.7332303
906;Cyclohexane;Methanol;309.841045;0.2405;0.08439524;0.084423634;L1;104.720909
906;Cyclohexane;Methanol;309.88;0.2395;0.084421272;0.084449145;L1;104.2734005
906;Cyclohexane;Methanol;310.577;0.2376;0.084888272;0.084905611;L1;102.9252641
906;Cyclohexane;Methanol;310.601012;0.24261;0.084904402;0.084921336;L1;104.992928
906;Cyclohexane;Methanol;310.69079;0.248;0.084964732;0.084980132;L1;107.1192497
906;Cyclohexane;Methanol;311.2;0.25;0.085307642;0.085313613;L1;107.5196873
906;Cyclohexane;Methanol;311.37;0.2514;0.085422398;0.085424946;L1;107.9436957
906;Cyclohexane;Methanol;311.6;0.2477;0.085577876;0.085579803;L1;106.2791546
906;Cyclohexane;Methanol;311.750552;0.2591;0.085679784;0.085684859;L1;110.6597177
906;Cyclohexane;Methanol;312.19034;0.261;0.085978098;0.085991744;L1;111.0427818
906;Cyclohexane;Methanol;312.420271;0.2628;0.086134432;0.08615219;L1;111.5484044
906;Cyclohexane;Methanol;312.455;0.2562;0.086158067;0.086176424;L1;108.9774789
906;Cyclohexane;Methanol;312.470256;0.2648;0.086168452;0.08618707;L1;112.2670704
906;Cyclohexane;Methanol;312.53024;0.275;0.086209292;0.086228927;L1;115.9993129
906;Cyclohexane;Methanol;312.660199;0.2657;0.086297835;0.086319613;L1;112.4563345
906;Cyclohexane;Methanol;312.67;0.2645;0.086304516;0.086326452;L1;111.9959331
906;Cyclohexane;Methanol;312.9901;0.2732;0.086522966;0.086549818;L1;114.9794249
906;Cyclohexane;Methanol;313;0.257;0.08652973;0.086556726;L1;108.8588033
906;Cyclohexane;Methanol;313.13;0.267235939;0.086618595;0.086647441;L1;112.6617422
906;Cyclohexane;Methanol;313.13;0.260815829;0.086618595;0.086647441;L1;110.230001
906;Cyclohexane;Methanol;313.140055;0.2652;0.086625472;0.086654457;L1;111.8890358
906;Cyclohexane;Methanol;313.15;0.261;0.086632274;0.086661397;L1;110.2847988
906;Cyclohexane;Methanol;313.179985;0.2675;0.086652785;0.08668232;L1;112.7210409
906;Cyclohexane;Methanol;313.539935;0.276;0.086899352;0.086933494;L1;115.5650295
906;Cyclohexane;Methanol;313.5809227;0.2704;0.086927468;0.086962096;L1;113.4828274
906;Cyclohexane;Methanol;313.64;0.2766;0.086968008;0.08700332;L1;115.7032095
906;Cyclohexane;Methanol;313.7977996;0.27468;0.087076375;0.087113433;L1;114.8821174
906;Cyclohexane;Methanol;313.85;0.2758;0.08711225;0.087149858;L1;115.2478449
906;Cyclohexane;Methanol;314.419671;0.2844;0.087504617;0.087547376;L1;117.8690136
906;Cyclohexane;Methanol;314.58962;0.29;0.087621978;0.087665967;L1;119.684907
906;Cyclohexane;Methanol;314.75;0.276;0.087732859;0.08777788;L1;114.6104359
906;Cyclohexane;Methanol;314.76;0.2889;0.087739777;0.087784858;L1;119.1705253
906;Cyclohexane;Methanol;314.763;0.2758;0.087741853;0.087786952;L1;114.5276956
906;Cyclohexane;Methanol;315.0264889;0.2909;0.08792431;0.087970815;L1;119.6503237
906;Cyclohexane;Methanol;315.14;0.283;0.088003017;0.088050023;L1;116.8075797
906;Cyclohexane;Methanol;315.15;0.3;0.088009954;0.088057001;L1;122.6332552
906;Cyclohexane;Methanol;315.35;0.3014;0.088148795;0.088196562;L1;122.9412042
906;Cyclohexane;Methanol;315.419313;0.3084;0.088196959;0.088244929;L1;125.1825161
906;Cyclohexane;Methanol;315.439365;0.3089;0.088210897;0.088258921;L1;125.3287101
906;Cyclohexane;Methanol;315.519341;0.3082;0.088266506;0.088314728;L1;125.0388203
906;Cyclohexane;Methanol;315.58932;0.305;0.088315191;0.08836356;L1;123.9399648
906;Cyclohexane;Methanol;315.809196;0.3055;0.088468315;0.08851699;L1;123.9305313
906;Cyclohexane;Methanol;315.92;0.3095;0.08854557;0.088594309;L1;125.1440753
906;Cyclohexane;Methanol;316.08917;0.3203;0.088663637;0.088712356;L1;128.440821
906;Cyclohexane;Methanol;316.1051652;0.3118;0.088674807;0.088723518;L1;125.738613
906;Cyclohexane;Methanol;316.15;0.304;0.088706125;0.088754804;L1;123.1698758
906;Cyclohexane;Methanol;316.15;0.301;0.088706125;0.088754804;L1;122.1781322
906;Cyclohexane;Methanol;316.25;0.296;0.088776013;0.088824584;L1;120.4242963
906;Cyclohexane;Methanol;316.28911;0.32;0.08880336;0.088851875;L1;128.1896512
906;Cyclohexane;Methanol;316.3840235;0.30921;0.088869757;0.088918106;L1;124.6848767
906;Cyclohexane;Methanol;316.48;0.317;0.088936943;0.088985078;L1;127.0974165
906;Cyclohexane;Methanol;316.5079863;0.32094;0.088956542;0.089004607;L1;128.3106228
906;Cyclohexane;Methanol;316.838945;0.334;0.089188617;0.089235551;L1;132.0387573
906;Cyclohexane;Methanol;316.858939;0.3429;0.089202655;0.089249503;L1;134.652806
906;Cyclohexane;Methanol;316.87;0.325;0.089210421;0.089257221;L1;129.2827319
906;Cyclohexane;Methanol;316.9019261;0.3423;0.089232842;0.089279499;L1;134.4438388
906;Cyclohexane;Methanol;317.048982;0.34856;0.089336181;0.089382115;L1;136.1403817
906;Cyclohexane;Methanol;317.05;0.333;0.089336896;0.089382826;L1;131.5727913
906;Cyclohexane;Methanol;317.138855;0.3507;0.089399389;0.089444829;L1;136.6817312
906;Cyclohexane;Methanol;317.23;0.3382;0.089463532;0.08950843;L1;132.9806353
906;Cyclohexane;Methanol;317.2382252;0.35812;0.089469323;0.08951417;L1;138.6972319
906;Cyclohexane;Methanol;317.28881;0.344;0.089504942;0.089549468;L1;134.6347814
906;Cyclohexane;Methanol;317.3178013;0.35106;0.089525362;0.089569698;L1;136.6435189
906;Cyclohexane;Methanol;317.335596;0.35064;0.089537898;0.089582115;L1;136.5098082
906;Cyclohexane;Methanol;317.35;0.35;0.089548046;0.089592166;L1;136.3157847
906;Cyclohexane;Methanol;317.368728;0.3613;0.089561242;0.089605235;L1;139.4785977
906;Cyclohexane;Methanol;317.4164717;0.35384;0.089594891;0.08963855;L1;137.3546531
906;Cyclohexane;Methanol;317.4474624;0.35599;0.089616739;0.089660176;L1;137.9360515
906;Cyclohexane;Methanol;317.4695558;0.36713;0.089632318;0.089675593;L1;141.0000064
906;Cyclohexane;Methanol;317.477;0.3176;0.089637567;0.089680787;L1;126.5018218
906;Cyclohexane;Methanol;317.508644;0.35709;0.089659886;0.089702868;L1;138.1964389
906;Cyclohexane;Methanol;317.52868;0.365;0.089674019;0.08971685;L1;140.3716266
906;Cyclohexane;Methanol;317.55;0.356;0.089689061;0.089731727;L1;137.858192
906;Cyclohexane;Methanol;317.5857209;0.3717;0.089714268;0.089756653;L1;142.1457259
906;Cyclohexane;Methanol;317.592119;0.36046;0.089718783;0.089761117;L1;139.0700843
906;Cyclohexane;Methanol;317.6200106;0.37372;0.089738471;0.08978058;L1;142.6607294
906;Cyclohexane;Methanol;317.65;0.3471;0.089759643;0.089801507;L1;135.2477456
906;Cyclohexane;Methanol;317.65;0.353;0.089759643;0.089801507;L1;136.933259
906;Cyclohexane;Methanol;317.658699;0.3783;0.089765786;0.089807577;L1;143.8483636
906;Cyclohexane;Methanol;317.6716951;0.36604;0.089774963;0.089816646;L1;140.5436492
906;Cyclohexane;Methanol;317.7336765;0.36732;0.089818742;0.089859897;L1;140.8439737
906;Cyclohexane;Methanol;317.738675;0.363;0.089822274;0.089863385;L1;139.6569852
906;Cyclohexane;Methanol;317.748614;0.3586;0.089829296;0.08987032;L1;138.4296402
906;Cyclohexane;Methanol;317.7603685;0.3831;0.089837602;0.089878522;L1;145.0292437
906;Cyclohexane;Methanol;317.7723649;0.37172;0.089846079;0.089886893;L1;142.004291
906;Cyclohexane;Methanol;317.8068545;0.37081;0.089870455;0.08991096;L1;141.7320556
906;Cyclohexane;Methanol;317.8382451;0.37562;0.089892646;0.089932865;L1;142.9961855
906;Cyclohexane;Methanol;317.8748341;0.37443;0.089918518;0.089958397;L1;142.650096
906;Cyclohexane;Methanol;317.8923289;0.39359;0.089930891;0.089970605;L1;147.6268256
906;Cyclohexane;Methanol;317.9225618;0.36141;0.089952277;0.089991701;L1;139.0733776
906;Cyclohexane;Methanol;317.9333166;0.37804;0.089959885;0.089999206;L1;143.5636157
906;Cyclohexane;Methanol;317.938557;0.3864;0.089963593;0.090002863;L1;145.7468036
906;Cyclohexane;Methanol;317.94;0.368;0.089964614;0.09000387;L1;140.8666523
906;Cyclohexane;Methanol;317.9540104;0.39823;0.089974527;0.090013646;L1;148.750313
906;Cyclohexane;Methanol;317.9646072;0.4828;0.089982026;0.090021041;L1;167.9992555
906;Cyclohexane;Methanol;317.9646072;0.4828;0.089982026;0.090021041;L1;167.9992555
906;Cyclohexane;Methanol;317.978545;0.393;0.089991889;0.090030766;L1;147.4090068
906;Cyclohexane;Methanol;317.9958978;0.38185;0.090004171;0.090042875;L1;144.5171853
906;Cyclohexane;Methanol;317.998539;0.4021;0.09000604;0.090044718;L1;149.6824035
906;Cyclohexane;Methanol;317.9995967;0.3997;0.090006789;0.090045456;L1;149.0829169
906;Cyclohexane;Methanol;318.0131926;0.40508;0.090016413;0.090054944;L1;150.4092563
906;Cyclohexane;Methanol;318.0273884;0.38891;0.090026462;0.090064849;L1;146.3244305
906;Cyclohexane;Methanol;318.038585;0.381;0.090034389;0.090072662;L1;144.2607676
906;Cyclohexane;Methanol;318.0490819;0.38565;0.090041821;0.090079987;L1;145.4655978
906;Cyclohexane;Methanol;318.0626778;0.41187;0.090051449;0.090089474;L1;152.0326607
906;Cyclohexane;Methanol;318.0764736;0.39374;0.090061218;0.090099101;L1;147.520115
906;Cyclohexane;Methanol;318.0950681;0.38952;0.090074388;0.090112076;L1;146.4279351
906;Cyclohexane;Methanol;318.1;0.364;0.090077881;0.090115518;L1;139.6479225
906;Cyclohexane;Methanol;318.1067645;0.41855;0.090082673;0.090120238;L1;153.6068523
906;Cyclohexane;Methanol;318.118561;0.3685;0.090091029;0.09012847;L1;140.8620118
906;Cyclohexane;Methanol;318.1232596;0.42427;0.090094358;0.090131749;L1;154.9512504
906;Cyclohexane;Methanol;318.1285;0.359653082;0.09009807;0.090135405;L1;138.4241159
906;Cyclohexane;Methanol;318.138555;0.3972;0.090105194;0.090142422;L1;148.3462121
906;Cyclohexane;Methanol;318.1446532;0.39347;0.090109515;0.090146677;L1;147.3979063
906;Cyclohexane;Methanol;318.153;0.34;0.090115429;0.090152502;L1;132.7854223
906;Cyclohexane;Methanol;318.1715451;0.43396;0.090128571;0.090165442;L1;157.1715149
906;Cyclohexane;Methanol;318.18;0.3781;0.090134563;0.090171342;L1;143.3855016
906;Cyclohexane;Methanol;318.1815421;0.4821;0.090135656;0.090172418;L1;167.6835741
906;Cyclohexane;Methanol;318.1815421;0.4821;0.090135656;0.090172418;L1;167.6835741
906;Cyclohexane;Methanol;318.18854;0.482;0.090140615;0.090177301;L1;167.657327
906;Cyclohexane;Methanol;318.18854;0.397;0.090140615;0.090177301;L1;148.2565436
906;Cyclohexane;Methanol;318.18854;0.482;0.090140615;0.090177301;L1;167.657327
906;Cyclohexane;Methanol;318.1925388;0.39754;0.09014345;0.090180092;L1;148.3893272
906;Cyclohexane;Methanol;318.198479;0.434;0.09014766;0.090184237;L1;157.1595541
906;Cyclohexane;Methanol;318.2046352;0.45158;0.090152024;0.090188533;L1;161.1255146
906;Cyclohexane;Methanol;318.2255289;0.40068;0.090166835;0.090203112;L1;149.1501425
906;Cyclohexane;Methanol;318.2389249;0.48639;0.090176333;0.09021246;L1;168.5243766
906;Cyclohexane;Methanol;318.2448231;0.42539;0.090180515;0.090216576;L1;155.1193015
906;Cyclohexane;Methanol;318.268458;0.4694;0.090197274;0.090233068;L1;164.9456075
906;Cyclohexane;Methanol;318.2765136;0.476;0.090202987;0.09023869;L1;166.335531
906;Cyclohexane;Methanol;318.2765136;0.476;0.090202987;0.09023869;L1;166.335531
906;Cyclohexane;Methanol;318.2775133;0.4326;0.090203696;0.090239387;L1;156.774311
906;Cyclohexane;Methanol;318.278455;0.47;0.090204364;0.090240044;L1;165.0654887
906;Cyclohexane;Methanol;318.278455;0.47;0.090204364;0.090240044;L1;165.0654887
906;Cyclohexane;Methanol;318.28851;0.41;0.090211495;0.090247061;L1;151.4000297
906;Cyclohexane;Methanol;318.2956079;0.44116;0.09021653;0.090252014;L1;158.7194953
906;Cyclohexane;Methanol;318.315302;0.45876;0.0902305;0.090265756;L1;162.6159692
906;Cyclohexane;Methanol;318.3204424;0.39662;0.090234146;0.090269343;L1;148.0570724
906;Cyclohexane;Methanol;318.3277982;0.43152;0.090239365;0.090274476;L1;156.4848109
906;Cyclohexane;Methanol;318.3294397;0.36198;0.09024053;0.090275622;L1;138.9110305
906;Cyclohexane;Methanol;318.3370954;0.4377;0.090245961;0.090280964;L1;157.8994899
906;Cyclohexane;Methanol;318.338495;0.424;0.090246954;0.09028194;L1;154.7183607
906;Cyclohexane;Methanol;318.3491918;0.44276;0.090254544;0.090289405;L1;159.0393917
906;Cyclohexane;Methanol;318.3631876;0.44735;0.090264475;0.090299171;L1;160.0597308
906;Cyclohexane;Methanol;318.3740843;0.45316;0.090272209;0.090306775;L1;161.3415619
906;Cyclohexane;Methanol;318.3826817;0.42609;0.09027831;0.090312774;L1;155.1753357
906;Cyclohexane;Methanol;318.38848;0.437;0.090282426;0.09031682;L1;157.6990377
906;Cyclohexane;Methanol;318.3921789;0.42848;0.090285051;0.090319401;L1;155.7272165
906;Cyclohexane;Methanol;318.3976772;0.46898;0.090288954;0.090323238;L1;164.7545001
906;Cyclohexane;Methanol;318.4004764;0.4315;0.090290941;0.090325191;L1;156.4230382
906;Cyclohexane;Methanol;318.4033755;0.43077;0.090292998;0.090327214;L1;156.2514385
906;Cyclohexane;Methanol;318.4077742;0.43845;0.090296121;0.090330284;L1;158.015128
906;Cyclohexane;Methanol;318.428568;0.44321;0.090310883;0.090344793;L1;159.0785729
906;Cyclohexane;Methanol;318.438465;0.449;0.090317909;0.0903517;L1;160.3687115
906;Cyclohexane;Methanol;318.4439634;0.45095;0.090321813;0.090355536;L1;160.7977471
906;Cyclohexane;Methanol;318.45516;0.4536;0.090329764;0.090363349;L1;161.3748736
906;Cyclohexane;Methanol;318.4612582;0.45628;0.090334094;0.090367605;L1;161.9591701
906;Cyclohexane;Methanol;318.4693557;0.45899;0.090339845;0.090373255;L1;162.5449813
906;Cyclohexane;Methanol;318.4713971;0.43128;0.090341294;0.09037468;L1;156.3162873
906;Cyclohexane;Methanol;318.475154;0.46146;0.090343963;0.090377301;L1;163.0771185
906;Cyclohexane;Methanol;318.478453;0.46736;0.090346305;0.090379603;L1;164.3449714
906;Cyclohexane;Methanol;318.4863926;0.44147;0.090351944;0.090385144;L1;158.6397529
906;Cyclohexane;Methanol;318.4872504;0.47018;0.090352554;0.090385742;L1;164.9396319
906;Cyclohexane;Methanol;318.4879502;0.49736;0.090353051;0.09038623;L1;170.5589327
906;Cyclohexane;Methanol;318.48845;0.487;0.090353406;0.090386579;L1;168.4535412
906;Cyclohexane;Methanol;318.6124128;0.4832;0.090441491;0.090473081;L1;167.5727515
906;Cyclohexane;Methanol;318.6124128;0.4832;0.090441491;0.090473081;L1;167.5727515
906;Cyclohexane;Methanol;318.8043552;0.492;0.090578033;0.090607019;L1;169.2266994
906;Cyclohexane;Methanol;318.8043552;0.492;0.090578033;0.090607019;L1;169.2266994
906;Cyclohexane;Methanol;319.0822718;0.4768;0.090776063;0.090800949;L1;165.8701488
906;Cyclohexane;Methanol;319.0822718;0.4768;0.090776063;0.090800949;L1;165.8701488
906;Cyclohexane;Methanol;319.2902094;0.480009242;0.090924484;0.090946049;L1;166.3776044
906;Cyclohexane;Methanol;319.578065;0.5;0.091130309;0.091146915;L1;170.2317654
906;Cyclohexane;Methanol;319.578065;0.5;0.091130309;0.091146915;L1;170.2317654
906;Cyclohexane;Methanol;277.79;0.9295;0.991059984;0.990996807;L2;6.412825452
906;Cyclohexane;Methanol;278.15;0.942;0.990953751;0.990886654;L2;5.066258945
906;Cyclohexane;Methanol;279.29631;0.9321;0.990609627;0.990535904;L2;6.088043356
906;Cyclohexane;Methanol;280.048985;0.9284;0.990378787;0.990305599;L2;6.462480869
906;Cyclohexane;Methanol;280.148955;0.9301;0.990347833;0.99027501;L2;6.276412108
906;Cyclohexane;Methanol;282.8;0.9184;0.989501577;0.989463839;L2;7.456833271
906;Cyclohexane;Methanol;283.15;0.939;0.989386151;0.989356745;L2;5.226922218
906;Cyclohexane;Methanol;283.947815;0.9268;0.989119775;0.989112628;L2;6.507763909
906;Cyclohexane;Methanol;284.047785;0.92;0.989086076;0.989082039;L2;7.240769066
906;Cyclohexane;Methanol;284.14;0.9385;0.989054926;0.989053823;L2;5.246701127
906;Cyclohexane;Methanol;284.147755;0.9113;0.989052304;0.989051451;L2;8.187506445
906;Cyclohexane;Methanol;285.947215;0.9183;0.988432053;0.988382358;L2;7.359576824
906;Cyclohexane;Methanol;288.146555;0.9034;0.987641737;0.987563397;L2;8.915459423
906;Cyclohexane;Methanol;288.15;0.922;0.987640471;0.987562114;L2;6.877351196
906;Cyclohexane;Methanol;288.446465;0.909;0.987531182;0.987451721;L2;8.286297914
906;Cyclohexane;Methanol;288.54;0.9036;0.987496565;0.987416891;L2;8.878623385
906;Cyclohexane;Methanol;290.75;0.9055;0.986659437;0.986593962;L2;8.583765431
906;Cyclohexane;Methanol;291.05;0.9181;0.986542937;0.986482252;L2;7.190053164
906;Cyclohexane;Methanol;291.05;0.9;0.986542937;0.986482252;L2;9.181208546
906;Cyclohexane;Methanol;291.98;0.9096;0.986177391;0.986135951;L2;8.083130545
906;Cyclohexane;Methanol;292.35;0.911;0.986030102;0.985998175;L2;7.914398665
906;Cyclohexane;Methanol;292.54549;0.9002;0.985951854;0.985925381;L2;9.099056287
906;Cyclohexane;Methanol;293.14537;0.8926;0.985709886;0.985702006;L2;9.922352571
906;Cyclohexane;Methanol;293.14537;0.887586935;0.985709886;0.985702006;L2;10.48556064
906;Cyclohexane;Methanol;293.15;0.892;0.985708007;0.985700282;L2;9.989403962
906;Cyclohexane;Methanol;293.61;0.886;0.985520542;0.985511501;L2;10.64530204
906;Cyclohexane;Methanol;295.64487;0.8883;0.984671285;0.984608141;L2;10.29983405
906;Cyclohexane;Methanol;296.1368;0.878;0.984461044;0.984389754;L2;11.44477341
906;Cyclohexane;Methanol;297.15;0.8892;0.984021913;0.983939954;L2;10.13259839
906;Cyclohexane;Methanol;297.15;0.8892;0.984021913;0.983939954;L2;10.13259839
906;Cyclohexane;Methanol;298.14437;0.875;0.983582892;0.983498514;L2;11.69780305
906;Cyclohexane;Methanol;298.14437;0.8709;0.983582892;0.983498514;L2;12.16747572
906;Cyclohexane;Methanol;298.14437;0.8752;0.983582892;0.983498514;L2;11.67494852
906;Cyclohexane;Methanol;298.14437;0.875;0.983582892;0.983498514;L2;11.69780305
906;Cyclohexane;Methanol;298.14437;0.8756;0.983582892;0.983498514;L2;11.62925513
906;Cyclohexane;Methanol;298.14437;0.875;0.983582892;0.983498514;L2;11.69780305
906;Cyclohexane;Methanol;298.14437;0.8749;0.983582892;0.983498514;L2;11.70923228
906;Cyclohexane;Methanol;298.14437;0.8703;0.983582892;0.983498514;L2;12.23639371
906;Cyclohexane;Methanol;298.14437;0.888;0.983582892;0.983498514;L2;10.22301739
906;Cyclohexane;Methanol;298.15;0.888;0.983580383;0.983496014;L2;10.22276235
906;Cyclohexane;Methanol;298.15;0.876;0.983580383;0.983496014;L2;11.58332756
906;Cyclohexane;Methanol;298.15;0.88;0.983580383;0.983496014;L2;11.1277459
906;Cyclohexane;Methanol;298.15;0.8751;0.983580383;0.983496014;L2;11.6861201
906;Cyclohexane;Methanol;298.355;0.8786;0.983488868;0.983405007;L2;11.27765872
906;Cyclohexane;Methanol;298.38;0.8793;0.983477684;0.983393908;L2;11.19688107
906;Cyclohexane;Methanol;298.63;0.866;0.983365565;0.983282923;L2;12.70960298
906;Cyclohexane;Methanol;299.54409;0.8636;0.98295127;0.982877122;L2;12.94498473
906;Cyclohexane;Methanol;300.15;0.8666;0.98267287;0.982608135;L2;12.56987679
906;Cyclohexane;Methanol;300.66;0.8716;0.982436189;0.982381725;L2;11.97047911
906;Cyclohexane;Methanol;300.853;0.8705;0.98234606;0.982296045;L2;12.08758902
906;Cyclohexane;Methanol;300.879902;0.86364;0.982333472;0.982284102;L2;12.87748203
906;Cyclohexane;Methanol;301.95;0.862;0.981827884;0.981809043;L2;13.01607518
906;Cyclohexane;Methanol;302.343295;0.8455;0.98163966;0.981634443;L2;14.92961276
906;Cyclohexane;Methanol;302.55;0.8506;0.981540215;0.981537478;L2;14.31810027
906;Cyclohexane;Methanol;302.68;0.85;0.981477488;0.981469867;L2;14.38227277
906;Cyclohexane;Methanol;302.809;0.8565;0.981415103;0.981402777;L2;13.61411952
906;Cyclohexane;Methanol;303.15;0.841;0.981249519;0.981225428;L2;15.4235119
906;Cyclohexane;Methanol;303.63;0.838;0.981014775;0.980975788;L2;15.75694198
906;Cyclohexane;Methanol;303.69;0.8514;0.980985295;0.980944583;L2;14.16754158
906;Cyclohexane;Methanol;303.842845;0.835;0.980910058;0.980865091;L2;16.10490469
906;Cyclohexane;Methanol;304.43348;0.854;0.98061746;0.980557911;L2;13.82512408
906;Cyclohexane;Methanol;304.575;0.835;0.980546911;0.980484309;L2;16.06787632
906;Cyclohexane;Methanol;304.66;0.8431;0.980504455;0.980440101;L2;15.09816142
906;Cyclohexane;Methanol;305.48306;0.8434;0.980090159;0.980012041;L2;15.02032249
906;Cyclohexane;Methanol;305.7709448;0.83331;0.979943878;0.979862317;L2;16.20895805
906;Cyclohexane;Methanol;306.25;0.8275;0.979698877;0.979613168;L2;16.88361489
906;Cyclohexane;Methanol;306.322724;0.8165;0.979661511;0.979575346;L2;18.21802029
906;Cyclohexane;Methanol;306.442065;0.816;0.979600094;0.979513278;L2;18.27300664
906;Cyclohexane;Methanol;307.262348;0.8102;0.979174613;0.979086662;L2;18.9428854
906;Cyclohexane;Methanol;307.339;0.8287;0.979134555;0.979046797;L2;16.68108663
906;Cyclohexane;Methanol;307.86;0.818;0.978860928;0.978775833;L2;17.95272409
906;Cyclohexane;Methanol;307.98206;0.831;0.978796481;0.978712352;L2;16.36939411
906;Cyclohexane;Methanol;308.01;0.8162;0.97878171;0.978697821;L2;18.16492223
906;Cyclohexane;Methanol;308.15;0.812;0.978707596;0.978625009;L2;18.67325812
906;Cyclohexane;Methanol;308.64;0.8;0.978446844;0.978370168;L2;20.13547339
906;Cyclohexane;Methanol;308.681393;0.7964;0.978424721;0.97834864;L2;20.58422782
906;Cyclohexane;Methanol;308.741375;0.7958;0.978392635;0.978317444;L2;20.65631588
906;Cyclohexane;Methanol;309.08162;0.7922;0.978210033;0.978140488;L2;21.09105191
906;Cyclohexane;Methanol;309.166;0.8141;0.97816459;0.978096604;L2;18.35947398
906;Cyclohexane;Methanol;309.17;0.8;0.978162434;0.978094523;L2;20.10640169
906;Cyclohexane;Methanol;309.201237;0.7907;0.978145595;0.978078278;L2;21.27398998
906;Cyclohexane;Methanol;309.7;0.8052;0.97787555;0.977818879;L2;19.4291719
906;Cyclohexane;Methanol;309.8003324;0.7891;0.977820962;0.977766698;L2;21.44335324
906;Cyclohexane;Methanol;309.941015;0.783;0.97774427;0.977693531;L2;22.21154577
906;Cyclohexane;Methanol;310.275;0.7938;0.9775615;0.977519831;L2;20.82296648
906;Cyclohexane;Methanol;310.31;0.7976;0.977542289;0.977501628;L2;20.34343346
906;Cyclohexane;Methanol;310.440865;0.778;0.977470364;0.977433567;L2;22.82414487
906;Cyclohexane;Methanol;310.68098;0.8033;0.977337997;0.977308687;L2;19.61043031
906;Cyclohexane;Methanol;310.81;0.792;0.977266661;0.977241586;L2;21.0198162
906;Cyclohexane;Methanol;311.65;0.7742;0.976798591;0.976792794;L2;23.24502418
906;Cyclohexane;Methanol;311.940415;0.758;0.976635296;0.976618454;L2;25.3429907
906;Cyclohexane;Methanol;312.18038;0.7545;0.976499797;0.9764744;L2;25.79192642
906;Cyclohexane;Methanol;312.38;0.7757;0.976386685;0.976354566;L2;23.00928541
906;Cyclohexane;Methanol;312.38;0.778;0.976386685;0.976354566;L2;22.71321774
906;Cyclohexane;Methanol;312.4542704;0.75639;0.976344509;0.976309981;L2;25.52583886
906;Cyclohexane;Methanol;312.69019;0.746;0.976210208;0.976168355;L2;26.89523404
906;Cyclohexane;Methanol;312.77;0.7643;0.976164662;0.976120444;L2;24.46709007
906;Cyclohexane;Methanol;312.85;0.7528;0.976118949;0.976072419;L2;25.97848646
906;Cyclohexane;Methanol;312.98;0.7644;0.976044543;0.975994379;L2;24.44170108
906;Cyclohexane;Methanol;312.980103;0.7475;0.976044483;0.975994317;L2;26.67738575
906;Cyclohexane;Methanol;312.9901;0.7549;0.976038755;0.975988316;L2;25.69170038
906;Cyclohexane;Methanol;313;0.744;0.976033082;0.975982373;L2;27.14554463
906;Cyclohexane;Methanol;313.13;0.738;0.975958499;0.975904332;L2;27.94762396
906;Cyclohexane;Methanol;313.13;0.772145643;0.975958499;0.975904332;L2;23.42468752
906;Cyclohexane;Methanol;313.140055;0.7629;0.975952724;0.975898296;L2;24.62871858
906;Cyclohexane;Methanol;313.15;0.758;0.975947011;0.975892326;L2;25.27249077
906;Cyclohexane;Methanol;313.171;0.7741;0.975934945;0.975879719;L2;23.16948656
906;Cyclohexane;Methanol;313.339995;0.737;0.9758377;0.97577827;L2;28.0708389
906;Cyclohexane;Methanol;313.4689563;0.7532;0.975763317;0.975700853;L2;25.88892569
906;Cyclohexane;Methanol;314.08977;0.727;0.97540313;0.975328171;L2;29.39243742
906;Cyclohexane;Methanol;314.51;0.7455;0.975157329;0.975075902;L2;26.85436864
906;Cyclohexane;Methanol;314.539635;0.717;0.975139934;0.975058111;L2;30.75051419
906;Cyclohexane;Methanol;314.75;0.72;0.975016225;0.974931827;L2;30.32029001
906;Cyclohexane;Methanol;314.9074666;0.71245;0.97492336;0.974837298;L2;31.36491283
906;Cyclohexane;Methanol;315.065;0.7363;0.974830228;0.974742729;L2;28.06256863
906;Cyclohexane;Methanol;315.14;0.716;0.974785809;0.974697705;L2;30.8537597
906;Cyclohexane;Methanol;315.179385;0.7003;0.974762463;0.974674062;L2;33.06849986
906;Cyclohexane;Methanol;315.2863529;0.72422;0.974698983;0.974609848;L2;29.70334742
906;Cyclohexane;Methanol;315.28941;0.7;0.974697167;0.974608013;L2;33.10464899
906;Cyclohexane;Methanol;315.43;0.7;0.974613571;0.974523615;L2;33.096072
906;Cyclohexane;Methanol;315.44;0.7241;0.974607618;0.974517612;L2;29.71054425
906;Cyclohexane;Methanol;315.559329;0.6935;0.974536511;0.974445977;L2;34.02107444
906;Cyclohexane;Methanol;315.6;0.7163;0.974512245;0.974421562;L2;30.78380107
906;Cyclohexane;Methanol;315.79;0.7162;0.974398684;0.974307502;L2;30.7861089
906;Cyclohexane;Methanol;315.839245;0.687;0.974369197;0.97427794;L2;34.94559918
906;Cyclohexane;Methanol;315.84;0.714;0.974368745;0.974277487;L2;31.09068575
906;Cyclohexane;Methanol;315.9112234;0.7009;0.974326057;0.974234731;L2;32.93807847
906;Cyclohexane;Methanol;315.92916;0.7169;0.974315299;0.974223963;L2;30.67986061
906;Cyclohexane;Methanol;316.15;0.686;0.974182605;0.97409139;L2;35.07211379
906;Cyclohexane;Methanol;316.15;0.702;0.974182605;0.97409139;L2;32.76653616
906;Cyclohexane;Methanol;316.339095;0.671;0.974068628;0.973977874;L2;37.27126242
906;Cyclohexane;Methanol;316.48;0.672;0.973983483;0.973893287;L2;37.1136005
906;Cyclohexane;Methanol;316.59;0.6908;0.973916885;0.973827253;L2;34.34756205
906;Cyclohexane;Methanol;316.6929308;0.69234;0.973854466;0.973765462;L2;34.11847096
906;Cyclohexane;Methanol;316.71;0.7025;0.973844106;0.973755216;L2;32.66058341
906;Cyclohexane;Methanol;316.9889;0.6495;0.973674439;0.973587789;L2;40.48741606
906;Cyclohexane;Methanol;316.9889;0.653;0.973674439;0.973587789;L2;39.94998674
906;Cyclohexane;Methanol;317.05;0.665;0.973637174;0.97355111;L2;38.12516818
906;Cyclohexane;Methanol;317.055;0.6833;0.973634122;0.973548108;L2;35.4101587
906;Cyclohexane;Methanol;317.08;0.6868;0.973618863;0.9735331;L2;34.89767873
906;Cyclohexane;Methanol;317.15;0.6778;0.973576107;0.973491078;L2;36.21237414
906;Cyclohexane;Methanol;317.1551501;0.64178;0.97357296;0.973487987;L2;41.67272019
906;Cyclohexane;Methanol;317.1701456;0.64761;0.973563794;0.973478985;L2;40.76746896
906;Cyclohexane;Methanol;317.238825;0.642;0.973521787;0.973437756;L2;41.63319011
906;Cyclohexane;Methanol;317.2748142;0.6462;0.973499757;0.973416151;L2;40.97885222
906;Cyclohexane;Methanol;317.278755;0.6318;0.973497344;0.973413785;L2;43.23222086
906;Cyclohexane;Methanol;317.2953081;0.64233;0.973487207;0.973403848;L2;41.57824935
906;Cyclohexane;Methanol;317.2976074;0.63576;0.973485799;0.973402468;L2;42.60621036
906;Cyclohexane;Methanol;317.335596;0.62714;0.973462524;0.973379663;L2;43.96895272
906;Cyclohexane;Methanol;317.4164717;0.63687;0.973412929;0.973331112;L2;42.42428268
906;Cyclohexane;Methanol;317.42;0.65;0.973410764;0.973328994;L2;40.38337929
906;Cyclohexane;Methanol;317.4474624;0.62827;0.973393909;0.973312508;L2;43.78188294
906;Cyclohexane;Methanol;317.46;0.6676;0.973386211;0.973304982;L2;37.70917402
906;Cyclohexane;Methanol;317.508644;0.61465;0.973356333;0.97327578;L2;45.96972357
906;Cyclohexane;Methanol;317.5177413;0.63172;0.973350742;0.973270319;L2;43.22982345
906;Cyclohexane;Methanol;317.5297377;0.6383;0.973343369;0.973263117;L2;42.19285253
906;Cyclohexane;Methanol;317.538735;0.628;0.973337839;0.973257716;L2;43.8191069
906;Cyclohexane;Methanol;317.6200106;0.62664;0.973287845;0.973208925;L2;44.03076576
906;Cyclohexane;Methanol;317.65;0.631;0.973269382;0.973190922;L2;43.33550388
906;Cyclohexane;Methanol;317.65;0.6588;0.973269382;0.973190922;L2;39.0240903
906;Cyclohexane;Methanol;317.6716951;0.60735;0.973256021;0.973177899;L2;47.15419416
906;Cyclohexane;Methanol;317.7092838;0.62159;0.97323286;0.973155334;L2;44.83426643
906;Cyclohexane;Methanol;317.7140824;0.61229;0.973229903;0.973152453;L2;46.34143103
906;Cyclohexane;Methanol;317.738675;0.618;0.973214742;0.97313769;L2;45.41163012
906;Cyclohexane;Methanol;317.7959578;0.61668;0.973179406;0.973103302;L2;45.62181988
906;Cyclohexane;Methanol;317.7975993;0.65074;0.973178393;0.973102317;L2;40.24572318
906;Cyclohexane;Methanol;317.82859;0.605;0.973159263;0.973083713;L2;47.53192928
906;Cyclohexane;Methanol;317.8416441;0.6209;0.973151202;0.973075876;L2;44.93694293
906;Cyclohexane;Methanol;317.8526408;0.6041;0.97314441;0.973069275;L2;47.67927414
906;Cyclohexane;Methanol;317.8748341;0.61174;0.9731307;0.973055952;L2;46.42110442
906;Cyclohexane;Methanol;317.88863;0.607;0.973122175;0.97304767;L2;47.19808484
906;Cyclohexane;Methanol;317.9057249;0.60097;0.973111609;0.973037408;L2;48.19537651
906;Cyclohexane;Methanol;317.9266186;0.6285;0.973098691;0.973024865;L2;43.7149479
906;Cyclohexane;Methanol;317.94;0.63;0.973090416;0.973016832;L2;43.47571836
906;Cyclohexane;Methanol;317.9484121;0.60679;0.973085213;0.973011782;L2;47.22888886
906;Cyclohexane;Methanol;317.9499116;0.59717;0.973084286;0.973010882;L2;48.82688729
906;Cyclohexane;Methanol;317.9540104;0.58255;0.97308175;0.973008421;L2;51.30530786
906;Cyclohexane;Methanol;317.978545;0.563;0.97306657;0.972993693;L2;54.7172869
906;Cyclohexane;Methanol;318.0131926;0.60211;0.973045123;0.972972894;L2;47.99903036
906;Cyclohexane;Methanol;318.02;0.6414;0.973040908;0.972968807;L2;41.67728374
906;Cyclohexane;Methanol;318.0273884;0.59041;0.973036333;0.972964372;L2;49.96042118
906;Cyclohexane;Methanol;318.048582;0.4899;0.973023206;0.972951649;L2;68.6206643
906;Cyclohexane;Methanol;318.0575213;0.62785;0.973017668;0.972946283;L2;43.81009554
906;Cyclohexane;Methanol;318.0626778;0.58666;0.973014473;0.972943187;L2;50.59535207
906;Cyclohexane;Methanol;318.0764736;0.56647;0.973005924;0.972934905;L2;54.09660478
906;Cyclohexane;Methanol;318.078573;0.4903;0.973004622;0.972933645;L2;68.53713843
906;Cyclohexane;Methanol;318.08857;0.591;0.972998426;0.972927644;L2;49.85664473
906;Cyclohexane;Methanol;318.098567;0.4895;0.972992229;0.972921642;L2;68.69916335
906;Cyclohexane;Methanol;318.118561;0.4882;0.972979832;0.97290964;L2;68.96381961
906;Cyclohexane;Methanol;318.1232596;0.55644;0.972976918;0.972906819;L2;55.8801011
906;Cyclohexane;Methanol;318.1259588;0.59291;0.972975244;0.972905199;L2;49.53160218
906;Cyclohexane;Methanol;318.1285;0.671510589;0.972973668;0.972903673;L2;37.08272338
906;Cyclohexane;Methanol;318.1445532;0.6003;0.97296371;0.972894036;L2;48.29172539
906;Cyclohexane;Methanol;318.15;0.6036;0.97296033;0.972890766;L2;47.74315841
906;Cyclohexane;Methanol;318.1582491;0.5755;0.972955212;0.972885814;L2;52.50988222
906;Cyclohexane;Methanol;318.1715451;0.54686;0.972946961;0.972877833;L2;57.61367417
906;Cyclohexane;Methanol;318.1744442;0.58803;0.972945162;0.972876092;L2;50.35497535
906;Cyclohexane;Methanol;318.1925388;0.57204;0.972933929;0.97286523;L2;53.11072569
906;Cyclohexane;Methanol;318.2046352;0.53632;0.972926419;0.972857968;L2;59.55774585
906;Cyclohexane;Methanol;318.215332;0.5838;0.972919776;0.972851547;L2;51.07431704
906;Cyclohexane;Methanol;318.218473;0.5457;0.972917825;0.972849661;L2;57.82302496
906;Cyclohexane;Methanol;318.2255289;0.52608;0.972913443;0.972845426;L2;61.48418269
906;Cyclohexane;Methanol;318.22847;0.6226;0.972911616;0.97284366;L2;44.63889836
906;Cyclohexane;Methanol;318.2368255;0.56582;0.972906426;0.972838644;L2;54.20119001
906;Cyclohexane;Methanol;318.2389249;0.51406;0.972905121;0.972837384;L2;63.79465758
906;Cyclohexane;Methanol;318.2448231;0.49824;0.972901457;0.972833843;L2;66.92009108
906;Cyclohexane;Methanol;318.2526208;0.5796;0.972896612;0.972829162;L2;51.79396088
906;Cyclohexane;Methanol;318.268458;0.4932;0.972886769;0.972819655;L2;67.93529314
906;Cyclohexane;Methanol;318.268458;0.5182;0.972886769;0.972819655;L2;62.99064346
906;Cyclohexane;Methanol;318.2750141;0.55964;0.972882694;0.972815719;L2;55.29697942
906;Cyclohexane;Methanol;318.2775133;0.54258;0.972881141;0.972814219;L2;58.39263772
906;Cyclohexane;Methanol;318.2882101;0.57536;0.972874491;0.972807797;L2;52.525915
906;Cyclohexane;Methanol;318.28851;0.577;0.972874304;0.972807617;L2;52.24126237
906;Cyclohexane;Methanol;318.2902095;0.55676;0.972873248;0.972806597;L2;55.81195368
906;Cyclohexane;Methanol;318.2956079;0.53725;0.972869891;0.972803356;L2;59.37868184
906;Cyclohexane;Methanol;318.3074043;0.55013;0.972862556;0.972796275;L2;57.00881998
906;Cyclohexane;Methanol;318.315302;0.52809;0.972857644;0.972791534;L2;61.09710411
906;Cyclohexane;Methanol;318.3206004;0.57056;0.972854348;0.972788353;L2;53.36160426
906;Cyclohexane;Methanol;318.3277982;0.51871;0.97284987;0.972784032;L2;62.88848147
906;Cyclohexane;Methanol;318.3291978;0.54827;0.972849;0.972783192;L2;57.34610135
906;Cyclohexane;Methanol;318.3346961;0.5124;0.972845579;0.972779891;L2;64.11197936
906;Cyclohexane;Methanol;318.3370954;0.49445;0.972844086;0.972778451;L2;67.67777955
906;Cyclohexane;Methanol;318.338495;0.564;0.972843216;0.972777611;L2;54.51686826
906;Cyclohexane;Methanol;318.3401945;0.54512;0.972842158;0.97277659;L2;57.92158932
906;Cyclohexane;Methanol;318.3491918;0.56683;0.972836559;0.972771189;L2;54.01566571
906;Cyclohexane;Methanol;318.3631876;0.54138;0.972827849;0.972762787;L2;58.60857033
906;Cyclohexane;Methanol;318.3644872;0.5801;0.97282704;0.972762007;L2;51.70058045
906;Cyclohexane;Methanol;318.37;0.6;0.972823609;0.972758698;L2;48.32731244
906;Cyclohexane;Methanol;318.371885;0.56274;0.972822435;0.972757566;L2;54.73838637
906;Cyclohexane;Methanol;318.3740843;0.53654;0.972821066;0.972756246;L2;59.50590494
906;Cyclohexane;Methanol;318.3826817;0.53188;0.972815714;0.972751085;L2;60.3776764
906;Cyclohexane;Methanol;318.3921789;0.52583;0.9728098;0.972745384;L2;61.52106187
906;Cyclohexane;Methanol;318.3946781;0.55863;0.972808244;0.972743883;L2;55.46996277
906;Cyclohexane;Methanol;318.3976772;0.52145;0.972806376;0.972742083;L2;62.35716731
906;Cyclohexane;Methanol;318.4033755;0.51577;0.972802827;0.972738662;L2;63.4520488
906;Cyclohexane;Methanol;318.4077742;0.50675;0.972800088;0.972736022;L2;65.21608161
906;Cyclohexane;Methanol;318.4077742;0.50168;0.972800088;0.972736022;L2;66.22161352
906;Cyclohexane;Methanol;318.4080741;0.51005;0.972799901;0.972735841;L2;64.56696493
906;Cyclohexane;Methanol;318.4140723;0.55454;0.972796165;0.972732241;L2;56.20356276
906;Cyclohexane;Methanol;318.42841;0.5;0.972787233;0.972723634;L2;66.55572886
906;Cyclohexane;Methanol;318.428568;0.55074;0.972787134;0.972723539;L2;56.89024574
906;Cyclohexane;Methanol;318.438465;0.5867;0.972780968;0.972717597;L2;50.56453307
906;Cyclohexane;Methanol;318.438465;0.537;0.972780968;0.972717597;L2;59.41608522
906;Cyclohexane;Methanol;318.438465;0.549;0.972780968;0.972717597;L2;57.20605052
906;Cyclohexane;Methanol;318.4439634;0.5468;0.972777541;0.972714297;L2;57.60723196
906;Cyclohexane;Methanol;318.448404;0.6133;0.972774774;0.972711631;L2;46.1298367
906;Cyclohexane;Methanol;318.45516;0.54284;0.972770563;0.972707575;L2;58.33336338
906;Cyclohexane;Methanol;318.4594587;0.5191;0.972767884;0.972704995;L2;62.80489538
906;Cyclohexane;Methanol;318.4612582;0.53912;0.972766762;0.972703914;L2;59.02061629
906;Cyclohexane;Methanol;318.4693557;0.53531;0.972761714;0.972699053;L2;59.7293136
906;Cyclohexane;Methanol;318.4713971;0.60143;0.972760442;0.972697828;L2;48.08276931
906;Cyclohexane;Methanol;318.475154;0.53166;0.972758099;0.972695573;L2;60.41312509
906;Cyclohexane;Methanol;318.478453;0.52806;0.972756043;0.972693592;L2;61.09234101
906;Cyclohexane;Methanol;318.4830516;0.52437;0.972753175;0.972690832;L2;61.7932834
906;Cyclohexane;Methanol;318.4840513;0.52079;0.972752552;0.972690231;L2;62.47828457
906;Cyclohexane;Methanol;318.4848511;0.51737;0.972752053;0.972689751;L2;63.13709366
906;Cyclohexane;Methanol;318.4872504;0.514;0.972750557;0.972688311;L2;63.7904419
906;Cyclohexane;Methanol;318.4876502;0.50724;0.972750308;0.972688071;L2;65.11431638
906;Cyclohexane;Methanol;318.4879502;0.50393;0.972750121;0.972687891;L2;65.76898663
906;Cyclohexane;Methanol;318.48845;0.525;0.972749809;0.972687591;L2;61.67286528
906;Cyclohexane;Methanol;318.48845;0.513;0.972749809;0.972687591;L2;63.98510702
906;Cyclohexane;Methanol;318.48845;0.501;0.972749809;0.972687591;L2;66.35208143
906;Cyclohexane;Methanol;318.4895497;0.51053;0.972749123;0.972686931;L2;64.46768086
906;Cyclohexane;Methanol;318.4904494;0.5784;0.972748562;0.972686391;L2;51.98599628
906;Cyclohexane;Methanol;318.5;0.6502;0.972742606;0.972680657;L2;40.28395025
906;Cyclohexane;Methanol;318.5294377;0.5842;0.972724241;0.972662985;L2;50.98572411
906;Cyclohexane;Methanol;318.5294377;0.5842;0.972724241;0.972662985;L2;50.98572411
906;Cyclohexane;Methanol;318.53;0.3945;0.97272389;0.972662648;L2;90.24811301
906;Cyclohexane;Methanol;318.5404344;0.5591;0.972717379;0.972656384;L2;55.37652283
906;Cyclohexane;Methanol;318.55;0.432;0.972711409;0.972650642;L2;81.16618504
906;Cyclohexane;Methanol;318.5574293;0.4554;0.972706771;0.972646182;L2;75.89065175
906;Cyclohexane;Methanol;318.578365;0.4269;0.9726937;0.972633614;L2;82.35194394
906;Cyclohexane;Methanol;318.578365;0.5927;0.9726937;0.972633614;L2;49.53808644
906;Cyclohexane;Methanol;318.61;0.412;0.972673941;0.972614623;L2;85.90255701
906;Cyclohexane;Methanol;318.6264086;0.4849;0.972663689;0.972604773;L2;69.60956949
906;Cyclohexane;Methanol;318.62835;0.386180831;0.972662476;0.972603607;L2;92.37313979
906;Cyclohexane;Methanol;318.62835;0.634286735;0.972662476;0.972603607;L2;42.75360162
906;Cyclohexane;Methanol;318.628408;0.5524;0.97266244;0.972603572;L2;56.5764673
906;Cyclohexane;Methanol;318.6404044;0.5695;0.972654942;0.972596371;L2;53.52706035
906;Cyclohexane;Methanol;318.6404044;0.5695;0.972654942;0.972596371;L2;53.52706035
906;Cyclohexane;Methanol;318.648344;0.4604;0.97264998;0.972591605;L2;74.79286073
906;Cyclohexane;Methanol;318.6494017;0.4114;0.972649318;0.97259097;L2;86.04576272
906;Cyclohexane;Methanol;318.6494017;0.4114;0.972649318;0.97259097;L2;86.04576272
906;Cyclohexane;Methanol;318.65;0.6142;0.972648944;0.97259061;L2;45.97026119
906;Cyclohexane;Methanol;318.65;0.4772;0.972648944;0.97259061;L2;71.20875297
906;Cyclohexane;Methanol;318.6524008;0.5511;0.972647444;0.972589169;L2;56.8105396
906;Cyclohexane;Methanol;318.658341;0.5688;0.97264373;0.972585603;L2;53.64889804
906;Cyclohexane;Methanol;318.67;0.6094;0.97263644;0.972578604;L2;46.75354976
906;Cyclohexane;Methanol;318.688332;0.4688;0.972624976;0.972567599;L2;72.98223387
906;Cyclohexane;Methanol;318.6973873;0.5596;0.972619311;0.972562163;L2;55.27705105
906;Cyclohexane;Methanol;318.6973873;0.5596;0.972619311;0.972562163;L2;55.27705105
906;Cyclohexane;Methanol;318.7023858;0.4217;0.972616185;0.972559163;L2;83.56953776
906;Cyclohexane;Methanol;318.708326;0.5048;0.972612468;0.972555597;L2;65.58234061
906;Cyclohexane;Methanol;318.708326;0.48;0.972612468;0.972555597;L2;70.61996134
906;Cyclohexane;Methanol;318.71;0.55;0.972611421;0.972554592;L2;57.00663622
906;Cyclohexane;Methanol;318.718381;0.4565;0.972606177;0.972549561;L2;75.63905486
906;Cyclohexane;Methanol;318.72;0.3635;0.972605164;0.972548589;L2;98.419891
906;Cyclohexane;Methanol;318.72832;0.388203423;0.972599957;0.972543594;L2;91.84433653
906;Cyclohexane;Methanol;318.72832;0.4947;0.972599957;0.972543594;L2;67.60213354
906;Cyclohexane;Methanol;318.72832;0.611149521;0.972599957;0.972543594;L2;46.46312092
906;Cyclohexane;Methanol;318.72832;0.4947;0.972599957;0.972543594;L2;67.60213354
906;Cyclohexane;Methanol;318.7493717;0.548;0.97258678;0.972530956;L2;57.36840182
906;Cyclohexane;Methanol;318.7493717;0.548;0.97258678;0.972530956;L2;57.36840182
906;Cyclohexane;Methanol;318.7733645;0.5007;0.972571757;0.972516553;L2;66.3936739
906;Cyclohexane;Methanol;318.7813041;0.48278;0.972566784;0.972511787;L2;70.03776822
906;Cyclohexane;Methanol;318.7813621;0.5101;0.972566748;0.972511752;L2;64.53319232
906;Cyclohexane;Methanol;318.7853029;0.56684;0.972564279;0.972509387;L2;53.98590932
906;Cyclohexane;Methanol;318.7873603;0.5296;0.97256299;0.972508151;L2;60.78128405
906;Cyclohexane;Methanol;318.78836;0.4637;0.972562364;0.972507551;L2;74.06964098
906;Cyclohexane;Methanol;318.78836;0.4637;0.972562364;0.972507551;L2;74.06964098
906;Cyclohexane;Methanol;318.7913011;0.54289;0.972560522;0.972505786;L2;58.30255857
906;Cyclohexane;Methanol;318.7913591;0.4682;0.972560486;0.972505751;L2;73.10367144
906;Cyclohexane;Methanol;318.7913591;0.4682;0.972560486;0.972505751;L2;73.10367144
906;Cyclohexane;Methanol;318.7933585;0.5159;0.972559233;0.972504551;L2;63.40180334
906;Cyclohexane;Methanol;318.7933585;0.5159;0.972559233;0.972504551;L2;63.40180334
906;Cyclohexane;Methanol;318.7952999;0.52914;0.972558017;0.972503385;L2;60.8676684
906;Cyclohexane;Methanol;318.7953579;0.486;0.97255798;0.97250335;L2;69.37210699
906;Cyclohexane;Methanol;318.7953579;0.486;0.97255798;0.97250335;L2;69.37210699
906;Cyclohexane;Methanol;318.8;0.4263;0.972555072;0.972500564;L2;82.47833797
906;Cyclohexane;Methanol;318.8033555;0.506;0.97255297;0.972498549;L2;65.33878725
906;Cyclohexane;Methanol;318.8033555;0.506;0.97255297;0.972498549;L2;65.33878725
906;Cyclohexane;Methanol;318.82;0.4193;0.97254254;0.972488557;L2;84.13271633
906;Cyclohexane;Methanol;318.838345;0.533;0.972531042;0.972477545;L2;60.13805702
906;Cyclohexane;Methanol;318.84;0.4433;0.972530004;0.972476551;L2;78.56541858
906;Cyclohexane;Methanol;318.85;0.45;0.972523735;0.972470548;L2;77.06468983
906;Cyclohexane;Methanol;318.85;0.4142;0.972523735;0.972470548;L2;85.35455321
906;Cyclohexane;Methanol;318.89;0.5;0.972498648;0.972446536;L2;66.52605866
906;Cyclohexane;Methanol;318.918321;0.506;0.972480876;0.972429534;L2;65.33137417
906;Cyclohexane;Methanol;318.918321;0.494;0.972480876;0.972429534;L2;67.73148938
906;Cyclohexane;Methanol;318.918321;0.494;0.972480876;0.972429534;L2;67.73148938
906;Cyclohexane;Methanol;318.918321;0.5139;0.972480876;0.972429534;L2;63.7821717
906;Cyclohexane;Methanol;318.92826;0.41206472;0.972474638;0.972423568;L2;85.86635716
906;Cyclohexane;Methanol;318.92826;0.611149521;0.972474638;0.972423568;L2;46.45023516
906;Cyclohexane;Methanol;318.99;0.4663;0.972435865;0.972386504;L2;73.49749206
906;Cyclohexane;Methanol;318.998239;0.41206472;0.972430688;0.972381558;L2;85.86183764
906;Cyclohexane;Methanol;318.998239;0.567354749;0.972430688;0.972381558;L2;53.88140331
906;Cyclohexane;Methanol;319.01;0.5421;0.972423297;0.972374498;L2;58.4340714
906;Cyclohexane;Methanol;319.02;0.4939;0.972417012;0.972368495;L2;67.74516691
906;Cyclohexane;Methanol;319.03;0.5884;0.972410725;0.972362492;L2;50.23712833
906;Cyclohexane;Methanol;319.04;0.5767;0.972404438;0.972356489;L2;52.24496058
906;Cyclohexane;Methanol;319.07;0.5617;0.972385571;0.97233848;L2;54.8784504
906;Cyclohexane;Methanol;319.07;0.5136;0.972385571;0.97233848;L2;63.83076512
906;Cyclohexane;Methanol;319.1;0.4473;0.972366695;0.97232047;L2;77.65034811
906;Cyclohexane;Methanol;319.13;0.5026;0.972347811;0.972302461;L2;65.99189454
906;Cyclohexane;Methanol;319.14;0.6037;0.972341514;0.972296458;L2;47.6629709
906;Cyclohexane;Methanol;319.21;0.4705;0.972297412;0.972254436;L2;72.58657777
906;Cyclohexane;Methanol;319.23;0.5745;0.972284802;0.97224243;L2;52.61486709
906;Cyclohexane;Methanol;319.23;0.5073;0.972284802;0.97224243;L2;65.05462236
906;Cyclohexane;Methanol;319.29;0.5332;0.972246952;0.972206411;L2;60.07132501
906;Cyclohexane;Methanol;319.353;0.5007;0.972207173;0.972168591;L2;66.35618036
906;Cyclohexane;Methanol;319.42;0.6188;0.972164828;0.97212837;L2;45.17432471
906;Cyclohexane;Methanol;319.455;0.5889;0.97214269;0.972107359;L2;50.1246204
906;Cyclohexane;Methanol;319.457;0.5201;0.972141425;0.972106159;L2;62.54801916
906;Cyclohexane;Methanol;319.555;0.5466;0.972079376;0.972047328;L2;57.572019
906;Cyclohexane;Methanol;319.6;0.5604;0.972050854;0.972020314;L2;55.07573073
906;Cyclohexane;Methanol;319.6;0.4825;0.972050854;0.972020314;L2;70.0427201
910;Cyclohexane;Water;278.259254;1.84E-05;;;L1;
910;Cyclohexane;Water;283.148055;9.20E-06;5.98E-06;6.10E-06;L1;43.12975104
910;Cyclohexane;Water;288.356492;1.99E-05;6.73E-06;7.01E-06;L1;108.379146
910;Cyclohexane;Water;289.1404;1.30E-05;6.85E-06;7.15E-06;L1;64.03295995
910;Cyclohexane;Water;293.14537;2.10E-05;7.49E-06;7.85E-06;L1;103.0403634
910;Cyclohexane;Water;293.14537;1.50E-05;7.49E-06;7.85E-06;L1;69.39313969
910;Cyclohexane;Water;293.14537;1.01E-05;7.49E-06;7.85E-06;L1;29.84166197
910;Cyclohexane;Water;293.14537;1.50E-05;7.49E-06;7.85E-06;L1;69.39313969
910;Cyclohexane;Water;295;1.67E-05;7.81E-06;8.18E-06;L1;76.033898
910;Cyclohexane;Water;298.1;1.25E-05;8.35E-06;8.72E-06;L1;40.28939979
910;Cyclohexane;Water;298.136;1.70E-05;8.36E-06;8.72E-06;L1;70.95967206
910;Cyclohexane;Water;298.136;1.18E-05;8.36E-06;8.72E-06;L1;34.4482908
910;Cyclohexane;Water;298.136;1.18E-05;8.36E-06;8.72E-06;L1;34.4482908
910;Cyclohexane;Water;298.136;2.20E-05;8.36E-06;8.72E-06;L1;96.74258299
910;Cyclohexane;Water;298.14437;2.58E-05;8.36E-06;8.73E-06;L1;112.6576075
910;Cyclohexane;Water;298.14437;1.23E-05;8.36E-06;8.73E-06;L1;38.58008455
910;Cyclohexane;Water;298.14437;1.13E-05;8.36E-06;8.73E-06;L1;30.10043088
910;Cyclohexane;Water;298.14437;1.25E-05;8.36E-06;8.73E-06;L1;40.19302274
910;Cyclohexane;Water;298.14437;1.42E-05;8.36E-06;8.73E-06;L1;52.94435477
910;Cyclohexane;Water;298.14437;1.21E-05;8.36E-06;8.73E-06;L1;36.94070357
910;Cyclohexane;Water;298.19436;1.20E-05;8.37E-06;8.73E-06;L1;36.00225953
910;Cyclohexane;Water;298.19436;1.20E-05;8.37E-06;8.73E-06;L1;36.00225953
910;Cyclohexane;Water;298.254348;2.00E-05;8.38E-06;8.74E-06;L1;86.95457421
910;Cyclohexane;Water;303.143055;1.05E-05;9.31E-06;9.60E-06;L1;12.00881304
910;Cyclohexane;Water;308.351492;2.00E-05;1.04E-05;1.05E-05;L1;65.46873215
910;Cyclohexane;Water;313.140055;1.56E-05;1.15E-05;1.17E-05;L1;30.72639147
910;Cyclohexane;Water;313.140055;1.99E-05;1.15E-05;1.17E-05;L1;55.07127322
910;Cyclohexane;Water;313.15;1.34E-05;1.15E-05;1.17E-05;L1;15.50440766
910;Cyclohexane;Water;318.348492;2.07E-05;1.28E-05;1.32E-05;L1;48.45309182
910;Cyclohexane;Water;333.14;1.68E-05;1.70E-05;1.74E-05;L1;1.315435382
910;Cyclohexane;Water;353.16;2.43E-05;2.46E-05;2.53E-05;L1;1.161537224
910;Cyclohexane;Water;373.12437;3.79E-05;3.46E-05;3.50E-05;L1;9.004334173
910;Cyclohexane;Water;373.12437;2.35E-05;3.46E-05;3.50E-05;L1;38.79073492
910;Cyclohexane;Water;397.9;6.17E-05;5.15E-05;5.18E-05;L1;18.04349651
910;Cyclohexane;Water;422.004592;0.000103;7.38E-05;7.49E-05;L1;33.28285439
910;Cyclohexane;Water;423.11437;0.00013;7.50E-05;7.60E-05;L1;54.96168339
910;Cyclohexane;Water;473.11;0.000392;0.000147694;0.000149961;L1;97.6116377
910;Cyclohexane;Water;482.17;0.000493;0.000165592;0.000167187;L1;109.0983838
910;Cyclohexane;Water;283.144;0.999687068;0.999999609;0.99999979;L2;0.031258961
910;Cyclohexane;Water;283.148055;0.99984;0.999999609;0.99999979;L2;0.015962133
910;Cyclohexane;Water;287.1416;0.99977;0.999999479;0.999999524;L2;0.022950561
910;Cyclohexane;Water;288.146555;0.9998;0.999999441;0.999999457;L2;0.019946121
910;Cyclohexane;Water;292.1386;0.99953;0.999999265;0.999999191;L2;0.046937598
910;Cyclohexane;Water;293.138;0.99954;0.999999215;0.999999124;L2;0.045932041
910;Cyclohexane;Water;293.138;0.999430299;0.999999215;0.999999124;L2;0.056907792
910;Cyclohexane;Water;293.138;0.999530221;0.999999215;0.999999124;L2;0.046910396
910;Cyclohexane;Water;293.138;0.99959;0.999999215;0.999999124;L2;0.040929866
910;Cyclohexane;Water;293.14537;0.99953;0.999999214;0.999999124;L2;0.046932468
910;Cyclohexane;Water;293.14537;0.99953;0.999999214;0.999999124;L2;0.046932468
910;Cyclohexane;Water;293.14537;0.99972;0.999999214;0.999999124;L2;0.02792534
910;Cyclohexane;Water;295;0.999748;0.999999111;0.999999;L2;0.025114321
910;Cyclohexane;Water;298.136;0.99968;0.999998911;0.999998791;L2;0.031896213
910;Cyclohexane;Water;298.136;0.99945;0.999998911;0.999998791;L2;0.054906222
910;Cyclohexane;Water;298.14437;0.99967;0.99999891;0.99999879;L2;0.032896479
910;Cyclohexane;Water;301.6346;0.9993;0.999998642;0.999998558;L2;0.069888678
910;Cyclohexane;Water;303.134;0.999094321;0.99999851;0.999998458;L2;0.0904599
910;Cyclohexane;Water;303.143055;0.99955;0.999998509;0.999998457;L2;0.044861008
910;Cyclohexane;Water;303.25;0.99932;0.999998499;0.99999845;L2;0.067873027
910;Cyclohexane;Water;305.633;0.99907;0.999998265;0.999998291;L2;0.092869743
910;Cyclohexane;Water;308.141555;0.99947;0.999997984;0.999998124;L2;0.052812499
910;Cyclohexane;Water;311.1308;0.99855;0.9999976;0.999997661;L2;0.144865239
910;Cyclohexane;Water;313.13;0.99852077;0.999997309;0.999997061;L2;0.14776342
910;Cyclohexane;Water;313.140055;0.999076;0.999997308;0.999997058;L2;0.092173468
910;Cyclohexane;Water;313.140055;0.99887;0.999997308;0.999997058;L2;0.112794646
910;Cyclohexane;Water;313.140055;0.999113;0.999997308;0.999997058;L2;0.088470114
910;Cyclohexane;Water;313.140055;0.99939;0.999997308;0.999997058;L2;0.060749365
910;Cyclohexane;Water;323.05;0.9987;0.99999537;0.999994085;L2;0.129621568
910;Cyclohexane;Water;323.127;0.997714942;0.999995351;0.999994062;L2;0.228302386
910;Cyclohexane;Water;323.127;0.9993;0.999995351;0.999994062;L2;0.069559625
910;Cyclohexane;Water;326.1261;0.99767;0.999994566;0.999993162;L2;0.232728425
910;Cyclohexane;Water;342.95;0.99722;0.999987719;0.999986344;L2;0.277159025
910;Cyclohexane;Water;366.455704;0.9898;0.999966916;0.999965189;L2;1.021929173
910;Cyclohexane;Water;367.565482;0.9898;0.999965459;0.99996419;L2;1.021783503
910;Cyclohexane;Water;373.12437;0.99565;0.999957333;0.999954706;L2;0.431682112
910;Cyclohexane;Water;373.12437;0.99488;0.999957333;0.999954706;L2;0.509048445
910;Cyclohexane;Water;373.35;0.99402;0.999956973;0.999954179;L2;0.59549234
910;Cyclohexane;Water;389.231148;0.9789;0.999924378;0.999917121;L2;2.125016229
910;Cyclohexane;Water;393.85;0.9888;0.999911784;0.999906343;L2;1.117497283
910;Cyclohexane;Water;394.230148;0.9775;0.999910676;0.999905456;L2;2.26676588
910;Cyclohexane;Water;403.11837;0.964;0.99988131;0.999876388;L2;3.65452877
910;Cyclohexane;Water;413.11637;0.9628;0.999839335;0.99982639;L2;3.774889547
910;Cyclohexane;Water;422.004592;0.9536;0.999792606;0.999781941;L2;4.730356718
910;Cyclohexane;Water;423.11437;0.9796;0.999786074;0.999776392;L2;2.039700531
910;Cyclohexane;Water;423.11437;0.976;0.999786074;0.999776392;L2;2.407874398
910;Cyclohexane;Water;423.35;0.9737;0.999784666;0.999775213;L2;2.643667421
910;Cyclohexane;Water;436.112385;0.907;0.999696515;0.999683629;L2;9.730929742
910;Cyclohexane;Water;446.15;0.9555;0.999608707;0.999587904;L2;4.512914582
910;Cyclohexane;Water;461.110885;0.87;0.999441708;0.999437539;L2;13.87036195
910;Cyclohexane;Water;473.11;0.9211;0.999271083;0.999241422;L2;8.145748834
910;Cyclohexane;Water;473.11;0.9207;0.999271083;0.999241422;L2;8.189184604
910;Cyclohexane;Water;474.01;0.846;0.999256814;0.999226713;L2;16.6492457
910;Cyclohexane;Water;486.61;0.807;0.999033306;0.999020775;L2;21.34644488
910;Cyclohexane;Water;492.11;0.784;0.998920869;0.998910424;L2;24.22665451
910;Cyclohexane;Water;505.11;0.735;0.99861519;0.998574182;L2;30.64990103
910;Cyclohexane;Water;516.36896;0.796015073;0.998300644;0.998282971;L2;22.64363555
910;Cyclohexane;Water;517.11;0.678;0.998278195;0.998263804;L2;38.68847018
910;Cyclohexane;Water;523.11;0.65;0.998088076;0.998068754;L2;42.88691618
919;Cyclohexane;N-Methyl-2-pyrrolidone;278.025;0.308;;;L1;
919;Cyclohexane;N-Methyl-2-pyrrolidone;279.196;0.318;;;L1;
919;Cyclohexane;N-Methyl-2-pyrrolidone;280.246;0.33;;;L1;
919;Cyclohexane;N-Methyl-2-pyrrolidone;281.102;0.338;;;L1;
919;Cyclohexane;N-Methyl-2-pyrrolidone;281.51;0.3375;;;L1;
919;Cyclohexane;N-Methyl-2-pyrrolidone;281.993;0.349;;;L1;
919;Cyclohexane;N-Methyl-2-pyrrolidone;282.688;0.357;;;L1;
919;Cyclohexane;N-Methyl-2-pyrrolidone;283.165;0.364;;;L1;
919;Cyclohexane;N-Methyl-2-pyrrolidone;283.21;0.3648;;;L1;
919;Cyclohexane;N-Methyl-2-pyrrolidone;283.651;0.372;;;L1;
919;Cyclohexane;N-Methyl-2-pyrrolidone;284.149;0.38;;;L1;
919;Cyclohexane;N-Methyl-2-pyrrolidone;284.656;0.388;;;L1;
919;Cyclohexane;N-Methyl-2-pyrrolidone;284.81;0.3903;;;L1;
919;Cyclohexane;N-Methyl-2-pyrrolidone;285.176;0.398;;;L1;
919;Cyclohexane;N-Methyl-2-pyrrolidone;285.709;0.406;;;L1;
919;Cyclohexane;N-Methyl-2-pyrrolidone;286.251;0.42;;;L1;
919;Cyclohexane;N-Methyl-2-pyrrolidone;286.38;0.4185;;;L1;
919;Cyclohexane;N-Methyl-2-pyrrolidone;286.807;0.432;;;L1;
919;Cyclohexane;N-Methyl-2-pyrrolidone;287.377;0.451;;;L1;
919;Cyclohexane;N-Methyl-2-pyrrolidone;287.729;0.46;;;L1;
919;Cyclohexane;N-Methyl-2-pyrrolidone;287.73;0.4464;;;L1;
919;Cyclohexane;N-Methyl-2-pyrrolidone;288.005;0.473;;;L1;
919;Cyclohexane;N-Methyl-2-pyrrolidone;288.127;0.476;;;L1;
919;Cyclohexane;N-Methyl-2-pyrrolidone;288.246;0.482;;;L1;
919;Cyclohexane;N-Methyl-2-pyrrolidone;288.368;0.488;;;L1;
919;Cyclohexane;N-Methyl-2-pyrrolidone;288.492;0.495;;;L1;
919;Cyclohexane;N-Methyl-2-pyrrolidone;288.59;0.5023;;;L1;
919;Cyclohexane;N-Methyl-2-pyrrolidone;288.615;0.501;;;L1;
919;Cyclohexane;N-Methyl-2-pyrrolidone;288.71;0.509;;;L1;
919;Cyclohexane;N-Methyl-2-pyrrolidone;288.806;0.517;;;L1;
919;Cyclohexane;N-Methyl-2-pyrrolidone;288.869;0.523;;;L1;
919;Cyclohexane;N-Methyl-2-pyrrolidone;288.932;0.53;;;L1;
919;Cyclohexane;N-Methyl-2-pyrrolidone;288.981;0.536;;;L1;
919;Cyclohexane;N-Methyl-2-pyrrolidone;289.02;0.543;;;L1;
919;Cyclohexane;N-Methyl-2-pyrrolidone;289.039;0.547;;;L1;
919;Cyclohexane;N-Methyl-2-pyrrolidone;289.057;0.552;;;L1;
919;Cyclohexane;N-Methyl-2-pyrrolidone;289.074;0.554;;;L1;
919;Cyclohexane;N-Methyl-2-pyrrolidone;289.085;0.556;;;L1;
919;Cyclohexane;N-Methyl-2-pyrrolidone;289.1;0.5601;;;L1;
919;Cyclohexane;N-Methyl-2-pyrrolidone;289.101;0.565;;;L1;
919;Cyclohexane;N-Methyl-2-pyrrolidone;289.119;0.574;;;L1;
919;Cyclohexane;N-Methyl-2-pyrrolidone;289.32;0.6158;;;L1;
919;Cyclohexane;N-Methyl-2-pyrrolidone;278.025;0.895;;;L2;
919;Cyclohexane;N-Methyl-2-pyrrolidone;279.196;0.886;;;L2;
919;Cyclohexane;N-Methyl-2-pyrrolidone;280.246;0.879;;;L2;
919;Cyclohexane;N-Methyl-2-pyrrolidone;280.79;0.8784;;;L2;
919;Cyclohexane;N-Methyl-2-pyrrolidone;281.102;0.872;;;L2;
919;Cyclohexane;N-Methyl-2-pyrrolidone;281.993;0.864;;;L2;
919;Cyclohexane;N-Methyl-2-pyrrolidone;282.688;0.851;;;L2;
919;Cyclohexane;N-Methyl-2-pyrrolidone;283.165;0.847;;;L2;
919;Cyclohexane;N-Methyl-2-pyrrolidone;283.651;0.842;;;L2;
919;Cyclohexane;N-Methyl-2-pyrrolidone;283.93;0.8661;;;L2;
919;Cyclohexane;N-Methyl-2-pyrrolidone;284.149;0.835;;;L2;
919;Cyclohexane;N-Methyl-2-pyrrolidone;284.656;0.828;;;L2;
919;Cyclohexane;N-Methyl-2-pyrrolidone;285.176;0.821;;;L2;
919;Cyclohexane;N-Methyl-2-pyrrolidone;285.709;0.81;;;L2;
919;Cyclohexane;N-Methyl-2-pyrrolidone;286.251;0.806;;;L2;
919;Cyclohexane;N-Methyl-2-pyrrolidone;286.33;0.8489;;;L2;
919;Cyclohexane;N-Methyl-2-pyrrolidone;286.807;0.79;;;L2;
919;Cyclohexane;N-Methyl-2-pyrrolidone;287.3;0.8328;;;L2;
919;Cyclohexane;N-Methyl-2-pyrrolidone;287.377;0.777;;;L2;
919;Cyclohexane;N-Methyl-2-pyrrolidone;287.729;0.767;;;L2;
919;Cyclohexane;N-Methyl-2-pyrrolidone;288.005;0.755;;;L2;
919;Cyclohexane;N-Methyl-2-pyrrolidone;288.127;0.751;;;L2;
919;Cyclohexane;N-Methyl-2-pyrrolidone;288.246;0.744;;;L2;
919;Cyclohexane;N-Methyl-2-pyrrolidone;288.368;0.74;;;L2;
919;Cyclohexane;N-Methyl-2-pyrrolidone;288.492;0.728;;;L2;
919;Cyclohexane;N-Methyl-2-pyrrolidone;288.52;0.8182;;;L2;
919;Cyclohexane;N-Methyl-2-pyrrolidone;288.615;0.724;;;L2;
919;Cyclohexane;N-Methyl-2-pyrrolidone;288.71;0.717;;;L2;
919;Cyclohexane;N-Methyl-2-pyrrolidone;288.806;0.711;;;L2;
919;Cyclohexane;N-Methyl-2-pyrrolidone;288.869;0.703;;;L2;
919;Cyclohexane;N-Methyl-2-pyrrolidone;288.932;0.697;;;L2;
919;Cyclohexane;N-Methyl-2-pyrrolidone;288.981;0.688;;;L2;
919;Cyclohexane;N-Methyl-2-pyrrolidone;289.02;0.68;;;L2;
919;Cyclohexane;N-Methyl-2-pyrrolidone;289.039;0.678;;;L2;
919;Cyclohexane;N-Methyl-2-pyrrolidone;289.057;0.675;;;L2;
919;Cyclohexane;N-Methyl-2-pyrrolidone;289.074;0.67;;;L2;
919;Cyclohexane;N-Methyl-2-pyrrolidone;289.085;0.67;;;L2;
919;Cyclohexane;N-Methyl-2-pyrrolidone;289.101;0.664;;;L2;
919;Cyclohexane;N-Methyl-2-pyrrolidone;289.109;0.662;;;L2;
919;Cyclohexane;N-Methyl-2-pyrrolidone;289.119;0.659;;;L2;
919;Cyclohexane;N-Methyl-2-pyrrolidone;289.12;0.789;;;L2;
919;Cyclohexane;N-Methyl-2-pyrrolidone;289.129;0.654;;;L2;
919;Cyclohexane;N-Methyl-2-pyrrolidone;289.26;0.7156;;;L2;
919;Cyclohexane;N-Methyl-2-pyrrolidone;289.36;0.673;;;L2;
1071;Methylcyclohexane;N,N-Dimethylformamide (DMF);288.15;0.124;0.232479342;0.232615544;L1;62.85198034
1071;Methylcyclohexane;N,N-Dimethylformamide (DMF);293.15;0.136;0.242017558;0.242170253;L1;57.63553895
1071;Methylcyclohexane;N,N-Dimethylformamide (DMF);293.15;0.138;0.242017558;0.242170253;L1;56.175659
1071;Methylcyclohexane;N,N-Dimethylformamide (DMF);295.15;0.145;0.246038295;0.246162375;L1;52.87534522
1071;Methylcyclohexane;N,N-Dimethylformamide (DMF);298.15;0.154;0.252304292;0.252410767;L1;49.36832665
1071;Methylcyclohexane;N,N-Dimethylformamide (DMF);298.15;0.156;0.252304292;0.252410767;L1;48.07798616
1071;Methylcyclohexane;N,N-Dimethylformamide (DMF);298.15;0.155;0.252304292;0.252410767;L1;48.7210752
1071;Methylcyclohexane;N,N-Dimethylformamide (DMF);301.15;0.166;0.258868658;0.259008907;L1;44.43330345
1071;Methylcyclohexane;N,N-Dimethylformamide (DMF);303.15;0.177;0.26342104;0.263433793;L1;39.7603931
1071;Methylcyclohexane;N,N-Dimethylformamide (DMF);303.15;0.1761;0.26342104;0.263433793;L1;40.2701648
1071;Methylcyclohexane;N,N-Dimethylformamide (DMF);303.15;0.174;0.26342104;0.263433793;L1;41.46983643
1071;Methylcyclohexane;N,N-Dimethylformamide (DMF);303.15;0.18;0.26342104;0.263433793;L1;38.07968127
1071;Methylcyclohexane;N,N-Dimethylformamide (DMF);305.15;0.184;0.268122553;0.268280293;L1;37.6508407
1071;Methylcyclohexane;N,N-Dimethylformamide (DMF);307.15;0.194;0.272981137;0.273126794;L1;34.15445368
1071;Methylcyclohexane;N,N-Dimethylformamide (DMF);308.15;0.205;0.275472061;0.275550044;L1;29.54762323
1071;Methylcyclohexane;N,N-Dimethylformamide (DMF);309.5;0.2135;0.278902707;0.278971784;L1;26.72261665
1071;Methylcyclohexane;N,N-Dimethylformamide (DMF);313.15;0.242;0.288593215;0.288725987;L1;17.60804105
1071;Methylcyclohexane;N,N-Dimethylformamide (DMF);313.21;0.2413;0.288757848;0.28888633;L1;17.95474697
1071;Methylcyclohexane;N,N-Dimethylformamide (DMF);315.06;0.259;0.293924101;0.294002811;L1;12.64935126
1071;Methylcyclohexane;N,N-Dimethylformamide (DMF);317.05;0.2809;0.299685212;0.299880712;L1;6.473389623
1071;Methylcyclohexane;N,N-Dimethylformamide (DMF);317.91;0.2926;0.302244164;0.30242091;L1;3.242869091
1071;Methylcyclohexane;N,N-Dimethylformamide (DMF);319.98;0.3275;0.308585941;0.308634433;L1;5.948767413
1071;Methylcyclohexane;N,N-Dimethylformamide (DMF);321.28;0.3584;0.31270826;0.312892407;L1;13.63790014
1071;Methylcyclohexane;N,N-Dimethylformamide (DMF);321.43;0.3668;0.313191185;0.313383711;L1;15.80029201
1071;Methylcyclohexane;N,N-Dimethylformamide (DMF);322.18;0.3939;0.315629122;0.315840235;L1;22.15292114
1071;Methylcyclohexane;N,N-Dimethylformamide (DMF);322.31;0.404;0.316055709;0.316266032;L1;24.5496387
1071;Methylcyclohexane;N,N-Dimethylformamide (DMF);322.5;0.4196;0.316681348;0.316888352;L1;28.14058194
1071;Methylcyclohexane;N,N-Dimethylformamide (DMF);322.66;0.4358;0.317210212;0.31741241;L1;31.76187385
1071;Methylcyclohexane;N,N-Dimethylformamide (DMF);322.73;0.4497;0.317442172;0.317641686;L1;34.82850281
1071;Methylcyclohexane;N,N-Dimethylformamide (DMF);322.81;0.5348;0.317707704;0.317903715;L1;52.0761055
1071;Methylcyclohexane;N,N-Dimethylformamide (DMF);322.84;0.4843;0.317807399;0.318001976;L1;42.12590147
1071;Methylcyclohexane;N,N-Dimethylformamide (DMF);322.85;0.5446;0.317840645;0.318034729;L1;53.850144
1071;Methylcyclohexane;N,N-Dimethylformamide (DMF);322.85;0.5151;0.317840645;0.318034729;L1;48.28109164
1071;Methylcyclohexane;N,N-Dimethylformamide (DMF);322.85;0.5125;0.317840645;0.318034729;L1;47.77505708
1071;Methylcyclohexane;N,N-Dimethylformamide (DMF);288.15;0.932;0.886790325;0.886630391;L2;4.972424728
1071;Methylcyclohexane;N,N-Dimethylformamide (DMF);293.15;0.918;0.875132815;0.874956735;L2;4.782172672
1071;Methylcyclohexane;N,N-Dimethylformamide (DMF);295.15;0.911;0.87023194;0.870089397;L2;4.578312344
1071;Methylcyclohexane;N,N-Dimethylformamide (DMF);298.15;0.9;0.862611135;0.862490809;L2;4.243077111
1071;Methylcyclohexane;N,N-Dimethylformamide (DMF);298.15;0.901;0.862611135;0.862490809;L2;4.354126539
1071;Methylcyclohexane;N,N-Dimethylformamide (DMF);301.15;0.889;0.854650668;0.854492237;L2;3.940442535
1071;Methylcyclohexane;N,N-Dimethylformamide (DMF);303.15;0.8823;0.849144801;0.849130565;L2;3.830240786
1071;Methylcyclohexane;N,N-Dimethylformamide (DMF);303.15;0.882;0.849144801;0.849130565;L2;3.796232964
1071;Methylcyclohexane;N,N-Dimethylformamide (DMF);303.15;0.883;0.849144801;0.849130565;L2;3.909547424
1071;Methylcyclohexane;N,N-Dimethylformamide (DMF);305.15;0.875;0.843471745;0.843296209;L2;3.66974818
1071;Methylcyclohexane;N,N-Dimethylformamide (DMF);307.15;0.859;0.837623721;0.837461852;L2;2.519994235
1071;Methylcyclohexane;N,N-Dimethylformamide (DMF);308.15;0.854;0.834631424;0.834544674;L2;2.294097513
1071;Methylcyclohexane;N,N-Dimethylformamide (DMF);311.64;0.836;0.82381119;0.823611685;L2;1.468724775
1071;Methylcyclohexane;N,N-Dimethylformamide (DMF);313.15;0.816;0.818937718;0.818792832;L2;0.359367901
1071;Methylcyclohexane;N,N-Dimethylformamide (DMF);313.95;0.8156;0.816306078;0.816239797;L2;0.086534103
1071;Methylcyclohexane;N,N-Dimethylformamide (DMF);316.59;0.7854;0.807364699;0.807162577;L2;2.758234314
1071;Methylcyclohexane;N,N-Dimethylformamide (DMF);319.29;0.7404;0.797783249;0.797724515;L2;7.464636185
1071;Methylcyclohexane;N,N-Dimethylformamide (DMF);320.39;0.7152;0.793743061;0.793633392;L2;10.41975844
1071;Methylcyclohexane;N,N-Dimethylformamide (DMF);321.91;0.6602;0.788020993;0.78779994;L2;17.69819107
1071;Methylcyclohexane;N,N-Dimethylformamide (DMF);322.45;0.6253;0.785947567;0.78572753;L2;22.8658547
1071;Methylcyclohexane;N,N-Dimethylformamide (DMF);322.64;0.5999;0.785212808;0.784998349;L2;26.91917991
1073;Methylcyclohexane;Methanol;275.7894154;0.09359;0.048959107;0.048963518;L1;64.79381327
1073;Methylcyclohexane;Methanol;278.147;0.09830268;0.049960367;0.049986445;L1;67.68212531
1073;Methylcyclohexane;Methanol;278.15;0.105270583;0.049961654;0.049987759;L1;74.5278233
1073;Methylcyclohexane;Methanol;278.15;0.105270583;0.049961654;0.049987759;L1;74.5278233
1073;Methylcyclohexane;Methanol;279.7630298;0.10275;0.050657796;0.050694569;L1;70.72057116
1073;Methylcyclohexane;Methanol;283.144;0.108314834;0.052146483;0.052176069;L1;73.09853679
1073;Methylcyclohexane;Methanol;283.15;0.113607619;0.052149161;0.052178698;L1;77.86424756
1073;Methylcyclohexane;Methanol;283.15;0.111624825;0.052149161;0.052178698;L1;76.10353744
1073;Methylcyclohexane;Methanol;284.348277;0.11105;0.052686506;0.052703769;L1;74.56211801
1073;Methylcyclohexane;Methanol;288.141;0.119811377;0.05442124;0.054453883;L1;78.91641212
1073;Methylcyclohexane;Methanol;288.15;0.126;0.054425419;0.05445813;L1;83.94506045
1073;Methylcyclohexane;Methanol;288.15;0.12065251;0.054425419;0.05445813;L1;79.60832934
1073;Methylcyclohexane;Methanol;289.1633862;0.12043;0.054897792;0.054936335;L1;78.55955377
1073;Methylcyclohexane;Methanol;293.138;0.13301002;0.056787044;0.056811906;L1;85.11162549
1073;Methylcyclohexane;Methanol;293.15;0.139;0.056792837;0.056817569;L1;89.50637166
1073;Methylcyclohexane;Methanol;293.15;0.135;0.056792837;0.056817569;L1;86.58645619
1073;Methylcyclohexane;Methanol;293.15;0.134186095;0.056792837;0.056817569;L1;85.98173886
1073;Methylcyclohexane;Methanol;293.15;0.132064734;0.056792837;0.056817569;L1;84.38819949
1073;Methylcyclohexane;Methanol;293.19536;0.135;0.05681474;0.056838974;L1;86.54789808
1073;Methylcyclohexane;Methanol;294.3835016;0.13703;0.057391201;0.057399643;L1;87.03088785
1073;Methylcyclohexane;Methanol;295.15;0.145;0.05776592;0.057771006;L1;92.03347664
1073;Methylcyclohexane;Methanol;295.69486;0.144;0.058033642;0.058047323;L1;90.87904249
1073;Methylcyclohexane;Methanol;298.136;0.148985002;0.059247064;0.05928531;L1;92.21294091
1073;Methylcyclohexane;Methanol;298.14437;0.1453;0.059251264;0.059289554;L1;89.70134501
1073;Methylcyclohexane;Methanol;298.15;0.15;0.05925409;0.059292409;L1;92.88004928
1073;Methylcyclohexane;Methanol;298.15;0.154;0.05925409;0.059292409;L1;95.51178011
1073;Methylcyclohexane;Methanol;298.15;0.152;0.05925409;0.059292409;L1;94.20457196
1073;Methylcyclohexane;Methanol;298.15;0.142272928;0.05925409;0.059292409;L1;87.59124398
1073;Methylcyclohexane;Methanol;298.19436;0.154;0.059276354;0.059314906;L1;95.47421207
1073;Methylcyclohexane;Methanol;299.3745044;0.1551;0.059871486;0.059913398;L1;95.18696994
1073;Methylcyclohexane;Methanol;300.69379;0.164;0.060543219;0.060582453;L1;99.65089569
1073;Methylcyclohexane;Methanol;301.15;0.167;0.060777095;0.060813813;L1;101.0780821
1073;Methylcyclohexane;Methanol;303.134;0.169199787;0.061803778;0.061819968;L1;100.7115685
1073;Methylcyclohexane;Methanol;303.15;0.177;0.061812122;0.061828083;L1;105.205024
1073;Methylcyclohexane;Methanol;303.15;0.174;0.061812122;0.061828083;L1;103.4955807
1073;Methylcyclohexane;Methanol;303.15;0.175;0.061812122;0.061828083;L1;104.0686482
1073;Methylcyclohexane;Methanol;303.15;0.169633691;0.061812122;0.061828083;L1;100.9541861
1073;Methylcyclohexane;Methanol;303.15;0.173222695;0.061812122;0.061828083;L1;103.0478529
1073;Methylcyclohexane;Methanol;303.19304;0.174;0.061834571;0.06184991;L1;103.4592694
1073;Methylcyclohexane;Methanol;304.4144876;0.17624;0.062474753;0.0624793;L1;103.7084183
1073;Methylcyclohexane;Methanol;305.15;0.184;0.062863148;0.06287973;L1;107.3975649
1073;Methylcyclohexane;Methanol;305.69229;0.185;0.063150914;0.063174965;L1;107.4828502
1073;Methylcyclohexane;Methanol;306.26;0.192;0.063453452;0.063484039;L1;110.7188775
1073;Methylcyclohexane;Methanol;307.15;0.196;0.063930394;0.063968575;L1;112.0319767
1073;Methylcyclohexane;Methanol;308.132;0.194469636;0.064460418;0.064503199;L1;110.4224684
1073;Methylcyclohexane;Methanol;308.15;0.202;0.06447017;0.064512998;L1;114.2065061
1073;Methylcyclohexane;Methanol;308.19154;0.199;0.064492682;0.064535614;L1;112.675307
1073;Methylcyclohexane;Methanol;309.43;0.2119;0.065167131;0.06520986;L1;117.9159252
1073;Methylcyclohexane;Methanol;309.7603484;0.20152;0.065348115;0.065389709;L1;112.6160037
1073;Methylcyclohexane;Methanol;310.69079;0.215;0.065860326;0.065896263;L1;118.3101799
1073;Methylcyclohexane;Methanol;310.81;0.2231;0.065926215;0.065961163;L1;121.9083939
1073;Methylcyclohexane;Methanol;311.0568296;0.20999;0.066062832;0.066095543;L1;115.6453625
1073;Methylcyclohexane;Methanol;312.48026;0.22257;0.066855723;0.066870491;L1;120.2704754
1073;Methylcyclohexane;Methanol;312.59;0.2399;0.066917209;0.066930236;L1;127.6765995
1073;Methylcyclohexane;Methanol;313.04;0.2452;0.067169881;0.067175226;L1;129.4849255
1073;Methylcyclohexane;Methanol;313.13;0.230473913;0.067220519;0.067224224;L1;123.215913
1073;Methylcyclohexane;Methanol;313.15;0.251;0.067231777;0.067235113;L1;131.7306928
1073;Methylcyclohexane;Methanol;313.19004;0.236;0.06725432;0.067256911;L1;125.5350544
1073;Methylcyclohexane;Methanol;314.13;0.2604;0.067785517;0.067800104;L1;134.5870355
1073;Methylcyclohexane;Methanol;314.2576616;0.24134;0.067857956;0.067874625;L1;126.8790089
1073;Methylcyclohexane;Methanol;314.93;0.2721;0.068240629;0.068267092;L1;138.3129525
1073;Methylcyclohexane;Methanol;315.68929;0.271;0.068675159;0.068710315;L1;137.2731269
1073;Methylcyclohexane;Methanol;315.7562119;0.25852;0.068713579;0.06874938;L1;132.502623
1073;Methylcyclohexane;Methanol;316.06;0.2955;0.068888228;0.068926711;L1;145.6183536
1073;Methylcyclohexane;Methanol;316.3;0.3042;0.069026491;0.069066808;L1;148.3195019
1073;Methylcyclohexane;Methanol;316.82;0.3265;0.069326932;0.069370349;L1;154.9596482
1073;Methylcyclohexane;Methanol;316.92;0.3263;0.069384846;0.069428723;L1;154.8148711
1073;Methylcyclohexane;Methanol;317.0218321;0.28123;0.069443867;0.069488166;L1;139.8654084
1073;Methylcyclohexane;Methanol;317.07;0.3389;0.0694718;0.069516283;L1;158.4784159
1073;Methylcyclohexane;Methanol;317.37;0.3701;0.069646007;0.069691403;L1;167.0347869
1073;Methylcyclohexane;Methanol;317.4237115;0.29863;0.069677239;0.069722756;L1;145.5331642
1073;Methylcyclohexane;Methanol;317.62;0.4463;0.069791484;0.069837337;L1;185.5479368
1073;Methylcyclohexane;Methanol;317.9545522;0.31098;0.069986599;0.070032626;L1;149.1424827
1073;Methylcyclohexane;Methanol;318.18854;0.434;0.070123359;0.070169213;L1;182.2788574
1073;Methylcyclohexane;Methanol;318.18854;0.434;0.070123359;0.070169213;L1;182.2788574
1073;Methylcyclohexane;Methanol;318.52838;0.3447;0.070322423;0.070367589;L1;158.9583766
1073;Methylcyclohexane;Methanol;318.5733665;0.55637;0.070348813;0.070393849;L1;206.7967633
1073;Methylcyclohexane;Methanol;318.9222618;0.38042;0.07055379;0.070597512;L1;168.4900514
1073;Methylcyclohexane;Methanol;318.9742462;0.51119;0.070584377;0.070627857;L1;197.9932506
1073;Methylcyclohexane;Methanol;319.0262306;0.44201;0.070614977;0.070658202;L1;183.4090243
1073;Methylcyclohexane;Methanol;278.15;0.89997379;0.990784849;0.990732978;L2;9.613176544
1073;Methylcyclohexane;Methanol;278.15;0.892023767;0.990784849;0.990732978;L2;10.50046293
1073;Methylcyclohexane;Methanol;283.15;0.886774285;0.989207448;0.989149071;L2;10.93135853
1073;Methylcyclohexane;Methanol;283.15;0.884164531;0.989207448;0.989149071;L2;11.22608988
1073;Methylcyclohexane;Methanol;288.15;0.861;0.987452997;0.987386714;L2;13.70343929
1073;Methylcyclohexane;Methanol;288.15;0.868712271;0.987452997;0.987386714;L2;12.81169304
1073;Methylcyclohexane;Methanol;292.0376606;0.86551;0.985961007;0.985890981;L2;13.02978791
1073;Methylcyclohexane;Methanol;293.15;0.837;0.98551292;0.985463021;L2;16.33381663
1073;Methylcyclohexane;Methanol;293.15;0.848643998;0.98551292;0.985463021;L2;14.95224576
1073;Methylcyclohexane;Methanol;293.15;0.819633431;0.98551292;0.985463021;L2;18.43050318
1073;Methylcyclohexane;Methanol;293.19536;0.868;0.985494445;0.985445569;L2;12.69517748
1073;Methylcyclohexane;Methanol;295.15;0.828;0.984683053;0.984673446;L2;17.33066612
1073;Methylcyclohexane;Methanol;295.69486;0.856;0.984451527;0.984423867;L2;13.98142841
1073;Methylcyclohexane;Methanol;298.14437;0.8261;0.983381465;0.983301843;L2;17.42812758
1073;Methylcyclohexane;Methanol;298.15;0.82438052;0.983378951;0.983299264;L2;17.63623305
1073;Methylcyclohexane;Methanol;298.15;0.814;0.983378951;0.983299264;L2;18.9034184
1073;Methylcyclohexane;Methanol;298.15;0.813;0.983378951;0.983299264;L2;19.02634404
1073;Methylcyclohexane;Methanol;298.19436;0.842;0.983359126;0.983278944;L2;15.5194376
1073;Methylcyclohexane;Methanol;300.5210456;0.81885;0.982296916;0.982213182;L2;18.19927043
1073;Methylcyclohexane;Methanol;300.69379;0.826;0.982216287;0.982134054;L2;17.32167618
1073;Methylcyclohexane;Methanol;301.15;0.793;0.982002166;0.981925082;L2;21.37702924
1073;Methylcyclohexane;Methanol;303.02;0.7881;0.981106452;0.981068509;L2;21.90559821
1073;Methylcyclohexane;Methanol;303.15;0.786;0.981043099;0.981008961;L2;22.16595995
1073;Methylcyclohexane;Methanol;303.15;0.776196387;0.981043099;0.981008961;L2;23.42108278
1073;Methylcyclohexane;Methanol;303.15;0.735559803;0.981043099;0.981008961;L2;28.79845459
1073;Methylcyclohexane;Methanol;303.15;0.78;0.981043099;0.981008961;L2;22.93224723
1073;Methylcyclohexane;Methanol;303.19304;0.808;0.981022093;0.980989246;L2;19.40329212
1073;Methylcyclohexane;Methanol;305.15;0.767;0.980050489;0.980014895;L2;24.51172881
1073;Methylcyclohexane;Methanol;305.2761428;0.78649;0.979986748;0.979947305;L2;21.9959041
1073;Methylcyclohexane;Methanol;305.69229;0.787;0.979775504;0.979724325;L2;21.9095219
1073;Methylcyclohexane;Methanol;307.15;0.758;0.97902385;0.978943256;L2;25.58726184
1073;Methylcyclohexane;Methanol;307.4012924;0.76261;0.978892426;0.978808609;L2;24.96749951
1073;Methylcyclohexane;Methanol;308.02;0.7442;0.97856652;0.978477093;L2;27.37789499
1073;Methylcyclohexane;Methanol;308.15;0.75;0.97849762;0.978407437;L2;26.59451477
1073;Methylcyclohexane;Methanol;308.19154;0.761;0.978475573;0.978385179;L2;25.13624645
1073;Methylcyclohexane;Methanol;310.69;0.7123;0.977121801;0.977046456;L2;31.61121412
1073;Methylcyclohexane;Methanol;310.69079;0.73;0.977121364;0.977046032;L2;29.1566331
1073;Methylcyclohexane;Methanol;312.53;0.6836;0.976089586;0.976060548;L2;35.61814203
1073;Methylcyclohexane;Methanol;313.15;0.68;0.97573497;0.97572834;L2;36.10982045
1073;Methylcyclohexane;Methanol;313.19004;0.69;0.975711951;0.975706886;L2;34.64758127
1073;Methylcyclohexane;Methanol;313.69;0.6618;0.975423299;0.975409366;L2;38.79081344
1073;Methylcyclohexane;Methanol;314.79;0.6365;0.974780272;0.974729473;L2;42.62276655
1073;Methylcyclohexane;Methanol;315.68929;0.632;0.974246416;0.974173636;L2;43.27748713
1073;Methylcyclohexane;Methanol;315.82;0.6059;0.974168207;0.974092846;L2;47.48690303
1073;Methylcyclohexane;Methanol;316.51;0.5764;0.973752764;0.973666368;L2;52.43555721
1073;Methylcyclohexane;Methanol;316.96;0.553;0.97347947;0.97338823;L2;56.55187346
1073;Methylcyclohexane;Methanol;317;0.5424;0.973455087;0.973363506;L2;58.4847952
1073;Methylcyclohexane;Methanol;317.11;0.5348;0.973387958;0.973295517;L2;59.88898814
1073;Methylcyclohexane;Methanol;317.34;0.5044;0.973247237;0.973153357;L2;65.72685437
1073;Methylcyclohexane;Methanol;317.6;0.4637;0.973087573;0.972992655;L2;74.12362902
1073;Methylcyclohexane;Methanol;317.6326488;0.61565;0.97306748;0.972972476;L2;45.7774812
1082;Methylcyclohexane;N-Methyl-2-pyrrolidone;273.18;0.1996;;;L1;
1082;Methylcyclohexane;N-Methyl-2-pyrrolidone;281.5;0.252;;;L1;
1082;Methylcyclohexane;N-Methyl-2-pyrrolidone;283.032;0.315;;;L1;
1082;Methylcyclohexane;N-Methyl-2-pyrrolidone;283.994;0.326;;;L1;
1082;Methylcyclohexane;N-Methyl-2-pyrrolidone;284.987;0.341;;;L1;
1082;Methylcyclohexane;N-Methyl-2-pyrrolidone;285.01;0.2994;;;L1;
1082;Methylcyclohexane;N-Methyl-2-pyrrolidone;285.991;0.356;;;L1;
1082;Methylcyclohexane;N-Methyl-2-pyrrolidone;286.491;0.365;;;L1;
1082;Methylcyclohexane;N-Methyl-2-pyrrolidone;286.994;0.375;;;L1;
1082;Methylcyclohexane;N-Methyl-2-pyrrolidone;287.06;0.3273;;;L1;
1082;Methylcyclohexane;N-Methyl-2-pyrrolidone;287.494;0.384;;;L1;
1082;Methylcyclohexane;N-Methyl-2-pyrrolidone;287.999;0.396;;;L1;
1082;Methylcyclohexane;N-Methyl-2-pyrrolidone;288.501;0.412;;;L1;
1082;Methylcyclohexane;N-Methyl-2-pyrrolidone;288.938;0.426;;;L1;
1082;Methylcyclohexane;N-Methyl-2-pyrrolidone;289.19;0.436;;;L1;
1082;Methylcyclohexane;N-Methyl-2-pyrrolidone;289.436;0.45;;;L1;
1082;Methylcyclohexane;N-Methyl-2-pyrrolidone;289.567;0.46;;;L1;
1082;Methylcyclohexane;N-Methyl-2-pyrrolidone;289.694;0.465;;;L1;
1082;Methylcyclohexane;N-Methyl-2-pyrrolidone;289.791;0.472;;;L1;
1082;Methylcyclohexane;N-Methyl-2-pyrrolidone;289.888;0.48;;;L1;
1082;Methylcyclohexane;N-Methyl-2-pyrrolidone;289.954;0.487;;;L1;
1082;Methylcyclohexane;N-Methyl-2-pyrrolidone;290.022;0.497;;;L1;
1082;Methylcyclohexane;N-Methyl-2-pyrrolidone;290.056;0.503;;;L1;
1082;Methylcyclohexane;N-Methyl-2-pyrrolidone;290.088;0.51;;;L1;
1082;Methylcyclohexane;N-Methyl-2-pyrrolidone;290.109;0.514;;;L1;
1082;Methylcyclohexane;N-Methyl-2-pyrrolidone;290.67;0.3949;;;L1;
1082;Methylcyclohexane;N-Methyl-2-pyrrolidone;291.1;0.4504;;;L1;
1082;Methylcyclohexane;N-Methyl-2-pyrrolidone;291.42;0.5482;;;L1;
1082;Methylcyclohexane;N-Methyl-2-pyrrolidone;291.44;0.5003;;;L1;
1082;Methylcyclohexane;N-Methyl-2-pyrrolidone;292.26;0.5669;;;L1;
1082;Methylcyclohexane;N-Methyl-2-pyrrolidone;276.03;0.9373;;;L2;
1082;Methylcyclohexane;N-Methyl-2-pyrrolidone;283.032;0.832;;;L2;
1082;Methylcyclohexane;N-Methyl-2-pyrrolidone;283.994;0.82;;;L2;
1082;Methylcyclohexane;N-Methyl-2-pyrrolidone;284.987;0.807;;;L2;
1082;Methylcyclohexane;N-Methyl-2-pyrrolidone;285.991;0.789;;;L2;
1082;Methylcyclohexane;N-Methyl-2-pyrrolidone;286.491;0.781;;;L2;
1082;Methylcyclohexane;N-Methyl-2-pyrrolidone;286.994;0.772;;;L2;
1082;Methylcyclohexane;N-Methyl-2-pyrrolidone;287.494;0.764;;;L2;
1082;Methylcyclohexane;N-Methyl-2-pyrrolidone;287.999;0.752;;;L2;
1082;Methylcyclohexane;N-Methyl-2-pyrrolidone;288.501;0.737;;;L2;
1082;Methylcyclohexane;N-Methyl-2-pyrrolidone;288.938;0.719;;;L2;
1082;Methylcyclohexane;N-Methyl-2-pyrrolidone;289.19;0.704;;;L2;
1082;Methylcyclohexane;N-Methyl-2-pyrrolidone;289.436;0.692;;;L2;
1082;Methylcyclohexane;N-Methyl-2-pyrrolidone;289.48;0.7903;;;L2;
1082;Methylcyclohexane;N-Methyl-2-pyrrolidone;289.567;0.686;;;L2;
1082;Methylcyclohexane;N-Methyl-2-pyrrolidone;289.694;0.677;;;L2;
1082;Methylcyclohexane;N-Methyl-2-pyrrolidone;289.791;0.672;;;L2;
1082;Methylcyclohexane;N-Methyl-2-pyrrolidone;289.888;0.664;;;L2;
1082;Methylcyclohexane;N-Methyl-2-pyrrolidone;289.954;0.656;;;L2;
1082;Methylcyclohexane;N-Methyl-2-pyrrolidone;290.022;0.646;;;L2;
1082;Methylcyclohexane;N-Methyl-2-pyrrolidone;290.056;0.641;;;L2;
1082;Methylcyclohexane;N-Methyl-2-pyrrolidone;290.088;0.634;;;L2;
1082;Methylcyclohexane;N-Methyl-2-pyrrolidone;290.109;0.631;;;L2;
1082;Methylcyclohexane;N-Methyl-2-pyrrolidone;290.28;0.7455;;;L2;
1082;Methylcyclohexane;N-Methyl-2-pyrrolidone;291.38;0.6946;;;L2;
1082;Methylcyclohexane;N-Methyl-2-pyrrolidone;291.47;0.657;;;L2;
1082;Methylcyclohexane;N-Methyl-2-pyrrolidone;291.5;0.5936;;;L2;
1082;Methylcyclohexane;N-Methyl-2-pyrrolidone;291.98;0.6257;;;L2;
1163;Decane;Water;293.14537;2.50E-09;;;L1;
1163;Decane;Water;296.15;1.63E-06;;;L1;
1163;Decane;Water;298.136;2.00E-09;;;L1;
1163;Decane;Water;298.136;2.50E-09;;;L1;
1163;Decane;Water;298.14437;6.58E-09;;;L1;
1163;Decane;Water;298.14437;1.10E-09;;;L1;
1163;Decane;Water;298.15;6.13E-09;;;L1;
1163;Decane;Water;298.18598;2.03E-09;;;L1;
1163;Decane;Water;310.928;2.00E-07;;;L1;
1163;Decane;Water;374.15;1.20E-07;;;L1;
1163;Decane;Water;394.261;1.90E-06;;;L1;
1163;Decane;Water;424.65;3.30E-07;4.19E-07;4.32E-07;L1;23.8143333
1163;Decane;Water;475.15;1.40E-06;1.37E-06;1.44E-06;L1;2.251459845
1163;Decane;Water;293.14537;0.9977;;;L2;
1163;Decane;Water;296.15;0.999717;;;L2;
1163;Decane;Water;298.136;0.99943;;;L2;
1163;Decane;Water;298.15;0.99946;;;L2;
1163;Decane;Water;298.15;0.99948;;;L2;
1163;Decane;Water;298.15;0.9887;;;L2;
1163;Decane;Water;310.928;0.99911;;;L2;
1163;Decane;Water;313.13;0.99893;;;L2;
1163;Decane;Water;374.15;0.99158;;;L2;
1163;Decane;Water;394.261;0.98735;;;L2;
1163;Decane;Water;423.11437;0.972;0.999649173;0.999633429;L2;2.804858565
1163;Decane;Water;424.65;0.9624;0.999634008;0.999620834;L2;3.795905568
1163;Decane;Water;475.15;0.882;0.998761448;0.998712714;L2;12.43239031
1163;Decane;Water;566.71;0.294;0.993877266;0.993776945;L2;121.8033957
1176;Decane;Carbonic acid dimethyl ester;277.61;0.101;0.083943361;0.083949078;L1;18.49782152
1176;Decane;Carbonic acid dimethyl ester;279.174;0.109;0.086351011;0.086538698;L1;23.29273644
1176;Decane;Carbonic acid dimethyl ester;280.775;0.121;0.088907795;0.089189581;L1;30.8190722
1176;Decane;Carbonic acid dimethyl ester;281.27;0.1284;0.089717885;0.090009185;L1;35.84802529
1176;Decane;Carbonic acid dimethyl ester;281.436;0.126;0.089991671;0.090284043;L1;33.65647864
1176;Decane;Carbonic acid dimethyl ester;282.444;0.134;0.091677433;0.091953056;L1;37.95635487
1176;Decane;Carbonic acid dimethyl ester;283.23;0.1495;0.093020215;0.093254488;L1;47.44795558
1176;Decane;Carbonic acid dimethyl ester;283.308;0.144;0.093154848;0.093383638;L1;43.55501641
1176;Decane;Carbonic acid dimethyl ester;284.007;0.152;0.094372663;0.094541019;L1;47.66290736
1176;Decane;Carbonic acid dimethyl ester;284.13;0.1617;0.094589082;0.094744679;L1;53.62007118
1176;Decane;Carbonic acid dimethyl ester;284.655;0.161;0.095520074;0.095613956;L1;52.2067936
1176;Decane;Carbonic acid dimethyl ester;284.97;0.182;0.096084373;0.096135523;L1;63.87799955
1176;Decane;Carbonic acid dimethyl ester;285.233;0.173;0.096558838;0.09657099;L1;58.31390555
1176;Decane;Carbonic acid dimethyl ester;285.636;0.181;0.097291784;0.097347452;L1;62.07824865
1176;Decane;Carbonic acid dimethyl ester;285.91;0.2121;0.09779425;0.097892484;L1;77.41920826
1176;Decane;Carbonic acid dimethyl ester;285.92;0.2159;0.097812652;0.097912376;L1;79.1761406
1176;Decane;Carbonic acid dimethyl ester;285.921;0.189;0.097814492;0.097914365;L1;65.86742677
1176;Decane;Carbonic acid dimethyl ester;286.108;0.194;0.098159449;0.098286339;L1;68.12649679
1176;Decane;Carbonic acid dimethyl ester;286.217;0.199;0.098361252;0.098503158;L1;70.46578788
1176;Decane;Carbonic acid dimethyl ester;286.322;0.203;0.098556161;0.098712021;L1;72.25794352
1176;Decane;Carbonic acid dimethyl ester;286.41;0.2453;0.098719901;0.098887068;L1;91.01953985
1176;Decane;Carbonic acid dimethyl ester;286.415;0.208;0.098729215;0.098897013;L1;74.51571831
1176;Decane;Carbonic acid dimethyl ester;286.501;0.212;0.098889596;0.099068082;L1;76.25822395
1176;Decane;Carbonic acid dimethyl ester;286.55;0.3081;0.098981128;0.099165551;L1;113.54952
1176;Decane;Carbonic acid dimethyl ester;286.581;0.214;0.099039093;0.099227215;L1;77.04613624
1176;Decane;Carbonic acid dimethyl ester;286.6;0.2974;0.099074642;0.099265009;L1;109.9204507
1176;Decane;Carbonic acid dimethyl ester;286.62;0.3136;0.09911208;0.099304793;L1;115.1866957
1176;Decane;Carbonic acid dimethyl ester;286.654;0.221;0.099175767;0.099372424;L1;80.12690026
1176;Decane;Carbonic acid dimethyl ester;286.719;0.225;0.09929767;0.09950172;L1;81.79782962
1176;Decane;Carbonic acid dimethyl ester;286.776;0.229;0.099404731;0.099615103;L1;83.45222991
1176;Decane;Carbonic acid dimethyl ester;286.824;0.232;0.099495004;0.099710583;L1;84.66299401
1176;Decane;Carbonic acid dimethyl ester;286.867;0.238;0.099575965;0.099796117;L1;87.13498554
1176;Decane;Carbonic acid dimethyl ester;286.909;0.24;0.099655126;0.099879662;L1;87.89234384
1176;Decane;Carbonic acid dimethyl ester;286.941;0.244;0.099715494;0.099943315;L1;89.48471499
1176;Decane;Carbonic acid dimethyl ester;286.969;0.248;0.099768356;0.099999012;L1;91.05776868
1176;Decane;Carbonic acid dimethyl ester;286.992;0.252;0.099811806;0.100044763;L1;92.61426196
1176;Decane;Carbonic acid dimethyl ester;287.015;0.257;0.09985528;0.100090514;L1;94.53541501
1176;Decane;Carbonic acid dimethyl ester;287.037;0.263;0.099896887;0.100134275;L1;96.80155093
1176;Decane;Carbonic acid dimethyl ester;287.054;0.265;0.099929053;0.100168091;L1;97.52693576
1176;Decane;Carbonic acid dimethyl ester;287.066;0.269;0.099951767;0.100191961;L1;99.00236364
1176;Decane;Carbonic acid dimethyl ester;287.076;0.275;0.099970701;0.100211853;L1;101.1893947
1176;Decane;Carbonic acid dimethyl ester;287.088;0.287;0.099993427;0.100235723;L1;105.4377761
1176;Decane;Carbonic acid dimethyl ester;277.61;0.652;0.857465771;0.857454961;L2;27.39366986
1176;Decane;Carbonic acid dimethyl ester;279.174;0.629;0.851788702;0.851431786;L2;30.32072375
1176;Decane;Carbonic acid dimethyl ester;280.775;0.603;0.845798643;0.84526612;L2;33.83641242
1176;Decane;Carbonic acid dimethyl ester;281.16;0.59;0.844330627;0.843783433;L2;35.84216194
1176;Decane;Carbonic acid dimethyl ester;281.436;0.589;0.843271562;0.842720519;L2;35.88628599
1176;Decane;Carbonic acid dimethyl ester;282.444;0.568;0.839355847;0.838838576;L2;39.05133299
1176;Decane;Carbonic acid dimethyl ester;283.308;0.551;0.835938916;0.835511195;L2;41.68207338
1176;Decane;Carbonic acid dimethyl ester;283.57;0.5317;0.834891553;0.834502198;L2;45.12224188
1176;Decane;Carbonic acid dimethyl ester;284.007;0.532;0.833132886;0.832819252;L2;44.85496673
1176;Decane;Carbonic acid dimethyl ester;284.16;0.5147;0.832513665;0.832230028;L2;48.08654301
1176;Decane;Carbonic acid dimethyl ester;284.655;0.511;0.830497825;0.830323717;L2;48.56557204
1176;Decane;Carbonic acid dimethyl ester;284.88;0.4874;0.829575194;0.829457211;L2;53.1828614
1176;Decane;Carbonic acid dimethyl ester;285.233;0.492;0.828119643;0.828097761;L2;52.06789237
1176;Decane;Carbonic acid dimethyl ester;285.636;0.476;0.826445827;0.826349553;L2;55.1716516
1176;Decane;Carbonic acid dimethyl ester;285.7;0.4548;0.826178817;0.826064739;L2;59.69534735
1176;Decane;Carbonic acid dimethyl ester;285.921;0.464;0.82525427;0.825081241;L2;57.58069924
1176;Decane;Carbonic acid dimethyl ester;285.94;0.4359;0.8251746;0.824996686;L2;63.81821416
1176;Decane;Carbonic acid dimethyl ester;286.08;0.4223;0.824586666;0.824373656;L2;66.91662879
1176;Decane;Carbonic acid dimethyl ester;286.108;0.453;0.824468889;0.824249049;L2;59.88472828
1176;Decane;Carbonic acid dimethyl ester;286.217;0.45;0.824009797;0.823763976;L2;60.49348362
1176;Decane;Carbonic acid dimethyl ester;286.322;0.443;0.823566641;0.823296703;L2;62.00747005
1176;Decane;Carbonic acid dimethyl ester;286.35;0.4045;0.823448315;0.823172096;L2;71.08490486
1176;Decane;Carbonic acid dimethyl ester;286.415;0.44;0.823173384;0.822882832;L2;62.63921247
1176;Decane;Carbonic acid dimethyl ester;286.48;0.3712;0.822898109;0.822593568;L2;79.60913877
1176;Decane;Carbonic acid dimethyl ester;286.501;0.431;0.8228091;0.822500113;L2;64.66161279
1176;Decane;Carbonic acid dimethyl ester;286.581;0.427;0.82246969;0.822144096;L2;65.55276183
1176;Decane;Carbonic acid dimethyl ester;286.6;0.3281;0.822389004;0.822059541;L2;91.88950838
1176;Decane;Carbonic acid dimethyl ester;286.654;0.42;0.822159523;0.82181923;L2;67.16797316
1176;Decane;Carbonic acid dimethyl ester;286.719;0.414;0.821882979;0.821529965;L2;68.57320499
1176;Decane;Carbonic acid dimethyl ester;286.776;0.407;0.821640187;0.821276303;L2;70.24893847
1176;Decane;Carbonic acid dimethyl ester;286.824;0.403;0.821435523;0.821062692;L2;71.21168858
1176;Decane;Carbonic acid dimethyl ester;286.867;0.397;0.821252018;0.820871333;L2;72.68937465
1176;Decane;Carbonic acid dimethyl ester;286.909;0.392;0.821072634;0.820684424;L2;73.93497358
1176;Decane;Carbonic acid dimethyl ester;286.941;0.386;0.820935863;0.820542017;L2;75.46076161
1176;Decane;Carbonic acid dimethyl ester;286.969;0.381;0.820816119;0.82041741;L2;76.74997372
1176;Decane;Carbonic acid dimethyl ester;286.992;0.377;0.82071771;0.820315055;L2;77.79340256
1176;Decane;Carbonic acid dimethyl ester;287.015;0.373;0.820619257;0.8202127;L2;78.84808266
1176;Decane;Carbonic acid dimethyl ester;287.037;0.366;0.820525043;0.820114796;L2;80.73110988
1176;Decane;Carbonic acid dimethyl ester;287.054;0.362;0.820452215;0.820039142;L2;81.82114581
1176;Decane;Carbonic acid dimethyl ester;287.066;0.358;0.820400792;0.819985739;L2;82.92600055
1176;Decane;Carbonic acid dimethyl ester;287.076;0.351;0.820357931;0.819941237;L2;84.89545227
1176;Decane;Carbonic acid dimethyl ester;287.088;0.342;0.820306486;0.819887834;L2;87.48672973
1176;Decane;Carbonic acid dimethyl ester;287.096;0.338;0.820272184;0.819852233;L2;88.65903208
1179;Decane;Perfluorohexane;329.9;0.1013;;;L1;
1179;Decane;Perfluorohexane;339.65;0.128;;;L1;
1179;Decane;Perfluorohexane;344.24;0.146;;;L1;
1179;Decane;Perfluorohexane;348;0.2009;;;L1;
1179;Decane;Perfluorohexane;353.71;0.1941;;;L1;
1179;Decane;Perfluorohexane;360.48;0.2503;;;L1;
1179;Decane;Perfluorohexane;361.3;0.3033;;;L1;
1179;Decane;Perfluorohexane;364.26;0.2923;;;L1;
1179;Decane;Perfluorohexane;364.8;0.4016;;;L1;
1179;Decane;Perfluorohexane;366.1;0.5047;;;L1;
1179;Decane;Perfluorohexane;368.07;0.3477;;;L1;
1179;Decane;Perfluorohexane;371.4;0.4454;;;L1;
1179;Decane;Perfluorohexane;371.92;0.5114;;;L1;
1179;Decane;Perfluorohexane;371.92;0.5114;;;L1;
1179;Decane;Perfluorohexane;296.6;0.9501;;;L2;
1179;Decane;Perfluorohexane;306.09;0.9397;;;L2;
1179;Decane;Perfluorohexane;326;0.8992;;;L2;
1179;Decane;Perfluorohexane;327.11;0.909;;;L2;
1179;Decane;Perfluorohexane;336.02;0.8919;;;L2;
1179;Decane;Perfluorohexane;345.1;0.8;;;L2;
1179;Decane;Perfluorohexane;347.58;0.8586;;;L2;
1179;Decane;Perfluorohexane;351.4;0.8438;;;L2;
1179;Decane;Perfluorohexane;359.3;0.7002;;;L2;
1179;Decane;Perfluorohexane;360.48;0.7934;;;L2;
1179;Decane;Perfluorohexane;365.55;0.7511;;;L2;
1179;Decane;Perfluorohexane;365.6;0.5996;;;L2;
1179;Decane;Perfluorohexane;369.12;0.6917;;;L2;
1179;Decane;Perfluorohexane;370.71;0.6428;;;L2;
1179;Decane;Perfluorohexane;371.67;0.5855;;;L2;
1179;Decane;Perfluorohexane;371.89;0.547;;;L2;
1239;N,N-Diethylamine;Water;416.6327;0.132036402;0.002016853;0.002024233;L1;418.1539167
1239;N,N-Diethylamine;Water;417.1328;0.099342561;0.002024703;0.002032136;L1;389.3150941
1239;N,N-Diethylamine;Water;417.53288;0.089802553;0.002031003;0.002038459;L1;378.9083745
1239;N,N-Diethylamine;Water;419.35;0.126567157;0.002059834;0.002067174;L1;411.8147438
1239;N,N-Diethylamine;Water;419.55;0.11242225;0.00206303;0.002070334;L1;399.8086141
1239;N,N-Diethylamine;Water;420.1334;0.076098856;0.002072376;0.002079554;L1;360.3337335
1239;N,N-Diethylamine;Water;420.55;0.103871543;0.002079073;0.002086137;L1;391.1232649
1239;N,N-Diethylamine;Water;420.6335;0.076023995;0.002080418;0.002087457;L1;359.848015
1239;N,N-Diethylamine;Water;421.95;0.095565098;0.002101721;0.002108261;L1;381.7051229
1239;N,N-Diethylamine;Water;423.75;0.087375093;0.002131161;0.002136705;L1;371.3543162
1239;N,N-Diethylamine;Water;424.83468;0.067273995;0.002149079;0.002153846;L1;344.3734296
1239;N,N-Diethylamine;Water;427.6358;0.064006278;0.002195973;0.002198111;L1;337.2355799
1239;N,N-Diethylamine;Water;427.65;0.075762199;0.002196213;0.002198336;L1;354.0864801
1239;N,N-Diethylamine;Water;416.33264;0.112733916;0.79939259;0.799143546;L2;195.882186
1239;N,N-Diethylamine;Water;416.6327;0.139186528;0.799453348;0.799202887;L2;174.8113217
1239;N,N-Diethylamine;Water;417.28283;0.172165145;0.799583889;0.799331459;L2;153.5637292
1239;N,N-Diethylamine;Water;418.133;0.190685165;0.799752329;0.799499591;L2;143.3678374
1239;N,N-Diethylamine;Water;419.25;0.13753974;0.79996973;0.799720493;L2;176.0660996
1239;N,N-Diethylamine;Water;419.55;0.157778243;0.800027365;0.799779822;L2;162.3455411
1239;N,N-Diethylamine;Water;419.93336;0.208708099;0.80010055;0.799855636;L2;134.3800787
1239;N,N-Diethylamine;Water;420.75;0.179151872;0.800254716;0.800017138;L2;149.669618
1239;N,N-Diethylamine;Water;421.6337;0.22598044;0.800418887;0.800191901;L2;126.4686752
1239;N,N-Diethylamine;Water;423.43412;0.229812311;0.800744833;0.800547958;L2;124.8279399
1239;N,N-Diethylamine;Water;425.05;0.210699586;0.801027655;0.80086752;L2;133.5462117
1239;N,N-Diethylamine;Water;425.43492;0.258435622;0.801093674;0.800943643;L2;113.1331268
1239;N,N-Diethylamine;Water;426.75;0.22408422;0.801315308;0.801203718;L2;127.4232549
1239;N,N-Diethylamine;Water;429.1364;0.261612376;0.801702048;0.80167566;L2;111.98731
1251;1,2-Dichloroethane;Water;273.15;0.001502926;0.000670131;0.000671369;L1;80.76962349
1251;1,2-Dichloroethane;Water;273.15;0.001675728;0.000670131;0.000671369;L1;91.65300579
1251;1,2-Dichloroethane;Water;273.15;0.001586812;0.000670131;0.000671369;L1;86.20093322
1251;1,2-Dichloroethane;Water;273.15;0.00159;0.000670131;0.000671369;L1;86.40163765
1251;1,2-Dichloroethane;Water;273.15;0.001691295;0.000670131;0.000671369;L1;92.57768679
1251;1,2-Dichloroethane;Water;273.15;0.00165064;0.000670131;0.000671369;L1;90.14454517
1251;1,2-Dichloroethane;Water;276.149562;0.001568659;0.000684509;0.000686877;L1;82.92752667
1251;1,2-Dichloroethane;Water;282.45;0.001410703;0.000715683;0.000719451;L1;67.86063703
1251;1,2-Dichloroethane;Water;283.1;0.001495144;0.000718976;0.000722812;L1;73.21500668
1251;1,2-Dichloroethane;Water;283.144;0.001622929;0.000719199;0.000723039;L1;81.38493582
1251;1,2-Dichloroethane;Water;283.144;0.001558296;0.000719199;0.000723039;L1;77.32097333
1251;1,2-Dichloroethane;Water;283.148055;0.001938132;0.00071922;0.00072306;L1;99.13128033
1251;1,2-Dichloroethane;Water;283.6;0.00138;0.000721519;0.000725397;L1;64.84802594
1251;1,2-Dichloroethane;Water;288.141;0.001586402;0.000745016;0.000748874;L1;75.58184082
1251;1,2-Dichloroethane;Water;291.1392;0.002392142;0.000760933;0.000764376;L1;114.5399069
1251;1,2-Dichloroethane;Water;292.6;0.00137;0.000768807;0.000771928;L1;57.77260405
1251;1,2-Dichloroethane;Water;292.85;0.001318556;0.000770162;0.000773221;L1;53.76910402
1251;1,2-Dichloroethane;Water;293.138;0.001539836;0.000771727;0.00077471;L1;69.08006888
1251;1,2-Dichloroethane;Water;293.138;0.001539836;0.000771727;0.00077471;L1;69.08006888
1251;1,2-Dichloroethane;Water;293.138;0.001576758;0.000771727;0.00077471;L1;71.44956118
1251;1,2-Dichloroethane;Water;293.138;0.001593377;0.000771727;0.00077471;L1;72.49804349
1251;1,2-Dichloroethane;Water;293.138;0.001543256;0.000771727;0.00077471;L1;69.30192417
1251;1,2-Dichloroethane;Water;293.138;0.001595224;0.000771727;0.00077471;L1;72.61389368
1251;1,2-Dichloroethane;Water;293.138;0.00155;0.000771727;0.00077471;L1;69.73797025
1251;1,2-Dichloroethane;Water;293.138;0.00182429;0.000771727;0.00077471;L1;86.03156418
1251;1,2-Dichloroethane;Water;293.138;0.001579553;0.000771727;0.00077471;L1;71.62666672
1251;1,2-Dichloroethane;Water;293.14537;0.001545847;0.000771767;0.000774748;L1;69.46448289
1251;1,2-Dichloroethane;Water;293.14537;0.001538719;0.000771767;0.000774748;L1;69.00231008
1251;1,2-Dichloroethane;Water;293.14537;0.001484475;0.000771767;0.000774748;L1;65.41340231
1251;1,2-Dichloroethane;Water;293.14537;0.001556;0.000771767;0.000774748;L1;70.11912745
1251;1,2-Dichloroethane;Water;293.14537;0.001682;0.000771767;0.000774748;L1;77.90564103
1251;1,2-Dichloroethane;Water;293.14537;0.001544;0.000771767;0.000774748;L1;69.34493003
1251;1,2-Dichloroethane;Water;293.14537;0.001599515;0.000771767;0.000774748;L1;72.8773307
1251;1,2-Dichloroethane;Water;293.14537;0.001619;0.000771767;0.000774748;L1;74.08815234
1251;1,2-Dichloroethane;Water;293.14537;0.001484475;0.000771767;0.000774748;L1;65.41340231
1251;1,2-Dichloroethane;Water;293.14537;0.001631333;0.000771767;0.000774748;L1;74.84703207
1251;1,2-Dichloroethane;Water;293.14537;0.001552204;0.000771767;0.000774748;L1;69.87487051
1251;1,2-Dichloroethane;Water;293.15;0.001744829;0.000771792;0.000774772;L1;81.56967863
1251;1,2-Dichloroethane;Water;293.15;0.001592482;0.000771792;0.000774772;L1;72.43340351
1251;1,2-Dichloroethane;Water;293.15;0.001534024;0.000771792;0.000774772;L1;68.69345779
1251;1,2-Dichloroethane;Water;293.6378;0.002206307;0.000774449;0.000777294;L1;104.6923886
1251;1,2-Dichloroethane;Water;296.1368;0.001608891;0.000788199;0.000790214;L1;71.3550125
1251;1,2-Dichloroethane;Water;298.136;0.001572294;0.000799369;0.00080055;L1;67.64687999
1251;1,2-Dichloroethane;Water;298.136;0.001526921;0.000799369;0.00080055;L1;64.718639
1251;1,2-Dichloroethane;Water;298.136;0.001539836;0.000799369;0.00080055;L1;65.56090177
1251;1,2-Dichloroethane;Water;298.14437;0.002020779;0.000799416;0.000800593;L1;92.73572798
1251;1,2-Dichloroethane;Water;298.14437;0.001946653;0.000799416;0.000800593;L1;88.99856867
1251;1,2-Dichloroethane;Water;298.14437;0.001467827;0.000799416;0.000800593;L1;60.7657275
1251;1,2-Dichloroethane;Water;298.15;0.001557853;0.000799447;0.000800622;L1;66.7143171
1251;1,2-Dichloroethane;Water;298.15;0.002051183;0.000799447;0.000800622;L1;94.22512796
1251;1,2-Dichloroethane;Water;302.3;0.00133;0.000823128;0.000824731;L1;47.98226412
1251;1,2-Dichloroethane;Water;302.85;0.001484475;0.000826317;0.000828199;L1;58.58381949
1251;1,2-Dichloroethane;Water;303.134;0.001595224;0.000827968;0.00082999;L1;65.5794754
1251;1,2-Dichloroethane;Water;303.134;0.001668748;0.000827968;0.00082999;L1;70.08542335
1251;1,2-Dichloroethane;Water;303.134;0.001639554;0.000827968;0.00082999;L1;68.32048424
1251;1,2-Dichloroethane;Water;303.134;0.001634886;0.000827968;0.00082999;L1;68.03536659
1251;1,2-Dichloroethane;Water;303.134;0.001624921;0.000827968;0.00082999;L1;67.4239788
1251;1,2-Dichloroethane;Water;303.143055;0.001922017;0.000828021;0.000830047;L1;84.20920923
1251;1,2-Dichloroethane;Water;303.143055;0.001454316;0.000828021;0.000830047;L1;56.32526238
1251;1,2-Dichloroethane;Water;303.15;0.001574978;0.000828061;0.000830091;L1;64.29094211
1251;1,2-Dichloroethane;Water;306.6326;0.001694807;0.000848575;0.00085205;L1;69.17653907
1251;1,2-Dichloroethane;Water;307.141855;0.001882328;0.000851616;0.000855261;L1;79.31289136
1251;1,2-Dichloroethane;Water;308.132;0.001626735;0.000857558;0.000861504;L1;64.02410502
1251;1,2-Dichloroethane;Water;308.132;0.00163;0.000857558;0.000861504;L1;64.22461265
1251;1,2-Dichloroethane;Water;308.141555;0.001691864;0.000857616;0.000861565;L1;67.94299012
1251;1,2-Dichloroethane;Water;308.15;0.001712075;0.000857667;0.000861618;L1;69.12458062
1251;1,2-Dichloroethane;Water;312.55;0.001798549;0.000884567;0.000889362;L1;70.96377328
1251;1,2-Dichloroethane;Water;313.13;0.0018;0.000888173;0.000893019;L1;70.63754562
1251;1,2-Dichloroethane;Water;313.13;0.001669118;0.000888173;0.000893019;L1;63.08841345
1251;1,2-Dichloroethane;Water;313.15;0.001677716;0.000888298;0.000893145;L1;63.58818439
1251;1,2-Dichloroethane;Water;313.15;0.001766332;0.000888298;0.000893145;L1;68.73535793
1251;1,2-Dichloroethane;Water;317.62865;0.001835742;0.000916634;0.000921385;L1;69.44960242
1251;1,2-Dichloroethane;Water;319.62805;0.001880352;0.000929565;0.000933993;L1;70.44972116
1251;1,2-Dichloroethane;Water;321.68749;0.002002243;0.00094307;0.000946978;L1;75.28825712
1251;1,2-Dichloroethane;Water;323.127;0.0019;0.000952623;0.000956055;L1;69.03901324
1251;1,2-Dichloroethane;Water;323.127;0.001817051;0.000952623;0.000956055;L1;64.57511035
1251;1,2-Dichloroethane;Water;323.137055;0.00196518;0.00095269;0.000956119;L1;72.40497039
1251;1,2-Dichloroethane;Water;323.137055;0.001854476;0.00095269;0.000956119;L1;66.60680361
1251;1,2-Dichloroethane;Water;323.15;0.001830791;0.000952776;0.0009562;L1;65.31233569
1251;1,2-Dichloroethane;Water;323.45;0.001946653;0.000954779;0.000958092;L1;71.23867628
1251;1,2-Dichloroethane;Water;328.18554;0.002169177;0.000986942;0.000987952;L1;78.74919672
1251;1,2-Dichloroethane;Water;329.1252;0.00187165;0.000993448;0.000993877;L1;63.33942509
1251;1,2-Dichloroethane;Water;329.62505;0.002072325;0.000996925;0.000997029;L1;73.17504962
1251;1,2-Dichloroethane;Water;333.124;0.0022;0.001021602;0.00102367;L1;76.7085143
1251;1,2-Dichloroethane;Water;334.15;0.00198371;0.00102895;0.001031613;L1;65.64300359
1251;1,2-Dichloroethane;Water;339.18316;0.00252241;0.001065744;0.001070582;L1;86.15418847
1251;1,2-Dichloroethane;Water;340.624;0.002374661;0.001076509;0.001081738;L1;79.1130845
1251;1,2-Dichloroethane;Water;343.75;0.002076405;0.00110023;0.001105941;L1;63.51186657
1251;1,2-Dichloroethane;Water;344.38168;0.002690118;0.001105085;0.001110832;L1;88.96631923
1251;1,2-Dichloroethane;Water;345.62375;0.002557049;0.00111469;0.001120448;L1;83.02771407
1251;1,2-Dichloroethane;Water;348.030585;0.00272;0.001133535;0.001139083;L1;87.52908384
1251;1,2-Dichloroethane;Water;351.17964;0.002876754;0.001158657;0.001163465;L1;90.94009382
1251;1,2-Dichloroethane;Water;353.85;0.001946653;0.001180382;0.00118414;L1;50.02736472
1251;1,2-Dichloroethane;Water;354.47865;0.003119844;0.001185553;0.001189007;L1;96.75736392
1251;1,2-Dichloroethane;Water;363.37632;0.003419752;0.001261136;0.001263941;L1;99.75548696
1251;1,2-Dichloroethane;Water;371.67466;0.003908806;0.001335804;0.001342628;L1;107.369881
1251;1,2-Dichloroethane;Water;373.12437;0.00419;0.001349278;0.001356375;L1;113.31314
1251;1,2-Dichloroethane;Water;397.91941;0.00804;0.001600951;0.001607717;L1;161.383098
1251;1,2-Dichloroethane;Water;253.166;0.997259722;0.999992688;0.999990853;L2;0.273672763
1251;1,2-Dichloroethane;Water;263.15;0.99671;0.999987612;0.999986191;L2;0.328303628
1251;1,2-Dichloroethane;Water;263.158;0.996167048;0.999987607;0.999986187;L2;0.38279239
1251;1,2-Dichloroethane;Water;273.15;0.994205159;0.999979859;0.999978142;L2;0.57915553
1251;1,2-Dichloroethane;Water;273.15;0.99532;0.999979859;0.999978142;L2;0.467084455
1251;1,2-Dichloroethane;Water;273.15;0.994531701;0.999979859;0.999978142;L2;0.546316394
1251;1,2-Dichloroethane;Water;273.15;0.99505;0.999979859;0.999978142;L2;0.494215089
1251;1,2-Dichloroethane;Water;282.45;0.994368408;0.999969384;0.999963873;L2;0.561689249
1251;1,2-Dichloroethane;Water;283.144;0.992900738;0.999968449;0.999962808;L2;0.709303028
1251;1,2-Dichloroethane;Water;283.15;0.99354;0.999968441;0.999962799;L2;0.644939654
1251;1,2-Dichloroethane;Water;292.1386;0.995310669;0.999954048;0.999949007;L2;0.465440718
1251;1,2-Dichloroethane;Water;292.85;0.990408399;0.99995271;0.999947915;L2;0.959060573
1251;1,2-Dichloroethane;Water;293.138;0.992520808;0.99995216;0.999947473;L2;0.745945989
1251;1,2-Dichloroethane;Water;293.138;0.991815855;0.99995216;0.999947473;L2;0.816997745
1251;1,2-Dichloroethane;Water;293.138;0.995076329;0.99995216;0.999947473;L2;0.488799069
1251;1,2-Dichloroethane;Water;293.138;0.991274139;0.99995216;0.999947473;L2;0.871631273
1251;1,2-Dichloroethane;Water;293.138;0.991287979;0.99995216;0.999947473;L2;0.8702351
1251;1,2-Dichloroethane;Water;293.138;0.990732907;0.99995216;0.999947473;L2;0.926245813
1251;1,2-Dichloroethane;Water;293.14537;0.99107259;0.999952145;0.999947462;L2;0.891964242
1251;1,2-Dichloroethane;Water;293.14537;0.991815855;0.999952145;0.999947462;L2;0.81699633
1251;1,2-Dichloroethane;Water;293.15;0.99138;0.999952137;0.999947455;L2;0.860950252
1251;1,2-Dichloroethane;Water;293.6378;0.973139077;0.999951192;0.999946706;L2;2.717946127
1251;1,2-Dichloroethane;Water;298.136;0.98975;0.999941736;0.999939805;L2;1.024462733
1251;1,2-Dichloroethane;Water;298.14437;0.990192157;0.999941717;0.999939792;L2;0.979797214
1251;1,2-Dichloroethane;Water;298.14437;0.994576699;0.999941717;0.999939792;L2;0.537977592
1251;1,2-Dichloroethane;Water;298.14437;0.994750726;0.999941717;0.999939792;L2;0.520481528
1251;1,2-Dichloroethane;Water;298.14437;0.990192157;0.999941717;0.999939792;L2;0.979797214
1251;1,2-Dichloroethane;Water;298.6358;0.993791789;0.999940599;0.999939038;L2;0.616815916
1251;1,2-Dichloroethane;Water;302.85;0.987495621;0.99993027;0.999926023;L2;1.251348388
1251;1,2-Dichloroethane;Water;303.134;0.988033968;0.999929524;0.999924943;L2;1.19677228
1251;1,2-Dichloroethane;Water;303.134;0.9881;0.999929524;0.999924943;L2;1.190089332
1251;1,2-Dichloroethane;Water;303.15;0.9886;0.999929482;0.999924882;L2;1.139495745
1251;1,2-Dichloroethane;Water;305.69229;0.986420361;0.99992251;0.999915213;L2;1.359519221
1251;1,2-Dichloroethane;Water;306.6326;0.991767081;0.999919793;0.999911636;L2;0.818678624
1251;1,2-Dichloroethane;Water;312.55;0.985025377;0.999900862;0.999889131;L2;1.498873164
1251;1,2-Dichloroethane;Water;313.13;0.9896;0.999898827;0.999886925;L2;1.035327934
1251;1,2-Dichloroethane;Water;313.13;0.984275564;0.999898827;0.999886925;L2;1.574819785
1251;1,2-Dichloroethane;Water;313.15;0.9854;0.999898756;0.999886849;L2;1.460637951
1251;1,2-Dichloroethane;Water;315.1294;0.98868601;0.999891549;0.999879321;L2;1.127002326
1251;1,2-Dichloroethane;Water;315.68929;0.983740553;0.999889437;0.999877191;L2;1.62825132
1251;1,2-Dichloroethane;Water;320.62775;0.986699745;0.999869327;0.999858409;L2;1.325881355
1251;1,2-Dichloroethane;Water;323.127;0.985;0.999858079;0.999848903;L2;1.497170684
1251;1,2-Dichloroethane;Water;323.127;0.980008719;0.999858079;0.999848903;L2;2.005187945
1251;1,2-Dichloroethane;Water;323.137055;0.9927;0.999858032;0.999848865;L2;0.718479764
1251;1,2-Dichloroethane;Water;323.137055;0.981605246;0.999858032;0.999848865;L2;1.842406351
1251;1,2-Dichloroethane;Water;323.15;0.9813;0.999857972;0.999848816;L2;1.873501777
1251;1,2-Dichloroethane;Water;323.45;0.981125843;0.99985657;0.999847675;L2;1.891110732
1251;1,2-Dichloroethane;Water;326.1261;0.983772641;0.999843566;0.999837497;L2;1.620401807
1251;1,2-Dichloroethane;Water;329.18524;0.974717404;0.999827555;0.999825862;L2;2.543523239
1251;1,2-Dichloroethane;Water;330.1249;0.981104545;0.999822382;0.999821494;L2;1.88986212
1251;1,2-Dichloroethane;Water;331.1246;0.980067184;0.999816742;0.999813454;L2;1.99508794
1251;1,2-Dichloroethane;Water;333.124;0.974190832;0.999805031;0.999797373;L2;2.595307999
1251;1,2-Dichloroethane;Water;333.124;0.979;0.999805031;0.999797373;L2;2.102864799
1251;1,2-Dichloroethane;Water;333.15;0.9768;0.999804874;0.999797164;L2;2.327821155
1251;1,2-Dichloroethane;Water;334.15;0.977780681;0.999798792;0.999789121;L2;2.226865882
1251;1,2-Dichloroethane;Water;335.18396;0.97051776;0.999792345;0.999780805;L2;2.971790033
1251;1,2-Dichloroethane;Water;338.13337;0.98308;0.999773041;0.999757084;L2;1.683779426
1251;1,2-Dichloroethane;Water;342.124;0.972361968;0.999744669;0.999724988;L2;2.777178487
1251;1,2-Dichloroethane;Water;343.124;0.967907911;0.999737134;0.999716945;L2;3.235542889
1251;1,2-Dichloroethane;Water;347.68069;0.961175436;0.999700527;0.999680297;L2;3.929881331
1251;1,2-Dichloroethane;Water;348.030585;0.9679;0.999697557;0.999677483;L2;3.232401414
1251;1,2-Dichloroethane;Water;352.329295;0.96104;0.999659121;0.999642909;L2;3.939831048
1251;1,2-Dichloroethane;Water;353.123;0.960146423;0.999651619;0.999636525;L2;4.032104072
1251;1,2-Dichloroethane;Water;353.85;0.973559558;0.999644634;0.999630678;L2;2.644084737
1251;1,2-Dichloroethane;Water;365.17596;0.943422351;0.999520758;0.999503118;L2;5.776185923
1251;1,2-Dichloroethane;Water;371.67466;0.935482802;0.999435701;0.99940591;L2;6.612805899
1251;1,2-Dichloroethane;Water;373.12437;0.9411;0.999415207;0.999384226;L2;6.012091125
1251;1,2-Dichloroethane;Water;380.67286;0.920883902;0.9992989;0.999271315;L2;8.171996128
1251;1,2-Dichloroethane;Water;397.91941;0.89;0.998965594;0.998931048;L2;11.54988746
1254;Dichloromethane;Water;273.1000159;0.006;0.002207475;0.002219473;L1;99.99100136
1254;Dichloromethane;Water;273.15;0.004376095;0.002207895;0.002219902;L1;68.41171348
1254;Dichloromethane;Water;273.15;0.004310388;0.002207895;0.002219902;L1;66.89882839
1254;Dichloromethane;Water;273.15;0.005107565;0.002207895;0.002219902;L1;83.86831346
1254;Dichloromethane;Water;282.35;0.004135324;0.002289709;0.002298883;L1;59.114104
1254;Dichloromethane;Water;283.1;0.004137362;0.002296771;0.002305322;L1;58.85540352
1254;Dichloromethane;Water;283.144;0.003480826;0.002297187;0.002305699;L1;41.55840946
1254;Dichloromethane;Water;283.144;0.004577792;0.002297187;0.002305699;L1;68.95312584
1254;Dichloromethane;Water;283.148055;0.002373616;0.002297226;0.002305734;L1;3.271230363
1254;Dichloromethane;Water;283.15;0.004467562;0.002297244;0.002305751;L1;66.51326085
1254;Dichloromethane;Water;283.9;0.00323;0.002304369;0.00231219;L1;33.76751367
1254;Dichloromethane;Water;288.146555;0.005275109;0.002345813;0.002348646;L1;81.0367484
1254;Dichloromethane;Water;288.15;0.0017;0.002345847;0.002348675;L1;32.20182625
1254;Dichloromethane;Water;290.45;0.003873148;0.002369072;0.002370363;L1;49.15694363
1254;Dichloromethane;Water;292.59548;0.0052;0.002391226;0.002395383;L1;77.68522436
1254;Dichloromethane;Water;293.1;0.00313;0.002396505;0.002401266;L1;26.70216559
1254;Dichloromethane;Water;293.138;0.005049222;0.002396903;0.002401709;L1;74.50565023
1254;Dichloromethane;Water;293.138;0.004310388;0.002396903;0.002401709;L1;58.68502535
1254;Dichloromethane;Water;293.138;0.00413;0.002396903;0.002401709;L1;54.40997372
1254;Dichloromethane;Water;293.138;0.002594248;0.002396903;0.002401709;L1;7.911901681
1254;Dichloromethane;Water;293.138;0.003002849;0.002396903;0.002401709;L1;22.53838349
1254;Dichloromethane;Water;293.138;0.003502592;0.002396903;0.002401709;L1;37.93255961
1254;Dichloromethane;Water;293.14537;0.002896185;0.002396981;0.002401795;L1;18.91844225
1254;Dichloromethane;Water;293.14537;0.002793354;0.002396981;0.002401795;L1;15.30330931
1254;Dichloromethane;Water;293.14537;0.001278785;0.002396981;0.002401795;L1;62.82995228
1254;Dichloromethane;Water;293.15;0.0021;0.002397029;0.002401849;L1;13.22928545
1254;Dichloromethane;Water;293.15;0.003912356;0.002397029;0.002401849;L1;48.99095508
1254;Dichloromethane;Water;293.15;0.004171628;0.002397029;0.002401849;L1;55.4076168
1254;Dichloromethane;Water;293.15;0.004527769;0.002397029;0.002401849;L1;63.59991244
1254;Dichloromethane;Water;293.24535;0.0045;0.00239803;0.002402961;L1;62.9429686
1254;Dichloromethane;Water;298.136;0.0042;0.002450621;0.002459993;L1;53.87430029
1254;Dichloromethane;Water;298.136;0.002829455;0.002450621;0.002459993;L1;14.37425912
1254;Dichloromethane;Water;298.14437;0.00279221;0.002450713;0.002460091;L1;13.04542918
1254;Dichloromethane;Water;298.14437;0.0029378;0.002450713;0.002460091;L1;18.12818967
1254;Dichloromethane;Water;298.15;0.005738157;0.002450775;0.002460157;L1;85.07336929
1254;Dichloromethane;Water;298.15;0.003882188;0.002450775;0.002460157;L1;45.99945265
1254;Dichloromethane;Water;298.15;0.0023;0.002450775;0.002460157;L1;6.349526281
1254;Dichloromethane;Water;298.19436;0.0042;0.002451263;0.002460674;L1;53.84809247
1254;Dichloromethane;Water;298.19436;0.0028;0.002451263;0.002460674;L1;13.30158166
1254;Dichloromethane;Water;298.2;0.003829501;0.002451326;0.00246074;L1;44.61055754
1254;Dichloromethane;Water;299.95;0.003698644;0.00247075;0.002481147;L1;40.34446741
1254;Dichloromethane;Water;301.15;0.0025;0.00248425;0.002495141;L1;0.631998636
1254;Dichloromethane;Water;302.1;0.00234;0.002495042;0.00250622;L1;6.415460732
1254;Dichloromethane;Water;303.134;0.002764488;0.002506893;0.002518278;L1;9.781126478
1254;Dichloromethane;Water;303.134;0.004162085;0.002506893;0.002518278;L1;50.69719694
1254;Dichloromethane;Water;303.134;0.004242524;0.002506893;0.002518278;L1;52.61141939
1254;Dichloromethane;Water;303.134;0.005259796;0.002506893;0.002518278;L1;74.10480615
1254;Dichloromethane;Water;303.143055;0.002399308;0.002506997;0.002518383;L1;4.390541002
1254;Dichloromethane;Water;303.143055;0.00329821;0.002506997;0.002518383;L1;27.42941246
1254;Dichloromethane;Water;303.143055;0.0045;0.002506997;0.002518383;L1;58.49916243
1254;Dichloromethane;Water;303.143055;0.005630548;0.002506997;0.002518383;L1;80.91210006
1254;Dichloromethane;Water;303.15;0.003794406;0.002507077;0.002518464;L1;41.44102037
1254;Dichloromethane;Water;303.15;0.004188975;0.002507077;0.002518464;L1;51.33384008
1254;Dichloromethane;Water;303.2;0.004179069;0.002507653;0.002519047;L1;51.07411266
1254;Dichloromethane;Water;308.132;0.002721195;0.00256572;0.002576562;L1;5.883195814
1254;Dichloromethane;Water;308.85;0.003807683;0.002574381;0.002584935;L1;39.14116536
1254;Dichloromethane;Water;313.13;0.007011954;0.00262711;0.002634846;L1;98.17320861
1254;Dichloromethane;Water;313.15;0.003837797;0.002627361;0.002635079;L1;37.89187129
1254;Dichloromethane;Water;313.300007;0.004;0.002629243;0.002636829;L1;41.95983034
1254;Dichloromethane;Water;332.83443;0.0041;0.002894457;0.002906264;L1;34.81893589
1254;Dichloromethane;Water;332.83443;0.0041;0.002894457;0.002906264;L1;34.81893589
1254;Dichloromethane;Water;343.18204;0.019;0.003051441;0.003059848;L1;182.8825098
1254;Dichloromethane;Water;353.159046;0.027;0.00321403;0.003219669;L1;212.8311374
1254;Dichloromethane;Water;363.136368;0.0099;0.003388025;0.003401229;L1;107.2287613
1254;Dichloromethane;Water;253.166;0.998587303;0.999989349;0.999987692;L2;0.140304473
1254;Dichloromethane;Water;263.158;0.997365506;0.99998275;0.999980842;L2;0.26207204
1254;Dichloromethane;Water;263.158;0.998117102;0.99998275;0.999980842;L2;0.186742289
1254;Dichloromethane;Water;273.1000159;0.9953;0.999973094;0.999968222;L2;0.468417341
1254;Dichloromethane;Water;273.15;0.996146063;0.999973036;0.999968158;L2;0.383441823
1254;Dichloromethane;Water;273.15;0.996708591;0.999973036;0.999968158;L2;0.326987328
1254;Dichloromethane;Water;273.15;0.996;0.999973036;0.999968158;L2;0.398105708
1254;Dichloromethane;Water;273.15;0.996286648;0.999973036;0.999968158;L2;0.369329929
1254;Dichloromethane;Water;282.35;0.995022504;0.999960436;0.99995648;L2;0.49503605
1254;Dichloromethane;Water;283.144;0.994835439;0.999959153;0.999955472;L2;0.513709518
1254;Dichloromethane;Water;283.144;0.995303207;0.999959153;0.999955472;L2;0.466700933
1254;Dichloromethane;Water;288.15;0.9975;0.999950243;0.999949118;L2;0.245337158
1254;Dichloromethane;Water;290.45;0.993667531;0.999945643;0.999944954;L2;0.629824606
1254;Dichloromethane;Water;292.59548;0.992;0.999941043;0.999938;L2;0.797321345
1254;Dichloromethane;Water;292.59548;0.992;0.999941043;0.999938;L2;0.797321345
1254;Dichloromethane;Water;293.138;0.992967822;0.999939831;0.999936241;L2;0.699684954
1254;Dichloromethane;Water;293.138;0.993434208;0.999939831;0.999936241;L2;0.652727087
1254;Dichloromethane;Water;293.14537;0.992967822;0.999939814;0.999936217;L2;0.699683293
1254;Dichloromethane;Water;293.15;0.9969;0.999939804;0.999936202;L2;0.304461715
1254;Dichloromethane;Water;293.24535;0.9902;0.999939589;0.999935893;L2;0.978792297
1254;Dichloromethane;Water;298.136;0.990733953;0.999927668;0.999920042;L2;0.923690908
1254;Dichloromethane;Water;298.136;0.9887;0.999927668;0.999920042;L2;1.129199529
1254;Dichloromethane;Water;298.136;0.99212;0.999927668;0.999920042;L2;0.783887649
1254;Dichloromethane;Water;298.136;0.99075213;0.999927668;0.999920042;L2;0.921856224
1254;Dichloromethane;Water;298.14437;0.992888299;0.999927646;0.999920015;L2;0.706475296
1254;Dichloromethane;Water;298.14437;0.991570726;0.999927646;0.999920015;L2;0.839264452
1254;Dichloromethane;Water;298.15;0.9966;0.999927631;0.999919997;L2;0.333342165
1254;Dichloromethane;Water;298.19436;0.991;0.999927515;0.999919853;L2;0.896825678
1254;Dichloromethane;Water;298.2;0.991570726;0.9999275;0.999919834;L2;0.839249856
1254;Dichloromethane;Water;299.95;0.991291678;0.999922784;0.999914162;L2;0.866924218
1254;Dichloromethane;Water;301.15;0.9964;0.999919408;0.999910273;L2;0.352590007
1254;Dichloromethane;Water;303.134;0.99075;0.999913561;0.999903843;L2;0.920660443
1254;Dichloromethane;Water;303.134;0.990641046;0.999913561;0.999903843;L2;0.931658172
1254;Dichloromethane;Water;303.134;0.991105715;0.999913561;0.999903843;L2;0.884763279
1254;Dichloromethane;Water;303.143055;0.991105715;0.999913534;0.999903813;L2;0.884760533
1254;Dichloromethane;Water;303.143055;0.9884;0.999913534;0.999903813;L2;1.158133493
1254;Dichloromethane;Water;303.2;0.991570726;0.999913361;0.999903629;L2;0.837835847
1254;Dichloromethane;Water;308.132;0.989341796;0.999897285;0.999887643;L2;1.061268896
1254;Dichloromethane;Water;308.85;0.989805506;0.999894754;0.999885316;L2;1.014156241
1254;Dichloromethane;Water;313.13;0.987860215;0.999878596;0.999871444;L2;1.209266248
1254;Dichloromethane;Water;313.300007;0.9855;0.999877915;0.999870893;L2;1.448405958
1254;Dichloromethane;Water;332.83443;0.9786;0.999776193;0.999758994;L2;2.140846839
1254;Dichloromethane;Water;332.83443;0.9786;0.999776193;0.999758994;L2;2.140846839
1254;Dichloromethane;Water;332.83443;0.9786;0.999776193;0.999758994;L2;2.140846839
1254;Dichloromethane;Water;343.18204;0.9778;0.999699662;0.999687044;L2;2.214974594
1254;Dichloromethane;Water;353.159046;0.971;0.999607361;0.999596355;L2;2.903609416
1254;Dichloromethane;Water;363.136368;0.9645;0.999493835;0.999466192;L2;3.563915328
1270;N,N-Dimethylformamide (DMF);Hexane;289.61;0.0505;0.136830031;0.136929849;L1;99.67661725
1270;N,N-Dimethylformamide (DMF);Hexane;293.138;0.0422;0.146454788;0.146647649;L1;124.4296549
1270;N,N-Dimethylformamide (DMF);Hexane;293.14537;0.046824214;0.146475438;0.146668454;L1;114.0457294
1270;N,N-Dimethylformamide (DMF);Hexane;293.14537;0.04;0.146475438;0.146668454;L1;129.7978303
1270;N,N-Dimethylformamide (DMF);Hexane;298.2;0.062014771;0.161206069;0.161367735;L1;95.53108778
1270;N,N-Dimethylformamide (DMF);Hexane;302.43428;0.0534;0.174488091;0.174496864;L1;118.4045749
1270;N,N-Dimethylformamide (DMF);Hexane;303.17;0.0655;0.176891402;0.176996766;L1;99.34858547
1270;N,N-Dimethylformamide (DMF);Hexane;306.63;0.075;0.188605491;0.188753497;L1;92.2169369
1270;N,N-Dimethylformamide (DMF);Hexane;308.2;0.082197743;0.19415891;0.19422324;L1;85.95491043
1270;N,N-Dimethylformamide (DMF);Hexane;311.83052;0.078;0.207629933;0.207783219;L1;97.90485021
1270;N,N-Dimethylformamide (DMF);Hexane;313.92;0.1015;0.215820101;0.215982559;L1;75.43863953
1270;N,N-Dimethylformamide (DMF);Hexane;318.2;0.150345969;0.233747942;0.233863099;L1;44.13042657
1270;N,N-Dimethylformamide (DMF);Hexane;321.62745;0.1202;0.249418453;0.249506686;L1;72.99749962
1270;N,N-Dimethylformamide (DMF);Hexane;321.95;0.15;0.250962821;0.25097887;L1;51.46695089
1270;N,N-Dimethylformamide (DMF);Hexane;327.88;0.1985;0.282013176;0.282338644;L1;35.11646934
1270;N,N-Dimethylformamide (DMF);Hexane;331;0.2212;0.300970075;0.301327138;L1;30.79435716
1270;N,N-Dimethylformamide (DMF);Hexane;332.73;0.2459;0.312577616;0.312655619;L1;23.99278618
1270;N,N-Dimethylformamide (DMF);Hexane;333.124;0.202;0.315355363;0.315475609;L1;44.54324406
1270;N,N-Dimethylformamide (DMF);Hexane;334.45;0.2641;0.325133243;0.325569725;L1;20.79072589
1270;N,N-Dimethylformamide (DMF);Hexane;335.24;0.2958;0.331317274;0.331583565;L1;11.33928972
1270;N,N-Dimethylformamide (DMF);Hexane;335.8;0.2976;0.335889394;0.335938849;L1;12.10316175
1270;N,N-Dimethylformamide (DMF);Hexane;336.77;0.341;0.344238213;0.344753289;L1;0.945142056
1270;N,N-Dimethylformamide (DMF);Hexane;336.91;0.3607;0.345493609;0.346025477;L1;4.307244283
1270;N,N-Dimethylformamide (DMF);Hexane;337.06;0.3746;0.346854146;0.347388534;L1;7.695442664
1270;N,N-Dimethylformamide (DMF);Hexane;337.24;0.399;0.348508707;0.349024204;L1;13.52982017
1270;N,N-Dimethylformamide (DMF);Hexane;337.24;0.3818;0.348508707;0.349024204;L1;9.123369607
1270;N,N-Dimethylformamide (DMF);Hexane;337.45;0.4228;0.350470591;0.350932484;L1;18.76224564
1270;N,N-Dimethylformamide (DMF);Hexane;337.53;0.519;0.351227269;0.351659448;L1;39.0470378
1270;N,N-Dimethylformamide (DMF);Hexane;337.53;0.4106;0.351227269;0.351659448;L1;15.61859994
1270;N,N-Dimethylformamide (DMF);Hexane;337.54;0.4863;0.351322224;0.351750319;L1;32.51218981
1270;N,N-Dimethylformamide (DMF);Hexane;337.55;0.4756;0.351417261;0.351841189;L1;30.26028687
1270;N,N-Dimethylformamide (DMF);Hexane;337.58;0.4745;0.351702873;0.352113801;L1;29.94749101
1270;N,N-Dimethylformamide (DMF);Hexane;337.59;0.5038;0.351798244;0.352204672;L1;35.91215237
1270;N,N-Dimethylformamide (DMF);Hexane;337.59;0.5285;0.351798244;0.352204672;L1;40.6984965
1270;N,N-Dimethylformamide (DMF);Hexane;337.6;0.4852;0.351893699;0.352295542;L1;32.12320391
1270;N,N-Dimethylformamide (DMF);Hexane;337.73;0.4503;0.353142353;0.353476859;L1;24.30427854
1270;N,N-Dimethylformamide (DMF);Hexane;337.76;0.4626;0.353432576;0.35374947;L1;26.91700154
1270;N,N-Dimethylformamide (DMF);Hexane;337.78;0.4827;0.353626497;0.353931211;L1;31.1154081
1270;N,N-Dimethylformamide (DMF);Hexane;337.78;0.5342;0.353626497;0.353931211;L1;41.2529039
1270;N,N-Dimethylformamide (DMF);Hexane;337.83;0.5268;0.354112324;0.354385564;L1;39.72068083
1270;N,N-Dimethylformamide (DMF);Hexane;292.07;0.9004;0.741777331;0.741647421;L2;19.37900038
1270;N,N-Dimethylformamide (DMF);Hexane;293.138;0.9057;0.739400574;0.739228789;L2;20.28683023
1270;N,N-Dimethylformamide (DMF);Hexane;298.2;0.888486603;0.727523301;0.727376691;L2;19.98735422
1270;N,N-Dimethylformamide (DMF);Hexane;301.49;0.8777;0.719213921;0.719114489;L2;19.91460106
1270;N,N-Dimethylformamide (DMF);Hexane;302.43428;0.8825;0.71673523;0.716726297;L2;20.80522911
1270;N,N-Dimethylformamide (DMF);Hexane;308.2;0.854579018;0.700589264;0.700528475;L2;19.86871847
1270;N,N-Dimethylformamide (DMF);Hexane;310.87;0.8488;0.692453783;0.692247043;L2;20.35820906
1270;N,N-Dimethylformamide (DMF);Hexane;311.83052;0.8495;0.68941215;0.689267837;L2;20.88086626
1270;N,N-Dimethylformamide (DMF);Hexane;316.78;0.8252;0.672644379;0.672503965;L2;20.44090021
1270;N,N-Dimethylformamide (DMF);Hexane;318.2;0.826042981;0.667452841;0.667341752;L2;21.31780691
1270;N,N-Dimethylformamide (DMF);Hexane;321.33;0.7987;0.655299416;0.655161119;L2;19.78931515
1270;N,N-Dimethylformamide (DMF);Hexane;321.62745;0.803;0.654088514;0.654003569;L2;20.51120291
1270;N,N-Dimethylformamide (DMF);Hexane;325.51;0.7801;0.6372356;0.637104095;L2;20.22826713
1270;N,N-Dimethylformamide (DMF);Hexane;328.47;0.7515;0.622815949;0.62252942;L2;18.78201615
1270;N,N-Dimethylformamide (DMF);Hexane;331.62;0.7281;0.605461572;0.605105897;L2;18.44473057
1270;N,N-Dimethylformamide (DMF);Hexane;332.73;0.7136;0.598708764;0.598631782;L2;17.55473052
1270;N,N-Dimethylformamide (DMF);Hexane;333.124;0.724;0.596215388;0.59609618;L2;19.41894022
1270;N,N-Dimethylformamide (DMF);Hexane;333.32;0.6999;0.594954448;0.594746501;L2;16.24526237
1270;N,N-Dimethylformamide (DMF);Hexane;334.39;0.6888;0.587812649;0.587378355;L2;15.85426805
1270;N,N-Dimethylformamide (DMF);Hexane;335.25;0.6723;0.581716694;0.581456294;L2;14.47211198
1270;N,N-Dimethylformamide (DMF);Hexane;335.64;0.6547;0.578833131;0.578770708;L2;12.31628816
1270;N,N-Dimethylformamide (DMF);Hexane;336.01;0.641;0.576021996;0.575823336;L2;10.68836102
1270;N,N-Dimethylformamide (DMF);Hexane;336.43;0.6336;0.572732822;0.572315636;L2;10.09985113
1270;N,N-Dimethylformamide (DMF);Hexane;336.49;0.6242;0.572254111;0.571814536;L2;8.688768728
1270;N,N-Dimethylformamide (DMF);Hexane;336.71;0.6173;0.570478782;0.569977169;L2;7.887915292
1270;N,N-Dimethylformamide (DMF);Hexane;336.87;0.6017;0.569167146;0.568640903;L2;5.55848371
1270;N,N-Dimethylformamide (DMF);Hexane;337.14;0.581;0.566912781;0.566385953;L2;2.454529069
1270;N,N-Dimethylformamide (DMF);Hexane;337.21;0.5843;0.566319567;0.565801336;L2;3.125602533
1270;N,N-Dimethylformamide (DMF);Hexane;337.37;0.5434;0.564949565;0.564465069;L2;3.889076542
1270;N,N-Dimethylformamide (DMF);Hexane;337.53;0.5754;0.563559326;0.563128803;L2;2.079284254
1270;N,N-Dimethylformamide (DMF);Hexane;337.6;0.543;0.562944519;0.562544186;L2;3.607175778
1273;N,N-Dimethylformamide (DMF);Octane;298.27;0.0449;0.156301036;0.156455809;L1;124.7346071
1273;N,N-Dimethylformamide (DMF);Octane;306.02;0.0747;0.179215476;0.179428755;L1;87.51087645
1273;N,N-Dimethylformamide (DMF);Octane;308.9;0.0896;0.188379782;0.188452798;L1;74.31047229
1273;N,N-Dimethylformamide (DMF);Octane;316.95;0.1179;0.216149757;0.216336447;L1;60.61346803
1273;N,N-Dimethylformamide (DMF);Octane;320.83;0.1335;0.23083363;0.230860934;L1;54.75957552
1273;N,N-Dimethylformamide (DMF);Octane;323.24;0.1498;0.240448399;0.240694091;L1;47.32044383
1273;N,N-Dimethylformamide (DMF);Octane;327.51;0.1694;0.258544197;0.258751349;L1;42.28038703
1273;N,N-Dimethylformamide (DMF);Octane;329.72;0.1849;0.268513144;0.268735865;L1;37.30847284
1273;N,N-Dimethylformamide (DMF);Octane;332.54;0.2044;0.2819254;0.282180244;L1;32.1563638
1273;N,N-Dimethylformamide (DMF);Octane;336.71;0.2423;0.303444919;0.303702804;L1;22.50234817
1273;N,N-Dimethylformamide (DMF);Octane;339.5;0.2694;0.319228262;0.319277993;L1;16.97091388
1273;N,N-Dimethylformamide (DMF);Octane;340.56;0.2828;0.325578706;0.325844826;L1;14.08642974
1273;N,N-Dimethylformamide (DMF);Octane;341.32;0.2968;0.330268174;0.330631542;L1;10.68464622
1273;N,N-Dimethylformamide (DMF);Octane;341.35;0.2971;0.330455754;0.330820491;L1;10.64039934
1273;N,N-Dimethylformamide (DMF);Octane;342.43;0.3151;0.337341274;0.337622665;L1;6.820505098
1273;N,N-Dimethylformamide (DMF);Octane;343.59;0.3282;0.345047358;0.345164676;L1;5.005849726
1273;N,N-Dimethylformamide (DMF);Octane;344.7;0.348;0.3527615;0.353171813;L1;1.358971262
1273;N,N-Dimethylformamide (DMF);Octane;344.71;0.3619;0.352832645;0.35324395;L1;2.537407854
1273;N,N-Dimethylformamide (DMF);Octane;345.36;0.3696;0.357524987;0.357932814;L1;3.32160869
1273;N,N-Dimethylformamide (DMF);Octane;345.59;0.3756;0.359218655;0.359591951;L1;4.459347841
1273;N,N-Dimethylformamide (DMF);Octane;345.68;0.384;0.359886338;0.360241178;L1;6.485429741
1273;N,N-Dimethylformamide (DMF);Octane;346.12;0.4016;0.363192022;0.363415179;L1;10.05248887
1273;N,N-Dimethylformamide (DMF);Octane;346.37;0.3985;0.365101936;0.365218588;L1;8.753090578
1273;N,N-Dimethylformamide (DMF);Octane;346.91;0.4581;0.36931121;0.369501178;L1;21.5447826
1273;N,N-Dimethylformamide (DMF);Octane;346.92;0.4394;0.369390277;0.369585561;L1;17.35564136
1273;N,N-Dimethylformamide (DMF);Octane;347;0.4163;0.370024331;0.370260622;L1;11.78373917
1273;N,N-Dimethylformamide (DMF);Octane;347.01;0.4618;0.370103778;0.370345004;L1;22.134845
1273;N,N-Dimethylformamide (DMF);Octane;347.11;0.4803;0.370900596;0.371188831;L1;25.84768162
1273;N,N-Dimethylformamide (DMF);Octane;347.18;0.5062;0.371460935;0.371779509;L1;30.94881456
1273;N,N-Dimethylformamide (DMF);Octane;347.26;0.5502;0.372103942;0.37245457;L1;39.11086188
1273;N,N-Dimethylformamide (DMF);Octane;347.31;0.4822;0.372507257;0.372876483;L1;25.81024459
1273;N,N-Dimethylformamide (DMF);Octane;347.31;0.5839;0.372507257;0.372876483;L1;44.94732155
1273;N,N-Dimethylformamide (DMF);Octane;347.35;0.5188;0.372830711;0.373214013;L1;33.0393993
1273;N,N-Dimethylformamide (DMF);Octane;347.56;0.4484;0.374540738;0.374986048;L1;17.99851155
1273;N,N-Dimethylformamide (DMF);Octane;347.92;0.4757;0.377520306;0.378023822;L1;23.11630465
1273;N,N-Dimethylformamide (DMF);Octane;348.06;0.4884;0.378696109;0.379205179;L1;25.44006818
1273;N,N-Dimethylformamide (DMF);Octane;348.22;0.4967;0.380052058;0.380555301;L1;26.76779844
1273;N,N-Dimethylformamide (DMF);Octane;348.46;0.5787;0.382111133;0.382580483;L1;41.50727192
1273;N,N-Dimethylformamide (DMF);Octane;348.48;0.5326;0.38228412;0.382749249;L1;33.16065716
1273;N,N-Dimethylformamide (DMF);Octane;348.49;0.5517;0.382370696;0.382833631;L1;36.66138748
1273;N,N-Dimethylformamide (DMF);Octane;348.5;0.5461;0.382457326;0.382918014;L1;35.61850278
1273;N,N-Dimethylformamide (DMF);Octane;348.52;0.5665;0.382630752;0.383086779;L1;39.24066506
1273;N,N-Dimethylformamide (DMF);Octane;291.32;0.9479;0.817847843;0.817735344;L2;14.7572703
1273;N,N-Dimethylformamide (DMF);Octane;302.99;0.9351;0.796945673;0.796922079;L2;15.98669632
1273;N,N-Dimethylformamide (DMF);Octane;308.21;0.9266;0.786141502;0.786020755;L2;16.4385169
1273;N,N-Dimethylformamide (DMF);Octane;315.5;0.9134;0.769202471;0.769188174;L2;17.18196743
1273;N,N-Dimethylformamide (DMF);Octane;324.75;0.8886;0.743782738;0.743592392;L2;17.78982166
1273;N,N-Dimethylformamide (DMF);Octane;329.25;0.8724;0.729338769;0.72909743;L2;17.91097072
1273;N,N-Dimethylformamide (DMF);Octane;334.69;0.8455;0.709420754;0.709238196;L2;17.54793711
1273;N,N-Dimethylformamide (DMF);Octane;337.3;0.8316;0.698646451;0.698340492;L2;17.42067348
1273;N,N-Dimethylformamide (DMF);Octane;339.27;0.8174;0.689858154;0.68974603;L2;16.96425684
1273;N,N-Dimethylformamide (DMF);Octane;340.64;0.8088;0.683357283;0.683082315;L2;16.85338366
1273;N,N-Dimethylformamide (DMF);Octane;341.6;0.7983;0.678586237;0.678226218;L2;16.24728954
1273;N,N-Dimethylformamide (DMF);Octane;342.28;0.791;0.675088454;0.674786484;L2;15.84542421
1273;N,N-Dimethylformamide (DMF);Octane;343.14;0.7828;0.670511945;0.670436231;L2;15.48357175
1273;N,N-Dimethylformamide (DMF);Octane;343.9;0.7725;0.666313062;0.666082199;L2;14.78723854
1273;N,N-Dimethylformamide (DMF);Octane;344.66;0.7425;0.66195549;0.66155566;L2;11.48245525
1273;N,N-Dimethylformamide (DMF);Octane;345.11;0.7541;0.659294327;0.658875472;L2;13.43549233
1273;N,N-Dimethylformamide (DMF);Octane;345.85;0.7431;0.654775692;0.654468052;L2;12.65379033
1273;N,N-Dimethylformamide (DMF);Octane;345.93;0.7099;0.654275953;0.653991575;L2;8.159490638
1273;N,N-Dimethylformamide (DMF);Octane;345.99;0.7132;0.65389965;0.653634216;L2;8.680798679
1273;N,N-Dimethylformamide (DMF);Octane;346.52;0.727;0.650518007;0.650477551;L2;11.11574989
1273;N,N-Dimethylformamide (DMF);Octane;346.78;0.6748;0.648819718;0.648703745;L2;3.926145645
1273;N,N-Dimethylformamide (DMF);Octane;347;0.7132;0.647361153;0.64712729;L2;9.685755089
1273;N,N-Dimethylformamide (DMF);Octane;347.18;0.6244;0.646152804;0.645837462;L2;3.424482514
1273;N,N-Dimethylformamide (DMF);Octane;347.34;0.6045;0.645066983;0.644690949;L2;6.495249086
1273;N,N-Dimethylformamide (DMF);Octane;347.34;0.6019;0.645066983;0.644690949;L2;6.926284236
1273;N,N-Dimethylformamide (DMF);Octane;347.35;0.6012;0.644998746;0.644619292;L2;7.032071396
1273;N,N-Dimethylformamide (DMF);Octane;347.48;0.7027;0.644107592;0.64368775;L2;8.706427756
1273;N,N-Dimethylformamide (DMF);Octane;347.87;0.6795;0.641387441;0.640893124;L2;5.77235273
1273;N,N-Dimethylformamide (DMF);Octane;348.01;0.6633;0.640393235;0.639889925;L2;3.514495891
1273;N,N-Dimethylformamide (DMF);Octane;348.22;0.6385;0.638883574;0.638385127;L2;0.06005617
1273;N,N-Dimethylformamide (DMF);Octane;348.27;0.6148;0.638520806;0.638026841;L2;3.785724841
1273;N,N-Dimethylformamide (DMF);Octane;348.36;0.595;0.637864531;0.637381928;L2;6.956452063
1273;N,N-Dimethylformamide (DMF);Octane;348.38;0.6154;0.637718111;0.637238613;L2;3.562389063
1322;Dodecane;Carbonic acid dimethyl ester;285.48;0.0716;0.064034971;0.064208352;L1;11.16657161
1322;Dodecane;Carbonic acid dimethyl ester;288.245;0.077;0.067611181;0.067695447;L1;13.00320605
1322;Dodecane;Carbonic acid dimethyl ester;289.791;0.084;0.069718302;0.069928322;L1;18.63539354
1322;Dodecane;Carbonic acid dimethyl ester;291.141;0.092;0.07162533;0.071878116;L1;25.03397947
1322;Dodecane;Carbonic acid dimethyl ester;291.96;0.1034;0.072814006;0.07306099;L1;35.06966415
1322;Dodecane;Carbonic acid dimethyl ester;292.263;0.099;0.073260019;0.073498611;L1;30.11048332
1322;Dodecane;Carbonic acid dimethyl ester;293.288;0.107;0.074794449;0.07497901;L1;35.80851694
1322;Dodecane;Carbonic acid dimethyl ester;293.56;0.113;0.075208403;0.075371857;L1;40.71248498
1322;Dodecane;Carbonic acid dimethyl ester;294.173;0.116;0.076151969;0.076257208;L1;42.08592586
1322;Dodecane;Carbonic acid dimethyl ester;294.958;0.123;0.077382258;0.077390977;L1;46.34268212
1322;Dodecane;Carbonic acid dimethyl ester;295.605;0.131;0.078415274;0.078500259;L1;51.31785908
1322;Dodecane;Carbonic acid dimethyl ester;296.152;0.141;0.079302355;0.079454627;L1;57.54920654
1322;Dodecane;Carbonic acid dimethyl ester;296.43;0.154;0.079758102;0.079939662;L1;65.79542762
1322;Dodecane;Carbonic acid dimethyl ester;296.579;0.148;0.080003747;0.080199627;L1;61.51387998
1322;Dodecane;Carbonic acid dimethyl ester;296.69;0.1605;0.080187374;0.080393292;L1;69.39278681
1322;Dodecane;Carbonic acid dimethyl ester;296.879;0.156;0.08050128;0.080723046;L1;66.15829209
1322;Dodecane;Carbonic acid dimethyl ester;296.95;0.1701;0.080619609;0.080846922;L1;74.66445892
1322;Dodecane;Carbonic acid dimethyl ester;297.081;0.161;0.080838521;0.081075482;L1;68.89507723
1322;Dodecane;Carbonic acid dimethyl ester;297.262;0.168;0.081142243;0.081391278;L1;72.77602819
1322;Dodecane;Carbonic acid dimethyl ester;297.41;0.1999;0.08139168;0.081649498;L1;89.85441865
1322;Dodecane;Carbonic acid dimethyl ester;297.416;0.173;0.081401813;0.081659967;L1;75.38940494
1322;Dodecane;Carbonic acid dimethyl ester;297.509;0.177;0.081559083;0.081822227;L1;77.48220249
1322;Dodecane;Carbonic acid dimethyl ester;297.56;0.2189;0.081645494;0.081911208;L1;98.62283681
1322;Dodecane;Carbonic acid dimethyl ester;297.592;0.182;0.081699773;0.081967039;L1;80.09554607
1322;Dodecane;Carbonic acid dimethyl ester;297.663;0.185;0.08182037;0.082090915;L1;81.58295872
1322;Dodecane;Carbonic acid dimethyl ester;297.723;0.189;0.081922462;0.082195599;L1;83.59738012
1322;Dodecane;Carbonic acid dimethyl ester;297.783;0.194;0.082024718;0.082300283;L1;86.08375216
1322;Dodecane;Carbonic acid dimethyl ester;297.82;0.2621;0.082087857;0.082364838;L1;116.0936005
1322;Dodecane;Carbonic acid dimethyl ester;297.834;0.198;0.082111764;0.082389264;L1;88.01857306
1322;Dodecane;Carbonic acid dimethyl ester;297.85;0.2613;0.082139098;0.08241718;L1;115.7255049
1322;Dodecane;Carbonic acid dimethyl ester;297.874;0.201;0.08218012;0.082459054;L1;89.43914885
1322;Dodecane;Carbonic acid dimethyl ester;297.906;0.206;0.082234857;0.082514885;L1;91.82969097
1322;Dodecane;Carbonic acid dimethyl ester;297.934;0.209;0.08228279;0.082563738;L1;93.21722781
1322;Dodecane;Carbonic acid dimethyl ester;297.959;0.212;0.082325618;0.082607356;L1;94.59039367
1322;Dodecane;Carbonic acid dimethyl ester;297.985;0.216;0.08237019;0.082652719;L1;96.40548079
1322;Dodecane;Carbonic acid dimethyl ester;298.007;0.221;0.082407929;0.082691103;L1;98.64810447
1322;Dodecane;Carbonic acid dimethyl ester;298.022;0.224;0.082433673;0.082717274;L1;99.96520485
1322;Dodecane;Carbonic acid dimethyl ester;298.035;0.231;0.082455992;0.082739955;L1;103.0152984
1322;Dodecane;Carbonic acid dimethyl ester;298.042;0.236;0.082468014;0.082752168;L1;105.1421296
1322;Dodecane;Carbonic acid dimethyl ester;298.049;0.239;0.082480038;0.082764382;L1;106.3907254
1322;Dodecane;Carbonic acid dimethyl ester;298.057;0.246;0.082493782;0.082778339;L1;109.2608614
1322;Dodecane;Carbonic acid dimethyl ester;298.15;0.11;0.082653776;0.082940599;L1;28.58198533
1322;Dodecane;Carbonic acid dimethyl ester;280.09;0.6775;0.845098188;0.844984573;L2;22.10432672
1322;Dodecane;Carbonic acid dimethyl ester;284.54;0.6319;0.827859374;0.827352189;L2;27.01121474
1322;Dodecane;Carbonic acid dimethyl ester;287.87;0.5908;0.814060963;0.813969065;L2;32.05577062
1322;Dodecane;Carbonic acid dimethyl ester;288.245;0.592;0.812456825;0.812272122;L2;31.65561389
1322;Dodecane;Carbonic acid dimethyl ester;289.791;0.57;0.805732908;0.805276194;L2;34.61159474
1322;Dodecane;Carbonic acid dimethyl ester;290.16;0.5566;0.804101383;0.803606403;L2;36.78785107
1322;Dodecane;Carbonic acid dimethyl ester;291.141;0.549;0.799713107;0.799167201;L2;37.61546059
1322;Dodecane;Carbonic acid dimethyl ester;291.23;0.5341;0.799311302;0.79876446;L2;40.31673968
1322;Dodecane;Carbonic acid dimethyl ester;292.263;0.528;0.794602235;0.794089949;L2;40.87453719
1322;Dodecane;Carbonic acid dimethyl ester;292.77;0.5069;0.792260108;0.791795683;L2;44.65760111
1322;Dodecane;Carbonic acid dimethyl ester;293.288;0.509;0.789845882;0.78945164;L2;43.9389824
1322;Dodecane;Carbonic acid dimethyl ester;294.173;0.489;0.785670815;0.785446855;L2;47.41754048
1322;Dodecane;Carbonic acid dimethyl ester;294.37;0.4787;0.784732712;0.784555395;L2;49.42690694
1322;Dodecane;Carbonic acid dimethyl ester;294.958;0.471;0.781913562;0.781894589;L2;50.68861062
1322;Dodecane;Carbonic acid dimethyl ester;295.45;0.4497;0.779532473;0.779408084;L2;55.0113653
1322;Dodecane;Carbonic acid dimethyl ester;295.605;0.454;0.778778108;0.778612238;L2;53.96289647
1322;Dodecane;Carbonic acid dimethyl ester;295.94;0.4338;0.777140741;0.776892182;L2;58.30378696
1322;Dodecane;Carbonic acid dimethyl ester;296.152;0.435;0.776099614;0.77580367;L2;57.89348493
1322;Dodecane;Carbonic acid dimethyl ester;296.579;0.419;0.773990918;0.773611241;L2;61.36892193
1322;Dodecane;Carbonic acid dimethyl ester;296.879;0.408;0.772499977;0.772070892;L2;63.8364805
1322;Dodecane;Carbonic acid dimethyl ester;296.93;0.3916;0.77224574;0.771809033;L2;67.90619048
1322;Dodecane;Carbonic acid dimethyl ester;297.081;0.398;0.771491669;0.771033725;L2;66.18738676
1322;Dodecane;Carbonic acid dimethyl ester;297.15;0.3706;0.77114643;0.770679444;L2;73.27549634
1322;Dodecane;Carbonic acid dimethyl ester;297.262;0.388;0.770585155;0.770104381;L2;68.61448284
1322;Dodecane;Carbonic acid dimethyl ester;297.416;0.38;0.769811605;0.769313669;L2;70.59745638
1322;Dodecane;Carbonic acid dimethyl ester;297.509;0.374;0.769343451;0.768836161;L2;72.12816928
1322;Dodecane;Carbonic acid dimethyl ester;297.56;0.3256;0.769086398;0.768574302;L2;85.95336796
1322;Dodecane;Carbonic acid dimethyl ester;297.592;0.367;0.768924992;0.768409998;L2;73.96315768
1322;Dodecane;Carbonic acid dimethyl ester;297.663;0.362;0.76856655;0.768045449;L2;75.28829444
1322;Dodecane;Carbonic acid dimethyl ester;297.7;0.3142;0.768379579;0.767855473;L2;89.4254129
1322;Dodecane;Carbonic acid dimethyl ester;297.723;0.357;0.768263293;0.767737379;L2;76.63967223
1322;Dodecane;Carbonic acid dimethyl ester;297.783;0.35;0.767959718;0.76742931;L2;78.58041263
1322;Dodecane;Carbonic acid dimethyl ester;297.834;0.346;0.767701427;0.76716745;L2;79.6962116
1322;Dodecane;Carbonic acid dimethyl ester;297.84;0.2789;0.767671025;0.767136644;L2;101.2507994
1322;Dodecane;Carbonic acid dimethyl ester;297.84;0.2945;0.767671025;0.767136644;L2;95.80822855
1322;Dodecane;Carbonic acid dimethyl ester;297.874;0.341;0.767498685;0.766962071;L2;81.12542889
1322;Dodecane;Carbonic acid dimethyl ester;297.906;0.336;0.767336389;0.766797767;L2;82.58141226
1322;Dodecane;Carbonic acid dimethyl ester;297.934;0.331;0.767194305;0.766654001;L2;84.06217249
1322;Dodecane;Carbonic acid dimethyl ester;297.959;0.326;0.767067385;0.766525639;L2;85.56772718
1322;Dodecane;Carbonic acid dimethyl ester;297.985;0.321;0.76693533;0.766392142;L2;87.09613589
1322;Dodecane;Carbonic acid dimethyl ester;298.007;0.314;0.766823544;0.766279183;L2;89.28637284
1322;Dodecane;Carbonic acid dimethyl ester;298.022;0.311;0.766747301;0.766202166;L2;90.23643706
1322;Dodecane;Carbonic acid dimethyl ester;298.035;0.308;0.766681208;0.766135417;L2;91.19712966
1322;Dodecane;Carbonic acid dimethyl ester;298.042;0.303;0.766645613;0.766099476;L2;92.82918457
1322;Dodecane;Carbonic acid dimethyl ester;298.049;0.3;0.766610013;0.766063534;L2;93.81957404
1322;Dodecane;Carbonic acid dimethyl ester;298.057;0.295;0.766569323;0.766022458;L2;95.49497792
1322;Dodecane;Carbonic acid dimethyl ester;298.061;0.291;0.766548976;0.76600192;L2;96.85753247
1322;Dodecane;Carbonic acid dimethyl ester;298.064;0.287;0.766533715;0.765986517;L2;98.23964667
1322;Dodecane;Carbonic acid dimethyl ester;298.15;0.52;0.76609588;0.76554495;L2;38.74785198
1361;Butyl acetate;Water;273.15;0.001501018;0.000842336;0.000854039;L1;57.77203287
1361;Butyl acetate;Water;273.15;0.0014;0.000842336;0.000854039;L1;50.80490207
1361;Butyl acetate;Water;273.35;0.001666567;0.000842425;0.000854108;L1;68.22369746
1361;Butyl acetate;Water;282.248325;0.001186285;0.000850648;0.000857169;L1;33.25830713
1361;Butyl acetate;Water;283.15;0.00127303;0.000851924;0.00085748;L1;40.16574397
1361;Butyl acetate;Water;285.85;0.001564093;0.000856205;0.000858409;L1;60.25511322
1361;Butyl acetate;Water;292.09558;0.00101;0.000868652;0.00087298;L1;15.07631082
1361;Butyl acetate;Water;292.84543;0.000997958;0.000870377;0.000875295;L1;13.67847308
1361;Butyl acetate;Water;293.138;0.000669309;0.000871063;0.000876199;L1;26.34686803
1361;Butyl acetate;Water;293.138;0.0011;0.000871063;0.000876199;L1;23.33509416
1361;Butyl acetate;Water;293.138;0.00293069;0.000871063;0.000876199;L1;121.3278652
1361;Butyl acetate;Water;293.14537;0.0018;0.000871081;0.000876222;L1;72.58074743
1361;Butyl acetate;Water;293.14537;0.00111;0.000871081;0.000876222;L1;24.23808247
1361;Butyl acetate;Water;293.15;0.0013;0.000871091;0.000876236;L1;40.03725367
1361;Butyl acetate;Water;293.15;0.001077342;0.000871091;0.000876236;L1;21.25051688
1361;Butyl acetate;Water;293.2;0.0012;0.00087121;0.00087639;L1;32.01943151
1361;Butyl acetate;Water;298.09438;0.001025802;0.000883786;0.000891507;L1;14.90147272
1361;Butyl acetate;Water;298.136;0.0036;0.000883902;0.000891635;L1;140.4343146
1361;Butyl acetate;Water;298.136;0.000995;0.000883902;0.000891635;L1;11.83967586
1361;Butyl acetate;Water;298.14437;0.00105;0.000883925;0.000891661;L1;17.21731665
1361;Butyl acetate;Water;298.14437;0.001048567;0.000883925;0.000891661;L1;17.08074725
1361;Butyl acetate;Water;298.14437;0.001186285;0.000883925;0.000891661;L1;29.42095776
1361;Butyl acetate;Water;298.14437;0.0015;0.000883925;0.000891661;L1;52.88481105
1361;Butyl acetate;Water;298.14437;0.001139167;0.000883925;0.000891661;L1;25.36802959
1361;Butyl acetate;Water;298.14437;0.0012;0.000883925;0.000891661;L1;30.57045591
1361;Butyl acetate;Water;298.15;0.000971805;0.000883941;0.000891678;L1;9.476519801
1361;Butyl acetate;Water;298.15;0.001;0.000883941;0.000891678;L1;12.33653099
1361;Butyl acetate;Water;298.15;0.001249076;0.000883941;0.000891678;L1;34.57693879
1361;Butyl acetate;Water;298.15;0.000928845;0.000883941;0.000891678;L1;4.955190978
1361;Butyl acetate;Water;298.15;0.000825663;0.000883941;0.000891678;L1;6.820326909
1361;Butyl acetate;Water;298.19436;0.001312;0.000884064;0.000891815;L1;39.47785059
1361;Butyl acetate;Water;298.2;0.0009289;0.00088408;0.000891833;L1;4.945387951
1361;Butyl acetate;Water;303.134;0.0014645;0.000898796;0.000907071;L1;48.82129616
1361;Butyl acetate;Water;303.134;0.001406485;0.000898796;0.000907071;L1;44.77927584
1361;Butyl acetate;Water;303.134;0.0014;0.000898796;0.000907071;L1;44.31713109
1361;Butyl acetate;Water;303.143055;0.00135;0.000898825;0.000907099;L1;40.67716148
1361;Butyl acetate;Water;303.15;0.001374996;0.000898847;0.000907121;L1;42.50932569
1361;Butyl acetate;Water;303.15;0.001;0.000898847;0.000907121;L1;10.66424349
1361;Butyl acetate;Water;303.15;0.000937257;0.000898847;0.000907121;L1;4.184468013
1361;Butyl acetate;Water;303.15;0.001;0.000898847;0.000907121;L1;10.66424349
1361;Butyl acetate;Water;303.15;0.001564093;0.000898847;0.000907121;L1;55.39485381
1361;Butyl acetate;Water;303.2;0.0008783;0.000899006;0.000907275;L1;2.330174703
1361;Butyl acetate;Water;303.442965;0.000810015;0.000899783;0.000908025;L1;10.5100595
1361;Butyl acetate;Water;304.15;0.0005;0.000902069;0.000910209;L1;59.00831269
1361;Butyl acetate;Water;307.98206;0.002356179;0.000915147;0.000922044;L1;94.57116244
1361;Butyl acetate;Water;308.132;0.0014;0.000915682;0.000922507;L1;42.45580954
1361;Butyl acetate;Water;308.15;0.001;0.000915747;0.000922563;L1;8.8015582
1361;Butyl acetate;Water;308.15;0.001280592;0.000915747;0.000922563;L1;33.5338053
1361;Butyl acetate;Water;308.2;0.0008351;0.000915925;0.000922717;L1;9.238355053
1361;Butyl acetate;Water;308.2;0.001201996;0.000915925;0.000922717;L1;27.18037586
1361;Butyl acetate;Water;310.29091;0.00088;0.00092358;0.000929175;L1;4.833559178
1361;Butyl acetate;Water;312.740175;0.000778729;0.000932976;0.000936739;L1;18.07159933
1361;Butyl acetate;Water;313.140055;0.0009;0.000934553;0.000937974;L1;3.767395198
1361;Butyl acetate;Water;313.140055;0.0009;0.000934553;0.000937974;L1;3.767395198
1361;Butyl acetate;Water;313.15;0.0009;0.000934593;0.000938005;L1;3.771610351
1361;Butyl acetate;Water;313.15;0.000884305;0.000934593;0.000938005;L1;5.530884108
1361;Butyl acetate;Water;313.2;0.0007819;0.000934791;0.00093816;L1;17.85960307
1361;Butyl acetate;Water;313.2;0.0012;0.000934791;0.00093816;L1;24.97539499
1361;Butyl acetate;Water;317.52868;0.00092;0.00095267;0.000954016;L1;3.489502325
1361;Butyl acetate;Water;317.52868;0.0009;0.00095267;0.000954016;L1;5.687392996
1361;Butyl acetate;Water;317.578665;0.0009;0.000952885;0.000954279;L1;5.70993548
1361;Butyl acetate;Water;318.15;0.0009;0.000955353;0.000957287;L1;5.968646201
1361;Butyl acetate;Water;318.15;0.003;0.000955353;0.000957287;L1;114.4286342
1361;Butyl acetate;Water;318.15;0.006;0.000955353;0.000957287;L1;183.7433523
1361;Butyl acetate;Water;318.2;0.0007582;0.000955571;0.00095755;L1;23.13613456
1361;Butyl acetate;Water;323.127;0.00108;0.0009779;0.000983493;L1;9.93086017
1361;Butyl acetate;Water;323.137055;0.0002;0.000977948;0.000983546;L1;158.7138868
1361;Butyl acetate;Water;323.137055;0.000778729;0.000977948;0.000983546;L1;22.77931308
1361;Butyl acetate;Water;323.15;0.001076381;0.000978009;0.000983614;L1;9.58410647
1361;Butyl acetate;Water;323.15;0.000871988;0.000978009;0.000983614;L1;11.47430402
1361;Butyl acetate;Water;323.15;0.0009;0.000978009;0.000983614;L1;8.312393924
1361;Butyl acetate;Water;323.15;0.0002;0.000978009;0.000983614;L1;158.7201336
1361;Butyl acetate;Water;328.15;0.002;0.001002551;0.001009941;L1;69.05995373
1361;Butyl acetate;Water;328.15;0.0009;0.001002551;0.001009941;L1;10.79081589
1361;Butyl acetate;Water;332.15;0.0008;0.001023543;0.001031003;L1;24.64140928
1361;Butyl acetate;Water;333.15;0.000889803;0.001028981;0.001036268;L1;14.53239547
1361;Butyl acetate;Water;333.15;0.0009;0.001028981;0.001036268;L1;13.39292813
1361;Butyl acetate;Water;333.33433;0.000778729;0.001029991;0.001037239;L1;27.96425495
1361;Butyl acetate;Water;341.78246;0.00088;0.001079088;0.001081721;L1;20.39497838
1361;Butyl acetate;Water;343.331995;0.000731819;0.001088689;0.00108988;L1;39.71960692
1361;Butyl acetate;Water;343.65;0.0009;0.001090682;0.001091555;L1;19.21637733
1361;Butyl acetate;Water;348.15;0.005;0.001119735;0.001122618;L1;149.6345998
1361;Butyl acetate;Water;352.17934;0.00101;0.001147103;0.001152899;L1;12.72894652
1361;Butyl acetate;Water;353.15;0.003;0.00115389;0.001160193;L1;95.54737885
1361;Butyl acetate;Water;353.229025;0.000747453;0.001154445;0.001160787;L1;43.47039423
1361;Butyl acetate;Water;358.15;0.01;0.001190053;0.001197768;L1;212.8587277
1361;Butyl acetate;Water;363.15;0.006;0.001228268;0.001235343;L1;158.6154668
1361;Butyl acetate;Water;363.62627;0.000747453;0.001232017;0.001238922;L1;49.97361221
1361;Butyl acetate;Water;363.866222;0.0013;0.001233912;0.001240726;L1;5.217428231
1361;Butyl acetate;Water;364.1231;0.00253;0.001235948;0.001242656;L1;71.63814146
1361;Butyl acetate;Water;366.15;0.0009;0.001252201;0.001257888;L1;33.02632744
1361;Butyl acetate;Water;368.15;0.008;0.001268582;0.001272918;L1;184.1541968
1361;Butyl acetate;Water;373.15;0.007;0.001311048;0.001310988;L1;167.5083165
1361;Butyl acetate;Water;378.15;0.006;0.001355725;0.001361024;L1;148.7423278
1361;Butyl acetate;Water;383.15;0.009;0.001402674;0.001411059;L1;185.8844332
1361;Butyl acetate;Water;388.15;0.015;0.001451962;0.001461095;L1;233.5134387
1361;Butyl acetate;Water;393.15;0.01;0.001503661;0.001511131;L1;189.4682312
1361;Butyl acetate;Water;398.15;0.006;0.001557846;0.001561166;L1;134.8455418
1361;Butyl acetate;Water;273.15;0.951755997;0.965883403;0.965559682;L2;1.473442988
1361;Butyl acetate;Water;273.15;0.933;0.965883403;0.965559682;L2;3.46379253
1361;Butyl acetate;Water;282.248325;0.948207317;0.963144916;0.962950752;L2;1.563071772
1361;Butyl acetate;Water;282.6443;0.9281;0.963019954;0.962837207;L2;3.693464691
1361;Butyl acetate;Water;285.85;0.883711501;0.96199044;0.961917978;L2;8.487385963
1361;Butyl acetate;Water;288.141;0.9238;0.961235134;0.961209114;L2;3.972345775
1361;Butyl acetate;Water;290.79584;0.9388;0.960339378;0.960206766;L2;2.2684277
1361;Butyl acetate;Water;292.84543;0.940012713;0.959632701;0.959432933;L2;2.065720891
1361;Butyl acetate;Water;293.138;0.927;0.959530746;0.959322472;L2;3.449079348
1361;Butyl acetate;Water;293.14537;0.9374;0.959528175;0.95931969;L2;2.333159329
1361;Butyl acetate;Water;293.14537;0.9535;0.959528175;0.95931969;L2;0.630225374
1361;Butyl acetate;Water;293.15;0.9274;0.959526559;0.959317942;L2;3.405502293
1361;Butyl acetate;Water;293.15;0.955;0.959526559;0.959317942;L2;0.47286544
1361;Butyl acetate;Water;293.2;0.9296;0.959509106;0.959299064;L2;3.166741944
1361;Butyl acetate;Water;294.1376;0.9186;0.959180363;0.958945068;L2;4.322835938
1361;Butyl acetate;Water;298.09438;0.928;0.957762271;0.957451167;L2;3.156786286
1361;Butyl acetate;Water;298.136;0.863;0.957747089;0.957435453;L2;10.41690529
1361;Butyl acetate;Water;298.136;0.9255;0.957747089;0.957435453;L2;3.424961201
1361;Butyl acetate;Water;298.14437;0.955;0.957744035;0.957432293;L2;0.286921496
1361;Butyl acetate;Water;298.14437;0.887922561;0.957744035;0.957432293;L2;7.569602234
1361;Butyl acetate;Water;298.14437;0.9348;0.957744035;0.957432293;L2;2.424795278
1361;Butyl acetate;Water;298.14437;0.912796008;0.957744035;0.957432293;L2;4.806813026
1361;Butyl acetate;Water;298.14437;0.922;0.957744035;0.957432293;L2;3.803533189
1361;Butyl acetate;Water;298.15;0.918356867;0.957741981;0.957430167;L2;4.199235146
1361;Butyl acetate;Water;298.15;0.96;0.957741981;0.957430167;L2;0.235487392
1361;Butyl acetate;Water;298.15;0.9356;0.957741981;0.957430167;L2;2.339037583
1361;Butyl acetate;Water;302.6342;0.9092;0.956073396;0.955737135;L2;5.026959203
1361;Butyl acetate;Water;303.134;0.933;0.95588339;0.955548433;L2;2.423072747
1361;Butyl acetate;Water;303.134;0.933082634;0.95588339;0.955548433;L2;2.414216333
1361;Butyl acetate;Water;303.134;0.89371;0.95588339;0.955548433;L2;6.725459055
1361;Butyl acetate;Water;303.134;0.913349567;0.95588339;0.955548433;L2;4.551724367
1361;Butyl acetate;Water;303.143055;0.9266;0.95587994;0.955545014;L2;3.111034623
1361;Butyl acetate;Water;303.143055;0.9363;0.95587994;0.955545014;L2;2.069638126
1361;Butyl acetate;Water;303.15;0.933;0.955877294;0.955542392;L2;2.422435005
1361;Butyl acetate;Water;303.15;0.938851733;0.955877294;0.955542392;L2;1.797198299
1361;Butyl acetate;Water;303.15;0.932;0.955877294;0.955542392;L2;2.529673621
1361;Butyl acetate;Water;303.15;0.952;0.955877294;0.955542392;L2;0.406451611
1361;Butyl acetate;Water;303.15;0.905650253;0.955877294;0.955542392;L2;5.39763536
1361;Butyl acetate;Water;303.442965;0.924539333;0.955765526;0.955431782;L2;3.321702201
1361;Butyl acetate;Water;304.15;0.898;0.955494636;0.955164837;L2;6.205908167
1361;Butyl acetate;Water;304.9925;0.9269;0.955169714;0.954846747;L2;3.004335098
1361;Butyl acetate;Water;307.98206;0.921720543;0.953997956;0.953718024;L2;3.441944976
1361;Butyl acetate;Water;308.132;0.884;0.953938411;0.953661414;L2;7.614204822
1361;Butyl acetate;Water;308.15;0.9271;0.953931258;0.953654618;L2;2.853017761
1361;Butyl acetate;Water;308.15;0.883711501;0.953931258;0.953654618;L2;7.646095919
1361;Butyl acetate;Water;308.15;0.908;0.953931258;0.953654618;L2;4.934723362
1361;Butyl acetate;Water;308.2;0.925670879;0.953911382;0.95363574;L2;3.005202727
1361;Butyl acetate;Water;312.740175;0.918916058;0.952071954;0.951921575;L2;3.544583679
1361;Butyl acetate;Water;313.140055;0.9191;0.951906642;0.951770598;L2;3.507203437
1361;Butyl acetate;Water;313.140055;0.911;0.951906642;0.951770598;L2;4.392406747
1361;Butyl acetate;Water;313.15;0.9216;0.951902524;0.951766843;L2;3.235134855
1361;Butyl acetate;Water;313.15;0.941;0.951902524;0.951766843;L2;1.15194989
1361;Butyl acetate;Water;313.2;0.9145;0.951881814;0.951747965;L2;4.006341422
1361;Butyl acetate;Water;317.52868;0.9;0.950056831;0.950001951;L2;5.412704203
1361;Butyl acetate;Water;317.52868;0.9;0.950056831;0.950001951;L2;5.412704203
1361;Butyl acetate;Water;317.578665;0.9001;0.950035385;0.949978192;L2;5.399336345
1361;Butyl acetate;Water;318.15;0.905;0.949789648;0.949706622;L2;4.83055928
1361;Butyl acetate;Water;318.15;0.919;0.949789648;0.949706622;L2;3.295441415
1361;Butyl acetate;Water;318.15;0.9152;0.949789648;0.949706622;L2;3.709791588
1361;Butyl acetate;Water;323.127;0.8248;0.94760142;0.947340932;L2;13.87930381
1361;Butyl acetate;Water;323.137055;0.922846337;0.947596912;0.947336152;L2;2.646647523
1361;Butyl acetate;Water;323.137055;0.8885;0.947596912;0.947336152;L2;6.439456615
1361;Butyl acetate;Water;323.15;0.8242965;0.947591108;0.947329999;L2;13.93927935
1361;Butyl acetate;Water;323.15;0.8695;0.947591108;0.947329999;L2;8.6004755
1361;Butyl acetate;Water;323.15;0.9073;0.947591108;0.947329999;L2;4.344993262
1361;Butyl acetate;Water;323.15;0.879;0.947591108;0.947329999;L2;7.513819111
1361;Butyl acetate;Water;326.88593;0.9072;0.94589153;0.94555422;L2;4.176496766
1361;Butyl acetate;Water;328.15;0.891;0.945305321;0.944953376;L2;5.91635391
1361;Butyl acetate;Water;328.15;0.8996;0.945305321;0.944953376;L2;4.955774649
1361;Butyl acetate;Water;332.15;0.8684;0.943412776;0.943052078;L2;8.285147505
1361;Butyl acetate;Water;333.15;0.8927;0.942930651;0.942576753;L2;5.474216121
1361;Butyl acetate;Water;333.33433;0.917240187;0.942841386;0.942489137;L2;2.752870241
1361;Butyl acetate;Water;337.08358;0.8922;0.9409989;0.940707026;L2;5.325164776
1361;Butyl acetate;Water;343.331995;0.917798244;0.937813086;0.937737;L2;2.157307218
1361;Butyl acetate;Water;343.65;0.824;0.93764705;0.937585845;L2;12.92030685
1361;Butyl acetate;Water;348.15;0.908;0.935256475;0.935096601;L2;2.957641776
1361;Butyl acetate;Water;348.9803;0.8658;0.934806954;0.934613158;L2;7.668610615
1361;Butyl acetate;Water;353.15;0.882;0.932509308;0.932185342;L2;5.56870777
1361;Butyl acetate;Water;353.229025;0.913903685;0.932465112;0.93213933;L2;2.01065489
1361;Butyl acetate;Water;358.15;0.898;0.929664717;0.929274083;L2;3.465393368
1361;Butyl acetate;Water;361.87662;0.8412;0.927480191;0.927104252;L2;9.764199252
1361;Butyl acetate;Water;363.15;0.871;0.926720992;0.926362824;L2;6.201056424
1361;Butyl acetate;Water;363.62627;0.907839005;0.926435358;0.926085515;L2;2.027721748
1361;Butyl acetate;Water;363.866222;0.8082;0.926291104;0.925945803;L2;13.63789998
1361;Butyl acetate;Water;366.15;0.8427;0.924906471;0.924616069;L2;9.308159679
1361;Butyl acetate;Water;368.15;0.875;0.923676448;0.923451566;L2;5.413795921
1361;Butyl acetate;Water;373.15;0.85;0.92052943;0.920517344;L2;7.971262198
1361;Butyl acetate;Water;378.15;0.854;0.917278325;0.917028272;L2;7.147974978
1361;Butyl acetate;Water;383.15;0.834;0.913921572;0.9135392;L2;9.151135836
1361;Butyl acetate;Water;388.15;0.8;0.910457668;0.910050128;L2;12.93356769
1361;Butyl acetate;Water;393.15;0.79;0.906885176;0.906561056;L2;13.79828991
1361;Butyl acetate;Water;398.15;0.787;0.903202739;0.903071985;L2;13.77187966
1378;Methyl acetate;Water;266.60524;0.0769;0.426018933;0.425527823;L1;171.1977913
1378;Methyl acetate;Water;273.15;0.075;0.410638597;0.409870054;L1;170.0225387
1378;Methyl acetate;Water;273.15;0.0748;0.410638597;0.409870054;L1;170.2895616
1378;Methyl acetate;Water;278.147;0.0662;0.396887046;0.396849229;L1;179.0971258
1378;Methyl acetate;Water;283.144;0.0735;0.381313051;0.380552842;L1;164.6335289
1378;Methyl acetate;Water;283.144;0.0731;0.381313051;0.380552842;L1;165.1792328
1378;Methyl acetate;Water;293.138;0.072;0.345095628;0.344566845;L1;156.7155441
1378;Methyl acetate;Water;293.138;0.0721;0.345095628;0.344566845;L1;156.5767516
1378;Methyl acetate;Water;293.138;0.072593746;0.345095628;0.344566845;L1;155.8942785
1378;Methyl acetate;Water;293.14537;0.069871602;0.345066811;0.34453843;L1;159.7078753
1378;Methyl acetate;Water;293.15;0.0778;0.345048707;0.344520578;L1;148.9544155
1378;Methyl acetate;Water;294.1376;0.067;0.34116454;0.340712832;L1;162.7672264
1378;Methyl acetate;Water;294.59508;0.0698;0.339350884;0.338948993;L1;158.1400619
1378;Methyl acetate;Water;295.09498;0.0697;0.337358098;0.337021601;L1;157.6944653
1378;Methyl acetate;Water;295.1372;0.075;0.33718947;0.33685882;L1;150.3156886
1378;Methyl acetate;Water;297.29454;0.0687;0.328486984;0.328471032;L1;156.4748016
1378;Methyl acetate;Water;298.09438;0.0545;0.325223149;0.32516632;L1;178.6310856
1378;Methyl acetate;Water;298.136;0.0717;0.325052852;0.324994358;L1;151.1497044
1378;Methyl acetate;Water;298.15;0.071046565;0.324995559;0.324936514;L1;152.0476011
1378;Methyl acetate;Water;298.2;0.07;0.324790899;0.324729928;L1;153.4686345
1378;Methyl acetate;Water;298.2;0.07103;0.324790899;0.324729928;L1;152.0079264
1378;Methyl acetate;Water;303.134;0.076469018;0.304386014;0.304344043;L1;138.1411015
1378;Methyl acetate;Water;303.134;0.076469018;0.304386014;0.304344043;L1;138.1411015
1378;Methyl acetate;Water;303.134;0.079095172;0.304386014;0.304344043;L1;134.7644844
1378;Methyl acetate;Water;303.134;0.0713;0.304386014;0.304344043;L1;145.1400353
1378;Methyl acetate;Water;303.134;0.0717;0.304386014;0.304344043;L1;144.5805932
1378;Methyl acetate;Water;303.15;0.0707;0.304319508;0.304277936;L1;145.9632589
1378;Methyl acetate;Water;303.2;0.07013;0.304111614;0.30407135;L1;146.7044124
1378;Methyl acetate;Water;305.09247;0.0653;0.29625204;0.296252202;L1;151.2218541
1378;Methyl acetate;Water;308.132;0.0679;0.283724807;0.283934228;L1;142.9968743
1378;Methyl acetate;Water;308.2;0.07068;0.283446824;0.28366894;L1;138.8861887
1378;Methyl acetate;Water;313.13;0.0721;0.263730138;0.264435601;L1;129.6872331
1378;Methyl acetate;Water;313.15;0.0686;0.263652292;0.264357575;L1;134.6338626
1378;Methyl acetate;Water;313.2;0.07026;0.263457767;0.264162511;L1;132.1690432
1378;Methyl acetate;Water;313.24;0.0684;0.263302239;0.26400646;L1;134.7929745
1378;Methyl acetate;Water;318.2;0.07135;0.244729021;0.244833731;L1;123.2554216
1378;Methyl acetate;Water;323.127;0.0735;0.227929556;0.229260611;L1;113.1751211
1378;Methyl acetate;Water;323.15;0.0667;0.227855424;0.229187913;L1;122.8506369
1378;Methyl acetate;Water;323.24;0.07;0.227565736;0.228903444;L1;117.8943905
1378;Methyl acetate;Water;323.24;0.07;0.227565736;0.228903444;L1;117.8943905
1378;Methyl acetate;Water;329.635105;0.070051908;0.208623728;0.20868998;L1;109.1295774
1378;Methyl acetate;Water;330.9848;0.0653;0.205041263;0.205552097;L1;114.4219204
1378;Methyl acetate;Water;331.1246;0.07;0.204678363;0.205241132;L1;107.2944542
1378;Methyl acetate;Water;332.02433;0.0703;0.202379185;0.203239812;L1;105.7371293
1378;Methyl acetate;Water;332.4845;0.066;0.201227464;0.202216231;L1;111.4781189
1378;Methyl acetate;Water;333.124;0.0754;0.199653873;0.200793755;L1;97.37779569
1378;Methyl acetate;Water;333.15;0.0705;0.199590556;0.200735922;L1;104.0655336
1378;Methyl acetate;Water;333.224;0.0706;0.199410626;0.20057132;L1;103.8336001
1378;Methyl acetate;Water;334.824;0.0711;0.195621134;0.197012351;L1;101.2092461
1378;Methyl acetate;Water;335.38392;0.0687;0.194339963;0.19576689;L1;103.9859813
1378;Methyl acetate;Water;336.28374;0.0698;0.192329002;0.19376537;L1;101.3573448
1378;Methyl acetate;Water;337.08358;0.071;0.190590375;0.191986242;L1;98.74466161
1378;Methyl acetate;Water;341.58252;0.0746;0.181630692;0.181979;L1;88.98349562
1378;Methyl acetate;Water;342.224;0.0751;0.180461328;0.18055212;L1;87.66959451
1378;Methyl acetate;Water;343.15;0.077;0.178818543;0.179061506;L1;84.25661457
1378;Methyl acetate;Water;343.15;0.077;0.178818543;0.179061506;L1;84.25661457
1378;Methyl acetate;Water;343.62395;0.0766;0.177997999;0.178385435;L1;84.31752305
1378;Methyl acetate;Water;345.02381;0.0773;0.175652637;0.176388591;L1;82.0814438
1378;Methyl acetate;Water;345.48135;0.0775;0.174910843;0.175735928;L1;81.39984406
1378;Methyl acetate;Water;348.68039;0.0802;0.1700496;0.171172625;L1;75.15666425
1378;Methyl acetate;Water;352.029385;0.084452894;0.165530106;0.166395417;L1;67.29591786
1378;Methyl acetate;Water;353.123;0.0845;0.164171187;0.164835419;L1;66.41581702
1378;Methyl acetate;Water;356.623;0.0883;0.160179466;0.160405945;L1;59.55547413
1378;Methyl acetate;Water;363.123;0.0952;0.154061204;0.154823486;L1;48.13700103
1378;Methyl acetate;Water;373.124;0.117;0.147366328;0.147836495;L1;23.07475787
1378;Methyl acetate;Water;376.52369;0.129715614;0.145716748;0.146242834;L1;11.63201878
1378;Methyl acetate;Water;378.125;0.141;0.145036751;0.145492194;L1;2.822727282
1378;Methyl acetate;Water;266.60524;0.786;0.74076797;0.740931573;L2;5.926934707
1378;Methyl acetate;Water;273.15;0.781;0.720554801;0.720992467;L2;8.055367731
1378;Methyl acetate;Water;283.144;0.764;0.693139168;0.693753214;L2;9.733699071
1378;Methyl acetate;Water;293.138;0.756;0.671327876;0.671982135;L2;11.87837209
1378;Methyl acetate;Water;293.14537;0.742707351;0.671314016;0.671967883;L2;10.10650831
1378;Methyl acetate;Water;293.14537;0.741907984;0.671314016;0.671967883;L2;9.998821551
1378;Methyl acetate;Water;293.15;0.7598;0.67130531;0.67195893;L2;12.38311996
1378;Methyl acetate;Water;296.4947;0.7407;0.665346116;0.665491201;L2;10.72883048
1378;Methyl acetate;Water;298.09438;0.728;0.662722976;0.662963311;L2;9.394397918
1378;Methyl acetate;Water;298.136;0.743;0.662656667;0.662905169;L2;11.44390362
1378;Methyl acetate;Water;298.2;0.7364;0.66255493;0.662815762;L2;10.56699815
1378;Methyl acetate;Water;303.134;0.729;0.655349618;0.655923071;L2;10.65048706
1378;Methyl acetate;Water;303.134;0.693617052;0.655349618;0.655923071;L2;5.675114856
1378;Methyl acetate;Water;303.134;0.653982481;0.655349618;0.655923071;L2;0.208829774
1378;Methyl acetate;Water;303.15;0.7208;0.655328191;0.65590072;L2;9.522554182
1378;Methyl acetate;Water;304.49265;0.7155;0.653571551;0.654025067;L2;9.052958247
1378;Methyl acetate;Water;313.13;0.672;0.643985362;0.644389976;L2;4.258234469
1378;Methyl acetate;Water;313.15;0.6417;0.643966012;0.644370085;L2;0.352504323
1378;Methyl acetate;Water;313.24;0.697;0.643879069;0.644280571;L2;7.927448341
1378;Methyl acetate;Water;316.08917;0.6646;0.641230377;0.641446811;L2;3.57965603
1378;Methyl acetate;Water;322.68719;0.6417;0.635672734;0.635801497;L2;0.943704288
1378;Methyl acetate;Water;323.127;0.634;0.635321371;0.635449385;L2;0.208201323
1378;Methyl acetate;Water;323.15;0.6345;0.635303041;0.635430971;L2;0.126482762
1378;Methyl acetate;Water;323.24;0.6594;0.635231353;0.635358917;L2;3.734106279
1378;Methyl acetate;Water;323.24;0.6594;0.635231353;0.635358917;L2;3.734106279
1378;Methyl acetate;Water;333.124;0.597;0.627514439;0.627418304;L2;4.984956761
1378;Methyl acetate;Water;333.15;0.6152;0.627494003;0.627397274;L2;1.978669525
1378;Methyl acetate;Water;333.58428;0.5944;0.627152198;0.62704602;L2;5.36367574
1378;Methyl acetate;Water;341.18264;0.5624;0.620958697;0.62090031;L2;9.905122882
1378;Methyl acetate;Water;343.15;0.5571;0.619268671;0.619213149;L2;10.5794462
1378;Methyl acetate;Water;343.15;0.5571;0.619268671;0.619213149;L2;10.5794462
1378;Methyl acetate;Water;350.77976;0.5227;0.612280964;0.612016048;L2;15.81835832
1378;Methyl acetate;Water;353.123;0.503;0.609983189;0.609805685;L2;19.28412276
1378;Methyl acetate;Water;357.07787;0.498;0.605932464;0.605807909;L2;19.61684566
1378;Methyl acetate;Water;363.123;0.453;0.599309726;0.598989384;L2;27.98864112
1378;Methyl acetate;Water;373.124;0.382;0.587185896;0.586911048;L2;42.99208489
1378;Methyl acetate;Water;378.125;0.321;0.580575464;0.580298869;L2;59.25786675
1378;Methyl acetate;Water;381.1256;0.212;0.576434228;0.576331561;L2;100.027497
1378;Methyl acetate;Water;381.1256;0.212;0.576434228;0.576331561;L2;100.027497
1412;Furfural;Water;273.15;0.016514686;;;L1;
1412;Furfural;Water;283.15;0.015742073;;;L1;
1412;Furfural;Water;288.2;0.0138;;;L1;
1412;Furfural;Water;289.1404;0.016299586;;;L1;
1412;Furfural;Water;290.1398;0.016428601;;;L1;
1412;Furfural;Water;293.03;0.015838386;;;L1;
1412;Furfural;Water;293.138;0.009364762;;;L1;
1412;Furfural;Water;293.138;0.016687036;;;L1;
1412;Furfural;Water;293.15;0.016687036;;;L1;
1412;Furfural;Water;293.15;0.015913347;;;L1;
1412;Furfural;Water;293.15;0.012033313;;;L1;
1412;Furfural;Water;293.75;0.016471636;;;L1;
1412;Furfural;Water;298;0.015336249;;;L1;
1412;Furfural;Water;298.09438;0.0172;;;L1;
1412;Furfural;Water;298.09438;0.0164;;;L1;
1412;Furfural;Water;298.1;0.016428601;;;L1;
1412;Furfural;Water;298.1;0.016149238;;;L1;
1412;Furfural;Water;298.1;0.015506959;;;L1;
1412;Furfural;Water;298.136;0.015400238;;;L1;
1412;Furfural;Water;298.136;0.015827681;;;L1;
1412;Furfural;Water;298.136;0.017118963;;;L1;
1412;Furfural;Water;298.136;0.017335493;;;L1;
1412;Furfural;Water;298.136;0.016170705;;;L1;
1412;Furfural;Water;298.136;0.016687036;;;L1;
1412;Furfural;Water;298.14437;0.016041959;;;L1;
1412;Furfural;Water;298.14437;0.016041959;;;L1;
1412;Furfural;Water;298.14437;0.016428601;;;L1;
1412;Furfural;Water;298.14437;0.016041959;;;L1;
1412;Furfural;Water;298.14437;0.016428601;;;L1;
1412;Furfural;Water;298.14437;0.016967617;;;L1;
1412;Furfural;Water;298.14437;0.01720553;;;L1;
1412;Furfural;Water;298.15;0.017400526;;;L1;
1412;Furfural;Water;298.15;0.016041959;;;L1;
1412;Furfural;Water;298.15;0.014974274;;;L1;
1412;Furfural;Water;298.15;0.016407089;;;L1;
1412;Furfural;Water;298.15;0.02087444;;;L1;
1412;Furfural;Water;298.19436;0.0172;;;L1;
1412;Furfural;Water;298.19436;0.0172;;;L1;
1412;Furfural;Water;298.2;0.017;;;L1;
1412;Furfural;Water;298.2;0.015827681;;;L1;
1412;Furfural;Water;298.2;0.0144;;;L1;
1412;Furfural;Water;298.2;0.0174439;;;L1;
1412;Furfural;Water;298.2;0.016902811;;;L1;
1412;Furfural;Water;298.3;0.015400238;;;L1;
1412;Furfural;Water;298.3;0.016256611;;;L1;
1412;Furfural;Water;298.55;0.016471636;;;L1;
1412;Furfural;Water;299.23;0.016435055;;;L1;
1412;Furfural;Water;299.83532;0.017118963;;;L1;
1412;Furfural;Water;300.1352;0.017595829;;;L1;
1412;Furfural;Water;300.33512;0.017595829;;;L1;
1412;Furfural;Water;300.635;0.017508989;;;L1;
1412;Furfural;Water;302.8;0.017118963;;;L1;
1412;Furfural;Water;302.86;0.017415705;;;L1;
1412;Furfural;Water;302.9;0.017987358;;;L1;
1412;Furfural;Water;303;0.016299586;;;L1;
1412;Furfural;Water;303.1;0.017552401;;;L1;
1412;Furfural;Water;303.143055;0.015400238;;;L1;
1412;Furfural;Water;303.143055;0.014974274;;;L1;
1412;Furfural;Water;303.15;0.016902811;;;L1;
1412;Furfural;Water;303.15;0.016299586;;;L1;
1412;Furfural;Water;303.2;0.0165;;;L1;
1412;Furfural;Water;303.2;0.0166;;;L1;
1412;Furfural;Water;303.2;0.017552401;;;L1;
1412;Furfural;Water;303.39;0.01701084;;;L1;
1412;Furfural;Water;304.6;0.0173;;;L1;
1412;Furfural;Water;304.95;0.016687036;;;L1;
1412;Furfural;Water;305.8829;0.01557;;;L1;
1412;Furfural;Water;308.132;0.017922017;;;L1;
1412;Furfural;Water;308.132;0.017769689;;;L1;
1412;Furfural;Water;308.141555;0.017943794;;;L1;
1412;Furfural;Water;308.141555;0.017943794;;;L1;
1412;Furfural;Water;308.141555;0.017987358;;;L1;
1412;Furfural;Water;308.15;0.020852147;;;L1;
1412;Furfural;Water;308.3;0.0182;;;L1;
1412;Furfural;Water;308.65;0.017769689;;;L1;
1412;Furfural;Water;308.73;0.017967752;;;L1;
1412;Furfural;Water;312.6302;0.018270898;;;L1;
1412;Furfural;Water;313.13;0.016;;;L1;
1412;Furfural;Water;313.15;0.018074532;;;L1;
1412;Furfural;Water;313.15;0.018190132;;;L1;
1412;Furfural;Water;313.67;0.018520073;;;L1;
1412;Furfural;Water;313.75;0.018642658;;;L1;
1412;Furfural;Water;314.2;0.0187;;;L1;
1412;Furfural;Water;316.42;0.018822374;;;L1;
1412;Furfural;Water;317.1288;0.01996367;;;L1;
1412;Furfural;Water;318.2;0.0166;;;L1;
1412;Furfural;Water;318.3;0.0192;;;L1;
1412;Furfural;Water;318.35;0.01974253;;;L1;
1412;Furfural;Water;321.4;0.01996367;;;L1;
1412;Furfural;Water;322.5;0.018905745;;;L1;
1412;Furfural;Water;322.5;0.019081446;;;L1;
1412;Furfural;Water;322.6;0.020629438;;;L1;
1412;Furfural;Water;322.7;0.018030938;;;L1;
1412;Furfural;Water;323.05;0.018423841;;;L1;
1412;Furfural;Water;323.1;0.019830939;;;L1;
1412;Furfural;Water;323.1;0.019455631;;;L1;
1412;Furfural;Water;323.1;0.019875167;;;L1;
1412;Furfural;Water;323.1;0.019830939;;;L1;
1412;Furfural;Water;323.127;0.018642658;;;L1;
1412;Furfural;Water;323.15;0.019301419;;;L1;
1412;Furfural;Water;323.15;0.019374096;;;L1;
1412;Furfural;Water;323.2;0.0193;;;L1;
1412;Furfural;Water;323.73;0.019676265;;;L1;
1412;Furfural;Water;326.22607;0.020007945;;;L1;
1412;Furfural;Water;328.1;0.020296113;;;L1;
1412;Furfural;Water;330.9;0.021850254;;;L1;
1412;Furfural;Water;331.63;0.024704096;;;L1;
1412;Furfural;Water;332.6;0.020518231;;;L1;
1412;Furfural;Water;333.124;0.021522649;;;L1;
1412;Furfural;Water;333.15;0.018839921;;;L1;
1412;Furfural;Water;333.15;0.021408411;;;L1;
1412;Furfural;Water;333.15;0.021030599;;;L1;
1412;Furfural;Water;333.41;0.022370329;;;L1;
1412;Furfural;Water;334.124;0.024699501;;;L1;
1412;Furfural;Water;337.7;0.023328248;;;L1;
1412;Furfural;Water;339.124;0.026085634;;;L1;
1412;Furfural;Water;341.7;0.023783693;;;L1;
1412;Furfural;Water;342;0.024378219;;;L1;
1412;Furfural;Water;342.2;0.024929483;;;L1;
1412;Furfural;Water;342.2;0.022648127;;;L1;
1412;Furfural;Water;343.124;0.025390692;;;L1;
1412;Furfural;Water;343.15;0.022580316;;;L1;
1412;Furfural;Water;343.15;0.024593848;;;L1;
1412;Furfural;Water;343.64;0.025397623;;;L1;
1412;Furfural;Water;348.02;0.027569105;;;L1;
1412;Furfural;Water;348.1;0.024355302;;;L1;
1412;Furfural;Water;348.15;0.027252289;;;L1;
1412;Furfural;Water;350.2;0.029856614;;;L1;
1412;Furfural;Water;353.123;0.029856614;;;L1;
1412;Furfural;Water;353.15;0.029150657;;;L1;
1412;Furfural;Water;353.15;0.028;;;L1;
1412;Furfural;Water;353.15;0.026225076;;;L1;
1412;Furfural;Water;353.51;0.02968693;;;L1;
1412;Furfural;Water;353.543;0.02688;;;L1;
1412;Furfural;Water;358.923;0.032124151;;;L1;
1412;Furfural;Water;359.99;0.033262963;;;L1;
1412;Furfural;Water;361.093;0.03188;;;L1;
1412;Furfural;Water;363.123;0.035725382;;;L1;
1412;Furfural;Water;363.15;0.032428661;;;L1;
1412;Furfural;Water;363.15;0.031396194;;;L1;
1412;Furfural;Water;363.15;0.0314;;;L1;
1412;Furfural;Water;363.27;0.035988181;;;L1;
1412;Furfural;Water;365.1232;0.036981468;;;L1;
1412;Furfural;Water;367.7;0.040044941;;;L1;
1412;Furfural;Water;370.5;0.043708797;;;L1;
1412;Furfural;Water;373.073995;0.043708797;;;L1;
1412;Furfural;Water;373.1;0.034;;;L1;
1412;Furfural;Water;373.15;0.043443808;;;L1;
1412;Furfural;Water;375.92456;0.046793394;;;L1;
1412;Furfural;Water;376.15;0.047473155;;;L1;
1412;Furfural;Water;379.22522;0.051314191;;;L1;
1412;Furfural;Water;383.126;0.058820648;;;L1;
1412;Furfural;Water;383.15;0.058820648;;;L1;
1412;Furfural;Water;386.22631;0.067456018;;;L1;
1412;Furfural;Water;386.5;0.058084382;;;L1;
1412;Furfural;Water;391.02679;0.087257589;;;L1;
1412;Furfural;Water;391.4;0.095027732;;;L1;
1412;Furfural;Water;391.7;0.079544032;;;L1;
1412;Furfural;Water;391.876875;0.08083;;;L1;
1412;Furfural;Water;392.276915;0.186800808;;;L1;
1412;Furfural;Water;392.9;0.098808184;;;L1;
1412;Furfural;Water;393.127;0.160026875;;;L1;
1412;Furfural;Water;393.127;0.11317596;;;L1;
1412;Furfural;Water;393.2;0.133232025;;;L1;
1412;Furfural;Water;393.62715;0.194809606;;;L1;
1412;Furfural;Water;393.92724;0.144386422;;;L1;
1412;Furfural;Water;393.977255;0.161592474;;;L1;
1412;Furfural;Water;393.977255;0.152537757;;;L1;
1412;Furfural;Water;394.02727;0.161646684;;;L1;
1412;Furfural;Water;394.02727;0.160781118;;;L1;
1412;Furfural;Water;394.02727;0.159489906;;;L1;
1412;Furfural;Water;394.02727;0.161646684;;;L1;
1412;Furfural;Water;394.5;0.158954411;;;L1;
1412;Furfural;Water;394.7;0.115904719;;;L1;
1412;Furfural;Water;394.777495;0.1111;;;L1;
1412;Furfural;Water;395.42769;0.1668;;;L1;
1412;Furfural;Water;395.7;0.177732064;;;L1;
1412;Furfural;Water;396.4;0.18248706;;;L1;
1412;Furfural;Water;396.6;0.217018627;;;L1;
1412;Furfural;Water;396.6;0.217018627;;;L1;
1412;Furfural;Water;273.15;0.844381957;;;L2;
1412;Furfural;Water;281.1452;0.837908996;;;L2;
1412;Furfural;Water;283.15;0.817013135;;;L2;
1412;Furfural;Water;287.111618;0.8178;;;L2;
1412;Furfural;Water;288.2;0.8029;;;L2;
1412;Furfural;Water;293.03;0.807020337;;;L2;
1412;Furfural;Water;293.14537;0.777580644;;;L2;
1412;Furfural;Water;293.15;0.736046449;;;L2;
1412;Furfural;Water;293.15;0.787705418;;;L2;
1412;Furfural;Water;298;0.814314237;;;L2;
1412;Furfural;Water;298.09438;0.7776;;;L2;
1412;Furfural;Water;298.09438;0.7776;;;L2;
1412;Furfural;Water;298.1;0.814314237;;;L2;
1412;Furfural;Water;298.1;0.810482701;;;L2;
1412;Furfural;Water;298.136;0.772947971;;;L2;
1412;Furfural;Water;298.136;0.780813012;;;L2;
1412;Furfural;Water;298.136;0.786246591;;;L2;
1412;Furfural;Water;298.136;0.777222767;;;L2;
1412;Furfural;Water;298.136;0.780813012;;;L2;
1412;Furfural;Water;298.136;0.770118193;;;L2;
1412;Furfural;Water;298.14437;0.784428924;;;L2;
1412;Furfural;Water;298.14437;0.777580644;;;L2;
1412;Furfural;Water;298.14437;0.777580644;;;L2;
1412;Furfural;Water;298.14437;0.779733256;;;L2;
1412;Furfural;Water;298.14437;0.778297162;;;L2;
1412;Furfural;Water;298.14437;0.78406617;;;L2;
1412;Furfural;Water;298.14437;0.78406617;;;L2;
1412;Furfural;Water;298.15;0.776865144;;;L2;
1412;Furfural;Water;298.15;0.815083931;;;L2;
1412;Furfural;Water;298.19436;0.7776;;;L2;
1412;Furfural;Water;298.19436;0.7776;;;L2;
1412;Furfural;Water;298.2;0.780813012;;;L2;
1412;Furfural;Water;298.2;0.7795;;;L2;
1412;Furfural;Water;298.2;0.788070779;;;L2;
1412;Furfural;Water;298.2;0.8162;;;L2;
1412;Furfural;Water;298.2;0.796547033;;;L2;
1412;Furfural;Water;298.3;0.791738858;;;L2;
1412;Furfural;Water;298.3;0.784428924;;;L2;
1412;Furfural;Water;298.3;0.786610906;;;L2;
1412;Furfural;Water;298.35;0.752787332;;;L2;
1412;Furfural;Water;299.73536;0.766603331;;;L2;
1412;Furfural;Water;299.83532;0.763113069;;;L2;
1412;Furfural;Water;300.98486;0.777222767;;;L2;
1412;Furfural;Water;302.8;0.780813012;;;L2;
1412;Furfural;Water;302.9;0.766603331;;;L2;
1412;Furfural;Water;303;0.792475645;;;L2;
1412;Furfural;Water;303.1;0.780813012;;;L2;
1412;Furfural;Water;303.143055;0.770118193;;;L2;
1412;Furfural;Water;303.15;0.762765386;;;L2;
1412;Furfural;Water;303.15;0.723058554;;;L2;
1412;Furfural;Water;303.15;0.778368869;;;L2;
1412;Furfural;Water;303.2;0.777222767;;;L2;
1412;Furfural;Water;303.2;0.7484;;;L2;
1412;Furfural;Water;303.2;0.7696;;;L2;
1412;Furfural;Water;303.39;0.778619927;;;L2;
1412;Furfural;Water;304.6;0.7724;;;L2;
1412;Furfural;Water;308.05;0.713544351;;;L2;
1412;Furfural;Water;308.132;0.7510872;;;L2;
1412;Furfural;Water;308.132;0.756205322;;;L2;
1412;Furfural;Water;308.141555;0.752787332;;;L2;
1412;Furfural;Water;308.141555;0.752787332;;;L2;
1412;Furfural;Water;308.141555;0.752787332;;;L2;
1412;Furfural;Water;308.3;0.7685;;;L2;
1412;Furfural;Water;308.58;0.746559695;;;L2;
1412;Furfural;Water;310.1312;0.723058554;;;L2;
1412;Furfural;Water;312.75;0.736046449;;;L2;
1412;Furfural;Water;313.13;0.735;;;L2;
1412;Furfural;Water;313.15;0.731134749;;;L2;
1412;Furfural;Water;313.15;0.749595938;;;L2;
1412;Furfural;Water;313.67;0.738488079;;;L2;
1412;Furfural;Water;314.2;0.7623;;;L2;
1412;Furfural;Water;314.35;0.727435106;;;L2;
1412;Furfural;Water;317.1288;0.7073063;;;L2;
1412;Furfural;Water;318.2;0.7154;;;L2;
1412;Furfural;Water;318.25;0.723058554;;;L2;
1412;Furfural;Water;318.3;0.7579;;;L2;
1412;Furfural;Water;318.378425;0.7221;;;L2;
1412;Furfural;Water;321.4;0.704218079;;;L2;
1412;Furfural;Water;322.5;0.726272703;;;L2;
1412;Furfural;Water;322.5;0.73538866;;;L2;
1412;Furfural;Water;322.6;0.729508587;;;L2;
1412;Furfural;Water;322.7;0.752787332;;;L2;
1412;Furfural;Water;323.05;0.704218079;;;L2;
1412;Furfural;Water;323.1;0.73342065;;;L2;
1412;Furfural;Water;323.127;0.689077042;;;L2;
1412;Furfural;Water;323.15;0.70699656;;;L2;
1412;Furfural;Water;323.15;0.713544351;;;L2;
1412;Furfural;Water;323.15;0.720725825;;;L2;
1412;Furfural;Water;323.2;0.7103;;;L2;
1412;Furfural;Water;323.73;0.708205704;;;L2;
1412;Furfural;Water;325.43;0.688600622;;;L2;
1412;Furfural;Water;326.475995;0.67818465;;;L2;
1412;Furfural;Water;328.2;0.692065891;;;L2;
1412;Furfural;Water;331.544474;0.6788;;;L2;
1412;Furfural;Water;332.6;0.67586337;;;L2;
1412;Furfural;Water;333.124;0.651912647;;;L2;
1412;Furfural;Water;333.15;0.670969804;;;L2;
1412;Furfural;Water;333.15;0.674418581;;;L2;
1412;Furfural;Water;333.15;0.678126473;;;L2;
1412;Furfural;Water;333.41;0.665082027;;;L2;
1412;Furfural;Water;335.78;0.648360716;;;L2;
1412;Furfural;Water;337.6;0.667263164;;;L2;
1412;Furfural;Water;338.124;0.651912647;;;L2;
1412;Furfural;Water;341.57;0.626340019;;;L2;
1412;Furfural;Water;341.7;0.668685183;;;L2;
1412;Furfural;Water;342;0.676152881;;;L2;
1412;Furfural;Water;342.2;0.657433553;;;L2;
1412;Furfural;Water;342.2;0.62273396;;;L2;
1412;Furfural;Water;343.124;0.635754202;;;L2;
1412;Furfural;Water;343.124;0.60514944;;;L2;
1412;Furfural;Water;343.15;0.634434328;;;L2;
1412;Furfural;Water;343.15;0.639178146;;;L2;
1412;Furfural;Water;343.64;0.627427787;;;L2;
1412;Furfural;Water;346.68;0.598825426;;;L2;
1412;Furfural;Water;346.72364;0.597591417;;;L2;
1412;Furfural;Water;350.2;0.625306611;;;L2;
1412;Furfural;Water;353.123;0.560879122;;;L2;
1412;Furfural;Water;353.15;0.596144332;;;L2;
1412;Furfural;Water;353.15;0.592644125;;;L2;
1412;Furfural;Water;353.51;0.582365624;;;L2;
1412;Furfural;Water;356.2;0.55953537;;;L2;
1412;Furfural;Water;357.123;0.578934683;;;L2;
1412;Furfural;Water;360.323;0.5602;;;L2;
1412;Furfural;Water;363.123;0.513184662;;;L2;
1412;Furfural;Water;363.15;0.546706216;;;L2;
1412;Furfural;Water;363.15;0.549140088;;;L2;
1412;Furfural;Water;363.27;0.527262668;;;L2;
1412;Furfural;Water;369.073595;0.478444977;;;L2;
1412;Furfural;Water;369.1236;0.505470541;;;L2;
1412;Furfural;Water;373.073995;0.457310976;;;L2;
1412;Furfural;Water;375.8;0.458145492;;;L2;
1412;Furfural;Water;376.15;0.452346035;;;L2;
1412;Furfural;Water;378.6251;0.4515;;;L2;
1412;Furfural;Water;383.126;0.379013351;;;L2;
1412;Furfural;Water;383.15;0.406372261;;;L2;
1412;Furfural;Water;383.7;0.39791023;;;L2;
1412;Furfural;Water;388.22651;0.327365984;;;L2;
1412;Furfural;Water;392.1;0.296391204;;;L2;
1412;Furfural;Water;393.127;0.226756675;;;L2;
1412;Furfural;Water;393.5;0.259111676;;;L2;
1412;Furfural;Water;395.597741;0.2289;;;L2;
1439;Dipropylamine;Water;269.6528;0.031109699;3.27E-05;3.33E-05;L1;685.9283287
1439;Dipropylamine;Water;270.95176;0.02429401;3.33E-05;3.40E-05;L1;659.253793
1439;Dipropylamine;Water;272.55048;0.017989454;3.41E-05;3.48E-05;L1;626.8216145
1439;Dipropylamine;Water;273.15;0.025823063;3.44E-05;3.51E-05;L1;662.0763641
1439;Dipropylamine;Water;283.09807;0.01389;3.98E-05;4.02E-05;L1;585.3959024
1439;Dipropylamine;Water;283.15;0.014695129;3.99E-05;4.02E-05;L1;590.9547857
1439;Dipropylamine;Water;285.34268;0.010960263;4.12E-05;4.13E-05;L1;558.4372325
1439;Dipropylamine;Water;293.14537;0.00902;4.61E-05;4.66E-05;L1;527.7062085
1439;Dipropylamine;Water;293.15;0.009865158;4.61E-05;4.66E-05;L1;536.6560703
1439;Dipropylamine;Water;303.143055;0.00677;5.31E-05;5.37E-05;L1;484.8642952
1439;Dipropylamine;Water;303.15;0.006170405;5.31E-05;5.37E-05;L1;475.5809086
1439;Dipropylamine;Water;303.19304;0.0068;5.31E-05;5.37E-05;L1;485.2364536
1439;Dipropylamine;Water;309.23156;0.005307514;5.78E-05;5.80E-05;L1;452.0542207
1439;Dipropylamine;Water;313.140055;0.00498;6.10E-05;6.14E-05;L1;440.3023178
1439;Dipropylamine;Water;313.15;0.004841349;6.10E-05;6.14E-05;L1;437.4650286
1439;Dipropylamine;Water;317.22877;0.00439567;6.45E-05;6.52E-05;L1;422.23697
1439;Dipropylamine;Water;323.15;0.003583235;6.98E-05;7.08E-05;L1;393.7970549
1439;Dipropylamine;Water;325.72622;0.003546448;7.23E-05;7.33E-05;L1;389.3125344
1439;Dipropylamine;Water;333.15;0.002959524;7.98E-05;8.02E-05;L1;361.3713049
1439;Dipropylamine;Water;343.15;0.002667234;9.09E-05;9.18E-05;L1;337.9325197
1439;Dipropylamine;Water;353.15;0.002066838;0.000103273;0.000103926;L1;299.6401365
1439;Dipropylamine;Water;363.15;0.001867436;0.000117084;0.000117423;L1;276.9426183
1439;Dipropylamine;Water;268.35384;0.082946918;0.785175787;0.784899682;L2;224.7706764
1439;Dipropylamine;Water;268.6536;0.05661138;0.785415984;0.785128828;L2;263.0003468
1439;Dipropylamine;Water;270.25232;0.12571012;0.786687877;0.786350938;L2;183.3852949
1439;Dipropylamine;Water;271.6512;0.138918186;0.787788244;0.787420284;L2;173.5344158
1439;Dipropylamine;Water;273.15;0.141868274;0.788954379;0.788566013;L2;171.5809519
1439;Dipropylamine;Water;277.34748;0.213548874;0.792150907;0.791774694;L2;131.0886188
1439;Dipropylamine;Water;281.1452;0.240880989;0.794957119;0.794677787;L2;119.3985185
1439;Dipropylamine;Water;283.09807;0.269;0.796369152;0.79617062;L2;108.5351457
1439;Dipropylamine;Water;283.15;0.237491098;0.796406417;0.796210317;L2;120.9979489
1439;Dipropylamine;Water;290.6395;0.328628572;0.801630609;0.801431084;L2;89.17197616
1439;Dipropylamine;Water;293.14537;0.336;0.803313387;0.803031438;L2;87.1633748
1439;Dipropylamine;Water;293.15;0.395642562;0.803316467;0.803034395;L2;70.82375592
1439;Dipropylamine;Water;297.83612;0.396639943;0.806378319;0.80602715;L2;70.95240863
1439;Dipropylamine;Water;303.143055;0.425;0.809715516;0.809416383;L2;64.4593802
1439;Dipropylamine;Water;303.15;0.517411195;0.809719794;0.809420819;L2;44.78503481
1439;Dipropylamine;Water;303.19304;0.4221;0.809746303;0.809448306;L2;65.14787399
1439;Dipropylamine;Water;304.33352;0.450343849;0.810445532;0.810176665;L2;58.75727365
1439;Dipropylamine;Water;312.1304;0.518845244;0.815062689;0.814985198;L2;45.16593723
1439;Dipropylamine;Water;313.140055;0.498;0.815640136;0.815517694;L2;49.33731705
1439;Dipropylamine;Water;313.15;0.572589904;0.815645801;0.815522939;L2;35.38104321
1439;Dipropylamine;Water;322.1273;0.596704755;0.820579592;0.820257604;L2;31.85884664
1439;Dipropylamine;Water;323.15;0.584100754;0.821119217;0.82079698;L2;34.0594817
1439;Dipropylamine;Water;333.15;0.619146794;0.826161069;0.82607102;L2;28.84473612
1439;Dipropylamine;Water;343.15;0.673942551;0.830789449;0.830522447;L2;20.92315212
1439;Dipropylamine;Water;347.92352;0.710932387;0.832857694;0.832557167;L2;15.82854624
1439;Dipropylamine;Water;353.15;0.684294544;0.835020148;0.834784962;L2;19.90674093
1439;Dipropylamine;Water;363.15;0.724514663;0.838867133;0.838735636;L2;14.65503298
1443;Hexane;Methanol;245.15;0.07;0.041077294;0.041105163;L1;53.30397395
1443;Hexane;Methanol;245.15597;0.07;0.041079385;0.041107195;L1;53.2988834
1443;Hexane;Methanol;259.85;0.0911;0.046622813;0.046660433;L1;66.98678302
1443;Hexane;Methanol;259.85303;0.0914;0.046624039;0.046661678;L1;67.31292099
1443;Hexane;Methanol;266.07;0.1003;0.049213097;0.049216337;L1;71.20058993
1443;Hexane;Methanol;266.071786;0.1003;0.049213863;0.049217071;L1;71.19903524
1443;Hexane;Methanol;268.15;0.091;0.050112562;0.050140391;L1;59.65877977
1443;Hexane;Methanol;270.95;0.1101;0.051350133;0.051394038;L1;76.27215255
1443;Hexane;Methanol;270.9506984;0.1101;0.051350445;0.051394351;L1;76.2715439
1443;Hexane;Methanol;273.3499708;0.1151;0.052435612;0.05246858;L1;78.6215338
1443;Hexane;Methanol;273.35;0.1151;0.052435625;0.052468593;L1;78.62150835
1443;Hexane;Methanol;275.1488;0.11069;0.053264335;0.053273972;L1;73.1466525
1443;Hexane;Methanol;278.147;0.130140598;0.054674791;0.054709863;L1;86.72126467
1443;Hexane;Methanol;278.1492701;0.1261;0.054675873;0.054710966;L1;83.56527134
1443;Hexane;Methanol;278.15;0.127;0.054676221;0.05471132;L1;84.27581947
1443;Hexane;Methanol;278.15;0.097428423;0.054676221;0.05471132;L1;57.76890936
1443;Hexane;Methanol;278.15;0.127;0.054676221;0.05471132;L1;84.27581947
1443;Hexane;Methanol;278.15;0.122894834;0.054676221;0.05471132;L1;80.99000898
1443;Hexane;Methanol;278.15;0.116074055;0.054676221;0.05471132;L1;75.27995008
1443;Hexane;Methanol;278.15;0.1271;0.054676221;0.05471132;L1;84.35452865
1443;Hexane;Methanol;278.1992628;0.1136;0.054699703;0.054735258;L1;73.08252192
1443;Hexane;Methanol;278.75;0.13;0.054962912;0.05500287;L1;86.08758285
1443;Hexane;Methanol;280.108967;0.1335;0.055617755;0.055663214;L1;87.55989951
1443;Hexane;Methanol;280.11;0.1335;0.055618256;0.055663716;L1;87.55899929
1443;Hexane;Methanol;281.59;0.1372;0.056340172;0.056382871;L1;89.0031901
1443;Hexane;Methanol;283.144;0.146642338;0.057108081;0.057137985;L1;94.3050915
1443;Hexane;Methanol;283.144;0.12524;0.057108081;0.057137985;L1;78.52862643
1443;Hexane;Methanol;283.148055;0.14;0.057110098;0.057139955;L1;89.66614699
1443;Hexane;Methanol;283.15;0.133403961;0.057111066;0.0571409;L1;84.83839314
1443;Hexane;Methanol;283.15;0.120355344;0.057111066;0.0571409;L1;74.54506728
1443;Hexane;Methanol;283.15;0.1339;0.057111066;0.0571409;L1;85.20953584
1443;Hexane;Methanol;283.15;0.137446166;0.057111066;0.0571409;L1;87.82344262
1443;Hexane;Methanol;283.15;0.14;0.057111066;0.0571409;L1;89.66445283
1443;Hexane;Methanol;283.21;0.14;0.057140921;0.057170055;L1;89.61219108
1443;Hexane;Methanol;283.6;0.142562727;0.057335351;0.057359563;L1;91.08647172
1443;Hexane;Methanol;284.147755;0.1421;0.057609519;0.057625726;L1;90.2843218
1443;Hexane;Methanol;284.45;0.147;0.057761349;0.057772591;L1;93.41127308
1443;Hexane;Methanol;285.847245;0.1506;0.058468325;0.058482996;L1;94.61421527
1443;Hexane;Methanol;285.85;0.1506;0.058469728;0.058484445;L1;94.61181698
1443;Hexane;Methanol;286.147155;0.1484;0.058621167;0.058640712;L1;92.88154809
1443;Hexane;Methanol;287.146855;0.1477;0.059133448;0.059166434;L1;91.53864706
1443;Hexane;Methanol;287.95;0.16;0.05954815;0.059588791;L1;98.83885832
1443;Hexane;Methanol;288.141;0.166298749;0.059647187;0.059689234;L1;102.5338882
1443;Hexane;Methanol;288.146555;0.1532;0.059650069;0.059692155;L1;94.3248947
1443;Hexane;Methanol;288.15;0.165;0.059651857;0.059693967;L1;101.7420192
1443;Hexane;Methanol;288.15;0.145148024;0.059651857;0.059693967;L1;88.9228795
1443;Hexane;Methanol;288.15;0.136318819;0.059651857;0.059693967;L1;82.64711177
1443;Hexane;Methanol;288.15;0.1652;0.059651857;0.059693967;L1;101.8631579
1443;Hexane;Methanol;288.15;0.165;0.059651857;0.059693967;L1;101.7420192
1443;Hexane;Methanol;290.9;0.162557482;0.061095659;0.061140134;L1;97.85908603
1443;Hexane;Methanol;291.0532516;0.17891;0.061177103;0.061220726;L1;107.3109893
1443;Hexane;Methanol;291.59;0.1748;0.061463181;0.061502991;L1;104.5204152
1443;Hexane;Methanol;292.54549;0.1726;0.061975632;0.062005463;L1;102.4235508
1443;Hexane;Methanol;292.6293054;0.19051;0.062020779;0.06204954;L1;112.2235205
1443;Hexane;Methanol;292.805438;0.1771;0.062115758;0.062142164;L1;104.7714841
1443;Hexane;Methanol;292.9954;0.161;0.06221835;0.062242061;L1;95.07543895
1443;Hexane;Methanol;293.138;0.18431;0.062295471;0.062317052;L1;108.4730396
1443;Hexane;Methanol;293.138;0.188703011;0.062295471;0.062317052;L1;110.8285683
1443;Hexane;Methanol;293.14537;0.161;0.062299459;0.062320928;L1;94.94516181
1443;Hexane;Methanol;293.14537;0.1781;0.062299459;0.062320928;L1;105.0392443
1443;Hexane;Methanol;293.15;0.160749551;0.062301965;0.062323362;L1;94.78546039
1443;Hexane;Methanol;293.15;0.168769951;0.062301965;0.062323362;L1;99.65435848
1443;Hexane;Methanol;293.15;0.160148832;0.062301965;0.062323362;L1;94.41106168
1443;Hexane;Methanol;293.15;0.181;0.062301965;0.062323362;L1;106.6504065
1443;Hexane;Methanol;293.19536;0.178;0.062326518;0.062347216;L1;104.9396561
1443;Hexane;Methanol;293.69526;0.221;0.06259773;0.062610103;L1;126.1433687
1443;Hexane;Methanol;293.89;0.1744;0.062703689;0.062712513;L1;102.2931225
1443;Hexane;Methanol;295.14497;0.1848;0.063390671;0.063406334;L1;106.995746
1443;Hexane;Methanol;295.352114;0.20342;0.063504756;0.063523997;L1;116.4158014
1443;Hexane;Methanol;295.69486;0.192;0.063693956;0.063718685;L1;110.3405694
1443;Hexane;Methanol;295.83;0.1958;0.063768704;0.063795448;L1;112.1831196
1443;Hexane;Methanol;296.09;0.17;0.06391275;0.063943135;L1;97.82795671
1443;Hexane;Methanol;296.45;0.2;0.064112714;0.064147623;L1;113.7674684
1443;Hexane;Methanol;296.9024936;0.21806;0.064364904;0.064404651;L1;122.0201743
1443;Hexane;Methanol;297.666188;0.2203;0.064792694;0.064838448;L1;122.3797399
1443;Hexane;Methanol;297.9;0.199301207;0.06492421;0.064971259;L1;112.1596696
1443;Hexane;Methanol;297.9944;0.209;0.064977381;0.065024881;L1;116.829503
1443;Hexane;Methanol;298.136;0.222088648;0.065057215;0.065105313;L1;122.7809498
1443;Hexane;Methanol;298.136;0.209;0.065057215;0.065105313;L1;116.7067133
1443;Hexane;Methanol;298.136;0.209;0.065057215;0.065105313;L1;116.7067133
1443;Hexane;Methanol;298.14437;0.1988;0.065061937;0.065110068;L1;111.6959596
1443;Hexane;Methanol;298.14437;0.2097;0.065061937;0.065110068;L1;117.0338239
1443;Hexane;Methanol;298.15;0.195993262;0.065065114;0.065113266;L1;110.2691763
1443;Hexane;Methanol;298.15;0.2323;0.065065114;0.065113266;L1;127.2641122
1443;Hexane;Methanol;298.15;0.199;0.065065114;0.065113266;L1;111.7916307
1443;Hexane;Methanol;298.15;0.199;0.065065114;0.065113266;L1;111.7916307
1443;Hexane;Methanol;298.15;0.199;0.065065114;0.065113266;L1;111.7916307
1443;Hexane;Methanol;298.15;0.194;0.065065114;0.065113266;L1;109.2469641
1443;Hexane;Methanol;298.15;0.195663988;0.065065114;0.065113266;L1;110.1010323
1443;Hexane;Methanol;298.19436;0.208;0.065090146;0.065138463;L1;116.1764905
1443;Hexane;Methanol;298.19436;0.1984;0.065090146;0.065138463;L1;111.451202
1443;Hexane;Methanol;298.85;0.2179;0.065461204;0.065510883;L1;120.2578582
1443;Hexane;Methanol;299.1385988;0.23695;0.065625177;0.065674814;L1;128.3889738
1443;Hexane;Methanol;299.495456;0.23705;0.065828475;0.065877518;L1;128.1218596
1443;Hexane;Methanol;299.57;0.225;0.065871018;0.065919861;L1;122.8401846
1443;Hexane;Methanol;299.624074;0.2195;0.065901895;0.065950576;L1;120.3185035
1443;Hexane;Methanol;300.243925;0.2263;0.06625683;0.066302667;L1;122.8322998
1443;Hexane;Methanol;300.43;0.2;0.066363735;0.066408362;L1;110.3166613
1443;Hexane;Methanol;300.663799;0.2325;0.066498293;0.066541166;L1;125.171394
1443;Hexane;Methanol;300.69379;0.229;0.066515573;0.066558201;L1;123.6285903
1443;Hexane;Methanol;300.943715;0.2345;0.066659736;0.066700165;L1;125.785447
1443;Hexane;Methanol;301.1967752;0.25682;0.066806013;0.06684391;L1;134.6582366
1443;Hexane;Methanol;301.25;0.2388;0.066836817;0.066874143;L1;127.3372298
1443;Hexane;Methanol;301.5;0.225379275;0.06698169;0.067016149;L1;121.3365357
1443;Hexane;Methanol;301.6535924;0.26049;0.067070844;0.067103393;L1;135.6815043
1443;Hexane;Methanol;302.05;0.25;0.067301467;0.067328562;L1;131.227889
1443;Hexane;Methanol;302.4;0.237610678;0.06750572;0.067527371;L1;125.8421188
1443;Hexane;Methanol;302.59322;0.2534;0.067618734;0.067637125;L1;132.1084196
1443;Hexane;Methanol;302.75;0.2603;0.067710566;0.06772618;L1;134.6592566
1443;Hexane;Methanol;302.9210852;0.28168;0.067810914;0.06782336;L1;142.4048514
1443;Hexane;Methanol;303.134;0.282981605;0.067935995;0.067944301;L1;142.6815877
1443;Hexane;Methanol;303.134;0.255;0.067935995;0.067944301;L1;132.2697527
1443;Hexane;Methanol;303.134;0.255;0.067935995;0.067944301;L1;132.2697527
1443;Hexane;Methanol;303.143055;0.265;0.06794132;0.067949445;L1;136.1085437
1443;Hexane;Methanol;303.15;0.2398;0.067945404;0.06795339;L1;126.1100745
1443;Hexane;Methanol;303.15;0.216752034;0.067945404;0.06795339;L1;116.0049502
1443;Hexane;Methanol;303.15;0.245722118;0.067945404;0.06795339;L1;128.5496798
1443;Hexane;Methanol;303.19304;0.2589;0.067970719;0.067977837;L1;133.7364882
1443;Hexane;Methanol;303.19304;0.257;0.067970719;0.067977837;L1;132.999908
1443;Hexane;Methanol;303.2;0.2611;0.067974813;0.067981791;L1;134.5766234
1443;Hexane;Methanol;303.68;0.275;0.068257762;0.068261007;L1;139.3479936
1443;Hexane;Methanol;303.722881;0.2673;0.068283094;0.06828728;L1;136.4709407
1443;Hexane;Methanol;304.213568;0.30287;0.06857361;0.068587928;L1;148.5395903
1443;Hexane;Methanol;304.44;0.25;0.068708069;0.068726664;L1;129.1594273
1443;Hexane;Methanol;304.45;0.2783;0.068714013;0.068732791;L1;139.8746517
1443;Hexane;Methanol;304.47;0.29;0.068725902;0.068745046;L1;143.975476
1443;Hexane;Methanol;304.472656;0.282;0.068727481;0.068746673;L1;141.1757932
1443;Hexane;Methanol;304.89253;0.2957;0.068977544;0.069003933;L1;145.5564429
1443;Hexane;Methanol;305.2701452;0.33927;0.069203181;0.0692353;L1;158.9749426
1443;Hexane;Methanol;305.312404;0.3055;0.069228475;0.069261193;L1;148.4537506
1443;Hexane;Methanol;305.4;0.280626082;0.069280936;0.069314863;L1;139.8853343
1443;Hexane;Methanol;305.53;0.325;0.069358861;0.069394515;L1;154.4531265
1443;Hexane;Methanol;305.55;0.298;0.069370857;0.069406769;L1;145.7626628
1443;Hexane;Methanol;305.69229;0.304;0.06945626;0.069493952;L1;147.6330496
1443;Hexane;Methanol;305.8239236;0.35772;0.069535357;0.069574604;L1;163.7915207
1443;Hexane;Methanol;305.882233;0.3165;0.069570421;0.069610331;L1;151.4983749
1443;Hexane;Methanol;305.9;0.276604872;0.069581109;0.069621217;L1;138.0096929
1443;Hexane;Methanol;305.9168864;0.38064;0.069591268;0.069631563;L1;169.9214946
1443;Hexane;Methanol;306.17;0.3139;0.069743718;0.069786648;L1;150.4247105
1443;Hexane;Methanol;306.19;0.37;0.069755778;0.069798902;L1;166.8502749
1443;Hexane;Methanol;306.19214;0.3488;0.069757069;0.069800213;L1;160.9479935
1443;Hexane;Methanol;306.39;0.4001;0.069876484;0.069921444;L1;174.4985349
1443;Hexane;Methanol;306.4;0.3;0.069882524;0.069927571;L1;145.6966866
1443;Hexane;Methanol;306.562029;0.3764;0.069980468;0.070026847;L1;168.2436234
1443;Hexane;Methanol;306.652002;0.412;0.070034912;0.070081974;L1;177.2029495
1443;Hexane;Methanol;306.652002;0.3962;0.070034912;0.070081974;L1;173.292528
1443;Hexane;Methanol;306.711984;0.416;0.07007123;0.070118726;L1;178.1172966
1443;Hexane;Methanol;306.781963;0.3516;0.070113624;0.070161602;L1;161.2377041
1443;Hexane;Methanol;307.9;0.354219796;0.070794277;0.070846632;L1;161.0139449
1443;Hexane;Methanol;308.15;0.298013903;0.070947337;0.070999809;L1;143.5202271
1443;Hexane;Methanol;308.4;0.398993574;0.071100713;0.071152985;L1;172.4847942
1443;Hexane;Methanol;308.9;0.444782558;0.071408418;0.071459339;L1;182.9169772
1443;Hexane;Methanol;255.15;0.92;0.995062527;0.995026722;L2;7.84319061
1443;Hexane;Methanol;261.85;0.9098;0.993610729;0.99354025;L2;8.812071385
1443;Hexane;Methanol;267.33;0.9;0.99221423;0.992183311;L2;9.754427798
1443;Hexane;Methanol;268.15;0.896;0.991988108;0.991938406;L2;10.17707061
1443;Hexane;Methanol;271.95;0.89;0.990879404;0.990803483;L2;10.73713729
1443;Hexane;Methanol;272.5;0.885;0.990710472;0.990639217;L2;11.28346893
1443;Hexane;Methanol;274.35;0.88;0.990126164;0.990086689;L2;11.79104655
1443;Hexane;Methanol;275.1488;0.8959;0.989866112;0.989848116;L2;9.974089372
1443;Hexane;Methanol;278.15;0.8633;0.98884638;0.988780231;L2;13.57767355
1443;Hexane;Methanol;278.15;0.863;0.98884638;0.988780231;L2;13.61242996
1443;Hexane;Methanol;278.15;0.866907873;0.98884638;0.988780231;L2;13.16062791
1443;Hexane;Methanol;278.15;0.863;0.98884638;0.988780231;L2;13.61242996
1443;Hexane;Methanol;278.15;0.906818731;0.98884638;0.988780231;L2;8.659641613
1443;Hexane;Methanol;278.15;0.878289007;0.98884638;0.988780231;L2;11.85632861
1443;Hexane;Methanol;278.1992628;0.8964;0.988829071;0.988762071;L2;9.813474498
1443;Hexane;Methanol;279.35;0.87;0.988419445;0.988337875;L2;12.76139354
1443;Hexane;Methanol;283.05;0.8501;0.987032106;0.986973946;L2;14.93485784
1443;Hexane;Methanol;283.144;0.8778;0.986995441;0.986939294;L2;11.72466435
1443;Hexane;Methanol;283.144;0.8783;0.986995441;0.986939294;L2;11.66771998
1443;Hexane;Methanol;283.15;0.8392;0.986993099;0.986937083;L2;16.22139901
1443;Hexane;Methanol;283.15;0.849060094;0.986993099;0.986937083;L2;15.05330812
1443;Hexane;Methanol;283.15;0.872348744;0.986993099;0.986937083;L2;12.34737674
1443;Hexane;Methanol;283.15;0.846859782;0.986993099;0.986937083;L2;15.31279128
1443;Hexane;Methanol;284.147755;0.8578;0.986599472;0.986569281;L2;13.98931817
1443;Hexane;Methanol;284.147755;0.8578;0.986599472;0.986569281;L2;13.98931817
1443;Hexane;Methanol;284.19774;0.8464;0.98657954;0.986550855;L2;15.32518896
1443;Hexane;Methanol;285.387383;0.8384;0.986099133;0.986087255;L2;16.22615771
1443;Hexane;Methanol;285.65;0.8286;0.985991517;0.985970343;L2;17.3910222
1443;Hexane;Methanol;286.14;0.83;0.985789201;0.985752204;L2;17.20168393
1443;Hexane;Methanol;286.84;0.83;0.985496725;0.985440576;L2;17.17201024
1443;Hexane;Methanol;288.146555;0.8156;0.984939862;0.984858922;L2;18.86565473
1443;Hexane;Methanol;288.146555;0.8156;0.984939862;0.984858922;L2;18.86565473
1443;Hexane;Methanol;288.15;0.823092524;0.984938375;0.984857388;L2;17.95104588
1443;Hexane;Methanol;288.15;0.814;0.984938375;0.984857388;L2;19.061871
1443;Hexane;Methanol;288.15;0.814;0.984938375;0.984857388;L2;19.061871
1443;Hexane;Methanol;288.15;0.869623245;0.984938375;0.984857388;L2;12.45190099
1443;Hexane;Methanol;288.15;0.8139;0.984938375;0.984857388;L2;19.07415677
1443;Hexane;Methanol;288.4;0.842479255;0.98483018;0.984746093;L2;15.61201811
1443;Hexane;Methanol;288.95;0.8164;0.984590287;0.984501243;L2;18.73211716
1443;Hexane;Methanol;289.246225;0.8217;0.984460019;0.984369369;L2;18.07179217
1443;Hexane;Methanol;290.64587;0.7954;0.983834365;0.983746272;L2;21.26124216
1443;Hexane;Methanol;290.92;0.8;0.983709854;0.983624234;L2;20.6719262
1443;Hexane;Methanol;290.95;0.8001;0.983696188;0.983610879;L2;20.65803779
1443;Hexane;Methanol;292.34;0.8;0.983054454;0.982992076;L2;20.60527864
1443;Hexane;Methanol;292.77;0.7861;0.982852517;0.982800648;L2;22.33750649
1443;Hexane;Methanol;292.9954;0.764;0.982746017;0.982700304;L2;25.17829222
1443;Hexane;Methanol;293.138;0.8189;0.982678408;0.982636821;L2;18.23199372
1443;Hexane;Methanol;293.14537;0.764;0.982674909;0.98263354;L2;25.17105635
1443;Hexane;Methanol;293.14537;0.7709;0.982674909;0.98263354;L2;24.27196892
1443;Hexane;Methanol;293.14537;0.7896;0.982674909;0.98263354;L2;21.87518646
1443;Hexane;Methanol;293.14537;0.7709;0.982674909;0.98263354;L2;24.27196892
1443;Hexane;Methanol;293.15;0.808997074;0.982672711;0.982631479;L2;19.44808152
1443;Hexane;Methanol;293.15;0.7792;0.982672711;0.982631479;L2;23.20083631
1443;Hexane;Methanol;293.15;0.802157257;0.982672711;0.982631479;L2;20.29714458
1443;Hexane;Methanol;293.15;0.802157257;0.982672711;0.982631479;L2;20.29714458
1443;Hexane;Methanol;293.19536;0.807;0.982651163;0.982611285;L2;19.69305189
1443;Hexane;Methanol;293.405318;0.7926;0.982551187;0.982517816;L2;21.48337601
1443;Hexane;Methanol;293.69526;0.7561;0.982412485;0.982388739;L2;26.18376231
1443;Hexane;Methanol;293.88;0.775;0.982323721;0.982306496;L2;23.70578797
1443;Hexane;Methanol;293.89;0.8256;0.982318908;0.982302044;L2;17.38056143
1443;Hexane;Methanol;293.97;0.7956;0.982280369;0.98226643;L2;21.07802285
1443;Hexane;Methanol;295.69486;0.783;0.981435572;0.981387379;L2;22.58836729
1443;Hexane;Methanol;296.96;0.75;0.980798948;0.980720226;L2;26.82942864
1443;Hexane;Methanol;297.264546;0.7477;0.980643534;0.980559628;L2;27.12071954
1443;Hexane;Methanol;297.884422;0.7449;0.980324591;0.980232746;L2;27.46337511
1443;Hexane;Methanol;297.916088;0.76323;0.980308204;0.980216047;L2;25.03075885
1443;Hexane;Methanol;297.9944;0.79;0.980267638;0.980174751;L2;21.57926888
1443;Hexane;Methanol;298.136;0.73;0.980194146;0.98010008;L2;29.47061256
1443;Hexane;Methanol;298.136;0.73;0.980194146;0.98010008;L2;29.47061256
1443;Hexane;Methanol;298.14437;0.7053;0.980189796;0.980095666;L2;32.91229778
1443;Hexane;Methanol;298.14437;0.7053;0.980189796;0.980095666;L2;32.91229778
1443;Hexane;Methanol;298.14437;0.7647;0.980189796;0.980095666;L2;24.82626219
1443;Hexane;Methanol;298.14437;0.7417;0.980189796;0.980095666;L2;27.88013732
1443;Hexane;Methanol;298.15;0.744804107;0.980186869;0.980092697;L2;27.46219964
1443;Hexane;Methanol;298.15;0.747;0.980186869;0.980092697;L2;27.16780514
1443;Hexane;Methanol;298.15;0.7332;0.980186869;0.980092697;L2;29.03247206
1443;Hexane;Methanol;298.15;0.733;0.980186869;0.980092697;L2;29.05975347
1443;Hexane;Methanol;298.15;0.7278;0.980186869;0.980092697;L2;29.77169514
1443;Hexane;Methanol;298.15;0.733;0.980186869;0.980092697;L2;29.05975347
1443;Hexane;Methanol;298.15;0.756665679;0.980186869;0.980092697;L2;25.882172
1443;Hexane;Methanol;298.19436;0.755;0.980163802;0.980069305;L2;26.10019538
1443;Hexane;Methanol;298.19436;0.7678;0.980163802;0.980069305;L2;24.41904205
1443;Hexane;Methanol;298.84423;0.7485;0.979823802;0.979726605;L2;26.93015578
1443;Hexane;Methanol;298.97;0.7249;0.979757552;0.979660283;L2;30.12714312
1443;Hexane;Methanol;299.0146484;0.75792;0.979733999;0.979636738;L2;25.67032657
1443;Hexane;Methanol;299.21;0.734;0.979630727;0.979533722;L2;28.86666626
1443;Hexane;Methanol;299.4;0.754353489;0.979529946;0.979433528;L2;26.12117328
1443;Hexane;Methanol;299.6314016;0.74586;0.979406752;0.979311502;L2;27.24091187
1443;Hexane;Methanol;300.69379;0.72;0.978834773;0.978751268;L2;30.71116453
1443;Hexane;Methanol;300.743775;0.7058;0.978807603;0.978724909;L2;32.70031875
1443;Hexane;Methanol;300.95;0.7;0.978695256;0.978616159;L2;33.51399785
1443;Hexane;Methanol;301.5306416;0.71226;0.978376795;0.978309966;L2;31.74518539
1443;Hexane;Methanol;301.62;0.7;0.978327504;0.978262845;L2;33.47641504
1443;Hexane;Methanol;302;0.68;0.978117052;0.978062457;L2;36.35365495
1443;Hexane;Methanol;302.12;0.675;0.97805031;0.977999177;L2;37.08484195
1443;Hexane;Methanol;302.143355;0.6543;0.978037305;0.977986861;L2;40.19818511
1443;Hexane;Methanol;302.91;0.6599;0.977607524;0.977582582;L2;39.30199767
1443;Hexane;Methanol;303.134;0.67;0.977480897;0.977464459;L2;37.77010366
1443;Hexane;Methanol;303.134;0.67;0.977480897;0.977464459;L2;37.77010366
1443;Hexane;Methanol;303.143055;0.636;0.977475768;0.977459684;L2;42.97749386
1443;Hexane;Methanol;303.1479944;0.68571;0.97747297;0.97745708;L2;35.45158416
1443;Hexane;Methanol;303.15;0.711339852;0.977471834;0.977456022;L2;31.78191699
1443;Hexane;Methanol;303.15;0.6885;0.977471834;0.977456022;L2;35.04541589
1443;Hexane;Methanol;303.15;0.758211556;0.977471834;0.977456022;L2;25.40070327
1443;Hexane;Methanol;303.19;0.65;0.977449166;0.977434929;L2;40.79739231
1443;Hexane;Methanol;303.19304;0.676;0.977447442;0.977433326;L2;36.87514467
1443;Hexane;Methanol;303.323001;0.6585;0.977373683;0.977364793;L2;39.49045379
1443;Hexane;Methanol;303.942815;0.6538;0.977019691;0.977002198;L2;40.17053121
1443;Hexane;Methanol;304.0276424;0.65134;0.976970958;0.976950065;L2;40.54251466
1443;Hexane;Methanol;304.042785;0.6453;0.976962251;0.976940759;L2;41.47326891
1443;Hexane;Methanol;304.09;0.655;0.97693509;0.976911742;L2;39.97849759
1443;Hexane;Methanol;304.142755;0.619;0.976904716;0.97687932;L2;45.62838474
1443;Hexane;Methanol;304.24;0.6249;0.976848657;0.976819555;L2;44.67400971
1443;Hexane;Methanol;304.35;0.6199;0.976785135;0.976751952;L2;45.47085303
1443;Hexane;Methanol;304.842545;0.6204;0.97649928;0.976449245;L2;45.36095815
1443;Hexane;Methanol;304.89;0.6;0.976471615;0.97642008;L2;48.70160268
1443;Hexane;Methanol;304.922521;0.6155;0.976452644;0.976400093;L2;46.1491308
1443;Hexane;Methanol;305.168186;0.60228;0.976309006;0.976249113;L2;48.3056687
1443;Hexane;Methanol;305.55;0.702;0.976084604;0.976014459;L2;32.96158629
1443;Hexane;Methanol;305.69229;0.609;0.976000615;0.975927011;L2;47.16449491
1443;Hexane;Methanol;305.81;0.5984;0.975930987;0.975854669;L2;48.91324472
1443;Hexane;Methanol;305.8239236;0.55564;0.975922742;0.975846112;L2;56.32628229
1443;Hexane;Methanol;305.92;0.55;0.975865798;0.975787065;L2;57.34067964
1443;Hexane;Methanol;306.05;0.4461;0.975788604;0.97570717;L2;78.27028269
1443;Hexane;Methanol;306.05;0.5539;0.975788604;0.97570717;L2;56.6261804
1443;Hexane;Methanol;306.1208048;0.514;0.975746492;0.975663655;L2;64.0979545
1443;Hexane;Methanol;306.132158;0.5534;0.975739735;0.975656678;L2;56.7114818
1443;Hexane;Methanol;306.142155;0.5194;0.975733784;0.975650534;L2;63.05154872
1443;Hexane;Methanol;306.1747832;0.44075;0.975714354;0.975630481;L2;79.46920522
1443;Hexane;Methanol;306.19214;0.5449;0.975704014;0.975619814;L2;58.25569846
1443;Hexane;Methanol;306.2107688;0.47891;0.975692913;0.975608365;L2;71.16352105
1443;Hexane;Methanol;306.33;0.5;0.975621783;0.975535089;L2;66.84668956
1443;Hexane;Methanol;306.362089;0.539;0.975602616;0.975515367;L2;59.33397769
1443;Hexane;Methanol;306.4;0.688494363;0.975579959;0.975492068;L2;34.85249926
1443;Hexane;Methanol;306.45;0.47;0.975550055;0.975461339;L2;73.02687757
1443;Hexane;Methanol;306.482053;0.5264;0.975530871;0.97544164;L2;61.69204264
1443;Hexane;Methanol;306.51;0.45;0.975514138;0.975424465;L2;77.37170699
1443;Hexane;Methanol;306.612014;0.488;0.97545299;0.975361769;L2;69.25865622
1443;Hexane;Methanol;306.632008;0.5017;0.975440993;0.975349481;L2;66.48873381
1443;Hexane;Methanol;306.65;0.6;0.975430195;0.975338424;L2;48.59489439
1443;Hexane;Methanol;306.69199;0.44;0.975404981;0.975312618;L2;79.60780226
1443;Hexane;Methanol;306.69199;0.44;0.975404981;0.975312618;L2;79.60780226
1443;Hexane;Methanol;306.701987;0.4995;0.975398975;0.975306474;L2;66.92389944
1443;Hexane;Methanol;306.701987;0.5502;0.975398975;0.975306474;L2;57.2564744
1443;Hexane;Methanol;306.711984;0.4704;0.975392969;0.97530033;L2;72.92570379
1443;Hexane;Methanol;306.741975;0.454;0.975374943;0.975281898;L2;76.47247561
1443;Hexane;Methanol;306.741975;0.454;0.975374943;0.975281898;L2;76.47247561
1443;Hexane;Methanol;306.83252;0.41;0.97532047;0.975226251;L2;86.66089443
1443;Hexane;Methanol;306.83252;0.465;0.97532047;0.975226251;L2;74.07286984
1443;Hexane;Methanol;306.83252;0.465;0.97532047;0.975226251;L2;74.07286984
1443;Hexane;Methanol;306.83252;0.41;0.97532047;0.975226251;L2;86.66089443
1443;Hexane;Methanol;306.89193;0.6;0.975284684;0.975189739;L2;48.5799757
1443;Hexane;Methanol;306.89193;0.6;0.975284684;0.975189739;L2;48.5799757
1443;Hexane;Methanol;306.9919;0.45;0.975224389;0.9751283;L2;77.34200047
1443;Hexane;Methanol;307;0.3635;0.9752195;0.975123322;L2;98.68832766
1443;Hexane;Methanol;307;0.5252;0.9752195;0.975123322;L2;61.88834312
1443;Hexane;Methanol;307.021891;0.3968;0.975206282;0.975109868;L2;89.92166444
1443;Hexane;Methanol;307.051882;0.4558;0.975188166;0.975091436;L2;76.05763259
1443;Hexane;Methanol;307.141855;0.4478;0.975133764;0.975036141;L2;77.82279509
1443;Hexane;Methanol;307.361789;0.523;0.975000447;0.974900974;L2;62.28564656
1443;Hexane;Methanol;307.37;0.4924;0.974995461;0.974895928;L2;68.3141421
1443;Hexane;Methanol;307.39178;0.4305;0.974982231;0.974882543;L2;81.74719222
1443;Hexane;Methanol;307.47;0.4345;0.974934679;0.97483447;L2;80.81745283
1443;Hexane;Methanol;307.69169;0.447;0.974799582;0.974698225;L2;77.96732982
1443;Hexane;Methanol;307.69169;0.447;0.974799582;0.974698225;L2;77.96732982
1443;Hexane;Methanol;307.7;0.644800161;0.974794508;0.974693118;L2;41.32862473
1443;Hexane;Methanol;307.9916;0.453;0.974616048;0.974513907;L2;76.61514708
1443;Hexane;Methanol;307.9916;0.453;0.974616048;0.974513907;L2;76.61514708
1443;Hexane;Methanol;308.071576;0.5867;0.974566956;0.974464755;L2;50.74796083
1443;Hexane;Methanol;308.071576;0.5867;0.974566956;0.974464755;L2;50.74796083
1443;Hexane;Methanol;308.15;0.6471;0.974518755;0.974416558;L2;40.94429224
1443;Hexane;Methanol;308.15;0.571791912;0.974518755;0.974416558;L2;53.31686295
1443;Hexane;Methanol;308.4;0.614709844;0.974364695;0.974262913;L2;46.06353059
1443;Hexane;Methanol;308.9;0.575830036;0.974054721;0.973955625;L2;52.56549426
1443;Hexane;Methanol;309.18;0.4;0.973880052;0.973783543;L2;88.98235987
1443;Hexane;Methanol;309.261219;0.461;0.97382924;0.973733628;L2;74.7837927
1443;Hexane;Methanol;309.44;0.45;0.973717161;0.973623753;L2;77.18732897
1443;Hexane;Methanol;309.82;0.5;0.973477879;0.973390214;L2;66.62670026
1443;Hexane;Methanol;309.9;0.529949154;0.97342732;0.973341047;L2;60.80420972
1451;Hexane;Water;273.1000159;3.45E-06;;;L1;
1451;Hexane;Water;277.1494161;3.42E-06;;;L1;
1451;Hexane;Water;283.15;3.07E-06;1.41E-06;1.44E-06;L1;77.99643848
1451;Hexane;Water;287.146855;3.17E-06;1.56E-06;1.64E-06;L1;70.78171562
1451;Hexane;Water;288.146555;2.24E-06;1.60E-06;1.69E-06;L1;33.47612659
1451;Hexane;Water;288.19654;2.24E-06;1.60E-06;1.69E-06;L1;33.34739909
1451;Hexane;Water;293.14537;3.00E-06;1.82E-06;1.93E-06;L1;49.94315549
1451;Hexane;Water;293.14537;2.15E-06;1.82E-06;1.93E-06;L1;16.62871083
1451;Hexane;Water;293.14537;3.00E-06;1.82E-06;1.93E-06;L1;49.94315549
1451;Hexane;Water;293.19536;2.15E-06;1.82E-06;1.93E-06;L1;16.50252099
1451;Hexane;Water;298.09;2.08E-06;2.06E-06;2.17E-06;L1;0.957101204
1451;Hexane;Water;298.09;2.08E-06;2.06E-06;2.17E-06;L1;0.957101204
1451;Hexane;Water;298.09;2.08E-06;2.06E-06;2.17E-06;L1;0.957101204
1451;Hexane;Water;298.136;1.99E-06;2.06E-06;2.17E-06;L1;3.580098028
1451;Hexane;Water;298.136;3.39E-06;2.06E-06;2.17E-06;L1;49.68943024
1451;Hexane;Water;298.136;1.99E-06;2.06E-06;2.17E-06;L1;3.580098028
1451;Hexane;Water;298.136;2.90E-05;2.06E-06;2.17E-06;L1;264.3360211
1451;Hexane;Water;298.14437;2.80E-06;2.06E-06;2.17E-06;L1;30.54766196
1451;Hexane;Water;298.14437;1.98E-06;2.06E-06;2.17E-06;L1;4.104595291
1451;Hexane;Water;298.14437;2.59E-06;2.06E-06;2.17E-06;L1;22.75150781
1451;Hexane;Water;298.14437;1.98E-06;2.06E-06;2.17E-06;L1;4.104595291
1451;Hexane;Water;298.14437;2.11E-06;2.06E-06;2.17E-06;L1;2.254514987
1451;Hexane;Water;298.14437;2.58E-06;2.06E-06;2.17E-06;L1;22.36466013
1451;Hexane;Water;298.14437;2.50E-06;2.06E-06;2.17E-06;L1;19.21479343
1451;Hexane;Water;298.14437;3.83E-06;2.06E-06;2.17E-06;L1;61.87220056
1451;Hexane;Water;298.19436;2.11E-06;2.07E-06;2.18E-06;L1;2.130791286
1451;Hexane;Water;298.19436;3.40E-06;2.07E-06;2.18E-06;L1;49.8395397
1451;Hexane;Water;303.143055;2.09E-06;2.33E-06;2.42E-06;L1;10.95080767
1451;Hexane;Water;303.15;2.91E-06;2.33E-06;2.42E-06;L1;22.13123491
1451;Hexane;Water;303.19304;2.09E-06;2.33E-06;2.42E-06;L1;11.07213582
1451;Hexane;Water;303.95;2.06E-06;2.38E-06;2.46E-06;L1;14.35244711
1451;Hexane;Water;308;2.09E-06;2.62E-06;2.65E-06;L1;22.63176814
1451;Hexane;Water;308.141555;2.11E-06;2.63E-06;2.66E-06;L1;22.01657628
1451;Hexane;Water;308.141555;2.69E-06;2.63E-06;2.66E-06;L1;2.268748333
1451;Hexane;Water;308.19154;2.11E-06;2.63E-06;2.66E-06;L1;22.13560104
1451;Hexane;Water;310.920721;2.38E-06;2.81E-06;2.83E-06;L1;16.55897722
1451;Hexane;Water;313.140055;4.98E-06;2.96E-06;3.03E-06;L1;52.06588797
1451;Hexane;Water;313.140055;4.35E-06;2.96E-06;3.03E-06;L1;38.54048338
1451;Hexane;Water;313.15;2.33E-06;2.96E-06;3.03E-06;L1;23.91351461
1451;Hexane;Water;313.15;2.33E-06;2.96E-06;3.03E-06;L1;23.91351461
1451;Hexane;Water;313.15;3.22E-06;2.96E-06;3.03E-06;L1;8.437794591
1451;Hexane;Water;313.240025;2.11E-06;2.97E-06;3.03E-06;L1;34.0418845
1451;Hexane;Water;318;2.26E-06;3.31E-06;3.45E-06;L1;38.19565915
1451;Hexane;Water;318.138555;4.64E-06;3.32E-06;3.46E-06;L1;33.42138376
1451;Hexane;Water;323.15;3.15E-06;3.72E-06;3.90E-06;L1;16.70053191
1451;Hexane;Water;328;2.57E-06;4.15E-06;4.33E-06;L1;47.87842005
1451;Hexane;Water;328.135555;4.42E-06;4.16E-06;4.34E-06;L1;6.045016248
1451;Hexane;Water;328.835345;2.76E-06;4.23E-06;4.40E-06;L1;42.59200892
1451;Hexane;Water;333.15;3.08E-06;4.64E-06;4.78E-06;L1;41.07063497
1451;Hexane;Water;333.15;3.08E-06;4.64E-06;4.78E-06;L1;41.07063497
1451;Hexane;Water;333.15;3.08E-06;4.64E-06;4.78E-06;L1;41.07063497
1451;Hexane;Water;338;3.02E-06;5.16E-06;5.20E-06;L1;53.48936411
1451;Hexane;Water;342.832145;3.18E-06;5.71E-06;5.80E-06;L1;58.56718676
1451;Hexane;Water;342.832145;3.22E-06;5.71E-06;5.80E-06;L1;57.31717048
1451;Hexane;Water;343.45;2.77E-06;5.79E-06;5.90E-06;L1;73.66778662
1451;Hexane;Water;348;3.69E-06;6.36E-06;6.57E-06;L1;54.45988465
1451;Hexane;Water;353.15;4.58E-06;7.07E-06;7.34E-06;L1;43.39934009
1451;Hexane;Water;353.15;4.58E-06;7.07E-06;7.34E-06;L1;43.39934009
1451;Hexane;Water;353.15;4.58E-06;7.07E-06;7.34E-06;L1;43.39934009
1451;Hexane;Water;358;4.69E-06;7.79E-06;8.07E-06;L1;50.79658935
1451;Hexane;Water;366.455704;5.73E-06;9.21E-06;9.33E-06;L1;47.44264592
1451;Hexane;Water;367.52549;5.35E-06;9.40E-06;9.49E-06;L1;56.38252104
1451;Hexane;Water;368;6.08E-06;9.49E-06;9.56E-06;L1;44.51118371
1451;Hexane;Water;372.22455;4.68E-06;1.03E-05;1.04E-05;L1;78.80843562
1451;Hexane;Water;373.12437;6.21E-06;1.05E-05;1.06E-05;L1;52.23945459
1451;Hexane;Water;373.75;6.16E-06;1.06E-05;1.08E-05;L1;54.23908474
1451;Hexane;Water;387.52149;6.10E-06;1.37E-05;1.41E-05;L1;80.87804171
1451;Hexane;Water;388;1.10E-05;1.38E-05;1.42E-05;L1;22.79028879
1451;Hexane;Water;394.42011;7.86E-06;1.55E-05;1.58E-05;L1;67.99638585
1451;Hexane;Water;403.95;1.45E-05;1.84E-05;1.86E-05;L1;23.58587325
1451;Hexane;Water;408;2.12E-05;1.97E-05;2.01E-05;L1;7.382960838
1451;Hexane;Water;410.41691;1.19E-05;2.05E-05;2.11E-05;L1;54.51356898
1451;Hexane;Water;422.004592;2.71E-05;2.50E-05;2.55E-05;L1;8.258034943
1451;Hexane;Water;423.11437;3.39E-05;2.54E-05;2.59E-05;L1;28.80714734
1451;Hexane;Water;424.25;2.67E-05;2.59E-05;2.63E-05;L1;3.055648391
1451;Hexane;Water;424.91401;2.22E-05;2.62E-05;2.66E-05;L1;16.49603091
1451;Hexane;Water;428;4.41E-05;2.75E-05;2.77E-05;L1;47.07838917
1451;Hexane;Water;443.15;4.80E-05;3.51E-05;3.60E-05;L1;31.26757155
1451;Hexane;Water;473.11;0.000185;5.53E-05;5.64E-05;L1;120.7095404
1451;Hexane;Water;273.1000159;0.999866071;;;L2;
1451;Hexane;Water;283.15;0.999691;0.999999488;0.999999685;L2;0.030853566
1451;Hexane;Water;293.138;0.999470281;0.999998985;0.999998686;L2;0.05288441
1451;Hexane;Water;293.138;0.999517033;0.999998985;0.999998686;L2;0.048206842
1451;Hexane;Water;293.138;0.99921;0.999998985;0.999998686;L2;0.078929697
1451;Hexane;Water;293.14537;0.99963;0.999998984;0.999998685;L2;0.036905273
1451;Hexane;Water;293.14537;0.99963;0.999998984;0.999998685;L2;0.036905273
1451;Hexane;Water;293.14537;0.99954;0.999998984;0.999998685;L2;0.045909009
1451;Hexane;Water;293.15;0.99952;0.999998984;0.999998685;L2;0.047909919
1451;Hexane;Water;298.136;0.9994;0.9999986;0.999998186;L2;0.059877977
1451;Hexane;Water;298.14437;0.999569615;0.999998599;0.999998186;L2;0.04290766
1451;Hexane;Water;298.14437;0.99949;0.999998599;0.999998186;L2;0.050872906
1451;Hexane;Water;298.31;0.9996;0.999998584;0.999998169;L2;0.039866429
1451;Hexane;Water;303.03;0.99949;0.999998105;0.999997697;L2;0.050823533
1451;Hexane;Water;303.134;0.999144301;0.999998093;0.999997687;L2;0.085415859
1451;Hexane;Water;303.143055;0.999756079;0.999998092;0.999997686;L2;0.024204298
1451;Hexane;Water;303.143055;0.999598299;0.999998092;0.999997686;L2;0.039987393
1451;Hexane;Water;303.15;0.999217;0.999998091;0.999997685;L2;0.078139813
1451;Hexane;Water;308.05;0.99936;0.999997447;0.999997195;L2;0.063765202
1451;Hexane;Water;313.06;0.99927;0.999996602;0.99999598;L2;0.072686833
1451;Hexane;Water;313.13;0.99848539;0.999996588;0.999995957;L2;0.151234659
1451;Hexane;Water;313.140055;0.99877;0.999996586;0.999995953;L2;0.122734356
1451;Hexane;Water;313.140055;0.99883;0.999996586;0.999995953;L2;0.116727147
1451;Hexane;Water;323.15;0.99863;0.999994146;0.999992617;L2;0.136508558
1451;Hexane;Water;354.798554;0.9933;0.999974562;0.999970721;L2;0.669710735
1451;Hexane;Water;366.455704;0.99;0.999959457;0.999957898;L2;1.000979244
1451;Hexane;Water;367.52549;0.99405;0.999957759;0.999956721;L2;0.592552995
1451;Hexane;Water;373.12437;0.99291;0.999947874;0.999945249;L2;0.706312584
1451;Hexane;Water;379.233148;0.9849;0.999934971;0.999928143;L2;1.51501348
1451;Hexane;Water;394.230148;0.977;0.999891791;0.99988615;L2;2.316041184
1451;Hexane;Water;400.338926;0.9728;0.999868522;0.999867963;L2;2.744528072
1451;Hexane;Water;423.11437;0.9689;0.999743234;0.999732049;L2;3.133707237
1451;Hexane;Water;473.11;0.89;0.999135288;0.999100787;L2;11.56687298
1460;Hexane;Acetic anhydride;323.2;0.2154;0.155285538;0.155375556;L1;32.72311603
1460;Hexane;Acetic anhydride;326.11;0.2478;0.16112853;0.161337101;L1;43.04196016
1460;Hexane;Acetic anhydride;331.4;0.3252;0.172395317;0.172545726;L1;63.46501828
1460;Hexane;Acetic anhydride;331.9;0.3394;0.173505819;0.173686701;L1;67.09682168
1460;Hexane;Acetic anhydride;332.05;0.3373;0.173840568;0.174028994;L1;66.28341392
1460;Hexane;Acetic anhydride;332.1;0.341;0.173952316;0.174143092;L1;67.31012629
1460;Hexane;Acetic anhydride;332.49;0.3502;0.174826789;0.175033053;L1;69.47087155
1460;Hexane;Acetic anhydride;334.4;0.4037;0.179183394;0.17939158;L1;81.2262198
1460;Hexane;Acetic anhydride;334.64;0.4334;0.179739666;0.179939248;L1;88.01515835
1460;Hexane;Acetic anhydride;334.86;0.457;0.180251347;0.180441278;L1;93.03311391
1460;Hexane;Acetic anhydride;334.9;0.4649;0.180344563;0.180532556;L1;94.69530715
1460;Hexane;Acetic anhydride;334.93;0.4765;0.180414511;0.180601014;L1;97.12106829
1460;Hexane;Acetic anhydride;334.93;0.4802;0.180414511;0.180601014;L1;97.89456436
1460;Hexane;Acetic anhydride;334.93;0.4817;0.180414511;0.180601014;L1;98.20644735
1460;Hexane;Acetic anhydride;334.93;0.4978;0.180414511;0.180601014;L1;101.494135
1460;Hexane;Acetic anhydride;334.94;0.4914;0.180437834;0.180623834;L1;100.1872153
1460;Hexane;Acetic anhydride;335;0.5122;0.180577846;0.180760751;L1;104.255321
1460;Hexane;Acetic anhydride;335.05;0.5168;0.180694619;0.180874849;L1;105.0847532
1460;Hexane;Acetic anhydride;325.3;0.8055;0.902757169;0.902526717;L2;11.39903984
1460;Hexane;Acetic anhydride;329.19;0.7627;0.894634082;0.894560593;L2;15.95500182
1460;Hexane;Acetic anhydride;329.61;0.7562;0.893725488;0.893700498;L2;16.70927759
1460;Hexane;Acetic anhydride;330.41;0.7452;0.891977304;0.891901893;L2;17.97880492
1460;Hexane;Acetic anhydride;330.91;0.741;0.890872891;0.890744696;L2;18.42011331
1460;Hexane;Acetic anhydride;331.64;0.7293;0.889243948;0.889055189;L2;19.82864349
1460;Hexane;Acetic anhydride;332.84;0.7052;0.886523024;0.886277918;L2;22.88256461
1460;Hexane;Acetic anhydride;333.49;0.6853;0.885026387;0.884773562;L2;25.57607615
1460;Hexane;Acetic anhydride;333.73;0.6718;0.884469677;0.884218108;L2;27.50275537
1460;Hexane;Acetic anhydride;333.84;0.664;0.884213774;0.883963525;L2;28.64167102
1460;Hexane;Acetic anhydride;334.21;0.6429;0.883349558;0.883107199;L2;31.77318067
1460;Hexane;Acetic anhydride;334.32;0.6348;0.883091599;0.882852616;L2;33.01189427
1460;Hexane;Acetic anhydride;334.57;0.6171;0.882503564;0.882274018;L2;35.77317421
1460;Hexane;Acetic anhydride;334.93;0.5888;0.881652469;0.881440836;L2;40.37113847
1460;Hexane;Acetic anhydride;334.96;0.5806;0.881581313;0.881371404;L2;41.76551897
1460;Hexane;Acetic anhydride;334.97;0.5827;0.881557586;0.881348261;L2;41.40178531
1460;Hexane;Acetic anhydride;335;0.5366;0.881486383;0.881278829;L2;49.63566157
1463;Hexane;N-Methyl-2-pyrrolidone;286.23;0.1458;;;L1;
1463;Hexane;N-Methyl-2-pyrrolidone;293.67;0.169;;;L1;
1463;Hexane;N-Methyl-2-pyrrolidone;297.47;0.184;;;L1;
1463;Hexane;N-Methyl-2-pyrrolidone;298.2;0.17424093;;;L1;
1463;Hexane;N-Methyl-2-pyrrolidone;298.25;0.189;;;L1;
1463;Hexane;N-Methyl-2-pyrrolidone;300.12;0.2115;;;L1;
1463;Hexane;N-Methyl-2-pyrrolidone;300.41;0.1972;;;L1;
1463;Hexane;N-Methyl-2-pyrrolidone;306.55;0.228;;;L1;
1463;Hexane;N-Methyl-2-pyrrolidone;307.75;0.2417;;;L1;
1463;Hexane;N-Methyl-2-pyrrolidone;308.89;0.2432;;;L1;
1463;Hexane;N-Methyl-2-pyrrolidone;312.54;0.2696;;;L1;
1463;Hexane;N-Methyl-2-pyrrolidone;313.74;0.3085;;;L1;
1463;Hexane;N-Methyl-2-pyrrolidone;315.36;0.2949;;;L1;
1463;Hexane;N-Methyl-2-pyrrolidone;317.74;0.3582;;;L1;
1463;Hexane;N-Methyl-2-pyrrolidone;319.13;0.3407;;;L1;
1463;Hexane;N-Methyl-2-pyrrolidone;319.15;0.313;;;L1;
1463;Hexane;N-Methyl-2-pyrrolidone;320.3;0.4067;;;L1;
1463;Hexane;N-Methyl-2-pyrrolidone;320.36;0.3745;;;L1;
1463;Hexane;N-Methyl-2-pyrrolidone;320.85;0.456;;;L1;
1463;Hexane;N-Methyl-2-pyrrolidone;321.75;0.4016;;;L1;
1463;Hexane;N-Methyl-2-pyrrolidone;321.92;0.4996;;;L1;
1463;Hexane;N-Methyl-2-pyrrolidone;321.95;0.391;;;L1;
1463;Hexane;N-Methyl-2-pyrrolidone;322.27;0.5553;;;L1;
1463;Hexane;N-Methyl-2-pyrrolidone;322.29;0.4188;;;L1;
1463;Hexane;N-Methyl-2-pyrrolidone;322.34;0.4337;;;L1;
1463;Hexane;N-Methyl-2-pyrrolidone;322.94;0.4835;;;L1;
1463;Hexane;N-Methyl-2-pyrrolidone;323.15;0.425;;;L1;
1463;Hexane;N-Methyl-2-pyrrolidone;323.53;0.4829;;;L1;
1463;Hexane;N-Methyl-2-pyrrolidone;323.53;0.5422;;;L1;
1463;Hexane;N-Methyl-2-pyrrolidone;324.39;0.5201;;;L1;
1463;Hexane;N-Methyl-2-pyrrolidone;324.43;0.5787;;;L1;
1463;Hexane;N-Methyl-2-pyrrolidone;324.65;0.502;;;L1;
1463;Hexane;N-Methyl-2-pyrrolidone;325.05;0.575;;;L1;
1463;Hexane;N-Methyl-2-pyrrolidone;284.92;0.9441;;;L2;
1463;Hexane;N-Methyl-2-pyrrolidone;291.08;0.9273;;;L2;
1463;Hexane;N-Methyl-2-pyrrolidone;292.72;0.9422;;;L2;
1463;Hexane;N-Methyl-2-pyrrolidone;297.65;0.91;;;L2;
1463;Hexane;N-Methyl-2-pyrrolidone;298.2;0.91994007;;;L2;
1463;Hexane;N-Methyl-2-pyrrolidone;300.87;0.8924;;;L2;
1463;Hexane;N-Methyl-2-pyrrolidone;304.48;0.879;;;L2;
1463;Hexane;N-Methyl-2-pyrrolidone;309.77;0.8951;;;L2;
1463;Hexane;N-Methyl-2-pyrrolidone;310.61;0.8408;;;L2;
1463;Hexane;N-Methyl-2-pyrrolidone;314.85;0.838;;;L2;
1463;Hexane;N-Methyl-2-pyrrolidone;316.5;0.8485;;;L2;
1463;Hexane;N-Methyl-2-pyrrolidone;316.61;0.789;;;L2;
1463;Hexane;N-Methyl-2-pyrrolidone;319.43;0.7983;;;L2;
1463;Hexane;N-Methyl-2-pyrrolidone;319.59;0.786;;;L2;
1463;Hexane;N-Methyl-2-pyrrolidone;320.93;0.7243;;;L2;
1463;Hexane;N-Methyl-2-pyrrolidone;321.15;0.726;;;L2;
1463;Hexane;N-Methyl-2-pyrrolidone;321.98;0.7037;;;L2;
1463;Hexane;N-Methyl-2-pyrrolidone;322.27;0.6399;;;L2;
1463;Hexane;N-Methyl-2-pyrrolidone;322.41;0.6085;;;L2;
1463;Hexane;N-Methyl-2-pyrrolidone;322.49;0.7166;;;L2;
1463;Hexane;N-Methyl-2-pyrrolidone;322.55;0.6627;;;L2;
1463;Hexane;N-Methyl-2-pyrrolidone;322.98;0.6009;;;L2;
1463;Hexane;N-Methyl-2-pyrrolidone;323.05;0.6912;;;L2;
1463;Hexane;N-Methyl-2-pyrrolidone;323.95;0.6249;;;L2;
1463;Hexane;N-Methyl-2-pyrrolidone;324.35;0.63;;;L2;
1638;Heptane;Methanol;253.15;0.0437;0.032308252;0.032345109;L1;30.20254259
1638;Heptane;Methanol;253.65427;0.046;0.032460786;0.032496763;L1;34.86086321
1638;Heptane;Methanol;254.60408;0.044;0.032750275;0.032782408;L1;29.5278267
1638;Heptane;Methanol;258.05339;0.0491;0.033825779;0.033832099;L1;37.26358181
1638;Heptane;Methanol;263.05239;0.052;0.035452805;0.035490508;L1;38.30413407
1638;Heptane;Methanol;263.15;0.046;0.03548539;0.03552289;L1;25.9520329
1638;Heptane;Methanol;264.182164;0.0551;0.03583189;0.035865308;L1;43.03114485
1638;Heptane;Methanol;267.70146;0.056;0.037040092;0.037047002;L1;41.33507952
1638;Heptane;Methanol;268.15;0.047;0.037197081;0.037210367;L1;23.3917312
1638;Heptane;Methanol;268.65;0.0584;0.037372887;0.037392474;L1;44.63703862
1638;Heptane;Methanol;270.0509841;0.062;0.037870041;0.037902733;L1;49.29740576
1638;Heptane;Methanol;273.15;0.0637;0.038993819;0.039031441;L1;49.07814114
1638;Heptane;Methanol;273.5999343;0.0657;0.039159759;0.039195314;L1;51.74492693
1638;Heptane;Methanol;275.1488;0.066;0.039736445;0.039759433;L1;50.73859571
1638;Heptane;Methanol;278.0092905;0.0714;0.040823929;0.040842031;L1;55.90294588
1638;Heptane;Methanol;278.147;0.067059205;0.040877025;0.040896906;L1;49.50077238
1638;Heptane;Methanol;278.15;0.064;0.040878182;0.040898102;L1;44.82866063
1638;Heptane;Methanol;278.15;0.064;0.040878182;0.040898102;L1;44.82866063
1638;Heptane;Methanol;278.15;0.071;0.040878182;0.040898102;L1;55.20834
1638;Heptane;Methanol;278.15;0.0643;0.040878182;0.040898102;L1;45.29631542
1638;Heptane;Methanol;280.49885;0.073;0.041794454;0.041834078;L1;55.76957886
1638;Heptane;Methanol;281.29861;0.0759;0.042111049;0.042152768;L1;58.91065429
1638;Heptane;Methanol;283.144;0.073975207;0.042850614;0.042888125;L1;54.60100235
1638;Heptane;Methanol;283.144;0.07834;0.042850614;0.042888125;L1;60.33383552
1638;Heptane;Methanol;283.15;0.0746;0.042853039;0.042890515;L1;55.43639369
1638;Heptane;Methanol;283.15;0.0769;0.042853039;0.042890515;L1;58.47293062
1638;Heptane;Methanol;286.49705;0.08;0.044227158;0.044230992;L1;59.26876093
1638;Heptane;Methanol;286.826951;0.0845;0.044364908;0.044374374;L1;64.430274
1638;Heptane;Methanol;288.141;0.082900412;0.044917755;0.044945487;L1;61.28068878
1638;Heptane;Methanol;288.15;0.085;0.044921564;0.044949398;L1;63.77333046
1638;Heptane;Methanol;288.15;0.085;0.044921564;0.044949398;L1;63.77333046
1638;Heptane;Methanol;288.15;0.0846;0.044921564;0.044949398;L1;63.30163147
1638;Heptane;Methanol;290.89;0.09;0.046096091;0.04614026;L1;66.90815246
1638;Heptane;Methanol;290.98929;0.089;0.046139208;0.046183414;L1;65.69732875
1638;Heptane;Methanol;292.54549;0.0949;0.046820128;0.046859771;L1;70.6510508
1638;Heptane;Methanol;292.9954;0.088;0.047018796;0.047055311;L1;62.67893697
1638;Heptane;Methanol;293.138;0.08406;0.047081935;0.047117288;L1;57.96414478
1638;Heptane;Methanol;293.138;0.093089157;0.047081935;0.047117288;L1;68.16683295
1638;Heptane;Methanol;293.15;0.0962;0.047087252;0.047122504;L1;71.44270525
1638;Heptane;Methanol;293.15;0.0931;0.047087252;0.047122504;L1;68.16718791
1638;Heptane;Methanol;293.19536;0.088;0.047107355;0.047142218;L1;62.49076624
1638;Heptane;Methanol;293.95;0.091306107;0.04744303;0.0474702;L1;65.46880506
1638;Heptane;Methanol;295.15;0.091534223;0.04798158;0.047991746;L1;64.58957369
1638;Heptane;Methanol;295.6439972;0.09979;0.048204996;0.048206447;L1;72.76053166
1638;Heptane;Methanol;296.7385592;0.1035;0.048703612;0.0487213;L1;75.38184167
1638;Heptane;Methanol;297.9944;0.1;0.049281836;0.04931575;L1;70.76146054
1638;Heptane;Methanol;297.9944;0.1051;0.049281836;0.04931575;L1;75.73566973
1638;Heptane;Methanol;298;0.1005;0.049284429;0.049318401;L1;71.25495288
1638;Heptane;Methanol;298.136;0.104477922;0.049347447;0.049382776;L1;75.00897391
1638;Heptane;Methanol;298.14437;0.1062;0.049351328;0.049386738;L1;76.63594299
1638;Heptane;Methanol;298.14437;0.093;0.049351328;0.049386738;L1;63.36348143
1638;Heptane;Methanol;298.14437;0.1005;0.049351328;0.049386738;L1;71.11930486
1638;Heptane;Methanol;298.14437;0.1038;0.049351328;0.049386738;L1;74.35012919
1638;Heptane;Methanol;298.15;0.1101;0.049353939;0.049389403;L1;80.23714675
1638;Heptane;Methanol;298.15;0.097;0.049353939;0.049389403;L1;67.56934022
1638;Heptane;Methanol;298.15;0.107;0.049353939;0.049389403;L1;77.38112582
1638;Heptane;Methanol;298.15;0.1005;0.049353939;0.049389403;L1;71.11401512
1638;Heptane;Methanol;298.15;0.0965;0.049353939;0.049389403;L1;67.05254321
1638;Heptane;Methanol;298.15;0.096;0.049353939;0.049389403;L1;66.53306152
1638;Heptane;Methanol;298.15;0.096;0.049353939;0.049389403;L1;66.53306152
1638;Heptane;Methanol;298.15;0.101;0.049353939;0.049389403;L1;71.61029406
1638;Heptane;Methanol;298.15;0.1005;0.049353939;0.049389403;L1;71.11401512
1638;Heptane;Methanol;298.5;0.109;0.049516496;0.049555075;L1;78.90420229
1638;Heptane;Methanol;299.1076112;0.1084;0.049799928;0.049842687;L1;77.78145569
1638;Heptane;Methanol;299.324134;0.1101;0.049901307;0.049945178;L1;79.13418508
1638;Heptane;Methanol;301.9854596;0.11693;0.051163762;0.051204913;L1;82.65439597
1638;Heptane;Methanol;302.98406;0.1165;0.051645373;0.051677599;L1;81.34906584
1638;Heptane;Methanol;303.134;0.117949963;0.051718064;0.051748573;L1;82.44533724
1638;Heptane;Methanol;303.134;0.121;0.051718064;0.051748573;L1;84.99834259
1638;Heptane;Methanol;303.134;0.121;0.051718064;0.051748573;L1;84.99834259
1638;Heptane;Methanol;303.143055;0.1129;0.051722457;0.051752859;L1;78.06104137
1638;Heptane;Methanol;303.15;0.112;0.051725827;0.051756147;L1;77.25416684
1638;Heptane;Methanol;303.15;0.1149;0.051725827;0.051756147;L1;79.8104982
1638;Heptane;Methanol;303.45;0.114;0.051871583;0.051898151;L1;78.74273327
1638;Heptane;Methanol;303.88;0.12;0.052081193;0.052101691;L1;83.4687842
1638;Heptane;Methanol;304.5074504;0.12032;0.052388519;0.052398694;L1;83.14674011
1638;Heptane;Methanol;305.042485;0.1263;0.052651961;0.052651952;L1;87.495655
1638;Heptane;Methanol;306.8245232;0.12878;0.053538657;0.053568728;L1;87.77015593
1638;Heptane;Methanol;307.95;0.125;0.054106074;0.054148235;L1;83.73672907
1638;Heptane;Methanol;308.132;0.134583671;0.054198374;0.054241947;L1;90.95351909
1638;Heptane;Methanol;308.141555;0.1236;0.054203224;0.054246867;L1;82.43101599
1638;Heptane;Methanol;308.15;0.1131;0.054207511;0.054251215;L1;73.54529119
1638;Heptane;Methanol;308.4;0.132;0.054334565;0.05437994;L1;88.76413395
1638;Heptane;Methanol;308.41;0.113;0.054339653;0.054385089;L1;73.2133595
1638;Heptane;Methanol;309.0386372;0.13722;0.054660439;0.054708774;L1;92.04452563
1638;Heptane;Methanol;309.701087;0.1435;0.055000459;0.055049869;L1;95.89934964
1638;Heptane;Methanol;311.08;0.15;0.055714793;0.05575987;L1;99.03896065
1638;Heptane;Methanol;311.5346384;0.1452;0.055952274;0.055993963;L1;95.36130195
1638;Heptane;Methanol;312.3223232;0.14989;0.056366044;0.056399541;L1;97.80347673
1638;Heptane;Methanol;312.96;0.133;0.056703183;0.05672788;L1;85.25187772
1638;Heptane;Methanol;312.98006;0.1514;0.056713821;0.056738209;L1;98.19074111
1638;Heptane;Methanol;312.9901;0.165;0.056719145;0.056743379;L1;106.7833662
1638;Heptane;Methanol;313.13;0.157020137;0.056793391;0.056815413;L1;101.6954091
1638;Heptane;Methanol;313.13;0.13395;0.056793391;0.056815413;L1;85.80466291
1638;Heptane;Methanol;313.140055;0.1509;0.056798731;0.056820591;L1;97.71033802
1638;Heptane;Methanol;313.15;0.1288;0.056804013;0.056825711;L1;81.86538383
1638;Heptane;Methanol;313.15;0.1433;0.056804013;0.056825711;L1;92.53333595
1638;Heptane;Methanol;313.19004;0.165;0.056825284;0.056846328;L1;106.5964111
1638;Heptane;Methanol;313.387;0.1601;0.056930028;0.056947742;L1;103.3975678
1638;Heptane;Methanol;313.884;0.1624;0.057195169;0.057203647;L1;104.3592997
1638;Heptane;Methanol;314.139755;0.166;0.057332075;0.057335335;L1;106.3127548
1638;Heptane;Methanol;314.216;0.1643;0.057372951;0.057374594;L1;105.2121075
1638;Heptane;Methanol;314.421;0.1655;0.057482993;0.057485548;L1;105.7482063
1638;Heptane;Methanol;315.217;0.1705;0.057912224;0.05793102;L1;107.9806816
1638;Heptane;Methanol;315.4033178;0.16201;0.058013141;0.05803529;L1;102.698851
1638;Heptane;Methanol;315.76;0.1743;0.05820681;0.058234903;L1;109.6775588
1638;Heptane;Methanol;316.022;0.1768;0.05834947;0.058381528;L1;110.8568883
1638;Heptane;Methanol;316.454;0.1787;0.058585436;0.058623291;L1;111.5222296
1638;Heptane;Methanol;316.484;0.1794;0.058601856;0.05864008;L1;111.8851573
1638;Heptane;Methanol;316.654;0.18;0.058694993;0.058735218;L1;112.060243
1638;Heptane;Methanol;316.998;0.1828;0.058883897;0.058927734;L1;113.2825003
1638;Heptane;Methanol;317.5376773;0.18166;0.059181447;0.059229757;L1;112.1528717
1638;Heptane;Methanol;317.86;0.182;0.059359855;0.059410141;L1;112.0388526
1638;Heptane;Methanol;317.98;0.156;0.05942641;0.059477298;L1;96.51172671
1638;Heptane;Methanol;318.1285;0.178;0.059508872;0.059560404;L1;109.5658141
1638;Heptane;Methanol;318.1285;0.178;0.059508872;0.059560404;L1;109.5658141
1638;Heptane;Methanol;318.138555;0.1736;0.059514459;0.059566031;L1;107.0534503
1638;Heptane;Methanol;318.185;0.1928;0.059540276;0.059592023;L1;117.5000398
1638;Heptane;Methanol;318.4264106;0.18942;0.059674637;0.059727126;L1;115.5059677
1638;Heptane;Methanol;318.578423;0.1981;0.059759394;0.059812197;L1;119.844555
1638;Heptane;Methanol;318.58;0.1967;0.059760274;0.05981308;L1;119.1338598
1638;Heptane;Methanol;318.727;0.1973;0.059842349;0.059895347;L1;119.3011828
1638;Heptane;Methanol;318.746;0.198;0.059852965;0.05990598;L1;119.6376057
1638;Heptane;Methanol;319.17;0.2;0.060090354;0.060143266;L1;120.2468033
1638;Heptane;Methanol;319.364;0.2048;0.060199276;0.060251836;L1;122.4373559
1638;Heptane;Methanol;319.6;0.2065;0.060332039;0.06038391;L1;123.0437119
1638;Heptane;Methanol;319.747;0.2073;0.060414879;0.060466177;L1;123.2931605
1638;Heptane;Methanol;320.034;0.2117;0.060576933;0.060626793;L1;125.1255998
1638;Heptane;Methanol;320.28791;0.2129;0.060720657;0.06076889;L1;125.4538626
1638;Heptane;Methanol;320.384;0.2156;0.060775134;0.060822666;L1;126.6244113
1638;Heptane;Methanol;320.393;0.2155;0.060780239;0.060827702;L1;126.569619
1638;Heptane;Methanol;320.521;0.2175;0.060852888;0.060899336;L1;127.3739574
1638;Heptane;Methanol;320.787702;0.21878;0.061004532;0.061048592;L1;127.7118507
1638;Heptane;Methanol;321.06;0.2249;0.061159738;0.061200981;L1;130.2166763
1638;Heptane;Methanol;321.187;0.2275;0.061232258;0.061272055;L1;131.2476096
1638;Heptane;Methanol;321.3205421;0.22344;0.061308604;0.06134679;L1;129.3222723
1638;Heptane;Methanol;321.335;0.2293;0.061316876;0.061354881;L1;131.897609
1638;Heptane;Methanol;321.5;0.2322;0.061411347;0.061447221;L1;133.0004441
1638;Heptane;Methanol;322.246;0.247;0.061840253;0.06186471;L1;138.4833845
1638;Heptane;Methanol;322.481;0.2542;0.061975969;0.061996225;L1;141.1374642
1638;Heptane;Methanol;322.843;0.2648;0.062185601;0.062198814;L1;144.8851351
1638;Heptane;Methanol;322.934;0.2664;0.062238407;0.062249741;L1;145.4026651
1638;Heptane;Methanol;322.977045;0.2437;0.062263401;0.062273831;L1;136.456417
1638;Heptane;Methanol;323.032;0.2691;0.062295324;0.062304585;L1;146.3196686
1638;Heptane;Methanol;323.0420255;0.25985;0.06230115;0.062310196;L1;142.8124658
1638;Heptane;Methanol;323.077073;0.2826;0.06232152;0.06232981;L1;151.1725687
1638;Heptane;Methanol;323.137055;0.2103;0.062356396;0.062363378;L1;121.5668831
1638;Heptane;Methanol;323.331;0.2836;0.062469297;0.062471917;L1;151.2889613
1638;Heptane;Methanol;323.506944;0.3101;0.062571891;0.062573957;L1;160.0578673
1638;Heptane;Methanol;323.591;0.3012;0.062620963;0.062625062;L1;157.0674401
1638;Heptane;Methanol;323.638;0.3064;0.062648418;0.062653637;L1;158.7353006
1638;Heptane;Methanol;323.915;0.3289;0.062810468;0.06282205;L1;165.5632007
1638;Heptane;Methanol;323.926818;0.3744;0.062817391;0.062829235;L1;178.5092786
1638;Heptane;Methanol;323.93;0.3;0.062819255;0.062831169;L1;156.3520842
1638;Heptane;Methanol;323.942;0.3413;0.062826285;0.062838465;L1;169.2388314
1638;Heptane;Methanol;323.955;0.3447;0.062833903;0.062846369;L1;170.2179697
1638;Heptane;Methanol;323.963;0.3457;0.06283859;0.062851233;L1;170.5001965
1638;Heptane;Methanol;323.985;0.3489;0.062851484;0.062864609;L1;171.4010801
1638;Heptane;Methanol;323.995;0.3557;0.062857346;0.062870689;L1;173.3219875
1638;Heptane;Methanol;323.996;0.3611;0.062857932;0.062871297;L1;174.8277798
1638;Heptane;Methanol;323.998;0.3567;0.062859104;0.062872512;L1;173.5999311
1638;Heptane;Methanol;323.999;0.369;0.06285969;0.06287312;L1;176.9891537
1638;Heptane;Methanol;324.001;0.373;0.062860863;0.062874336;L1;178.0654661
1638;Heptane;Methanol;324.005;0.3648;0.062863208;0.062876768;L1;175.8388197
1638;Heptane;Methanol;324.007;0.3782;0.06286438;0.062877984;L1;179.4443444
1638;Heptane;Methanol;324.008;0.3801;0.062864967;0.062878592;L1;179.9445338
1638;Heptane;Methanol;324.009;0.3945;0.062865553;0.0628792;L1;183.6620777
1638;Heptane;Methanol;324.046782;0.3853;0.062887707;0.062902171;L1;181.2671548
1638;Heptane;Methanol;324.0837129;0.3446;0.062909369;0.062924625;L1;170.068922
1638;Heptane;Methanol;324.38668;0.3507;0.063087355;0.063108825;L1;171.5410809
1638;Heptane;Methanol;325.006494;0.3865;0.06345302;0.063485663;L1;180.6832072
1638;Heptane;Methanol;325.006494;0.3865;0.06345302;0.063485663;L1;180.6832072
1638;Heptane;Methanol;253.15;0.9534;0.995547551;0.995483813;L2;4.325834584
1638;Heptane;Methanol;257.25355;0.9642;0.994748414;0.994737999;L2;3.119111305
1638;Heptane;Methanol;261.062788;0.9564;0.993917838;0.993850841;L2;3.847830967
1638;Heptane;Methanol;263.15;0.944;0.993424613;0.993352154;L2;5.103201254
1638;Heptane;Methanol;263.432314;0.9517;0.993355765;0.993284702;L2;4.283901353
1638;Heptane;Methanol;268.15;0.924;0.992127478;0.992099898;L2;7.113953313
1638;Heptane;Methanol;268.65;0.9289;0.991988483;0.99194788;L2;6.57104069
1638;Heptane;Methanol;268.911218;0.9412;0.991915179;0.991868461;L2;5.248194185
1638;Heptane;Methanol;273.15;0.9134;0.990658294;0.99057972;L2;8.119576479
1638;Heptane;Methanol;274.2098453;0.931;0.990323739;0.990257489;L2;6.17726214
1638;Heptane;Methanol;275.1488;0.9019;0.990020396;0.989972013;L2;9.322189622
1638;Heptane;Methanol;277.0994234;0.9245;0.989369038;0.989358665;L2;6.78143537
1638;Heptane;Methanol;278.15;0.9046;0.989006202;0.988963053;L2;8.920774574
1638;Heptane;Methanol;278.15;0.9021;0.989006202;0.988963053;L2;9.197522412
1638;Heptane;Methanol;278.15;0.905;0.989006202;0.988963053;L2;8.876565909
1638;Heptane;Methanol;278.15;0.905;0.989006202;0.988963053;L2;8.876565909
1638;Heptane;Methanol;279.2391109;0.9209;0.988621038;0.988552929;L2;7.09596288
1638;Heptane;Methanol;280.858742;0.917;0.988031047;0.987943029;L2;7.460664909
1638;Heptane;Methanol;281.388583;0.915;0.987833521;0.987743508;L2;7.659011732
1638;Heptane;Methanol;283.144;0.89;0.987162969;0.987082476;L2;10.36136785
1638;Heptane;Methanol;283.144;0.8914;0.987162969;0.987082476;L2;10.20418807
1638;Heptane;Methanol;283.15;0.8897;0.987160634;0.987080216;L2;10.39484488
1638;Heptane;Methanol;283.15;0.8962;0.987160634;0.987080216;L2;9.666917373
1638;Heptane;Methanol;284.547635;0.904;0.986608744;0.986553913;L2;8.744419163
1638;Heptane;Methanol;285.547335;0.9;0.986204099;0.986177458;L2;9.146856659
1638;Heptane;Methanol;287.57;0.88;0.985359801;0.98531567;L2;11.30849473
1638;Heptane;Methanol;288.15;0.8731;0.985111307;0.985051149;L2;12.07045404
1638;Heptane;Methanol;288.15;0.873;0.985111307;0.985051149;L2;12.08190813
1638;Heptane;Methanol;288.15;0.873;0.985111307;0.985051149;L2;12.08190813
1638;Heptane;Methanol;290.94581;0.8718;0.983872846;0.983776062;L2;12.09366276
1638;Heptane;Methanol;290.98929;0.8955;0.983853049;0.983756232;L2;9.409432386
1638;Heptane;Methanol;292.305538;0.8654;0.983245852;0.98315593;L2;12.76673646
1638;Heptane;Methanol;292.9954;0.824;0.982921481;0.982841304;L2;17.63587097
1638;Heptane;Methanol;293.138;0.819;0.982853901;0.982776269;L2;18.23763998
1638;Heptane;Methanol;293.138;0.819;0.982853901;0.982776269;L2;18.23763998
1638;Heptane;Methanol;293.15;0.8612;0.982848206;0.982770796;L2;13.21279236
1638;Heptane;Methanol;293.15;0.875;0.982848206;0.982770796;L2;11.62308028
1638;Heptane;Methanol;293.155368;0.8636;0.982845658;0.982768348;L2;12.9342398
1638;Heptane;Methanol;293.19536;0.824;0.982826667;0.982750108;L2;17.62622436
1638;Heptane;Methanol;293.95;0.860202442;0.982465615;0.982405939;L2;13.28975866
1638;Heptane;Methanol;293.95;0.857136565;0.982465615;0.982405939;L2;13.64680875
1638;Heptane;Methanol;295.15;0.850542071;0.981880911;0.981858654;L2;14.35961521
1638;Heptane;Methanol;295.15;0.850794494;0.981880911;0.981858654;L2;14.32994172
1638;Heptane;Methanol;295.15;0.852564156;0.981880911;0.981858654;L2;14.12215663
1638;Heptane;Methanol;295.15;0.850037516;0.981880911;0.981858654;L2;14.41895439
1638;Heptane;Methanol;295.15;0.849785382;0.981880911;0.981858654;L2;14.44862031
1638;Heptane;Methanol;297.9944;0.87;0.9804424;0.980367092;L2;11.95106868
1638;Heptane;Methanol;297.9944;0.847;0.9804424;0.980367092;L2;14.63032038
1638;Heptane;Methanol;297.9944;0.8305;0.9804424;0.980367092;L2;16.59759694
1638;Heptane;Methanol;298;0.847;0.980439494;0.980364058;L2;14.630024
1638;Heptane;Methanol;298.14437;0.847;0.980364479;0.980285837;L2;14.62237253
1638;Heptane;Methanol;298.14437;0.834;0.980364479;0.980285837;L2;16.16910176
1638;Heptane;Methanol;298.14437;0.863;0.980364479;0.980285837;L2;12.75097289
1638;Heptane;Methanol;298.14437;0.8263;0.980364479;0.980285837;L2;17.09665163
1638;Heptane;Methanol;298.15;0.848;0.98036155;0.980282786;L2;14.50407962
1638;Heptane;Methanol;298.15;0.848;0.98036155;0.980282786;L2;14.50407962
1638;Heptane;Methanol;298.15;0.8536;0.98036155;0.980282786;L2;13.8458732
1638;Heptane;Methanol;298.15;0.847;0.98036155;0.980282786;L2;14.62207374
1638;Heptane;Methanol;298.15;0.8474;0.98036155;0.980282786;L2;14.57485938
1638;Heptane;Methanol;298.15;0.847;0.98036155;0.980282786;L2;14.62207374
1638;Heptane;Methanol;298.15;0.847;0.98036155;0.980282786;L2;14.62207374
1638;Heptane;Methanol;298.15;0.829;0.98036155;0.980282786;L2;16.77012769
1638;Heptane;Methanol;298.19436;0.824;0.980338459;0.980258751;L2;17.37273483
1638;Heptane;Methanol;298.35;0.85;0.980257297;0.980174424;L2;14.25787362
1638;Heptane;Methanol;298.5;0.829;0.980178863;0.980093152;L2;16.75149132
1638;Heptane;Methanol;300.79376;0.8238;0.9789531;0.978850366;L2;17.25559532
1638;Heptane;Methanol;302.98406;0.8319;0.977735856;0.977663636;L2;16.15273066
1638;Heptane;Methanol;303.134;0.79;0.977650837;0.977582396;L2;21.31196433
1638;Heptane;Methanol;303.134;0.79;0.977650837;0.977582396;L2;21.31196433
1638;Heptane;Methanol;303.143055;0.7996;0.977645695;0.97757749;L2;20.10357272
1638;Heptane;Methanol;303.15;0.8352;0.977641752;0.977573727;L2;15.74720786
1638;Heptane;Methanol;303.15;0.812;0.977641752;0.977573727;L2;18.56429556
1638;Heptane;Methanol;303.45;0.812;0.977470943;0.977411184;L2;18.54682254
1638;Heptane;Methanol;304.0946156;0.84962;0.977100959;0.977061924;L2;13.98007922
1638;Heptane;Methanol;307.201837;0.7887;0.975260205;0.975183021;L2;21.23182918
1638;Heptane;Methanol;307.6731836;0.82155;0.974972589;0.974884612;L2;17.12165571
1638;Heptane;Methanol;307.95;0.789;0.974802636;0.974709361;L2;21.14687054
1638;Heptane;Methanol;308.141555;0.7588;0.974684579;0.974588087;L2;25.03756718
1638;Heptane;Methanol;308.15;0.8081;0.974679366;0.974582741;L2;18.74227479
1638;Heptane;Methanol;308.4;0.775;0.97452471;0.974424467;L2;22.90868461
1638;Heptane;Methanol;308.41;0.756;0.974518511;0.974418136;L2;25.39021379
1638;Heptane;Methanol;308.641405;0.7792;0.974374773;0.974271634;L2;22.35282546
1638;Heptane;Methanol;308.9786612;0.80745;0.974164315;0.974058117;L2;18.76988573
1638;Heptane;Methanol;309.19124;0.7728;0.974031067;0.973923534;L2;23.1422917
1638;Heptane;Methanol;311.740475;0.7427;0.972397209;0.972309619;L2;26.94721778
1638;Heptane;Methanol;312.300307;0.7364;0.97202944;0.971955191;L2;27.76126428
1638;Heptane;Methanol;312.96;0.711;0.97159189;0.971537541;L2;31.22634199
1638;Heptane;Methanol;312.98006;0.7464;0.971578514;0.971524841;L2;26.36604328
1638;Heptane;Methanol;312.9901;0.705;0.971571817;0.971518485;L2;32.07173873
1638;Heptane;Methanol;313.0720232;0.76415;0.971517138;0.971466619;L2;24.00948046
1638;Heptane;Methanol;313.13;0.7596;0.9714784;0.971429914;L2;24.60270556
1638;Heptane;Methanol;313.140055;0.7075;0.971471678;0.971423548;L2;31.70744855
1638;Heptane;Methanol;313.15;0.769;0.971465028;0.971417252;L2;23.37143007
1638;Heptane;Methanol;313.15;0.7752;0.971465028;0.971417252;L2;22.56842096
1638;Heptane;Methanol;313.19004;0.705;0.971438245;0.971391903;L2;32.05798978
1638;Heptane;Methanol;314.176;0.7245;0.970773442;0.970767694;L2;29.26113544
1638;Heptane;Methanol;315.379383;0.6996;0.96994816;0.969901372;L2;32.67338832
1638;Heptane;Methanol;315.7;0.6997;0.969725691;0.969667352;L2;32.63615669
1638;Heptane;Methanol;316.238;0.6905;0.969349926;0.969274664;L2;33.92096944
1638;Heptane;Methanol;316.32;0.7;0.969292382;0.969214812;L2;32.54859669
1638;Heptane;Methanol;316.4240115;0.73044;0.969219288;0.969138893;L2;28.28437969
1638;Heptane;Methanol;317.174;0.6784;0.968688801;0.968591473;L2;35.62063214
1638;Heptane;Methanol;317.388;0.6732;0.968536326;0.968435273;L2;36.3743527
1638;Heptane;Methanol;317.6036575;0.70919;0.96838217;0.968277864;L2;31.15033395
1638;Heptane;Methanol;317.86;0.699;0.96819828;0.968090758;L2;32.57861584
1638;Heptane;Methanol;317.98;0.661;0.968111952;0.96800317;L2;38.15938939
1638;Heptane;Methanol;318.1285;0.683;0.968004906;0.967894779;L2;34.87422963
1638;Heptane;Methanol;318.1285;0.683;0.968004906;0.967894779;L2;34.87422963
1638;Heptane;Methanol;318.138555;0.6485;0.96799765;0.96788744;L2;40.05676555
1638;Heptane;Methanol;318.264;0.6586;0.967907023;0.967795877;L2;38.50196624
1638;Heptane;Methanol;318.466;0.6629;0.967760732;0.967648436;L2;37.83607298
1638;Heptane;Methanol;318.587;0.6559;0.96767289;0.967560118;L2;38.88857685
1638;Heptane;Methanol;318.853;0.6493;0.967479224;0.967365963;L2;39.87990913
1638;Heptane;Methanol;319.018291;0.6427;0.967358493;0.967245317;L2;40.88911015
1638;Heptane;Methanol;319.2261706;0.66404;0.967206232;0.967093584;L2;37.60693544
1638;Heptane;Methanol;319.52;0.638;0.966990214;0.966879117;L2;41.58500917
1638;Heptane;Methanol;319.531;0.6386;0.966982108;0.966871088;L2;41.49017127
1638;Heptane;Methanol;319.614;0.6319;0.966920907;0.966810506;L2;42.53855463
1638;Heptane;Methanol;319.869;0.6301;0.966732408;0.96662438;L2;42.80431962
1638;Heptane;Methanol;319.934;0.6264;0.966684245;0.966576936;L2;43.3882767
1638;Heptane;Methanol;319.964;0.6271;0.966662001;0.966555039;L2;43.27428827
1638;Heptane;Methanol;320.322;0.6197;0.966395786;0.966293733;L2;44.4337977
1638;Heptane;Methanol;320.399;0.6162;0.966338344;0.966237531;L2;44.99424393
1638;Heptane;Methanol;320.679;0.6104;0.966128913;0.966033157;L2;45.91827954
1638;Heptane;Methanol;320.706;0.6113;0.966108672;0.96601345;L2;45.76884877
1638;Heptane;Methanol;320.7447149;0.62245;0.966079635;0.965985192;L2;43.95829648
1638;Heptane;Methanol;320.802;0.6073;0.96603664;0.965943379;L2;46.41788597
1638;Heptane;Methanol;320.988;0.6059;0.965896787;0.965807617;L2;46.63420273
1638;Heptane;Methanol;321.02;0.5999;0.965872688;0.96578426;L2;47.62690583
1638;Heptane;Methanol;321.1;0.6001;0.965812391;0.965725867;L2;47.58732954
1638;Heptane;Methanol;321.168;0.5994;0.965761083;0.965676234;L2;47.69873226
1638;Heptane;Methanol;321.17;0.5988;0.965759573;0.965674774;L2;47.79872616
1638;Heptane;Methanol;321.18764;0.5884;0.965746254;0.965661899;L2;49.54941344
1638;Heptane;Methanol;321.28761;0.6087;0.965670709;0.96558893;L2;46.14973599
1638;Heptane;Methanol;321.63;0.6;0.965411134;0.965339018;L2;47.56244008
1638;Heptane;Methanol;321.747;0.5814;0.965322135;0.965253619;L2;50.70228761
1638;Heptane;Methanol;321.799;0.5785;0.965282531;0.965215664;L2;51.19822902
1638;Heptane;Methanol;322.0843129;0.58338;0.965064699;0.965007413;L2;50.33563691
1638;Heptane;Methanol;322.4082157;0.60636;0.964816305;0.964770995;L2;46.44638566
1638;Heptane;Methanol;322.522;0.5512;0.964728769;0.964687943;L2;55.97492736
1638;Heptane;Methanol;322.591;0.5495;0.964675616;0.96463758;L2;56.27831214
1638;Heptane;Methanol;322.977045;0.5674;0.96437725;0.964355804;L2;53.04180336
1638;Heptane;Methanol;323.091;0.5263;0.964288855;0.964272627;L2;60.55194999
1638;Heptane;Methanol;323.113;0.5239;0.964271774;0.964256569;L2;61.00723517
1638;Heptane;Methanol;323.13;0.55;0.964258571;0.964244161;L2;56.14412077
1638;Heptane;Methanol;323.137055;0.5473;0.964253091;0.964239012;L2;56.63567044
1638;Heptane;Methanol;323.197;0.5199;0.964206504;0.964195257;L2;61.76690023
1638;Heptane;Methanol;323.336995;0.4985;0.964097549;0.964093074;L2;65.95888917
1638;Heptane;Methanol;323.364;0.5076;0.964076506;0.964073363;L2;64.14769186
1638;Heptane;Methanol;323.386;0.5082;0.964059357;0.964057306;L2;64.02777954
1638;Heptane;Methanol;323.397;0.5073;0.96405078;0.964049277;L2;64.20414254
1638;Heptane;Methanol;323.573;0.4941;0.963913371;0.963906543;L2;66.82635002
1638;Heptane;Methanol;323.631;0.4881;0.963868011;0.963858297;L2;68.04340646
1638;Heptane;Methanol;323.695;0.479;0.963817916;0.963805059;L2;69.92017951
1638;Heptane;Methanol;323.722;0.4756;0.963796768;0.963782599;L2;70.63032856
1638;Heptane;Methanol;323.75;0.4759;0.963774828;0.963759308;L2;70.56499379
1638;Heptane;Methanol;323.78686;0.4456;0.963745932;0.963728647;L2;77.1406015
1638;Heptane;Methanol;323.808;0.4647;0.963729352;0.963711062;L2;72.94184643
1638;Heptane;Methanol;323.906824;0.4288;0.963651786;0.963628856;L2;80.97394015
1638;Heptane;Methanol;323.936;0.4434;0.963628864;0.963604587;L2;77.62339272
1638;Heptane;Methanol;323.944;0.4431;0.963622577;0.963597932;L2;77.6904222
1638;Heptane;Methanol;323.981;0.4242;0.963593491;0.963567154;L2;82.04644736
1638;Heptane;Methanol;323.989;0.4234;0.9635872;0.963560499;L2;82.23456284
1638;Heptane;Methanol;323.989;0.4186;0.9635872;0.963560499;L2;83.37471771
1638;Heptane;Methanol;323.992;0.4138;0.963584841;0.963558004;L2;84.52777734
1638;Heptane;Methanol;324.007;0.4114;0.963573043;0.963545526;L2;85.10823176
1638;Heptane;Methanol;324.008;0.4062;0.963572256;0.963544694;L2;86.38018294
1638;Heptane;Methanol;324.026788;0.3977;0.963557475;0.963529066;L2;88.49341863
1638;Heptane;Methanol;324.026788;0.3931;0.963557475;0.963529066;L2;89.65681061
1638;Heptane;Methanol;324.046782;0.39;0.963541741;0.963512434;L2;90.446907
1638;Heptane;Methanol;324.046782;0.39;0.963541741;0.963512434;L2;90.446907
1638;Heptane;Methanol;324.0837129;0.48221;0.963512666;0.963481714;L2;69.22059302
1638;Heptane;Methanol;324.4146136;0.41345;0.963251472;0.963206459;L2;84.57779234
1638;Heptane;Methanol;324.56;0.35;0.963136321;0.963085521;L2;101.2261806
1638;Heptane;Methanol;324.72;0.45;0.963009318;0.962952427;L2;76.08155054
1638;Heptane;Methanol;324.85;0.4;0.962905915;0.962844289;L2;87.84911604
1641;Heptane;Phenol;305.63;0.1703;0.172049625;0.172634139;L1;1.022136711
1641;Heptane;Phenol;308.23196;0.189190602;0.181521847;0.181852065;L1;4.137896718
1641;Heptane;Phenol;311.26;0.2002;0.193274586;0.193760786;L1;3.520496478
1641;Heptane;Phenol;311.55;0.1999;0.194444429;0.194982992;L1;2.767083284
1641;Heptane;Phenol;313.22997;0.215313835;0.20138373;0.202063234;L1;6.688446783
1641;Heptane;Phenol;314.35;0.2159;0.206170625;0.206783606;L1;4.611123455
1641;Heptane;Phenol;315.01;0.2217;0.209054475;0.20956518;L1;5.873025038
1641;Heptane;Phenol;317.33;0.23;0.219585783;0.219821464;L1;4.633634229
1641;Heptane;Phenol;318.15;0.255;0.223463542;0.223970661;L1;13.20152679
1641;Heptane;Phenol;318.75;0.2535;0.226355469;0.227006659;L1;11.32571895
1641;Heptane;Phenol;319.54;0.2535;0.230236051;0.231004056;L1;9.625873373
1641;Heptane;Phenol;321.35;0.2816;0.239456815;0.24016265;L1;16.21145358
1641;Heptane;Phenol;322.22727;0.315402745;0.24410158;0.244601633;L1;25.62659274
1641;Heptane;Phenol;323.01;0.299;0.248348937;0.248562244;L1;18.56088109
1641;Heptane;Phenol;323.05;0.3051;0.248568688;0.248764643;L1;20.4920372
1641;Heptane;Phenol;324.04;0.3288;0.254094135;0.254406655;L1;25.77448535
1641;Heptane;Phenol;324.15;0.3298;0.254718587;0.255084129;L1;25.83270557
1641;Heptane;Phenol;324.7;0.3494;0.257873456;0.258471501;L1;30.37484146
1641;Heptane;Phenol;324.82649;0.391658466;0.258606832;0.259250535;L1;41.50813146
1641;Heptane;Phenol;325.05;0.373;0.25991;0.260627102;L1;36.12430009
1641;Heptane;Phenol;325.07;0.3583;0.260027066;0.260750279;L1;32.0584897
1641;Heptane;Phenol;325.25;0.3887;0.261084068;0.261858874;L1;39.79653839
1641;Heptane;Phenol;325.47;0.4067;0.262384361;0.263213822;L1;43.82653569
1641;Heptane;Phenol;325.55;0.4204;0.262859511;0.263706531;L1;46.95869293
1641;Heptane;Phenol;325.65;0.4347;0.2634552;0.264322417;L1;50.07728051
1641;Heptane;Phenol;325.75;0.4468;0.264052847;0.264938303;L1;52.59618066
1641;Heptane;Phenol;325.82619;0.471846729;0.264509517;0.265407546;L1;57.8776975
1641;Heptane;Phenol;325.9;0.4625;0.264953018;0.265862132;L1;55.70940361
1641;Heptane;Phenol;325.94;0.478;0.265193819;0.266108486;L1;58.91497821
1641;Heptane;Phenol;326.63;0.3949;0.269398649;0.270358098;L1;38.24403182
1641;Heptane;Phenol;327.01;0.4437;0.271756591;0.272698464;L1;49.02418792
1641;Heptane;Phenol;327.3;0.4812;0.2735769;0.274484533;L1;56.47002301
1641;Heptane;Phenol;305.35;0.8586;0.924701986;0.924044727;L2;7.416835257
1641;Heptane;Phenol;305.95;0.8628;0.923048016;0.922387526;L2;6.749834075
1641;Heptane;Phenol;307.05;0.8571;0.919931989;0.919349324;L2;7.074514433
1641;Heptane;Phenol;308.05;0.8449;0.917002227;0.916587322;L2;8.189162367
1641;Heptane;Phenol;308.23196;0.86933904;0.916458926;0.916084748;L2;5.278405161
1641;Heptane;Phenol;309.73136;0.859599551;0.91185854;0.911768716;L2;5.901822633
1641;Heptane;Phenol;310.35;0.8266;0.909894499;0.909589681;L2;9.600775509
1641;Heptane;Phenol;311.28;0.8307;0.906866706;0.906313942;L2;8.772675851
1641;Heptane;Phenol;311.93;0.8263;0.904695349;0.904024446;L2;9.064035197
1641;Heptane;Phenol;314.21;0.8013;0.896701797;0.895993602;L2;11.24879531
1641;Heptane;Phenol;314.27;0.8054;0.896483198;0.895782264;L2;10.71405021
1641;Heptane;Phenol;314.5;0.8019;0.895641181;0.894972135;L2;11.0555953
1641;Heptane;Phenol;315.67;0.7957;0.891256328;0.890851044;L2;11.34098416
1641;Heptane;Phenol;316.1291;0.792681505;0.889488153;0.889233956;L2;11.52246807
1641;Heptane;Phenol;316.61;0.7873;0.887606382;0.887540082;L2;11.99190115
1641;Heptane;Phenol;318.15;0.762;0.88136875;0.880804985;L2;14.55295406
1641;Heptane;Phenol;319.58;0.7488;0.875272461;0.874415828;L2;15.6063297
1641;Heptane;Phenol;320.11;0.7349;0.872934445;0.872047819;L2;17.21260257
1641;Heptane;Phenol;321.99;0.7051;0.864276298;0.863648087;L2;20.35528705
1641;Heptane;Phenol;322.02733;0.699687815;0.864098373;0.863481299;L2;21.10523629
1641;Heptane;Phenol;323.05;0.6764;0.859128302;0.858912068;L2;23.91336563
1641;Heptane;Phenol;324.27;0.6558;0.852947274;0.85248943;L2;26.28418687
1641;Heptane;Phenol;324.8;0.6158;0.850172107;0.849482191;L2;32.25165718
1641;Heptane;Phenol;324.99;0.6227;0.849163459;0.848404125;L2;31.01868376
1641;Heptane;Phenol;325.12;0.5962;0.848469072;0.8476665;L2;35.28574527
1641;Heptane;Phenol;325.35;0.5739;0.847231967;0.846361472;L2;38.95193607
1641;Heptane;Phenol;325.42631;0.565557205;0.846819075;0.845928487;L2;40.3675616
1641;Heptane;Phenol;325.5;0.5519;0.846419195;0.845510367;L2;42.7647869
1641;Heptane;Phenol;325.66;0.5337;0.845546992;0.844602521;L2;46.01498622
1641;Heptane;Phenol;325.75;0.5274;0.845053978;0.844091858;L2;47.14412301
1641;Heptane;Phenol;325.85;0.5115;0.844504143;0.843524455;L2;50.14020562
1641;Heptane;Phenol;325.92;0.5858;0.844117973;0.843127272;L2;36.53138284
1641;Heptane;Phenol;326.05;0.5778;0.843397974;0.842389648;L2;37.82111508
1641;Heptane;Phenol;326.58;0.5503;0.840423977;0.839382409;L2;42.34429154
1641;Heptane;Phenol;326.9;0.5302;0.838597692;0.837566718;L2;45.84767888
1645;Heptane;Water;273.1000159;7.89E-07;;;L1;
1645;Heptane;Water;275.5;1.50E-06;;;L1;
1645;Heptane;Water;277.4493723;3.51E-07;;;L1;
1645;Heptane;Water;283.15;3.00E-07;3.40E-07;3.53E-07;L1;12.4538133
1645;Heptane;Water;286.647005;3.63E-07;3.77E-07;4.01E-07;L1;3.711405392
1645;Heptane;Water;288.146555;4.80E-07;3.94E-07;4.22E-07;L1;19.84665589
1645;Heptane;Water;293.14537;4.62E-07;4.55E-07;4.91E-07;L1;1.613032676
1645;Heptane;Water;298.136;9.00E-06;5.23E-07;5.60E-07;L1;284.451199
1645;Heptane;Water;298.136;5.27E-07;5.23E-07;5.60E-07;L1;0.673268208
1645;Heptane;Water;298.136;5.27E-07;5.23E-07;5.60E-07;L1;0.673268208
1645;Heptane;Water;298.14437;4.51E-07;5.24E-07;5.60E-07;L1;14.92347255
1645;Heptane;Water;298.14437;5.51E-07;5.24E-07;5.60E-07;L1;5.103274417
1645;Heptane;Water;298.14437;4.03E-07;5.24E-07;5.60E-07;L1;26.1765503
1645;Heptane;Water;298.14437;3.78E-07;5.24E-07;5.60E-07;L1;32.58078694
1645;Heptane;Water;298.14437;6.45E-07;5.24E-07;5.60E-07;L1;20.85482518
1645;Heptane;Water;298.14437;6.06E-07;5.24E-07;5.60E-07;L1;14.61779211
1645;Heptane;Water;298.14437;5.00E-07;5.24E-07;5.60E-07;L1;4.609396656
1645;Heptane;Water;298.14437;5.29E-07;5.24E-07;5.60E-07;L1;1.028636688
1645;Heptane;Water;298.15;2.00E-07;5.24E-07;5.60E-07;L1;96.25422255
1645;Heptane;Water;298.19436;5.20E-07;5.24E-07;5.61E-07;L1;0.827184807
1645;Heptane;Water;303.143055;4.47E-07;6.01E-07;6.29E-07;L1;29.66451334
1645;Heptane;Water;305.85;4.74E-07;6.47E-07;6.67E-07;L1;31.18816948
1645;Heptane;Water;308.141555;4.53E-07;6.89E-07;6.98E-07;L1;41.91443765
1645;Heptane;Water;308.141555;4.07E-07;6.89E-07;6.98E-07;L1;52.62233166
1645;Heptane;Water;313.240025;4.73E-07;7.89E-07;8.13E-07;L1;51.18397772
1645;Heptane;Water;318.138555;4.32E-07;8.97E-07;9.48E-07;L1;73.064274
1645;Heptane;Water;328.835345;5.59E-07;1.18E-06;1.24E-06;L1;74.48055194
1645;Heptane;Water;343.55;9.15E-07;1.68E-06;1.73E-06;L1;60.94871946
1645;Heptane;Water;372.22455;1.01E-06;3.22E-06;3.27E-06;L1;115.848997
1645;Heptane;Water;373.85;2.04E-06;3.33E-06;3.41E-06;L1;49.04645783
1645;Heptane;Water;373.85;2.12E-06;3.33E-06;3.41E-06;L1;45.19982975
1645;Heptane;Water;391.12077;2.05E-06;4.78E-06;4.94E-06;L1;84.67475393
1645;Heptane;Water;404.15;4.00E-06;6.20E-06;6.33E-06;L1;43.8951744
1645;Heptane;Water;409.71705;4.91E-06;6.92E-06;7.14E-06;L1;34.24665235
1645;Heptane;Water;423.51429;7.86E-06;8.99E-06;9.15E-06;L1;13.38738614
1645;Heptane;Water;424.45;8.80E-06;9.14E-06;9.29E-06;L1;3.832593836
1645;Heptane;Water;443.65;1.76E-05;1.30E-05;1.33E-05;L1;30.65424652
1645;Heptane;Water;443.75;1.74E-05;1.30E-05;1.34E-05;L1;29.33436499
1645;Heptane;Water;273.1000159;0.999855397;;;L2;
1645;Heptane;Water;273.15;0.999849836;;;L2;
1645;Heptane;Water;275.5;0.99969;;;L2;
1645;Heptane;Water;282.18;0.99979;0.999999487;0.999999782;L2;0.020950905
1645;Heptane;Water;283.09403;0.999571184;0.999999452;0.999999691;L2;0.042836006
1645;Heptane;Water;283.144;0.999699709;0.99999945;0.999999686;L2;0.029978623
1645;Heptane;Water;283.15;0.999534;0.99999945;0.999999685;L2;0.046555851
1645;Heptane;Water;283.18;0.99977;0.999999449;0.999999682;L2;0.022947516
1645;Heptane;Water;288.15;0.99971;0.999999219;0.999999185;L2;0.028926076
1645;Heptane;Water;288.16;0.99971;0.999999218;0.999999184;L2;0.028926022
1645;Heptane;Water;291.4;0.99967;0.999999026;0.99999886;L2;0.032908075
1645;Heptane;Water;293.138;0.999243573;0.999998907;0.999998686;L2;0.075562054
1645;Heptane;Water;293.138;0.999299491;0.999998907;0.999998686;L2;0.069966178
1645;Heptane;Water;293.138;0.999466252;0.999998907;0.999998686;L2;0.05327978
1645;Heptane;Water;293.14537;0.9995;0.999998907;0.999998685;L2;0.049903182
1645;Heptane;Water;293.15;0.99917;0.999998906;0.999998685;L2;0.082925108
1645;Heptane;Water;293.15;0.999616;0.999998906;0.999998685;L2;0.038298019
1645;Heptane;Water;293.16;0.99963;0.999998906;0.999998684;L2;0.036897419
1645;Heptane;Water;294.33;0.99961;0.999998819;0.999998567;L2;0.03888946
1645;Heptane;Water;295.64487;0.999681;0.999998713;0.999998436;L2;0.031776427
1645;Heptane;Water;296.06;0.99955;0.999998679;0.999998394;L2;0.04487798
1645;Heptane;Water;296.1368;0.999227;0.999998672;0.999998386;L2;0.07719709
1645;Heptane;Water;298.136;0.99949;0.999998492;0.999998186;L2;0.050862168
1645;Heptane;Water;298.136;0.99916;0.999998492;0.999998186;L2;0.083884458
1645;Heptane;Water;298.136;0.999160705;0.999998492;0.999998186;L2;0.083813899
1645;Heptane;Water;298.14437;0.999544061;0.999998491;0.999998186;L2;0.045453376
1645;Heptane;Water;298.14437;0.99933;0.999998491;0.999998186;L2;0.066871534
1645;Heptane;Water;298.15;0.999504;0.99999849;0.999998185;L2;0.04946133
1645;Heptane;Water;298.15;0.999438;0.99999849;0.999998185;L2;0.056064823
1645;Heptane;Water;298.15;0.9993;0.99999849;0.999998185;L2;0.069873536
1645;Heptane;Water;298.15;0.9993;0.99999849;0.999998185;L2;0.069873536
1645;Heptane;Water;298.15;0.99954;0.99999849;0.999998185;L2;0.045859608
1645;Heptane;Water;300.85;0.99946;0.999998213;0.999997915;L2;0.05383586
1645;Heptane;Water;303.134;0.999044033;0.999997944;0.999997687;L2;0.095436863
1645;Heptane;Water;303.143055;0.999532945;0.999997943;0.999997686;L2;0.046510738
1645;Heptane;Water;303.143055;0.999710829;0.999997943;0.999997686;L2;0.028715609
1645;Heptane;Water;303.15;0.99938;0.999997942;0.999997685;L2;0.061813469
1645;Heptane;Water;303.15;0.99943;0.999997942;0.999997685;L2;0.056810492
1645;Heptane;Water;303.2;0.999444023;0.999997936;0.99999768;L2;0.055406777
1645;Heptane;Water;305.8;0.99934;0.999997588;0.99999742;L2;0.065780545
1645;Heptane;Water;308.1;0.99929;0.999997238;0.99999719;L2;0.070748991
1645;Heptane;Water;308.15;0.99922;0.99999723;0.999997185;L2;0.077753403
1645;Heptane;Water;310.69;0.99917;0.999996792;0.999996747;L2;0.082713671
1645;Heptane;Water;310.928;0.99886;0.999996748;0.99999666;L2;0.113739846
1645;Heptane;Water;313.13;0.998289213;0.999996317;0.999995852;L2;0.170856878
1645;Heptane;Water;313.14;0.99916;0.999996315;0.999995849;L2;0.083666765
1645;Heptane;Water;313.140055;0.99913;0.999996315;0.999995849;L2;0.086669331
1645;Heptane;Water;313.140055;0.9993;0.999996315;0.999995849;L2;0.069655975
1645;Heptane;Water;313.15;0.99907;0.999996313;0.999995845;L2;0.09267453
1645;Heptane;Water;314.5;0.99904;0.999996024;0.99999535;L2;0.095648518
1645;Heptane;Water;317.74;0.99897;0.999995251;0.999994162;L2;0.102578199
1645;Heptane;Water;318.15;0.99885;0.999995145;0.999994012;L2;0.114580648
1645;Heptane;Water;323.127;0.997335926;0.99999368;0.999992187;L2;0.266130854
1645;Heptane;Water;394.261;0.99259;0.999882247;0.999876403;L2;0.73198309
1908;2,2,4-Trimethylpentane;Methanol;273.1001399;0.077308208;0.036437148;0.036465225;L1;75.22113254
1908;2,2,4-Trimethylpentane;Methanol;278.147;0.079817931;0.038019849;0.038040014;L1;74.16398087
1908;2,2,4-Trimethylpentane;Methanol;279.93;0.0846;0.038596385;0.0386272;L1;78.47756526
1908;2,2,4-Trimethylpentane;Methanol;283.09403;0.088864929;0.039642256;0.039669193;L1;80.72219392
1908;2,2,4-Trimethylpentane;Methanol;283.144;0.089050002;0.03965901;0.039685649;L1;80.8879874
1908;2,2,4-Trimethylpentane;Methanol;283.15;0.0891;0.039661022;0.039687625;L1;80.93904414
1908;2,2,4-Trimethylpentane;Methanol;287.59;0.1;0.041179497;0.041200317;L1;88.72296952
1908;2,2,4-Trimethylpentane;Methanol;288.141;0.098354287;0.041372091;0.041397468;L1;86.59696039
1908;2,2,4-Trimethylpentane;Methanol;288.141;0.099634093;0.041372091;0.041397468;L1;87.8897876
1908;2,2,4-Trimethylpentane;Methanol;289.05;0.1022;0.041691849;0.041722713;L1;89.66260297
1908;2,2,4-Trimethylpentane;Methanol;290.98929;0.1214;0.042382547;0.042416601;L1;105.235422
1908;2,2,4-Trimethylpentane;Methanol;292.0726396;0.10952;0.042773488;0.042804229;L1;94.01887094
1908;2,2,4-Trimethylpentane;Methanol;292.98809;0.1253;0.043106713;0.043131782;L1;106.7032115
1908;2,2,4-Trimethylpentane;Methanol;292.9954;0.078;0.043109385;0.043134398;L1;59.29681077
1908;2,2,4-Trimethylpentane;Methanol;293.138;0.109144856;0.043161533;0.043185421;L1;92.77262985
1908;2,2,4-Trimethylpentane;Methanol;293.138;0.111217379;0.043161533;0.043185421;L1;94.6537
1908;2,2,4-Trimethylpentane;Methanol;293.14537;0.078;0.04316423;0.043188058;L1;59.16966887
1908;2,2,4-Trimethylpentane;Methanol;293.2;0.074426111;0.043184226;0.043207605;L1;54.4331545
1908;2,2,4-Trimethylpentane;Methanol;294.057632;0.11793;0.043499386;0.04351447;L1;99.73443941
1908;2,2,4-Trimethylpentane;Methanol;294.48;0.1119;0.043655458;0.043665595;L1;94.12773054
1908;2,2,4-Trimethylpentane;Methanol;296.1707864;0.12432;0.044285958;0.044298433;L1;103.2191236
1908;2,2,4-Trimethylpentane;Methanol;298.136;0.125376247;0.045030432;0.045061231;L1;102.3980673
1908;2,2,4-Trimethylpentane;Methanol;298.136;0.123322902;0.045030432;0.045061231;L1;100.7467615
1908;2,2,4-Trimethylpentane;Methanol;298.14437;0.121;0.045033629;0.04506448;L1;98.83810146
1908;2,2,4-Trimethylpentane;Methanol;298.15;0.1297;0.045035781;0.045066665;L1;105.7766795
1908;2,2,4-Trimethylpentane;Methanol;298.15;0.125;0.045035781;0.045066665;L1;102.0856441
1908;2,2,4-Trimethylpentane;Methanol;298.15;0.1142;0.045035781;0.045066665;L1;93.04940011
1908;2,2,4-Trimethylpentane;Methanol;298.15;0.1287;0.045035781;0.045066665;L1;105.0026819
1908;2,2,4-Trimethylpentane;Methanol;299.1246044;0.13389;0.045409727;0.045444958;L1;108.1292241
1908;2,2,4-Trimethylpentane;Methanol;301.0588304;0.14127;0.046161209;0.046195729;L1;111.8533136
1908;2,2,4-Trimethylpentane;Methanol;301.62;0.1311;0.046381579;0.046413547;L1;103.9058005
1908;2,2,4-Trimethylpentane;Methanol;303.134;0.141639953;0.046981443;0.047001207;L1;110.3535592
1908;2,2,4-Trimethylpentane;Methanol;303.15;0.138330192;0.046987824;0.047007417;L1;107.9755008
1908;2,2,4-Trimethylpentane;Methanol;303.15;0.1417;0.046987824;0.047007417;L1;110.3823632
1908;2,2,4-Trimethylpentane;Methanol;304.22;0.15;0.04741655;0.047422738;L1;115.166397
1908;2,2,4-Trimethylpentane;Methanol;304.7523524;0.14991;0.047631321;0.047633958;L1;114.6544568
1908;2,2,4-Trimethylpentane;Methanol;305.717966;0.15616;0.048023394;0.048039813;L1;117.9192851
1908;2,2,4-Trimethylpentane;Methanol;308.132;0.168122069;0.049017882;0.04905445;L1;123.2505145
1908;2,2,4-Trimethylpentane;Methanol;308.15;0.1706;0.049025375;0.049062015;L1;124.6983617
1908;2,2,4-Trimethylpentane;Methanol;308.22;0.1607;0.049054524;0.049091437;L1;118.6606849
1908;2,2,4-Trimethylpentane;Methanol;308.4148868;0.17078;0.049135772;0.049173349;L1;124.5788857
1908;2,2,4-Trimethylpentane;Methanol;311.55;0.2;0.050461598;0.050491061;L1;137.7104761
1908;2,2,4-Trimethylpentane;Methanol;311.8225232;0.19416;0.050578537;0.050605605;L1;134.5155236
1908;2,2,4-Trimethylpentane;Methanol;312.74;0.2022;0.05097424;0.050991228;L1;137.7936892
1908;2,2,4-Trimethylpentane;Methanol;313.13;0.216274306;0.05114339;0.051155148;L1;144.191428
1908;2,2,4-Trimethylpentane;Methanol;313.15;0.2147;0.05115208;0.051163554;L1;143.4438556
1908;2,2,4-Trimethylpentane;Methanol;314.5085863;0.23835;0.05174586;0.051756349;L1;152.7395746
1908;2,2,4-Trimethylpentane;Methanol;314.98;0.2495;0.051953518;0.051970791;L1;156.9109489
1908;2,2,4-Trimethylpentane;Methanol;315.25;0.3;0.052072831;0.052093612;L1;175.1139137
1908;2,2,4-Trimethylpentane;Methanol;315.43;0.2702;0.052152527;0.052175493;L1;164.4989783
1908;2,2,4-Trimethylpentane;Methanol;315.72922;0.356631886;0.052285282;0.052311605;L1;191.998921
1908;2,2,4-Trimethylpentane;Methanol;315.7981993;0.2691;0.052315934;0.052342984;L1;163.778207
1908;2,2,4-Trimethylpentane;Methanol;316.0221321;0.2834;0.052415568;0.052444849;L1;168.7655682
1908;2,2,4-Trimethylpentane;Methanol;316.1500937;0.38076;0.052472588;0.052503058;L1;198.1878361
1908;2,2,4-Trimethylpentane;Methanol;316.2;0.3054;0.052494843;0.05252576;L1;176.0907456
1908;2,2,4-Trimethylpentane;Methanol;273.1001399;0.85617345;0.988985019;0.988913362;L2;14.42061997
1908;2,2,4-Trimethylpentane;Methanol;283.09403;0.842009322;0.985253285;0.985182601;L2;15.7107665
1908;2,2,4-Trimethylpentane;Methanol;283.15;0.8407;0.985230264;0.985160453;L2;15.86405062
1908;2,2,4-Trimethylpentane;Methanol;288.141;0.788432953;0.983078231;0.983010743;L2;22.06413289
1908;2,2,4-Trimethylpentane;Methanol;288.36;0.825;0.982979246;0.982907618;L2;17.52046203
1908;2,2,4-Trimethylpentane;Methanol;290.98929;0.8227;0.981760319;0.981669508;L2;17.67555898
1908;2,2,4-Trimethylpentane;Methanol;292.42;0.8293;0.981073114;0.980995799;L2;16.8065015
1908;2,2,4-Trimethylpentane;Methanol;292.9954;0.754;0.980791923;0.980724849;L2;26.2967962
1908;2,2,4-Trimethylpentane;Methanol;293.138;0.775759202;0.980721807;0.9806577;L2;23.44466731
1908;2,2,4-Trimethylpentane;Methanol;293.14537;0.754;0.980718179;0.980654229;L2;26.28927706
1908;2,2,4-Trimethylpentane;Methanol;293.2;0.822983478;0.980691269;0.980628504;L2;17.5321574
1908;2,2,4-Trimethylpentane;Methanol;296.05;0.8;0.97925238;0.979222562;L2;20.21776752
1908;2,2,4-Trimethylpentane;Methanol;296.3397188;0.79407;0.979102231;0.979062921;L2;20.94644424
1908;2,2,4-Trimethylpentane;Methanol;297.3872996;0.78554;0.978553283;0.978485684;L2;21.97038597
1908;2,2,4-Trimethylpentane;Methanol;298.136;0.763355189;0.978155134;0.978073135;L2;24.79448419
1908;2,2,4-Trimethylpentane;Methanol;298.14437;0.767;0.978150655;0.978068523;L2;24.31769012
1908;2,2,4-Trimethylpentane;Methanol;298.15;0.8014;0.978147643;0.978065421;L2;19.93004243
1908;2,2,4-Trimethylpentane;Methanol;298.15;0.7538;0.978147643;0.978065421;L2;26.05335417
1908;2,2,4-Trimethylpentane;Methanol;298.15;0.7717;0.978147643;0.978065421;L2;23.7064749
1908;2,2,4-Trimethylpentane;Methanol;298.15;0.786;0.978147643;0.978065421;L2;21.87038301
1908;2,2,4-Trimethylpentane;Methanol;298.15;0.8014;0.978147643;0.978065421;L2;19.93004243
1908;2,2,4-Trimethylpentane;Methanol;299.0986148;0.77659;0.977636055;0.977542716;L2;23.02249283
1908;2,2,4-Trimethylpentane;Methanol;300.9138884;0.76256;0.976635052;0.976542464;L2;24.74318493
1908;2,2,4-Trimethylpentane;Methanol;302.6272028;0.74749;0.975663461;0.975598395;L2;26.63967849
1908;2,2,4-Trimethylpentane;Methanol;303.12;0.75;0.975379138;0.975326854;L2;26.27530488
1908;2,2,4-Trimethylpentane;Methanol;303.15;0.785876202;0.975361759;0.975310323;L2;21.6009161
1908;2,2,4-Trimethylpentane;Methanol;303.15;0.7527;0.975361759;0.975310323;L2;25.91416952
1908;2,2,4-Trimethylpentane;Methanol;303.31;0.7699;0.975268933;0.97522216;L2;23.64526255
1908;2,2,4-Trimethylpentane;Methanol;304.8003332;0.72943;0.974393175;0.974384826;L2;28.95514858
1908;2,2,4-Trimethylpentane;Methanol;307.1014124;0.71036;0.973001217;0.972922168;L2;31.46134495
1908;2,2,4-Trimethylpentane;Methanol;308.15;0.6968;0.972350723;0.972255644;L2;33.32181396
1908;2,2,4-Trimethylpentane;Methanol;308.6128076;0.68814;0.972060368;0.971961465;L2;34.54256043
1908;2,2,4-Trimethylpentane;Methanol;308.7;0.7044;0.972005442;0.971906042;L2;32.2015027
1908;2,2,4-Trimethylpentane;Methanol;308.84;0.7;0.971917102;0.971817053;L2;32.819018
1908;2,2,4-Trimethylpentane;Methanol;310.5600284;0.65934;0.970816763;0.970723734;L2;38.68984059
1908;2,2,4-Trimethylpentane;Methanol;311.12;0.6515;0.97045252;0.970367794;L2;39.84850816
1908;2,2,4-Trimethylpentane;Methanol;312.20537;0.62286;0.969738048;0.969677889;L2;44.27042068
1908;2,2,4-Trimethylpentane;Methanol;313.11;0.6009;0.969133963;0.969102871;L2;47.79743197
1908;2,2,4-Trimethylpentane;Methanol;313.15;0.6184;0.969107071;0.969077445;L2;44.9239605
1908;2,2,4-Trimethylpentane;Methanol;313.43;0.6;0.968918398;0.968899466;L2;47.92507403
1908;2,2,4-Trimethylpentane;Methanol;313.5168839;0.5899;0.968859697;0.968844239;L2;49.61667787
1908;2,2,4-Trimethylpentane;Methanol;314.599559;0.5564;0.968122141;0.968092002;L2;55.38707976
1908;2,2,4-Trimethylpentane;Methanol;314.73;0.544;0.968032514;0.967997493;L2;57.6316429
1908;2,2,4-Trimethylpentane;Methanol;314.89;0.5;0.967922352;0.967881568;L2;66.05437712
1908;2,2,4-Trimethylpentane;Methanol;315.1383973;0.5473;0.967750836;0.967701595;L2;56.99775548
1908;2,2,4-Trimethylpentane;Methanol;315.59;0.4;0.96743747;0.967374393;L2;88.31862448
1908;2,2,4-Trimethylpentane;Methanol;315.82;0.5004;0.967277109;0.96720775;L2;65.90772419
1908;2,2,4-Trimethylpentane;Methanol;315.9501537;0.48573;0.967186135;0.967113449;L2;68.87380501
1908;2,2,4-Trimethylpentane;Methanol;316.1500937;0.4246;0.967046059;0.966968586;L2;82.30985762
1908;2,2,4-Trimethylpentane;Methanol;316.44;0.4641;0.96684226;0.966758538;L2;73.39353123
1908;2,2,4-Trimethylpentane;Methanol;316.58;0.4281;0.966743547;0.966657104;L2;81.45764421
1908;2,2,4-Trimethylpentane;Methanol;316.62;0.3309;0.966715308;0.966628122;L2;107.208783
1908;2,2,4-Trimethylpentane;Methanol;316.64;0.3322;0.966701182;0.966613631;L2;106.8152235
1908;2,2,4-Trimethylpentane;Methanol;316.71;0.3788;0.966651713;0.966562914;L2;93.68298964
1908;2,2,4-Trimethylpentane;Methanol;316.78;0.3546;0.966602195;0.966512197;L2;100.2796637
2009;Methanol;Octane;275.1488;0.0928;0.010009785;0.010075854;L1;222.6883487
2009;Methanol;Octane;278.15;0.088;0.011035474;0.011056072;L1;207.6221864
2009;Methanol;Octane;283.144;0.0744;0.01290172;0.012994923;L1;175.209528
2009;Methanol;Octane;283.144;0.074;0.01290172;0.012994923;L1;174.6704431
2009;Methanol;Octane;288.15;0.095;0.014981898;0.015019881;L1;184.7034231
2009;Methanol;Octane;290.0128762;0.12011;0.015811702;0.015897957;L1;202.7657663
2009;Methanol;Octane;292.9954;0.155;0.017205175;0.017303784;L1;219.821492
2009;Methanol;Octane;293.138;0.158;0.017273833;0.017370999;L1;221.3402244
2009;Methanol;Octane;293.14537;0.155;0.017277386;0.017374473;L1;219.4026632
2009;Methanol;Octane;297.9944;0.1182;0.019725509;0.019778161;L1;179.0465448
2009;Methanol;Octane;297.9944;0.1;0.019725509;0.019778161;L1;162.3257529
2009;Methanol;Octane;298;0.1182;0.019728465;0.019781304;L1;179.0315592
2009;Methanol;Octane;298;0.1182;0.019728465;0.019781304;L1;179.0315592
2009;Methanol;Octane;298.136;0.155;0.019800351;0.019857655;L1;205.7725454
2009;Methanol;Octane;298.14437;0.1182;0.019804781;0.019862353;L1;178.6454735
2009;Methanol;Octane;298.15;0.1182;0.019807761;0.019865514;L1;178.6304269
2009;Methanol;Octane;298.15;0.1182;0.019807761;0.019865514;L1;178.6304269
2009;Methanol;Octane;298.15;0.105;0.019807761;0.019865514;L1;166.7886514
2009;Methanol;Octane;298.76;0.1121;0.020132468;0.020207967;L1;171.7057507
2009;Methanol;Octane;299.45;0.1163;0.020504102;0.020595331;L1;173.5548086
2009;Methanol;Octane;303.143055;0.1411;0.022572667;0.022668603;L1;183.2729131
2009;Methanol;Octane;306;0.137;0.024266644;0.024272485;L1;173.0878206
2009;Methanol;Octane;308.141555;0.1687;0.025591331;0.025670204;L1;188.5868334
2009;Methanol;Octane;309.9032912;0.21384;0.026716971;0.026829296;L1;207.9929106
2009;Methanol;Octane;312.82;0.1844;0.028653063;0.028748273;L1;186.1846959
2009;Methanol;Octane;313.140055;0.2012;0.028871088;0.028958846;L1;194.145875
2009;Methanol;Octane;318.1285;0.2149;0.032414769;0.03251473;L1;189.1558656
2009;Methanol;Octane;318.138555;0.239;0.032422192;0.032522377;L1;199.7620439
2009;Methanol;Octane;320.64;0.2311;0.034304414;0.034424826;L1;190.7576469
2009;Methanol;Octane;323.137055;0.2823;0.03625501;0.036323937;L1;205.2392746
2009;Methanol;Octane;324.41;0.2712;0.037277369;0.037292063;L1;198.447014
2009;Methanol;Octane;327.11;0.3028;0.039509402;0.039607494;L1;203.6533851
2009;Methanol;Octane;328.135555;0.3513;0.040380119;0.040498973;L1;216.330299
2009;Methanol;Octane;332.574165;0.37702;0.04429695;0.044357302;L1;214.13824
2009;Methanol;Octane;333.13437;0.4158;0.044808684;0.044844269;L1;222.7802419
2009;Methanol;Octane;333.96;0.3953;0.045570081;0.045577267;L1;216.0393598
2009;Methanol;Octane;336.38372;0.4491;0.047855285;0.047962229;L1;223.9064012
2009;Methanol;Octane;336.47;0.4395;0.047938022;0.04804713;L1;221.5728749
2009;Methanol;Octane;337.394;0.44927;0.048830108;0.048956354;L1;221.9276963
2009;Methanol;Octane;337.812;0.54861;0.049237307;0.04936767;L1;241.073619
2009;Methanol;Octane;337.82;0.4884;0.049245123;0.049375542;L1;229.4324408
2009;Methanol;Octane;338.576;0.6168;0.049987454;0.050119453;L1;251.2772777
2009;Methanol;Octane;339.29;0.551;0.050695417;0.050822036;L1;238.5899291
2009;Methanol;Octane;339.42;0.5834;0.05082504;0.050949957;L1;244.0483917
2009;Methanol;Octane;339.4831;0.651;0.050888037;0.051012048;L1;254.8881782
2009;Methanol;Octane;339.61;0.6155;0.051014889;0.051136919;L1;249.0317424
2009;Methanol;Octane;339.64;0.6148;0.051044908;0.051166439;L1;248.8591213
2009;Methanol;Octane;275.1488;0.95518;0.969778795;0.96975177;L2;1.516819439
2009;Methanol;Octane;278.147;0.959232771;0.968844575;0.968836512;L2;0.997043356
2009;Methanol;Octane;278.15;0.957;0.968843626;0.968835521;L2;1.229983057
2009;Methanol;Octane;283.144;0.95071;0.967223282;0.967186456;L2;1.722029674
2009;Methanol;Octane;283.144;0.954516134;0.967223282;0.967186456;L2;1.32248245
2009;Methanol;Octane;288.141;0.949155916;0.965518839;0.965504382;L2;1.709253352
2009;Methanol;Octane;288.15;0.952;0.965515692;0.965501113;L2;1.409731956
2009;Methanol;Octane;288.91;0.9475;0.965248934;0.965225091;L2;1.855909366
2009;Methanol;Octane;290.25;0.9466;0.964773673;0.96473842;L2;1.901692094
2009;Methanol;Octane;290.9703014;0.94568;0.964515584;0.964476815;L2;1.972174481
2009;Methanol;Octane;292.9954;0.96;0.963780052;0.963741326;L2;0.392982209
2009;Methanol;Octane;293.138;0.94311;0.963727702;0.963689535;L2;2.162586277
2009;Methanol;Octane;293.138;0.944109106;0.963727702;0.963689535;L2;2.056704974
2009;Methanol;Octane;293.14537;0.96;0.963724994;0.963686858;L2;0.38726936
2009;Methanol;Octane;295.047236;0.94157;0.963019659;0.962996125;L2;2.25251308
2009;Methanol;Octane;297.9944;0.937;0.961900212;0.961879348;L2;2.622743313
2009;Methanol;Octane;298;0.9396;0.961898054;0.961877116;L2;2.345421894
2009;Methanol;Octane;298.136;0.938427539;0.961845605;0.96182291;L2;2.464830006
2009;Methanol;Octane;298.136;0.93675;0.961845605;0.96182291;L2;2.643750606
2009;Methanol;Octane;298.14437;0.9396;0.961842375;0.961819574;L2;2.339633259
2009;Methanol;Octane;298.15;0.9396;0.961840202;0.96181733;L2;2.339407347
2009;Methanol;Octane;298.15;0.939;0.961840202;0.96181733;L2;2.403284704
2009;Methanol;Octane;298.15;0.9396;0.961840202;0.96181733;L2;2.339407347
2009;Methanol;Octane;299.455472;0.93692;0.961333087;0.961297001;L2;2.572305401
2009;Methanol;Octane;302.17;0.9326;0.960257556;0.960215057;L2;2.922515126
2009;Methanol;Octane;303.134;0.931188169;0.959868651;0.959830831;L2;3.033508163
2009;Methanol;Octane;303.143055;0.9314;0.959864981;0.959827221;L2;3.010379887
2009;Methanol;Octane;304.0166468;0.93173;0.959509323;0.959479029;L2;2.937895852
2009;Methanol;Octane;305.4940556;0.9295;0.958900849;0.958890171;L2;3.114087228
2009;Methanol;Octane;307.0734236;0.92572;0.958240542;0.958223696;L2;3.452702095
2009;Methanol;Octane;308.132;0.92335666;0.957792198;0.957760859;L2;3.661526866
2009;Methanol;Octane;308.141555;0.9181;0.95778813;0.957756681;L2;4.232027781
2009;Methanol;Octane;309.951272;0.92025;0.95701069;0.956965426;L2;3.916918977
2009;Methanol;Octane;312.39;0.916;0.955940897;0.955899152;L2;4.267972373
2009;Methanol;Octane;313.0080488;0.91424;0.955665674;0.955628925;L2;4.431501997
2009;Methanol;Octane;313.13;0.913737499;0.95561117;0.955575605;L2;4.480777462
2009;Methanol;Octane;313.140055;0.9098;0.955606673;0.955571208;L2;4.912160372
2009;Methanol;Octane;313.5;0.9136;0.955445403;0.955413831;L2;4.478478317
2009;Methanol;Octane;315.989142;0.90876;0.954314356;0.954303302;L2;4.891209752
2009;Methanol;Octane;318.1285;0.91399;0.953319781;0.953278166;L2;4.213076865
2009;Methanol;Octane;318.138555;0.902;0.953315056;0.953273348;L2;5.533092335
2009;Methanol;Octane;318.6643392;0.90331;0.953067359;0.953021403;L2;5.361978739
2009;Methanol;Octane;320.69;0.8977;0.952100914;0.952050749;L2;5.883509422
2009;Methanol;Octane;321.6184527;0.89528;0.951651415;0.951605853;L2;6.106228804
2009;Methanol;Octane;322.64;0.8909;0.951152029;0.951116349;L2;6.544172449
2009;Methanol;Octane;322.98;0.8904;0.950984691;0.950953428;L2;6.582716436
2009;Methanol;Octane;323.137055;0.8808;0.950907201;0.95087817;L2;7.658589218
2009;Methanol;Octane;323.24;0.8896;0.950856343;0.950828841;L2;6.659106912
2009;Methanol;Octane;323.6558413;0.8894;0.950650374;0.950629579;L2;6.659927627
2009;Methanol;Octane;325.2;0.8822;0.949878023;0.949866664;L2;7.391479167
2009;Methanol;Octane;326.456001;0.87884;0.949240959;0.949207016;L2;7.705981831
2009;Methanol;Octane;327.64;0.8728;0.948633039;0.948585184;L2;8.331560782
2009;Methanol;Octane;328.135555;0.86;0.948376449;0.94832492;L2;9.781913258
2009;Methanol;Octane;329.435107;0.86928;0.947697468;0.947642399;L2;8.63700423
2009;Methanol;Octane;331.4954887;0.85524;0.94660261;0.946560293;L2;10.14972435
2009;Methanol;Octane;333.13437;0.8374;0.945715325;0.945699557;L2;12.16397455
2009;Methanol;Octane;333.988;0.8381;0.945247309;0.945243076;L2;12.03091705
2009;Methanol;Octane;334.03;0.8351;0.945224177;0.945218895;L2;12.38706453
2009;Methanol;Octane;335.18396;0.8248;0.944584746;0.944554518;L2;13.56044764
2009;Methanol;Octane;337.62;0.7889;0.943209965;0.943151999;L2;17.86493442
2009;Methanol;Octane;338.161;0.74173;0.942899981;0.942840525;L2;23.99749171
2009;Methanol;Octane;338.45;0.7621;0.942733684;0.942674137;L2;21.27060488
2009;Methanol;Octane;339.18316;0.716;0.94230959;0.94225203;L2;27.46537058
2009;Methanol;Octane;339.19;0.7128;0.942305619;0.942248092;L2;27.91287819
2009;Methanol;Octane;339.32;0.6842;0.942230082;0.942173246;L2;31.99992204
2009;Methanol;Octane;339.66;0.6643;0.942032046;0.941977496;L2;34.93054385
2010;Methanol;Pentane;270;0.04;0.008888214;0.008962185;L1;150.4153319
2010;Methanol;Pentane;275;0.08;0.01047915;0.010509673;L1;203.2639081
2010;Methanol;Pentane;278.15;0.2262;0.01157713;0.011657631;L1;297.2387967
2010;Methanol;Pentane;280;0.14;0.012257669;0.012331829;L1;243.5490643
2010;Methanol;Pentane;280.2637292;0.22333;0.012356873;0.01242794;L1;289.4438065
2010;Methanol;Pentane;281.6478982;0.24506;0.012886599;0.012932374;L1;294.5315146
2010;Methanol;Pentane;282.8281896;0.26682;0.013350429;0.013362509;L1;299.5025759
2010;Methanol;Pentane;283.15;0.275;0.013478848;0.013479787;L1;301.5649431
2010;Methanol;Pentane;284.288313;0.29008;0.013939871;0.013976213;L1;303.5403624
2010;Methanol;Pentane;285;0.24;0.01423351;0.014288394;L1;282.5039886
2010;Methanol;Pentane;285.2697238;0.3241;0.01434589;0.014406709;L1;311.7588616
2010;Methanol;Pentane;286.4050422;0.36371;0.014825548;0.014904716;L1;320.0004911
2010;Methanol;Pentane;286.8737608;0.39117;0.015026718;0.015110319;L1;325.9312429
2010;Methanol;Pentane;287.0876324;0.42019;0.015119123;0.015204134;L1;332.4746624
2010;Methanol;Pentane;287.1535928;0.463;0.015147699;0.015233067;L1;341.9878386
2010;Methanol;Pentane;287.251534;0.44973;0.015190199;0.015276029;L1;338.7997001
2010;Methanol;Pentane;270;0.803;0.929763345;0.929715778;L2;14.65753716
2010;Methanol;Pentane;273.6816808;0.77669;0.92766714;0.927660519;L2;17.76316829
2010;Methanol;Pentane;275;0.78;0.926901365;0.926882613;L2;17.25532381
2010;Methanol;Pentane;276.0462612;0.76109;0.926287879;0.926253935;L2;19.64334549
2010;Methanol;Pentane;277.927132;0.74657;0.925172157;0.925123756;L2;21.44904528
2010;Methanol;Pentane;278.147;0.745183432;0.92504065;0.924991641;L2;21.62072766
2010;Methanol;Pentane;278.15;0.752;0.925038854;0.924989838;L2;20.70994167
2010;Methanol;Pentane;280;0.76;0.923923269;0.923878209;L2;19.53105926
2010;Methanol;Pentane;280.3386842;0.71873;0.923717281;0.9236747;L2;25.0920286
2010;Methanol;Pentane;282.6752814;0.696;0.922281252;0.922270684;L2;28.15005627
2010;Methanol;Pentane;283.144;0.689973881;0.921990035;0.92198904;L2;28.98806726
2010;Methanol;Pentane;283.15;0.6863;0.921986301;0.921985434;L2;29.52155152
2010;Methanol;Pentane;283.9894924;0.66626;0.921462048;0.921445738;L2;32.42816064
2010;Methanol;Pentane;284.4452188;0.65805;0.921176025;0.921151826;L2;33.63702255
2010;Methanol;Pentane;285;0.69;0.920826473;0.920794031;L2;28.85800098
2010;Methanol;Pentane;285.557551;0.63242;0.920473668;0.920434449;L2;37.53346637
2010;Methanol;Pentane;286.4600092;0.58847;0.919899398;0.919852426;L2;44.67383652
2010;Methanol;Pentane;286.9257296;0.53897;0.91960148;0.919552069;L2;53.4280492
2010;Methanol;Pentane;287.2405406;0.49153;0.919399495;0.919349038;L2;62.61977589
2010;Methanol;Pentane;287.49675;0.483;0.919234749;0.919183801;L2;64.35248756
2025;Methanol;Nonane;275.1488;0.0723;0.010133075;0.010211089;L1;196.5019264
2025;Methanol;Nonane;278.15;0.063;0.011178449;0.011179384;L1;172.9146965
2025;Methanol;Nonane;278.15;0.063;0.011178449;0.011179384;L1;172.9146965
2025;Methanol;Nonane;283.144;0.0965;0.013082362;0.013182741;L1;199.8278119
2025;Methanol;Nonane;288.15;0.082;0.015207071;0.015223447;L1;168.4958752
2025;Methanol;Nonane;288.15;0.082;0.015207071;0.015223447;L1;168.4958752
2025;Methanol;Nonane;293.138;0.1034;0.017550875;0.017658674;L1;177.3501157
2025;Methanol;Nonane;297.9944;0.0999;0.020060999;0.020089904;L1;160.5392086
2025;Methanol;Nonane;298;0.0999;0.020064028;0.020093168;L1;160.5241137
2025;Methanol;Nonane;298.14437;0.0999;0.02014221;0.020177323;L1;160.1352089
2025;Methanol;Nonane;298.15;0.098;0.020145263;0.020180604;L1;158.1998318
2025;Methanol;Nonane;298.15;0.0999;0.020145263;0.020180604;L1;160.1200525
2025;Methanol;Nonane;298.15;0.0999;0.020145263;0.020180604;L1;160.1200525
2025;Methanol;Nonane;298.15;0.098;0.020145263;0.020180604;L1;158.1998318
2025;Methanol;Nonane;303.143055;0.1209;0.022979558;0.023091092;L1;166.0358705
2025;Methanol;Nonane;308.141555;0.1298;0.026077746;0.02613513;L1;160.4912491
2025;Methanol;Nonane;308.15;0.115;0.026083208;0.026140915;L1;148.3640405
2025;Methanol;Nonane;313.13;0.1356;0.029440989;0.029551968;L1;152.7321478
2025;Methanol;Nonane;313.140055;0.1575;0.02944805;0.029558855;L1;167.6797776
2025;Methanol;Nonane;318.138555;0.1846;0.033101748;0.033184832;L1;171.8605243
2025;Methanol;Nonane;323.137055;0.2138;0.03705031;0.037153122;L1;175.2764279
2025;Methanol;Nonane;328.135555;0.2554;0.041305496;0.041414991;L1;182.1835378
2025;Methanol;Nonane;333.124;0.2786;0.045869932;0.045953044;L1;180.3967231
2025;Methanol;Nonane;333.13437;0.3109;0.04587976;0.045962478;L1;191.3447253
2025;Methanol;Nonane;275.1488;0.96145;0.976649825;0.976622283;L2;1.568560801
2025;Methanol;Nonane;278.147;0.974600042;0.975877734;0.975877066;L2;0.131013265
2025;Methanol;Nonane;278.15;0.974;0.975876949;0.975876239;L2;0.192519794
2025;Methanol;Nonane;278.15;0.974;0.975876949;0.975876239;L2;0.192519794
2025;Methanol;Nonane;283.144;0.971208055;0.97453414;0.974499773;L2;0.341883719
2025;Methanol;Nonane;283.144;0.96154;0.97453414;0.974499773;L2;1.342338549
2025;Methanol;Nonane;284.8939494;0.98088;0.974046347;0.974017445;L2;0.699124155
2025;Methanol;Nonane;285.9613086;0.97715;0.973744322;0.973723255;L2;0.349140588
2025;Methanol;Nonane;287.486393;0.97641;0.973306777;0.973302905;L2;0.318325771
2025;Methanol;Nonane;288.141;0.968094449;0.973116784;0.973111631;L2;0.517444621
2025;Methanol;Nonane;288.15;0.969;0.973114163;0.973108883;L2;0.423679433
2025;Methanol;Nonane;288.15;0.968;0.973114163;0.973108883;L2;0.526931894
2025;Methanol;Nonane;289.24034;0.97462;0.972794726;0.972775925;L2;0.187456121
2025;Methanol;Nonane;291.9097374;0.97166;0.97199691;0.97196077;L2;0.034667676
2025;Methanol;Nonane;293.138;0.964670357;0.971622172;0.971585694;L2;0.718057295
2025;Methanol;Nonane;293.138;0.95618;0.971622172;0.971585694;L2;1.602083712
2025;Methanol;Nonane;293.867708;0.96779;0.971397226;0.971362863;L2;0.37203523
2025;Methanol;Nonane;297.0204464;0.96375;0.970405161;0.970400109;L2;0.688175111
2025;Methanol;Nonane;298;0.9664;0.970090146;0.970080238;L2;0.381117419
2025;Methanol;Nonane;298.136;0.960643207;0.970046152;0.970034312;L2;0.974058242
2025;Methanol;Nonane;298.14437;0.9664;0.970043442;0.970031486;L2;0.376302932
2025;Methanol;Nonane;298.15;0.9664;0.97004162;0.970029584;L2;0.376115028
2025;Methanol;Nonane;298.15;0.9664;0.97004162;0.970029584;L2;0.376115028
2025;Methanol;Nonane;298.15;0.963;0.97004162;0.970029584;L2;0.728556567
2025;Methanol;Nonane;298.15;0.963;0.97004162;0.970029584;L2;0.728556567
2025;Methanol;Nonane;298.7247644;0.964;0.969854965;0.969835493;L2;0.605524558
2025;Methanol;Nonane;301.2927368;0.96157;0.969007064;0.968968318;L2;0.770453662
2025;Methanol;Nonane;303.134;0.956601207;0.968384826;0.968346545;L2;1.224296237
2025;Methanol;Nonane;303.143055;0.9608;0.968381736;0.968343487;L2;0.786009373
2025;Methanol;Nonane;305.3611088;0.95687;0.967615874;0.967594475;L2;1.116764325
2025;Methanol;Nonane;308.132;0.952543725;0.966633606;0.966613728;L2;1.468351458
2025;Methanol;Nonane;308.141555;0.9557;0.966630169;0.966610162;L2;1.137191396
2025;Methanol;Nonane;308.15;0.955;0.966627131;0.96660701;L2;1.210148672
2025;Methanol;Nonane;309.53144;0.95215;0.966126483;0.966091438;L2;1.457217495
2025;Methanol;Nonane;312.9390764;0.94909;0.9648598;0.964819662;L2;1.647917536
2025;Methanol;Nonane;313.13;0.94097;0.96478747;0.964748406;L2;2.499658034
2025;Methanol;Nonane;313.13;0.947888525;0.96478747;0.964748406;L2;1.767093276
2025;Methanol;Nonane;313.140055;0.9454;0.964783656;0.964744654;L2;2.029576754
2025;Methanol;Nonane;315.5332788;0.94665;0.963864364;0.96385147;L2;1.802114642
2025;Methanol;Nonane;318.138555;0.9377;0.962836688;0.962806595;L2;2.64537425
2025;Methanol;Nonane;319.5760656;0.93992;0.962257324;0.962213919;L2;2.348713855
2025;Methanol;Nonane;322.0423255;0.937;0.961242387;0.961197095;L2;2.554331864
2025;Methanol;Nonane;323.137055;0.9348;0.960783217;0.960745745;L2;2.74162
2025;Methanol;Nonane;325.3223412;0.9314;0.95985033;0.959844766;L2;3.008853584
2025;Methanol;Nonane;327.8915702;0.92846;0.958725085;0.958686365;L2;3.207706592
2025;Methanol;Nonane;328.135555;0.9234;0.958616594;0.958575215;L2;3.742868763
2025;Methanol;Nonane;330.3578301;0.92401;0.957615115;0.95756283;L2;3.572304439
2025;Methanol;Nonane;333.124;0.93589;0.956334229;0.956302666;L2;2.160951572
2025;Methanol;Nonane;333.13437;0.9091;0.956329354;0.956297942;L2;5.064726719
2025;Methanol;Nonane;334.018;0.9153;0.955911915;0.955895393;L2;4.341388949
2111;4-Methyl-2-pentanone;Water;273.15;0.0055;0.002049004;0.002055384;L1;98.73941297
2111;4-Methyl-2-pentanone;Water;273.15;0.005380784;0.002049004;0.002055384;L1;96.5480126
2111;4-Methyl-2-pentanone;Water;278.15;0.004389725;0.002039398;0.00204718;L1;76.66121296
2111;4-Methyl-2-pentanone;Water;282.65;0.004048291;0.002036029;0.002050274;L1;68.72934811
2111;4-Methyl-2-pentanone;Water;283.144;0.00414;0.002035946;0.002050614;L1;70.97352752
2111;4-Methyl-2-pentanone;Water;283.148055;0.003490004;0.002035945;0.002050617;L1;53.89425928
2111;4-Methyl-2-pentanone;Water;288.15;0.003766018;0.002038129;0.002054056;L1;61.39859939
2111;4-Methyl-2-pentanone;Water;288.15;0.003630203;0.002038129;0.002054056;L1;57.72563536
2111;4-Methyl-2-pentanone;Water;292.25;0.003360138;0.002043821;0.002056876;L1;49.71610765
2111;4-Methyl-2-pentanone;Water;292.55;0.003508568;0.002044369;0.002057082;L1;54.01188134
2111;4-Methyl-2-pentanone;Water;293.138;0.005173301;0.002045494;0.002057486;L1;92.78714647
2111;4-Methyl-2-pentanone;Water;293.138;0.003490004;0.002045494;0.002057486;L1;53.42633709
2111;4-Methyl-2-pentanone;Water;293.138;0.003731585;0.002045494;0.002057486;L1;60.1193565
2111;4-Methyl-2-pentanone;Water;293.14537;0.003947593;0.002045509;0.002057491;L1;65.745941
2111;4-Methyl-2-pentanone;Water;293.15;0.0033;0.002045518;0.002057494;L1;47.82713865
2111;4-Methyl-2-pentanone;Water;293.15;0.0039;0.002045518;0.002057494;L1;64.53254711
2111;4-Methyl-2-pentanone;Water;293.2;0.0047;0.002045617;0.002057529;L1;83.18630705
2111;4-Methyl-2-pentanone;Water;297.74445;0.003471442;0.002056589;0.002060654;L1;52.35210714
2111;4-Methyl-2-pentanone;Water;298.136;0.0031;0.002057715;0.002060923;L1;40.98061962
2111;4-Methyl-2-pentanone;Water;298.136;0.003285997;0.002057715;0.002060923;L1;46.80741914
2111;4-Methyl-2-pentanone;Water;298.136;0.003490004;0.002057715;0.002060923;L1;52.83069671
2111;4-Methyl-2-pentanone;Water;298.136;0.0028;0.002057715;0.002060923;L1;30.80235019
2111;4-Methyl-2-pentanone;Water;298.14437;0.003471442;0.002057739;0.002060929;L1;52.2962318
2111;4-Methyl-2-pentanone;Water;298.14437;0.0037;0.002057739;0.002060929;L1;58.6725068
2111;4-Methyl-2-pentanone;Water;298.15;0.00311936;0.002057755;0.002060932;L1;41.60121359
2111;4-Methyl-2-pentanone;Water;298.15;0.003360138;0.002057755;0.002060932;L1;49.03663279
2111;4-Methyl-2-pentanone;Water;298.15;0.003248945;0.002057755;0.002060932;L1;45.67146116
2111;4-Methyl-2-pentanone;Water;298.15;0.003304528;0.002057755;0.002060932;L1;47.36779325
2111;4-Methyl-2-pentanone;Water;298.15;0.003471442;0.002057755;0.002060932;L1;52.2954353
2111;4-Methyl-2-pentanone;Water;298.15;0.0032;0.002057755;0.002060932;L1;44.15350932
2111;4-Methyl-2-pentanone;Water;298.15;0.003471442;0.002057755;0.002060932;L1;52.2954353
2111;4-Methyl-2-pentanone;Water;298.15;0.002823732;0.002057755;0.002060932;L1;31.64436976
2111;4-Methyl-2-pentanone;Water;298.15;0.002952973;0.002057755;0.002060932;L1;36.11967428
2111;4-Methyl-2-pentanone;Water;298.15;0.00311936;0.002057755;0.002060932;L1;41.60121359
2111;4-Methyl-2-pentanone;Water;298.15;0.002234828;0.002057755;0.002060932;L1;8.254855097
2111;4-Methyl-2-pentanone;Water;298.15;0.003172349;0.002057755;0.002060932;L1;43.28566063
2111;4-Methyl-2-pentanone;Water;298.19436;0.00323;0.002057885;0.002060963;L1;45.08035667
2111;4-Methyl-2-pentanone;Water;298.2;0.00311936;0.002057901;0.002060967;L1;41.59412785
2111;4-Methyl-2-pentanone;Water;298.2;0.003582858;0.002057901;0.002060967;L1;55.44742319
2111;4-Methyl-2-pentanone;Water;298.2;0.00311936;0.002057901;0.002060967;L1;41.59412785
2111;4-Methyl-2-pentanone;Water;298.2;0.003471442;0.002057901;0.002060967;L1;52.28834956
2111;4-Methyl-2-pentanone;Water;298.2;0.003824641;0.002057901;0.002060967;L1;61.97780326
2111;4-Methyl-2-pentanone;Water;302.8;0.002916032;0.002073227;0.002078439;L1;34.11172482
2111;4-Methyl-2-pentanone;Water;303.09307;0.0029;0.00207433;0.002079995;L1;33.50726416
2111;4-Methyl-2-pentanone;Water;303.1;0.002916032;0.002074356;0.002080032;L1;34.05730401
2111;4-Methyl-2-pentanone;Water;303.134;0.00298;0.002074485;0.002080212;L1;36.22104213
2111;4-Methyl-2-pentanone;Water;303.134;0.002879;0.002074485;0.002080212;L1;32.77301324
2111;4-Methyl-2-pentanone;Water;303.134;0.003248945;0.002074485;0.002080212;L1;44.86174491
2111;4-Methyl-2-pentanone;Water;303.143055;0.004088409;0.002074519;0.00208026;L1;67.84264551
2111;4-Methyl-2-pentanone;Water;303.15;0.0033;0.002074546;0.002080297;L1;46.41803191
2111;4-Methyl-2-pentanone;Water;303.15;0.0033;0.002074546;0.002080297;L1;46.41803191
2111;4-Methyl-2-pentanone;Water;303.15;0.004778261;0.002074546;0.002080297;L1;83.43345234
2111;4-Methyl-2-pentanone;Water;303.15;0.003174878;0.002074546;0.002080297;L1;42.55270571
2111;4-Methyl-2-pentanone;Water;303.15;0.003285997;0.002074546;0.002080297;L1;45.99279573
2111;4-Methyl-2-pentanone;Water;303.95;0.003026892;0.002077638;0.002084543;L1;37.6304806
2111;4-Methyl-2-pentanone;Water;308.15;0.002793354;0.002095647;0.002106833;L1;28.73808711
2111;4-Methyl-2-pentanone;Water;308.15;0.003;0.002095647;0.002106833;L1;35.87501354
2111;4-Methyl-2-pentanone;Water;308.15;0.002897566;0.002095647;0.002106833;L1;32.4008921
2111;4-Methyl-2-pentanone;Water;308.15;0.003082364;0.002095647;0.002106833;L1;38.58346818
2111;4-Methyl-2-pentanone;Water;308.2;0.00319339;0.002095879;0.002107099;L1;42.11101584
2111;4-Methyl-2-pentanone;Water;308.2;0.003137863;0.002095879;0.002107099;L1;40.35691049
2111;4-Methyl-2-pentanone;Water;312.65;0.002584113;0.002118159;0.002130716;L1;19.88350445
2111;4-Methyl-2-pentanone;Water;312.75;0.002676213;0.002118696;0.002131247;L1;23.36018952
2111;4-Methyl-2-pentanone;Water;313.15;0.0018;0.002120861;0.00213337;L1;16.40352693
2111;4-Methyl-2-pentanone;Water;313.15;0.002694642;0.002120861;0.00213337;L1;23.94434228
2111;4-Methyl-2-pentanone;Water;313.15;0.002639364;0.002120861;0.00213337;L1;21.87160449
2111;4-Methyl-2-pentanone;Water;313.15;0.002694642;0.002120861;0.00213337;L1;23.94434228
2111;4-Methyl-2-pentanone;Water;313.2;0.002694642;0.002121133;0.002133635;L1;23.93150195
2111;4-Methyl-2-pentanone;Water;313.2;0.002694642;0.002121133;0.002133635;L1;23.93150195
2111;4-Methyl-2-pentanone;Water;313.2;0.0034;0.002121133;0.002133635;L1;47.18250942
2111;4-Methyl-2-pentanone;Water;318.15;0.0027;0.002150028;0.002159907;L1;22.77709463
2111;4-Methyl-2-pentanone;Water;318.15;0.002657787;0.002150028;0.002159907;L1;21.20129949
2111;4-Methyl-2-pentanone;Water;318.15;0.002545679;0.002150028;0.002159907;L1;16.89165854
2111;4-Methyl-2-pentanone;Water;318.15;0.00276839;0.002150028;0.002159907;L1;25.27850971
2111;4-Methyl-2-pentanone;Water;318.15;0.00276839;0.002150028;0.002159907;L1;25.27850971
2111;4-Methyl-2-pentanone;Water;318.2;0.002639364;0.002150339;0.002160172;L1;20.49124269
2111;4-Methyl-2-pentanone;Water;322.4;0.002547294;0.002177833;0.002182463;L1;15.6701242
2111;4-Methyl-2-pentanone;Water;323.127;0.00253;0.002182862;0.002186321;L1;14.75826344
2111;4-Methyl-2-pentanone;Water;323.15;0.002473693;0.002183022;0.002186443;L1;12.50020402
2111;4-Methyl-2-pentanone;Water;323.15;0.002473693;0.002183022;0.002186443;L1;12.50020402
2111;4-Methyl-2-pentanone;Water;323.15;0.002473693;0.002183022;0.002186443;L1;12.50020402
2111;4-Methyl-2-pentanone;Water;323.2;0.002473693;0.002183371;0.002186708;L1;12.4842223
2111;4-Methyl-2-pentanone;Water;323.2;0.002473693;0.002183371;0.002186708;L1;12.4842223
2111;4-Methyl-2-pentanone;Water;323.25;0.002510487;0.00218372;0.002186974;L1;13.94468433
2111;4-Methyl-2-pentanone;Water;323.25;0.002510487;0.00218372;0.002186974;L1;13.94468433
2111;4-Methyl-2-pentanone;Water;328.15;0.00251383;0.002219744;0.002225054;L1;12.44154808
2111;4-Methyl-2-pentanone;Water;328.15;0.002620943;0.002219744;0.002225054;L1;16.61421709
2111;4-Methyl-2-pentanone;Water;333.15;0.00230827;0.002260121;0.002270462;L1;2.107987537
2111;4-Methyl-2-pentanone;Water;333.55;0.002345009;0.002263508;0.002274094;L1;3.537361455
2111;4-Methyl-2-pentanone;Water;338.15;0.002492089;0.002304101;0.002315869;L1;7.843090728
2111;4-Methyl-2-pentanone;Water;343.132055;0.003100861;0.002351472;0.002361113;L1;27.66381494
2111;4-Methyl-2-pentanone;Water;343.15;0.002198125;0.002351649;0.002361276;L1;6.751221524
2111;4-Methyl-2-pentanone;Water;343.35;0.002253184;0.002353625;0.002363093;L1;4.361247808
2111;4-Methyl-2-pentanone;Water;343.35;0.002234828;0.002353625;0.002363093;L1;5.179253747
2111;4-Methyl-2-pentanone;Water;348.1235;0.00246;0.002402471;0.002406443;L1;2.366351973
2111;4-Methyl-2-pentanone;Water;353.25;0.002143093;0.002458535;0.002463693;L1;13.73154401
2111;4-Methyl-2-pentanone;Water;360.9768;0.003;0.002550125;0.002561656;L1;16.24697871
2111;4-Methyl-2-pentanone;Water;363.55;0.002216475;0.002582534;0.00259428;L1;15.28529153
2111;4-Methyl-2-pentanone;Water;401;0.003285997;0.003167211;0.003168912;L1;3.681885982
2111;4-Methyl-2-pentanone;Water;273.15;0.912281968;0.823854128;0.822311164;L2;10.19556325
2111;4-Methyl-2-pentanone;Water;282.65;0.902784993;0.83396081;0.831584832;L2;7.929801172
2111;4-Methyl-2-pentanone;Water;292.25;0.88108244;0.840476973;0.838386698;L2;4.718164094
2111;4-Methyl-2-pentanone;Water;292.55;0.870765105;0.840633521;0.838599256;L2;3.521645717
2111;4-Methyl-2-pentanone;Water;293.138;0.879274115;0.84093302;0.83901587;L2;4.458468391
2111;4-Methyl-2-pentanone;Water;293.15;0.9009;0.840939032;0.839024373;L2;6.887510046
2111;4-Methyl-2-pentanone;Water;293.15;0.8981;0.840939032;0.839024373;L2;6.576225748
2111;4-Methyl-2-pentanone;Water;293.15;0.8778;0.840939032;0.839024373;L2;4.289961406
2111;4-Methyl-2-pentanone;Water;293.2;0.9085;0.84096404;0.839059799;L2;7.724598715
2111;4-Methyl-2-pentanone;Water;297.74445;0.879725639;0.842962431;0.842279667;L2;4.268769323
2111;4-Methyl-2-pentanone;Water;298.136;0.894837012;0.843110495;0.842557091;L2;5.954356972
2111;4-Methyl-2-pentanone;Water;298.136;0.907;0.843110495;0.842557091;L2;7.304442764
2111;4-Methyl-2-pentanone;Water;298.136;0.902784993;0.843110495;0.842557091;L2;6.83863996
2111;4-Methyl-2-pentanone;Water;298.136;0.893;0.843110495;0.842557091;L2;5.74885584
2111;4-Methyl-2-pentanone;Water;298.14437;0.8801;0.84311362;0.842563022;L2;4.293380791
2111;4-Methyl-2-pentanone;Water;298.14437;0.893446101;0.84311362;0.842563022;L2;5.798427986
2111;4-Methyl-2-pentanone;Water;298.15;0.897162941;0.843115721;0.842567011;L2;6.213327479
2111;4-Methyl-2-pentanone;Water;298.15;0.88108244;0.843115721;0.842567011;L2;4.404697521
2111;4-Methyl-2-pentanone;Water;298.15;0.877471723;0.843115721;0.842567011;L2;3.994050848
2111;4-Methyl-2-pentanone;Water;298.15;0.9027;0.843115721;0.842567011;L2;6.828605047
2111;4-Methyl-2-pentanone;Water;298.15;0.891135617;0.843115721;0.842567011;L2;5.539240169
2111;4-Methyl-2-pentanone;Water;298.15;0.900904695;0.843115721;0.842567011;L2;6.629525326
2111;4-Methyl-2-pentanone;Water;298.15;0.899030689;0.843115721;0.842567011;L2;6.421294887
2111;4-Methyl-2-pentanone;Water;298.15;0.899030689;0.843115721;0.842567011;L2;6.421294887
2111;4-Methyl-2-pentanone;Water;298.15;0.900904695;0.843115721;0.842567011;L2;6.629525326
2111;4-Methyl-2-pentanone;Water;298.15;0.900904695;0.843115721;0.842567011;L2;6.629525326
2111;4-Methyl-2-pentanone;Water;298.15;0.902784993;0.843115721;0.842567011;L2;6.838020024
2111;4-Methyl-2-pentanone;Water;298.2;0.901844056;0.843134351;0.842602437;L2;6.731530087
2111;4-Methyl-2-pentanone;Water;298.2;0.905144261;0.843134351;0.842602437;L2;7.096801809
2111;4-Methyl-2-pentanone;Water;298.2;0.900904695;0.843134351;0.842602437;L2;6.627315777
2111;4-Methyl-2-pentanone;Water;298.2;0.900904695;0.843134351;0.842602437;L2;6.627315777
2111;4-Methyl-2-pentanone;Water;298.2;0.902784993;0.843134351;0.842602437;L2;6.835810475
2111;4-Methyl-2-pentanone;Water;302.8;0.902784993;0.844607273;0.844003394;L2;6.661266865
2111;4-Methyl-2-pentanone;Water;303.09307;0.8533;0.844685722;0.844035222;L2;1.014655428
2111;4-Methyl-2-pentanone;Water;303.1;0.902784993;0.844687556;0.844035975;L2;6.651761989
2111;4-Methyl-2-pentanone;Water;303.134;0.888834707;0.844696538;0.844039667;L2;5.093385056
2111;4-Methyl-2-pentanone;Water;303.134;0.9239;0.844696538;0.844039667;L2;8.96264044
2111;4-Methyl-2-pentanone;Water;303.134;0.88199;0.844696538;0.844039667;L2;4.320328179
2111;4-Methyl-2-pentanone;Water;303.15;0.901844056;0.844700757;0.844041405;L2;6.545918733
2111;4-Methyl-2-pentanone;Water;303.15;0.898096035;0.844700757;0.844041405;L2;6.129457493
2111;4-Methyl-2-pentanone;Water;303.15;0.8628;0.844700757;0.844041405;L2;2.120048365
2111;4-Methyl-2-pentanone;Water;303.15;0.862824641;0.844700757;0.844041405;L2;2.122904258
2111;4-Methyl-2-pentanone;Water;303.15;0.8859;0.844700757;0.844041405;L2;4.762164655
2111;4-Methyl-2-pentanone;Water;303.95;0.875227033;0.8449051;0.844128286;L2;3.525900571
2111;4-Methyl-2-pentanone;Water;308.15;0.8865;0.845775023;0.844584414;L2;4.702773192
2111;4-Methyl-2-pentanone;Water;308.15;0.888834707;0.845775023;0.844584414;L2;4.965789325
2111;4-Methyl-2-pentanone;Water;308.15;0.880629801;0.845775023;0.844584414;L2;4.038394085
2111;4-Methyl-2-pentanone;Water;308.2;0.883351236;0.845783418;0.844589844;L2;4.345957756
2111;4-Methyl-2-pentanone;Water;308.2;0.889294126;0.845783418;0.844589844;L2;5.016471147
2111;4-Methyl-2-pentanone;Water;312.65;0.877022049;0.846359369;0.845073122;L2;3.558807787
2111;4-Methyl-2-pentanone;Water;312.75;0.875227033;0.84636857;0.845083982;L2;3.352839263
2111;4-Methyl-2-pentanone;Water;313.15;0.887;0.846403794;0.845127423;L2;4.684843843
2111;4-Methyl-2-pentanone;Water;313.15;0.877921766;0.846403794;0.845127423;L2;3.6560941
2111;4-Methyl-2-pentanone;Water;313.15;0.872545504;0.846403794;0.845127423;L2;3.041826241
2111;4-Methyl-2-pentanone;Water;313.15;0.877921766;0.846403794;0.845127423;L2;3.6560941
2111;4-Methyl-2-pentanone;Water;313.2;0.877921766;0.846408021;0.845132853;L2;3.655594774
2111;4-Methyl-2-pentanone;Water;313.2;0.877921766;0.846408021;0.845132853;L2;3.655594774
2111;4-Methyl-2-pentanone;Water;313.2;0.862;0.846408021;0.845132853;L2;1.825373352
2111;4-Methyl-2-pentanone;Water;318.15;0.8783;0.846640141;0.845670432;L2;3.671247924
2111;4-Methyl-2-pentanone;Water;318.15;0.862824641;0.846640141;0.845670432;L2;1.893573177
2111;4-Methyl-2-pentanone;Water;318.15;0.864140009;0.846640141;0.845670432;L2;2.045906145
2111;4-Methyl-2-pentanone;Water;318.15;0.882442596;0.846640141;0.845670432;L2;4.141799798
2111;4-Methyl-2-pentanone;Water;318.2;0.865898814;0.846640677;0.845675862;L2;2.249168443
2111;4-Methyl-2-pentanone;Water;322.4;0.875227033;0.84656516;0.846131989;L2;3.329614409
2111;4-Methyl-2-pentanone;Water;323.15;0.862824641;0.846527498;0.846213441;L2;1.906878774
2111;4-Methyl-2-pentanone;Water;323.15;0.862824641;0.846527498;0.846213441;L2;1.906878774
2111;4-Methyl-2-pentanone;Water;323.15;0.862824641;0.846527498;0.846213441;L2;1.906878774
2111;4-Methyl-2-pentanone;Water;323.2;0.862824641;0.846524736;0.846218871;L2;1.907205071
2111;4-Methyl-2-pentanone;Water;323.2;0.862824641;0.846524736;0.846218871;L2;1.907205071
2111;4-Methyl-2-pentanone;Water;323.25;0.867663339;0.846521943;0.846224301;L2;2.466765826
2111;4-Methyl-2-pentanone;Water;323.25;0.857594956;0.846521943;0.846224301;L2;1.29957859
2111;4-Methyl-2-pentanone;Water;328.15;0.874779197;0.846101649;0.845740876;L2;3.333200282
2111;4-Methyl-2-pentanone;Water;333.15;0.855430809;0.845392247;0.844696705;L2;1.180449456
2111;4-Methyl-2-pentanone;Water;333.55;0.857594956;0.845324015;0.844613171;L2;1.441190474
2111;4-Methyl-2-pentanone;Water;338.15;0.838844378;0.844423999;0.843652533;L2;0.662953236
2111;4-Methyl-2-pentanone;Water;343.132055;0.811911643;0.843222327;0.84261211;L2;3.783913629
2111;4-Methyl-2-pentanone;Water;343.15;0.84431601;0.843217593;0.842608362;L2;0.130180171
2111;4-Methyl-2-pentanone;Water;343.35;0.840521952;0.843164639;0.842566595;L2;0.313917018
2111;4-Methyl-2-pentanone;Water;343.35;0.848137331;0.843164639;0.842566595;L2;0.588032914
2111;4-Methyl-2-pentanone;Water;353.25;0.840521952;0.840122557;0.839883933;L2;0.047528787
2111;4-Methyl-2-pentanone;Water;360.9768;0.7955;0.8372161;0.836671407;L2;5.111137372
2111;4-Methyl-2-pentanone;Water;363.55;0.819927171;0.836152324;0.835601563;L2;1.959528193
2111;4-Methyl-2-pentanone;Water;401;0.741509983;0.815925078;0.815880147;L2;9.563390949
2118;2-Methyl-1-propanol;Water;262.55848;0.03687;0.003023989;0.003034121;L1;250.0821536
2118;2-Methyl-1-propanol;Water;264.55688;0.03539;0.003082471;0.00308844;L1;244.0697679
2118;2-Methyl-1-propanol;Water;269.55288;0.0326;0.003233302;0.003241292;L1;231.0808288
2118;2-Methyl-1-propanol;Water;270.25232;0.03207;0.003254952;0.003264556;L1;228.7743376
2118;2-Methyl-1-propanol;Water;270.75192;0.03184;0.003270498;0.003281174;L1;227.5781174
2118;2-Methyl-1-propanol;Water;273.15;0.032;0.003346061;0.003360938;L1;225.7951945
2118;2-Methyl-1-propanol;Water;273.15;0.030906697;0.003346061;0.003360938;L1;222.3188934
2118;2-Methyl-1-propanol;Water;280.1458;0.02748;0.003575592;0.00359363;L1;203.9327843
2118;2-Methyl-1-propanol;Water;282.948115;0.026436885;0.003671411;0.003686839;L1;197.4184063
2118;2-Methyl-1-propanol;Water;288.04106;0.0241;0.003851377;0.003856239;L1;183.3781188
2118;2-Methyl-1-propanol;Water;288.2;0.021497166;0.003857116;0.003861526;L1;171.8001482
2118;2-Methyl-1-propanol;Water;291.1392;0.026294587;0.003964598;0.003969604;L1;189.1958715
2118;2-Methyl-1-propanol;Water;291.9956;0.02133124;0.003996402;0.004003933;L1;167.4778127
2118;2-Methyl-1-propanol;Water;292.08863;0.023;0.003999871;0.004007662;L1;174.9232211
2118;2-Methyl-1-propanol;Water;292.84543;0.023025675;0.004028182;0.004037998;L1;174.3294698
2118;2-Methyl-1-propanol;Water;293.138;0.023;0.004039174;0.004049726;L1;173.9454081
2118;2-Methyl-1-propanol;Water;293.138;0.022;0.004039174;0.004049726;L1;169.5002318
2118;2-Methyl-1-propanol;Water;293.14537;0.029162875;0.004039451;0.004050022;L1;197.6787731
2118;2-Methyl-1-propanol;Water;293.15;0.022329211;0.004039625;0.004050207;L1;170.9743852
2118;2-Methyl-1-propanol;Water;293.15;0.022;0.004039625;0.004050207;L1;169.4890573
2118;2-Methyl-1-propanol;Water;294.73736;0.0219;0.004099721;0.004113836;L1;167.5567721
2118;2-Methyl-1-propanol;Water;297.9944;0.021;0.004225457;0.004244394;L1;160.3395079
2118;2-Methyl-1-propanol;Water;298.136;0.024314579;0.004230998;0.00425007;L1;174.8638274
2118;2-Methyl-1-propanol;Water;298.136;0.0195;0.004230998;0.00425007;L1;152.797661
2118;2-Methyl-1-propanol;Water;298.136;0.0211;0.004230998;0.00425007;L1;160.6835185
2118;2-Methyl-1-propanol;Water;298.136;0.026294587;0.004230998;0.00425007;L1;182.6925245
2118;2-Methyl-1-propanol;Water;298.14437;0.025;0.004231326;0.004250406;L1;177.6360513
2118;2-Methyl-1-propanol;Water;298.15;0.021;0.004231546;0.004250632;L1;160.1955026
2118;2-Methyl-1-propanol;Water;298.15;0.0209;0.004231546;0.004250632;L1;159.7181748
2118;2-Methyl-1-propanol;Water;298.15;0.022079173;0.004231546;0.004250632;L1;165.2067355
2118;2-Methyl-1-propanol;Water;298.15;0.020972286;0.004231546;0.004250632;L1;160.0634441
2118;2-Methyl-1-propanol;Water;298.15;0.020972286;0.004231546;0.004250632;L1;160.0634441
2118;2-Methyl-1-propanol;Water;298.19436;0.0197;0.004233283;0.00425241;L1;153.7640737
2118;2-Methyl-1-propanol;Water;298.2;0.021;0.004233504;0.004252636;L1;160.149235
2118;2-Methyl-1-propanol;Water;298.2;0.0183;0.004233504;0.004252636;L1;146.3870972
2118;2-Methyl-1-propanol;Water;298.2;0.020311575;0.004233504;0.004252636;L1;156.8160833
2118;2-Methyl-1-propanol;Water;300.53504;0.0207;0.004325833;0.004346236;L1;156.5529067
2118;2-Methyl-1-propanol;Water;302.943115;0.0218;0.004422857;0.004442763;L1;159.512421
2118;2-Methyl-1-propanol;Water;302.943115;0.0218;0.004422857;0.004442763;L1;159.512421
2118;2-Methyl-1-propanol;Water;303.134;0.019;0.004430627;0.004450415;L1;145.5897932
2118;2-Methyl-1-propanol;Water;303.134;0.0202;0.004430627;0.004450415;L1;151.7141557
2118;2-Methyl-1-propanol;Water;303.15;0.020806869;0.004431279;0.004451056;L1;154.6595017
2118;2-Methyl-1-propanol;Water;303.15;0.0211;0.004431279;0.004451056;L1;156.0584885
2118;2-Methyl-1-propanol;Water;303.2;0.024;0.004433316;0.00445306;L1;168.8905981
2118;2-Methyl-1-propanol;Water;303.742875;0.020339053;0.00445549;0.004474822;L1;151.8405813
2118;2-Methyl-1-propanol;Water;307.59172;0.0192;0.004615436;0.004629102;L1;142.5503998
2118;2-Methyl-1-propanol;Water;308.2;0.017721117;0.004641157;0.004653485;L1;133.9793218
2118;2-Methyl-1-propanol;Water;309.43148;0.0193;0.004693606;0.004702849;L1;141.3903963
2118;2-Methyl-1-propanol;Water;312.840145;0.0196;0.00484142;0.004842661;L1;139.8321428
2118;2-Methyl-1-propanol;Water;312.840145;0.0196;0.00484142;0.004842661;L1;139.8321428
2118;2-Methyl-1-propanol;Water;313.040085;0.0185;0.004850212;0.004852219;L1;133.8748286
2118;2-Methyl-1-propanol;Water;313.15;0.019571319;0.004855051;0.004857474;L1;139.4045549
2118;2-Methyl-1-propanol;Water;313.15;0.0242;0.004855051;0.004857474;L1;160.6333004
2118;2-Methyl-1-propanol;Water;313.539935;0.018779797;0.004872251;0.004876116;L1;134.922562
2118;2-Methyl-1-propanol;Water;317.9886;0.0183;0.00507217;0.005088797;L1;128.3132274
2118;2-Methyl-1-propanol;Water;318.2;0.017504767;0.005081841;0.005098903;L1;123.6799661
2118;2-Methyl-1-propanol;Water;322.737175;0.0166;0.005293194;0.005315815;L1;114.2980848
2118;2-Methyl-1-propanol;Water;322.737175;0.0166;0.005293194;0.005315815;L1;114.2980848
2118;2-Methyl-1-propanol;Water;322.78716;0.0182;0.005295563;0.005318205;L1;123.4552252
2118;2-Methyl-1-propanol;Water;323.15;0.019270653;0.005312788;0.005335552;L1;128.8466603
2118;2-Methyl-1-propanol;Water;323.2;0.0177;0.005315165;0.005337942;L1;120.30005
2118;2-Methyl-1-propanol;Water;323.2;0.024;0.005315165;0.005337942;L1;150.7489691
2118;2-Methyl-1-propanol;Water;323.237025;0.018181781;0.005316926;0.005339712;L1;122.9524649
2118;2-Methyl-1-propanol;Water;332.63447;0.0174;0.005780139;0.005788983;L1;110.2042401
2118;2-Methyl-1-propanol;Water;332.63447;0.0174;0.005780139;0.005788983;L1;110.2042401
2118;2-Methyl-1-propanol;Water;333.17;0.0182;0.005807531;0.005814585;L1;114.2266103
2118;2-Methyl-1-propanol;Water;333.33433;0.018100396;0.005815958;0.005822441;L1;113.532831
2118;2-Methyl-1-propanol;Water;333.88422;0.0193;0.005844232;0.00584873;L1;119.4649855
2118;2-Methyl-1-propanol;Water;343.18;0.0186;0.006340064;0.006363629;L1;107.6272726
2118;2-Methyl-1-propanol;Water;343.2;0.019;0.006341168;0.006364758;L1;109.7376027
2118;2-Methyl-1-propanol;Water;343.431965;0.017775248;0.006353983;0.006377857;L1;102.8725091
2118;2-Methyl-1-propanol;Water;343.531935;0.0203;0.006359512;0.006383502;L1;116.0669166
2118;2-Methyl-1-propanol;Water;352.329295;0.0191;0.00686233;0.006880268;L1;102.3641336
2118;2-Methyl-1-propanol;Water;352.329295;0.0191;0.00686233;0.006880268;L1;102.3641336
2118;2-Methyl-1-propanol;Water;353.2;0.0192;0.006913875;0.006929434;L1;102.1380044
2118;2-Methyl-1-propanol;Water;353.323;0.0193;0.006921183;0.00693638;L1;102.5518437
2118;2-Methyl-1-propanol;Water;353.428965;0.0217;0.006927484;0.006942363;L1;114.1815619
2118;2-Methyl-1-propanol;Water;353.628905;0.018807029;0.006939386;0.006953653;L1;99.70173865
2118;2-Methyl-1-propanol;Water;360.123;0.0207;0.007335525;0.007347534;L1;103.7404763
2118;2-Methyl-1-propanol;Water;362.22655;0.0199;0.00746789;0.007487094;L1;98.01072788
2118;2-Methyl-1-propanol;Water;362.27654;0.0232;0.00747106;0.007490411;L1;113.3115411
2118;2-Methyl-1-propanol;Water;362.92641;0.0191;0.007512376;0.007533526;L1;93.31365132
2118;2-Methyl-1-propanol;Water;363.14;0.0196;0.007525998;0.007547697;L1;95.71661575
2118;2-Methyl-1-propanol;Water;363.52304;0.0207;0.007550479;0.007573109;L1;100.8522706
2118;2-Methyl-1-propanol;Water;363.52304;0.0207;0.007550479;0.007573109;L1;100.8522706
2118;2-Methyl-1-propanol;Water;363.82623;0.019899925;0.007569905;0.007593225;L1;96.65354995
2118;2-Methyl-1-propanol;Water;365.72326;0.0219;0.007692419;0.007719083;L1;104.6251352
2118;2-Methyl-1-propanol;Water;367.22341;0.023;0.007790496;0.00781861;L1;108.2589748
2118;2-Methyl-1-propanol;Water;372.12457;0.026;0.008118408;0.008143776;L1;116.396252
2118;2-Methyl-1-propanol;Water;372.12457;0.026;0.008118408;0.008143776;L1;116.396252
2118;2-Methyl-1-propanol;Water;372.22391;0.0241;0.008125174;0.008150367;L1;108.7244685
2118;2-Methyl-1-propanol;Water;373.16;0.0201;0.008189174;0.008212472;L1;89.79068034
2118;2-Methyl-1-propanol;Water;378.42506;0.02748;0.008557263;0.008561781;L1;116.6678031
2118;2-Methyl-1-propanol;Water;380.82554;0.028;0.008729752;0.008737623;L1;116.5467506
2118;2-Methyl-1-propanol;Water;381.1256;0.028;0.008751523;0.008760898;L1;116.297679
2118;2-Methyl-1-propanol;Water;382.02259;0.0295;0.008816882;0.008830474;L1;120.7721948
2118;2-Methyl-1-propanol;Water;382.02259;0.0295;0.008816882;0.008830474;L1;120.7721948
2118;2-Methyl-1-propanol;Water;386.1263;0.031491836;0.009121309;0.009148784;L1;123.9114978
2118;2-Methyl-1-propanol;Water;390.22671;0.03536;0.009434548;0.009466839;L1;132.120297
2118;2-Methyl-1-propanol;Water;391.82063;0.0396;0.009558811;0.009590474;L1;142.1365822
2118;2-Methyl-1-propanol;Water;391.82063;0.0396;0.009558811;0.009590474;L1;142.1365822
2118;2-Methyl-1-propanol;Water;395.02757;0.04121;0.009813154;0.009839225;L1;143.4957176
2118;2-Methyl-1-propanol;Water;396.1279;0.042056135;0.009901774;0.009924573;L1;144.6291375
2118;2-Methyl-1-propanol;Water;396.81963;0.049;0.009957842;0.009978229;L1;159.3459869
2118;2-Methyl-1-propanol;Water;396.81963;0.049;0.009957842;0.009978229;L1;159.3459869
2118;2-Methyl-1-propanol;Water;398.71925;0.057;0.010113251;0.010125575;L1;172.9204722
2118;2-Methyl-1-propanol;Water;398.71925;0.057;0.010113251;0.010125575;L1;172.9204722
2118;2-Methyl-1-propanol;Water;399.32886;0.04741;0.010163572;0.010172861;L1;154.0023207
2118;2-Methyl-1-propanol;Water;399.82901;0.0452;0.010205022;0.010211656;L1;148.8217153
2118;2-Methyl-1-propanol;Water;399.82901;0.0452;0.010205022;0.010211656;L1;148.8217153
2118;2-Methyl-1-propanol;Water;400.1291;0.055265937;0.010229963;0.010234933;L1;168.6835813
2118;2-Methyl-1-propanol;Water;400.72928;0.049;0.010280006;0.010281486;L1;156.1619496
2118;2-Methyl-1-propanol;Water;400.82931;0.049;0.010288367;0.010289245;L1;156.0806473
2118;2-Methyl-1-propanol;Water;401.32946;0.05529;0.010330263;0.010333459;L1;167.7514295
2118;2-Methyl-1-propanol;Water;401.71865;0.0635;0.010362969;0.010368599;L1;181.2801171
2118;2-Methyl-1-propanol;Water;401.71865;0.0635;0.010362969;0.010368599;L1;181.2801171
2118;2-Methyl-1-propanol;Water;402.1297;0.065521947;0.01039761;0.010405712;L1;184.0809201
2118;2-Methyl-1-propanol;Water;403.43006;0.0602;0.01050787;0.010523119;L1;174.5547822
2118;2-Methyl-1-propanol;Water;403.71825;0.0724;0.010532446;0.010549139;L1;192.7745742
2118;2-Methyl-1-propanol;Water;403.73012;0.0602;0.010533459;0.010550211;L1;174.3115593
2118;2-Methyl-1-propanol;Water;404.6303;0.103609878;0.010610555;0.010631487;L1;227.8783407
2118;2-Methyl-1-propanol;Water;404.93036;0.06742;0.010636364;0.010658579;L1;184.6662998
2118;2-Methyl-1-propanol;Water;405.03038;0.06375;0.01064498;0.010667609;L1;178.9880809
2118;2-Methyl-1-propanol;Water;405.6305;0.09366;0.010696801;0.010721793;L1;216.9726454
2118;2-Methyl-1-propanol;Water;405.71785;0.0888;0.010704363;0.01072968;L1;211.5735262
2118;2-Methyl-1-propanol;Water;405.73052;0.10313;0.01070546;0.010730824;L1;226.5236448
2118;2-Methyl-1-propanol;Water;405.73052;0.1161;0.01070546;0.010730824;L1;238.3698009
2118;2-Methyl-1-propanol;Water;405.83054;0.12554;0.010714125;0.010739855;L1;246.1061499
2118;2-Methyl-1-propanol;Water;406.03058;0.11072;0.010731473;0.010757916;L1;233.3823677
2118;2-Methyl-1-propanol;Water;406.1306;0.0813;0.010740156;0.010766947;L1;202.4156375
2118;2-Methyl-1-propanol;Water;406.1306;0.0813;0.010740156;0.010766947;L1;202.4156375
2118;2-Methyl-1-propanol;Water;407.21755;0.118;0.010834923;0.010865086;L1;238.791007
2118;2-Methyl-1-propanol;Water;258.46176;0.6132;0.765349029;0.7647215;L2;22.16408298
2118;2-Methyl-1-propanol;Water;262.35864;0.6062;0.765636362;0.765222581;L2;23.3497369
2118;2-Methyl-1-propanol;Water;265.25632;0.5994;0.765755466;0.765595179;L2;24.49337294
2118;2-Methyl-1-propanol;Water;267.25472;0.5946;0.765792465;0.765746589;L2;25.30222889
2118;2-Methyl-1-propanol;Water;270.25232;0.5889;0.765781249;0.76550748;L2;26.26401634
2118;2-Methyl-1-propanol;Water;273.15;0.526;0.765696872;0.765276341;L2;37.54851506
2118;2-Methyl-1-propanol;Water;273.15;0.57934373;0.765696872;0.765276341;L2;27.88904004
2118;2-Methyl-1-propanol;Water;274.1494;0.5853;0.765651493;0.765196622;L2;26.86025594
2118;2-Methyl-1-propanol;Water;280.24574;0.5776;0.765201173;0.764710337;L2;28.1257183
2118;2-Methyl-1-propanol;Water;282.54436;0.5711;0.764956848;0.764526983;L2;29.22550982
2118;2-Methyl-1-propanol;Water;282.948115;0.568019514;0.76490986;0.764494777;L2;29.76022233
2118;2-Methyl-1-propanol;Water;286.04226;0.5646;0.764510285;0.764247967;L2;30.31179629
2118;2-Methyl-1-propanol;Water;288.2;0.563016022;0.764191139;0.764075851;L2;30.55098542
2118;2-Methyl-1-propanol;Water;291.33908;0.5589;0.763669213;0.763554805;L2;31.21641616
2118;2-Methyl-1-propanol;Water;291.9956;0.552815869;0.763551598;0.763398633;L2;32.29557243
2118;2-Methyl-1-propanol;Water;292.84543;0.553356335;0.763395076;0.763196478;L2;32.17735291
2118;2-Methyl-1-propanol;Water;293.138;0.553;0.763340082;0.763126882;L2;32.23456472
2118;2-Methyl-1-propanol;Water;293.138;0.55;0.763340082;0.763126882;L2;32.77853705
2118;2-Methyl-1-propanol;Water;293.14537;0.592925407;0.763338689;0.763125128;L2;25.26332224
2118;2-Methyl-1-propanol;Water;293.15;0.546382;0.763337814;0.763124027;L2;33.43823131
2118;2-Methyl-1-propanol;Water;293.15;0.517;0.763337814;0.763124027;L2;38.96578034
2118;2-Methyl-1-propanol;Water;296.23676;0.5538;0.762723217;0.762389755;L2;32.0091599
2118;2-Methyl-1-propanol;Water;296.456672;0.544788308;0.76267708;0.762337442;L2;33.64374242
2118;2-Methyl-1-propanol;Water;297.03644;0.5504;0.762553967;0.762199528;L2;32.60279953
2118;2-Methyl-1-propanol;Water;297.9944;0.547;0.762345869;0.761971651;L2;33.19515471
2118;2-Methyl-1-propanol;Water;298.136;0.54249662;0.762314618;0.761937967;L2;34.01774997
2118;2-Methyl-1-propanol;Water;298.136;0.537427849;0.762314618;0.761937967;L2;34.95648382
2118;2-Methyl-1-propanol;Water;298.136;0.551;0.762314618;0.761937967;L2;32.46245456
2118;2-Methyl-1-propanol;Water;298.14437;0.537;0.762312767;0.761935976;L2;35.03588318
2118;2-Methyl-1-propanol;Water;298.15;0.551557375;0.762311521;0.761934637;L2;32.36094248
2118;2-Methyl-1-propanol;Water;298.15;0.548;0.762311521;0.761934637;L2;33.00800055
2118;2-Methyl-1-propanol;Water;298.15;0.548;0.762311521;0.761934637;L2;33.00800055
2118;2-Methyl-1-propanol;Water;298.15;0.553356335;0.762311521;0.761934637;L2;32.03531314
2118;2-Methyl-1-propanol;Water;298.15;0.547981569;0.762311521;0.761934637;L2;33.01136393
2118;2-Methyl-1-propanol;Water;298.19436;0.5553;0.762301701;0.761924085;L2;31.6833902
2118;2-Methyl-1-propanol;Water;298.2;0.5579;0.762300451;0.761922743;L2;31.21610363
2118;2-Methyl-1-propanol;Water;298.2;0.538820178;0.762300451;0.761922743;L2;34.69588774
2118;2-Methyl-1-propanol;Water;298.2;0.546;0.762300451;0.761922743;L2;33.37217954
2118;2-Methyl-1-propanol;Water;299.275544;0.541443004;0.762058542;0.761666895;L2;34.17855746
2118;2-Methyl-1-propanol;Water;299.645396;0.541793923;0.76197369;0.761578915;L2;34.10263141
2118;2-Methyl-1-propanol;Water;299.83532;0.5449;0.761929787;0.761533736;L2;33.52521166
2118;2-Methyl-1-propanol;Water;301.6346;0.541;0.761502846;0.761105727;L2;34.18746309
2118;2-Methyl-1-propanol;Water;302.6342;0.5381;0.76125712;0.760867944;L2;34.69267556
2118;2-Methyl-1-propanol;Water;302.943115;0.522;0.761179959;0.76079446;L2;37.72022193
2118;2-Methyl-1-propanol;Water;303.03404;0.5355;0.76115714;0.760772831;L2;35.16389377
2118;2-Methyl-1-propanol;Water;303.134;0.534;0.761131994;0.760749053;L2;35.44109519
2118;2-Methyl-1-propanol;Water;303.15;0.541;0.761127964;0.760745247;L2;34.13822167
2118;2-Methyl-1-propanol;Water;303.15;0.544434949;0.761127964;0.760745247;L2;33.50530295
2118;2-Methyl-1-propanol;Water;303.2;0.55;0.761115358;0.760733353;L2;32.48666559
2118;2-Methyl-1-propanol;Water;303.742875;0.539168966;0.760977533;0.760604215;L2;34.45748322
2118;2-Methyl-1-propanol;Water;306.23276;0.5351;0.760322981;0.760011926;L2;35.12896724
2118;2-Methyl-1-propanol;Water;307.59172;0.5449;0.759950394;0.759688659;L2;33.26508689
2118;2-Methyl-1-propanol;Water;308.2;0.526957798;0.759780156;0.759543962;L2;36.59086578
2118;2-Methyl-1-propanol;Water;308.83172;0.5308;0.759601108;0.75939369;L2;35.84081347
2118;2-Methyl-1-propanol;Water;309.73136;0.53;0.759342185;0.759179686;L2;35.95755058
2118;2-Methyl-1-propanol;Water;311.53064;0.52;0.758810588;0.758751676;L2;37.79233802
2118;2-Methyl-1-propanol;Water;311.83052;0.5207;0.75872022;0.758680341;L2;37.64590321
2118;2-Methyl-1-propanol;Water;312.03044;0.52;0.758659695;0.758632785;L2;37.77245054
2118;2-Methyl-1-propanol;Water;312.1304;0.525;0.75862935;0.758609007;L2;36.81150558
2118;2-Methyl-1-propanol;Water;312.840145;0.526;0.758412287;0.758387862;L2;36.59259394
2118;2-Methyl-1-propanol;Water;313.040085;0.5315;0.758350635;0.758314868;L2;35.54426594
2118;2-Methyl-1-propanol;Water;313.15;0.528;0.758316649;0.75827474;L2;36.20047569
2118;2-Methyl-1-propanol;Water;313.15;0.531731837;0.758316649;0.75827474;L2;35.49617441
2118;2-Methyl-1-propanol;Water;313.15;0.521399422;0.758316649;0.75827474;L2;37.45846476
2118;2-Methyl-1-propanol;Water;313.539935;0.522069281;0.758195538;0.758132382;L2;37.31410162
2118;2-Methyl-1-propanol;Water;313.82979;0.5225;0.758104968;0.758026561;L2;37.21968721
2118;2-Methyl-1-propanol;Water;314.1297;0.5178;0.758010771;0.75791707;L2;38.1108528
2118;2-Methyl-1-propanol;Water;317.9886;0.5201;0.756755115;0.756508257;L2;37.50186064
2118;2-Methyl-1-propanol;Water;318.2;0.514265093;0.756684014;0.756431079;L2;38.62068695
2118;2-Methyl-1-propanol;Water;318.72832;0.5033;0.756505278;0.756238199;L2;40.75230967
2118;2-Methyl-1-propanol;Water;322.737175;0.517;0.755101194;0.754774641;L2;37.88088976
2118;2-Methyl-1-propanol;Water;322.78716;0.5076;0.755083159;0.754756393;L2;39.71341512
2118;2-Methyl-1-propanol;Water;323.15;0.499399546;0.754951854;0.754623927;L2;41.32475087
2118;2-Methyl-1-propanol;Water;323.15;0.517900054;0.754951854;0.754623927;L2;37.68716998
2118;2-Methyl-1-propanol;Water;323.2;0.512;0.754933707;0.754605672;L2;38.83053146
2118;2-Methyl-1-propanol;Water;323.2;0.505;0.754933707;0.754605672;L2;40.20715103
2118;2-Methyl-1-propanol;Water;323.237025;0.504028;0.75492026;0.754592155;L2;40.39803061
2118;2-Methyl-1-propanol;Water;326.22607;0.5014;0.753811614;0.753500911;L2;40.77383029
2118;2-Methyl-1-propanol;Water;332.63447;0.507;0.751283685;0.751161324;L2;39.32723203
2118;2-Methyl-1-propanol;Water;333.17;0.493;0.751063288;0.750965812;L2;42.09807459
2118;2-Methyl-1-propanol;Water;333.33433;0.483677342;0.750995379;0.750905818;L2;43.99814624
2118;2-Methyl-1-propanol;Water;333.88422;0.4863;0.750767186;0.750705063;L2;43.4269881
2118;2-Methyl-1-propanol;Water;336.924;0.4749;0.749479486;0.749390639;L2;45.62746909
2118;2-Methyl-1-propanol;Water;340.424;0.4585;0.747942408;0.747732593;L2;48.93656893
2118;2-Methyl-1-propanol;Water;341.424;0.4598;0.747492674;0.747258865;L2;48.59328928
2118;2-Methyl-1-propanol;Water;343.18;0.48;0.746691684;0.746427;L2;44.18662564
2118;2-Methyl-1-propanol;Water;343.2;0.458;0.746682478;0.746417525;L2;48.87708481
2118;2-Methyl-1-propanol;Water;343.431965;0.458532331;0.746575579;0.746307637;L2;48.74660522
2118;2-Methyl-1-propanol;Water;343.531935;0.4588;0.746529432;0.746260278;L2;48.68206572
2118;2-Methyl-1-propanol;Water;349.82333;0.432;0.743533275;0.743279871;L2;54.29879313
2118;2-Methyl-1-propanol;Water;352.329295;0.449;0.742290002;0.742092726;L2;50.27171172
2118;2-Methyl-1-propanol;Water;353.2;0.461;0.741851452;0.741680249;L2;47.57509807
2118;2-Methyl-1-propanol;Water;353.428965;0.4286;0.74173557;0.741571782;L2;54.84687213
2118;2-Methyl-1-propanol;Water;353.628905;0.433566061;0.741634185;0.741477065;L2;53.68119357
2118;2-Methyl-1-propanol;Water;358.123;0.4242;0.739308728;0.739274712;L2;55.55105562
2118;2-Methyl-1-propanol;Water;360.023;0.411;0.738298907;0.738189064;L2;58.57555505
2118;2-Methyl-1-propanol;Water;360.923;0.4077;0.737815077;0.73767481;L2;59.31616097
2118;2-Methyl-1-propanol;Water;362.22655;0.418;0.737108064;0.73692997;L2;56.72530756
2118;2-Methyl-1-propanol;Water;362.27654;0.404;0.737080804;0.736901406;L2;60.12826471
2118;2-Methyl-1-propanol;Water;362.92641;0.4095;0.736725439;0.736530075;L2;58.72783813
2118;2-Methyl-1-propanol;Water;363.14;0.426;0.736608244;0.736408031;L2;54.76168503
2118;2-Methyl-1-propanol;Water;363.82623;0.401430455;0.736230384;0.736015924;L2;60.65087863
2118;2-Methyl-1-propanol;Water;367.72346;0.3868;0.734046016;0.733789072;L2;64.06639556
2118;2-Methyl-1-propanol;Water;368.02349;0.3858;0.733875153;0.733617637;L2;64.3019822
2118;2-Methyl-1-propanol;Water;372.12457;0.381;0.731501182;0.731274306;L2;65.22994608
2118;2-Methyl-1-propanol;Water;372.92398;0.3703;0.731030113;0.730817529;L2;68.01411652
2118;2-Methyl-1-propanol;Water;373.16;0.387;0.730890516;0.730682669;L2;63.58389821
2118;2-Methyl-1-propanol;Water;374.1242;0.365192689;0.73031778;0.730131731;L2;69.30546255
2118;2-Methyl-1-propanol;Water;376.6247;0.354266167;0.728814198;0.728702962;L2;72.13703124
2118;2-Methyl-1-propanol;Water;380.1254;0.3405;0.726665006;0.726631503;L2;75.80504562
2118;2-Methyl-1-propanol;Water;382.02259;0.338;0.7254788;0.725373792;L2;76.37859549
2118;2-Methyl-1-propanol;Water;387.02639;0.3146;0.722278126;0.722056604;L2;83.11082903
2118;2-Methyl-1-propanol;Water;387.62645;0.3129;0.721887297;0.721658804;L2;83.59853772
2118;2-Methyl-1-propanol;Water;388.22651;0.3091;0.721494969;0.721261004;L2;84.76605557
2118;2-Methyl-1-propanol;Water;390.32672;0.3044;0.720110041;0.719868704;L2;86.10614087
2118;2-Methyl-1-propanol;Water;391.82063;0.287;0.719113776;0.718878341;L2;91.8537372
2118;2-Methyl-1-propanol;Water;392.42693;0.2842;0.718706804;0.718476404;L2;92.77752762
2118;2-Methyl-1-propanol;Water;393.82721;0.2837;0.717761055;0.717548111;L2;92.82193796
2118;2-Methyl-1-propanol;Water;394.62745;0.2709;0.717216923;0.717017605;L2;97.36285884
2118;2-Methyl-1-propanol;Water;396.81963;0.257;0.715712738;0.715564335;L2;102.4202798
2118;2-Methyl-1-propanol;Water;398.1285;0.240676977;0.714805156;0.714696641;L2;108.8554307
2118;2-Methyl-1-propanol;Water;398.71925;0.238;0.714393202;0.714305013;L2;109.9162841
2118;2-Methyl-1-propanol;Water;399.52892;0.25;0.713826238;0.713768255;L2;104.917865
2118;2-Methyl-1-propanol;Water;399.62895;0.242168867;0.713756004;0.713701942;L2;108.0905892
2118;2-Methyl-1-propanol;Water;399.62895;0.25;0.713756004;0.713701942;L2;104.9080255
2118;2-Methyl-1-propanol;Water;401.71865;0.211;0.712279302;0.712244581;L2;121.6611979
2118;2-Methyl-1-propanol;Water;401.92964;0.221;0.712129199;0.712086065;L2;117.0096653
2118;2-Methyl-1-propanol;Water;402.22973;0.2152;0.711915392;0.711860608;L2;119.6391245
2118;2-Methyl-1-propanol;Water;402.42979;0.2384;0.711772647;0.711710304;L2;109.3808609
2118;2-Methyl-1-propanol;Water;403.71825;0.189;0.71084934;0.710742288;L2;132.4713494
2118;2-Methyl-1-propanol;Water;404.33024;0.1954;0.710408383;0.710282502;L2;129.0791252
2118;2-Methyl-1-propanol;Water;404.6303;0.147472953;0.710191613;0.710057068;L2;157.1890022
2118;2-Methyl-1-propanol;Water;404.83034;0.1761;0.710046893;0.709906779;L2;139.4278998
2118;2-Methyl-1-propanol;Water;404.93036;0.1848;0.70997447;0.709831634;L2;134.5954853
2118;2-Methyl-1-propanol;Water;405.1304;0.1655;0.709829501;0.709681345;L2;145.6053607
2118;2-Methyl-1-propanol;Water;405.53048;0.19;0.709539066;0.709380766;L2;131.7591484
2118;2-Methyl-1-propanol;Water;405.53048;0.1756;0.709539066;0.709380766;L2;139.6406875
2118;2-Methyl-1-propanol;Water;405.71785;0.162;0.709402818;0.709239996;L2;147.6827179
2118;2-Methyl-1-propanol;Water;405.73052;0.1553;0.709393599;0.709230477;L2;151.9051789
2118;2-Methyl-1-propanol;Water;405.93056;0.1397;0.709247968;0.709080188;L2;162.4707943
2118;2-Methyl-1-propanol;Water;405.93056;0.1302;0.709247968;0.709080188;L2;169.5133479
2118;2-Methyl-1-propanol;Water;405.93056;0.19;0.709247968;0.709080188;L2;131.7181137
2118;2-Methyl-1-propanol;Water;407.21755;0.13;0.708307053;0.708113277;L2;169.534324
2155;Nitromethane;Water;268.154;0.025237257;;;L1;
2155;Nitromethane;Water;273.15;0.02836127;;;L1;
2155;Nitromethane;Water;280.1458;0.031;;;L1;
2155;Nitromethane;Water;282.65;0.030729035;;;L1;
2155;Nitromethane;Water;291.1392;0.033569233;;;L1;
2155;Nitromethane;Water;292.85;0.033122015;;;L1;
2155;Nitromethane;Water;293.138;0.0342;;;L1;
2155;Nitromethane;Water;293.14537;0.034;;;L1;
2155;Nitromethane;Water;293.14537;0.02836127;;;L1;
2155;Nitromethane;Water;293.14537;0.028;;;L1;
2155;Nitromethane;Water;293.14537;0.02836127;;;L1;
2155;Nitromethane;Water;294.09518;0.0342;;;L1;
2155;Nitromethane;Water;294.14517;0.034;;;L1;
2155;Nitromethane;Water;294.19516;0.034;;;L1;
2155;Nitromethane;Water;296.14477;0.035;;;L1;
2155;Nitromethane;Water;296.4947;0.035;;;L1;
2155;Nitromethane;Water;298.136;0.0353;;;L1;
2155;Nitromethane;Water;298.136;0.031751487;;;L1;
2155;Nitromethane;Water;298.136;0.025;;;L1;
2155;Nitromethane;Water;298.14437;0.0356;;;L1;
2155;Nitromethane;Water;298.15;0.035888241;;;L1;
2155;Nitromethane;Water;299.83532;0.030389249;;;L1;
2155;Nitromethane;Water;303.09307;0.038;;;L1;
2155;Nitromethane;Water;303.134;0.037;;;L1;
2155;Nitromethane;Water;303.143055;0.038;;;L1;
2155;Nitromethane;Water;303.15;0.038688548;;;L1;
2155;Nitromethane;Water;303.15;0.038688548;;;L1;
2155;Nitromethane;Water;303.15;0.038;;;L1;
2155;Nitromethane;Water;303.15;0.037985242;;;L1;
2155;Nitromethane;Water;303.15;0.038688548;;;L1;
2155;Nitromethane;Water;303.19304;0.038;;;L1;
2155;Nitromethane;Water;304.15;0.037634399;;;L1;
2155;Nitromethane;Water;304.83332;0.04;;;L1;
2155;Nitromethane;Water;305.59232;0.039;;;L1;
2155;Nitromethane;Water;310.1312;0.040633856;;;L1;
2155;Nitromethane;Water;312.79016;0.042;;;L1;
2155;Nitromethane;Water;313.09007;0.0433;;;L1;
2155;Nitromethane;Water;313.13;0.0415;;;L1;
2155;Nitromethane;Water;313.140055;0.043;;;L1;
2155;Nitromethane;Water;313.140055;0.043;;;L1;
2155;Nitromethane;Water;313.140055;0.031751487;;;L1;
2155;Nitromethane;Water;313.140055;0.031751487;;;L1;
2155;Nitromethane;Water;313.140055;0.032;;;L1;
2155;Nitromethane;Water;313.15;0.041880419;;;L1;
2155;Nitromethane;Water;313.15;0.042;;;L1;
2155;Nitromethane;Water;313.19004;0.043;;;L1;
2155;Nitromethane;Water;313.55;0.041523568;;;L1;
2155;Nitromethane;Water;319.38818;0.046;;;L1;
2155;Nitromethane;Water;320.1279;0.048;;;L1;
2155;Nitromethane;Water;321.62745;0.047593011;;;L1;
2155;Nitromethane;Water;323.127;0.048;;;L1;
2155;Nitromethane;Water;323.137055;0.049;;;L1;
2155;Nitromethane;Water;323.15;0.048767292;;;L1;
2155;Nitromethane;Water;323.15;0.047;;;L1;
2155;Nitromethane;Water;323.15;0.046935068;;;L1;
2155;Nitromethane;Water;330.1249;0.053524158;;;L1;
2155;Nitromethane;Water;333.124;0.06;;;L1;
2155;Nitromethane;Water;333.124;0.0561;;;L1;
2155;Nitromethane;Water;333.13437;0.057;;;L1;
2155;Nitromethane;Water;333.15;0.055106169;;;L1;
2155;Nitromethane;Water;333.15;0.051;;;L1;
2155;Nitromethane;Water;333.15;0.050985084;;;L1;
2155;Nitromethane;Water;333.65;0.049873564;;;L1;
2155;Nitromethane;Water;340.15;0.05891587;;;L1;
2155;Nitromethane;Water;341.15;0.062008025;;;L1;
2155;Nitromethane;Water;341.624;0.06462868;;;L1;
2155;Nitromethane;Water;343.124;0.0663;;;L1;
2155;Nitromethane;Water;343.62395;0.069;;;L1;
2155;Nitromethane;Water;343.65;0.057384661;;;L1;
2155;Nitromethane;Water;348.15;0.07274624;;;L1;
2155;Nitromethane;Water;348.62345;0.074951709;;;L1;
2155;Nitromethane;Water;349.03;0.075;;;L1;
2155;Nitromethane;Water;349.62335;0.078214128;;;L1;
2155;Nitromethane;Water;353.123;0.0781;;;L1;
2155;Nitromethane;Water;353.35;0.067119077;;;L1;
2155;Nitromethane;Water;353.9;0.084;;;L1;
2155;Nitromethane;Water;355.123;0.088;;;L1;
2155;Nitromethane;Water;355.8;0.087617147;;;L1;
2155;Nitromethane;Water;356.723;0.098;;;L1;
2155;Nitromethane;Water;358.123;0.0848;;;L1;
2155;Nitromethane;Water;358.623;0.093599573;;;L1;
2155;Nitromethane;Water;360.7;0.095729186;;;L1;
2155;Nitromethane;Water;363.15;0.09662176;;;L1;
2155;Nitromethane;Water;364.07;0.107;;;L1;
2155;Nitromethane;Water;366.6;0.113711574;;;L1;
2155;Nitromethane;Water;367.1234;0.122048004;;;L1;
2155;Nitromethane;Water;368.09;0.124;;;L1;
2155;Nitromethane;Water;369.7;0.120722147;;;L1;
2155;Nitromethane;Water;371.82387;0.134;;;L1;
2155;Nitromethane;Water;372.59;0.156;;;L1;
2155;Nitromethane;Water;372.62395;0.159808008;;;L1;
2155;Nitromethane;Water;374.63;0.181;;;L1;
2155;Nitromethane;Water;375.1244;0.195774258;;;L1;
2155;Nitromethane;Water;376.16;0.208;;;L1;
2155;Nitromethane;Water;376.42371;0.29;;;L1;
2155;Nitromethane;Water;376.42371;0.29;;;L1;
2155;Nitromethane;Water;376.51;0.221;;;L1;
2155;Nitromethane;Water;376.72472;0.303328239;;;L1;
2155;Nitromethane;Water;376.87;0.242;;;L1;
2155;Nitromethane;Water;377.05;0.261;;;L1;
2155;Nitromethane;Water;377.07;0.273;;;L1;
2155;Nitromethane;Water;377.1;0.14290715;;;L1;
2155;Nitromethane;Water;377.11;0.284;;;L1;
2155;Nitromethane;Water;377.12;0.297;;;L1;
2155;Nitromethane;Water;377.16;0.295;;;L1;
2155;Nitromethane;Water;377.32484;0.351;;;L1;
2155;Nitromethane;Water;377.6249;0.228;;;L1;
2155;Nitromethane;Water;377.6249;0.283;;;L1;
2155;Nitromethane;Water;377.6249;0.283;;;L1;
2155;Nitromethane;Water;380.1;0.424229761;;;L1;
2155;Nitromethane;Water;381.3;0.187620524;;;L1;
2155;Nitromethane;Water;382.1;0.341684874;;;L1;
2155;Nitromethane;Water;383.4;0.256928447;;;L1;
2155;Nitromethane;Water;384.7;0.311763161;;;L1;
2155;Nitromethane;Water;384.7;0.387615528;;;L1;
2155;Nitromethane;Water;273.15;0.963682929;;;L2;
2155;Nitromethane;Water;274.1494;0.966907469;;;L2;
2155;Nitromethane;Water;282.65;0.952830869;;;L2;
2155;Nitromethane;Water;289.1404;0.956004924;;;L2;
2155;Nitromethane;Water;292.85;0.938107036;;;L2;
2155;Nitromethane;Water;293.09538;0.932;;;L2;
2155;Nitromethane;Water;293.138;0.9353;;;L2;
2155;Nitromethane;Water;293.14537;0.935;;;L2;
2155;Nitromethane;Water;293.14537;0.935323568;;;L2;
2155;Nitromethane;Water;293.14537;0.936;;;L2;
2155;Nitromethane;Water;293.14537;0.935323568;;;L2;
2155;Nitromethane;Water;294.09518;0.932;;;L2;
2155;Nitromethane;Water;294.14517;0.932;;;L2;
2155;Nitromethane;Water;294.19516;0.932;;;L2;
2155;Nitromethane;Water;296.14477;0.931;;;L2;
2155;Nitromethane;Water;298.136;0.918;;;L2;
2155;Nitromethane;Water;298.136;0.938417016;;;L2;
2155;Nitromethane;Water;298.136;0.9268;;;L2;
2155;Nitromethane;Water;298.136;0.935323568;;;L2;
2155;Nitromethane;Water;298.136;0.92673646;;;L2;
2155;Nitromethane;Water;298.14437;0.928;;;L2;
2155;Nitromethane;Water;298.15;0.926127261;;;L2;
2155;Nitromethane;Water;302.19334;0.92;;;L2;
2155;Nitromethane;Water;303.09307;0.908;;;L2;
2155;Nitromethane;Water;303.134;0.9205;;;L2;
2155;Nitromethane;Water;303.143055;0.916;;;L2;
2155;Nitromethane;Water;303.15;0.950933462;;;L2;
2155;Nitromethane;Water;303.15;0.908104383;;;L2;
2155;Nitromethane;Water;303.15;0.909;;;L2;
2155;Nitromethane;Water;304.15;0.920065477;;;L2;
2155;Nitromethane;Water;306.1328;0.917;;;L2;
2155;Nitromethane;Water;307.6322;0.919763822;;;L2;
2155;Nitromethane;Water;309.29121;0.905;;;L2;
2155;Nitromethane;Water;313.09007;0.893;;;L2;
2155;Nitromethane;Water;313.13;0.8975;;;L2;
2155;Nitromethane;Water;313.140055;0.876286988;;;L2;
2155;Nitromethane;Water;313.140055;0.876;;;L2;
2155;Nitromethane;Water;313.140055;0.893;;;L2;
2155;Nitromethane;Water;313.140055;0.893;;;L2;
2155;Nitromethane;Water;313.140055;0.876286988;;;L2;
2155;Nitromethane;Water;313.15;0.896355125;;;L2;
2155;Nitromethane;Water;313.15;0.895;;;L2;
2155;Nitromethane;Water;313.55;0.886243907;;;L2;
2155;Nitromethane;Water;315.18944;0.888;;;L2;
2155;Nitromethane;Water;319.68809;0.876;;;L2;
2155;Nitromethane;Water;323.127;0.8661;;;L2;
2155;Nitromethane;Water;323.137055;0.865;;;L2;
2155;Nitromethane;Water;323.15;0.818822698;;;L2;
2155;Nitromethane;Water;323.15;0.87;;;L2;
2155;Nitromethane;Water;323.15;0.870665244;;;L2;
2155;Nitromethane;Water;327.18584;0.851;;;L2;
2155;Nitromethane;Water;327.62565;0.851;;;L2;
2155;Nitromethane;Water;333.124;0.8264;;;L2;
2155;Nitromethane;Water;333.13437;0.827;;;L2;
2155;Nitromethane;Water;333.15;0.849;;;L2;
2155;Nitromethane;Water;333.15;0.84865803;;;L2;
2155;Nitromethane;Water;333.65;0.774333064;;;L2;
2155;Nitromethane;Water;335.124;0.815736646;;;L2;
2155;Nitromethane;Water;338.88322;0.815;;;L2;
2155;Nitromethane;Water;340.15;0.772419257;;;L2;
2155;Nitromethane;Water;341.15;0.772419257;;;L2;
2155;Nitromethane;Water;343.124;0.7783;;;L2;
2155;Nitromethane;Water;343.65;0.768135561;;;L2;
2155;Nitromethane;Water;346.62365;0.768;;;L2;
2155;Nitromethane;Water;348.15;0.737639055;;;L2;
2155;Nitromethane;Water;348.22;0.752;;;L2;
2155;Nitromethane;Water;353.123;0.741931786;;;L2;
2155;Nitromethane;Water;353.123;0.722;;;L2;
2155;Nitromethane;Water;353.35;0.717294424;;;L2;
2155;Nitromethane;Water;355.17;0.706;;;L2;
2155;Nitromethane;Water;356.723;0.635;;;L2;
2155;Nitromethane;Water;358.123;0.6906;;;L2;
2155;Nitromethane;Water;361.1;0.656;;;L2;
2155;Nitromethane;Water;361.623;0.658579268;;;L2;
2155;Nitromethane;Water;363.15;0.625808429;;;L2;
2155;Nitromethane;Water;364.1231;0.62324344;;;L2;
2155;Nitromethane;Water;365.13;0.611;;;L2;
2155;Nitromethane;Water;365.32322;0.626;;;L2;
2155;Nitromethane;Water;367.6;0.589467181;;;L2;
2155;Nitromethane;Water;368.89;0.57;;;L2;
2155;Nitromethane;Water;369.1236;0.57330429;;;L2;
2155;Nitromethane;Water;371.1238;0.527330162;;;L2;
2155;Nitromethane;Water;372.5;0.512;;;L2;
2155;Nitromethane;Water;374.96;0.44;;;L2;
2155;Nitromethane;Water;375.02438;0.47;;;L2;
2155;Nitromethane;Water;375.5;0.534464817;;;L2;
2155;Nitromethane;Water;375.6245;0.380778674;;;L2;
2155;Nitromethane;Water;375.81;0.413;;;L2;
2155;Nitromethane;Water;376.1246;0.358;;;L2;
2155;Nitromethane;Water;376.42;0.384;;;L2;
2155;Nitromethane;Water;376.76;0.359;;;L2;
2155;Nitromethane;Water;376.92;0.335;;;L2;
2155;Nitromethane;Water;377.05;0.319;;;L2;
2155;Nitromethane;Water;377.09;0.308;;;L2;
2165;Nitromethane;1-Heptanol;288.29651;0.175;0.007554199;0.00755747;L1;314.2682453
2165;Nitromethane;1-Heptanol;288.29651;0.17459478;0.007554199;0.00755747;L1;314.0364225
2165;Nitromethane;1-Heptanol;290;0.19;0.007701943;0.007703455;L1;320.5551461
2165;Nitromethane;1-Heptanol;299.624074;0.25147083;0.008564689;0.008565089;L1;337.967917
2165;Nitromethane;1-Heptanol;299.64407;0.251;0.008566529;0.008566974;L1;337.7590256
2165;Nitromethane;1-Heptanol;300;0.252;0.00859932;0.008600529;L1;337.7745991
2165;Nitromethane;1-Heptanol;305;0.31;0.009066242;0.009071898;L1;353.2014503
2165;Nitromethane;1-Heptanol;306.39208;0.322462843;0.00919828;0.009203135;L1;355.6971384
2165;Nitromethane;1-Heptanol;306.39208;0.322;0.00919828;0.009203135;L1;355.5535016
2165;Nitromethane;1-Heptanol;310;0.381;0.009544472;0.009546011;L1;368.6837209
2165;Nitromethane;1-Heptanol;310.440865;0.380587516;0.00958716;0.009589404;L1;368.1291417
2165;Nitromethane;1-Heptanol;310.440865;0.388;0.00958716;0.009589404;L1;370.0580603
2165;Nitromethane;1-Heptanol;312.980103;0.4493048;0.009834621;0.009839332;L1;382.179258
2165;Nitromethane;1-Heptanol;312.9901;0.449;0.009835601;0.009840316;L1;382.1014371
2165;Nitromethane;1-Heptanol;314.539635;0.506;0.009987924;0.009992832;L1;392.5159903
2165;Nitromethane;1-Heptanol;314.559629;0.506194351;0.009989896;0.009994799;L1;392.534652
2165;Nitromethane;1-Heptanol;315.419371;0.559307676;0.010074836;0.010079421;L1;401.665887
2165;Nitromethane;1-Heptanol;315.439365;0.559;0.010076815;0.010081389;L1;401.5912219
2165;Nitromethane;1-Heptanol;315.829248;0.609008686;0.010115435;0.010119764;L1;409.7770058
2165;Nitromethane;1-Heptanol;315.839245;0.609;0.010116426;0.010120748;L1;409.7657827
2165;Nitromethane;1-Heptanol;316.009194;0.655615987;0.01013328;0.010137475;L1;416.9750194
2165;Nitromethane;1-Heptanol;316.039185;0.656;0.010136255;0.010140427;L1;417.0042168
2165;Nitromethane;1-Heptanol;316.08917;0.686;0.010141215;0.010145347;L1;421.4269816
2165;Nitromethane;1-Heptanol;316.08917;0.686;0.010141215;0.010145347;L1;421.4269816
2165;Nitromethane;1-Heptanol;290;0.95;0.999458381;0.999457839;L2;5.075152907
2165;Nitromethane;1-Heptanol;297.24455;0.945;0.999324364;0.999321247;L2;5.589448665
2165;Nitromethane;1-Heptanol;297.264546;0.944853805;0.999323963;0.99932087;L2;5.604880191
2165;Nitromethane;1-Heptanol;300;0.933;0.999267596;0.999266818;L2;6.861740612
2165;Nitromethane;1-Heptanol;305;0.9152;0.99915599;0.999150742;L2;8.776829161
2165;Nitromethane;1-Heptanol;305.39238;0.915166766;0.999146749;0.999141633;L2;8.779535755
2165;Nitromethane;1-Heptanol;305.39238;0.915;0.999146749;0.999141633;L2;8.797759887
2165;Nitromethane;1-Heptanol;310;0.884;0.999032835;0.999031511;L2;12.23305832
2165;Nitromethane;1-Heptanol;310.430868;0.883922595;0.999021665;0.99901945;L2;12.24069682
2165;Nitromethane;1-Heptanol;310.440865;0.884;0.999021404;0.999019171;L2;12.23191417
2165;Nitromethane;1-Heptanol;313.29001;0.851;0.99894525;0.998939417;L2;16.02878436
2165;Nitromethane;1-Heptanol;313.310004;0.850995479;0.998944701;0.998938858;L2;16.02926071
2165;Nitromethane;1-Heptanol;314.9895;0.81624568;0.998897915;0.998891845;L2;20.19371986
2165;Nitromethane;1-Heptanol;314.9895;0.816;0.998897915;0.998891845;L2;20.22382317
2165;Nitromethane;1-Heptanol;315.719281;0.779517548;0.998877146;0.998871417;L2;24.79565939
2165;Nitromethane;1-Heptanol;315.739275;0.78;0.998876573;0.998870858;L2;24.73373009
2165;Nitromethane;1-Heptanol;315.979203;0.74063719;0.998869684;0.998864142;L2;29.91134402
2165;Nitromethane;1-Heptanol;315.9892;0.741;0.998869396;0.998863862;L2;29.86234102
2165;Nitromethane;1-Heptanol;316.059179;0.699409719;0.998867381;0.998861903;L2;35.63852972
2165;Nitromethane;1-Heptanol;316.08917;0.699;0.998866516;0.998861064;L2;35.69704103
2183;Nitromethane;3-Pentanol;282.459;0.172;0.011409188;0.011415878;L1;271.3075441
2183;Nitromethane;3-Pentanol;284.507;0.2;0.01162694;0.011631863;L1;284.4992553
2183;Nitromethane;3-Pentanol;285.848;0.219;0.011770761;0.011773287;L1;292.3453117
2183;Nitromethane;3-Pentanol;286.853;0.24;0.011879179;0.011879338;L1;300.5851724
2183;Nitromethane;3-Pentanol;287.782;0.262;0.011979872;0.011982085;L1;308.5116572
2183;Nitromethane;3-Pentanol;288.519;0.281;0.012060075;0.012063597;L1;314.8454218
2183;Nitromethane;3-Pentanol;289.139;0.301;0.012127764;0.012132168;L1;321.1612922
2183;Nitromethane;3-Pentanol;289.689;0.315;0.012187975;0.012192998;L1;325.2122867
2183;Nitromethane;3-Pentanol;290.12;0.335;0.012235265;0.012240666;L1;330.9808135
2183;Nitromethane;3-Pentanol;290.16;0.371;0.012239659;0.01224509;L1;341.1520628
2183;Nitromethane;3-Pentanol;290.437;0.357;0.012270108;0.012275726;L1;337.056973
2183;Nitromethane;3-Pentanol;290.46;0.385;0.012272638;0.01227827;L1;344.5871114
2183;Nitromethane;3-Pentanol;290.641;0.365;0.012292557;0.012298288;L1;339.0903405
2183;Nitromethane;3-Pentanol;290.79;0.378;0.012308967;0.012314768;L1;342.4566202
2183;Nitromethane;3-Pentanol;290.898;0.388;0.012320868;0.012326712;L1;344.9710934
2183;Nitromethane;3-Pentanol;290.95;0.413;0.0123266;0.012332463;L1;351.1688042
2183;Nitromethane;3-Pentanol;290.999;0.394;0.012332003;0.012337883;L1;346.4153146
2183;Nitromethane;3-Pentanol;291.091;0.404;0.01234215;0.012348058;L1;348.8394608
2183;Nitromethane;3-Pentanol;291.15;0.427;0.01234866;0.012354583;L1;354.323644
2183;Nitromethane;3-Pentanol;291.179;0.414;0.012351861;0.012357791;L1;351.2059268
2183;Nitromethane;3-Pentanol;291.256;0.424;0.01236036;0.012366307;L1;353.5238869
2183;Nitromethane;3-Pentanol;291.326;0.431;0.01236809;0.012374049;L1;355.0988361
2183;Nitromethane;3-Pentanol;291.385;0.441;0.012374606;0.012380574;L1;357.3398391
2183;Nitromethane;3-Pentanol;291.435;0.452;0.01238013;0.012386104;L1;359.75894
2183;Nitromethane;3-Pentanol;291.46;0.454;0.012382893;0.012388869;L1;360.1781308
2183;Nitromethane;3-Pentanol;291.475;0.462;0.01238455;0.012390528;L1;361.9115147
2183;Nitromethane;3-Pentanol;291.506;0.469;0.012387976;0.012393957;L1;363.387642
2183;Nitromethane;3-Pentanol;291.534;0.476;0.012391071;0.012397053;L1;364.8441702
2183;Nitromethane;3-Pentanol;291.562;0.487;0.012394167;0.01240015;L1;367.1038199
2183;Nitromethane;3-Pentanol;291.58;0.494;0.012396157;0.012402141;L1;368.5149041
2183;Nitromethane;3-Pentanol;291.594;0.501;0.012397705;0.012403689;L1;369.9094761
2183;Nitromethane;3-Pentanol;291.607;0.508;0.012399142;0.012405127;L1;371.2854168
2183;Nitromethane;3-Pentanol;291.618;0.515;0.012400358;0.012406344;L1;372.6441525
2183;Nitromethane;3-Pentanol;291.625;0.522;0.012401132;0.012407118;L1;373.9879789
2183;Nitromethane;3-Pentanol;291.629;0.529;0.012401575;0.01240756;L1;375.3164964
2183;Nitromethane;3-Pentanol;291.635;0.543;0.012402238;0.012408224;L1;377.9232349
2183;Nitromethane;3-Pentanol;291.65;0.514;0.012403897;0.012409883;L1;372.4212544
2183;Nitromethane;3-Pentanol;291.66;0.512;0.012405003;0.012410989;L1;372.0224742
2183;Nitromethane;3-Pentanol;282.459;0.864;0.997651875;0.9976434;L2;14.38316236
2183;Nitromethane;3-Pentanol;284.507;0.847;0.997543793;0.997537586;L2;16.35953555
2183;Nitromethane;3-Pentanol;285.848;0.83;0.997471377;0.9974683;L2;18.37977531
2183;Nitromethane;3-Pentanol;286.853;0.816;0.997416251;0.997416289;L2;20.07538317
2183;Nitromethane;3-Pentanol;287.782;0.803;0.997364642;0.997361711;L2;21.67617281
2183;Nitromethane;3-Pentanol;288.519;0.786;0.997323252;0.997318412;L2;23.81181501
2183;Nitromethane;3-Pentanol;289.139;0.771;0.997288128;0.997281988;L2;25.73513495
2183;Nitromethane;3-Pentanol;289.689;0.754;0.997256735;0.997249675;L2;27.96158763
2183;Nitromethane;3-Pentanol;290.06;0.754;0.997235435;0.997227879;L2;27.95945173
2183;Nitromethane;3-Pentanol;290.12;0.742;0.997231981;0.997224354;L2;29.56341784
2183;Nitromethane;3-Pentanol;290.437;0.728;0.997213687;0.997205731;L2;31.46640293
2183;Nitromethane;3-Pentanol;290.641;0.719;0.997201877;0.997193746;L2;32.70918758
2183;Nitromethane;3-Pentanol;290.66;0.734;0.997200775;0.99719263;L2;30.64431002
2183;Nitromethane;3-Pentanol;290.75;0.725;0.997195553;0.997187342;L2;31.87752377
2183;Nitromethane;3-Pentanol;290.79;0.71;0.997193231;0.997184992;L2;33.96795934
2183;Nitromethane;3-Pentanol;290.898;0.705;0.997186954;0.997178647;L2;34.67404662
2183;Nitromethane;3-Pentanol;290.999;0.701;0.997181076;0.997172714;L2;35.24244877
2183;Nitromethane;3-Pentanol;291.091;0.693;0.997175716;0.997167309;L2;36.3897
2183;Nitromethane;3-Pentanol;291.16;0.7;0.997171692;0.997163255;L2;35.38426284
2183;Nitromethane;3-Pentanol;291.179;0.686;0.997170583;0.997162139;L2;37.40442238
2183;Nitromethane;3-Pentanol;291.256;0.678;0.997166087;0.997157615;L2;38.57700548
2183;Nitromethane;3-Pentanol;291.326;0.671;0.997161996;0.997153503;L2;39.6144103
2183;Nitromethane;3-Pentanol;291.385;0.667;0.997158545;0.997150036;L2;40.21197333
2183;Nitromethane;3-Pentanol;291.435;0.659;0.997155618;0.997147099;L2;41.41833098
2183;Nitromethane;3-Pentanol;291.46;0.675;0.997154154;0.99714563;L2;39.01926853
2183;Nitromethane;3-Pentanol;291.475;0.652;0.997153276;0.997144749;L2;42.48599332
2183;Nitromethane;3-Pentanol;291.506;0.646;0.997151459;0.997142928;L2;43.41031699
2183;Nitromethane;3-Pentanol;291.534;0.642;0.997149818;0.997141283;L2;44.03127242
2183;Nitromethane;3-Pentanol;291.56;0.662;0.997148294;0.997139755;L2;40.96339432
2183;Nitromethane;3-Pentanol;291.562;0.635;0.997148177;0.997139638;L2;45.12743826
2183;Nitromethane;3-Pentanol;291.58;0.631;0.997147121;0.99713858;L2;45.75924603
2183;Nitromethane;3-Pentanol;291.594;0.625;0.9971463;0.997137758;L2;46.71458495
2183;Nitromethane;3-Pentanol;291.607;0.621;0.997145537;0.997136994;L2;47.35656524
2183;Nitromethane;3-Pentanol;291.625;0.614;0.997144481;0.997135936;L2;48.49007469
2183;Nitromethane;3-Pentanol;291.635;0.608;0.997143894;0.997135349;L2;49.47202045
2183;Nitromethane;3-Pentanol;291.65;0.618;0.997143013;0.997134468;L2;47.8405746
2183;Nitromethane;3-Pentanol;291.66;0.637;0.997142426;0.99713388;L2;44.81239591
2183;Nitromethane;3-Pentanol;291.75;0.586;0.997137139;0.997128593;L2;53.15685229
2183;Nitromethane;3-Pentanol;291.76;0.593;0.997136551;0.997128005;L2;51.9693324
2243;Octane;Phenol;306.18;0.1378;0.122699883;0.123076459;L1;11.60619621
2243;Octane;Phenol;310.25;0.1519;0.133642739;0.133979729;L1;12.80523002
2243;Octane;Phenol;310.99;0.1528;0.135737274;0.135962142;L1;11.84086657
2243;Octane;Phenol;313.45;0.1648;0.142950522;0.143265445;L1;14.22340488
2243;Octane;Phenol;316.55;0.1809;0.152628308;0.153172781;L1;16.99387866
2243;Octane;Phenol;317.1;0.1799;0.154418762;0.154930534;L1;15.27329963
2243;Octane;Phenol;319.75;0.2;0.163380174;0.163399709;L1;20.2237525
2243;Octane;Phenol;320.16;0.2051;0.164818477;0.164930973;L1;21.8652939
2243;Octane;Phenol;322.35;0.2192;0.172752965;0.173335769;L1;23.81219278
2243;Octane;Phenol;324.6;0.2375;0.181377407;0.181970834;L1;26.95876404
2243;Octane;Phenol;325.22;0.2549;0.183844374;0.184350274;L1;32.67817062
2243;Octane;Phenol;325.45;0.2507;0.184769942;0.185232969;L1;30.51455116
2243;Octane;Phenol;326.35;0.2694;0.188447319;0.188686995;L1;35.73787698
2243;Octane;Phenol;327.28;0.3021;0.192343357;0.192436817;L1;45.14759963
2243;Octane;Phenol;327.65;0.2978;0.193921516;0.19415927;L1;42.89685985
2243;Octane;Phenol;328.55;0.3255;0.197829562;0.19834902;L1;49.79565985
2243;Octane;Phenol;328.72;0.3507;0.198579042;0.199140417;L1;56.87439398
2243;Octane;Phenol;329.05;0.3499;0.200044404;0.200676659;L1;55.91080365
2243;Octane;Phenol;329.34;0.4009;0.201343735;0.20202669;L1;68.86984502
2243;Octane;Phenol;329.45;0.3797;0.201839455;0.202538771;L1;63.19088614
2243;Octane;Phenol;329.53;0.4563;0.20220098;0.202911193;L1;81.38883349
2243;Octane;Phenol;329.54;0.4543;0.20224623;0.202957746;L1;80.92718574
2243;Octane;Phenol;329.8;0.4092;0.203427396;0.204168118;L1;69.88948715
2243;Octane;Phenol;329.95;0.4423;0.204112955;0.20486641;L1;77.33148448
2243;Octane;Phenol;301.85;0.8768;0.93927526;0.938864917;L2;6.882966187
2243;Octane;Phenol;305.55;0.859;0.930781478;0.930381017;L2;8.025561051
2243;Octane;Phenol;306.67;0.8514;0.928023405;0.927461553;L2;8.617489959
2243;Octane;Phenol;307.9;0.8466;0.92488872;0.924255355;L2;8.844509963
2243;Octane;Phenol;310.05;0.832;0.91913223;0.918651027;L2;9.959755631
2243;Octane;Phenol;312.55;0.8141;0.911969763;0.91180818;L2;11.35236259
2243;Octane;Phenol;314.69;0.8057;0.905410762;0.904773854;L2;11.66772566
2243;Octane;Phenol;314.85;0.7964;0.904903733;0.904247923;L2;12.77269932
2243;Octane;Phenol;316.45;0.7814;0.899700919;0.898988614;L2;14.09752136
2243;Octane;Phenol;318.2;0.7639;0.893723963;0.893236245;L2;15.69600704
2243;Octane;Phenol;319.85;0.7436;0.88779919;0.88778454;L2;17.7242324
2243;Octane;Phenol;323.33;0.704;0.874306946;0.873492094;L2;21.66531543
2243;Octane;Phenol;323.45;0.7041;0.873816039;0.872999251;L2;21.59494798
2243;Octane;Phenol;324.3;0.6927;0.870287061;0.869508281;L2;22.82261075
2243;Octane;Phenol;326.08;0.6521;0.862592621;0.862197777;L2;27.97446052
2243;Octane;Phenol;327.3;0.6371;0.857068411;0.856945307;L2;29.65911124
2243;Octane;Phenol;327.46;0.601;0.856328145;0.856127586;L2;35.40587151
2243;Octane;Phenol;328.05;0.6121;0.853565897;0.853112239;L2;33.25270792
2243;Octane;Phenol;328.3;0.5824;0.852379796;0.85183455;L2;38.08747005
2243;Octane;Phenol;328.7;0.5826;0.850462295;0.849790246;L2;37.82792338
2243;Octane;Phenol;329.2;0.547;0.848030665;0.847234867;L2;43.84679947
2243;Octane;Phenol;329.34;0.5065;0.84734278;0.846519361;L2;51.45809883
2243;Octane;Phenol;329.85;0.5052;0.844810447;0.843912875;L2;51.41578891
2243;Octane;Phenol;330;0.4744;0.844057642;0.843146261;L2;57.61699404
2246;Octane;Water;273.1000159;2.13E-07;;;L1;
2246;Octane;Water;278.1492701;2.60E-07;;;L1;
2246;Octane;Water;278.15;2.09E-07;;;L1;
2246;Octane;Water;283.15;1.71E-07;;;L1;
2246;Octane;Water;288.146555;1.40E-07;;;L1;
2246;Octane;Water;288.146555;1.03E-07;;;L1;
2246;Octane;Water;288.15;1.34E-07;;;L1;
2246;Octane;Water;293.14537;9.90E-08;;;L1;
2246;Octane;Water;293.14537;2.00E-07;;;L1;
2246;Octane;Water;293.14537;2.00E-07;;;L1;
2246;Octane;Water;293.15;1.17E-07;;;L1;
2246;Octane;Water;298.136;3.00E-06;;;L1;
2246;Octane;Water;298.136;1.04E-07;;;L1;
2246;Octane;Water;298.136;1.04E-07;;;L1;
2246;Octane;Water;298.14437;1.75E-07;;;L1;
2246;Octane;Water;298.14437;1.08E-07;;;L1;
2246;Octane;Water;298.14437;9.70E-08;;;L1;
2246;Octane;Water;298.14437;1.04E-07;;;L1;
2246;Octane;Water;298.14437;6.80E-08;;;L1;
2246;Octane;Water;298.14437;1.34E-07;;;L1;
2246;Octane;Water;298.14437;1.00E-07;;;L1;
2246;Octane;Water;298.15;1.16E-07;;;L1;
2246;Octane;Water;303.05;1.22E-07;;;L1;
2246;Octane;Water;303.143055;9.60E-08;;;L1;
2246;Octane;Water;303.45;1.20E-07;;;L1;
2246;Octane;Water;308.141555;9.80E-08;;;L1;
2246;Octane;Water;308.15;1.87E-07;;;L1;
2246;Octane;Water;310.89073;1.20E-07;;;L1;
2246;Octane;Water;313.240025;8.26E-08;;;L1;
2246;Octane;Water;318.138555;2.90E-07;;;L1;
2246;Octane;Water;318.15;3.01E-07;;;L1;
2246;Octane;Water;323.15;3.96E-07;2.78E-07;2.88E-07;L1;35.30462201
2246;Octane;Water;328.15;5.01E-07;3.20E-07;3.41E-07;L1;44.74288951
2246;Octane;Water;333.15;6.55E-07;3.68E-07;3.95E-07;L1;57.71640174
2246;Octane;Water;338.15;8.28E-07;4.21E-07;4.49E-07;L1;67.56781074
2246;Octane;Water;342.35;2.39E-07;4.71E-07;4.94E-07;L1;67.91789982
2246;Octane;Water;342.832145;1.43E-07;4.77E-07;4.99E-07;L1;120.5586519
2246;Octane;Water;343.15;9.97E-07;4.81E-07;5.02E-07;L1;72.79002798
2246;Octane;Water;343.15;3.52E-07;4.81E-07;5.02E-07;L1;31.32193145
2246;Octane;Water;348.15;1.19E-06;5.49E-07;5.56E-07;L1;77.36124139
2246;Octane;Water;366.4757;4.80E-07;8.72E-07;9.24E-07;L1;59.71265871
2246;Octane;Water;372.22455;1.77E-07;1.00E-06;1.05E-06;L1;173.4419877
2246;Octane;Water;373.05;4.80E-07;1.02E-06;1.06E-06;L1;75.6630911
2246;Octane;Water;374.25;5.38E-07;1.05E-06;1.09E-06;L1;67.13212625
2246;Octane;Water;394.42011;7.29E-07;1.68E-06;1.77E-06;L1;83.56611763
2246;Octane;Water;397.15;1.23E-06;1.79E-06;1.87E-06;L1;37.38166705
2246;Octane;Water;397.15;1.42E-06;1.79E-06;1.87E-06;L1;23.01739683
2246;Octane;Water;404.15;1.77E-06;2.09E-06;2.14E-06;L1;16.47500896
2246;Octane;Water;404.15;1.93E-06;2.09E-06;2.14E-06;L1;7.820963325
2246;Octane;Water;409.71705;1.34E-06;2.36E-06;2.36E-06;L1;56.40959357
2246;Octane;Water;421.9646;3.80E-06;3.05E-06;3.18E-06;L1;21.83555817
2246;Octane;Water;422.61447;1.86E-06;3.10E-06;3.23E-06;L1;50.96212698
2246;Octane;Water;424.35;3.92E-06;3.21E-06;3.35E-06;L1;19.98154685
2246;Octane;Water;438.25;6.90E-06;4.26E-06;4.29E-06;L1;48.20983234
2246;Octane;Water;438.55;6.82E-06;4.29E-06;4.31E-06;L1;46.44358895
2246;Octane;Water;456.15;1.34E-05;6.05E-06;6.26E-06;L1;79.5534531
2246;Octane;Water;479.46;4.00E-05;9.34E-06;9.61E-06;L1;145.5012432
2246;Octane;Water;536.06061;0.00035;2.45E-05;2.49E-05;L1;265.9216438
2246;Octane;Water;273.1000159;0.999854176;;;L2;
2246;Octane;Water;278.15;0.999760995;;;L2;
2246;Octane;Water;283.144;0.9996767;;;L2;
2246;Octane;Water;283.15;0.9996767;;;L2;
2246;Octane;Water;288.15;0.999529689;;;L2;
2246;Octane;Water;293.138;0.999100809;;;L2;
2246;Octane;Water;293.138;0.999397916;;;L2;
2246;Octane;Water;293.14537;0.99957;;;L2;
2246;Octane;Water;293.14537;0.99957;;;L2;
2246;Octane;Water;293.15;0.999341542;;;L2;
2246;Octane;Water;293.15;0.99911;;;L2;
2246;Octane;Water;298.136;0.9991;;;L2;
2246;Octane;Water;298.14437;0.999499277;;;L2;
2246;Octane;Water;298.15;0.999;;;L2;
2246;Octane;Water;298.15;0.999117364;;;L2;
2246;Octane;Water;298.15;0.9992;;;L2;
2246;Octane;Water;298.15;0.9995;;;L2;
2246;Octane;Water;303.134;0.998935677;;;L2;
2246;Octane;Water;308.15;0.998575001;;;L2;
2246;Octane;Water;310.89073;0.999;;;L2;
2246;Octane;Water;318.15;0.997706483;;;L2;
2246;Octane;Water;323.15;0.997037316;0.999993172;0.99999211;L2;0.296025309
2246;Octane;Water;328.15;0.996395375;0.999991182;0.99998911;L2;0.360231972
2246;Octane;Water;333.15;0.995575359;0.999988718;0.99998611;L2;0.442317636
2246;Octane;Water;333.15;0.998;0.999988718;0.99998611;L2;0.199072033
2246;Octane;Water;338.15;0.994865219;0.999985689;0.99998311;L2;0.513369825
2246;Octane;Water;343.15;0.994152165;0.999981996;0.99998011;L2;0.584699683
2246;Octane;Water;348.15;0.993586105;0.999977528;0.99997711;L2;0.64120798
2246;Octane;Water;366.4757;0.9938;0.999952342;0.999945793;L2;0.617164087
2246;Octane;Water;421.9646;0.9606;0.999706406;0.999686261;L2;3.990355287
2246;Octane;Water;477.56;0.874;0.998875681;0.998841565;L2;13.35499518
2246;Octane;Water;533.06031;0.613;0.996851507;0.996823142;L2;48.62368831
2246;Octane;Water;539.06091;0.473;0.996529823;0.996465229;L2;74.51836783
2262;Octane;Perfluorohexane;292.01;0.0941;;;L1;
2262;Octane;Perfluorohexane;293.9;0.1057;;;L1;
2262;Octane;Perfluorohexane;299.2;0.116;;;L1;
2262;Octane;Perfluorohexane;299.95;0.126;;;L1;
2262;Octane;Perfluorohexane;304.04;0.1468;;;L1;
2262;Octane;Perfluorohexane;308.02;0.1702;;;L1;
2262;Octane;Perfluorohexane;311.56;0.1883;;;L1;
2262;Octane;Perfluorohexane;314.1;0.2056;;;L1;
2262;Octane;Perfluorohexane;316.62;0.217;;;L1;
2262;Octane;Perfluorohexane;319.7;0.215;;;L1;
2262;Octane;Perfluorohexane;322.07;0.2421;;;L1;
2262;Octane;Perfluorohexane;325.2;0.295;;;L1;
2262;Octane;Perfluorohexane;325.3;0.3003;;;L1;
2262;Octane;Perfluorohexane;326.68;0.2947;;;L1;
2262;Octane;Perfluorohexane;328.76;0.3144;;;L1;
2262;Octane;Perfluorohexane;329.315201;0.3188;;;L1;
2262;Octane;Perfluorohexane;329.8;0.4016;;;L1;
2262;Octane;Perfluorohexane;331;0.3694;;;L1;
2262;Octane;Perfluorohexane;331.1;0.5002;;;L1;
2262;Octane;Perfluorohexane;331.304736;0.3444;;;L1;
2262;Octane;Perfluorohexane;331.5;0.3917;;;L1;
2262;Octane;Perfluorohexane;333.16;0.4299;;;L1;
2262;Octane;Perfluorohexane;333.82;0.445;;;L1;
2262;Octane;Perfluorohexane;334.054186;0.4108;;;L1;
2262;Octane;Perfluorohexane;334.42;0.4794;;;L1;
2262;Octane;Perfluorohexane;334.57;0.512;;;L1;
2262;Octane;Perfluorohexane;334.73;0.5499;;;L1;
2262;Octane;Perfluorohexane;334.82;0.5941;;;L1;
2262;Octane;Perfluorohexane;334.83;0.5676;;;L1;
2262;Octane;Perfluorohexane;334.954006;0.4367;;;L1;
2262;Octane;Perfluorohexane;335.203956;0.4718;;;L1;
2262;Octane;Perfluorohexane;335.393918;0.485;;;L1;
2262;Octane;Perfluorohexane;335.493898;0.5065;;;L1;
2262;Octane;Perfluorohexane;335.623872;0.5287;;;L1;
2262;Octane;Perfluorohexane;335.63387;0.5452;;;L1;
2262;Octane;Perfluorohexane;335.663864;0.5614;;;L1;
2262;Octane;Perfluorohexane;281.67;0.9487;;;L2;
2262;Octane;Perfluorohexane;282.3;0.9497;;;L2;
2262;Octane;Perfluorohexane;286.1;0.952;;;L2;
2262;Octane;Perfluorohexane;288.07;0.9439;;;L2;
2262;Octane;Perfluorohexane;288.43;0.9433;;;L2;
2262;Octane;Perfluorohexane;292.54;0.9369;;;L2;
2262;Octane;Perfluorohexane;298.87;0.9238;;;L2;
2262;Octane;Perfluorohexane;303.16;0.9136;;;L2;
2262;Octane;Perfluorohexane;305.5;0.917;;;L2;
2262;Octane;Perfluorohexane;306.5;0.9001;;;L2;
2262;Octane;Perfluorohexane;306.9;0.9008;;;L2;
2262;Octane;Perfluorohexane;314;0.8774;;;L2;
2262;Octane;Perfluorohexane;314.5;0.882;;;L2;
2262;Octane;Perfluorohexane;319.66;0.8574;;;L2;
2262;Octane;Perfluorohexane;322.16;0.8325;;;L2;
2262;Octane;Perfluorohexane;323.4;0.7997;;;L2;
2262;Octane;Perfluorohexane;325.2;0.775;;;L2;
2262;Octane;Perfluorohexane;325.2;0.814;;;L2;
2262;Octane;Perfluorohexane;326.05;0.8205;;;L2;
2262;Octane;Perfluorohexane;328.72;0.7955;;;L2;
2262;Octane;Perfluorohexane;329.4;0.7021;;;L2;
2262;Octane;Perfluorohexane;329.63;0.7772;;;L2;
2262;Octane;Perfluorohexane;331.3;0.6009;;;L2;
2262;Octane;Perfluorohexane;332.04;0.7437;;;L2;
2262;Octane;Perfluorohexane;332.054586;0.7738;;;L2;
2262;Octane;Perfluorohexane;332.81;0.7085;;;L2;
2262;Octane;Perfluorohexane;333.794238;0.7395;;;L2;
2262;Octane;Perfluorohexane;333.87;0.6766;;;L2;
2262;Octane;Perfluorohexane;334.48;0.6496;;;L2;
2262;Octane;Perfluorohexane;334.62;0.6258;;;L2;
2262;Octane;Perfluorohexane;334.954006;0.696;;;L2;
2262;Octane;Perfluorohexane;335.303936;0.6712;;;L2;
2262;Octane;Perfluorohexane;335.393918;0.6585;;;L2;
2262;Octane;Perfluorohexane;335.553886;0.6452;;;L2;
2262;Octane;Perfluorohexane;335.623872;0.6323;;;L2;
2262;Octane;Perfluorohexane;335.63387;0.6191;;;L2;
2262;Octane;Perfluorohexane;335.663864;0.606;;;L2;
2302;Octane;Perfluoro-n-octane;295.1;0.101;;;L1;
2302;Octane;Perfluoro-n-octane;299.71;0.1081;;;L1;
2302;Octane;Perfluoro-n-octane;304.97;0.1266;;;L1;
2302;Octane;Perfluoro-n-octane;311;0.1583;;;L1;
2302;Octane;Perfluoro-n-octane;318.34;0.1776;;;L1;
2302;Octane;Perfluoro-n-octane;322.3;0.2032;;;L1;
2302;Octane;Perfluoro-n-octane;327.71;0.236;;;L1;
2302;Octane;Perfluoro-n-octane;328.9;0.239;;;L1;
2302;Octane;Perfluoro-n-octane;330.43;0.2513;;;L1;
2302;Octane;Perfluoro-n-octane;336.01;0.2755;;;L1;
2302;Octane;Perfluoro-n-octane;336.2;0.3006;;;L1;
2302;Octane;Perfluoro-n-octane;337.4;0.3058;;;L1;
2302;Octane;Perfluoro-n-octane;339.43;0.3311;;;L1;
2302;Octane;Perfluoro-n-octane;340.89;0.3526;;;L1;
2302;Octane;Perfluoro-n-octane;342.05;0.3619;;;L1;
2302;Octane;Perfluoro-n-octane;344.16;0.4011;;;L1;
2302;Octane;Perfluoro-n-octane;344.6;0.4099;;;L1;
2302;Octane;Perfluoro-n-octane;346.09;0.4036;;;L1;
2302;Octane;Perfluoro-n-octane;346.19;0.4411;;;L1;
2302;Octane;Perfluoro-n-octane;346.98;0.4624;;;L1;
2302;Octane;Perfluoro-n-octane;347.92;0.5022;;;L1;
2302;Octane;Perfluoro-n-octane;348.2;0.5093;;;L1;
2302;Octane;Perfluoro-n-octane;348.4;0.5336;;;L1;
2302;Octane;Perfluoro-n-octane;349.14;0.5732;;;L1;
2302;Octane;Perfluoro-n-octane;349.18;0.5842;;;L1;
2302;Octane;Perfluoro-n-octane;349.2;0.602;;;L1;
2302;Octane;Perfluoro-n-octane;349.27;0.601;;;L1;
2302;Octane;Perfluoro-n-octane;349.44;0.6279;;;L1;
2302;Octane;Perfluoro-n-octane;349.5;0.6461;;;L1;
2302;Octane;Perfluoro-n-octane;349.7;0.5016;;;L1;
2302;Octane;Perfluoro-n-octane;350.44;0.5974;;;L1;
2302;Octane;Perfluoro-n-octane;314.35;0.9497;;;L2;
2302;Octane;Perfluoro-n-octane;315.3;0.9491;;;L2;
2302;Octane;Perfluoro-n-octane;321.68;0.9365;;;L2;
2302;Octane;Perfluoro-n-octane;325.46;0.9276;;;L2;
2302;Octane;Perfluoro-n-octane;325.6;0.9305;;;L2;
2302;Octane;Perfluoro-n-octane;329.75;0.9162;;;L2;
2302;Octane;Perfluoro-n-octane;334.24;0.9009;;;L2;
2302;Octane;Perfluoro-n-octane;334.59;0.8998;;;L2;
2302;Octane;Perfluoro-n-octane;335.1;0.9005;;;L2;
2302;Octane;Perfluoro-n-octane;338.45;0.8812;;;L2;
2302;Octane;Perfluoro-n-octane;340.43;0.8673;;;L2;
2302;Octane;Perfluoro-n-octane;341.2;0.8722;;;L2;
2302;Octane;Perfluoro-n-octane;342.69;0.851;;;L2;
2302;Octane;Perfluoro-n-octane;344.65;0.8323;;;L2;
2302;Octane;Perfluoro-n-octane;345.48;0.8331;;;L2;
2302;Octane;Perfluoro-n-octane;345.72;0.814;;;L2;
2302;Octane;Perfluoro-n-octane;346.4;0.802;;;L2;
2302;Octane;Perfluoro-n-octane;346.43;0.8026;;;L2;
2302;Octane;Perfluoro-n-octane;347.89;0.7779;;;L2;
2302;Octane;Perfluoro-n-octane;348.81;0.7444;;;L2;
2302;Octane;Perfluoro-n-octane;348.9;0.699;;;L2;
2302;Octane;Perfluoro-n-octane;349.16;0.7626;;;L2;
2302;Octane;Perfluoro-n-octane;349.27;0.7104;;;L2;
2302;Octane;Perfluoro-n-octane;349.36;0.696;;;L2;
2302;Octane;Perfluoro-n-octane;349.44;0.6664;;;L2;
2302;Octane;Perfluoro-n-octane;350.52;0.6987;;;L2;
2375;2-Methylphenol;Water;293.138;0.004;0.00181767;0.001823836;L1;78.87388898
2375;2-Methylphenol;Water;298.15;0.0042;0.001875797;0.00187886;L1;80.60510122
2375;2-Methylphenol;Water;298.15;0.004844093;0.001875797;0.00187886;L1;94.87265115
2375;2-Methylphenol;Water;303.15;0.0044;0.001935875;0.001937897;L1;82.10451035
2375;2-Methylphenol;Water;308.15;0.0046;0.001998096;0.002004306;L1;83.38614195
2375;2-Methylphenol;Water;308.43188;0.005143372;0.002001669;0.00200805;L1;94.37275245
2375;2-Methylphenol;Water;313.13;0.0045;0.002062256;0.00207045;L1;78.02767092
2375;2-Methylphenol;Water;313.15;0.0047;0.002062518;0.002070716;L1;82.36347096
2375;2-Methylphenol;Water;318.1285;0.005301239;0.002128911;0.00213684;L1;91.23301027
2375;2-Methylphenol;Water;318.15;0.0048;0.002129202;0.002137125;L1;81.28684573
2375;2-Methylphenol;Water;323.15;0.005469899;0.002198212;0.002203535;L1;91.16158738
2375;2-Methylphenol;Water;323.15;0.0051;0.002198212;0.002203535;L1;84.15962617
2375;2-Methylphenol;Water;323.32694;0.005512107;0.002200697;0.002205885;L1;91.81725963
2375;2-Methylphenol;Water;331.42451;0.005635314;0.002317705;0.00232198;L1;88.8475458
2375;2-Methylphenol;Water;333.124;0.0055;0.002343087;0.002348992;L1;85.32786809
2375;2-Methylphenol;Water;333.2;0.00527;0.002344229;0.0023502;L1;81.00737198
2375;2-Methylphenol;Water;334.824;0.005952811;0.00236877;0.002376012;L1;92.14926094
2375;2-Methylphenol;Water;343.2;0.00585;0.002499689;0.002509143;L1;85.0275172
2375;2-Methylphenol;Water;343.72394;0.006448649;0.002508126;0.002517471;L1;94.43349014
2375;2-Methylphenol;Water;349.05;0.007647653;0.002595582;0.002602126;L1;108.0588148
2375;2-Methylphenol;Water;350.82323;0.007071817;0.002625395;0.00263031;L1;99.08860005
2375;2-Methylphenol;Water;353.123;0.0065;0.00266459;0.002666863;L1;89.17521495
2375;2-Methylphenol;Water;357.723;0.007806617;0.002744807;0.002749106;L1;104.5261049
2375;2-Methylphenol;Water;361.85;0.008697777;0.002818888;0.002827448;L1;112.6724925
2375;2-Methylphenol;Water;371.65;0.009513121;0.003003117;0.003013479;L1;115.3021198
2375;2-Methylphenol;Water;373.124;0.008;0.003031871;0.00304146;L1;97.02614917
2375;2-Methylphenol;Water;373.15;0.009788178;0.003032381;0.003041953;L1;117.1827179
2375;2-Methylphenol;Water;379.52528;0.008511;0.003160031;0.003162974;L1;99.07775104
2375;2-Methylphenol;Water;383.126;0.00869;0.003234525;0.003238305;L1;98.82907936
2375;2-Methylphenol;Water;393.127;0.0096;0.003450897;0.003463646;L1;102.3129
2375;2-Methylphenol;Water;393.127;0.012;0.003450897;0.003463646;L1;124.6272551
2375;2-Methylphenol;Water;403.13;0.0135;0.003681937;0.003689033;L1;129.9250685
2375;2-Methylphenol;Water;403.13;0.01071;0.003681937;0.003689033;L1;106.7738884
2375;2-Methylphenol;Water;403.73012;0.01148576;0.003696284;0.003702555;L1;113.3780131
2375;2-Methylphenol;Water;413.132;0.0129;0.003928526;0.003938622;L1;118.8962934
2375;2-Methylphenol;Water;413.132;0.018;0.003928526;0.003938622;L1;152.2107381
2375;2-Methylphenol;Water;414.88235;0.01371;0.003973355;0.003985332;L1;123.8514706
2375;2-Methylphenol;Water;415.03238;0.014854466;0.003977221;0.003989336;L1;131.77172
2375;2-Methylphenol;Water;421.83374;0.019089385;0.004156512;0.004170838;L1;152.4456055
2375;2-Methylphenol;Water;423.134;0.025;0.0041917;0.004205536;L1;178.5769335
2375;2-Methylphenol;Water;423.134;0.01689;0.0041917;0.004205536;L1;139.3615241
2375;2-Methylphenol;Water;428.48614;0.02003;0.004339712;0.004348364;L1;152.9423088
2375;2-Methylphenol;Water;431.83748;0.038456663;0.004435046;0.004437798;L1;215.9994015
2375;2-Methylphenol;Water;432.03756;0.033221295;0.004440803;0.004443137;L1;201.2355806
2375;2-Methylphenol;Water;433.138;0.04;0.004472603;0.004472504;L1;219.0908871
2375;2-Methylphenol;Water;433.138;0.0388;0.004472603;0.004472504;L1;216.0449663
2375;2-Methylphenol;Water;434.83851;0.066815722;0.004522192;0.004526086;L1;269.294157
2375;2-Methylphenol;Water;435.1386;0.046;0.004531;0.004535557;L1;231.7698733
2375;2-Methylphenol;Water;435.93884;0.052078005;0.004554572;0.004560815;L1;243.6611167
2375;2-Methylphenol;Water;435.93884;0.103332189;0.004554572;0.004560815;L1;312.1817411
2375;2-Methylphenol;Water;437.1392;0.059;0.00459016;0.004598702;L1;255.3622602
2375;2-Methylphenol;Water;437.1392;0.056934478;0.00459016;0.004598702;L1;251.7986256
2375;2-Methylphenol;Water;437.73938;0.099210533;0.004608058;0.004617645;L1;306.9437681
2375;2-Methylphenol;Water;437.73938;0.03953;0.004608058;0.004617645;L1;214.925337
2375;2-Methylphenol;Water;437.93944;0.080831636;0.00461404;0.00462396;L1;286.3264691
2375;2-Methylphenol;Water;437.93944;0.073006238;0.00461404;0.00462396;L1;276.1441157
2375;2-Methylphenol;Water;437.989455;0.20214;0.004615536;0.004625538;L1;377.9532488
2375;2-Methylphenol;Water;439.1398;0.115;0.004650092;0.004661846;L1;320.8045041
2375;2-Methylphenol;Water;439.1398;0.083;0.004650092;0.004661846;L1;288.195352
2375;2-Methylphenol;Water;439.63995;0.1;0.004665197;0.004677633;L1;306.5040033
2375;2-Methylphenol;Water;439.63995;0.1;0.004665197;0.004677633;L1;306.5040033
2375;2-Methylphenol;Water;442.04067;0.06561;0.004738388;0.004753406;L1;262.8031216
2375;2-Methylphenol;Water;442.290745;0.13599;0.004746077;0.004761299;L1;335.5262913
2375;2-Methylphenol;Water;442.390775;0.08402;0.004749157;0.004764456;L1;287.3087809
2375;2-Methylphenol;Water;442.84091;0.0981;0.004763039;0.004778664;L1;302.510154
2375;2-Methylphenol;Water;442.84091;0.0981;0.004763039;0.004778664;L1;302.510154
2375;2-Methylphenol;Water;293.138;0.524;0.896996277;0.896879647;L2;53.75600275
2375;2-Methylphenol;Water;298.15;0.5152;0.896011426;0.895954088;L2;55.33979902
2375;2-Methylphenol;Water;298.15;0.509733584;0.896011426;0.895954088;L2;56.406496
2375;2-Methylphenol;Water;298.15;0.5093;0.896011426;0.895954088;L2;56.49159311
2375;2-Methylphenol;Water;298.73576;0.508685363;0.895893942;0.895845916;L2;56.59923594
2375;2-Methylphenol;Water;303.15;0.5102;0.894992763;0.894960916;L2;56.20128266
2375;2-Methylphenol;Water;306.73256;0.4993889;0.894241023;0.894160289;L2;58.25901883
2375;2-Methylphenol;Water;308.15;0.5046;0.893938607;0.893843521;L2;57.18710649
2375;2-Methylphenol;Water;313.13;0.505;0.892853852;0.892730595;L2;56.98644787
2375;2-Methylphenol;Water;313.15;0.499;0.892849426;0.892726125;L2;58.1811855
2375;2-Methylphenol;Water;313.15;0.4998;0.892849426;0.892726125;L2;58.02099323
2375;2-Methylphenol;Water;318.1285;0.485598763;0.891730445;0.891613535;L2;60.77812031
2375;2-Methylphenol;Water;318.15;0.4944;0.891725539;0.89160873;L2;58.98134868
2375;2-Methylphenol;Water;323.15;0.4917;0.890567134;0.890491334;L2;59.39897143
2375;2-Methylphenol;Water;323.15;0.4846;0.890567134;0.890491334;L2;60.85346803
2375;2-Methylphenol;Water;323.15;0.485207156;0.890567134;0.890491334;L2;60.72825632
2375;2-Methylphenol;Water;329.72502;0.477467902;0.888991393;0.888963727;L2;62.1590617
2375;2-Methylphenol;Water;333.124;0.485;0.888153423;0.888078132;L2;60.49956111
2375;2-Methylphenol;Water;333.15;0.483;0.888146952;0.888071357;L2;60.9120562
2375;2-Methylphenol;Water;333.2;0.4866;0.888134504;0.88805833;L2;60.16807697
2375;2-Methylphenol;Water;338.124;0.452413975;0.886891664;0.886775395;L2;67.31252026
2375;2-Methylphenol;Water;343.15;0.4728;0.885588248;0.885465883;L2;62.75796453
2375;2-Methylphenol;Water;343.2;0.4614;0.885575104;0.885452856;L2;65.19719229
2375;2-Methylphenol;Water;353.123;0.456;0.882896487;0.882867444;L2;66.07151552
2375;2-Methylphenol;Water;360.623;0.437675174;0.880778262;0.880688685;L2;69.93288819
2375;2-Methylphenol;Water;363.15;0.4438;0.880046074;0.879933332;L2;68.46002525
2375;2-Methylphenol;Water;365.1232;0.441597187;0.879467792;0.879343517;L2;68.89188181
2375;2-Methylphenol;Water;373.124;0.417;0.877063315;0.876951975;L2;74.34929633
2375;2-Methylphenol;Water;393.127;0.373;0.870617944;0.870477839;L2;84.76248198
2375;2-Methylphenol;Water;402.72988;0.347090811;0.867292942;0.867210229;L2;91.57903514
2375;2-Methylphenol;Water;403.13;0.337;0.867151023;0.867074079;L2;94.51302213
2375;2-Methylphenol;Water;403.13;0.3392;0.867151023;0.867074079;L2;93.86232478
2375;2-Methylphenol;Water;403.38005;0.33862;0.867062193;0.866988993;L2;94.02321728
2375;2-Methylphenol;Water;405.43046;0.334418212;0.866329736;0.866291292;L2;95.1873252
2375;2-Methylphenol;Water;413.132;0.2999;0.863513167;0.863406595;L2;105.7560061
2375;2-Methylphenol;Water;413.132;0.3;0.863513167;0.863406595;L2;105.7226672
2375;2-Methylphenol;Water;418.83314;0.273280926;0.861360216;0.861208489;L2;114.8012487
2375;2-Methylphenol;Water;423.134;0.2659;0.85969685;0.859550269;L2;117.3459529
2375;2-Methylphenol;Water;423.134;0.253;0.85969685;0.859550269;L2;122.3190339
2375;2-Methylphenol;Water;425.43492;0.25881;0.85879288;0.858663136;L2;119.9433573
2375;2-Methylphenol;Water;426.93552;0.246010861;0.858197984;0.858084572;L2;124.9459138
2375;2-Methylphenol;Water;430.83708;0.198597481;0.856631273;0.856580304;L2;146.1727505
2375;2-Methylphenol;Water;433.138;0.143487385;0.855693638;0.855693171;L2;178.5665291
2375;2-Methylphenol;Water;433.138;0.192;0.855693638;0.855693171;L2;149.4417041
2375;2-Methylphenol;Water;433.138;0.1902;0.855693638;0.855693171;L2;150.3836263
2375;2-Methylphenol;Water;435.1386;0.172;0.854870043;0.854822925;L2;160.3454984
2375;2-Methylphenol;Water;435.63875;0.167469967;0.854662923;0.854605131;L2;162.9903116
2375;2-Methylphenol;Water;437.03917;0.128265654;0.854080376;0.853995308;L2;189.5921771
2375;2-Methylphenol;Water;437.1392;0.147;0.854038618;0.85395175;L2;175.9543826
2384;Pentane;Water;273.1000159;1.64E-05;;;L1;
2384;Pentane;Water;273.2;1.27E-05;;;L1;
2384;Pentane;Water;277.1494161;1.02E-05;;;L1;
2384;Pentane;Water;283.148055;1.07E-05;5.99E-06;6.11E-06;L1;57.98724948
2384;Pentane;Water;283.2;1.02E-05;6.00E-06;6.12E-06;L1;53.08307743
2384;Pentane;Water;286.65;1.10E-05;6.49E-06;6.71E-06;L1;52.81428478
2384;Pentane;Water;288.19654;1.07E-05;6.72E-06;6.97E-06;L1;46.57890659
2384;Pentane;Water;293.14537;9.80E-06;7.49E-06;7.82E-06;L1;26.83093609
2384;Pentane;Water;293.19536;1.03E-05;7.50E-06;7.83E-06;L1;31.69745032
2384;Pentane;Water;295.45;1.03E-05;7.88E-06;8.21E-06;L1;26.77499621
2384;Pentane;Water;298.136;9.61E-06;8.35E-06;8.67E-06;L1;14.03327186
2384;Pentane;Water;298.136;1.50E-05;8.35E-06;8.67E-06;L1;58.55786968
2384;Pentane;Water;298.136;9.61E-06;8.35E-06;8.67E-06;L1;14.03327186
2384;Pentane;Water;298.136;1.24E-05;8.35E-06;8.67E-06;L1;39.52249683
2384;Pentane;Water;298.14437;9.86E-06;8.35E-06;8.67E-06;L1;16.58346342
2384;Pentane;Water;298.14437;1.01E-05;8.35E-06;8.67E-06;L1;18.98838894
2384;Pentane;Water;298.14437;1.19E-05;8.35E-06;8.67E-06;L1;35.38868657
2384;Pentane;Water;298.14437;9.62E-06;8.35E-06;8.67E-06;L1;14.11927303
2384;Pentane;Water;298.14437;9.70E-06;8.35E-06;8.67E-06;L1;14.94743511
2384;Pentane;Water;298.14437;1.02E-05;8.35E-06;8.67E-06;L1;19.97361859
2384;Pentane;Water;298.14437;1.02E-05;8.35E-06;8.67E-06;L1;19.97361859
2384;Pentane;Water;298.19436;1.01E-05;8.36E-06;8.68E-06;L1;18.88087782
2384;Pentane;Water;298.19436;1.00E-05;8.36E-06;8.68E-06;L1;17.88584474
2384;Pentane;Water;298.2;1.06E-05;8.36E-06;8.68E-06;L1;23.70060718
2384;Pentane;Water;298.28;1.00E-05;8.38E-06;8.70E-06;L1;17.7017118
2384;Pentane;Water;298.28;1.00E-05;8.38E-06;8.70E-06;L1;17.7017118
2384;Pentane;Water;303.143055;1.01E-05;9.29E-06;9.53E-06;L1;8.340237474
2384;Pentane;Water;303.19304;1.01E-05;9.30E-06;9.54E-06;L1;8.234791485
2384;Pentane;Water;303.31;1.10E-05;9.32E-06;9.56E-06;L1;16.52412199
2384;Pentane;Water;303.31;1.10E-05;9.32E-06;9.56E-06;L1;16.52412199
2384;Pentane;Water;308.19154;1.01E-05;1.03E-05;1.04E-05;L1;2.208972027
2384;Pentane;Water;310.9187216;1.39E-05;1.09E-05;1.10E-05;L1;24.11096109
2384;Pentane;Water;311.4735551;1.15E-05;1.10E-05;1.11E-05;L1;4.021364114
2384;Pentane;Water;313.19;1.21E-05;1.14E-05;1.16E-05;L1;5.60950192
2384;Pentane;Water;313.19;1.21E-05;1.14E-05;1.16E-05;L1;5.60950192
2384;Pentane;Water;313.2;1.24E-05;1.14E-05;1.16E-05;L1;8.038291707
2384;Pentane;Water;313.240025;9.94E-06;1.15E-05;1.16E-05;L1;14.15594557
2384;Pentane;Water;323.34;1.32E-05;1.40E-05;1.45E-05;L1;5.926753037
2384;Pentane;Water;323.34;1.32E-05;1.40E-05;1.45E-05;L1;5.926753037
2384;Pentane;Water;328.835345;1.04E-05;1.56E-05;1.60E-05;L1;40.41874628
2384;Pentane;Water;333.21;1.35E-05;1.69E-05;1.73E-05;L1;22.66244125
2384;Pentane;Water;333.21;1.35E-05;1.69E-05;1.73E-05;L1;22.66244125
2384;Pentane;Water;343.15;1.45E-05;2.04E-05;2.06E-05;L1;33.98632481
2384;Pentane;Water;343.15;1.45E-05;2.04E-05;2.06E-05;L1;33.98632481
2384;Pentane;Water;343.2;1.66E-05;2.04E-05;2.06E-05;L1;20.55225586
2384;Pentane;Water;367.5694812;2.35E-05;3.13E-05;3.15E-05;L1;28.57604421
2384;Pentane;Water;372.22455;1.73E-05;3.38E-05;3.41E-05;L1;67.00912144
2384;Pentane;Water;373.2;2.68E-05;3.44E-05;3.47E-05;L1;24.86078605
2384;Pentane;Water;393.2;4.20E-05;4.74E-05;4.81E-05;L1;12.15956523
2384;Pentane;Water;394.42011;2.75E-05;4.83E-05;4.90E-05;L1;56.41411351
2384;Pentane;Water;410.41691;5.02E-05;6.17E-05;6.29E-05;L1;20.63465252
2384;Pentane;Water;413.2;7.13E-05;6.43E-05;6.56E-05;L1;10.31509393
2384;Pentane;Water;422.61447;7.44E-05;7.38E-05;7.48E-05;L1;0.794890358
2384;Pentane;Water;423.3365256;6.99E-05;7.46E-05;7.55E-05;L1;6.486863821
2384;Pentane;Water;453.2;0.000189;0.000112972;0.000114504;L1;51.460986
2384;Pentane;Water;273.1000159;0.999895877;;;L2;
2384;Pentane;Water;278.6467;0.999856021;;;L2;
2384;Pentane;Water;288.141;0.99975506;0.999999329;0.999999186;L2;0.024429867
2384;Pentane;Water;293.15;0.99952;0.999999062;0.999998685;L2;0.047917687
2384;Pentane;Water;297.93608;0.999523227;0.999998724;0.999998206;L2;0.047561086
2384;Pentane;Water;297.93608;0.999519231;0.999998724;0.999998206;L2;0.047960878
2384;Pentane;Water;298.136;0.99952;0.999998708;0.999998186;L2;0.047882326
2384;Pentane;Water;298.14437;0.999595613;0.999998707;0.999998186;L2;0.040317613
2384;Pentane;Water;310.9187216;0.999436;0.999997228;0.999996724;L2;0.056138701
2384;Pentane;Water;311.4735551;0.999598;0.999997139;0.999996558;L2;0.039922022
2384;Pentane;Water;367.5694812;0.99586;0.999961303;0.999960429;L2;0.410989612
2384;Pentane;Water;423.3365256;0.9678;0.999764491;0.999754163;L2;3.249428816
2415;1-Pentanol;Water;273.15;0.0064;0.00155746;0.001558972;L1;141.3241458
2415;1-Pentanol;Water;273.35;0.009006655;0.001560294;0.001561606;L1;175.3089717
2415;1-Pentanol;Water;278.0992774;0.006947532;0.001629179;0.001632475;L1;145.0310514
2415;1-Pentanol;Water;278.1492701;0.0044;0.00162992;0.001633263;L1;99.30734355
2415;1-Pentanol;Water;283.1;0.0057;0.001705106;0.001711344;L1;120.6838692
2415;1-Pentanol;Water;283.144;0.0055;0.00170579;0.001712038;L1;117.0719643
2415;1-Pentanol;Water;283.148055;0.0039;0.001705853;0.001712102;L1;82.69111509
2415;1-Pentanol;Water;283.15;0.006869128;0.001705883;0.001712133;L1;139.2954043
2415;1-Pentanol;Water;283.15;0.0032;0.001705883;0.001712133;L1;62.9067683
2415;1-Pentanol;Water;283.347995;0.005404489;0.001708964;0.001715255;L1;115.1342454
2415;1-Pentanol;Water;288.146555;0.004774301;0.001785366;0.001790936;L1;98.36242024
2415;1-Pentanol;Water;291.9956;0.004237883;0.001849105;0.001851641;L1;82.9362191
2415;1-Pentanol;Water;293.138;0.00491537;0.001868452;0.001869659;L1;96.7256938
2415;1-Pentanol;Water;293.138;0.0046;0.001868452;0.001869659;L1;90.09462109
2415;1-Pentanol;Water;293.138;0.004153443;0.001868452;0.001869659;L1;79.88275363
2415;1-Pentanol;Water;293.138;0.0049;0.001868452;0.001869659;L1;96.41251126
2415;1-Pentanol;Water;293.138;0.0031;0.001868452;0.001869659;L1;50.62920189
2415;1-Pentanol;Water;293.14537;0.0037;0.001868577;0.001869775;L1;68.31555846
2415;1-Pentanol;Water;293.15;0.005064039;0.001868656;0.001869848;L1;99.69449707
2415;1-Pentanol;Water;293.15;0.0049;0.001868656;0.001869848;L1;96.40157896
2415;1-Pentanol;Water;293.15;0.005;0.001868656;0.001869848;L1;98.42184969
2415;1-Pentanol;Water;293.15;0.005000303;0.001868656;0.001869848;L1;98.42790951
2415;1-Pentanol;Water;293.15;0.004724472;0.001868656;0.001869848;L1;92.75363932
2415;1-Pentanol;Water;293.15;0.005770946;0.001868656;0.001869848;L1;112.7616603
2415;1-Pentanol;Water;293.15;0.0049;0.001868656;0.001869848;L1;96.40157896
2415;1-Pentanol;Water;293.15;0.004512689;0.001868656;0.001869848;L1;88.1673791
2415;1-Pentanol;Water;293.34533;0.004682087;0.001871984;0.001872929;L1;91.67450665
2415;1-Pentanol;Water;298;0.004470373;0.001953032;0.001958255;L1;82.80890216
2415;1-Pentanol;Water;298.136;0.004555018;0.00195545;0.001960797;L1;84.56089844
2415;1-Pentanol;Water;298.136;0.0046;0.00195545;0.001960797;L1;85.54358055
2415;1-Pentanol;Water;298.136;0.0046;0.00195545;0.001960797;L1;85.54358055
2415;1-Pentanol;Water;298.136;0.005298004;0.00195545;0.001960797;L1;99.67096478
2415;1-Pentanol;Water;298.136;0.004593126;0.00195545;0.001960797;L1;85.394034
2415;1-Pentanol;Water;298.14437;0.002425944;0.001955599;0.001960954;L1;21.55240588
2415;1-Pentanol;Water;298.14437;0.004962286;0.001955599;0.001960954;L1;93.11698535
2415;1-Pentanol;Water;298.14437;0.005371781;0.001955599;0.001960954;L1;101.0462843
2415;1-Pentanol;Water;298.15;0.004;0.001955699;0.001961059;L1;71.5546458
2415;1-Pentanol;Water;298.15;0.004;0.001955699;0.001961059;L1;71.5546458
2415;1-Pentanol;Water;298.15;0.005;0.001955699;0.001961059;L1;93.86900093
2415;1-Pentanol;Water;298.15;0.005343342;0.001955699;0.001961059;L1;100.5103397
2415;1-Pentanol;Water;298.15;0.004385783;0.001955699;0.001961059;L1;80.762027
2415;1-Pentanol;Water;298.15;0.003690001;0.001955699;0.001961059;L1;63.48788259
2415;1-Pentanol;Water;298.15;0.005064039;0.001955699;0.001961059;L1;95.14164831
2415;1-Pentanol;Water;298.15;0.005343342;0.001955699;0.001961059;L1;100.5103397
2415;1-Pentanol;Water;298.15;0.004;0.001955699;0.001961059;L1;71.5546458
2415;1-Pentanol;Water;298.19436;0.0034;0.001956489;0.001961888;L1;55.26238395
2415;1-Pentanol;Water;298.2;0.006391546;0.00195659;0.001961994;L1;118.3773262
2415;1-Pentanol;Water;298.2;0.00548974;0.00195659;0.001961994;L1;103.1677978
2415;1-Pentanol;Water;298.2;0.004322377;0.00195659;0.001961994;L1;79.2602565
2415;1-Pentanol;Water;298.2;0.002559408;0.00195659;0.001961994;L1;26.85730643
2415;1-Pentanol;Water;298.2;0.004;0.00195659;0.001961994;L1;71.50914437
2415;1-Pentanol;Water;298.3;0.003837281;0.001958371;0.001963863;L1;67.26511155
2415;1-Pentanol;Water;303.134;0.004216768;0.002046374;0.002054221;L1;72.29994665
2415;1-Pentanol;Water;303.134;0.0044;0.002046374;0.002054221;L1;76.55350496
2415;1-Pentanol;Water;303.134;0.00415;0.002046374;0.002054221;L1;70.70388429
2415;1-Pentanol;Water;303.143055;0.00342;0.002046542;0.00205439;L1;51.34887881
2415;1-Pentanol;Water;303.15;0.004322377;0.002046672;0.00205452;L1;74.75906189
2415;1-Pentanol;Water;303.15;0.00520553;0.002046672;0.00205452;L1;93.35066586
2415;1-Pentanol;Water;303.15;0.0047;0.002046672;0.00205452;L1;83.13476452
2415;1-Pentanol;Water;303.15;0.0037;0.002046672;0.00205452;L1;59.21179562
2415;1-Pentanol;Water;303.15;0.003690001;0.002046672;0.00205452;L1;58.94118656
2415;1-Pentanol;Water;303.15;0.0045;0.002046672;0.00205452;L1;78.78625333
2415;1-Pentanol;Water;303.15;0.005;0.002046672;0.00205452;L1;89.3223049
2415;1-Pentanol;Water;303.15;0.005;0.002046672;0.00205452;L1;89.3223049
2415;1-Pentanol;Water;303.2;0.004005806;0.002047602;0.002055455;L1;67.10756628
2415;1-Pentanol;Water;303.742875;0.004195656;0.002057725;0.002065602;L1;71.24487432
2415;1-Pentanol;Water;308.15;0.002;0.002141696;0.002147982;L1;6.845109049
2415;1-Pentanol;Water;308.2;0.002788918;0.002142668;0.002148916;L1;26.36020897
2415;1-Pentanol;Water;308.2;0.004894145;0.002142668;0.002148916;L1;82.59879754
2415;1-Pentanol;Water;313.13;0.0039;0.002240498;0.002241069;L1;55.42782959
2415;1-Pentanol;Water;313.140055;0.0044;0.002240702;0.002241257;L1;67.48153374
2415;1-Pentanol;Water;313.140055;0.0035;0.002240702;0.002241257;L1;44.5973765
2415;1-Pentanol;Water;313.15;0.004763077;0.002240904;0.002241443;L1;75.40147392
2415;1-Pentanol;Water;313.15;0.004280123;0.002240904;0.002241443;L1;64.71025987
2415;1-Pentanol;Water;313.15;0.0042;0.002240904;0.002241443;L1;62.82053765
2415;1-Pentanol;Water;313.15;0.004132342;0.002240904;0.002241443;L1;61.19651677
2415;1-Pentanol;Water;313.15;0.004;0.002240904;0.002241443;L1;57.94152123
2415;1-Pentanol;Water;313.15;0.0044;0.002240904;0.002241443;L1;67.47253921
2415;1-Pentanol;Water;313.339995;0.003879392;0.002244758;0.002245174;L1;54.70809086
2415;1-Pentanol;Water;318.15;0.008;0.002344428;0.002351307;L1;122.7400279
2415;1-Pentanol;Water;318.2;0.002997916;0.002345485;0.00235241;L1;24.54251506
2415;1-Pentanol;Water;318.2;0.004936598;0.002345485;0.00235241;L1;74.41842
2415;1-Pentanol;Water;322.2;0.003437908;0.002431543;0.002440671;L1;34.6337191
2415;1-Pentanol;Water;323.127;0.0036;0.002451902;0.002461125;L1;38.40698575
2415;1-Pentanol;Water;323.137055;0.003795184;0.002452124;0.002461347;L1;43.67784924
2415;1-Pentanol;Water;323.15;0.003921516;0.002452409;0.002461633;L1;46.94075115
2415;1-Pentanol;Water;323.15;0.0042;0.002452409;0.002461633;L1;53.80137231
2415;1-Pentanol;Water;323.15;0.004;0.002452409;0.002461633;L1;48.92235589
2415;1-Pentanol;Water;323.15;0.0041;0.002452409;0.002461633;L1;51.39161715
2415;1-Pentanol;Water;323.15;0.0036;0.002452409;0.002461633;L1;38.38630432
2415;1-Pentanol;Water;323.15;0.004;0.002452409;0.002461633;L1;48.92235589
2415;1-Pentanol;Water;323.15;0.004568814;0.002452409;0.002461633;L1;62.21828504
2415;1-Pentanol;Water;323.15;0.0024;0.002452409;0.002461633;L1;2.160206488
2415;1-Pentanol;Water;323.15;0.004;0.002452409;0.002461633;L1;48.92235589
2415;1-Pentanol;Water;333.124;0.0036;0.002681713;0.002682696;L1;29.44782336
2415;1-Pentanol;Water;333.13437;0.0041;0.002681961;0.002682964;L1;42.44387521
2415;1-Pentanol;Water;333.13437;0.0038;0.002681961;0.002682964;L1;34.84528452
2415;1-Pentanol;Water;333.15;0.004763077;0.002682335;0.002683369;L1;57.42060834
2415;1-Pentanol;Water;333.15;0.003984728;0.002682335;0.002683369;L1;39.57812493
2415;1-Pentanol;Water;333.15;0.0041;0.002682335;0.002683369;L1;42.42991691
2415;1-Pentanol;Water;333.2;0.005610626;0.002683533;0.002684662;L1;73.75279829
2415;1-Pentanol;Water;333.43431;0.003795184;0.002689154;0.002690725;L1;34.45063536
2415;1-Pentanol;Water;336.13377;0.003312044;0.00275469;0.002760568;L1;18.42605162
2415;1-Pentanol;Water;343.124;0.0038;0.002931251;0.002941428;L1;25.95716286
2415;1-Pentanol;Water;343.132055;0.004047971;0.002931461;0.002941636;L1;32.27149347
2415;1-Pentanol;Water;343.15;0.005126189;0.002931927;0.0029421;L1;55.8702612
2415;1-Pentanol;Water;343.15;0.0041;0.002931927;0.0029421;L1;33.53270875
2415;1-Pentanol;Water;343.15;0.0041;0.002931927;0.0029421;L1;33.53270875
2415;1-Pentanol;Water;343.2;0.006120597;0.002933227;0.002943394;L1;73.55565985
2415;1-Pentanol;Water;353.123;0.0039;0.003201773;0.003202757;L1;19.72717258
2415;1-Pentanol;Water;353.129055;0.0046;0.003201944;0.003202941;L1;36.22982347
2415;1-Pentanol;Water;353.129055;0.004132342;0.003201944;0.003202941;L1;25.50862477
2415;1-Pentanol;Water;353.15;0.00520553;0.003202534;0.003203577;L1;48.57792866
2415;1-Pentanol;Water;353.15;0.0044;0.003202534;0.003203577;L1;31.76623055
2415;1-Pentanol;Water;353.15;0.0042;0.003202534;0.003203577;L1;27.11422898
2415;1-Pentanol;Water;358.15;0.0042;0.00334617;0.003355371;L1;22.72680793
2415;1-Pentanol;Water;358.15;0.0042;0.00334617;0.003355371;L1;22.72680793
2415;1-Pentanol;Water;363.123;0.0041;0.003494796;0.003506345;L1;15.97120416
2415;1-Pentanol;Water;363.15;0.005871593;0.003495619;0.003507165;L1;51.86155826
2415;1-Pentanol;Water;363.15;0.0047;0.003495619;0.003507165;L1;29.60521144
2415;1-Pentanol;Water;363.82623;0.004597361;0.003516288;0.003527694;L1;26.8076494
2415;1-Pentanol;Water;367.12557;0.004153443;0.00361873;0.003627858;L1;13.78145946
2415;1-Pentanol;Water;368.15;0.0042;0.003651082;0.003658959;L1;14.00609853
2415;1-Pentanol;Water;368.15;0.0042;0.003651082;0.003658959;L1;14.00609853
2415;1-Pentanol;Water;368.42353;0.024;0.003659764;0.003667263;L1;188.0655072
2415;1-Pentanol;Water;369.15;0.005;0.003682915;0.003689318;L1;30.57334277
2415;1-Pentanol;Water;371.15;0.006311726;0.003747334;0.003750035;L1;52.13644616
2415;1-Pentanol;Water;373.124;0.0047;0.003811913;0.003814529;L1;20.94312447
2415;1-Pentanol;Water;373.15;0.0057;0.003812771;0.003815447;L1;40.21100467
2415;1-Pentanol;Water;378.15;0.0058;0.003980905;0.003992024;L1;37.63487826
2415;1-Pentanol;Water;383.126;0.0054;0.004154858;0.004167752;L1;26.21206517
2415;1-Pentanol;Water;383.15;0.0062;0.004155714;0.0041686;L1;40.00651317
2415;1-Pentanol;Water;388.15;0.0063;0.004337436;0.004345176;L1;37.32662284
2415;1-Pentanol;Water;393.127;0.0063;0.004525436;0.0045288;L1;33.08357561
2415;1-Pentanol;Water;393.15;0.0064;0.004526321;0.004529745;L1;34.63884241
2415;1-Pentanol;Water;403.13;0.0075;0.004925801;0.004939973;L1;42.04161185
2415;1-Pentanol;Water;413.132;0.0092;0.00535806;0.005364006;L1;54.06014978
2415;1-Pentanol;Water;423.134;0.0114;0.005824676;0.005840538;L1;67.1510036
2415;1-Pentanol;Water;433.138;0.0149;0.006328402;0.006338067;L1;85.63134179
2415;1-Pentanol;Water;443.141;0.0211;0.006871998;0.006888345;L1;112.1818162
2415;1-Pentanol;Water;453.145;0.0416;0.00745876;0.007472589;L1;171.8711045
2415;1-Pentanol;Water;273.15;0.7526;0.63430178;0.634072539;L2;17.10090433
2415;1-Pentanol;Water;273.15;0.659615025;0.63430178;0.634072539;L2;3.913153448
2415;1-Pentanol;Water;278.1492701;0.6279;0.638004062;0.637652966;L2;1.596373139
2415;1-Pentanol;Water;279.1464;0.681;0.638699341;0.638270799;L2;6.412847734
2415;1-Pentanol;Water;283.1;0.6609;0.641319193;0.640720495;L2;3.007524807
2415;1-Pentanol;Water;283.144;0.737;0.641347139;0.640747758;L2;13.90170241
2415;1-Pentanol;Water;283.148055;0.6355;0.641349713;0.64075027;L2;0.916279098
2415;1-Pentanol;Water;283.15;0.6526;0.641350947;0.640751476;L2;1.738757756
2415;1-Pentanol;Water;283.347995;0.654183849;0.641476358;0.640874155;L2;1.961609741
2415;1-Pentanol;Water;285.147455;0.643;0.642591866;0.641989121;L2;0.063493597
2415;1-Pentanol;Water;288.141;0.67;0.644352259;0.643843956;L2;3.903214978
2415;1-Pentanol;Water;288.146555;0.638;0.644355417;0.643847398;L2;0.991217973
2415;1-Pentanol;Water;291.9956;0.651875858;0.646448336;0.64623231;L2;0.83608599
2415;1-Pentanol;Water;293.138;0.68;0.647033573;0.646940154;L2;4.969461473
2415;1-Pentanol;Water;293.138;0.716538746;0.647033573;0.646940154;L2;10.20341391
2415;1-Pentanol;Water;293.138;0.7175;0.647033573;0.646940154;L2;10.33747642
2415;1-Pentanol;Water;293.14537;0.635;0.647037296;0.646944721;L2;1.877893841
2415;1-Pentanol;Water;293.14537;0.67;0.647037296;0.646944721;L2;3.487377508
2415;1-Pentanol;Water;293.14537;0.6291;0.647037296;0.646944721;L2;2.811371073
2415;1-Pentanol;Water;293.15;0.6562;0.647039634;0.646947589;L2;1.405806906
2415;1-Pentanol;Water;293.15;0.647548072;0.647039634;0.646947589;L2;0.078548183
2415;1-Pentanol;Water;293.15;0.663;0.647039634;0.646947589;L2;2.436743872
2415;1-Pentanol;Water;293.15;0.652900186;0.647039634;0.646947589;L2;0.901671161
2415;1-Pentanol;Water;293.15;0.664;0.647039634;0.646947589;L2;2.587459801
2415;1-Pentanol;Water;293.15;0.6561;0.647039634;0.646947589;L2;1.390566489
2415;1-Pentanol;Water;293.15;0.640010523;0.647039634;0.646947589;L2;1.092293306
2415;1-Pentanol;Water;293.34533;0.64250904;0.64713805;0.647068618;L2;0.717875374
2415;1-Pentanol;Water;298;0.641008262;0.649345925;0.648989915;L2;1.292324061
2415;1-Pentanol;Water;298.136;0.72;0.649406532;0.649042085;L2;10.31922944
2415;1-Pentanol;Water;298.136;0.643;0.649406532;0.649042085;L2;0.991419339
2415;1-Pentanol;Water;298.136;0.717126084;0.649406532;0.649042085;L2;9.919275689
2415;1-Pentanol;Water;298.136;0.656;0.649406532;0.649042085;L2;1.010187132
2415;1-Pentanol;Water;298.14437;0.633;0.649410255;0.649045296;L2;2.559422819
2415;1-Pentanol;Water;298.15;0.635;0.649412758;0.649047455;L2;2.244350676
2415;1-Pentanol;Water;298.15;0.6392;0.649412758;0.649047455;L2;1.58511112
2415;1-Pentanol;Water;298.15;0.637;0.649412758;0.649047455;L2;1.929885008
2415;1-Pentanol;Water;298.15;0.629666593;0.649412758;0.649047455;L2;3.087804381
2415;1-Pentanol;Water;298.15;0.635;0.649412758;0.649047455;L2;2.244350676
2415;1-Pentanol;Water;298.15;0.644266302;0.649412758;0.649047455;L2;0.79563526
2415;1-Pentanol;Water;298.19436;0.6365;0.649432472;0.649064472;L2;2.011444389
2415;1-Pentanol;Water;298.2;0.629179974;0.649434977;0.649066635;L2;3.168537584
2415;1-Pentanol;Water;298.2;0.613415881;0.649434977;0.649066635;L2;5.705957734
2415;1-Pentanol;Water;298.2;0.613415881;0.649434977;0.649066635;L2;5.705957734
2415;1-Pentanol;Water;298.2;0.623141993;0.649434977;0.649066635;L2;4.132830785
2415;1-Pentanol;Water;298.2;0.6542;0.649434977;0.649066635;L2;0.73103963
2415;1-Pentanol;Water;298.3;0.646535754;0.649479326;0.649104996;L2;0.454250488
2415;1-Pentanol;Water;298.3;0.644266302;0.649479326;0.649104996;L2;0.805885245
2415;1-Pentanol;Water;302.143355;0.647801506;0.651095637;0.650579324;L2;0.50722079
2415;1-Pentanol;Water;303.134;0.711574827;0.651484804;0.65095934;L2;8.822650867
2415;1-Pentanol;Water;303.134;0.6988;0.651484804;0.65095934;L2;7.011050697
2415;1-Pentanol;Water;303.143055;0.6662;0.65148831;0.650962814;L2;2.233047284
2415;1-Pentanol;Water;303.143055;0.631;0.65148831;0.650962814;L2;3.195359038
2415;1-Pentanol;Water;303.15;0.642008224;0.651490998;0.650965478;L2;1.466246596
2415;1-Pentanol;Water;303.15;0.623381931;0.651490998;0.650965478;L2;4.410419722
2415;1-Pentanol;Water;303.15;0.656;0.651490998;0.650965478;L2;0.689720941
2415;1-Pentanol;Water;303.15;0.658;0.651490998;0.650965478;L2;0.994135179
2415;1-Pentanol;Water;303.15;0.6296;0.651490998;0.650965478;L2;3.417888243
2415;1-Pentanol;Water;303.15;0.6485;0.651490998;0.650965478;L2;0.460157578
2415;1-Pentanol;Water;303.15;0.6234;0.651490998;0.650965478;L2;4.40752122
2415;1-Pentanol;Water;303.15;0.6484;0.651490998;0.650965478;L2;0.475578968
2415;1-Pentanol;Water;303.2;0.656245261;0.651510338;0.650984658;L2;0.724132881
2415;1-Pentanol;Water;303.742875;0.633824544;0.651718508;0.651192907;L2;2.784056138
2415;1-Pentanol;Water;305.1332;0.648;0.652236638;0.651726242;L2;0.651674182
2415;1-Pentanol;Water;308.141555;0.623;0.653285004;0.652880261;L2;4.746696878
2415;1-Pentanol;Water;308.15;0.652;0.653287809;0.6528835;L2;0.197321892
2415;1-Pentanol;Water;308.15;0.6363;0.653287809;0.6528835;L2;2.634763061
2415;1-Pentanol;Water;308.2;0.614355296;0.653304399;0.652902681;L2;6.146975672
2415;1-Pentanol;Water;308.2;0.604131973;0.653304399;0.652902681;L2;7.825050308
2415;1-Pentanol;Water;309.1316;0.643;0.653608611;0.653260047;L2;1.63639945
2415;1-Pentanol;Water;313.13;0.6767;0.654810254;0.654793851;L2;3.288253823
2415;1-Pentanol;Water;313.140055;0.636;0.654813066;0.654797708;L2;2.915123641
2415;1-Pentanol;Water;313.140055;0.5632;0.654813066;0.654797708;L2;15.07149949
2415;1-Pentanol;Water;313.140055;0.635;0.654813066;0.654797708;L2;3.072480086
2415;1-Pentanol;Water;313.15;0.638;0.654815847;0.654801523;L2;2.601576258
2415;1-Pentanol;Water;313.15;0.628451045;0.654815847;0.654801523;L2;4.109591273
2415;1-Pentanol;Water;313.15;0.609678396;0.654815847;0.654801523;L2;7.142244746
2415;1-Pentanol;Water;313.15;0.6409;0.654815847;0.654801523;L2;2.148060741
2415;1-Pentanol;Water;313.15;0.6408;0.654815847;0.654801523;L2;2.163665017
2415;1-Pentanol;Water;313.339995;0.620988415;0.654868771;0.654863743;L2;5.31224397
2415;1-Pentanol;Water;314.639605;0.630397526;0.655220896;0.655101781;L2;3.862181129
2415;1-Pentanol;Water;318.15;0.653;0.656086989;0.655744749;L2;0.471625591
2415;1-Pentanol;Water;318.2;0.595268911;0.656098441;0.655753907;L2;9.729758563
2415;1-Pentanol;Water;318.2;0.61553242;0.656098441;0.655753907;L2;6.382322347
2415;1-Pentanol;Water;322.2;0.660656885;0.656935951;0.656486551;L2;0.564809404
2415;1-Pentanol;Water;323.127;0.6543;0.657108177;0.656656341;L2;0.428269604
2415;1-Pentanol;Water;323.137055;0.607590133;0.657110001;0.656658183;L2;7.835090182
2415;1-Pentanol;Water;323.15;0.6086;0.657112347;0.656660554;L2;7.669376635
2415;1-Pentanol;Water;323.15;0.6245;0.657112347;0.656660554;L2;5.090367424
2415;1-Pentanol;Water;323.15;0.617659278;0.657112347;0.656660554;L2;6.191802849
2415;1-Pentanol;Water;323.15;0.616;0.657112347;0.656660554;L2;6.460804028
2415;1-Pentanol;Water;323.15;0.62;0.657112347;0.656660554;L2;5.813552577
2415;1-Pentanol;Water;323.15;0.6245;0.657112347;0.656660554;L2;5.090367424
2415;1-Pentanol;Water;323.15;0.616;0.657112347;0.656660554;L2;6.460804028
2415;1-Pentanol;Water;329.135255;0.611309588;0.658031034;0.657756819;L2;7.364857282
2415;1-Pentanol;Water;333.124;0.6317;0.658464127;0.658443131;L2;4.149544457
2415;1-Pentanol;Water;333.13437;0.5297;0.658465071;0.658443256;L2;21.76006679
2415;1-Pentanol;Water;333.13437;0.5986;0.658465071;0.658443256;L2;9.531788105
2415;1-Pentanol;Water;333.15;0.558468806;0.658466492;0.658443445;L2;16.47148714
2415;1-Pentanol;Water;333.15;0.6091;0.658466492;0.658443445;L2;7.79311773
2415;1-Pentanol;Water;333.43431;0.593025645;0.658491981;0.658446885;L2;10.47146989
2415;1-Pentanol;Water;339.13317;0.59079416;0.658857488;0.658515829;L2;10.90395908
2415;1-Pentanol;Water;343.124;0.6057;0.658952786;0.65856411;L2;8.426707253
2415;1-Pentanol;Water;343.132055;0.575925373;0.658952847;0.658564207;L2;13.46738887
2415;1-Pentanol;Water;343.15;0.6018;0.658952983;0.658564424;L2;9.072702207
2415;1-Pentanol;Water;343.15;0.596;0.658952983;0.658564424;L2;10.04115192
2415;1-Pentanol;Water;346.631005;0.577647512;0.658930867;0.658606537;L2;13.16547814
2415;1-Pentanol;Water;353.123;0.5788;0.658638157;0.658598436;L2;12.92173095
2415;1-Pentanol;Water;353.129055;0.4838;0.658637734;0.658597612;L2;30.8502065
2415;1-Pentanol;Water;353.129055;0.556414878;0.658637734;0.658597612;L2;16.86594637
2415;1-Pentanol;Water;353.15;0.5695;0.658636272;0.658594763;L2;14.54126593
2415;1-Pentanol;Water;353.15;0.5778;0.658636272;0.658594763;L2;13.09436542
2415;1-Pentanol;Water;358.15;0.6;0.658194329;0.657914614;L2;9.25705655
2415;1-Pentanol;Water;358.15;0.6;0.658194329;0.657914614;L2;9.25705655
2415;1-Pentanol;Water;359.627105;0.548502478;0.658028928;0.657713684;L2;18.20570966
2415;1-Pentanol;Water;363.123;0.5497;0.657575515;0.657238138;L2;17.91869339
2415;1-Pentanol;Water;363.15;0.5453;0.657571677;0.657234465;L2;18.72176713
2415;1-Pentanol;Water;363.82623;0.537015997;0.657473909;0.657142477;L2;20.23771979
2415;1-Pentanol;Water;368.15;0.565;0.65677398;0.656554315;L2;15.05142102
2415;1-Pentanol;Water;368.15;0.565;0.65677398;0.656554315;L2;15.05142102
2415;1-Pentanol;Water;368.42353;0.481;0.656725396;0.656517107;L2;31.13986947
2415;1-Pentanol;Water;369.15;0.5265;0.656593903;0.656418286;L2;22.08143875
2415;1-Pentanol;Water;373.124;0.5205;0.655811922;0.655757409;L2;23.10841562
2415;1-Pentanol;Water;373.15;0.5185;0.65580646;0.655750477;L2;23.4925688
2415;1-Pentanol;Water;378.15;0.5056;0.654673927;0.654417338;L2;25.83914474
2415;1-Pentanol;Water;383.126;0.489;0.653387394;0.653090598;L2;28.98077168
2415;1-Pentanol;Water;383.15;0.4913;0.65338081;0.653084199;L2;28.51051904
2415;1-Pentanol;Water;388.15;0.4804;0.651931173;0.651751059;L2;30.53199033
2415;1-Pentanol;Water;393.127;0.4561;0.650336466;0.650264757;L2;35.47777848
2415;1-Pentanol;Water;393.15;0.4725;0.65032875;0.650255926;L2;31.94402574
2415;1-Pentanol;Water;403.13;0.4217;0.646686814;0.646423878;L2;42.75679572
2415;1-Pentanol;Water;413.132;0.3846;0.64246344;0.64237105;L2;51.31060797
2415;1-Pentanol;Water;423.134;0.3451;0.637685933;0.637454201;L2;61.40116633
2415;1-Pentanol;Water;433.138;0.3029;0.632369534;0.632251623;L2;73.60712108
2415;1-Pentanol;Water;443.141;0.2548;0.626529002;0.626330293;L2;89.97161415
2415;1-Pentanol;Water;453.145;0.1714;0.620173677;0.620027482;L2;128.5999556
2444;Phenol;Water;273.15;0.015;0.013379533;0.013383485;L1;11.43240718
2444;Phenol;Water;273.15;0.012706672;0.013379533;0.013383485;L1;5.159891944
2444;Phenol;Water;273.15;0.014213985;0.013379533;0.013383485;L1;6.050020983
2444;Phenol;Water;273.15;0.0147;0.013379533;0.013383485;L1;9.41213645
2444;Phenol;Water;274.1494;0.014461588;0.013420946;0.013428264;L1;7.467938247
2444;Phenol;Water;274.44922;0.013773813;0.013433459;0.013441698;L1;2.502063565
2444;Phenol;Water;275.74844;0.013988338;0.013488153;0.013499912;L1;3.641221048
2444;Phenol;Water;276.24814;0.013773813;0.013509394;0.013522302;L1;1.93839084
2444;Phenol;Water;278.077042;0.01486742;0.013588099;0.013604249;L1;8.997792211
2444;Phenol;Water;279.34628;0.013773813;0.013643609;0.013661119;L1;0.949794198
2444;Phenol;Water;281.04526;0.013773813;0.013719055;0.013737245;L1;0.39834378
2444;Phenol;Water;281.74484;0.013988338;0.0137505;0.013768591;L1;1.714880831
2444;Phenol;Water;283.074042;0.015183493;0.013810854;0.013828148;L1;9.475407637
2444;Phenol;Water;283.144;0.01506;0.013814052;0.013831283;L1;8.63558725
2444;Phenol;Water;283.144;0.0155;0.013814052;0.013831283;L1;11.51536741
2444;Phenol;Water;283.144;0.01420323;0.013814052;0.013831283;L1;2.778305366
2444;Phenol;Water;283.148055;0.015935724;0.013814238;0.013831464;L1;14.28636054
2444;Phenol;Water;283.15;0.0156;0.013814327;0.013831551;L1;12.15646982
2444;Phenol;Water;283.74364;0.01420323;0.013841559;0.013858151;L1;2.579378457
2444;Phenol;Water;285.1428;0.015174823;0.013906374;0.013920842;L1;8.729037774
2444;Phenol;Water;286.1422;0.015443875;0.013953211;0.013965622;L1;10.15028256
2444;Phenol;Water;286.34208;0.01420323;0.013962633;0.013974578;L1;1.708474872
2444;Phenol;Water;288.141;0.0162;0.014048238;0.014055182;L1;14.25142931
2444;Phenol;Water;288.141;0.014418492;0.014048238;0.014055182;L1;2.601460028
2444;Phenol;Water;288.34088;0.014;0.01405784;0.014064138;L1;0.412288411
2444;Phenol;Water;290.93932;0.01694;0.014184308;0.014187779;L1;17.75413869
2444;Phenol;Water;291.23914;0.014634123;0.014199097;0.014203662;L1;3.017764579
2444;Phenol;Water;293.138;0.017;0.014293706;0.014304257;L1;17.33940116
2444;Phenol;Water;293.138;0.0172;0.014293706;0.014304257;L1;18.50900514
2444;Phenol;Water;293.138;0.016;0.014293706;0.014304257;L1;11.27693898
2444;Phenol;Water;293.138;0.017157;0.014293706;0.014304257;L1;18.25869212
2444;Phenol;Water;293.138;0.0166;0.014293706;0.014304257;L1;14.95833629
2444;Phenol;Water;293.14537;0.016153969;0.014294077;0.014304647;L1;12.23205328
2444;Phenol;Water;294.83732;0.014850124;0.014379762;0.01439428;L1;3.218644761
2444;Phenol;Water;295.73696;0.015283243;0.014425852;0.01444194;L1;5.773514762
2444;Phenol;Water;297.03644;0.015935724;0.014493077;0.014510782;L1;9.489228282
2444;Phenol;Water;298.136;0.017250875;0.014550562;0.014569032;L1;17.02332315
2444;Phenol;Water;298.136;0.0179;0.014550562;0.014569032;L1;20.71710775
2444;Phenol;Water;298.136;0.018298178;0.014550562;0.014569032;L1;22.91718567
2444;Phenol;Water;298.136;0.017819;0.014550562;0.014569032;L1;20.26356684
2444;Phenol;Water;298.136;0.017277318;0.014550562;0.014569032;L1;17.17649076
2444;Phenol;Water;298.14437;0.0153;0.014551002;0.014569475;L1;5.019297437
2444;Phenol;Water;298.14437;0.008733132;0.014551002;0.014569475;L1;51.05357856
2444;Phenol;Water;298.15;0.017;0.014551298;0.014569774;L1;15.5533163
2444;Phenol;Water;298.15;0.0174;0.014551298;0.014569774;L1;17.87900252
2444;Phenol;Water;298.15;0.015600362;0.014551298;0.014569774;L1;6.961393807
2444;Phenol;Water;298.15;0.0172;0.014551298;0.014569774;L1;16.72292028
2444;Phenol;Water;298.2;0.016964765;0.014553925;0.014572423;L1;15.32778154
2444;Phenol;Water;298.5;0.018;0.014569714;0.014588315;L1;21.14267702
2444;Phenol;Water;298.53584;0.017250875;0.014571603;0.014590214;L1;16.87882355
2444;Phenol;Water;299.33552;0.015283243;0.014613904;0.014632578;L1;4.478360117
2444;Phenol;Water;301.43468;0.015283243;0.01472634;0.014743784;L1;3.711928464
2444;Phenol;Water;302.73416;0.015283243;0.014796959;0.014812625;L1;3.233531183
2444;Phenol;Water;302.93408;0.0164;0.014807893;0.014823216;L1;10.21210053
2444;Phenol;Water;303.134;0.0176;0.014818845;0.014833807;L1;17.19992353
2444;Phenol;Water;303.134;0.015954817;0.014818845;0.014833807;L1;7.386112317
2444;Phenol;Water;303.134;0.018;0.014818845;0.014833807;L1;19.44720912
2444;Phenol;Water;303.134;0.0183;0.014818845;0.014833807;L1;21.10013931
2444;Phenol;Water;303.134;0.0184;0.014818845;0.014833807;L1;21.64509979
2444;Phenol;Water;303.134;0.018135275;0.014818845;0.014833807;L1;20.19592699
2444;Phenol;Water;303.134;0.019064;0.014818845;0.014833807;L1;25.19020731
2444;Phenol;Water;303.143055;0.017250875;0.014819341;0.014834287;L1;15.19296964
2444;Phenol;Water;303.15;0.0184;0.014819722;0.014834655;L1;21.63917965
2444;Phenol;Water;303.18398;0.0176;0.014821586;0.014836455;L1;17.18142903
2444;Phenol;Water;303.83372;0.015283243;0.014857323;0.014870876;L1;2.826414484
2444;Phenol;Water;305.633;0.016372592;0.014957308;0.014966195;L1;9.04087173
2444;Phenol;Water;306.03284;0.01902;0.014979731;0.014987377;L1;23.87930359
2444;Phenol;Water;306.03284;0.019025855;0.014979731;0.014987377;L1;23.91008224
2444;Phenol;Water;307.1324;0.0207;0.015041779;0.015045627;L1;31.93020739
2444;Phenol;Water;307.23236;0.015500362;0.015047448;0.015050923;L1;2.965496846
2444;Phenol;Water;307.43228;0.015500362;0.015058799;0.015061514;L1;2.890089985
2444;Phenol;Water;307.5;0.019;0.015062648;0.015065101;L1;23.22209158
2444;Phenol;Water;308.132;0.0193;0.015098676;0.015099308;L1;24.5498053
2444;Phenol;Water;308.132;0.019042;0.015098676;0.015099308;L1;23.2040023
2444;Phenol;Water;308.132;0.0195;0.015098676;0.015099308;L1;25.58074227
2444;Phenol;Water;308.15;0.0195;0.015099705;0.015100412;L1;25.57392833
2444;Phenol;Water;308.73176;0.015717855;0.015133039;0.015136109;L1;3.791696721
2444;Phenol;Water;310.93088;0.020825819;0.015260481;0.015271047;L1;31.09269458
2444;Phenol;Water;310.93088;0.020825819;0.015260481;0.015271047;L1;31.09269458
2444;Phenol;Water;311.1308;0.01959;0.01527218;0.015283314;L1;24.8986355
2444;Phenol;Water;311.33072;0.0197;0.015283898;0.015295581;L1;25.38187964
2444;Phenol;Water;311.620604;0.01979;0.015300922;0.015313368;L1;25.72636797
2444;Phenol;Water;311.83052;0.015935724;0.015313275;0.015326249;L1;3.984330929
2444;Phenol;Water;311.93048;0.015935724;0.015319164;0.015332382;L1;3.945878276
2444;Phenol;Water;313.13;0.02;0.015390209;0.015405985;L1;26.20007737
2444;Phenol;Water;313.13;0.0205;0.015390209;0.015405985;L1;28.66933863
2444;Phenol;Water;313.13;0.021735335;0.015390209;0.015405985;L1;34.52077774
2444;Phenol;Water;313.13;0.0203;0.015390209;0.015405985;L1;27.68893862
2444;Phenol;Water;313.15;0.0214;0.015391399;0.015407212;L1;32.95820809
2444;Phenol;Water;313.15;0.019821475;0.015391399;0.015407212;L1;25.29571047
2444;Phenol;Water;313.15;0.0207;0.015391399;0.015407212;L1;29.63248591
2444;Phenol;Water;313.4;0.02;0.015406294;0.015422552;L1;26.09561332
2444;Phenol;Water;313.52988;0.020825819;0.015414044;0.015430521;L1;30.09144477
2444;Phenol;Water;313.52988;0.0208;0.015414044;0.015430521;L1;29.96739194
2444;Phenol;Water;314.62955;0.0211;0.015479986;0.015497997;L1;30.97250806
2444;Phenol;Water;315.4;0.020803163;0.01552653;0.015545272;L1;29.25548563
2444;Phenol;Water;315.52928;0.0208;0.015534368;0.015553205;L1;29.18981194
2444;Phenol;Water;316.878875;0.0218;0.01561667;0.015636016;L1;33.35710496
2444;Phenol;Water;316.92886;0.021;0.015619735;0.015639083;L1;29.59872688
2444;Phenol;Water;317.52868;0.02269;0.015656609;0.015675888;L1;37.10311512
2444;Phenol;Water;317.52868;0.0214;0.015656609;0.015675888;L1;31.24977744
2444;Phenol;Water;317.52868;0.02274;0.015656609;0.015675888;L1;37.32323407
2444;Phenol;Water;317.62865;0.017913598;0.015662772;0.015682022;L1;13.4273405
2444;Phenol;Water;317.92856;0.02184;0.015681289;0.015700424;L1;33.12749368
2444;Phenol;Water;318.1285;0.021279776;0.015693658;0.015712693;L1;30.45004774
2444;Phenol;Water;318.1285;0.0222;0.015693658;0.015712693;L1;34.68356282
2444;Phenol;Water;318.15;0.0217;0.015694989;0.015714012;L1;32.39707794
2444;Phenol;Water;318.82829;0.020147872;0.015737101;0.015755632;L1;24.70776304
2444;Phenol;Water;319.1282;0.02276;0.015755792;0.015774034;L1;36.77965505
2444;Phenol;Water;319.1282;0.022;0.015755792;0.015774034;L1;33.38343946
2444;Phenol;Water;319.32814;0.018579788;0.015768277;0.015786302;L1;16.40741654
2444;Phenol;Water;319.62805;0.02345;0.015787042;0.015804705;L1;39.56810458
2444;Phenol;Water;319.8;0.0226;0.015797819;0.015815256;L1;35.80779831
2444;Phenol;Water;319.82799;0.0238;0.015799575;0.015816973;L1;40.97025214
2444;Phenol;Water;319.92796;0.02368;0.01580585;0.015823107;L1;40.42507168
2444;Phenol;Water;321.1276;0.026381001;0.01588152;0.015896717;L1;50.7487898
2444;Phenol;Water;321.62745;0.02333;0.015913258;0.015927388;L1;38.25874993
2444;Phenol;Water;322.62715;0.019697886;0.015977101;0.01598873;L1;20.93548236
2444;Phenol;Water;322.92706;0.0254;0.01599635;0.016007132;L1;46.23886278
2444;Phenol;Water;323.127;0.024;0.016009207;0.0160194;L1;40.48898457
2444;Phenol;Water;323.127;0.0254;0.016009207;0.0160194;L1;46.15851893
2444;Phenol;Water;323.127;0.024269951;0.016009207;0.0160194;L1;41.60750161
2444;Phenol;Water;323.127;0.0256;0.016009207;0.0160194;L1;46.94283668
2444;Phenol;Water;323.127;0.023;0.016009207;0.0160194;L1;36.23302312
2444;Phenol;Water;323.146994;0.02553;0.016010494;0.016020627;L1;46.66098704
2444;Phenol;Water;323.15;0.0242;0.016010687;0.016020812;L1;41.30961877
2444;Phenol;Water;323.15;0.024754823;0.016010687;0.016020812;L1;43.57638932
2444;Phenol;Water;323.42691;0.0254;0.01602853;0.016037803;L1;46.03789366
2444;Phenol;Water;324.52658;0.026617672;0.016099761;0.016105279;L1;50.27709314
2444;Phenol;Water;324.52658;0.0266;0.016099761;0.016105279;L1;50.21067911
2444;Phenol;Water;324.8;0.0258;0.016117565;0.016122056;L1;47.04648288
2444;Phenol;Water;325.02643;0.0267;0.016132338;0.016135949;L1;50.38377489
2444;Phenol;Water;326.22607;0.02785;0.016211028;0.016211985;L1;54.11412087
2444;Phenol;Water;326.32604;0.02737;0.016217618;0.016219018;L1;52.33493291
2444;Phenol;Water;326.62595;0.02821;0.016237419;0.016240117;L1;55.23581575
2444;Phenol;Water;326.72592;0.02828;0.016244029;0.01624715;L1;55.44294667
2444;Phenol;Water;326.92586;0.02842;0.016257264;0.016261215;L1;55.8553293
2444;Phenol;Water;327.1258;0.0279;0.016270519;0.016275281;L1;53.92718924
2444;Phenol;Water;328.1255;0.0299;0.016337096;0.01634561;L1;60.44201295
2444;Phenol;Water;328.1255;0.023805421;0.016337096;0.01634561;L1;37.6474977
2444;Phenol;Water;328.135555;0.029733598;0.016337768;0.016346317;L1;59.87981568
2444;Phenol;Water;328.52538;0.03004;0.016363868;0.016373741;L1;60.74540858
2444;Phenol;Water;328.62535;0.025438556;0.016370574;0.016380774;L1;44.07805402
2444;Phenol;Water;328.62535;0.024269951;0.016370574;0.016380774;L1;39.37535652
2444;Phenol;Water;329.02523;0.0327;0.016397447;0.016408905;L1;69.02494357
2444;Phenol;Water;329.62505;0.0314;0.016437908;0.016451102;L1;64.72177433
2444;Phenol;Water;329.72502;0.031688008;0.01644467;0.016458135;L1;65.59369204
2444;Phenol;Water;330.32484;0.02975;0.016485344;0.016500332;L1;59.03573597
2444;Phenol;Water;330.42481;0.03234;0.016492141;0.016507365;L1;67.34208638
2444;Phenol;Water;330.42481;0.03279;0.016492141;0.016507365;L1;68.72396005
2444;Phenol;Water;330.42481;0.032676004;0.016492141;0.016507365;L1;68.37569955
2444;Phenol;Water;330.52478;0.032;0.016498943;0.016514398;L1;66.24395609
2444;Phenol;Water;330.72472;0.03284;0.016512563;0.016528464;L1;68.75258122
2444;Phenol;Water;331.5;0.029;0.016565566;0.016583004;L1;55.99696362
2444;Phenol;Water;331.52448;0.032;0.016567244;0.016584727;L1;65.83083821
2444;Phenol;Water;331.72442;0.03459;0.016580966;0.016598792;L1;73.5309207
2444;Phenol;Water;331.82439;0.03434;0.016587835;0.016605825;L1;72.76412853
2444;Phenol;Water;331.9;0.032676004;0.016593033;0.016611144;L1;67.76580885
2444;Phenol;Water;331.92436;0.03558;0.016594708;0.016612858;L1;76.26998204
2444;Phenol;Water;332.82409;0.037727126;0.016656802;0.016676154;L1;81.75607082
2444;Phenol;Water;332.92406;0.029249434;0.016663727;0.016683187;L1;56.2625911
2444;Phenol;Water;333.02403;0.030219527;0.016670657;0.016690219;L1;59.48381999
2444;Phenol;Water;333.124;0.0354;0.016677592;0.016697252;L1;75.26457804
2444;Phenol;Water;333.124;0.033446718;0.016677592;0.016697252;L1;69.58876254
2444;Phenol;Water;333.124;0.033;0.016677592;0.016697252;L1;68.24415217
2444;Phenol;Water;333.124;0.038;0.016677592;0.016697252;L1;82.352012
2444;Phenol;Water;333.15;0.038240092;0.016679397;0.016699081;L1;82.97102564
2444;Phenol;Water;333.224;0.0377;0.016684535;0.016704287;L1;81.51778587
2444;Phenol;Water;333.224;0.03462;0.016684535;0.016704287;L1;72.9949314
2444;Phenol;Water;333.624;0.030219527;0.016712357;0.016732427;L1;59.23399286
2444;Phenol;Water;333.824;0.0388;0.016726299;0.016746497;L1;84.14379816
2444;Phenol;Water;333.914214;0.0415;0.016732595;0.016752844;L1;90.83348422
2444;Phenol;Water;334.224;0.03867;0.016754245;0.016774637;L1;83.64124404
2444;Phenol;Water;334.224;0.03823;0.016754245;0.016774637;L1;82.49688825
2444;Phenol;Water;334.824;0.04;0.01679632;0.016816847;L1;86.77196273
2444;Phenol;Water;334.924;0.032676004;0.016803351;0.016823882;L1;66.50626589
2444;Phenol;Water;335.024;0.05678;0.016810387;0.016830917;L1;121.7187195
2444;Phenol;Water;335.124;0.047313116;0.016817428;0.016837952;L1;103.4371825
2444;Phenol;Water;335.124;0.0395;0.016817428;0.016837952;L1;85.3884946
2444;Phenol;Water;335.124;0.036;0.016817428;0.016837952;L1;76.11032125
2444;Phenol;Water;335.124;0.04232;0.016817428;0.016837952;L1;92.28440616
2444;Phenol;Water;335.124;0.032676004;0.016817428;0.016837952;L1;66.42252599
2444;Phenol;Water;335.424;0.045669219;0.016838583;0.016859057;L1;99.77516849
2444;Phenol;Water;335.424;0.04168;0.016838583;0.016859057;L1;90.63485562
2444;Phenol;Water;335.424;0.045669219;0.016838583;0.016859057;L1;99.77516849
2444;Phenol;Water;335.524;0.04198;0.016845645;0.016866092;L1;91.31011716
2444;Phenol;Water;335.624;0.04339;0.016852712;0.016873127;L1;94.57174158
2444;Phenol;Water;335.624;0.04184;0.016852712;0.016873127;L1;90.93412357
2444;Phenol;Water;335.813834;0.0446;0.016866142;0.016886481;L1;97.24256642
2444;Phenol;Water;335.864;0.0439;0.016869695;0.01689001;L1;95.63955303
2444;Phenol;Water;336.024;0.0457;0.016881033;0.016901266;L1;99.59076147
2444;Phenol;Water;336.024;0.045669219;0.016881033;0.016901266;L1;99.52338429
2444;Phenol;Water;336.224;0.058483292;0.016895225;0.016915336;L1;124.1710068
2444;Phenol;Water;336.324;0.0457;0.016902329;0.016922371;L1;99.4646882
2444;Phenol;Water;336.424;0.04607;0.016909438;0.016929406;L1;100.2290052
2444;Phenol;Water;336.524;0.04509;0.016916552;0.016936441;L1;98.03679262
2444;Phenol;Water;336.524;0.04755;0.016916552;0.016936441;L1;103.3489223
2444;Phenol;Water;336.524;0.059979225;0.016916552;0.016936441;L1;126.5705686
2444;Phenol;Water;336.7;0.035;0.016929086;0.016948823;L1;72.63148371
2444;Phenol;Water;336.9;0.045750962;0.016943349;0.016962893;L1;99.33374371
2444;Phenol;Water;336.924;0.04941;0.016945062;0.016964581;L1;107.0176357
2444;Phenol;Water;337.124;0.041;0.016959349;0.016978651;L1;88.2752843
2444;Phenol;Water;337.124;0.0457;0.016959349;0.016978651;L1;99.12790742
2444;Phenol;Water;337.493498;0.0533;0.016985798;0.017004645;L1;114.3558734
2444;Phenol;Water;337.524;0.0526;0.016987985;0.017006791;L1;113.0209798
2444;Phenol;Water;337.724;0.075483573;0.017002335;0.017020861;L1;149.0564397
2444;Phenol;Water;337.724;0.055;0.017002335;0.017020861;L1;117.3982526
2444;Phenol;Water;338.124;0.052;0.017031097;0.017049001;L1;111.6202792
2444;Phenol;Water;338.124;3.26E-05;0.017031097;0.017049001;L1;625.8483918
2444;Phenol;Water;338.124;0.041641537;0.017031097;0.017049001;L1;89.40572278
2444;Phenol;Water;338.124;0.041641537;0.017031097;0.017049001;L1;89.40572278
2444;Phenol;Water;338.13337;0.056414151;0.017031772;0.01704966;L1;119.7639484
2444;Phenol;Water;338.194;0.05751;0.01703614;0.017053925;L1;121.6621904
2444;Phenol;Water;338.324;0.065492441;0.01704551;0.017063071;L1;134.6047877
2444;Phenol;Water;338.324;0.06142;0.01704551;0.017063071;L1;128.184866
2444;Phenol;Water;338.324;0.066117694;0.01704551;0.017063071;L1;135.5549541
2444;Phenol;Water;338.324;0.0906;0.01704551;0.017063071;L1;167.0567358
2444;Phenol;Water;338.38332;0.0636;0.01704979;0.017067244;L1;131.6475612
2444;Phenol;Water;338.424;0.073367144;0.017052725;0.017070106;L1;145.916619
2444;Phenol;Water;338.424;0.080868775;0.017052725;0.017070106;L1;155.6517763
2444;Phenol;Water;338.524;0.089285994;0.017059945;0.017077141;L1;165.5111324
2444;Phenol;Water;338.524;0.091184785;0.017059945;0.017077141;L1;167.6154742
2444;Phenol;Water;338.524;0.082635672;0.017059945;0.017077141;L1;157.7708142
2444;Phenol;Water;338.524;0.045669219;0.017059945;0.017077141;L1;98.46912165
2444;Phenol;Water;338.524;0.0693;0.017059945;0.017077141;L1;140.1711597
2444;Phenol;Water;338.524;0.0592;0.017059945;0.017077141;L1;124.4188232
2444;Phenol;Water;338.624;0.093;0.01706717;0.017084176;L1;169.5442764
2444;Phenol;Water;338.624;0.093;0.01706717;0.017084176;L1;169.5442764
2444;Phenol;Water;338.624;0.097206559;0.01706717;0.017084176;L1;173.968146
2444;Phenol;Water;338.63327;0.093440597;0.01706784;0.017084828;L1;170.0129921
2444;Phenol;Water;338.674;0.0821;0.017070784;0.017087693;L1;157.0569526
2444;Phenol;Water;338.703256;0.0827;0.0170729;0.017089751;L1;157.772719
2444;Phenol;Water;338.724;0.059979225;0.0170744;0.01709121;L1;125.6417967
2444;Phenol;Water;338.724;0.075816878;0.0170744;0.01709121;L1;149.0740648
2444;Phenol;Water;338.803236;0.0914;0.017080133;0.017096785;L1;167.7329491
2444;Phenol;Water;338.824;0.089758627;0.017081636;0.017098245;L1;165.9120173
2444;Phenol;Water;338.914;0.06853;0.017088153;0.017104577;L1;138.8886202
2444;Phenol;Water;338.914;0.07649;0.017088153;0.017104577;L1;149.877461
2444;Phenol;Water;338.924;0.06319;0.017088877;0.01710528;L1;130.771827
2444;Phenol;Water;338.924;0.093440597;0.017088877;0.01710528;L1;169.8898117
2444;Phenol;Water;338.964;0.08341;0.017091775;0.017108094;L1;158.5170851
2444;Phenol;Water;338.964;0.0906;0.017091775;0.017108094;L1;166.7856858
2444;Phenol;Water;338.974;0.0897;0.0170925;0.017108798;L1;165.7831019
2444;Phenol;Water;338.974;0.0897;0.0170925;0.017108798;L1;165.7831019
2444;Phenol;Water;338.984;0.08538;0.017093224;0.017109501;L1;160.8429736
2444;Phenol;Water;339.0071952;0.0976;0.017094905;0.017111133;L1;174.2097006
2444;Phenol;Water;339.0071952;0.0976;0.017094905;0.017111133;L1;174.2097006
2444;Phenol;Water;339.024;0.058;0.017096123;0.017112315;L1;122.159127
2444;Phenol;Water;339.024;0.08036;0.017096123;0.017112315;L1;154.7664799
2444;Phenol;Water;339.024;0.0882;0.017096123;0.017112315;L1;164.0755222
2444;Phenol;Water;339.124;0.06847;0.017103375;0.01711935;L1;138.7119877
2444;Phenol;Water;339.124;0.052;0.017103375;0.01711935;L1;111.1967902
2444;Phenol;Water;339.124;0.0588;0.017103375;0.01711935;L1;123.4866038
2444;Phenol;Water;339.124;0.0922;0.017103375;0.01711935;L1;168.4684314
2444;Phenol;Water;339.124;0.0922;0.017103375;0.01711935;L1;168.4684314
2444;Phenol;Water;339.134;0.07292;0.017104101;0.017120054;L1;145.0044718
2444;Phenol;Water;339.184;0.09419;0.017107729;0.017123571;L1;170.5783691
2444;Phenol;Water;339.184;0.09419;0.017107729;0.017123571;L1;170.5783691
2444;Phenol;Water;339.184;0.07895;0.017107729;0.017123571;L1;152.9284413
2444;Phenol;Water;339.224;0.07276;0.017110632;0.017126385;L1;144.7466325
2444;Phenol;Water;339.424;0.044313771;0.017125162;0.017140455;L1;95.07466414
2444;Phenol;Water;339.574;0.0942;0.017136073;0.017151008;L1;170.4234381
2444;Phenol;Water;339.574;0.0942;0.017136073;0.017151008;L1;170.4234381
2444;Phenol;Water;339.924;0.09158929;0.01716158;0.01717563;L1;167.4641175
2444;Phenol;Water;340.124;0.061;0.017176185;0.0171897;L1;126.7350052
2444;Phenol;Water;341.124;0.081;0.017249529;0.01726005;L1;154.6664334
2444;Phenol;Water;341.424;0.099;0.017271636;0.017281155;L1;174.6054203
2444;Phenol;Water;273.15;0.37;0.613752965;0.613697335;L2;50.60895044
2444;Phenol;Water;273.15;0.37;0.613752965;0.613697335;L2;50.60895044
2444;Phenol;Water;274.44922;0.377396873;0.613815369;0.613703611;L2;48.63968334
2444;Phenol;Water;275.74844;0.37228693;0.613867221;0.613709886;L2;50.01137779
2444;Phenol;Water;276.24814;0.371022704;0.613884384;0.6137123;L2;50.35433533
2444;Phenol;Water;278.2;0.361;0.613936832;0.613721729;L2;53.10140858
2444;Phenol;Water;279.34628;0.362317975;0.613956935;0.613727266;L2;52.74025775
2444;Phenol;Water;281.04526;0.35745489;0.613972402;0.613735473;L2;54.09408065
2444;Phenol;Water;281.74484;0.37228693;0.613973856;0.613738852;L2;50.02874729
2444;Phenol;Water;283.144;0.35625143;0.613968269;0.61374561;L2;54.43065027
2444;Phenol;Water;283.144;0.351;0.613968269;0.61374561;L2;55.91570248
2444;Phenol;Water;283.144;0.3449;0.613968269;0.61374561;L2;57.66887284
2444;Phenol;Water;283.15;0.3699;0.613968221;0.613745639;L2;50.6710471
2444;Phenol;Water;283.74364;0.352670125;0.613962439;0.613748507;L2;55.44006213
2444;Phenol;Water;285.1428;0.329857455;0.613940899;0.613755266;L2;62.12380619
2444;Phenol;Water;285.34268;0.343;0.613936922;0.613756231;L2;58.21617421
2444;Phenol;Water;285.84238;0.364779492;0.613926;0.613758645;L2;52.05813603
2444;Phenol;Water;286.34208;0.347961804;0.613913686;0.613761059;L2;56.77616268
2444;Phenol;Water;288.141;0.337638259;0.613857921;0.613769748;L2;59.77884192
2444;Phenol;Water;288.141;0.341;0.613857921;0.613769748;L2;58.78810246
2444;Phenol;Water;288.141;0.337638259;0.613857921;0.613769748;L2;59.77884192
2444;Phenol;Water;288.141;0.338;0.613857921;0.613769748;L2;59.67176064
2444;Phenol;Water;290.2;0.339;0.613772418;0.613765732;L2;59.36240966
2444;Phenol;Water;291.1392;0.335912;0.613725838;0.613679012;L2;60.2699089
2444;Phenol;Water;291.23914;0.335393451;0.613720604;0.613669785;L2;60.4235459
2444;Phenol;Water;293.138;0.3276;0.61361113;0.613494457;L2;62.75680371
2444;Phenol;Water;293.138;0.33251;0.61361113;0.613494457;L2;61.26914543
2444;Phenol;Water;293.138;0.3276;0.61361113;0.613494457;L2;62.75680371
2444;Phenol;Water;293.138;0.33;0.61361113;0.613494457;L2;62.02687346
2444;Phenol;Water;293.138;0.327;0.61361113;0.613494457;L2;62.94012182
2444;Phenol;Water;293.138;0.329528701;0.61361113;0.613494457;L2;62.16979342
2444;Phenol;Water;293.138;0.3315;0.61361113;0.613494457;L2;61.57335795
2444;Phenol;Water;293.73776;0.32336;0.613572618;0.613439079;L2;64.0532371
2444;Phenol;Water;294.83732;0.332058948;0.613497156;0.613337553;L2;61.3863121
2444;Phenol;Water;295.73696;0.329857455;0.613430769;0.613254487;L2;62.04068059
2444;Phenol;Water;296.93648;0.3173;0.613335808;0.613143731;L2;65.90648973
2444;Phenol;Water;297.03644;0.321219304;0.613327563;0.613134501;L2;64.67750743
2444;Phenol;Water;298.136;0.32314;0.613233544;0.613032976;L2;64.06601823
2444;Phenol;Water;298.136;0.322;0.613233544;0.613032976;L2;64.41943026
2444;Phenol;Water;298.136;0.322284642;0.613233544;0.613032976;L2;64.33107118
2444;Phenol;Water;298.14437;0.325505203;0.613232805;0.613032203;L2;63.33661968
2444;Phenol;Water;298.14437;0.3189;0.613232805;0.613032203;L2;65.38670689
2444;Phenol;Water;298.15;0.3123;0.613232307;0.613031683;L2;67.47795676
2444;Phenol;Water;298.15;0.317585352;0.613232307;0.613031683;L2;65.79972245
2444;Phenol;Water;298.15;0.3269;0.613232307;0.613031683;L2;62.90895182
2444;Phenol;Water;298.15;0.328;0.613232307;0.613031683;L2;62.57302235
2444;Phenol;Water;298.2;0.314807667;0.613227883;0.613027066;L2;66.67747464
2444;Phenol;Water;298.53584;0.322284642;0.613197843;0.612996057;L2;64.32524931
2444;Phenol;Water;299.33552;0.316998253;0.613124041;0.61292222;L2;65.96710037
2444;Phenol;Water;299.6;0.311;0.61309893;0.6128978;L2;67.87333967
2444;Phenol;Water;301.43468;0.310785083;0.612915193;0.612728398;L2;67.91249565
2444;Phenol;Water;302.53424;0.308744895;0.612797144;0.612626872;L2;68.55186047
2444;Phenol;Water;302.53424;0.308744895;0.612797144;0.612626872;L2;68.55186047
2444;Phenol;Water;302.73416;0.315952951;0.612775046;0.612608413;L2;66.24045832
2444;Phenol;Water;302.93408;0.309;0.612752754;0.612589954;L2;68.46202395
2444;Phenol;Water;303.134;0.302615174;0.612730267;0.612571494;L2;70.54628726
2444;Phenol;Water;303.134;0.302;0.612730267;0.612571494;L2;70.74978008
2444;Phenol;Water;303.134;0.30222;0.612730267;0.612571494;L2;70.67695891
2444;Phenol;Water;303.134;0.3007;0.612730267;0.612571494;L2;71.18117281
2444;Phenol;Water;303.134;0.30471;0.612730267;0.612571494;L2;69.85643135
2444;Phenol;Water;303.134;0.3077;0.612730267;0.612571494;L2;68.87995358
2444;Phenol;Water;303.134;0.30824;0.612730267;0.612571494;L2;68.70461178
2444;Phenol;Water;303.18398;0.30471;0.612724615;0.61256688;L2;69.85550893
2444;Phenol;Water;303.18398;0.30222;0.612724615;0.61256688;L2;70.67603649
2444;Phenol;Water;303.33392;0.301;0.612707589;0.612553035;L2;71.07775403
2444;Phenol;Water;303.83372;0.303710331;0.612650041;0.612506887;L2;70.1719489
2444;Phenol;Water;305.633;0.298767852;0.61243292;0.612340754;L2;71.77725608
2444;Phenol;Water;307.23236;0.293914953;0.612226971;0.61219308;L2;73.38126308
2444;Phenol;Water;307.43228;0.291998332;0.612200368;0.612174621;L2;74.03115379
2444;Phenol;Water;308.132;0.29181;0.61210579;0.612102686;L2;74.08022215
2444;Phenol;Water;308.132;0.292;0.61210579;0.612102686;L2;74.01513248
2444;Phenol;Water;308.132;0.2856;0.61210579;0.612102686;L2;76.23128966
2444;Phenol;Water;308.4;0.293;0.612068962;0.612055238;L2;73.66723502
2444;Phenol;Water;308.73176;0.289149221;0.61202291;0.611996501;L2;74.98268256
2444;Phenol;Water;309.33152;0.2826;0.611938329;0.611890317;L2;77.25990369
2444;Phenol;Water;311.33072;0.28;0.61164436;0.611536368;L2;78.13613997
2444;Phenol;Water;311.6306;0.276;0.611598675;0.611483276;L2;79.56754413
2444;Phenol;Water;311.6306;0.276249402;0.611598675;0.611483276;L2;79.47722189
2444;Phenol;Water;311.83052;0.278053351;0.611567987;0.611447881;L2;78.82131241
2444;Phenol;Water;311.93048;0.276249402;0.611552574;0.611430184;L2;79.46968391
2444;Phenol;Water;313.13;0.279;0.611364058;0.611217815;L2;78.44808397
2444;Phenol;Water;313.13;0.27815;0.611364058;0.611217815;L2;78.7532085
2444;Phenol;Water;313.13;0.275;0.611364058;0.611217815;L2;79.89215238
2444;Phenol;Water;313.13;0.2717;0.611364058;0.611217815;L2;81.09941051
2444;Phenol;Water;313.13;0.278053351;0.611364058;0.611217815;L2;78.78796162
2444;Phenol;Water;313.15;0.2755;0.611360859;0.611214274;L2;79.70997605
2444;Phenol;Water;313.15;0.2756;0.611360859;0.611214274;L2;79.673685
2444;Phenol;Water;313.15;0.275683774;0.611360859;0.611214274;L2;79.64329267
2444;Phenol;Water;313.7;0.275;0.611272179;0.611116899;L2;79.8771227
2444;Phenol;Water;314.1297;0.268;0.611201938;0.611040823;L2;82.44404289
2444;Phenol;Water;314.22967;0.265;0.611185477;0.611023124;L2;83.56706501
2444;Phenol;Water;314.52958;0.2655;0.611135823;0.610970026;L2;83.37043904
2444;Phenol;Water;315.1294;0.2648;0.611035294;0.610863831;L2;83.6179897
2444;Phenol;Water;315.42931;0.2643;0.610984421;0.610810733;L2;83.79866395
2444;Phenol;Water;315.52928;0.271;0.610967375;0.610793034;L2;81.29247413
2444;Phenol;Water;315.82919;0.25973;0.610915964;0.610739937;L2;85.53167807
2444;Phenol;Water;315.979145;0.2647;0.610890106;0.610713388;L2;83.63199752
2444;Phenol;Water;315.989142;0.2626;0.610888379;0.610711618;L2;84.42822948
2444;Phenol;Water;316.65;0.262430701;0.610773198;0.610594616;L2;84.47386409
2444;Phenol;Water;317.52868;0.267;0.610617032;0.61043905;L2;82.72213152
2444;Phenol;Water;317.62865;0.262260551;0.610599046;0.610421351;L2;84.51020396
2444;Phenol;Water;318.1285;0.26243;0.610508454;0.610332855;L2;84.43077607
2444;Phenol;Water;318.1285;0.261157395;0.610508454;0.610332855;L2;84.91688689
2444;Phenol;Water;318.15;0.26;0.610504532;0.610329049;L2;85.36040861
2444;Phenol;Water;318.82829;0.257209436;0.610379766;0.610208961;L2;86.41906512
2444;Phenol;Water;319.1282;0.251;0.61032395;0.610155863;L2;88.85369435
2444;Phenol;Water;319.32814;0.253898456;0.61028652;0.610120465;L2;87.69941442
2444;Phenol;Water;319.52808;0.262260551;0.610248915;0.610085067;L2;84.45284525
2444;Phenol;Water;319.52808;0.262260551;0.610248915;0.610085067;L2;84.45284525
2444;Phenol;Water;319.62805;0.257;0.610230046;0.610067367;L2;86.47599255
2444;Phenol;Water;321.1276;0.245812005;0.609941745;0.60980188;L2;90.87964153
2444;Phenol;Water;321.1276;0.2434;0.609941745;0.60980188;L2;91.86572712
2444;Phenol;Water;321.62745;0.2417;0.60984346;0.609713384;L2;92.5505013
2444;Phenol;Water;321.62745;0.2428;0.60984346;0.609713384;L2;92.09642416
2444;Phenol;Water;321.72742;0.2486;0.609823672;0.609695684;L2;89.73246734
2444;Phenol;Water;322.62715;0.244226597;0.609643623;0.609536392;L2;91.47780917
2444;Phenol;Water;323.127;0.2349;0.60954208;0.609447896;L2;95.35480959
2444;Phenol;Water;323.127;0.243;0.60954208;0.609447896;L2;91.96465442
2444;Phenol;Water;323.127;0.237987788;0.60954208;0.609447896;L2;94.04886261
2444;Phenol;Water;323.127;0.238;0.60954208;0.609447896;L2;94.04373139
2444;Phenol;Water;323.15;0.242;0.609537382;0.609443824;L2;92.37625531
2444;Phenol;Water;323.15;0.238241937;0.609537382;0.609443824;L2;93.94135799
2444;Phenol;Water;323.42691;0.246;0.609480635;0.609394798;L2;90.727564
2444;Phenol;Water;323.72682;0.2349;0.6094188;0.609341701;L2;95.33458249
2444;Phenol;Water;324.1267;0.2341;0.609335753;0.609270904;L2;95.66210592
2444;Phenol;Water;324.1267;0.2377;0.609335753;0.609270904;L2;94.13600593
2444;Phenol;Water;324.22667;0.2366;0.609314883;0.609253205;L2;94.59642311
2444;Phenol;Water;325.42631;0.2272;0.609061097;0.609040814;L2;98.60878998
2444;Phenol;Water;325.72622;0.2285;0.608996682;0.608987717;L2;98.02766086
2444;Phenol;Water;325.8;0.231;0.608980777;0.608974654;L2;96.9368991
2444;Phenol;Water;326.1261;0.231533988;0.608910202;0.60890392;L2;96.69441263
2444;Phenol;Water;326.62595;0.223148863;0.608801148;0.608777177;L2;100.3652596
2444;Phenol;Water;326.82589;0.223;0.60875723;0.608726479;L2;100.424778
2444;Phenol;Water;327.52568;0.2119;0.60860215;0.608549039;L2;105.5050305
2444;Phenol;Water;327.955551;0.2175;0.608505862;0.60844004;L2;102.8807695
2444;Phenol;Water;328.1255;0.219494073;0.60846758;0.608396947;L2;101.9618403
2444;Phenol;Water;328.1255;0.2181;0.60846758;0.608396947;L2;102.598996
2444;Phenol;Water;328.135555;0.217371206;0.608465311;0.608394397;L2;102.9333385
2444;Phenol;Water;328.15;0.2165;0.608462051;0.608390735;L2;103.3343999
2444;Phenol;Water;328.62535;0.223076637;0.608354273;0.608270204;L2;100.3242022
2444;Phenol;Water;328.62535;0.217371206;0.608354273;0.608270204;L2;102.915088
2444;Phenol;Water;329.32514;0.223076637;0.608193871;0.608092763;L2;100.2978322
2444;Phenol;Water;329.32514;0.223076637;0.608193871;0.608092763;L2;100.2978322
2444;Phenol;Water;329.62505;0.223;0.608124495;0.608016717;L2;100.320785
2444;Phenol;Water;331.22457;0.1986;0.607748102;0.607611139;L2;111.8467738
2444;Phenol;Water;331.92436;0.1894;0.60758006;0.607433699;L2;116.5622772
2444;Phenol;Water;332.32424;0.1943;0.607483117;0.607332304;L2;113.9921027
2444;Phenol;Water;332.494498;0.1891;0.607441639;0.607289133;L2;116.6980127
2444;Phenol;Water;332.674135;0.1901;0.607397745;0.607243584;L2;116.163359
2444;Phenol;Water;332.92406;0.20704647;0.607336455;0.607180212;L2;107.6139668
2444;Phenol;Water;333.02403;0.195898413;0.607311865;0.607154864;L2;113.1446216
2444;Phenol;Water;333.02403;0.1872;0.607311865;0.607154864;L2;117.6864876
2444;Phenol;Water;333.124;0.191;0.607287234;0.607129515;L2;115.6728453
2444;Phenol;Water;333.124;0.198;0.607287234;0.607129515;L2;112.0734851
2444;Phenol;Water;333.124;0.1902;0.607287234;0.607129515;L2;116.0925731
2444;Phenol;Water;333.15;0.20325173;0.607280821;0.607122922;L2;109.4546061
2444;Phenol;Water;333.15;0.1932;0.607280821;0.607122922;L2;114.52654
2444;Phenol;Water;333.224;0.202;0.607262554;0.607104159;L2;110.0693543
2444;Phenol;Water;333.324;0.18264;0.607237832;0.607078802;L2;120.1403527
2444;Phenol;Water;333.524;0.195770592;0.607188264;0.60702809;L2;113.1895373
2444;Phenol;Water;333.624;0.192725383;0.607163417;0.607002734;L2;114.7531687
2444;Phenol;Water;333.624;0.187;0.607163417;0.607002734;L2;117.768936
2444;Phenol;Water;333.624;0.1853;0.607163417;0.607002734;L2;118.6821843
2444;Phenol;Water;333.65;0.189350378;0.607156951;0.606996141;L2;116.5188175
2444;Phenol;Water;334;0.2051;0.607069626;0.606907394;L2;108.5145825
2444;Phenol;Water;334.024;0.1754;0.607063619;0.606901309;L2;124.1564515
2444;Phenol;Water;334.424;0.1795;0.606963156;0.606799884;L2;121.8292883
2444;Phenol;Water;334.724;0.189598558;0.606887374;0.606723815;L2;116.3434245
2444;Phenol;Water;334.924;0.183479542;0.606836646;0.606673102;L2;119.6156465
2444;Phenol;Water;335.124;0.180485433;0.606785755;0.60662239;L2;121.25257
2444;Phenol;Water;335.124;0.188;0.606785755;0.60662239;L2;117.1733809
2444;Phenol;Water;335.124;0.1763;0.606785755;0.60662239;L2;123.5988682
2444;Phenol;Water;335.324;0.165027218;0.606734696;0.606571677;L2;130.1981204
2444;Phenol;Water;335.624;0.161746346;0.606657799;0.606495609;L2;132.1935532
2444;Phenol;Water;335.674;0.171;0.606644947;0.606482931;L2;126.6280132
2444;Phenol;Water;335.88382;0.1657;0.606590901;0.606429728;L2;129.7675671
2444;Phenol;Water;336.324;0.1587;0.606476932;0.606318115;L2;134.0651066
2444;Phenol;Water;336.324;0.16417;0.606476932;0.606318115;L2;130.6764217
2444;Phenol;Water;336.524;0.160664598;0.606424885;0.606267403;L2;132.8261921
2444;Phenol;Water;336.524;0.161;0.606424885;0.606267403;L2;132.6176505
2444;Phenol;Water;337.024;0.160664598;0.606294047;0.606140621;L2;132.8046145
2444;Phenol;Water;337.024;0.160664598;0.606294047;0.606140621;L2;132.8046145
2444;Phenol;Water;337.124;0.176;0.606267757;0.606115265;L2;123.6837736
2444;Phenol;Water;337.124;0.1596;0.606267757;0.606115265;L2;133.4651046
2444;Phenol;Water;337.393518;0.1471;0.606196694;0.606046925;L2;141.6091884
2444;Phenol;Water;337.4;0.160988505;0.606194982;0.606045282;L2;132.5868721
2444;Phenol;Water;337.524;0.1424;0.606162186;0.60601384;L2;144.8507585
2444;Phenol;Water;337.524;0.15;0.606162186;0.60601384;L2;139.651229
2444;Phenol;Water;337.624;0.130737518;0.60613569;0.605988484;L2;153.3912238
2444;Phenol;Water;337.853426;0.1408;0.606074747;0.60593031;L2;145.966288
2444;Phenol;Water;337.924;0.1386;0.606055957;0.605912415;L2;147.5380234
2444;Phenol;Water;338.124;0.1359;0.606002597;0.605861703;L2;149.4964951
2444;Phenol;Water;338.124;0.160664598;0.606002597;0.605861703;L2;132.7565322
2444;Phenol;Water;338.124;0.120427042;0.606002597;0.605861703;L2;161.5840163
2444;Phenol;Water;338.124;0.160664598;0.606002597;0.605861703;L2;132.7565322
2444;Phenol;Water;338.124;0.154609071;0.606002597;0.605861703;L2;136.5984464
2444;Phenol;Water;338.13337;0.139231418;0.606000093;0.605859327;L2;147.0742714
2444;Phenol;Water;338.324;0.14583;0.605949074;0.60581099;L2;142.4354386
2444;Phenol;Water;338.324;0.1385;0.605949074;0.60581099;L2;147.592562
2444;Phenol;Water;338.364;0.1311;0.60593835;0.605800848;L2;153.0817857
2444;Phenol;Water;338.394;0.13541;0.605930302;0.605793241;L2;149.8457753
2444;Phenol;Water;338.424;0.09916;0.605922251;0.605785634;L2;181.0016972
2444;Phenol;Water;338.424;0.093068667;0.605922251;0.605785634;L2;187.3414103
2444;Phenol;Water;338.513294;0.1241;0.605898265;0.605762992;L2;158.56244
2444;Phenol;Water;338.524;0.135408367;0.605895387;0.605760278;L2;149.8412189
2444;Phenol;Water;338.524;0.155342774;0.605895387;0.605760278;L2;136.1073222
2444;Phenol;Water;338.624;0.1366;0.605868482;0.605734921;L2;148.9605989
2444;Phenol;Water;338.624;0.098276473;0.605868482;0.605734921;L2;181.8878276
2444;Phenol;Water;338.624;0.1178;0.605868482;0.605734921;L2;163.7674665
2444;Phenol;Water;338.624;0.1153;0.605868482;0.605734921;L2;165.9125509
2444;Phenol;Water;338.703256;0.1132;0.605847131;0.605714825;L2;167.747153
2444;Phenol;Water;338.724;0.134;0.605841538;0.605709565;L2;150.8778664
2444;Phenol;Water;338.724;0.1416;0.605841538;0.605709565;L2;145.3612283
2444;Phenol;Water;338.774;0.0942;0.60582805;0.605696887;L2;186.1176019
2444;Phenol;Water;338.793238;0.1031;0.605822858;0.605692009;L2;177.0888238
2444;Phenol;Water;338.8;0.1501;0.605821032;0.605690294;L2;139.5282877
2444;Phenol;Water;338.803236;0.1031;0.605820159;0.605689474;L2;177.0883783
2444;Phenol;Water;338.824;0.1361;0.605814552;0.605684209;L2;149.3184009
2444;Phenol;Water;338.824;0.113170566;0.605814552;0.605684209;L2;167.7677805
2444;Phenol;Water;338.824;0.113;0.605814552;0.605684209;L2;167.91861
2444;Phenol;Water;338.824;0.113170566;0.605814552;0.605684209;L2;167.7677805
2444;Phenol;Water;338.824;0.107;0.605814552;0.605684209;L2;173.3745085
2444;Phenol;Water;338.824;0.113170566;0.605814552;0.605684209;L2;167.7677805
2444;Phenol;Water;338.824;0.107;0.605814552;0.605684209;L2;173.3745085
2444;Phenol;Water;338.924;0.1027;0.605787524;0.605658853;L2;177.4717188
2444;Phenol;Water;339.024;0.1229;0.605760456;0.605633496;L2;159.5113605
2444;Phenol;Water;339.034;0.11511;0.605757747;0.605630961;L2;166.0591956
2444;Phenol;Water;339.094;0.0977;0.605741484;0.605615747;L2;182.4551742
2444;Phenol;Water;339.124;0.155;0.605733347;0.60560814;L2;136.3014751
2444;Phenol;Water;339.124;0.134;0.605733347;0.60560814;L2;150.8600068
2444;Phenol;Water;339.15;0.135266515;0.605726292;0.605601547;L2;149.9181204
2444;Phenol;Water;339.224;0.1217;0.605706198;0.605582784;L2;160.4836046
2444;Phenol;Water;339.224;0.1215;0.605706198;0.605582784;L2;160.6480783
2444;Phenol;Water;339.4;0.064095018;0.605658315;0.605538157;L2;224.5949352
2444;Phenol;Water;339.424;0.15481842;0.605651776;0.605532071;L2;136.4052247
2444;Phenol;Water;339.524;0.0921;0.605624504;0.605506715;L2;188.338522
2444;Phenol;Water;339.524;0.0996;0.605624504;0.605506715;L2;180.5097999
2444;Phenol;Water;339.524;0.0965;0.605624504;0.605506715;L2;183.6717155
2444;Phenol;Water;339.524;0.0978;0.605624504;0.605506715;L2;182.3335586
2444;Phenol;Water;339.524;0.111;0.605624504;0.605506715;L2;169.6729962
2444;Phenol;Water;339.724;0.09503;0.605569837;0.605456003;L2;185.1977263
2444;Phenol;Water;339.724;0.1013;0.605569837;0.605456003;L2;178.8083483
2444;Phenol;Water;339.724;0.0897;0.605569837;0.605456003;L2;190.9699126
2444;Phenol;Water;339.724;0.0922;0.605569837;0.605456003;L2;188.2209764
2444;Phenol;Water;339.724;0.0916;0.605569837;0.605456003;L2;188.8738623
2444;Phenol;Water;339.724;0.08728;0.605569837;0.605456003;L2;193.7048553
2444;Phenol;Water;339.724;0.07778;0.605569837;0.605456003;L2;205.2285566
2444;Phenol;Water;339.724;0.11273;0.605569837;0.605456003;L2;168.1174316
2444;Phenol;Water;339.724;0.08649;0.605569837;0.605456003;L2;194.6141094
2444;Phenol;Water;339.724;0.0977;0.605569837;0.605456003;L2;182.4268336
2444;Phenol;Water;339.724;0.1047;0.605569837;0.605456003;L2;175.5070777
2444;Phenol;Water;339.724;0.0897;0.605569837;0.605456003;L2;190.9699126
2444;Phenol;Water;340.124;0.09989426;0.605460018;0.605354578;L2;180.1876303
2444;Phenol;Water;340.124;0.139;0.605460018;0.605354578;L2;147.1514597
2444;Phenol;Water;340.124;0.063478081;0.605460018;0.605354578;L2;225.5293865
2444;Phenol;Water;340.124;0.071052551;0.605460018;0.605354578;L2;214.2568772
2444;Phenol;Water;340.4;0.113254222;0.605383862;0.605284594;L2;167.6227696
2444;Phenol;Water;340.65;0.076552659;0.605314613;0.605221204;L2;206.7769487
2444;Phenol;Water;340.65;0.093403366;0.605314613;0.605221204;L2;186.8820961
2444;Phenol;Water;341.124;0.096;0.60518262;0.605101015;L2;184.1182072
2444;Phenol;Water;341.124;0.096;0.60518262;0.605101015;L2;184.1182072
2444;Phenol;Water;341.124;0.116;0.60518262;0.605101015;L2;165.1940072
2444;Phenol;Water;341.424;0.099;0.605098611;0.605024946;L2;181.0271587
2444;Phenol;Water;341.794;0.08956;0.604994495;0.604931128;L2;191.0310566
2554;Tetradecane;Carbonic acid dimethyl ester;277.13;0.0257;0.036717706;0.036862087;L1;35.67681104
2554;Tetradecane;Carbonic acid dimethyl ester;290;0.0442;0.047681244;0.047775463;L1;7.581333312
2554;Tetradecane;Carbonic acid dimethyl ester;297.965;0.062;0.056405653;0.05654787;L1;9.456500056
2554;Tetradecane;Carbonic acid dimethyl ester;298.25;0.0661;0.056751864;0.056912739;L1;15.24802397
2554;Tetradecane;Carbonic acid dimethyl ester;299.162;0.066;0.057877247;0.058080319;L1;13.13303995
2554;Tetradecane;Carbonic acid dimethyl ester;299.26;0.0704;0.057999789;0.058205783;L1;19.37538987
2554;Tetradecane;Carbonic acid dimethyl ester;300.39;0.072;0.059435949;0.059652456;L1;19.17668807
2554;Tetradecane;Carbonic acid dimethyl ester;301.41;0.0809;0.060769966;0.060958302;L1;28.61181431
2554;Tetradecane;Carbonic acid dimethyl ester;301.595;0.078;0.061015859;0.061195147;L1;24.55750078
2554;Tetradecane;Carbonic acid dimethyl ester;302.799;0.086;0.062646622;0.062736558;L1;31.68375426
2554;Tetradecane;Carbonic acid dimethyl ester;303.16;0.0953;0.063146101;0.063198725;L1;41.15787109
2554;Tetradecane;Carbonic acid dimethyl ester;303.811;0.093;0.064059449;0.06408829;L1;37.27879488
2554;Tetradecane;Carbonic acid dimethyl ester;304.602;0.1;0.065191588;0.065314512;L1;42.78397406
2554;Tetradecane;Carbonic acid dimethyl ester;305.05;0.1118;0.065843963;0.06600901;L1;52.94238106
2554;Tetradecane;Carbonic acid dimethyl ester;305.256;0.108;0.066146702;0.066328354;L1;49.02562014
2554;Tetradecane;Carbonic acid dimethyl ester;305.857;0.115;0.067040047;0.067260035;L1;53.96419729
2554;Tetradecane;Carbonic acid dimethyl ester;306.259;0.123;0.06764614;0.067883222;L1;59.78940598
2554;Tetradecane;Carbonic acid dimethyl ester;306.559;0.129;0.068102993;0.068348288;L1;63.87912349
2554;Tetradecane;Carbonic acid dimethyl ester;306.765;0.134;0.068418978;0.068667632;L1;67.21895648
2554;Tetradecane;Carbonic acid dimethyl ester;306.84;0.1424;0.068534485;0.068783899;L1;73.13029563
2554;Tetradecane;Carbonic acid dimethyl ester;306.924;0.139;0.068664148;0.068914117;L1;70.52467304
2554;Tetradecane;Carbonic acid dimethyl ester;307.075;0.143;0.068898023;0.0691482;L1;73.02171429
2554;Tetradecane;Carbonic acid dimethyl ester;307.188;0.147;0.069073709;0.069323374;L1;75.52584053
2554;Tetradecane;Carbonic acid dimethyl ester;307.271;0.151;0.069203118;0.069452042;L1;78.0233918
2554;Tetradecane;Carbonic acid dimethyl ester;307.347;0.155;0.069321885;0.069569859;L1;80.46644552
2554;Tetradecane;Carbonic acid dimethyl ester;307.411;0.157;0.069422103;0.069669073;L1;81.60405078
2554;Tetradecane;Carbonic acid dimethyl ester;307.468;0.162;0.069511515;0.069757435;L1;84.61039132
2554;Tetradecane;Carbonic acid dimethyl ester;307.5;0.178;0.069561776;0.069807042;L1;93.9568327
2554;Tetradecane;Carbonic acid dimethyl ester;307.514;0.165;0.06958378;0.069828745;L1;86.34139786
2554;Tetradecane;Carbonic acid dimethyl ester;307.554;0.169;0.069646698;0.069890754;L1;88.64634293
2554;Tetradecane;Carbonic acid dimethyl ester;307.585;0.171;0.069695509;0.069938811;L1;89.75276741
2554;Tetradecane;Carbonic acid dimethyl ester;307.61;0.2175;0.069734905;0.069977566;L1;113.7497869
2554;Tetradecane;Carbonic acid dimethyl ester;307.613;0.175;0.069739634;0.069982217;L1;92.00171749
2554;Tetradecane;Carbonic acid dimethyl ester;307.639;0.178;0.06978064;0.070022522;L1;93.64269411
2554;Tetradecane;Carbonic acid dimethyl ester;307.65;0.1956;0.069797998;0.070039575;L1;103.046643
2554;Tetradecane;Carbonic acid dimethyl ester;307.661;0.18;0.069815361;0.070056627;L1;94.71027871
2554;Tetradecane;Carbonic acid dimethyl ester;307.68;0.184;0.069845366;0.070086081;L1;96.86520174
2554;Tetradecane;Carbonic acid dimethyl ester;307.697;0.188;0.069872226;0.070112435;L1;98.97737308
2554;Tetradecane;Carbonic acid dimethyl ester;307.711;0.191;0.069894356;0.070134138;L1;100.5288524
2554;Tetradecane;Carbonic acid dimethyl ester;307.722;0.197;0.06991175;0.07015119;L1;103.5969991
2554;Tetradecane;Carbonic acid dimethyl ester;307.731;0.201;0.069925986;0.070165142;L1;105.5867566
2554;Tetradecane;Carbonic acid dimethyl ester;307.741;0.21;0.069941808;0.070180644;L1;109.9443948
2554;Tetradecane;Carbonic acid dimethyl ester;279.85;0.709;0.841390405;0.841162625;L2;17.12002412
2554;Tetradecane;Carbonic acid dimethyl ester;283.09;0.6837;0.82891567;0.828503219;L2;19.25992004
2554;Tetradecane;Carbonic acid dimethyl ester;286.87;0.6562;0.813512405;0.813120291;L2;21.48955555
2554;Tetradecane;Carbonic acid dimethyl ester;288.88;0.633;0.804935841;0.804931897;L2;24.02921509
2554;Tetradecane;Carbonic acid dimethyl ester;292.82;0.5892;0.787314538;0.786797393;L2;28.98621516
2554;Tetradecane;Carbonic acid dimethyl ester;297.965;0.533;0.762606849;0.762266072;L2;35.82212046
2554;Tetradecane;Carbonic acid dimethyl ester;298.52;0.5227;0.75982127;0.759400355;L2;37.40755488
2554;Tetradecane;Carbonic acid dimethyl ester;299.162;0.517;0.756568836;0.756085417;L2;38.07506473
2554;Tetradecane;Carbonic acid dimethyl ester;300.18;0.4992;0.751344341;0.750829021;L2;40.88572398
2554;Tetradecane;Carbonic acid dimethyl ester;300.39;0.497;0.750256234;0.749744695;L2;41.18247668
2554;Tetradecane;Carbonic acid dimethyl ester;301.595;0.478;0.743943094;0.743522733;L2;44.23538132
2554;Tetradecane;Carbonic acid dimethyl ester;302.799;0.455;0.737515188;0.737305934;L2;48.29892626
2554;Tetradecane;Carbonic acid dimethyl ester;303.47;0.4385;0.733879838;0.733841256;L2;51.49854944
2554;Tetradecane;Carbonic acid dimethyl ester;303.811;0.434;0.732017609;0.731956802;L2;52.27600362
2554;Tetradecane;Carbonic acid dimethyl ester;304.602;0.416;0.727659211;0.727401808;L2;55.91475615
2554;Tetradecane;Carbonic acid dimethyl ester;304.87;0.4118;0.726170157;0.725858523;L2;56.72465694
2554;Tetradecane;Carbonic acid dimethyl ester;305.256;0.399;0.724014362;0.723635732;L2;59.58498117
2554;Tetradecane;Carbonic acid dimethyl ester;305.57;0.3919;0.722250943;0.721827554;L2;61.13659401
2554;Tetradecane;Carbonic acid dimethyl ester;305.857;0.381;0.720631462;0.720174857;L2;63.73284832
2554;Tetradecane;Carbonic acid dimethyl ester;306.259;0.368;0.71835062;0.71785993;L2;66.88748401
2554;Tetradecane;Carbonic acid dimethyl ester;306.559;0.355;0.716638975;0.716132372;L2;70.24544025
2554;Tetradecane;Carbonic acid dimethyl ester;306.72;0.3378;0.715717015;0.715205249;L2;75.08308545
2554;Tetradecane;Carbonic acid dimethyl ester;306.765;0.347;0.715458902;0.714946115;L2;72.35993772
2554;Tetradecane;Carbonic acid dimethyl ester;306.924;0.337;0.714545415;0.71403051;L2;75.15636264
2554;Tetradecane;Carbonic acid dimethyl ester;307.075;0.329;0.713675741;0.713160972;L2;77.43709644
2554;Tetradecane;Carbonic acid dimethyl ester;307.11;0.31;0.713473862;0.712959424;L2;83.35735049
2554;Tetradecane;Carbonic acid dimethyl ester;307.188;0.322;0.713023553;0.712510259;L2;79.49629076
2554;Tetradecane;Carbonic acid dimethyl ester;307.271;0.319;0.712543761;0.712032301;L2;80.36502263
2554;Tetradecane;Carbonic acid dimethyl ester;307.347;0.312;0.712103875;0.711594653;L2;82.52206045
2554;Tetradecane;Carbonic acid dimethyl ester;307.41;0.2859;0.711738827;0.711231866;L2;91.20689285
2554;Tetradecane;Carbonic acid dimethyl ester;307.411;0.306;0.711733029;0.711226107;L2;84.41177804
2554;Tetradecane;Carbonic acid dimethyl ester;307.468;0.301;0.711402425;0.710897871;L2;86.0128004
2554;Tetradecane;Carbonic acid dimethyl ester;307.514;0.297;0.711135402;0.710632979;L2;87.31307118
2554;Tetradecane;Carbonic acid dimethyl ester;307.554;0.293;0.710903048;0.710402638;L2;88.63634515
2554;Tetradecane;Carbonic acid dimethyl ester;307.585;0.289;0.710722871;0.710224124;L2;89.98558925
2554;Tetradecane;Carbonic acid dimethyl ester;307.613;0.286;0.710560054;0.710062885;L2;91.00616568
2554;Tetradecane;Carbonic acid dimethyl ester;307.639;0.281;0.710408801;0.709913163;L2;92.74859114
2554;Tetradecane;Carbonic acid dimethyl ester;307.661;0.277;0.710280769;0.709786476;L2;94.16428347
2554;Tetradecane;Carbonic acid dimethyl ester;307.68;0.274;0.710170159;0.709677064;L2;95.23764956
2554;Tetradecane;Carbonic acid dimethyl ester;307.697;0.268;0.710071164;0.709579169;L2;97.43782154
2554;Tetradecane;Carbonic acid dimethyl ester;307.711;0.265;0.709989618;0.709498549;L2;98.55205217
2554;Tetradecane;Carbonic acid dimethyl ester;307.722;0.261;0.709925534;0.709435206;L2;100.0639675
2554;Tetradecane;Carbonic acid dimethyl ester;307.73;0.2335;0.70987892;0.709389137;L2;111.1912343
2554;Tetradecane;Carbonic acid dimethyl ester;307.731;0.257;0.709873093;0.709383379;L2;101.6010126
2554;Tetradecane;Carbonic acid dimethyl ester;307.737;0.254;0.709838128;0.709348828;L2;102.7702688
2554;Tetradecane;Carbonic acid dimethyl ester;307.741;0.252;0.709814816;0.709325794;L2;103.5575026
2554;Tetradecane;Carbonic acid dimethyl ester;307.751;0.243;0.70975653;0.709268208;L2;107.1860552
2596;Tetrachloromethane;Water;273.15;0.000114881;;;L1;
2596;Tetrachloromethane;Water;273.15;0.000104323;;;L1;
2596;Tetrachloromethane;Water;273.15;0.000113708;;;L1;
2596;Tetrachloromethane;Water;277.09763;9.70E-05;;;L1;
2596;Tetrachloromethane;Water;283.144;9.73E-05;2.53E-05;2.55E-05;L1;134.8074008
2596;Tetrachloromethane;Water;283.15;7.38E-05;2.53E-05;2.55E-05;L1;107.1529463
2596;Tetrachloromethane;Water;288.141;9.19E-05;2.75E-05;2.82E-05;L1;120.4740057
2596;Tetrachloromethane;Water;293.138;0.000117228;3.00E-05;3.08E-05;L1;136.315013
2596;Tetrachloromethane;Water;293.138;9.02E-05;3.00E-05;3.08E-05;L1;110.1058801
2596;Tetrachloromethane;Water;293.138;9.38E-05;3.00E-05;3.08E-05;L1;114.019423
2596;Tetrachloromethane;Water;293.14537;0.000159173;3.00E-05;3.08E-05;L1;166.8896551
2596;Tetrachloromethane;Water;293.14537;9.05E-05;3.00E-05;3.08E-05;L1;110.4254741
2596;Tetrachloromethane;Water;293.14537;9.38E-05;3.00E-05;3.08E-05;L1;114.0069746
2596;Tetrachloromethane;Water;293.14537;9.19E-05;3.00E-05;3.08E-05;L1;111.9605919
2596;Tetrachloromethane;Water;293.15;8.21E-05;3.00E-05;3.08E-05;L1;100.6764704
2596;Tetrachloromethane;Water;293.65;7.03E-05;3.03E-05;3.10E-05;L1;84.3159429
2596;Tetrachloromethane;Water;298.136;9.00E-05;3.26E-05;3.34E-05;L1;101.5018538
2596;Tetrachloromethane;Water;298.136;9.38E-05;3.26E-05;3.34E-05;L1;105.6373724
2596;Tetrachloromethane;Water;298.14437;8.20E-05;3.26E-05;3.34E-05;L1;92.17887431
2596;Tetrachloromethane;Water;298.14437;8.90E-05;3.26E-05;3.34E-05;L1;100.3705866
2596;Tetrachloromethane;Water;298.15;0.000291233;3.26E-05;3.34E-05;L1;218.9099384
2596;Tetrachloromethane;Water;298.19436;9.40E-05;3.26E-05;3.34E-05;L1;105.7531943
2596;Tetrachloromethane;Water;299.14417;1.14E-05;3.32E-05;3.39E-05;L1;106.7941363
2596;Tetrachloromethane;Water;303.134;9.55E-05;3.54E-05;3.60E-05;L1;99.16984999
2596;Tetrachloromethane;Water;303.134;9.55E-05;3.54E-05;3.60E-05;L1;99.16984999
2596;Tetrachloromethane;Water;303.134;9.96E-05;3.54E-05;3.60E-05;L1;103.3734417
2596;Tetrachloromethane;Water;303.15;7.64E-05;3.54E-05;3.60E-05;L1;76.82922812
2596;Tetrachloromethane;Water;304.15;8.44E-05;3.60E-05;3.65E-05;L1;85.14838464
2596;Tetrachloromethane;Water;313.140055;2.93E-05;4.17E-05;4.20E-05;L1;35.18184702
2596;Tetrachloromethane;Water;313.15;7.64E-05;4.17E-05;4.21E-05;L1;60.64179665
2596;Tetrachloromethane;Water;314.45;7.97E-05;4.25E-05;4.31E-05;L1;62.79918478
2596;Tetrachloromethane;Water;325.65;9.14E-05;5.07E-05;5.18E-05;L1;58.95599795
2596;Tetrachloromethane;Water;337.15;0.000112535;6.04E-05;6.08E-05;L1;62.29278731
2596;Tetrachloromethane;Water;348.15;0.00013483;7.10E-05;7.22E-05;L1;64.15045207
2596;Tetrachloromethane;Water;273.15;0.999572;;;L2;
2596;Tetrachloromethane;Water;273.15;0.999266213;;;L2;
2596;Tetrachloromethane;Water;283.144;0.999393321;0.999997776;0.999997266;L2;0.060463958
2596;Tetrachloromethane;Water;283.15;0.999129799;0.999997776;0.999997265;L2;0.086835553
2596;Tetrachloromethane;Water;285.0947708;0.999655172;0.999997506;0.999996811;L2;0.034239324
2596;Tetrachloromethane;Water;287.646705;0.999462365;0.999997109;0.999996216;L2;0.053488827
2596;Tetrachloromethane;Water;287.646705;0.999459806;0.999997109;0.999996216;L2;0.053744865
2596;Tetrachloromethane;Water;288.141;0.999662048;0.999997026;0.9999961;L2;0.033503487
2596;Tetrachloromethane;Water;290.8623267;0.999542551;0.999996531;0.999995465;L2;0.045408474
2596;Tetrachloromethane;Water;291.14577;0.99939413;0.999996476;0.999995399;L2;0.060252929
2596;Tetrachloromethane;Water;291.14577;0.999385602;0.999996476;0.999995399;L2;0.06110625
2596;Tetrachloromethane;Water;291.14577;0.999402659;0.999996476;0.999995399;L2;0.059399516
2596;Tetrachloromethane;Water;291.14577;0.99939413;0.999996476;0.999995399;L2;0.060252929
2596;Tetrachloromethane;Water;293.138;0.999589341;0.999996064;0.999994934;L2;0.040680754
2596;Tetrachloromethane;Water;293.138;0.999146849;0.999996064;0.999994934;L2;0.084957933
2596;Tetrachloromethane;Water;293.138;0.999279917;0.999996064;0.999994934;L2;0.071640658
2596;Tetrachloromethane;Water;293.65;0.998942284;0.999995952;0.999994815;L2;0.105422774
2596;Tetrachloromethane;Water;294.7955399;0.999448717;0.999995691;0.999994548;L2;0.054712579
2596;Tetrachloromethane;Water;295.14497;0.999291794;0.999995608;0.999994466;L2;0.070406516
2596;Tetrachloromethane;Water;295.14497;0.999240633;0.999995608;0.999994466;L2;0.075526373
2596;Tetrachloromethane;Water;295.14497;0.999240633;0.999995608;0.999994466;L2;0.075526373
2596;Tetrachloromethane;Water;295.14497;0.999244896;0.999995608;0.999994466;L2;0.07509975
2596;Tetrachloromethane;Water;297.1364;0.999146934;0.999995111;0.999994001;L2;0.084854152
2596;Tetrachloromethane;Water;297.14457;0.999138324;0.999995109;0.999993999;L2;0.085715677
2596;Tetrachloromethane;Water;297.14457;0.999221875;0.999995109;0.999993999;L2;0.077353721
2596;Tetrachloromethane;Water;297.15;0.99932;0.999995108;0.999993998;L2;0.06753392
2596;Tetrachloromethane;Water;298.136;0.999496368;0.999994844;0.999993768;L2;0.049860315
2596;Tetrachloromethane;Water;298.136;0.99917;0.999994844;0.999993768;L2;0.082518893
2596;Tetrachloromethane;Water;298.136;0.998891298;0.999994844;0.999993768;L2;0.110416135
2596;Tetrachloromethane;Water;298.136;0.999165503;0.999994844;0.999993768;L2;0.082968967
2596;Tetrachloromethane;Water;298.136;0.999009;0.999994844;0.999993768;L2;0.098633565
2596;Tetrachloromethane;Water;298.14437;0.998815779;0.999994842;0.999993766;L2;0.117976474
2596;Tetrachloromethane;Water;298.14437;0.999146849;0.999994842;0.999993766;L2;0.084835714
2596;Tetrachloromethane;Water;299.0448899;0.999315671;0.999994591;0.999993556;L2;0.067915379
2596;Tetrachloromethane;Water;299.14417;0.998976373;0.999994562;0.999993533;L2;0.101871343
2596;Tetrachloromethane;Water;299.14417;0.999087177;0.999994562;0.999993533;L2;0.090780204
2596;Tetrachloromethane;Water;299.14417;0.999095701;0.999994562;0.999993533;L2;0.089927029
2596;Tetrachloromethane;Water;301.6346;0.998891299;0.999993808;0.999992952;L2;0.110312362
2596;Tetrachloromethane;Water;302.569827;0.999162194;0.999993502;0.999992734;L2;0.083165892
2596;Tetrachloromethane;Water;303.134;0.99865;0.999993311;0.999992602;L2;0.134422315
2596;Tetrachloromethane;Water;303.134;0.99907023;0.999993311;0.999992602;L2;0.092351359
2596;Tetrachloromethane;Water;303.143055;0.99884855;0.999993308;0.9999926;L2;0.114542141
2596;Tetrachloromethane;Water;304.15;0.998669646;0.999992956;0.999992365;L2;0.132419524
2596;Tetrachloromethane;Water;311.3226004;0.998797429;0.999989951;0.999989853;L2;0.119324569
2596;Tetrachloromethane;Water;313.13;0.998703915;0.999989041;0.999988287;L2;0.128596611
2596;Tetrachloromethane;Water;313.140055;0.99832052;0.999989035;0.999988278;L2;0.166992712
2596;Tetrachloromethane;Water;314.45;0.998346058;0.999988332;0.999987142;L2;0.164364295
2596;Tetrachloromethane;Water;316.1044654;0.998354571;0.999987388;0.999985709;L2;0.163417248
2596;Tetrachloromethane;Water;320.4314669;0.998065198;0.999984608;0.999981958;L2;0.192128376
2596;Tetrachloromethane;Water;323.127;0.997980594;0.999982624;0.999979622;L2;0.20040718
2596;Tetrachloromethane;Water;323.137055;0.997401901;0.999982616;0.999979613;L2;0.258409618
2596;Tetrachloromethane;Water;325.609813;0.997639918;0.999980609;0.99997747;L2;0.234348013
2596;Tetrachloromethane;Water;325.65;0.997758964;0.999980575;0.999977435;L2;0.222412544
2596;Tetrachloromethane;Water;332.1554658;0.996662988;0.999974322;0.999971797;L2;0.331691344
2596;Tetrachloromethane;Water;337.15;0.997580405;0.999968435;0.999967468;L2;0.239096116
2596;Tetrachloromethane;Water;340.2523192;0.995459018;0.999964234;0.999964398;L2;0.45155573
2596;Tetrachloromethane;Water;346.3076021;0.993278081;0.999954673;0.999950065;L2;0.669928442
2596;Tetrachloromethane;Water;348.15;0.9974104;0.99995137;0.999945705;L2;0.254432744
2596;Tetrachloromethane;Water;353.2338236;0.991441836;0.999941194;0.999933672;L2;0.853618795
2596;Tetrachloromethane;Water;358.0644739;0.988338944;0.999929935;0.999922238;L2;1.165951228
2596;Tetrachloromethane;Water;364.4244103;0.984837437;0.999912427;0.999907185;L2;1.519111268
2596;Tetrachloromethane;Water;372.2554438;0.977735502;0.999886028;0.999882016;L2;2.240211532
2650;Tetrahydrofuran;Water;345.231425;0.21033214;0.027034897;0.027048896;L1;205.1559389
2650;Tetrahydrofuran;Water;345.331395;0.187400689;0.027044112;0.027058024;L1;193.5779741
2650;Tetrahydrofuran;Water;345.38138;0.188011508;0.027048724;0.027062588;L1;193.8863341
2650;Tetrahydrofuran;Water;345.431365;0.204411894;0.027053339;0.027067152;L1;202.2326601
2650;Tetrahydrofuran;Water;346.531035;0.165205496;0.027155667;0.027167558;L1;180.5604394
2650;Tetrahydrofuran;Water;348.530435;0.146892337;0.027345616;0.027350115;L1;168.1143706
2650;Tetrahydrofuran;Water;350;0.130884;0.027488451;0.027492075;L1;156.0545494
2650;Tetrahydrofuran;Water;351.729475;0.123686596;0.02766007;0.027671431;L1;149.7761058
2650;Tetrahydrofuran;Water;352.029385;0.118575904;0.02769022;0.027702534;L1;145.4474006
2650;Tetrahydrofuran;Water;356.428065;0.106068681;0.028145775;0.028158701;L1;132.6689573
2650;Tetrahydrofuran;Water;360;0.10166;0.028534336;0.028539619;L1;127.0525782
2650;Tetrahydrofuran;Water;361.02679;0.099649183;0.028649176;0.028659538;L1;124.6531179
2650;Tetrahydrofuran;Water;362.62647;0.097550858;0.028830883;0.028846366;L1;121.8926739
2650;Tetrahydrofuran;Water;366.02579;0.092596958;0.029228571;0.029243373;L1;115.310959
2650;Tetrahydrofuran;Water;370;0.0901277;0.029713762;0.029719171;L1;110.9617243
2650;Tetrahydrofuran;Water;375.62387;0.088955697;0.030438649;0.030456076;L1;107.24253
2650;Tetrahydrofuran;Water;380;0.0866351;0.031034751;0.031040437;L1;102.6597469
2650;Tetrahydrofuran;Water;383.62227;0.088955697;0.031550064;0.031570073;L1;103.6562828
2650;Tetrahydrofuran;Water;390;0.089732;0.032507399;0.032511886;L1;101.5359728
2650;Tetrahydrofuran;Water;392.42051;0.092596958;0.032887992;0.032906064;L1;103.5148679
2650;Tetrahydrofuran;Water;400;0.102023;0.034144126;0.034147241;L1;109.4607712
2650;Tetrahydrofuran;Water;400.91881;0.099649183;0.034303245;0.0343136;L1;106.6415905
2650;Tetrahydrofuran;Water;406.01779;0.118575904;0.035214339;0.035236815;L1;121.4099937
2650;Tetrahydrofuran;Water;409.21715;0.145340892;0.035811012;0.035816087;L1;140.0826515
2650;Tetrahydrofuran;Water;409.61707;0.150551805;0.035886989;0.035888496;L1;143.393244
2650;Tetrahydrofuran;Water;344.931515;0.22536813;0.351661605;0.351494214;L2;44.4934165
2650;Tetrahydrofuran;Water;345.231425;0.239039814;0.351893387;0.351728267;L2;38.66981281
2650;Tetrahydrofuran;Water;345.431365;0.251082985;0.352047178;0.351884302;L2;33.79816924
2650;Tetrahydrofuran;Water;345.931215;0.270950059;0.352429119;0.352274389;L2;26.29150007
2650;Tetrahydrofuran;Water;346.531035;0.291336781;0.352882643;0.352742494;L2;19.16556248
2650;Tetrahydrofuran;Water;347.930615;0.315034382;0.353920648;0.35383474;L2;11.63909477
2650;Tetrahydrofuran;Water;350;0.338862;0.355402813;0.355360733;L2;4.765888646
2650;Tetrahydrofuran;Water;351.329595;0.348879506;0.356322197;0.356209837;L2;2.110876127
2650;Tetrahydrofuran;Water;351.429565;0.35309513;0.356390283;0.356273679;L2;0.928891888
2650;Tetrahydrofuran;Water;353.029085;0.363865801;0.357459828;0.357295162;L2;1.776213348
2650;Tetrahydrofuran;Water;356.128155;0.37952559;0.359425782;0.359274285;L2;5.44143161
2650;Tetrahydrofuran;Water;360;0.394337;0.361685096;0.361631316;L2;8.643194172
2650;Tetrahydrofuran;Water;370;0.406819;0.366511504;0.366456951;L2;10.43384581
2650;Tetrahydrofuran;Water;380;0.395514;0.369897469;0.369849577;L2;6.696032907
2650;Tetrahydrofuran;Water;386.12177;0.37952559;0.371270107;0.371110915;L2;2.199217523
2650;Tetrahydrofuran;Water;390;0.367748;0.371868625;0.371831453;L2;1.11427133
2650;Tetrahydrofuran;Water;399.31913;0.329542647;0.372460452;0.372440146;L2;12.24250888
2650;Tetrahydrofuran;Water;400;0.325208;0.372457412;0.372432934;L2;13.56577244
2650;Tetrahydrofuran;Water;404.01819;0.301147861;0.372312694;0.372144376;L2;21.21327002
2650;Tetrahydrofuran;Water;408.71725;0.248024905;0.37187089;0.371806924;L2;40.50175598
2650;Tetrahydrofuran;Water;409.81703;0.226776405;0.371725436;0.371722312;L2;49.41909755
2650;Tetrahydrofuran;Water;409.91701;0.219805176;0.371711429;0.371701888;L2;52.53762334
2650;Tetrahydrofuran;Water;410.11697;0.199895697;0.371683028;0.371661041;L2;62.02457007
2650;Tetrahydrofuran;Water;410.21695;0.199256714;0.371668635;0.371640617;L2;62.34086783
2658;Toluene;Water;273.2;0.000114;5.63E-05;5.66E-05;L1;70.5984752
2658;Toluene;Water;273.65;0.00011;5.66E-05;5.69E-05;L1;66.5063852
2658;Toluene;Water;277.6493431;0.00012;5.92E-05;5.99E-05;L1;70.59160354
2658;Toluene;Water;278.15;0.000108;5.96E-05;6.02E-05;L1;59.47874983
2658;Toluene;Water;278.1592686;0.0001243;5.96E-05;6.02E-05;L1;73.52475091
2658;Toluene;Water;278.2;0.0001111;5.96E-05;6.03E-05;L1;62.25110512
2658;Toluene;Water;279.4490803;0.000118;6.05E-05;6.12E-05;L1;66.8385355
2658;Toluene;Water;280.248925;0.000115;6.10E-05;6.18E-05;L1;63.34327307
2658;Toluene;Water;282.148355;0.000115;6.24E-05;6.32E-05;L1;61.16095315
2658;Toluene;Water;283.058082;0.0001236;6.30E-05;6.39E-05;L1;67.32882911
2658;Toluene;Water;283.144;7.19E-05;6.31E-05;6.39E-05;L1;13.05284723
2658;Toluene;Water;283.148055;0.000121065;6.31E-05;6.39E-05;L1;65.15332872
2658;Toluene;Water;283.148055;0.000112473;6.31E-05;6.39E-05;L1;57.79188886
2658;Toluene;Water;283.15;0.000114;6.31E-05;6.39E-05;L1;59.13818345
2658;Toluene;Water;283.19804;0.000152;6.31E-05;6.40E-05;L1;87.85128899
2658;Toluene;Water;283.19804;0.0001483;6.31E-05;6.40E-05;L1;85.38696182
2658;Toluene;Water;283.19804;0.0001119;6.31E-05;6.40E-05;L1;57.22379844
2658;Toluene;Water;283.2;0.000109;6.31E-05;6.40E-05;L1;54.59577706
2658;Toluene;Water;284.747575;0.000124;6.43E-05;6.51E-05;L1;65.71531666
2658;Toluene;Water;284.947515;0.000112;6.44E-05;6.53E-05;L1;55.30805124
2658;Toluene;Water;285.247425;0.000113;6.46E-05;6.55E-05;L1;55.85352728
2658;Toluene;Water;287.746675;0.000123694;6.65E-05;6.73E-05;L1;62.03755063
2658;Toluene;Water;288.146555;0.000101;6.68E-05;6.76E-05;L1;41.31179504
2658;Toluene;Water;288.15;0.000106;6.68E-05;6.76E-05;L1;46.13971871
2658;Toluene;Water;288.15;0.000111635;6.68E-05;6.76E-05;L1;51.31927138
2658;Toluene;Water;288.2;0.000108;6.69E-05;6.77E-05;L1;47.95183533
2658;Toluene;Water;288.246525;0.000111;6.69E-05;6.77E-05;L1;50.6386066
2658;Toluene;Water;288.5;0.000137;6.71E-05;6.79E-05;L1;71.3942797
2658;Toluene;Water;289.1404;9.78E-05;6.76E-05;6.84E-05;L1;36.95777883
2658;Toluene;Water;289.1404;9.19E-05;6.76E-05;6.84E-05;L1;30.73542406
2658;Toluene;Water;289.146255;9.19E-05;6.76E-05;6.84E-05;L1;30.72874391
2658;Toluene;Water;289.446165;0.000122325;6.78E-05;6.86E-05;L1;58.98465626
2658;Toluene;Water;291.04579;0.000113;6.91E-05;6.98E-05;L1;49.23207637
2658;Toluene;Water;292.54549;0.000122181;7.03E-05;7.09E-05;L1;55.33677053
2658;Toluene;Water;292.6;0.000138;7.03E-05;7.09E-05;L1;67.44978829
2658;Toluene;Water;292.95;0.000156513;7.06E-05;7.12E-05;L1;79.64033908
2658;Toluene;Water;293.055388;0.0001292;7.07E-05;7.13E-05;L1;60.34277869
2658;Toluene;Water;293.14537;0.00011762;7.07E-05;7.13E-05;L1;50.85024023
2658;Toluene;Water;293.14537;0.000111;7.07E-05;7.13E-05;L1;45.05735146
2658;Toluene;Water;293.14537;0.000112865;7.07E-05;7.13E-05;L1;46.72357275
2658;Toluene;Water;293.19536;0.0001149;7.08E-05;7.14E-05;L1;48.45372711
2658;Toluene;Water;293.19536;0.0001432;7.08E-05;7.14E-05;L1;70.47173407
2658;Toluene;Water;293.19536;0.0001446;7.08E-05;7.14E-05;L1;71.44463959
2658;Toluene;Water;293.2;0.000108;7.08E-05;7.14E-05;L1;42.25535723
2658;Toluene;Water;293.24535;0.000111;7.08E-05;7.14E-05;L1;44.94370836
2658;Toluene;Water;293.34533;0.000123892;7.09E-05;7.15E-05;L1;55.81807727
2658;Toluene;Water;294.14517;9.36E-05;7.15E-05;7.21E-05;L1;26.87141695
2658;Toluene;Water;295.1372;9.62E-05;7.24E-05;7.28E-05;L1;28.48524947
2658;Toluene;Water;295.15;0.000103276;7.24E-05;7.28E-05;L1;35.5682928
2658;Toluene;Water;295.7;0.0001123;7.28E-05;7.32E-05;L1;43.32133062
2658;Toluene;Water;297.24455;0.000123766;7.41E-05;7.44E-05;L1;51.2930335
2658;Toluene;Water;297.64;0.000116;7.44E-05;7.47E-05;L1;44.36510424
2658;Toluene;Water;297.8;0.000107;7.46E-05;7.48E-05;L1;36.10788467
2658;Toluene;Water;297.9944;0.000195673;7.47E-05;7.49E-05;L1;96.24951215
2658;Toluene;Water;298.136;0.0001;7.49E-05;7.50E-05;L1;28.9618351
2658;Toluene;Water;298.136;0.000104;7.49E-05;7.50E-05;L1;32.88390641
2658;Toluene;Water;298.136;9.80E-05;7.49E-05;7.50E-05;L1;26.94156437
2658;Toluene;Water;298.136;0.000105;7.49E-05;7.50E-05;L1;33.84085151
2658;Toluene;Water;298.136;0.000105176;7.49E-05;7.50E-05;L1;34.00833024
2658;Toluene;Water;298.136;0.00010068;7.49E-05;7.50E-05;L1;29.63953353
2658;Toluene;Water;298.136;9.58E-05;7.49E-05;7.50E-05;L1;24.671085
2658;Toluene;Water;298.14437;0.000107;7.49E-05;7.50E-05;L1;35.71823084
2658;Toluene;Water;298.14437;0.0001015;7.49E-05;7.50E-05;L1;30.44122724
2658;Toluene;Water;298.14437;0.00011;7.49E-05;7.50E-05;L1;38.48338397
2658;Toluene;Water;298.14437;0.000103;7.49E-05;7.50E-05;L1;31.90824622
2658;Toluene;Water;298.14437;9.52E-05;7.49E-05;7.50E-05;L1;24.03334157
2658;Toluene;Water;298.14437;0.000102;7.49E-05;7.50E-05;L1;30.93262872
2658;Toluene;Water;298.14437;0.000108364;7.49E-05;7.50E-05;L1;36.98494045
2658;Toluene;Water;298.14437;0.000104923;7.49E-05;7.50E-05;L1;33.75802217
2658;Toluene;Water;298.14437;0.00011353;7.49E-05;7.50E-05;L1;41.64205931
2658;Toluene;Water;298.14437;4.50E-05;7.49E-05;7.50E-05;L1;50.89840363
2658;Toluene;Water;298.14437;0.000112082;7.49E-05;7.50E-05;L1;40.35842202
2658;Toluene;Water;298.15;0.00011191;7.49E-05;7.50E-05;L1;40.19847582
2658;Toluene;Water;298.15;0.00012;7.49E-05;7.50E-05;L1;47.17815241
2658;Toluene;Water;298.15;0.000111;7.49E-05;7.50E-05;L1;39.38199827
2658;Toluene;Water;298.15;0.000109;7.49E-05;7.50E-05;L1;37.56376636
2658;Toluene;Water;298.15;9.78E-05;7.49E-05;7.50E-05;L1;26.72143584
2658;Toluene;Water;298.15;0.0001127;7.49E-05;7.50E-05;L1;40.90192024
2658;Toluene;Water;298.15;0.000115396;7.49E-05;7.50E-05;L1;43.26594728
2658;Toluene;Water;298.154368;0.0001232;7.49E-05;7.50E-05;L1;49.80494172
2658;Toluene;Water;298.19436;0.000102;7.49E-05;7.51E-05;L1;30.87607625
2658;Toluene;Water;298.19436;0.0001209;7.49E-05;7.51E-05;L1;47.87517069
2658;Toluene;Water;298.19436;0.000113;7.49E-05;7.51E-05;L1;41.11757679
2658;Toluene;Water;298.19436;0.0001027;7.49E-05;7.51E-05;L1;31.56000662
2658;Toluene;Water;300.743775;0.000124396;7.71E-05;7.72E-05;L1;47.84533346
2658;Toluene;Water;301.8;0.000151;7.80E-05;7.82E-05;L1;66.03504086
2658;Toluene;Water;302.85;0.000156513;7.89E-05;7.93E-05;L1;68.43794209
2658;Toluene;Water;303.134;0.000111681;7.92E-05;7.96E-05;L1;34.36892615
2658;Toluene;Water;303.143055;0.000131829;7.92E-05;7.96E-05;L1;50.94463571
2658;Toluene;Water;303.143055;0.000176092;7.92E-05;7.96E-05;L1;79.89473146
2658;Toluene;Water;303.143055;0.000115018;7.92E-05;7.96E-05;L1;37.30293667
2658;Toluene;Water;303.143055;0.000430897;7.92E-05;7.96E-05;L1;169.3809811
2658;Toluene;Water;303.15;0.000117;7.92E-05;7.96E-05;L1;39.00364788
2658;Toluene;Water;303.15;0.001;7.92E-05;7.96E-05;L1;253.5617823
2658;Toluene;Water;303.15;0.000104;7.92E-05;7.96E-05;L1;27.22534432
2658;Toluene;Water;303.19304;0.00018;7.93E-05;7.97E-05;L1;82.03348748
2658;Toluene;Water;303.19304;0.0001475;7.93E-05;7.97E-05;L1;62.12061997
2658;Toluene;Water;303.2;0.000117366;7.93E-05;7.97E-05;L1;39.25969313
2658;Toluene;Water;303.2;0.0001121;7.93E-05;7.97E-05;L1;34.66910041
2658;Toluene;Water;303.542935;0.000126755;7.96E-05;8.00E-05;L1;46.56959649
2658;Toluene;Water;305.35;0.00012;8.12E-05;8.19E-05;L1;39.06145582
2658;Toluene;Water;307.441765;0.000129025;8.31E-05;8.40E-05;L1;43.9657008
2658;Toluene;Water;308.141555;0.000107;8.38E-05;8.47E-05;L1;24.46382891
2658;Toluene;Water;308.15;0.0001178;8.38E-05;8.47E-05;L1;34.07031308
2658;Toluene;Water;308.15;0.000116;8.38E-05;8.47E-05;L1;32.53050507
2658;Toluene;Water;308.15;0.000114197;8.38E-05;8.47E-05;L1;30.96398868
2658;Toluene;Water;308.2;0.0001151;8.38E-05;8.48E-05;L1;31.69561268
2658;Toluene;Water;308.251522;0.0001314;8.39E-05;8.48E-05;L1;44.88238505
2658;Toluene;Water;308.95;0.000116933;8.45E-05;8.55E-05;L1;32.43586282
2658;Toluene;Water;312.56;0.000135;8.80E-05;8.92E-05;L1;42.77032456
2658;Toluene;Water;312.75;0.000195673;8.82E-05;8.94E-05;L1;79.67549276
2658;Toluene;Water;313.15;0.000119;8.86E-05;8.98E-05;L1;29.49750154
2658;Toluene;Water;313.15;0.0001203;8.86E-05;8.98E-05;L1;30.58401453
2658;Toluene;Water;313.15;0.000123;8.86E-05;8.98E-05;L1;32.80358777
2658;Toluene;Water;313.15;0.000156513;8.86E-05;8.98E-05;L1;56.89905959
2658;Toluene;Water;313.2;0.0001201;8.87E-05;8.99E-05;L1;30.36190673
2658;Toluene;Water;313.25;0.000123885;8.87E-05;8.99E-05;L1;33.40908989
2658;Toluene;Water;318.138555;0.000114;9.37E-05;9.49E-05;L1;19.6601708
2658;Toluene;Water;318.138555;0.000141;9.37E-05;9.49E-05;L1;40.916315
2658;Toluene;Water;318.15;0.000125;9.37E-05;9.49E-05;L1;28.85901169
2658;Toluene;Water;318.15;0.000120891;9.37E-05;9.49E-05;L1;25.51656927
2658;Toluene;Water;318.2;0.0001251;9.37E-05;9.50E-05;L1;28.88355114
2658;Toluene;Water;318.25;0.000129835;9.38E-05;9.50E-05;L1;32.5432251
2658;Toluene;Water;318.448462;0.0001313;9.40E-05;9.52E-05;L1;33.4452929
2658;Toluene;Water;323.15;0.000140999;9.90E-05;0.000100018;L1;35.3745247
2658;Toluene;Water;323.15;0.0001257;9.90E-05;0.000100018;L1;23.88905645
2658;Toluene;Water;323.15;0.001;9.90E-05;0.000100018;L1;231.2747728
2658;Toluene;Water;323.15;0.000127;9.90E-05;0.000100018;L1;24.91795353
2658;Toluene;Water;323.15;0.000195673;9.90E-05;0.000100018;L1;68.14373475
2658;Toluene;Water;323.15;0.000176092;9.90E-05;0.000100018;L1;57.59990346
2658;Toluene;Water;323.2;0.0001322;9.90E-05;0.000100069;L1;28.87570156
2658;Toluene;Water;324;0.000131;9.99E-05;0.000100885;L1;27.08206416
2658;Toluene;Water;328.135555;0.000168;0.000104568;0.000105104;L1;47.41244667
2658;Toluene;Water;328.15;0.00014;0.000104585;0.000105119;L1;29.1644467
2658;Toluene;Water;333.13437;0.000313228;0.000110446;0.000111188;L1;104.2408736
2658;Toluene;Water;333.15;0.00016;0.000110464;0.000111208;L1;37.04806752
2658;Toluene;Water;333.15;0.000144;0.000110464;0.000111208;L1;26.51201595
2658;Toluene;Water;333.15;0.000152;0.000110464;0.000111208;L1;31.91873808
2658;Toluene;Water;333.25;0.000195673;0.000110585;0.000111342;L1;57.06608743
2658;Toluene;Water;343.132055;0.000144661;0.0001231;0.00012452;L1;16.13931013
2658;Toluene;Water;343.15;0.000171;0.000123124;0.000124544;L1;32.84699443
2658;Toluene;Water;343.18;0.000182;0.000123164;0.000124584;L1;39.04893621
2658;Toluene;Water;343.55;0.000176092;0.000123657;0.000125078;L1;35.34976872
2658;Toluene;Water;348.15;0.000189;0.00012993;0.000131212;L1;37.47491567
2658;Toluene;Water;350.6;0.000178;0.000133387;0.000134479;L1;28.85302004
2658;Toluene;Water;353.129055;0.000156388;0.000137041;0.000137852;L1;13.20589505
2658;Toluene;Water;353.15;0.000198;0.000137072;0.00013788;L1;36.77623622
2658;Toluene;Water;354.15;0.000254436;0.000138542;0.000139213;L1;60.78789729
2658;Toluene;Water;363.12637;0.000168115;0.00015238;0.000152649;L1;9.82702791
2658;Toluene;Water;363.15;0.000232;0.000152418;0.000152692;L1;42.01100112
2658;Toluene;Water;363.35;0.000234845;0.00015274;0.000153052;L1;43.01879992
2658;Toluene;Water;372.52449;0.000286;0.00016818;0.000169571;L1;53.09546905
2658;Toluene;Water;372.76;0.000288;0.000168594;0.000169995;L1;53.54644113
2658;Toluene;Water;373.07438;0.000185705;0.000169149;0.000170561;L1;9.338190973
2658;Toluene;Water;373.15;0.000284;0.000169282;0.000170697;L1;51.74076268
2658;Toluene;Water;373.15;0.000268;0.000169282;0.000170697;L1;45.94203691
2658;Toluene;Water;376.1;0.000277;0.000174565;0.000176009;L1;46.17188078
2658;Toluene;Water;383.12237;0.000211112;0.000187738;0.000188653;L1;11.73438166
2658;Toluene;Water;388.12137;0.000230655;0.000197646;0.000197654;L1;15.44430218
2658;Toluene;Water;392.84;0.000406;0.000207424;0.000207774;L1;67.15889735
2658;Toluene;Water;393.12037;0.000254106;0.000208018;0.000208438;L1;20.01265008
2658;Toluene;Water;394.261;0.000355;0.000210451;0.000211139;L1;52.2863473
2658;Toluene;Water;397.91941;0.000463;0.000218427;0.000219802;L1;75.12745956
2658;Toluene;Water;398.11937;0.000277555;0.000218871;0.000220276;L1;23.75379316
2658;Toluene;Water;398.15;0.000445;0.000218939;0.000220348;L1;70.92823817
2658;Toluene;Water;401.6;0.000449;0.000226721;0.000228518;L1;68.33020776
2658;Toluene;Water;403.11837;0.000308819;0.000230223;0.000232113;L1;29.37053118
2658;Toluene;Water;413.11637;0.000375249;0.000254508;0.000255789;L1;38.82581101
2658;Toluene;Water;413.15;0.00066;0.000254593;0.000255869;L1;95.25727405
2658;Toluene;Water;420.11497;0.000445577;0.000272832;0.000272475;L1;49.05150339
2658;Toluene;Water;422.51449;0.000794;0.000279378;0.000279921;L1;104.4518693
2658;Toluene;Water;423.15;0.000828;0.000281135;0.000281893;L1;108.0179702
2658;Toluene;Water;264.1572;0.9999;0.999996604;0.999995779;L2;0.009660909
2658;Toluene;Water;269.6528;0.9997;0.999995397;0.999995046;L2;0.029544154
2658;Toluene;Water;273.15;0.998620568;0.999994451;0.999993424;L2;0.137483571
2658;Toluene;Water;283.144;0.997825882;0.999990793;0.999988427;L2;0.216727813
2658;Toluene;Water;283.144;0.99829;0.999990793;0.999988427;L2;0.170225702
2658;Toluene;Water;283.144;0.998385859;0.999990793;0.999988427;L2;0.160623843
2658;Toluene;Water;283.15;0.99831;0.999990791;0.999988424;L2;0.168222027
2658;Toluene;Water;283.15;0.998352592;0.999990791;0.999988424;L2;0.163955708
2658;Toluene;Water;283.6437;0.999;0.999990567;0.999988177;L2;0.099106699
2658;Toluene;Water;288.141;0.998611083;0.999988306;0.999985928;L2;0.137818834
2658;Toluene;Water;291.1392;0.9983;0.999986558;0.999984429;L2;0.168800452
2658;Toluene;Water;292.95;0.995566099;0.999985399;0.999983524;L2;0.442915921
2658;Toluene;Water;293.138;0.997651691;0.999985274;0.99998343;L2;0.233634497
2658;Toluene;Water;293.138;0.9977;0.999985274;0.99998343;L2;0.228792343
2658;Toluene;Water;293.138;0.998244895;0.999985274;0.99998343;L2;0.174192137
2658;Toluene;Water;293.138;0.9977;0.999985274;0.99998343;L2;0.228792343
2658;Toluene;Water;293.138;0.9977;0.999985274;0.99998343;L2;0.228792343
2658;Toluene;Water;293.15;0.997565373;0.999985266;0.999983424;L2;0.242286189
2658;Toluene;Water;293.15;0.9977;0.999985266;0.999983424;L2;0.228791543
2658;Toluene;Water;293.7;0.99772;0.999984896;0.999983149;L2;0.226749863
2658;Toluene;Water;295.1372;0.997316896;0.999983889;0.99998243;L2;0.267059905
2658;Toluene;Water;297.9944;0.996989646;0.999981721;0.999981001;L2;0.299661471
2658;Toluene;Water;298;0.999;0.999981716;0.999980999;L2;0.098221633
2658;Toluene;Water;298;0.9977;0.999981716;0.999980999;L2;0.228436506
2658;Toluene;Water;298;0.999;0.999981716;0.999980999;L2;0.098221633
2658;Toluene;Water;298.136;0.99714;0.999981607;0.999980931;L2;0.284570455
2658;Toluene;Water;298.136;0.997640015;0.999981607;0.999980931;L2;0.234438109
2658;Toluene;Water;298.136;0.997447909;0.999981607;0.999980931;L2;0.253696008
2658;Toluene;Water;298.136;0.9975;0.999981607;0.999980931;L2;0.248473716
2658;Toluene;Water;298.136;0.998027987;0.999981607;0.999980931;L2;0.195556692
2658;Toluene;Water;298.136;0.997810039;0.999981607;0.999980931;L2;0.217396941
2658;Toluene;Water;298.14437;0.997228919;0.9999816;0.999980926;L2;0.275652776
2658;Toluene;Water;298.15;0.99727;0.999981596;0.999980924;L2;0.271532893
2658;Toluene;Water;298.15;0.99727;0.999981596;0.999980924;L2;0.271532893
2658;Toluene;Water;298.15;0.997;0.999981596;0.999980924;L2;0.29861047
2658;Toluene;Water;298.15;0.998467487;0.999981596;0.999980924;L2;0.151528418
2658;Toluene;Water;298.15;0.99541377;0.999981596;0.999980924;L2;0.45783747
2658;Toluene;Water;298.15;0.997447909;0.999981596;0.999980924;L2;0.253694882
2658;Toluene;Water;298.5;0.997;0.999981313;0.999980749;L2;0.298582138
2658;Toluene;Water;302.85;0.995312238;0.999977475;0.999975815;L2;0.467625875
2658;Toluene;Water;303.134;0.9973;0.999977203;0.999975399;L2;0.268085443
2658;Toluene;Water;303.134;0.99715802;0.999977203;0.999975399;L2;0.282322894
2658;Toluene;Water;303.134;0.99686241;0.999977203;0.999975399;L2;0.311972541
2658;Toluene;Water;303.134;0.99694;0.999977203;0.999975399;L2;0.304189422
2658;Toluene;Water;303.143055;0.998605258;0.999977194;0.999975385;L2;0.137290969
2658;Toluene;Water;303.143055;0.998385859;0.999977194;0.999975385;L2;0.159263927
2658;Toluene;Water;303.143055;0.997412255;0.999977194;0.999975385;L2;0.256829314
2658;Toluene;Water;303.143055;0.986842587;0.999977194;0.999975385;L2;1.322193273
2658;Toluene;Water;303.143055;0.994906277;0.999977194;0.999975385;L2;0.508393437
2658;Toluene;Water;303.15;0.99709;0.999977188;0.999975375;L2;0.289142973
2658;Toluene;Water;303.15;0.99652;0.999977188;0.999975375;L2;0.346325674
2658;Toluene;Water;303.15;0.9885;0.999977188;0.999975375;L2;1.154382382
2658;Toluene;Water;303.15;0.9967;0.999977188;0.999975375;L2;0.328264446
2658;Toluene;Water;303.15;0.996532406;0.999977188;0.999975375;L2;0.345080749
2658;Toluene;Water;303.2;0.996938748;0.99997714;0.999975302;L2;0.304308649
2658;Toluene;Water;303.3;0.99701;0.999977043;0.999975155;L2;0.297152164
2658;Toluene;Water;305.35;0.99666;0.999974986;0.999972148;L2;0.33205759
2658;Toluene;Water;308.132;0.99649547;0.99997195;0.999968068;L2;0.348263525
2658;Toluene;Water;308.2;0.99675;0.999971873;0.999967968;L2;0.322716484
2658;Toluene;Water;310.928;0.99613;0.999968596;0.999963966;L2;0.384610359
2658;Toluene;Water;311.6306;0.9964;0.999967703;0.999962936;L2;0.357419798
2658;Toluene;Water;312.75;0.9943992;0.999966236;0.999961294;L2;0.55827787
2658;Toluene;Water;313.13;0.99617579;0.999965726;0.999960737;L2;0.379726599
2658;Toluene;Water;313.13;0.99626;0.999965726;0.999960737;L2;0.371273629
2658;Toluene;Water;313.15;0.995921679;0.999965699;0.999960707;L2;0.405235799
2658;Toluene;Water;313.15;0.99584;0.999965699;0.999960707;L2;0.413437483
2658;Toluene;Water;313.15;0.995074066;0.999965699;0.999960707;L2;0.490380437
2658;Toluene;Water;313.15;0.99568;0.999965699;0.999960707;L2;0.429505612
2658;Toluene;Water;313.5;0.99624;0.999965222;0.999960194;L2;0.373230845
2658;Toluene;Water;317.6;0.99557;0.999959225;0.99995418;L2;0.439906551
2658;Toluene;Water;318.15;0.994229054;0.999958359;0.999953373;L2;0.574602012
2658;Toluene;Water;321.1276;0.9951;0.999953401;0.999949006;L2;0.48654443
2658;Toluene;Water;323.127;0.995083852;0.999949806;0.999946073;L2;0.487807641
2658;Toluene;Water;323.127;0.99515;0.999949806;0.999946073;L2;0.481160382
2658;Toluene;Water;323.15;0.996989646;0.999949763;0.999946039;L2;0.296465598
2658;Toluene;Water;323.15;0.99541377;0.999949763;0.999946039;L2;0.454654077
2658;Toluene;Water;323.15;0.99325;0.999949763;0.999946039;L2;0.672264604
2658;Toluene;Water;323.15;0.992880457;0.999949763;0.999946039;L2;0.709476963
2658;Toluene;Water;323.15;0.993083911;0.999949763;0.999946039;L2;0.688987774
2658;Toluene;Water;323.15;0.9947;0.999949763;0.999946039;L2;0.526385657
2658;Toluene;Water;323.15;0.9876;0.999949763;0.999946039;L2;1.242728326
2658;Toluene;Water;324.2;0.99507;0.999947784;0.999944499;L2;0.48899748
2658;Toluene;Water;324.3;0.9945;0.999947592;0.999944352;L2;0.546277112
2658;Toluene;Water;327.6;0.99448;0.999940927;0.999939512;L2;0.547621714
2658;Toluene;Water;333.13437;0.978883267;0.999928191;0.999924903;L2;2.127106901
2658;Toluene;Water;333.15;0.99208;0.999928152;0.999924848;L2;0.787967933
2658;Toluene;Water;333.15;0.99289;0.999928152;0.999924848;L2;0.706354604
2658;Toluene;Water;333.15;0.993;0.999928152;0.999924848;L2;0.695276448
2658;Toluene;Water;333.25;0.992324519;0.999927903;0.999924494;L2;0.763298919
2658;Toluene;Water;333.624;0.9922;0.999926963;0.999923172;L2;0.775753992
2658;Toluene;Water;334.1;0.99333;0.999925754;0.99992149;L2;0.661809471
2658;Toluene;Water;341.124;0.9898;0.999905903;0.999896668;L2;1.01582749
2658;Toluene;Water;343.15;0.99054;0.999899434;0.999889508;L2;0.940445916
2658;Toluene;Water;343.55;0.989552312;0.999898115;0.999888095;L2;1.040075821
2658;Toluene;Water;348.15;0.9878;0.999881906;0.999871838;L2;1.215692955
2658;Toluene;Water;349.1234;0.9871;0.99987822;0.999868398;L2;1.286214049
2658;Toluene;Water;350.9;0.9885;0.999871253;0.99986212;L2;1.14378813
2658;Toluene;Water;353.15;0.9872;0.999861969;0.999854169;L2;1.274458483
2658;Toluene;Water;354.15;0.987493838;0.999857671;0.999850635;L2;1.244268344
2658;Toluene;Water;357.123;0.9842;0.999844251;0.999840128;L2;1.577038986
2658;Toluene;Water;363.15;0.9838;0.999813903;0.999807444;L2;1.614653982
2658;Toluene;Water;363.35;0.985792019;0.999812819;0.999806017;L2;1.412268244
2658;Toluene;Water;366.1233;0.9792;0.999797267;0.999786228;L2;2.081661388
2658;Toluene;Water;372.52449;0.98077;0.999757384;0.999740552;L2;1.91746565
2658;Toluene;Water;373.15;0.9774;0.999753172;0.999736088;L2;2.261243606
2658;Toluene;Water;373.15;0.9761;0.999753172;0.999736088;L2;2.394338072
2658;Toluene;Water;373.15;0.9774;0.999753172;0.999736088;L2;2.261243606
2658;Toluene;Water;373.25;0.9776;0.999752494;0.999735375;L2;2.240715354
2658;Toluene;Water;376.6;0.9778;0.999728876;0.999711471;L2;2.217896849
2658;Toluene;Water;394.261;0.9763;0.999572907;0.999560594;L2;2.355817855
2658;Toluene;Water;397.91941;0.96589;0.999533148;0.999513251;L2;3.423836201
2658;Toluene;Water;398.15;0.9575;0.999530548;0.999510267;L2;4.295999537
2658;Toluene;Water;398.15;0.9573;0.999530548;0.999510267;L2;4.316889447
2658;Toluene;Water;401.5;0.9589;0.999491464;0.999466915;L2;4.145981947
2658;Toluene;Water;401.75;0.959;0.999488448;0.999463679;L2;4.1352521
2658;Toluene;Water;413.15;0.9402;0.999335249;0.999316153;L2;6.099768851
2658;Toluene;Water;422.51449;0.94211;0.999184415;0.999173405;L2;5.881732058
2658;Toluene;Water;423.15;0.9308;0.999173292;0.999159812;L2;7.088379719
2658;Toluene;Water;423.45;0.927;0.999168;0.999153395;L2;7.496936702
2658;Toluene;Water;446.95;0.893;0.998664845;0.998650752;L2;11.1832651
2790;Triethylamine;Water;291.528966;0.0542;2.27E-05;2.22E-05;L1;777.7323302
2790;Triethylamine;Water;291.5711057;0.044329;2.27E-05;2.23E-05;L1;757.553701
2790;Triethylamine;Water;291.668882;0.05405785;2.28E-05;2.23E-05;L1;777.2225534
2790;Triethylamine;Water;291.698864;0.045445409;2.28E-05;2.23E-05;L1;759.8153022
2790;Triethylamine;Water;291.858768;0.05829;2.28E-05;2.24E-05;L1;784.4248067
2790;Triethylamine;Water;291.878756;0.030459453;2.29E-05;2.24E-05;L1;719.4861003
2790;Triethylamine;Water;291.918732;0.0341;2.29E-05;2.24E-05;L1;730.7056239
2790;Triethylamine;Water;291.9409846;0.030301;2.29E-05;2.25E-05;L1;718.8546735
2790;Triethylamine;Water;292.1386;0.029536431;2.30E-05;2.26E-05;L1;715.9502635
2790;Triethylamine;Water;292.15;0.024536478;2.30E-05;2.26E-05;L1;697.3837928
2790;Triethylamine;Water;292.19556;0.030459453;2.30E-05;2.26E-05;L1;718.9269506
2790;Triethylamine;Water;292.748234;0.0245;2.32E-05;2.29E-05;L1;696.180015
2790;Triethylamine;Water;293.138;0.019608528;2.34E-05;2.31E-05;L1;673.2224761
2790;Triethylamine;Water;293.15;0.022047064;2.34E-05;2.31E-05;L1;684.9228299
2790;Triethylamine;Water;293.19536;0.019396997;2.34E-05;2.31E-05;L1;672.0368337
2790;Triethylamine;Water;294.15;0.019884087;2.38E-05;2.36E-05;L1;672.8375606
2790;Triethylamine;Water;295.15;0.020011484;2.42E-05;2.42E-05;L1;671.7204339
2790;Triethylamine;Water;295.19496;0.017094917;2.42E-05;2.42E-05;L1;655.8890625
2790;Triethylamine;Water;295.222166;0.0178;2.42E-05;2.42E-05;L1;659.8830771
2790;Triethylamine;Water;296.28674;0.01619;2.47E-05;2.48E-05;L1;648.5375884
2790;Triethylamine;Water;297.15;0.017115643;2.51E-05;2.52E-05;L1;652.5880888
2790;Triethylamine;Water;297.19456;0.015244541;2.51E-05;2.52E-05;L1;640.9331101
2790;Triethylamine;Water;298.14437;0.014099834;2.55E-05;2.57E-05;L1;631.46971
2790;Triethylamine;Water;299.15;0.015244541;2.60E-05;2.63E-05;L1;637.5240532
2790;Triethylamine;Water;299.19416;0.013423239;2.60E-05;2.63E-05;L1;624.7238203
2790;Triethylamine;Water;301.004852;0.0125;2.68E-05;2.73E-05;L1;614.4535404
2790;Triethylamine;Water;301.15;0.012244723;2.69E-05;2.73E-05;L1;612.1386233
2790;Triethylamine;Water;301.19364;0.012224853;2.69E-05;2.74E-05;L1;611.900599
2790;Triethylamine;Water;303.134;0.009089371;2.78E-05;2.84E-05;L1;578.9086236
2790;Triethylamine;Water;303.19304;0.010646296;2.78E-05;2.84E-05;L1;594.6173674
2790;Triethylamine;Water;303.903692;0.01047;2.82E-05;2.88E-05;L1;591.7221135
2790;Triethylamine;Water;308.19154;0.008318882;3.03E-05;3.11E-05;L1;561.3672807
2790;Triethylamine;Water;313.15;0.006604372;3.30E-05;3.37E-05;L1;529.8616026
2790;Triethylamine;Water;313.19004;0.006415483;3.30E-05;3.37E-05;L1;526.8921557
2790;Triethylamine;Water;319.098209;0.005626;3.65E-05;3.69E-05;L1;503.8338553
2790;Triethylamine;Water;323.15;0.004711174;3.90E-05;3.98E-05;L1;479.3501553
2790;Triethylamine;Water;333.15;0.003546448;4.60E-05;4.72E-05;L1;434.5639843
2790;Triethylamine;Water;342.324;0.003069;5.33E-05;5.39E-05;L1;405.3680992
2790;Triethylamine;Water;343.15;0.002886379;5.40E-05;5.45E-05;L1;397.9200972
2790;Triethylamine;Water;353.15;0.002484948;6.32E-05;6.39E-05;L1;367.2243568
2790;Triethylamine;Water;291.15;0.235078223;0.942971916;0.94296318;L2;138.9118178
2790;Triethylamine;Water;291.15;0.029031703;0.942971916;0.94296318;L2;348.064806
2790;Triethylamine;Water;291.2466955;0.13189;0.943009183;0.942989303;L2;196.7107778
2790;Triethylamine;Water;291.2983245;0.115123;0.943029043;0.943003251;L2;210.3095959
2790;Triethylamine;Water;291.3093409;0.058685;0.943033277;0.943006227;L2;277.6917413
2790;Triethylamine;Water;291.3278627;0.070521;0.943040394;0.943011231;L2;259.3198579
2790;Triethylamine;Water;291.3596237;0.101534;0.943052589;0.943019811;L2;222.8728331
2790;Triethylamine;Water;291.3810258;0.077644;0.943060802;0.943025593;L2;249.6996481
2790;Triethylamine;Water;291.3812677;0.09463;0.943060894;0.943025658;L2;229.9156305
2790;Triethylamine;Water;291.3982415;0.093753;0.943067404;0.943030244;L2;230.8474094
2790;Triethylamine;Water;291.4396886;0.084;0.943083288;0.943041441;L2;241.8337802
2790;Triethylamine;Water;291.4404571;0.090466;0.943083583;0.943041648;L2;234.4180824
2790;Triethylamine;Water;291.469002;0.0856;0.943094512;0.94304936;L2;239.9481219
2790;Triethylamine;Water;291.469002;0.0636;0.943094512;0.94304936;L2;269.6553032
2790;Triethylamine;Water;291.4700014;0.0977;0.943094894;0.94304963;L2;226.7265349
2790;Triethylamine;Water;291.4700014;0.0934;0.943094894;0.94304963;L2;231.2275563
2790;Triethylamine;Water;291.4729996;0.0936;0.943096042;0.94305044;L2;231.0137741
2790;Triethylamine;Water;291.4809948;0.0599;0.943099101;0.9430526;L2;275.6494864
2790;Triethylamine;Water;291.4849924;0.0715;0.943100631;0.94305368;L2;257.9475541
2790;Triethylamine;Water;291.4869912;0.1008;0.943101396;0.94305422;L2;223.6035446
2790;Triethylamine;Water;291.4969852;0.0771;0.943105218;0.943056919;L2;250.4074574
2790;Triethylamine;Water;291.4979846;0.0687;0.943105601;0.943057189;L2;261.9429061
2790;Triethylamine;Water;291.5009828;0.0765;0.943106747;0.943057999;L2;251.1888735
2790;Triethylamine;Water;291.508978;0.0557;0.943109805;0.943060159;L2;282.9202571
2790;Triethylamine;Water;291.528966;0.1179;0.943117445;0.943065559;L2;207.9354011
2790;Triethylamine;Water;291.53896;0.0816;0.943121264;0.943068259;L2;244.7365606
2790;Triethylamine;Water;291.53896;0.0781;0.943121264;0.943068259;L2;249.1204811
2790;Triethylamine;Water;291.5399594;0.0748;0.943121646;0.943068529;L2;253.4377388
2790;Triethylamine;Water;291.553951;0.0814;0.94312699;0.943072309;L2;244.9825667
2790;Triethylamine;Water;291.5649444;0.083;0.943131188;0.943075279;L2;243.0364783
2790;Triethylamine;Water;291.6608868;0.1371;0.943167774;0.943101198;L2;192.8533595
2790;Triethylamine;Water;291.668882;0.115444545;0.943170819;0.943103358;L2;210.0457125
2790;Triethylamine;Water;291.698864;0.120542321;0.943182231;0.943111458;L2;205.7258607
2790;Triethylamine;Water;291.73884;0.1502;0.943197434;0.943122257;L2;183.7307889
2790;Triethylamine;Water;291.878756;0.164414585;0.943250521;0.943160056;L2;174.6940716
2790;Triethylamine;Water;291.88875;0.0956;0.943254305;0.943162756;L2;228.9163103
2790;Triethylamine;Water;292.1386;0.168873419;0.943348605;0.943230253;L2;172.0286457
2790;Triethylamine;Water;292.15;0.302118384;0.943352894;0.943233333;L2;113.8621497
2790;Triethylamine;Water;292.19556;0.196035983;0.943370019;0.943245641;L2;157.1160362
2790;Triethylamine;Water;292.608318;0.1607;0.943524257;0.943357149;L2;177.0082801
2790;Triethylamine;Water;292.728246;0.2486;0.943568764;0.943389548;L2;133.3824065
2790;Triethylamine;Water;293.138;0.253448168;0.943719796;0.943500244;L2;131.4669959
2790;Triethylamine;Water;293.19536;0.287626829;0.943740811;0.94351574;L2;118.8187657
2790;Triethylamine;Water;293.607812;0.2805;0.943891007;0.943627165;L2;121.3436976
2790;Triethylamine;Water;293.6378;0.4824;0.943901865;0.943635266;L2;67.12485585
2790;Triethylamine;Water;294.15;0.412450573;0.94408602;0.943773639;L2;82.81009089
2790;Triethylamine;Water;294.157592;0.3773;0.944088731;0.94377569;L2;91.71795293
2790;Triethylamine;Water;295.067228;0.4603;0.944409731;0.94402143;L2;71.86816578
2790;Triethylamine;Water;295.15;0.470338616;0.944438564;0.944043791;L2;69.71377436
2790;Triethylamine;Water;295.19496;0.406942962;0.944454199;0.944055937;L2;84.19341605
2790;Triethylamine;Water;297.15;0.579985789;0.945116569;0.944584097;L2;48.83046716
2790;Triethylamine;Water;297.19456;0.512133339;0.945131272;0.944596135;L2;61.27388113
2790;Triethylamine;Water;299.15;0.644829322;0.945759684;0.945124402;L2;38.30028381
2790;Triethylamine;Water;299.19416;0.600234393;0.945773501;0.945136332;L2;45.46828783
2790;Triethylamine;Water;301.15;0.68153096;0.94636931;0.945664708;L2;32.82912048
2790;Triethylamine;Water;301.19364;0.645674995;0.946382249;0.945676497;L2;38.23502826
2790;Triethylamine;Water;303.134;0.665889798;0.946942285;0.946200691;L2;35.21139581
2790;Triethylamine;Water;303.19304;0.706060701;0.946958864;0.946216641;L2;29.35544415
2790;Triethylamine;Water;308.19154;0.790712248;0.948268063;0.947566999;L2;18.17031102
2790;Triethylamine;Water;313.15;0.81194466;0.949393926;0.948906541;L2;15.63916229
2790;Triethylamine;Water;313.19004;0.810341241;0.94940236;0.948917358;L2;15.83772478
2790;Triethylamine;Water;323.15;0.859405435;0.951201855;0.950976762;L2;10.14855003
2790;Triethylamine;Water;333.15;0.868265552;0.952474609;0.952011255;L2;9.256584594
2790;Triethylamine;Water;343.15;0.884587003;0.95329086;0.953045747;L2;7.479918929
2790;Triethylamine;Water;353.15;0.928617806;0.953709503;0.953503123;L2;2.666187019
2801;Tetrachloroethylene;Water;273.15;1.56E-05;;;L1;
2801;Tetrachloroethylene;Water;273.15;2.97E-05;;;L1;
2801;Tetrachloroethylene;Water;282.65;2.93E-05;7.62E-06;7.73E-06;L1;134.6846969
2801;Tetrachloroethylene;Water;283.148055;1.08E-05;7.70E-06;7.83E-06;L1;33.86112646
2801;Tetrachloroethylene;Water;288.146555;8.15E-06;8.52E-06;8.79E-06;L1;4.432564348
2801;Tetrachloroethylene;Water;292.65;3.11E-05;9.32E-06;9.66E-06;L1;120.48833
2801;Tetrachloroethylene;Water;293.14537;1.48E-05;9.41E-06;9.75E-06;L1;45.24838157
2801;Tetrachloroethylene;Water;293.14537;1.63E-05;9.41E-06;9.75E-06;L1;54.90217428
2801;Tetrachloroethylene;Water;293.14537;9.50E-06;9.41E-06;9.75E-06;L1;0.914843358
2801;Tetrachloroethylene;Water;293.15;2.81E-05;9.41E-06;9.75E-06;L1;109.3534512
2801;Tetrachloroethylene;Water;294.9444101;9.52E-06;9.75E-06;1.01E-05;L1;2.427762162
2801;Tetrachloroethylene;Water;297.1956598;1.01E-05;1.02E-05;1.05E-05;L1;0.931153191
2801;Tetrachloroethylene;Water;297.9944;2.17E-05;1.04E-05;1.07E-05;L1;73.98678739
2801;Tetrachloroethylene;Water;298;2.17E-05;1.04E-05;1.07E-05;L1;73.97586587
2801;Tetrachloroethylene;Water;298.136;1.63E-05;1.04E-05;1.07E-05;L1;45.09597309
2801;Tetrachloroethylene;Water;298.14437;5.28E-05;1.04E-05;1.07E-05;L1;162.614265
2801;Tetrachloroethylene;Water;298.14437;4.35E-05;1.04E-05;1.07E-05;L1;143.2392397
2801;Tetrachloroethylene;Water;298.14437;2.17E-05;1.04E-05;1.07E-05;L1;73.69437198
2801;Tetrachloroethylene;Water;299.14417;1.64E-06;1.06E-05;1.09E-05;L1;186.5131265
2801;Tetrachloroethylene;Water;302.8719364;1.25E-05;1.14E-05;1.16E-05;L1;9.38861049
2801;Tetrachloroethylene;Water;303.143055;1.26E-05;1.14E-05;1.17E-05;L1;9.664947476
2801;Tetrachloroethylene;Water;304.25;2.40E-05;1.17E-05;1.19E-05;L1;71.98016727
2801;Tetrachloroethylene;Water;305.5449342;1.75E-05;1.20E-05;1.21E-05;L1;37.92356562
2801;Tetrachloroethylene;Water;308.4920498;2.15E-05;1.27E-05;1.27E-05;L1;52.9213641
2801;Tetrachloroethylene;Water;312.2134331;2.71E-05;1.36E-05;1.37E-05;L1;69.08651869
2801;Tetrachloroethylene;Water;313.13;1.81E-05;1.38E-05;1.40E-05;L1;27.01670109
2801;Tetrachloroethylene;Water;313.140055;1.80E-05;1.38E-05;1.40E-05;L1;26.44397635
2801;Tetrachloroethylene;Water;313.15;2.31E-05;1.38E-05;1.40E-05;L1;51.37156082
2801;Tetrachloroethylene;Water;321.2830114;3.68E-05;1.60E-05;1.65E-05;L1;82.99355307
2801;Tetrachloroethylene;Water;323.25;2.97E-05;1.66E-05;1.71E-05;L1;57.99885912
2801;Tetrachloroethylene;Water;333.124;2.23E-05;1.98E-05;2.02E-05;L1;11.78456018
2801;Tetrachloroethylene;Water;334.45;3.30E-05;2.03E-05;2.06E-05;L1;48.65718427
2801;Tetrachloroethylene;Water;337.1310705;6.28E-05;2.13E-05;2.14E-05;L1;108.3392594
2801;Tetrachloroethylene;Water;341.1989351;7.40E-05;2.28E-05;2.29E-05;L1;117.7440019
2801;Tetrachloroethylene;Water;343.124;2.61E-05;2.36E-05;2.38E-05;L1;10.24359007
2801;Tetrachloroethylene;Water;344.15;4.10E-05;2.40E-05;2.43E-05;L1;53.66246426
2801;Tetrachloroethylene;Water;345.121458;8.04E-05;2.44E-05;2.47E-05;L1;119.3592704
2801;Tetrachloroethylene;Water;353.35;4.13E-05;2.80E-05;2.87E-05;L1;38.96771326
2801;Tetrachloroethylene;Water;356.0934654;0.000119622;2.93E-05;3.00E-05;L1;140.791007
2801;Tetrachloroethylene;Water;364.95;5.68E-05;3.38E-05;3.42E-05;L1;51.93285648
2801;Tetrachloroethylene;Water;366.5020947;0.000155554;3.46E-05;3.49E-05;L1;150.1935618
2801;Tetrachloroethylene;Water;273.15;0.999585943;;;L2;
2801;Tetrachloroethylene;Water;279.8716186;0.999625495;;;L2;
2801;Tetrachloroethylene;Water;282.4763566;0.999576745;0.999998381;0.999998422;L2;0.042172514
2801;Tetrachloroethylene;Water;282.65;0.999503168;0.999998363;0.999998382;L2;0.049531851
2801;Tetrachloroethylene;Water;288.141;0.999633299;0.999997718;0.9999971;L2;0.036448586
2801;Tetrachloroethylene;Water;289.146255;0.999475579;0.999997578;0.999996866;L2;0.052213662
2801;Tetrachloroethylene;Water;289.146255;0.999472821;0.999997578;0.999996866;L2;0.052489607
2801;Tetrachloroethylene;Water;289.146255;0.999493972;0.999997578;0.999996866;L2;0.050373414
2801;Tetrachloroethylene;Water;289.4282704;0.999436957;0.999997538;0.9999968;L2;0.056073918
2801;Tetrachloroethylene;Water;291.14577;0.999482017;0.999997278;0.999996399;L2;0.051539548
2801;Tetrachloroethylene;Water;291.14577;0.999415808;0.999997278;0.999996399;L2;0.058164099
2801;Tetrachloroethylene;Water;291.14577;0.999447992;0.999997278;0.999996399;L2;0.05494387
2801;Tetrachloroethylene;Water;292.65;0.999310075;0.999997032;0.999996048;L2;0.068719509
2801;Tetrachloroethylene;Water;293.138;0.999520905;0.999996948;0.999995934;L2;0.047615783
2801;Tetrachloroethylene;Water;294.44511;0.999340414;0.999996713;0.999995629;L2;0.065651653
2801;Tetrachloroethylene;Water;294.44511;0.999310075;0.999996713;0.999995629;L2;0.068687602
2801;Tetrachloroethylene;Water;294.6656659;0.999247564;0.999996672;0.999995578;L2;0.074939095
2801;Tetrachloroethylene;Water;295.14497;0.999364318;0.999996581;0.999995466;L2;0.063246482
2801;Tetrachloroethylene;Water;296.14477;0.999282495;0.999996384;0.999995233;L2;0.071414633
2801;Tetrachloroethylene;Water;296.14477;0.999272383;0.999996384;0.999995233;L2;0.072426564
2801;Tetrachloroethylene;Water;296.14477;0.999268706;0.999996384;0.999995233;L2;0.072794532
2801;Tetrachloroethylene;Water;297.9944;0.999080288;0.999995994;0.999994801;L2;0.091612875
2801;Tetrachloroethylene;Water;298.136;0.999034444;0.999995962;0.999994768;L2;0.096198468
2801;Tetrachloroethylene;Water;298.136;0.999384594;0.999995962;0.999994768;L2;0.061155767
2801;Tetrachloroethylene;Water;298.14437;0.999080288;0.99999596;0.999994766;L2;0.091609557
2801;Tetrachloroethylene;Water;298.74445;0.999097749;0.999995825;0.999994626;L2;0.089848349
2801;Tetrachloroethylene;Water;299.14417;0.999218149;0.999995733;0.999994533;L2;0.077788983
2801;Tetrachloroethylene;Water;302.143355;0.999130833;0.999994983;0.999993833;L2;0.08645283
2801;Tetrachloroethylene;Water;302.143355;0.999138186;0.999994983;0.999993833;L2;0.085716893
2801;Tetrachloroethylene;Water;302.143355;0.999207303;0.999994983;0.999993833;L2;0.078799471
2801;Tetrachloroethylene;Water;303.143055;0.999043531;0.999994709;0.9999936;L2;0.095163613
2801;Tetrachloroethylene;Water;304.25;0.999163001;0.999994391;0.999993342;L2;0.08317406
2801;Tetrachloroethylene;Water;305.3014073;0.998722009;0.999994074;0.999993096;L2;0.127288196
2801;Tetrachloroethylene;Water;313.140055;0.998474104;0.999991179;0.999989697;L2;0.151824057
2801;Tetrachloroethylene;Water;313.15;0.999043531;0.999991175;0.99998969;L2;0.094810158
2801;Tetrachloroethylene;Water;313.3624883;0.998152909;0.999991082;0.999989534;L2;0.183988091
2801;Tetrachloroethylene;Water;321.414372;0.997621048;0.999986884;0.999983629;L2;0.236866991
2801;Tetrachloroethylene;Water;323.137055;0.997410277;0.999985794;0.999982366;L2;0.257887629
2801;Tetrachloroethylene;Water;323.25;0.998924087;0.99998572;0.999982283;L2;0.106221231
2801;Tetrachloroethylene;Water;323.5962172;0.997108005;0.999985491;0.999982029;L2;0.288167595
2801;Tetrachloroethylene;Water;329.5825208;0.996229598;0.999981006;0.999977639;L2;0.375853397
2801;Tetrachloroethylene;Water;333.7161536;0.995407342;0.999977265;0.999974608;L2;0.458050093
2801;Tetrachloroethylene;Water;334.45;0.998694459;0.999976539;0.999974069;L2;0.128293266
2801;Tetrachloroethylene;Water;338.8493268;0.994312881;0.999971765;0.999970843;L2;0.567511733
2801;Tetrachloroethylene;Water;344.15;0.998116213;0.999964948;0.999961559;L2;0.185051137
2801;Tetrachloroethylene;Water;344.6021139;0.992311927;0.999964308;0.99996064;L2;0.76820858
2801;Tetrachloroethylene;Water;353.35;0.998033655;0.999949831;0.999942852;L2;0.191811102
2801;Tetrachloroethylene;Water;364.95;0.997749382;0.999923336;0.999919264;L2;0.217648706
2846;Water;Propyl acetate;273.15;0.062385194;0.073981166;0.07440573;L1;17.04825722
2846;Water;Propyl acetate;282.648205;0.072499006;0.077395232;0.078028357;L1;6.535231925
2846;Water;Propyl acetate;288.15;0.076992501;0.079647765;0.080126749;L1;3.390594986
2846;Water;Propyl acetate;288.15;0.074000778;0.079647765;0.080126749;L1;7.353837069
2846;Water;Propyl acetate;288.2;0.0805;0.079669096;0.080145819;L1;1.037542696
2846;Water;Propyl acetate;291.29574;0.0747;0.081018934;0.081326538;L1;8.120279447
2846;Water;Propyl acetate;293.138;0.089;0.081848945;0.082029178;L1;8.376095702
2846;Water;Propyl acetate;293.138;0.089290844;0.081848945;0.082029178;L1;8.702353912
2846;Water;Propyl acetate;293.14537;0.083912502;0.081852305;0.082031989;L1;2.485815192
2846;Water;Propyl acetate;293.14537;0.114;0.081852305;0.082031989;L1;33.12819872
2846;Water;Propyl acetate;293.14537;0.114;0.081852305;0.082031989;L1;33.12819872
2846;Water;Propyl acetate;293.15;0.052;0.081854416;0.082033755;L1;45.36985313
2846;Water;Propyl acetate;293.15;0.089;0.081854416;0.082033755;L1;8.369411989
2846;Water;Propyl acetate;293.9952;0.0907;0.082241811;0.082356116;L1;9.789353251
2846;Water;Propyl acetate;298.15;0.081450762;0.084204706;0.084383605;L1;3.325211557
2846;Water;Propyl acetate;298.2;0.1445;0.084228911;0.084410643;L1;53.97412788
2846;Water;Propyl acetate;298.2;0.077986256;0.084228911;0.084410643;L1;7.700562276
2846;Water;Propyl acetate;298.2;0.066958497;0.084228911;0.084410643;L1;22.94652491
2846;Water;Propyl acetate;303.134;0.084403567;0.086684186;0.08707884;L1;2.666180307
2846;Water;Propyl acetate;303.134;0.074500491;0.086684186;0.08707884;L1;15.14657508
2846;Water;Propyl acetate;303.143055;0.097982211;0.086688812;0.087083737;L1;12.24611124
2846;Water;Propyl acetate;303.15;0.082;0.08669236;0.087087492;L1;5.564651166
2846;Water;Propyl acetate;303.15;0.1;0.08669236;0.087087492;L1;14.28044271
2846;Water;Propyl acetate;303.2;0.1033;0.086717912;0.087114531;L1;17.49769109
2846;Water;Propyl acetate;303.2;0.075498604;0.086717912;0.087114531;L1;13.85462992
2846;Water;Propyl acetate;308.132;0.113106398;0.089302768;0.089781646;L1;23.62964622
2846;Water;Propyl acetate;308.2;0.090748793;0.089339289;0.089818419;L1;1.56538181
2846;Water;Propyl acetate;310.29091;0.1098;0.090473793;0.090949136;L1;19.36003014
2846;Water;Propyl acetate;313.140055;0.14;0.092055433;0.09248989;L1;41.92514903
2846;Water;Propyl acetate;313.140055;0.111705938;0.092055433;0.09248989;L1;19.34789326
2846;Water;Propyl acetate;313.15;0.11636034;0.092061026;0.092495268;L1;23.42400752
2846;Water;Propyl acetate;313.15;0.114968151;0.092061026;0.092495268;L1;22.22034618
2846;Water;Propyl acetate;313.15;0.13;0.092061026;0.092495268;L1;34.50827701
2846;Water;Propyl acetate;313.15;0.11;0.092061026;0.092495268;L1;17.80286854
2846;Water;Propyl acetate;313.15;0.082;0.092061026;0.092495268;L1;11.57324331
2846;Water;Propyl acetate;317.52868;0.136;0.094571194;0.09486316;L1;36.33019613
2846;Water;Propyl acetate;318.2;0.107011902;0.094964439;0.095226194;L1;11.94375679
2846;Water;Propyl acetate;323.127;0.104;0.097918114;0.09794217;L1;6.025934628
2846;Water;Propyl acetate;323.137055;0.117286508;0.097924262;0.097948945;L1;18.04253824
2846;Water;Propyl acetate;323.176985;0.1037;0.097948685;0.09797585;L1;5.705840047
2846;Water;Propyl acetate;323.576865;0.104;0.098193689;0.098245294;L1;5.744895309
2846;Water;Propyl acetate;331.28474;0.1461;0.103066666;0.103438954;L1;34.89152963
2846;Water;Propyl acetate;333.13437;0.162;0.104278266;0.104685258;L1;44.05333707
2846;Water;Propyl acetate;333.23435;0.124183271;0.104344221;0.104752625;L1;17.40632109
2846;Water;Propyl acetate;338.124;0.14;0.107627614;0.108047331;L1;26.29651709
2846;Water;Propyl acetate;338.174;0.1404;0.107661773;0.108081022;L1;26.55009131
2846;Water;Propyl acetate;339.424;0.144;0.108519567;0.108923287;L1;28.28828056
2846;Water;Propyl acetate;343.631905;0.146997111;0.111461218;0.111758625;L1;27.67362273
2846;Water;Propyl acetate;345.88123;0.1731;0.11306777;0.113274247;L1;42.58820854
2846;Water;Propyl acetate;349.62335;0.172;0.115793053;0.115795734;L1;39.56899063
2846;Water;Propyl acetate;353.123;0.183;0.118401025;0.118586028;L1;43.54087775
2846;Water;Propyl acetate;353.129055;0.149618461;0.118405586;0.118590864;L1;23.3972557
2846;Water;Propyl acetate;353.173;0.183;0.1184387;0.118625968;L1;43.50906282
2846;Water;Propyl acetate;355.883;0.19;0.120498163;0.120790729;L1;45.5389566
2846;Water;Propyl acetate;357.123;0.219;0.121451936;0.121781247;L1;58.95531367
2846;Water;Propyl acetate;362.67646;0.2116;0.125811548;0.126217378;L1;51.99125633
2846;Water;Propyl acetate;363.65;0.1374;0.12659063;0.126995047;L1;8.193788216
2846;Water;Propyl acetate;273.15;0.99392;0.994726797;0.994661873;L2;0.081140352
2846;Water;Propyl acetate;273.15;0.994184198;0.994726797;0.994661873;L2;0.054562469
2846;Water;Propyl acetate;273.35;0.99380435;0.994732804;0.994666239;L2;0.093380644
2846;Water;Propyl acetate;282.648205;0.994981518;0.994961896;0.994869233;L2;0.001972129
2846;Water;Propyl acetate;283.144;0.99537;0.99497163;0.994880057;L2;0.04003029
2846;Water;Propyl acetate;283.15;0.995145201;0.994971747;0.994880188;L2;0.017431573
2846;Water;Propyl acetate;288.15;0.996047861;0.995057802;0.994989346;L2;0.099448161
2846;Water;Propyl acetate;288.2;0.9954;0.995058557;0.994990437;L2;0.034307945
2846;Water;Propyl acetate;293.138;0.996047861;0.99512374;0.995098241;L2;0.092821846
2846;Water;Propyl acetate;293.138;0.99586;0.99512374;0.995098241;L2;0.073959427
2846;Water;Propyl acetate;293.138;0.996613559;0.99512374;0.995098241;L2;0.149599983
2846;Water;Propyl acetate;293.138;0.996;0.99512374;0.995098241;L2;0.08801664
2846;Water;Propyl acetate;293.14537;0.995938031;0.995123824;0.995098402;L2;0.081786221
2846;Water;Propyl acetate;293.14537;0.996;0.995123824;0.995098402;L2;0.088008202
2846;Water;Propyl acetate;293.15;0.996191239;0.995123877;0.995098503;L2;0.107201763
2846;Water;Propyl acetate;293.15;0.997;0.995123877;0.995098503;L2;0.188354141
2846;Water;Propyl acetate;293.15;0.995929515;0.995123877;0.995098503;L2;0.080925845
2846;Water;Propyl acetate;295.1372;0.997049508;0.995145145;0.995141887;L2;0.191182441
2846;Water;Propyl acetate;298.09438;0.996070219;0.995171953;0.995153368;L2;0.090221686
2846;Water;Propyl acetate;298.14437;0.996324066;0.995172358;0.995153485;L2;0.115662563
2846;Water;Propyl acetate;298.14437;0.996191239;0.995172358;0.995153485;L2;0.102329968
2846;Water;Propyl acetate;298.15;0.995666902;0.995172404;0.995153498;L2;0.049677363
2846;Water;Propyl acetate;298.15;0.996321953;0.995172404;0.995153498;L2;0.115445906
2846;Water;Propyl acetate;298.15;0.996148259;0.995172404;0.995153498;L2;0.098010865
2846;Water;Propyl acetate;298.15;0.995994271;0.995172404;0.995153498;L2;0.082551329
2846;Water;Propyl acetate;298.15;0.996132722;0.995172404;0.995153498;L2;0.096451145
2846;Water;Propyl acetate;298.2;0.9959;0.995172807;0.995153615;L2;0.073045306
2846;Water;Propyl acetate;298.2;0.996148;0.995172807;0.995153615;L2;0.097944304
2846;Water;Propyl acetate;298.2;0.99612102;0.995172807;0.995153615;L2;0.095235835
2846;Water;Propyl acetate;298.2;0.996413164;0.995172807;0.995153615;L2;0.124559698
2846;Water;Propyl acetate;300.19394;0.99618;0.995187657;0.995158277;L2;0.099664469
2846;Water;Propyl acetate;303.134;0.996777245;0.995205271;0.995165153;L2;0.15783016
2846;Water;Propyl acetate;303.134;0.99632;0.995205271;0.995165153;L2;0.1119473
2846;Water;Propyl acetate;303.134;0.996777245;0.995205271;0.995165153;L2;0.15783016
2846;Water;Propyl acetate;303.143055;0.996449627;0.995205317;0.995165174;L2;0.124952346
2846;Water;Propyl acetate;303.15;0.994;0.995205353;0.99516519;L2;0.121189424
2846;Water;Propyl acetate;303.15;0.996289506;0.995205353;0.99516519;L2;0.108878313
2846;Water;Propyl acetate;303.2;0.9962;0.99520561;0.995165307;L2;0.099868199
2846;Water;Propyl acetate;303.2;0.996356;0.99520561;0.995165307;L2;0.115526479
2846;Water;Propyl acetate;303.2;0.996449627;0.99520561;0.995165307;L2;0.12492298
2846;Water;Propyl acetate;303.25;0.996496183;0.995205865;0.995165424;L2;0.129569424
2846;Water;Propyl acetate;307.89163;0.99649;0.995223669;0.995176279;L2;0.127159965
2846;Water;Propyl acetate;308.132;0.996777245;0.995224284;0.995176841;L2;0.15591967
2846;Water;Propyl acetate;308.2;0.995110767;0.995224453;0.995177;L2;0.011423799
2846;Water;Propyl acetate;308.2;0.99651;0.995224453;0.995177;L2;0.129088216
2846;Water;Propyl acetate;311.49055;0.99656;0.995229882;0.995184695;L2;0.133560113
2846;Water;Propyl acetate;313.140055;0.996;0.995230645;0.995188552;L2;0.077274369
2846;Water;Propyl acetate;313.140055;0.996649955;0.995230645;0.995188552;L2;0.142509612
2846;Water;Propyl acetate;313.15;0.996556142;0.995230645;0.995188575;L2;0.133096261
2846;Water;Propyl acetate;313.15;0.994;0.995230645;0.995188575;L2;0.123730799
2846;Water;Propyl acetate;313.15;0.99;0.995230645;0.995188575;L2;0.526957151
2846;Water;Propyl acetate;313.15;0.996558942;0.995230645;0.995188575;L2;0.133377228
2846;Water;Propyl acetate;313.2;0.996629;0.995230648;0.995188692;L2;0.140406665
2846;Water;Propyl acetate;313.25;0.996807511;0.99523065;0.995188809;L2;0.158316351
2846;Water;Propyl acetate;314.18974;0.99667;0.995230472;0.995191007;L2;0.144538146
2846;Water;Propyl acetate;317.52868;0.9969;0.995226634;0.995198815;L2;0.167998042
2846;Water;Propyl acetate;318.2;0.993474747;0.995225273;0.995200385;L2;0.176047328
2846;Water;Propyl acetate;318.2;0.996757;0.995225273;0.995200385;L2;0.153789233
2846;Water;Propyl acetate;322.38728;0.99676;0.99521252;0.995210177;L2;0.155371674
2846;Water;Propyl acetate;323.127;0.9968;0.995209522;0.995207545;L2;0.159685791
2846;Water;Propyl acetate;323.137055;0.996922537;0.99520948;0.995207456;L2;0.171982319
2846;Water;Propyl acetate;323.15;0.996745534;0.995209426;0.99520734;L2;0.154231274
2846;Water;Propyl acetate;323.176985;0.9968;0.995209312;0.9952071;L2;0.159706931
2846;Water;Propyl acetate;323.25;0.99696183;0.995209003;0.995206449;L2;0.175971632
2846;Water;Propyl acetate;323.576865;0.9968;0.995207593;0.995203535;L2;0.15987968
2846;Water;Propyl acetate;333.13437;0.996;0.995148367;0.995118346;L2;0.085541889
2846;Water;Propyl acetate;333.15;0.996766458;0.995148243;0.995118207;L2;0.162478398
2846;Water;Propyl acetate;333.23435;0.997067634;0.995147571;0.995117455;L2;0.192756688
2846;Water;Propyl acetate;333.25;0.997050942;0.995147446;0.995117315;L2;0.191095126
2846;Water;Propyl acetate;336.38372;0.99676;0.995120688;0.995089383;L2;0.164599417
2846;Water;Propyl acetate;338.124;0.9968;0.995104367;0.995073872;L2;0.170252509
2846;Water;Propyl acetate;338.174;0.9968;0.995103883;0.995073426;L2;0.170301161
2846;Water;Propyl acetate;339.424;0.9968;0.995091506;0.995062284;L2;0.171544954
2846;Water;Propyl acetate;343.25;0.997024761;0.995050398;0.995028182;L2;0.198221774
2846;Water;Propyl acetate;343.631905;0.996922537;0.995046032;0.995024778;L2;0.188407152
2846;Water;Propyl acetate;345.58132;0.99672;0.995023011;0.995007402;L2;0.17040241
2846;Water;Propyl acetate;349.62335;0.9967;0.994971428;0.994971374;L2;0.173580092
2846;Water;Propyl acetate;351.57952;0.99667;0.994944627;0.994937759;L2;0.173263743
2846;Water;Propyl acetate;353.123;0.9967;0.994922647;0.994910956;L2;0.178482947
2846;Water;Propyl acetate;353.129055;0.997031378;0.994922559;0.994910851;L2;0.21173375
2846;Water;Propyl acetate;353.173;0.9966;0.994921923;0.994910088;L2;0.168522131
2846;Water;Propyl acetate;355.57832;0.9966;0.99488618;0.994868318;L2;0.172114688
2846;Water;Propyl acetate;355.883;0.9967;0.994881527;0.994863028;L2;0.18261598
2846;Water;Propyl acetate;357.77766;0.99656;0.994851964;0.994830126;L2;0.17154021
2846;Water;Propyl acetate;361.4767;0.99649;0.994791146;0.994765891;L2;0.170629317
2846;Water;Propyl acetate;363.32633;0.997591993;0.994759209;0.994733772;L2;0.284366137
2846;Water;Propyl acetate;363.65;0.9969;0.994753516;0.994728151;L2;0.215548
2846;Water;Propyl acetate;367.1234;0.995;0.994690485;0.994667834;L2;0.031111876
2865;Water;3-Methyl-1-butanol;273.15;0.326;0.309046659;0.30934241;L1;5.340511665
2865;Water;3-Methyl-1-butanol;273.15;0.333834253;0.309046659;0.30934241;L1;7.715235658
2865;Water;3-Methyl-1-butanol;283.144;0.326117116;0.304209145;0.304843024;L1;6.954112657
2865;Water;3-Methyl-1-butanol;283.248025;0.335940649;0.30416578;0.304802525;L1;9.93616238
2865;Water;3-Methyl-1-butanol;288.141;0.335336046;0.302278837;0.30289761;L1;10.37832584
2865;Water;3-Methyl-1-butanol;288.2;0.346586783;0.302257873;0.30287464;L1;13.68527051
2865;Water;3-Methyl-1-butanol;291.9956;0.339864341;0.300995702;0.301396951;L1;12.14505558
2865;Water;3-Methyl-1-butanol;292.94541;0.342461613;0.300705997;0.301027174;L1;13.00265398
2865;Water;3-Methyl-1-butanol;293.138;0.342383909;0.300648504;0.300952196;L1;12.99908267
2865;Water;3-Methyl-1-butanol;293.138;0.338560164;0.300648504;0.300952196;L1;11.8759992
2865;Water;3-Methyl-1-butanol;293.15;0.359241381;0.300644936;0.300947524;L1;17.806458
2865;Water;3-Methyl-1-butanol;293.15;0.338;0.300644936;0.300947524;L1;11.71159425
2865;Water;3-Methyl-1-butanol;293.15;0.340124732;0.300644936;0.300947524;L1;12.33824562
2865;Water;3-Methyl-1-butanol;293.15;0.119548568;0.300644936;0.300947524;L1;92.22072374
2865;Water;3-Methyl-1-butanol;293.2;0.3283;0.300630085;0.300928058;L1;8.804726754
2865;Water;3-Methyl-1-butanol;298;0.35974025;0.299333648;0.29952727;L1;18.3823411
2865;Water;3-Methyl-1-butanol;298.136;0.326117116;0.299300569;0.29950554;L1;8.58082523
2865;Water;3-Methyl-1-butanol;298.136;0.3459;0.299300569;0.29950554;L1;14.47013999
2865;Water;3-Methyl-1-butanol;298.136;0.33;0.299300569;0.29950554;L1;9.764433838
2865;Water;3-Methyl-1-butanol;298.136;0.326;0.299300569;0.29950554;L1;8.544906528
2865;Water;3-Methyl-1-butanol;298.136;0.349273758;0.299300569;0.29950554;L1;15.44077055
2865;Water;3-Methyl-1-butanol;298.136;0.347099814;0.299300569;0.29950554;L1;14.81640709
2865;Water;3-Methyl-1-butanol;298.136;0.342202548;0.299300569;0.29950554;L1;13.39544913
2865;Water;3-Methyl-1-butanol;298.15;0.3302;0.299297175;0.299503303;L1;9.826155465
2865;Water;3-Methyl-1-butanol;298.19436;0.3414;0.299286435;0.299496215;L1;13.16537174
2865;Water;3-Methyl-1-butanol;298.2;0.3207;0.299285071;0.299495314;L1;6.910957118
2865;Water;3-Methyl-1-butanol;298.2;0.347356112;0.299285071;0.299495314;L1;14.89539775
2865;Water;3-Methyl-1-butanol;298.2;0.305827613;0.299285071;0.299495314;L1;2.162505148
2865;Water;3-Methyl-1-butanol;303.134;0.346073173;0.29821946;0.298706954;L1;14.88205782
2865;Water;3-Methyl-1-butanol;303.134;0.356236473;0.29821946;0.298706954;L1;17.77651031
2865;Water;3-Methyl-1-butanol;303.15;0.373003221;0.298216411;0.298704397;L1;22.376762
2865;Water;3-Methyl-1-butanol;303.15;0.299;0.298216411;0.298704397;L1;0.262413839
2865;Water;3-Methyl-1-butanol;303.15;0.353969556;0.298216411;0.298704397;L1;17.13914744
2865;Water;3-Methyl-1-butanol;303.15;0.3766;0.298216411;0.298704397;L1;23.33641812
2865;Water;3-Methyl-1-butanol;303.342995;0.359241381;0.298179844;0.29867356;L1;18.62977261
2865;Water;3-Methyl-1-butanol;308.2;0.341683977;0.297380973;0.297897502;L1;13.88722116
2865;Water;3-Methyl-1-butanol;308.2;0.363958358;0.297380973;0.297897502;L1;20.20254056
2865;Water;3-Methyl-1-butanol;313.13;0.362226303;0.296800549;0.297109781;L1;19.92088018
2865;Water;3-Methyl-1-butanol;313.140055;0.363958358;0.296799594;0.297108174;L1;20.39823154
2865;Water;3-Methyl-1-butanol;313.140055;0.37;0.296799594;0.297108174;L1;22.0445861
2865;Water;3-Methyl-1-butanol;313.15;0.308;0.296798651;0.297106585;L1;3.704581657
2865;Water;3-Methyl-1-butanol;313.15;0.37996535;0.296798651;0.297106585;L1;24.70260979
2865;Water;3-Methyl-1-butanol;313.15;0.357991776;0.296798651;0.297106585;L1;18.74560477
2865;Water;3-Methyl-1-butanol;313.2;0.3461;0.296793922;0.297098596;L1;15.36897177
2865;Water;3-Methyl-1-butanol;318.2;0.393565669;0.296433529;0.296537674;L1;28.34249303
2865;Water;3-Methyl-1-butanol;318.2;0.392178335;0.296433529;0.296537674;L1;27.98936646
2865;Water;3-Methyl-1-butanol;322.62715;0.389;0.296294635;0.296646274;L1;27.22249945
2865;Water;3-Methyl-1-butanol;323.037085;0.389856175;0.296290065;0.296656329;L1;27.44389645
2865;Water;3-Methyl-1-butanol;323.15;0.387521509;0.296289049;0.296659099;L1;26.84358586
2865;Water;3-Methyl-1-butanol;332.93441;0.399526364;0.296587052;0.296899115;L1;29.79389831
2865;Water;3-Methyl-1-butanol;333.13437;0.4;0.29660086;0.29690402;L1;29.90772177
2865;Water;3-Methyl-1-butanol;343.132055;0.419755883;0.297663521;0.29793986;L1;34.37095855
2865;Water;3-Methyl-1-butanol;353.129055;0.433000494;0.299417813;0.299708474;L1;36.88989015
2865;Water;3-Methyl-1-butanol;363.12637;0.452500812;0.301814826;0.302020105;L1;40.49758878
2865;Water;3-Methyl-1-butanol;368.06;0.446;0.303221869;0.303534102;L1;38.58541744
2865;Water;3-Methyl-1-butanol;273.15;0.99167;0.998476634;0.998473891;L2;0.684036131
2865;Water;3-Methyl-1-butanol;273.15;0.992143945;0.998476634;0.998473891;L2;0.636254935
2865;Water;3-Methyl-1-butanol;283.144;0.994147324;0.998320795;0.998313079;L2;0.418925372
2865;Water;3-Methyl-1-butanol;283.15;0.99137618;0.998320697;0.998312979;L2;0.698050585
2865;Water;3-Methyl-1-butanol;283.248025;0.993418432;0.998319096;0.998311342;L2;0.492100322
2865;Water;3-Methyl-1-butanol;288.141;0.993545206;0.998237292;0.998229618;L2;0.471145243
2865;Water;3-Methyl-1-butanol;288.141;0.993534468;0.998237292;0.998229618;L2;0.472226025
2865;Water;3-Methyl-1-butanol;288.141;0.993794102;0.998237292;0.998229618;L2;0.44609708
2865;Water;3-Methyl-1-butanol;288.2;0.994723283;0.998236283;0.998228633;L2;0.352541359
2865;Water;3-Methyl-1-butanol;291.9956;0.994552892;0.998170238;0.998165238;L2;0.363055919
2865;Water;3-Methyl-1-butanol;292.94541;0.994488938;0.998153355;0.998149374;L2;0.367795151
2865;Water;3-Methyl-1-butanol;293.138;0.994025409;0.998149914;0.998146157;L2;0.414071064
2865;Water;3-Methyl-1-butanol;293.138;0.994040387;0.998149914;0.998146157;L2;0.412564273
2865;Water;3-Methyl-1-butanol;293.138;0.99445;0.998149914;0.998146157;L2;0.371365883
2865;Water;3-Methyl-1-butanol;293.138;0.994031829;0.998149914;0.998146157;L2;0.413425207
2865;Water;3-Methyl-1-butanol;293.138;0.994249902;0.998149914;0.998146157;L2;0.391489382
2865;Water;3-Methyl-1-butanol;293.138;0.994787123;0.998149914;0.998146157;L2;0.337471181
2865;Water;3-Methyl-1-butanol;293.15;0.994680706;0.998149699;0.998145957;L2;0.348147719
2865;Water;3-Methyl-1-butanol;293.15;0.994531578;0.998149699;0.998145957;L2;0.363141392
2865;Water;3-Methyl-1-butanol;293.15;0.994;0.998149699;0.998145957;L2;0.41660577
2865;Water;3-Methyl-1-butanol;293.15;0.992736406;0.998149699;0.998145957;L2;0.543808771
2865;Water;3-Methyl-1-butanol;293.15;0.994083173;0.998149699;0.998145957;L2;0.408238615
2865;Water;3-Methyl-1-butanol;293.15;0.994083173;0.998149699;0.998145957;L2;0.408238615
2865;Water;3-Methyl-1-butanol;293.15;0.992630647;0.998149699;0.998145957;L2;0.55446262
2865;Water;3-Methyl-1-butanol;293.2;0.9941;0.998148805;0.998145122;L2;0.40645631
2865;Water;3-Methyl-1-butanol;298;0.995508471;0.998061065;0.998057931;L2;0.256082908
2865;Water;3-Methyl-1-butanol;298.136;0.994999697;0.998058524;0.998055191;L2;0.306948353
2865;Water;3-Methyl-1-butanol;298.136;0.994552892;0.998058524;0.998055191;L2;0.351863477
2865;Water;3-Methyl-1-butanol;298.136;0.99483;0.998058524;0.998055191;L2;0.324004787
2865;Water;3-Methyl-1-butanol;298.136;0.994337457;0.998058524;0.998055191;L2;0.373527316
2865;Water;3-Methyl-1-butanol;298.136;0.994354534;0.998058524;0.998055191;L2;0.371809905
2865;Water;3-Methyl-1-butanol;298.136;0.9944;0.998058524;0.998055191;L2;0.367237597
2865;Water;3-Methyl-1-butanol;298.136;0.9945;0.998058524;0.998055191;L2;0.357181787
2865;Water;3-Methyl-1-butanol;298.136;0.994424953;0.998058524;0.998055191;L2;0.364728276
2865;Water;3-Methyl-1-butanol;298.136;0.994999697;0.998058524;0.998055191;L2;0.306948353
2865;Water;3-Methyl-1-butanol;298.15;0.99492538;0.998058263;0.998054909;L2;0.314391456
2865;Water;3-Methyl-1-butanol;298.15;0.99492538;0.998058263;0.998054909;L2;0.314391456
2865;Water;3-Methyl-1-butanol;298.19436;0.9943;0.998057433;0.998054015;L2;0.377185085
2865;Water;3-Methyl-1-butanol;298.2;0.9938;0.998057328;0.998053902;L2;0.427473798
2865;Water;3-Methyl-1-butanol;298.2;0.994893453;0.998057328;0.998053902;L2;0.317506814
2865;Water;3-Methyl-1-butanol;298.2;0.995444982;0.998057328;0.998053902;L2;0.262086187
2865;Water;3-Methyl-1-butanol;303.134;0.994576334;0.997963016;0.997954503;L2;0.339936615
2865;Water;3-Methyl-1-butanol;303.134;0.994586988;0.997963016;0.997954503;L2;0.338865411
2865;Water;3-Methyl-1-butanol;303.134;0.994806269;0.997963016;0.997954503;L2;0.316820398
2865;Water;3-Methyl-1-butanol;303.134;0.994723283;0.997963016;0.997954503;L2;0.325162672
2865;Water;3-Methyl-1-butanol;303.134;0.99498;0.997963016;0.997954503;L2;0.29935812
2865;Water;3-Methyl-1-butanol;303.15;0.994339592;0.997962704;0.997954181;L2;0.363711436
2865;Water;3-Methyl-1-butanol;303.15;0.995317913;0.997962704;0.997954181;L2;0.265370784
2865;Water;3-Methyl-1-butanol;303.15;0.993356469;0.997962704;0.997954181;L2;0.462632302
2865;Water;3-Methyl-1-butanol;303.15;0.993484885;0.997962704;0.997954181;L2;0.449705654
2865;Water;3-Methyl-1-butanol;303.15;0.995;0.997962704;0.997954181;L2;0.297316736
2865;Water;3-Methyl-1-butanol;303.23396;0.99464;0.997961063;0.997952489;L2;0.333339798
2865;Water;3-Methyl-1-butanol;303.342995;0.995233131;0.997958931;0.997950293;L2;0.273511174
2865;Water;3-Methyl-1-butanol;308.2;0.995804344;0.997861874;0.997852445;L2;0.206406727
2865;Water;3-Methyl-1-butanol;308.2;0.99508463;0.997861874;0.997852445;L2;0.278707497
2865;Water;3-Methyl-1-butanol;313.13;0.995423813;0.997759125;0.997753127;L2;0.234330058
2865;Water;3-Methyl-1-butanol;313.140055;0.99475;0.997758911;0.997752924;L2;0.302022597
2865;Water;3-Methyl-1-butanol;313.140055;0.995466149;0.997758911;0.997752924;L2;0.230055637
2865;Water;3-Methyl-1-butanol;313.15;0.995;0.9977587;0.997752724;L2;0.276872596
2865;Water;3-Methyl-1-butanol;313.15;0.993916254;0.9977587;0.997752724;L2;0.385851152
2865;Water;3-Methyl-1-butanol;313.15;0.993842104;0.9977587;0.997752724;L2;0.393311817
2865;Water;3-Methyl-1-butanol;313.15;0.994808396;0.9977587;0.997752724;L2;0.296131134
2865;Water;3-Methyl-1-butanol;313.15;0.995402639;0.9977587;0.997752724;L2;0.23641455
2865;Water;3-Methyl-1-butanol;313.2;0.995;0.997757635;0.997751716;L2;0.276765902
2865;Water;3-Methyl-1-butanol;318.2;0.996183769;0.997648872;0.997646002;L2;0.14696347
2865;Water;3-Methyl-1-butanol;318.2;0.995190719;0.997648872;0.997646002;L2;0.246698612
2865;Water;3-Methyl-1-butanol;322.62715;0.99473;0.997548677;0.997539717;L2;0.282960261
2865;Water;3-Methyl-1-butanol;323.037085;0.995783232;0.99753921;0.997529875;L2;0.176186109
2865;Water;3-Methyl-1-butanol;323.15;0.995529627;0.997536597;0.997527164;L2;0.201395285
2865;Water;3-Methyl-1-butanol;323.15;0.994229054;0.997536597;0.997527164;L2;0.33212201
2865;Water;3-Methyl-1-butanol;323.15;0.994059345;0.997536597;0.997527164;L2;0.349192874
2865;Water;3-Methyl-1-butanol;332.93441;0.995444982;0.997300635;0.997292265;L2;0.186240888
2865;Water;3-Methyl-1-butanol;333.13437;0.99543;0.997295612;0.997287465;L2;0.187242307
2865;Water;3-Methyl-1-butanol;333.15;0.994024204;0.997295219;0.99728709;L2;0.328527719
2865;Water;3-Methyl-1-butanol;333.15;0.994162342;0.997295219;0.99728709;L2;0.314631839
2865;Water;3-Methyl-1-butanol;343.132055;0.995614217;0.997033785;0.997024293;L2;0.142480537
2865;Water;3-Methyl-1-butanol;343.15;0.994059345;0.997033295;0.997023782;L2;0.298725682
2865;Water;3-Methyl-1-butanol;353.129055;0.995423813;0.99675007;0.996739677;L2;0.133146761
2865;Water;3-Methyl-1-butanol;353.15;0.993484885;0.996749452;0.996739081;L2;0.328058836
2865;Water;3-Methyl-1-butanol;363.12637;0.995275528;0.996442958;0.996433701;L2;0.11722844
2865;Water;3-Methyl-1-butanol;368.06;0.995;0.996282293;0.996268026;L2;0.128790718
2865;Water;3-Methyl-1-butanol;371.15;0.992788161;0.996178476;0.996164262;L2;0.340912565
2883;Water;1-Hexanol;273.15;0.2089;0.291869864;0.292477117;L1;33.44523634
2883;Water;1-Hexanol;273.15;0.282791361;0.291869864;0.292477117;L1;3.159864647
2883;Water;1-Hexanol;278.1492701;0.3367;0.288624615;0.288672173;L1;15.40653925
2883;Water;1-Hexanol;283.144;0.228;0.2857138;0.286179623;L1;22.564498
2883;Water;1-Hexanol;283.148055;0.3319;0.285711566;0.286177672;L1;14.9850928
2883;Water;1-Hexanol;283.15;0.2795;0.285710494;0.286176737;L1;2.197674835
2883;Water;1-Hexanol;283.15;0.2809;0.285710494;0.286176737;L1;1.698030684
2883;Water;1-Hexanol;283.347995;0.289418333;0.285601681;0.286081507;L1;1.327504374
2883;Water;1-Hexanol;283.38;0.2941;0.285584138;0.286066114;L1;2.938315604
2883;Water;1-Hexanol;285.147455;0.303;0.284635042;0.285216022;L1;6.252499943
2883;Water;1-Hexanol;288.146555;0.303;0.283111581;0.283773547;L1;6.789170699
2883;Water;1-Hexanol;288.15;0.328;0.283109893;0.28377189;L1;14.71784727
2883;Water;1-Hexanol;293.09538;0.293;0.280828333;0.281393314;L1;4.242904265
2883;Water;1-Hexanol;293.138;0.2476;0.280809879;0.281372815;L1;12.58633111
2883;Water;1-Hexanol;293.138;0.26;0.280809879;0.281372815;L1;7.699622089
2883;Water;1-Hexanol;293.14537;0.3329;0.28080669;0.28136927;L1;17.01756494
2883;Water;1-Hexanol;293.14537;0.293349437;0.28080669;0.28136927;L1;4.369802095
2883;Water;1-Hexanol;293.14537;0.309;0.28080669;0.28136927;L1;9.567478169
2883;Water;1-Hexanol;293.35;0.3016;0.280718385;0.28127085;L1;7.174965891
2883;Water;1-Hexanol;294.09518;0.276;0.280400749;0.280912441;L1;1.581896142
2883;Water;1-Hexanol;294.14517;0.276;0.280379661;0.280888397;L1;1.574375064
2883;Water;1-Hexanol;296.14477;0.283;0.27955856;0.279926651;L1;1.223510981
2883;Water;1-Hexanol;298.136;0.30558034;0.278783748;0.27896893;L1;9.177633678
2883;Water;1-Hexanol;298.136;0.33;0.278783748;0.27896893;L1;16.86562685
2883;Water;1-Hexanol;298.136;0.31;0.278783748;0.27896893;L1;10.61359115
2883;Water;1-Hexanol;298.136;0.288;0.278783748;0.27896893;L1;3.252409415
2883;Water;1-Hexanol;298.14437;0.311;0.27878058;0.278964905;L1;10.93678897
2883;Water;1-Hexanol;298.14437;0.316561631;0.27878058;0.278964905;L1;12.70929268
2883;Water;1-Hexanol;298.14437;0.304;0.27878058;0.278964905;L1;8.660267888
2883;Water;1-Hexanol;298.15;0.328187485;0.27877845;0.278962197;L1;16.31676653
2883;Water;1-Hexanol;298.15;0.3237;0.27877845;0.278962197;L1;14.93997805
2883;Water;1-Hexanol;298.19436;0.306232287;0.278761675;0.278940861;L1;9.398671527
2883;Water;1-Hexanol;298.2;0.302073363;0.278759544;0.278938148;L1;8.032035069
2883;Water;1-Hexanol;298.2;0.337509024;0.278759544;0.278938148;L1;19.12426867
2883;Water;1-Hexanol;298.3;0.28345833;0.278721811;0.278890051;L1;1.685093627
2883;Water;1-Hexanol;298.3;0.282123436;0.278721811;0.278890051;L1;1.213049951
2883;Water;1-Hexanol;298.36;0.3039;0.278699222;0.278861193;L1;8.656555684
2883;Water;1-Hexanol;302.843145;0.296923698;0.277116792;0.2773846;L1;6.903614706
2883;Water;1-Hexanol;303.09307;0.299;0.277034592;0.277320312;L1;7.630119343
2883;Water;1-Hexanol;303.134;0.299183815;0.27702119;0.277309783;L1;7.696414936
2883;Water;1-Hexanol;303.134;0.2674;0.27702119;0.277309783;L1;3.534833635
2883;Water;1-Hexanol;303.134;0.29;0.27702119;0.277309783;L1;4.578692196
2883;Water;1-Hexanol;303.143055;0.313;0.277018227;0.277307454;L1;12.21198846
2883;Water;1-Hexanol;303.15;0.3047;0.277015955;0.277305668;L1;9.525258107
2883;Water;1-Hexanol;308;0.3656;0.275544987;0.276058101;L1;28.27889309
2883;Water;1-Hexanol;308.141555;0.317;0.27550546;0.276021689;L1;14.02943277
2883;Water;1-Hexanol;308.15;0.3961;0.275503108;0.276019516;L1;36.30677961
2883;Water;1-Hexanol;308.15;0.3052;0.275503108;0.276019516;L1;10.23683909
2883;Water;1-Hexanol;312.940115;0.312201126;0.274275864;0.274787354;L1;12.95132127
2883;Water;1-Hexanol;313.09007;0.302;0.274240831;0.274748781;L1;9.642035069
2883;Water;1-Hexanol;313.13;0.2894;0.274231537;0.27473851;L1;5.383703768
2883;Water;1-Hexanol;313.140055;0.299;0.274229199;0.274735923;L1;8.64793229
2883;Water;1-Hexanol;313.140055;0.3385;0.274229199;0.274735923;L1;21.05598419
2883;Water;1-Hexanol;313.140055;0.309;0.274229199;0.274735923;L1;11.93770264
2883;Water;1-Hexanol;313.140055;0.305;0.274229199;0.274735923;L1;10.63475261
2883;Water;1-Hexanol;313.15;0.3142;0.274226888;0.274733365;L1;13.60739049
2883;Water;1-Hexanol;313.2;0.306532112;0.274215279;0.274720503;L1;11.14090319
2883;Water;1-Hexanol;313.26;0.3208;0.274201378;0.27470507;L1;15.69550818
2883;Water;1-Hexanol;318;0.3375;0.273203673;0.273485798;L1;21.13479378
2883;Water;1-Hexanol;321.7;0.267872292;0.272558895;0.272580347;L1;1.734437358
2883;Water;1-Hexanol;322;0.277420995;0.272511619;0.272557353;L1;1.785493843
2883;Water;1-Hexanol;323.127;0.3102;0.272340612;0.272470969;L1;13.01637179
2883;Water;1-Hexanol;323.137055;0.317490544;0.272339133;0.272470199;L1;15.33999332
2883;Water;1-Hexanol;323.15;0.3175;0.27233723;0.272469206;L1;15.34367037
2883;Water;1-Hexanol;323.15;0.3268;0.27233723;0.272469206;L1;18.23072483
2883;Water;1-Hexanol;323.15;0.3252;0.27233723;0.272469206;L1;17.7399263
2883;Water;1-Hexanol;333.02;0.3424;0.271270888;0.271712682;L1;23.28617377
2883;Water;1-Hexanol;333.124;0.3312;0.271263617;0.27170471;L1;19.9631318
2883;Water;1-Hexanol;333.13437;0.3564;0.271262896;0.271703915;L1;27.29652473
2883;Water;1-Hexanol;333.13437;0.362;0.271262896;0.271703915;L1;28.85557636
2883;Water;1-Hexanol;333.13437;0.333589982;0.271262896;0.271703915;L1;20.68241918
2883;Water;1-Hexanol;343.124;0.3536;0.270928511;0.270938221;L1;26.63113414
2883;Water;1-Hexanol;343.431965;0.350558421;0.270929292;0.270942616;L1;25.76695004
2883;Water;1-Hexanol;353.123;0.3772;0.271274793;0.271645765;L1;32.96432465
2883;Water;1-Hexanol;353.129055;0.375;0.271275199;0.271646205;L1;32.37922276
2883;Water;1-Hexanol;353.15;0.3769;0.271276602;0.271647724;L1;32.88409269
2883;Water;1-Hexanol;353.428965;0.364670023;0.271295562;0.271667965;L1;29.57840383
2883;Water;1-Hexanol;363.123;0.3982;0.272251277;0.272371332;L1;38.02289398
2883;Water;1-Hexanol;363.42631;0.374276812;0.272290268;0.272393339;L1;31.81270048
2883;Water;1-Hexanol;373.124;0.4194;0.273815077;0.274116478;L1;42.63721401
2883;Water;1-Hexanol;383.126;0.4418;0.275930261;0.276111324;L1;47.07091348
2883;Water;1-Hexanol;393.127;0.4652;0.278566235;0.278801538;L1;51.28115603
2883;Water;1-Hexanol;403.13;0.4902;0.281698758;0.281910324;L1;55.39752063
2883;Water;1-Hexanol;413.132;0.5164;0.285306169;0.285481213;L1;59.33187795
2883;Water;1-Hexanol;423.134;0.546;0.289371658;0.289595004;L1;63.49070994
2883;Water;1-Hexanol;433.138;0.5763;0.293882237;0.294004258;L1;67.34492249
2883;Water;1-Hexanol;443.141;0.6083;0.298825393;0.299049055;L1;71.08087484
2883;Water;1-Hexanol;453.145;0.6466;0.304193224;0.30427132;L1;75.40647613
2883;Water;1-Hexanol;463.149;0.6901;0.309978381;0.310196823;L1;80.03339597
2883;Water;1-Hexanol;473.153;0.7398;0.31617573;0.316222762;L1;85.00817139
2883;Water;1-Hexanol;483.157;0.7992;0.322781639;0.322992029;L1;90.66351718
2883;Water;1-Hexanol;493.161;0.8755;0.329793784;0.329823313;L1;97.63275884
2883;Water;1-Hexanol;273.15;0.9986;0.999587895;0.999585979;L2;0.098879134
2883;Water;1-Hexanol;273.15;0.998286751;0.999587895;0.999585979;L2;0.130252871
2883;Water;1-Hexanol;273.15;0.998615876;0.999587895;0.999585979;L2;0.097289321
2883;Water;1-Hexanol;278.1492701;0.99899;0.999563382;0.999563452;L2;0.05737969
2883;Water;1-Hexanol;278.6591956;0.998602;0.999560805;0.999560935;L2;0.095968667
2883;Water;1-Hexanol;279.999;0.998642;0.999553966;0.999553336;L2;0.091278932
2883;Water;1-Hexanol;281.828451;0.998692;0.999544465;0.99954296;L2;0.085321764
2883;Water;1-Hexanol;283.144;0.9988;0.999537516;0.999535498;L2;0.073812996
2883;Water;1-Hexanol;283.144;0.998812156;0.999537516;0.999535498;L2;0.072595943
2883;Water;1-Hexanol;283.148055;0.99906;0.999537495;0.999535475;L2;0.047782988
2883;Water;1-Hexanol;283.15;0.999;0.999537484;0.999535464;L2;0.053787779
2883;Water;1-Hexanol;283.15;0.9987;0.999537484;0.999535464;L2;0.083822319
2883;Water;1-Hexanol;283.347995;0.998653375;0.99953643;0.999534341;L2;0.088385503
2883;Water;1-Hexanol;283.38;0.9987;0.999536259;0.99953416;L2;0.083699751
2883;Water;1-Hexanol;284.147755;0.998748;0.999532148;0.999529805;L2;0.07848228
2883;Water;1-Hexanol;286.087173;0.998791;0.99952161;0.999518806;L2;0.073122711
2883;Water;1-Hexanol;287.826651;0.998821;0.999511972;0.99950894;L2;0.069154808
2883;Water;1-Hexanol;288.146555;0.998803527;0.99951018;0.999507125;L2;0.070724892
2883;Water;1-Hexanol;288.15;0.9974;0.99951016;0.999507106;L2;0.21134261
2883;Water;1-Hexanol;290.185962;0.998861;0.999498611;0.999495559;L2;0.063813486
2883;Water;1-Hexanol;293.138;0.9989;0.999481421;0.999478815;L2;0.058189168
2883;Water;1-Hexanol;293.138;0.998883442;0.999481421;0.999478815;L2;0.059846805
2883;Water;1-Hexanol;293.138;0.99875;0.999481421;0.999478815;L2;0.073206814
2883;Water;1-Hexanol;293.138;0.998954681;0.999481421;0.999478815;L2;0.052715196
2883;Water;1-Hexanol;293.138;0.9991;0.999481421;0.999478815;L2;0.038169148
2883;Water;1-Hexanol;293.14537;0.998819287;0.999481377;0.999478774;L2;0.066265322
2883;Water;1-Hexanol;293.14537;0.99915;0.999481377;0.999478774;L2;0.033160408
2883;Water;1-Hexanol;293.15;0.998919068;0.99948135;0.999478747;L2;0.056273186
2883;Water;1-Hexanol;293.35;0.9989;0.999480166;0.999477613;L2;0.058063591
2883;Water;1-Hexanol;293.855228;0.998915;0.999477163;0.999474748;L2;0.05626156
2883;Water;1-Hexanol;294.09518;0.999;0.999475732;0.999473387;L2;0.047609468
2883;Water;1-Hexanol;296.134772;0.99894;0.999463419;0.999461819;L2;0.052383725
2883;Water;1-Hexanol;298.136;0.998894131;0.999451083;0.999450468;L2;0.055741272
2883;Water;1-Hexanol;298.136;0.99894;0.999451083;0.999450468;L2;0.0511494
2883;Water;1-Hexanol;298.136;0.9989;0.999451083;0.999450468;L2;0.055153724
2883;Water;1-Hexanol;298.136;0.999646795;0.999451083;0.999450468;L2;0.019580081
2883;Water;1-Hexanol;298.136;0.9991;0.999451083;0.999450468;L2;0.035133704
2883;Water;1-Hexanol;298.14437;0.999249298;0.99945103;0.999450421;L2;0.020186356
2883;Water;1-Hexanol;298.14437;0.998365547;0.99945103;0.999450421;L2;0.108666981
2883;Water;1-Hexanol;298.14437;0.998662424;0.99945103;0.999450421;L2;0.078935099
2883;Water;1-Hexanol;298.14437;0.998781149;0.99945103;0.999450421;L2;0.067047404
2883;Water;1-Hexanol;298.15;0.9988;0.999450995;0.999450389;L2;0.065156513
2883;Water;1-Hexanol;298.15;0.998726647;0.999450995;0.999450389;L2;0.072500895
2883;Water;1-Hexanol;298.15;0.998726647;0.999450995;0.999450389;L2;0.072500895
2883;Water;1-Hexanol;298.15;0.999025873;0.999450995;0.999450389;L2;0.042544632
2883;Water;1-Hexanol;298.154368;0.998966;0.999450968;0.999450364;L2;0.048535227
2883;Water;1-Hexanol;298.2;0.998919068;0.999450684;0.999450105;L2;0.053204946
2883;Water;1-Hexanol;298.3;0.998972483;0.99945006;0.999449538;L2;0.047795419
2883;Water;1-Hexanol;298.36;0.9989;0.999449686;0.999449198;L2;0.055013972
2883;Water;1-Hexanol;300.133958;0.998979;0.99943851;0.999438662;L2;0.045987377
2883;Water;1-Hexanol;302.083373;0.99899;0.999425992;0.999424788;L2;0.043633782
2883;Water;1-Hexanol;302.843145;0.999011638;0.999421046;0.99941938;L2;0.040972885
2883;Water;1-Hexanol;303.09307;0.999;0.99941941;0.999417602;L2;0.041974198
2883;Water;1-Hexanol;303.134;0.998847805;0.999419142;0.99941731;L2;0.057183253
2883;Water;1-Hexanol;303.134;0.9993;0.999419142;0.99941731;L2;0.011921836
2883;Water;1-Hexanol;303.134;0.999034768;0.999419142;0.99941731;L2;0.038467138
2883;Water;1-Hexanol;303.134;0.999;0.999419142;0.99941731;L2;0.041947358
2883;Water;1-Hexanol;303.134;0.99897;0.999419142;0.99941731;L2;0.044950406
2883;Water;1-Hexanol;303.15;0.999;0.999419037;0.999417196;L2;0.041936863
2883;Water;1-Hexanol;304.062779;0.999001;0.999413025;0.9994107;L2;0.041235204
2883;Water;1-Hexanol;306.232128;0.999015;0.999398512;0.999395261;L2;0.0383816
2883;Water;1-Hexanol;308;0.9991;0.999386447;0.999382679;L2;0.028666391
2883;Water;1-Hexanol;308.15;0.9989;0.999385413;0.999381611;L2;0.048582993
2883;Water;1-Hexanol;308.15;0.9977;0.999385413;0.999381611;L2;0.168787355
2883;Water;1-Hexanol;312.940115;0.999089905;0.99935158;0.99934752;L2;0.026187899
2883;Water;1-Hexanol;313.09007;0.999;0.999350495;0.999346452;L2;0.035078382
2883;Water;1-Hexanol;313.13;0.999;0.999350205;0.999346168;L2;0.035049433
2883;Water;1-Hexanol;313.13;0.999079235;0.999350205;0.999346168;L2;0.027118316
2883;Water;1-Hexanol;313.140055;0.9992;0.999350132;0.999346097;L2;0.015024125
2883;Water;1-Hexanol;313.140055;0.99899;0.999350132;0.999346097;L2;0.036043148
2883;Water;1-Hexanol;313.15;0.999;0.99935006;0.999346026;L2;0.035034929
2883;Water;1-Hexanol;313.2;0.999043663;0.999349698;0.99934567;L2;0.030628082
2883;Water;1-Hexanol;313.26;0.999;0.999349263;0.999345243;L2;0.034955106
2883;Water;1-Hexanol;318;0.9991;0.999314053;0.999311508;L2;0.02142226
2883;Water;1-Hexanol;321.7;0.999008079;0.999285408;0.999284765;L2;0.027756623
2883;Water;1-Hexanol;322;0.998919068;0.99928304;0.999282151;L2;0.036429982
2883;Water;1-Hexanol;323.127;0.9991;0.999274082;0.999272329;L2;0.017422412
2883;Water;1-Hexanol;323.127;0.999088127;0.999274082;0.999272329;L2;0.018610788
2883;Water;1-Hexanol;323.137055;0.999120129;0.999274002;0.999272241;L2;0.015399677
2883;Water;1-Hexanol;323.15;0.9993;0.999273899;0.999272128;L2;0.002611998
2883;Water;1-Hexanol;323.15;0.9991;0.999273899;0.999272128;L2;0.017404015
2883;Water;1-Hexanol;323.15;0.9991;0.999273899;0.999272128;L2;0.017404015
2883;Water;1-Hexanol;333.02;0.9989;0.999191138;0.999186108;L2;0.029141584
2883;Water;1-Hexanol;333.124;0.999061451;0.999190223;0.999185202;L2;0.012888515
2883;Water;1-Hexanol;333.124;0.9991;0.999190223;0.999185202;L2;0.009030068
2883;Water;1-Hexanol;333.13437;0.99886;0.999190132;0.999185111;L2;0.033045445
2883;Water;1-Hexanol;333.13437;0.999082792;0.999190132;0.999185111;L2;0.010743305
2883;Water;1-Hexanol;333.13437;0.9991;0.999190132;0.999185111;L2;0.00902094
2883;Water;1-Hexanol;343.124;0.999;0.999098003;0.999098048;L2;0.009809592
2883;Water;1-Hexanol;343.124;0.998999181;0.999098003;0.999098048;L2;0.009891574
2883;Water;1-Hexanol;343.431965;0.998977823;0.999095023;0.99909499;L2;0.011731349
2883;Water;1-Hexanol;353.123;0.998901256;0.998996814;0.998991181;L2;0.009565899
2883;Water;1-Hexanol;353.123;0.9989;0.998996814;0.998991181;L2;0.009691637
2883;Water;1-Hexanol;353.129055;0.9988;0.99899675;0.998991116;L2;0.019696731
2883;Water;1-Hexanol;353.15;0.9988;0.998996528;0.998990892;L2;0.019674523
2883;Water;1-Hexanol;353.428965;0.99889235;0.998993569;0.998987904;L2;0.010132652
2883;Water;1-Hexanol;363.123;0.998794327;0.998885953;0.998884063;L2;0.00917319
2883;Water;1-Hexanol;363.123;0.9988;0.998885953;0.998884063;L2;0.008605207
2883;Water;1-Hexanol;363.42631;0.998869189;0.998882431;0.998880814;L2;0.00132572
2883;Water;1-Hexanol;373.124;0.9986;0.998764678;0.998758282;L2;0.016489483
2883;Water;1-Hexanol;373.124;0.998606946;0.998764678;0.998758282;L2;0.015793912
2883;Water;1-Hexanol;383.126;0.9984;0.998632196;0.998627924;L2;0.023254102
2883;Water;1-Hexanol;383.126;0.998419238;0.998632196;0.998627924;L2;0.021327238
2883;Water;1-Hexanol;393.127;0.9981;0.998487685;0.998480899;L2;0.038834789
2883;Water;1-Hexanol;403.13;0.9979;0.998330188;0.998323819;L2;0.043100045
2883;Water;1-Hexanol;413.132;0.9976;0.998158768;0.998152522;L2;0.05599559
2883;Water;1-Hexanol;423.134;0.9973;0.997972356;0.997964514;L2;0.067394894
2883;Water;1-Hexanol;433.138;0.9963;0.997769771;0.997764914;L2;0.147414241
2883;Water;1-Hexanol;443.141;0.995;0.997549847;0.997540397;L2;0.255938206
2883;Water;1-Hexanol;453.145;0.9934;0.997311215;0.997307503;L2;0.392947039
2883;Water;1-Hexanol;463.149;0.991;0.997052468;0.997041415;L2;0.608886002
2883;Water;1-Hexanol;473.153;0.9872;0.996772057;0.996769601;L2;0.964946175
2883;Water;1-Hexanol;483.157;0.9811;0.996468306;0.996455412;L2;1.554294218
2883;Water;1-Hexanol;493.161;0.9658;0.996139393;0.996137111;L2;3.093042729
2887;Water;2-Methylpropanoic acid;283.09807;0.6401;0.590361447;0.590647911;L1;8.088944201
2887;Water;2-Methylpropanoic acid;288.146555;0.6958;0.588970226;0.589237058;L1;16.66866302
2887;Water;2-Methylpropanoic acid;290.84;0.7304;0.588445825;0.588484346;L1;21.61074624
2887;Water;2-Methylpropanoic acid;293.14537;0.7482;0.588111632;0.588283934;L1;24.07535412
2887;Water;2-Methylpropanoic acid;294.007652;0.76581;0.588013044;0.588237456;L1;26.41849665
2887;Water;2-Methylpropanoic acid;294.3;0.7658;0.587982831;0.588221698;L1;26.42232901
2887;Water;2-Methylpropanoic acid;295.14497;0.7699;0.587904571;0.588176153;L1;26.96959954
2887;Water;2-Methylpropanoic acid;296.14477;0.7826;0.587829198;0.588122262;L1;28.61852831
2887;Water;2-Methylpropanoic acid;296.59;0.794;0.58780158;0.588098263;L1;30.06940185
2887;Water;2-Methylpropanoic acid;298.01;0.8164;0.587737673;0.588021723;L1;32.86237164
2887;Water;2-Methylpropanoic acid;298.14437;0.812;0.587733516;0.588014481;L1;32.32266995
2887;Water;2-Methylpropanoic acid;298.275944;0.8358;0.587729759;0.588007389;L1;35.21221013
2887;Water;2-Methylpropanoic acid;299.074184;0.8447;0.587713601;0.587964362;L1;36.27417779
2887;Water;2-Methylpropanoic acid;299.09;0.8436;0.587713396;0.58796351;L1;36.14390414
2887;Water;2-Methylpropanoic acid;299.374124;0.8468;0.587710459;0.587948195;L1;36.52301285
2887;Water;2-Methylpropanoic acid;299.42;0.8626;0.587710119;0.587945722;L1;38.37172523
2887;Water;2-Methylpropanoic acid;299.54409;0.8516;0.587709385;0.587939034;L1;37.08843499
2887;Water;2-Methylpropanoic acid;299.614076;0.8612;0.587709091;0.587935261;L1;38.20946828
2887;Water;2-Methylpropanoic acid;299.684062;0.8655;0.587708883;0.587931489;L1;38.70756455
2887;Water;2-Methylpropanoic acid;299.714056;0.8716;0.587708821;0.587929872;L1;39.40989806
2887;Water;2-Methylpropanoic acid;283.09807;0.959;0.96934349;0.96930965;L2;1.072795336
2887;Water;2-Methylpropanoic acid;288.146555;0.9551;0.968969259;0.968937459;L2;1.441683947
2887;Water;2-Methylpropanoic acid;290.749434;0.9514;0.968751082;0.968745566;L2;1.807311407
2887;Water;2-Methylpropanoic acid;291.41;0.9517;0.96869305;0.968690352;L2;1.769793247
2887;Water;2-Methylpropanoic acid;293.14537;0.948;0.968535511;0.968513769;L2;2.143064573
2887;Water;2-Methylpropanoic acid;293.36;0.948;0.968515519;0.968491929;L2;2.141000394
2887;Water;2-Methylpropanoic acid;295.14497;0.9438;0.968344957;0.968310298;L2;2.56741047
2887;Water;2-Methylpropanoic acid;295.45;0.9435;0.968315046;0.96827926;L2;2.596113025
2887;Water;2-Methylpropanoic acid;296.1368;0.93856;0.968246887;0.968209374;L2;3.114031791
2887;Water;2-Methylpropanoic acid;296.14477;0.9407;0.96824609;0.968208563;L2;2.886200102
2887;Water;2-Methylpropanoic acid;296.95;0.9373;0.968164737;0.968126626;L2;3.239885384
2887;Water;2-Methylpropanoic acid;298.14437;0.9305;0.968041245;0.968005093;L2;3.955261903
2887;Water;2-Methylpropanoic acid;298.67;0.9247;0.967985833;0.967951607;L2;4.574809165
2887;Water;2-Methylpropanoic acid;298.875704;0.9073;0.967963971;0.967930675;L2;6.47217107
2887;Water;2-Methylpropanoic acid;298.905692;0.87559;0.967960776;0.967927624;L2;10.02936214
2887;Water;2-Methylpropanoic acid;298.93568;0.89564;0.967957579;0.967924573;L2;7.764971636
2887;Water;2-Methylpropanoic acid;298.93568;0.8861;0.967957579;0.967924573;L2;8.835845183
2887;Water;2-Methylpropanoic acid;298.93568;0.8861;0.967957579;0.967924573;L2;8.835845183
2887;Water;2-Methylpropanoic acid;299.124174;0.9264;0.967937432;0.967905392;L2;4.386134235
2887;Water;2-Methylpropanoic acid;299.1321724;0.89;0.967936576;0.967904578;L2;8.394510134
2887;Water;2-Methylpropanoic acid;299.1321724;0.89;0.967936576;0.967904578;L2;8.394510134
2887;Water;2-Methylpropanoic acid;299.214156;0.9249;0.967927786;0.967896236;L2;4.547185923
2887;Water;2-Methylpropanoic acid;299.2301528;0.886;0.967926069;0.967894608;L2;8.843875832
2887;Water;2-Methylpropanoic acid;299.2301528;0.886;0.967926069;0.967894608;L2;8.843875832
2887;Water;2-Methylpropanoic acid;299.24415;0.905;0.967924566;0.967893184;L2;6.721921259
2887;Water;2-Methylpropanoic acid;299.24415;0.905;0.967924566;0.967893184;L2;6.721921259
2887;Water;2-Methylpropanoic acid;299.264146;0.885;0.967922418;0.967891149;L2;8.95642924
2887;Water;2-Methylpropanoic acid;299.264146;0.885;0.967922418;0.967891149;L2;8.95642924
2887;Water;2-Methylpropanoic acid;299.33;0.9122;0.967915339;0.967884448;L2;5.928535919
2887;Water;2-Methylpropanoic acid;299.54409;0.9174;0.967892252;0.967862663;L2;5.35771894
2887;Water;2-Methylpropanoic acid;299.58;0.8976;0.96788837;0.967859009;L2;7.539222514
2887;Water;2-Methylpropanoic acid;299.59;0.8805;0.967887288;0.967857992;L2;9.462571428
2887;Water;2-Methylpropanoic acid;299.64407;0.889;0.967881434;0.96785249;L2;8.50123591
2887;Water;2-Methylpropanoic acid;299.64407;0.889;0.967881434;0.96785249;L2;8.50123591
2887;Water;2-Methylpropanoic acid;299.714056;0.9127;0.967873848;0.967845368;L2;5.869451729
2887;Water;2-Methylpropanoic acid;299.764046;0.9008;0.967868422;0.967840282;L2;7.181289336
2887;Water;2-Methylpropanoic acid;299.804038;0.8855;0.967864077;0.967836212;L2;8.893920431
2887;Water;2-Methylpropanoic acid;299.814036;0.8939;0.967862991;0.967835195;L2;7.949662653
2913;Water;1-Heptanol;273.15;0.2074;0.238602593;0.238795238;L1;14.01500817
2913;Water;1-Heptanol;273.15;0.271419661;0.238602593;0.238795238;L1;12.88668101
2913;Water;1-Heptanol;278.1492701;0.3036;0.235804789;0.236431018;L1;25.27067469
2913;Water;1-Heptanol;278.15;0.3338;0.235804404;0.236430672;L1;34.75393473
2913;Water;1-Heptanol;282.848145;0.299634449;0.233456451;0.234208858;L1;24.9567673
2913;Water;1-Heptanol;283.144;0.2247;0.233317311;0.234068944;L1;3.76331994
2913;Water;1-Heptanol;283.148055;0.2989;0.233315411;0.234067027;L1;24.77178343
2913;Water;1-Heptanol;285.147455;0.282;0.232401424;0.233121484;L1;19.34409202
2913;Water;1-Heptanol;288.146555;0.282;0.231114164;0.23170317;L1;19.89952654
2913;Water;1-Heptanol;292.84543;0.314142588;0.229290973;0.229481011;L1;31.4855164
2913;Water;1-Heptanol;293.138;0.2433;0.229185006;0.22934265;L1;5.976568721
2913;Water;1-Heptanol;293.14537;0.2993;0.229182348;0.229339165;L1;26.69284508
2913;Water;1-Heptanol;293.14537;0.285;0.229182348;0.229339165;L1;21.79712162
2913;Water;1-Heptanol;293.15;0.3083;0.229180678;0.229336975;L1;29.65626561
2913;Water;1-Heptanol;298.136;0.267;0.227505792;0.227824521;L1;16.00729589
2913;Water;1-Heptanol;298.14437;0.286;0.227503183;0.22782249;L1;22.88275793
2913;Water;1-Heptanol;298.14437;0.284;0.227503183;0.22782249;L1;22.18100067
2913;Water;1-Heptanol;298.15;0.309594285;0.227501429;0.227821124;L1;30.8106163
2913;Water;1-Heptanol;298.2;0.242568816;0.22748586;0.227808995;L1;6.419736538
2913;Water;1-Heptanol;298.2;0.242568816;0.22748586;0.227808995;L1;6.419736538
2913;Water;1-Heptanol;303.043085;0.282769595;0.226088024;0.226634137;L1;22.37080061
2913;Water;1-Heptanol;303.134;0.2613;0.226063828;0.226612083;L1;14.48517899
2913;Water;1-Heptanol;303.134;0.27;0.226063828;0.226612083;L1;17.76045764
2913;Water;1-Heptanol;303.143055;0.288;0.226061422;0.226609886;L1;24.21537399
2913;Water;1-Heptanol;303.15;0.3035;0.226059577;0.226608202;L1;29.45830306
2913;Water;1-Heptanol;308.141555;0.292;0.224842931;0.225397327;L1;26.13517296
2913;Water;1-Heptanol;308.15;0.285748693;0.224841054;0.225395279;L1;23.97190049
2913;Water;1-Heptanol;308.15;0.295296108;0.224841054;0.225395279;L1;27.2584885
2913;Water;1-Heptanol;308.2;0.251453928;0.224829952;0.225383149;L1;11.19154374
2913;Water;1-Heptanol;313.13;0.2823;0.223836652;0.224187207;L1;23.2053783
2913;Water;1-Heptanol;313.140055;0.3043;0.223834827;0.224184768;L1;30.71056567
2913;Water;1-Heptanol;313.140055;0.293;0.223834827;0.224184768;L1;26.92642088
2913;Water;1-Heptanol;313.140055;0.288;0.223834827;0.224184768;L1;25.20520799
2913;Water;1-Heptanol;313.15;0.2995;0.223833023;0.224182356;L1;29.12140766
2913;Water;1-Heptanol;313.240025;0.28686078;0.223816729;0.224160517;L1;24.81694687
2913;Water;1-Heptanol;318.15;0.304998138;0.223023786;0.223067012;L1;31.30272416
2913;Water;1-Heptanol;318.2;0.258599707;0.223016661;0.223063744;L1;14.80348523
2913;Water;1-Heptanol;323.127;0.3023;0.222405125;0.222741705;L1;30.69192944
2913;Water;1-Heptanol;333.124;0.325;0.221687912;0.222088281;L1;38.25545935
2913;Water;1-Heptanol;333.13437;0.3093;0.221687514;0.222087603;L1;33.30428845
2913;Water;1-Heptanol;333.23435;0.311699401;0.221683716;0.222081068;L1;34.07876017
2913;Water;1-Heptanol;343.124;0.3465;0.221617389;0.221748976;L1;44.69303983
2913;Water;1-Heptanol;343.132055;0.317954335;0.221617577;0.221749588;L1;36.09545022
2913;Water;1-Heptanol;353.123;0.3701;0.222137645;0.222508818;L1;51.04760292
2913;Water;1-Heptanol;353.129055;0.3211;0.222138129;0.222509278;L1;36.84532112
2913;Water;1-Heptanol;353.129055;0.332539473;0.222138129;0.222509278;L1;40.34591789
2913;Water;1-Heptanol;363.123;0.3924;0.223202294;0.223268737;L1;56.42032196
2913;Water;1-Heptanol;363.62627;0.422324057;0.223269536;0.223306982;L1;63.73932046
2913;Water;1-Heptanol;373.124;0.4132;0.224773031;0.225073106;L1;60.88405936
2913;Water;1-Heptanol;383.126;0.4371;0.226818246;0.227009642;L1;65.60129838
2913;Water;1-Heptanol;393.127;0.4595;0.229311374;0.229517144;L1;69.50581482
2913;Water;1-Heptanol;403.13;0.4829;0.232231776;0.232475292;L1;73.20736865
2913;Water;1-Heptanol;413.132;0.5069;0.235561144;0.235658493;L1;76.63432326
2913;Water;1-Heptanol;423.134;0.5303;0.239285598;0.239536809;L1;79.57850767
2913;Water;1-Heptanol;433.138;0.555;0.243394674;0.243415901;L1;82.42838163
2913;Water;1-Heptanol;443.141;0.5802;0.247878275;0.248108161;L1;85.04350713
2913;Water;1-Heptanol;453.145;0.6059;0.252730426;0.252842359;L1;87.43915436
2913;Water;1-Heptanol;463.149;0.6329;0.257945576;0.258135487;L1;89.75638139
2913;Water;1-Heptanol;473.153;0.6608;0.263520102;0.26368498;L1;91.93215689
2913;Water;1-Heptanol;483.157;0.6916;0.269451667;0.269591721;L1;94.26187211
2913;Water;1-Heptanol;493.161;0.7269;0.275739039;0.27593061;L1;96.93340077
2913;Water;1-Heptanol;503.164;0.7666;0.282381248;0.282468096;L1;99.87070532
2913;Water;1-Heptanol;513.168;0.8206;0.289380133;0.289580889;L1;104.2294618
2913;Water;1-Heptanol;518.1695;0.8627;0.293013071;0.29313693;L1;107.9849789
2913;Water;1-Heptanol;273.15;0.99947;0.999894673;0.999894376;L2;0.042480795
2913;Water;1-Heptanol;273.15;0.9996334;0.999894673;0.999894376;L2;0.026133467
2913;Water;1-Heptanol;278.1492701;0.999766;0.999886759;0.99988561;L2;0.01207804
2913;Water;1-Heptanol;278.15;0.9995;0.999886758;0.999885608;L2;0.038687686
2913;Water;1-Heptanol;279.1491241;0.999658;0.999885113;0.999883856;L2;0.022716495
2913;Water;1-Heptanol;283.144;0.99954;0.999878316;0.999876851;L2;0.033841454
2913;Water;1-Heptanol;283.148055;0.999766;0.999878309;0.999876844;L2;0.011232901
2913;Water;1-Heptanol;283.347995;0.999687;0.999877959;0.999876494;L2;0.019100101
2913;Water;1-Heptanol;283.647905;0.999606936;0.999877433;0.999875968;L2;0.027056718
2913;Water;1-Heptanol;283.687893;0.99969;0.999877363;0.999875898;L2;0.018740367
2913;Water;1-Heptanol;288.146555;0.999693018;0.999869294;0.99986808;L2;0.017631464
2913;Water;1-Heptanol;288.226531;0.99971;0.999869145;0.999867939;L2;0.015917856
2913;Water;1-Heptanol;291.085782;0.999722;0.999863718;0.999862926;L2;0.014174712
2913;Water;1-Heptanol;293.138;0.99969;0.999859699;0.999859327;L2;0.016973766
2913;Water;1-Heptanol;293.138;0.999733;0.999859699;0.999859327;L2;0.012672525
2913;Water;1-Heptanol;293.14537;0.999765089;0.999859685;0.999859314;L2;0.009461357
2913;Water;1-Heptanol;293.14537;0.999784;0.999859685;0.999859314;L2;0.007569831
2913;Water;1-Heptanol;293.15;0.9994;0.999859676;0.999859306;L2;0.045984587
2913;Water;1-Heptanol;293.15;0.999782702;0.999859676;0.999859306;L2;0.007698741
2913;Water;1-Heptanol;293.175364;0.999728;0.999859625;0.999859262;L2;0.013165246
2913;Water;1-Heptanol;293.34533;0.999714302;0.999859288;0.999858964;L2;0.014501659
2913;Water;1-Heptanol;295.04499;0.999734;0.999855871;0.999855647;L2;0.012189637
2913;Water;1-Heptanol;297.104578;0.999739;0.999851633;0.999850839;L2;0.011265622
2913;Water;1-Heptanol;298.134372;0.99974;0.999849473;0.999848435;L2;0.010949544
2913;Water;1-Heptanol;298.136;0.99974;0.99984947;0.999848432;L2;0.010949201
2913;Water;1-Heptanol;298.136;0.999719434;0.99984947;0.999848432;L2;0.013006357
2913;Water;1-Heptanol;298.14437;0.999795587;0.999849452;0.999848412;L2;0.005387442
2913;Water;1-Heptanol;298.14437;0.999692665;0.999849452;0.999848412;L2;0.015682276
2913;Water;1-Heptanol;298.15;0.999782702;0.99984944;0.999848399;L2;0.006675025
2913;Water;1-Heptanol;298.2;0.999751618;0.999849334;0.999848282;L2;0.009773586
2913;Water;1-Heptanol;298.214356;0.999742;0.999849304;0.999848249;L2;0.010732596
2913;Water;1-Heptanol;299.184162;0.999744;0.999847242;0.999845985;L2;0.010326337
2913;Water;1-Heptanol;301.163649;0.999746;0.999842957;0.999841364;L2;0.009697647
2913;Water;1-Heptanol;303.134;0.9998;0.999838586;0.999836765;L2;0.003859275
2913;Water;1-Heptanol;303.134;0.99975;0.999838586;0.999836765;L2;0.0088604
2913;Water;1-Heptanol;303.134;0.99974;0.999838586;0.999836765;L2;0.009860655
2913;Water;1-Heptanol;303.143055;0.999764461;0.999838565;0.999836744;L2;0.007411915
2913;Water;1-Heptanol;303.15;0.9997;0.99983855;0.999836728;L2;0.013858182
2913;Water;1-Heptanol;303.283013;0.999748;0.999838251;0.999836417;L2;0.009026959
2913;Water;1-Heptanol;303.303007;0.999748;0.999838206;0.999836371;L2;0.00902246
2913;Water;1-Heptanol;303.742875;0.999760944;0.999837214;0.999835344;L2;0.007628499
2913;Water;1-Heptanol;306.042185;0.99975;0.999831939;0.999829977;L2;0.008195648
2913;Water;1-Heptanol;308.041585;0.999751;0.999827232;0.99982531;L2;0.007624794
2913;Water;1-Heptanol;308.15;0.999968989;0.999826973;0.999825057;L2;0.014203015
2913;Water;1-Heptanol;308.2;0.999736071;0.999826854;0.99982494;L2;0.009080284
2913;Water;1-Heptanol;312.940115;0.99974229;0.999815208;0.999813876;L2;0.007293454
2913;Water;1-Heptanol;313.13;0.9998;0.999814728;0.999813433;L2;0.001473084
2913;Water;1-Heptanol;313.140055;0.999800068;0.999814703;0.999813409;L2;0.001463735
2913;Water;1-Heptanol;313.140055;0.999748;0.999814703;0.999813409;L2;0.006671712
2913;Water;1-Heptanol;313.15;0.9997;0.999814677;0.999813386;L2;0.011470517
2913;Water;1-Heptanol;318.15;0.999968989;0.999801627;0.999801322;L2;0.01673807
2913;Water;1-Heptanol;318.2;0.999720523;0.999801493;0.99980117;L2;0.008098943
2913;Water;1-Heptanol;323.127;0.99982;0.999787854;0.999786157;L2;0.003215257
2913;Water;1-Heptanol;323.137055;0.99978099;0.999787825;0.999786126;L2;0.000683656
2913;Water;1-Heptanol;323.237025;0.999748509;0.99978754;0.999785822;L2;0.003904018
2913;Water;1-Heptanol;333.124;0.99982;0.999757675;0.999755695;L2;0.006233786
2913;Water;1-Heptanol;333.13437;0.999761599;0.999757642;0.999755664;L2;0.000395778
2913;Water;1-Heptanol;333.13437;0.999723633;0.999757642;0.999755664;L2;0.0034018
2913;Water;1-Heptanol;333.13437;0.999712;0.999757642;0.999755664;L2;0.004565428
2913;Water;1-Heptanol;343.124;0.99977;0.99972387;0.999723142;L2;0.004614133
2913;Water;1-Heptanol;343.232025;0.999683195;0.999723484;0.999722711;L2;0.004030117
2913;Water;1-Heptanol;353.123;0.9997;0.999686116;0.999683308;L2;0.001388808
2913;Water;1-Heptanol;353.129055;0.999585;0.999686092;0.999683284;L2;0.010112891
2913;Water;1-Heptanol;353.229025;0.999662969;0.999685693;0.999682885;L2;0.002273181
2913;Water;1-Heptanol;363.123;0.99964;0.999644045;0.99964347;L2;0.000404655
2913;Water;1-Heptanol;363.62627;0.999622504;0.999641807;0.999641465;L2;0.001931002
2913;Water;1-Heptanol;373.124;0.99953;0.999597269;0.999594011;L2;0.006729816
2913;Water;1-Heptanol;383.126;0.99945;0.99954537;0.999543332;L2;0.009541801
2913;Water;1-Heptanol;393.127;0.99933;0.999487913;0.999484998;L2;0.015800622
2913;Water;1-Heptanol;403.13;0.99913;0.999424399;0.999420616;L2;0.029461233
2913;Water;1-Heptanol;413.132;0.999;0.999354333;0.999352359;L2;0.035462478
2913;Water;1-Heptanol;423.134;0.9988;0.999277155;0.999272133;L2;0.047761393
2913;Water;1-Heptanol;433.138;0.9985;0.999192253;0.999191891;L2;0.069305295
2913;Water;1-Heptanol;443.141;0.9981;0.999099015;0.999093525;L2;0.100041619
2913;Water;1-Heptanol;453.145;0.9975;0.998996736;0.998994224;L2;0.149936293
2913;Water;1-Heptanol;463.149;0.9968;0.99888469;0.998879186;L2;0.20891982
2913;Water;1-Heptanol;473.153;0.9958;0.998762084;0.998756929;L2;0.297016143
2913;Water;1-Heptanol;483.157;0.9944;0.998628066;0.998622993;L2;0.424286316
2913;Water;1-Heptanol;493.161;0.9924;0.998481722;0.998474931;L2;0.610959505
2913;Water;1-Heptanol;503.164;0.989;0.998322079;0.998318831;L2;0.93816168
2913;Water;1-Heptanol;513.168;0.9829;0.998148041;0.998139489;L2;1.539421756
2913;Water;1-Heptanol;518.1695;0.9755;0.998055284;0.998049828;L2;2.285850947
2914;Water;1-Octanol;273.15;0.2028;0.201614558;0.202433881;L1;0.586252818
2914;Water;1-Octanol;275.56;0.268493729;0.200459011;0.201178176;L1;29.22177664
2914;Water;1-Octanol;277.31;0.268621842;0.199661218;0.200266357;L1;29.6682581
2914;Water;1-Octanol;278.1492701;0.288;0.199290638;0.199829064;L1;36.81962291
2914;Water;1-Octanol;280.148955;0.156374277;0.198438409;0.19878715;L1;23.82264241
2914;Water;1-Octanol;283.144;0.2244;0.197240729;0.197252689;L1;12.90052187
2914;Water;1-Octanol;283.148055;0.237925276;0.197239169;0.197251571;L1;18.75396073
2914;Water;1-Octanol;283.148055;0.284;0.197239169;0.197251571;L1;36.45571874
2914;Water;1-Octanol;283.148055;0.247918896;0.197239169;0.197251571;L1;22.86846097
2914;Water;1-Octanol;283.54;0.268664538;0.197089264;0.197143495;L1;30.98067897
2914;Water;1-Octanol;287.77;0.268835281;0.19556821;0.195977107;L1;31.81896362
2914;Water;1-Octanol;287.9966;0.268403319;0.195491614;0.195914624;L1;31.69732857
2914;Water;1-Octanol;288.146555;0.262;0.195441195;0.195873275;L1;29.30849631
2914;Water;1-Octanol;288.15;0.271;0.195440039;0.195872325;L1;32.68651941
2914;Water;1-Octanol;292.14557;0.24742097;0.194173665;0.19477058;L1;24.23382777
2914;Water;1-Octanol;292.9954;0.268403319;0.193923018;0.194536246;L1;32.50295061
2914;Water;1-Octanol;293.138;0.2451;0.193881587;0.194496925;L1;23.44186949
2914;Water;1-Octanol;293.14537;0.265;0.193879451;0.194494893;L1;31.24932491
2914;Water;1-Octanol;293.14537;0.2843;0.193879451;0.194494893;L1;38.27934418
2914;Water;1-Octanol;293.14537;0.257207282;0.193879451;0.194494893;L1;28.26457277
2914;Water;1-Octanol;293.15;0.273;0.193878109;0.194493616;L1;34.22421394
2914;Water;1-Octanol;293.15;0.2671;0.193878109;0.194493616;L1;32.03934643
2914;Water;1-Octanol;293.16;0.269986094;0.193875211;0.194490859;L1;33.11557432
2914;Water;1-Octanol;293.47;0.269517603;0.193785826;0.194405379;L1;32.98801457
2914;Water;1-Octanol;295.67;0.270156332;0.193175567;0.193798747;L1;33.54013481
2914;Water;1-Octanol;296.14477;0.207728041;0.193049338;0.193667833;L1;7.328393589
2914;Water;1-Octanol;298.13;0.270496613;0.192542123;0.193120422;L1;33.99446263
2914;Water;1-Octanol;298.136;0.26;0.19254064;0.193118768;L1;30.03743831
2914;Water;1-Octanol;298.14437;0.266;0.192538572;0.19311646;L1;32.31998036
2914;Water;1-Octanol;298.15;0.268;0.192537181;0.193114907;L1;33.06976997
2914;Water;1-Octanol;298.15;0.2345;0.192537181;0.193114907;L1;19.71663071
2914;Water;1-Octanol;298.15;0.274;0.192537181;0.193114907;L1;35.28388256
2914;Water;1-Octanol;298.15;0.2691;0.192537181;0.193114907;L1;33.47937769
2914;Water;1-Octanol;298.15;0.268;0.192537181;0.193114907;L1;33.06976997
2914;Water;1-Octanol;298.15;0.289;0.192537181;0.193114907;L1;40.61374073
2914;Water;1-Octanol;298.19436;0.267209655;0.19252623;0.193102676;L1;32.78011708
2914;Water;1-Octanol;298.2;0.260652091;0.192524839;0.19310112;L1;30.29613548
2914;Water;1-Octanol;298.2;0.231947377;0.192524839;0.19310112;L1;18.6285344
2914;Water;1-Octanol;298.2;0.277483386;0.192524839;0.19310112;L1;36.55358825
2914;Water;1-Octanol;298.28;0.270879119;0.192505135;0.193079061;L1;34.1549836
2914;Water;1-Octanol;299.99;0.272913609;0.192096525;0.192607543;L1;35.1157314
2914;Water;1-Octanol;302.9931;0.268403319;0.19143583;0.191779462;L1;33.79381097
2914;Water;1-Octanol;303.06;0.271897528;0.191421921;0.191761015;L1;35.09452571
2914;Water;1-Octanol;303.134;0.268;0.191406577;0.19174061;L1;33.65871413
2914;Water;1-Octanol;303.134;0.2649;0.191406577;0.19174061;L1;32.49525571
2914;Water;1-Octanol;303.143055;0.277384368;0.191404702;0.191738114;L1;37.10141097
2914;Water;1-Octanol;303.143055;0.267;0.191404702;0.191738114;L1;33.28586136
2914;Water;1-Octanol;303.15;0.270113779;0.191403265;0.191736199;L1;34.4460739
2914;Water;1-Octanol;303.15;0.276;0.191403265;0.191736199;L1;36.60183308
2914;Water;1-Octanol;303.15;0.2711;0.191403265;0.191736199;L1;34.81052216
2914;Water;1-Octanol;303.15;0.2674;0.191403265;0.191736199;L1;33.43631298
2914;Water;1-Octanol;303.2;0.272744423;0.191392927;0.191722411;L1;35.42066532
2914;Water;1-Octanol;303.642905;0.253201923;0.191302201;0.191600284;L1;28.03329046
2914;Water;1-Octanol;304.23;0.272702117;0.191184272;0.191438397;L1;35.51423147
2914;Water;1-Octanol;306.05;0.273716359;0.190835405;0.190936547;L1;36.06810807
2914;Water;1-Octanol;307.9916;0.268403319;0.1904906;0.190559226;L1;34.288792
2914;Water;1-Octanol;308.141555;0.231484329;0.190465127;0.190545015;L1;19.50430589
2914;Water;1-Octanol;308.141555;0.271;0.190465127;0.190545015;L1;35.26497018
2914;Water;1-Octanol;308.15;0.3065;0.190463698;0.190544214;L1;47.57561425
2914;Water;1-Octanol;308.15;0.2684;0.190463698;0.190544214;L1;34.30167923
2914;Water;1-Octanol;308.15;0.278;0.190463698;0.190544214;L1;37.81595009
2914;Water;1-Octanol;308.2;0.268408299;0.190455243;0.190539476;L1;34.30921047
2914;Water;1-Octanol;308.81;0.276367753;0.190353573;0.190481665;L1;37.28491636
2914;Water;1-Octanol;313.13;0.29;0.189709694;0.190072249;L1;42.43859459
2914;Water;1-Octanol;313.140055;0.267553107;0.189708348;0.190071296;L1;34.38301952
2914;Water;1-Octanol;313.140055;0.273;0.189708348;0.190071296;L1;36.39839129
2914;Water;1-Octanol;313.140055;0.295060234;0.189708348;0.190071296;L1;44.16916363
2914;Water;1-Octanol;313.140055;0.2885;0.189708348;0.190071296;L1;41.92072037
2914;Water;1-Octanol;313.140055;0.28;0.189708348;0.190071296;L1;38.93017209
2914;Water;1-Octanol;313.15;0.2735;0.189707017;0.190070354;L1;36.58207532
2914;Water;1-Octanol;313.15;0.281;0.189707017;0.190070354;L1;39.28738007
2914;Water;1-Octanol;313.15;0.279795119;0.189707017;0.190070354;L1;38.85767488
2914;Water;1-Octanol;313.2;0.284804315;0.189700338;0.190065615;L1;40.635667
2914;Water;1-Octanol;315.89;0.281913403;0.189366149;0.189810678;L1;39.79175043
2914;Water;1-Octanol;318.15;0.2581;0.189122848;0.189596493;L1;31.09503134
2914;Water;1-Octanol;318.15;0.2679;0.189122848;0.189596493;L1;34.82169832
2914;Water;1-Octanol;318.15;0.283;0.189122848;0.189596493;L1;40.30501043
2914;Water;1-Octanol;318.2;0.285174624;0.189117845;0.189591755;L1;41.07313692
2914;Water;1-Octanol;320.49;0.283774033;0.188906028;0.189374727;L1;40.69285799
2914;Water;1-Octanol;323.127;0.3118;0.188703374;0.189124813;L1;50.21856261
2914;Water;1-Octanol;323.137055;0.27223648;0.188702684;0.18912386;L1;36.64984246
2914;Water;1-Octanol;323.15;0.2793;0.188701797;0.189122633;L1;39.21184975
2914;Water;1-Octanol;323.15;0.285174624;0.188701797;0.189122633;L1;41.2933733
2914;Water;1-Octanol;323.15;0.286;0.188701797;0.189122633;L1;41.58238354
2914;Water;1-Octanol;323.2;0.289553314;0.188698381;0.189117894;L1;42.81895674
2914;Water;1-Octanol;324.81;0.287103384;0.188596589;0.188965311;L1;42.02320901
2914;Water;1-Octanol;325.136455;0.275611831;0.188577878;0.188934372;L1;37.94823988
2914;Water;1-Octanol;329.81;0.291908551;0.188379742;0.188491451;L1;43.79807422
2914;Water;1-Octanol;333.124;0.3326;0.188316085;0.188418505;L1;56.88187133
2914;Water;1-Octanol;333.13437;0.2929;0.188315983;0.188418971;L1;44.17099404
2914;Water;1-Octanol;333.13437;0.315;0.188315983;0.188418971;L1;51.44513254
2914;Water;1-Octanol;333.2;0.301124207;0.188315354;0.188421917;L1;46.94048574
2914;Water;1-Octanol;333.33433;0.289268198;0.18831414;0.188427948;L1;42.92427529
2914;Water;1-Octanol;335.45;0.296099991;0.188308237;0.188522924;L1;45.26170249
2914;Water;1-Octanol;343.124;0.3558;0.188489143;0.188867422;L1;63.53283656
2914;Water;1-Octanol;343.232025;0.293323662;0.188493888;0.188872272;L1;44.22110658
2914;Water;1-Octanol;347.130855;0.31573754;0.188704634;0.189047297;L1;51.4728291
2914;Water;1-Octanol;353.123;0.3761;0.189174387;0.189316294;L1;68.71857946
2914;Water;1-Octanol;353.129055;0.2965;0.189174949;0.189316566;L1;44.9374978
2914;Water;1-Octanol;353.229025;0.290894927;0.189184248;0.189321054;L1;43.0240728
2914;Water;1-Octanol;355.65;0.315239264;0.18942377;0.189429735;L1;50.93452466
2914;Water;1-Octanol;363.123;0.397;0.19033239;0.190602279;L1;73.51643143
2914;Water;1-Octanol;363.62627;0.298140662;0.190402551;0.19068197;L1;44.84248748
2914;Water;1-Octanol;369.65;0.329306304;0.19132748;0.191635805;L1;54.30018206
2914;Water;1-Octanol;373.124;0.4198;0.191930906;0.1921859;L1;78.26429669
2914;Water;1-Octanol;383.126;0.4356;0.193943606;0.194067504;L1;80.91569672
2914;Water;1-Octanol;393.127;0.4628;0.196348567;0.196622219;L1;85.74035142
2914;Water;1-Octanol;403.13;0.4843;0.199129164;0.199177444;L1;88.87508719
2914;Water;1-Octanol;413.132;0.5068;0.202270662;0.202504644;L1;91.85097351
2914;Water;1-Octanol;423.134;0.53;0.205762271;0.205929778;L1;94.61555274
2914;Water;1-Octanol;433.138;0.5526;0.209596183;0.2097496;L1;96.94516687
2914;Water;1-Octanol;443.141;0.5756;0.213764767;0.213983928;L1;99.05367821
2914;Water;1-Octanol;453.145;0.5985;0.218264087;0.218305216;L1;100.8720786
2914;Water;1-Octanol;463.149;0.622;0.223090471;0.223313613;L1;102.5362704
2914;Water;1-Octanol;473.153;0.645;0.228241934;0.228322011;L1;103.8844138
2914;Water;1-Octanol;483.157;0.6689;0.233717583;0.233909636;L1;105.1521096
2914;Water;1-Octanol;493.161;0.6941;0.239517467;0.239673029;L1;106.3989698
2914;Water;1-Octanol;503.164;0.7231;0.245641801;0.245777606;L1;107.9673144
2914;Water;1-Octanol;513.168;0.7555;0.25209333;0.252287139;L1;109.7580407
2914;Water;1-Octanol;523.171;0.7909;0.258872856;0.258936715;L1;111.6834501
2914;Water;1-Octanol;278.1492701;0.999839654;0.999969323;0.999969268;L2;0.012968174
2914;Water;1-Octanol;278.1492701;0.999944;0.999969323;0.999969268;L2;0.002532445
2914;Water;1-Octanol;283.148055;0.999945;0.999966546;0.999966922;L2;0.002154662
2914;Water;1-Octanol;288.146555;0.999926053;0.999963545;0.999963393;L2;0.003749448
2914;Water;1-Octanol;288.15;0.999946;0.999963543;0.999963391;L2;0.001754406
2914;Water;1-Octanol;293.138;0.999916958;0.999960313;0.99995987;L2;0.004335772
2914;Water;1-Octanol;293.138;0.999942;0.999960313;0.99995987;L2;0.001831395
2914;Water;1-Octanol;293.14537;0.999946;0.999960308;0.999959864;L2;0.001430877
2914;Water;1-Octanol;293.15;0.999937727;0.999960305;0.999959861;L2;0.002257914
2914;Water;1-Octanol;293.15;0.999944;0.999960305;0.999959861;L2;0.001630577
2914;Water;1-Octanol;293.15;0.9998;0.999960305;0.999959861;L2;0.016032421
2914;Water;1-Octanol;293.29534;0.999941577;0.999960207;0.999959758;L2;0.001863108
2914;Water;1-Octanol;293.64527;0.999932189;0.999959971;0.999959511;L2;0.002778327
2914;Water;1-Octanol;298.136;0.999918897;0.999956825;0.999956341;L2;0.003793042
2914;Water;1-Octanol;298.136;0.999931307;0.999956825;0.999956341;L2;0.002551949
2914;Water;1-Octanol;298.136;0.999933;0.999956825;0.999956341;L2;0.002382637
2914;Water;1-Octanol;298.136;0.999919;0.999956825;0.999956341;L2;0.003782741
2914;Water;1-Octanol;298.14437;0.9999257;0.999956819;0.999956335;L2;0.003112083
2914;Water;1-Octanol;298.14437;0.999880653;0.999956819;0.999956335;L2;0.007617219
2914;Water;1-Octanol;298.15;0.999068;0.999956815;0.999956331;L2;0.088924857
2914;Water;1-Octanol;298.15;0.999941;0.999956815;0.999956331;L2;0.001581573
2914;Water;1-Octanol;298.19436;0.999942789;0.999956783;0.9999563;L2;0.001399449
2914;Water;1-Octanol;298.19436;0.9999322;0.999956783;0.9999563;L2;0.002458415
2914;Water;1-Octanol;298.2;0.999792235;0.999956779;0.999956296;L2;0.016456435
2914;Water;1-Octanol;298.2;0.999930805;0.999956779;0.999956296;L2;0.002597516
2914;Water;1-Octanol;303.134;0.999895;0.99995307;0.999952813;L2;0.005807444
2914;Water;1-Octanol;303.134;0.9999;0.99995307;0.999952813;L2;0.005307393
2914;Water;1-Octanol;303.143055;0.999885919;0.999953063;0.999952806;L2;0.006714938
2914;Water;1-Octanol;303.15;0.999938;0.999953058;0.999952801;L2;0.001505839
2914;Water;1-Octanol;303.15;0.999930805;0.999953058;0.999952801;L2;0.002225386
2914;Water;1-Octanol;303.15;0.9999;0.999953058;0.999952801;L2;0.005306146
2914;Water;1-Octanol;303.2;0.999928036;0.999953019;0.999952766;L2;0.002498407
2914;Water;1-Octanol;303.742875;0.999911419;0.999952594;0.999952383;L2;0.004117736
2914;Water;1-Octanol;308.141555;0.999891182;0.999949024;0.999948988;L2;0.005784643
2914;Water;1-Octanol;308.15;0.999935;0.999949017;0.99994898;L2;0.001401754
2914;Water;1-Octanol;308.19154;0.999941201;0.999948982;0.999948939;L2;0.000778135
2914;Water;1-Octanol;308.2;0.999792235;0.999948975;0.999948931;L2;0.015676012
2914;Water;1-Octanol;313.140055;0.999898263;0.999944684;0.999944047;L2;0.004642507
2914;Water;1-Octanol;313.140055;0.99992;0.999944684;0.999944047;L2;0.002468609
2914;Water;1-Octanol;313.140055;0.999928;0.999944684;0.999944047;L2;0.001668549
2914;Water;1-Octanol;313.15;0.999889259;0.999944675;0.999944038;L2;0.005542108
2914;Water;1-Octanol;313.15;0.999931;0.999944675;0.999944038;L2;0.001367633
2914;Water;1-Octanol;313.15;0.9999;0.999944675;0.999944038;L2;0.004467895
2914;Water;1-Octanol;313.2;0.999910034;0.99994463;0.999943988;L2;0.0034599
2914;Water;1-Octanol;313.240025;0.999910034;0.999944594;0.999943949;L2;0.003456297
2914;Water;1-Octanol;318.138555;0.999901709;0.999940027;0.999939106;L2;0.003832119
2914;Water;1-Octanol;318.15;0.999926;0.999940016;0.999939095;L2;0.001401705
2914;Water;1-Octanol;318.2;0.999681207;0.999939968;0.999939046;L2;0.025880988
2914;Water;1-Octanol;323.137055;0.999908803;0.999935034;0.999934165;L2;0.002623259
2914;Water;1-Octanol;323.137055;0.999854621;0.999935034;0.999934165;L2;0.0080421
2914;Water;1-Octanol;323.15;0.9999;0.99993502;0.999934153;L2;0.003502304
2914;Water;1-Octanol;323.15;0.999922;0.99993502;0.999934153;L2;0.001302108
2914;Water;1-Octanol;323.15;0.99986155;0.99993502;0.999934153;L2;0.007347763
2914;Water;1-Octanol;323.2;0.999876791;0.999934968;0.999934103;L2;0.005818291
2914;Water;1-Octanol;328.135555;0.999904938;0.999929684;0.999929224;L2;0.002474833
2914;Water;1-Octanol;333.08438;0.999928341;0.999924018;0.999923714;L2;0.000432324
2914;Water;1-Octanol;333.13437;0.99991;0.999923959;0.999923646;L2;0.001396005
2914;Water;1-Octanol;333.13437;0.99992;0.999923959;0.999923646;L2;0.00039592
2914;Water;1-Octanol;333.2;0.999784626;0.999923881;0.999923557;L2;0.013927543
2914;Water;1-Octanol;333.2;0.999853235;0.999923881;0.999923557;L2;0.0070654
2914;Water;1-Octanol;333.43431;0.999878176;0.999923603;0.999923239;L2;0.004543145
2914;Water;1-Octanol;343.132055;0.999841493;0.999911296;0.999910095;L2;0.006981128
2914;Water;1-Octanol;343.28201;0.999928299;0.999911093;0.999909892;L2;0.001720765
2914;Water;1-Octanol;343.431965;0.999893414;0.999910889;0.999909689;L2;0.001747712
2914;Water;1-Octanol;353.129055;0.999874;0.999896866;0.999896546;L2;0.002286872
2914;Water;1-Octanol;353.229025;0.999879562;0.999896712;0.99989641;L2;0.001715215
2914;Water;1-Octanol;363.42631;0.999880947;0.99987995;0.999878783;L2;9.97E-05
2915;Water;1-Decanol;273.15;0.1935;0.151162068;0.151436945;L1;24.69249562
2915;Water;1-Decanol;278.1492701;0.2743;0.149530564;0.149780003;L1;60.67215846
2915;Water;1-Decanol;283.144;0.215;0.148119769;0.148653598;L1;37.261683
2915;Water;1-Decanol;283.148055;0.264;0.148118708;0.148652684;L1;57.79350673
2915;Water;1-Decanol;288.146555;0.257;0.146910103;0.147525428;L1;55.92552292
2915;Water;1-Decanol;288.15;0.232894925;0.146909337;0.147524651;L1;46.0771747
2915;Water;1-Decanol;292.94541;0.251322608;0.14592741;0.146443196;L1;54.36280952
2915;Water;1-Decanol;293.138;0.236;0.145891433;0.146399763;L1;48.09690663
2915;Water;1-Decanol;293.14537;0.261;0.145890062;0.146398101;L1;58.16670701
2915;Water;1-Decanol;293.14537;0.2641;0.145890062;0.146398101;L1;59.3474482
2915;Water;1-Decanol;298.14437;0.259;0.145045643;0.145270733;L1;57.97795902
2915;Water;1-Decanol;298.15;0.194819143;0.145044786;0.145269463;L1;29.50290897
2915;Water;1-Decanol;298.19436;0.25653946;0.145038045;0.145259459;L1;57.02864024
2915;Water;1-Decanol;298.2;0.1765;0.145037189;0.145258187;L1;19.63306887
2915;Water;1-Decanol;298.2;0.1784;0.145037189;0.145258187;L1;20.70380325
2915;Water;1-Decanol;298.2;0.276297584;0.145037189;0.145258187;L1;64.44883001
2915;Water;1-Decanol;302.743175;0.233447961;0.144413948;0.144539803;L1;48.0275374
2915;Water;1-Decanol;303.134;0.2575;0.144366397;0.14451586;L1;57.86652299
2915;Water;1-Decanol;303.143055;0.257;0.144365306;0.144515306;L1;57.67291488
2915;Water;1-Decanol;308.141555;0.255;0.143838619;0.144209088;L1;57.25715735
2915;Water;1-Decanol;313.13;0.2795;0.143456882;0.143903486;L1;66.69677782
2915;Water;1-Decanol;313.140055;0.252;0.143456252;0.14390287;L1;56.33989648
2915;Water;1-Decanol;313.140055;0.2641;0.143456252;0.14390287;L1;61.02976966
2915;Water;1-Decanol;313.439965;0.240575766;0.143437713;0.143884497;L1;51.71341916
2915;Water;1-Decanol;318.2;0.244;0.143207661;0.143592888;L1;53.28724722
2915;Water;1-Decanol;323.127;0.3015;0.143092139;0.14329105;L1;74.52812643
2915;Water;1-Decanol;323.137055;0.246518901;0.143092026;0.143290434;L1;54.39507034
2915;Water;1-Decanol;333.124;0.3235;0.143215484;0.143484392;L1;81.48487361
2915;Water;1-Decanol;333.13437;0.2644;0.143215849;0.143485026;L1;61.31101835
2915;Water;1-Decanol;333.43431;0.245981906;0.143226602;0.143503355;L1;54.08299728
2915;Water;1-Decanol;343.124;0.345;0.143781483;0.144095502;L1;87.52497497
2915;Water;1-Decanol;343.331995;0.245981906;0.143797678;0.144108213;L1;53.68506839
2915;Water;1-Decanol;353.123;0.3665;0.1447533;0.144792436;L1;92.8967609
2915;Water;1-Decanol;353.129055;0.2687;0.144754005;0.144793399;L1;61.85597318
2915;Water;1-Decanol;353.328995;0.250791449;0.144777368;0.144825213;L1;54.9424547
2915;Water;1-Decanol;363.123;0.3885;0.146101614;0.146383622;L1;97.79908045
2915;Water;1-Decanol;363.52629;0.2586919;0.146163532;0.146447793;L1;57.09117032
2915;Water;1-Decanol;373.124;0.41;0.147802898;0.147974967;L1;102.0277541
2915;Water;1-Decanol;383.126;0.432;0.149838429;0.150004759;L1;105.8868015
2915;Water;1-Decanol;393.127;0.454;0.15219293;0.152435946;L1;109.2948203
2915;Water;1-Decanol;403.13;0.4765;0.154855568;0.15486762;L1;112.3974859
2915;Water;1-Decanol;413.132;0.498;0.15781673;0.158037489;L1;114.9165652
2915;Water;1-Decanol;423.134;0.5195;0.161070096;0.161231309;L1;117.1027164
2915;Water;1-Decanol;433.138;0.541;0.164611748;0.16473949;L1;118.9829617
2915;Water;1-Decanol;443.141;0.563;0.168437641;0.168656228;L1;120.6714028
2915;Water;1-Decanol;453.145;0.585;0.172546885;0.172573357;L1;122.094285
2915;Water;1-Decanol;463.149;0.607;0.176938633;0.177142528;L1;123.2725823
2915;Water;1-Decanol;473.153;0.629;0.181613409;0.181765125;L1;124.2250954
2915;Water;1-Decanol;483.157;0.6515;0.186572594;0.186700445;L1;125.045699
2915;Water;1-Decanol;493.161;0.6745;0.191818301;0.192027277;L1;125.7423101
2915;Water;1-Decanol;503.164;0.6975;0.197352709;0.197353575;L1;126.2509984
2915;Water;1-Decanol;513.168;0.722;0.203180199;0.203389183;L1;126.7931872
2915;Water;1-Decanol;523.171;0.766;0.209303334;0.209425444;L1;129.739761
2915;Water;1-Decanol;533.174;0.773;0.215726779;0.215887752;L1;127.6266355
2915;Water;1-Decanol;288.146555;0.999996394;0.999997263;0.999996999;L2;8.69E-05
2915;Water;1-Decanol;293.138;0.999996;0.999996929;0.999996607;L2;9.29E-05
2915;Water;1-Decanol;293.15;0.999995675;0.999996928;0.999996606;L2;0.000125288
2915;Water;1-Decanol;298.136;0.999994;0.999996558;0.999996215;L2;0.000255788
2915;Water;1-Decanol;298.136;0.999996;0.999996558;0.999996215;L2;5.58E-05
2915;Water;1-Decanol;298.2;0.9998;0.999996553;0.99999621;L2;0.019657287
2915;Water;1-Decanol;302.743175;0.999976095;0.999996181;0.999995855;L2;0.002008655
2915;Water;1-Decanol;313.439965;0.999970402;0.999995163;0.999995021;L2;0.00247611
2915;Water;1-Decanol;323.137055;0.999970402;0.999994039;0.999994265;L2;0.00236376
2915;Water;1-Decanol;333.43431;0.999968124;0.999992601;0.999992659;L2;0.002447719
2915;Water;1-Decanol;343.331995;0.999974956;0.99999094;0.999990734;L2;0.00159841
2915;Water;1-Decanol;353.328995;0.999972679;0.99998894;0.999988705;L2;0.001626126
2915;Water;1-Decanol;363.52629;0.999973818;0.999986513;0.999985923;L2;0.001269547
2934;Water;Isobutyl acetate;273.15;0.044673;0.054724049;0.05494927;L1;20.29339745
2934;Water;Isobutyl acetate;283.148055;0.050612257;0.057623829;0.058080428;L1;12.97423922
2934;Water;Isobutyl acetate;290.79584;0.0596;0.060149937;0.060475536;L1;0.918482925
2934;Water;Isobutyl acetate;292.84543;0.058241305;0.06086977;0.06111742;L1;4.414184518
2934;Water;Isobutyl acetate;293.138;0.102479967;0.060973966;0.061209046;L1;51.92203481
2934;Water;Isobutyl acetate;293.14537;0.0754;0.060976595;0.061211354;L1;21.23171651
2934;Water;Isobutyl acetate;293.15;0.083874232;0.060978247;0.061212804;L1;31.88012374
2934;Water;Isobutyl acetate;293.2;0.0646;0.060996093;0.061228463;L1;5.740459797
2934;Water;Isobutyl acetate;297.59448;0.0683;0.062605125;0.062604712;L1;8.706262532
2934;Water;Isobutyl acetate;298.14437;0.0822;0.062812069;0.062841669;L1;26.90080649
2934;Water;Isobutyl acetate;298.2;0.122543389;0.062833074;0.062865652;L1;66.79835795
2934;Water;Isobutyl acetate;298.2;0.083874232;0.062833074;0.062865652;L1;28.88368551
2934;Water;Isobutyl acetate;298.2;0.1;0.062833074;0.062865652;L1;46.46886023
2934;Water;Isobutyl acetate;303.043085;0.068064076;0.064709835;0.064953581;L1;5.053635028
2934;Water;Isobutyl acetate;303.143055;0.0888;0.064749571;0.06499668;L1;31.5859571
2934;Water;Isobutyl acetate;303.15;0.0715;0.064752333;0.064999674;L1;9.912771537
2934;Water;Isobutyl acetate;303.15;0.07149012;0.064752333;0.064999674;L1;9.898952401
2934;Water;Isobutyl acetate;303.2;0.1;0.064772224;0.06502123;L1;43.42933236
2934;Water;Isobutyl acetate;304.15;0.1262;0.065152041;0.06543079;L1;66.11443233
2934;Water;Isobutyl acetate;308.2;0.1;0.066811587;0.067176808;L1;40.32936679
2934;Water;Isobutyl acetate;308.2;0.094895565;0.066811587;0.067176808;L1;35.0900453
2934;Water;Isobutyl acetate;308.741375;0.0777;0.067038348;0.067410203;L1;14.75904422
2934;Water;Isobutyl acetate;312.840145;0.073195262;0.068792606;0.069177246;L1;6.203442563
2934;Water;Isobutyl acetate;313.140055;0.1008;0.068923555;0.069306542;L1;38.01403633
2934;Water;Isobutyl acetate;313.2;0.076;0.068949771;0.069332385;L1;9.735505821
2934;Water;Isobutyl acetate;313.2;0.0916;0.068949771;0.069332385;L1;28.40529896
2934;Water;Isobutyl acetate;318.2;0.105698171;0.071185842;0.071487963;L1;39.52936447
2934;Water;Isobutyl acetate;323.137055;0.076025574;0.073489261;0.073616404;L1;3.393049446
2934;Water;Isobutyl acetate;323.137055;0.1131;0.073489261;0.073616404;L1;43.11330939
2934;Water;Isobutyl acetate;324.78656;0.0992;0.074279949;0.074327531;L1;28.92969708
2934;Water;Isobutyl acetate;328.2;0.121506004;0.075949714;0.076073417;L1;46.98922168
2934;Water;Isobutyl acetate;332.15;0.1713;0.077938418;0.078206788;L1;78.74974069
2934;Water;Isobutyl acetate;333.13437;0.1251;0.078443457;0.07873844;L1;46.67353449
2934;Water;Isobutyl acetate;333.63427;0.077716847;0.078701378;0.079008433;L1;1.2588612
2934;Water;Isobutyl acetate;334.63407;0.1019;0.079220138;0.079548419;L1;25.17614
2934;Water;Isobutyl acetate;342.38228;0.1235;0.083372639;0.083733181;L1;39.29209735
2934;Water;Isobutyl acetate;343.132055;0.1368;0.083786933;0.08413813;L1;49.02429458
2934;Water;Isobutyl acetate;343.232025;0.081643133;0.083842338;0.084192123;L1;2.65803992
2934;Water;Isobutyl acetate;353.129055;0.1483;0.089522566;0.08953745;L1;50.4746518
2934;Water;Isobutyl acetate;353.17904;0.1441;0.089552239;0.089564446;L1;47.56853731
2934;Water;Isobutyl acetate;353.328995;0.097616466;0.089641316;0.089645436;L1;8.522985526
2934;Water;Isobutyl acetate;358.127555;0.1488;0.092539157;0.092754648;L1;47.4971251
2934;Water;Isobutyl acetate;359.67709;0.1603;0.093494604;0.093761321;L1;53.91433406
2934;Water;Isobutyl acetate;363.32633;0.088861322;0.095782901;0.096132093;L1;7.500720282
2934;Water;Isobutyl acetate;366.15;0.2251;0.097590444;0.097966523;L1;83.576517
2934;Water;Isobutyl acetate;372.82443;0.1854;0.101992021;0.102302644;L1;59.76210654
2934;Water;Isobutyl acetate;378.82323;0.2034;0.10610407;0.106199835;L1;65.07540818
2934;Water;Isobutyl acetate;395.51989;0.2376;0.118339201;0.118713295;L1;69.70335016
2934;Water;Isobutyl acetate;413.41631;0.2782;0.132769053;0.133031997;L1;73.97291067
2934;Water;Isobutyl acetate;273.15;0.998388572;0.998884202;0.998877967;L2;0.049630655
2934;Water;Isobutyl acetate;283.148055;0.99870368;0.998883181;0.99887021;L2;0.017971764
2934;Water;Isobutyl acetate;287.746675;0.99881;0.998878185;0.998866642;L2;0.006826422
2934;Water;Isobutyl acetate;292.84543;0.998970681;0.998869638;0.998862685;L2;0.010115217
2934;Water;Isobutyl acetate;293.138;0.998750854;0.998869056;0.998862458;L2;0.011834269
2934;Water;Isobutyl acetate;293.138;0.998954996;0.998869056;0.998862458;L2;0.008603374
2934;Water;Isobutyl acetate;293.138;0.997420821;0.998869056;0.998862458;L2;0.145092667
2934;Water;Isobutyl acetate;293.138;0.998954996;0.998869056;0.998862458;L2;0.008603374
2934;Water;Isobutyl acetate;293.14537;0.99839;0.998869041;0.998862453;L2;0.047969849
2934;Water;Isobutyl acetate;293.15;0.998750854;0.998869032;0.998862449;L2;0.011831858
2934;Water;Isobutyl acetate;293.2;0.9989;0.998868931;0.99886241;L2;0.003110347
2934;Water;Isobutyl acetate;293.29534;0.9989;0.998868739;0.998862336;L2;0.003129619
2934;Water;Isobutyl acetate;295.1372;0.99922;0.998864819;0.998860907;L2;0.035552152
2934;Water;Isobutyl acetate;298.04439;0.99888;0.998857868;0.998857242;L2;0.002215688
2934;Water;Isobutyl acetate;298.09438;0.998918469;0.998857741;0.998857046;L2;0.006079598
2934;Water;Isobutyl acetate;298.14437;0.99842;0.998857613;0.99885685;L2;0.043820928
2934;Water;Isobutyl acetate;298.15;0.999015837;0.998857598;0.998856828;L2;0.015840706
2934;Water;Isobutyl acetate;298.15;0.998796371;0.998857598;0.998856828;L2;0.006129928
2934;Water;Isobutyl acetate;298.2;0.999;0.99885747;0.998856632;L2;0.014268263
2934;Water;Isobutyl acetate;298.2;0.998750854;0.99885747;0.998856632;L2;0.010674387
2934;Water;Isobutyl acetate;298.2;0.998656483;0.99885747;0.998856632;L2;0.020123737
2934;Water;Isobutyl acetate;298.2;0.9990158;0.99885747;0.998856632;L2;0.015849832
2934;Water;Isobutyl acetate;303.043085;0.999049063;0.998843802;0.998837665;L2;0.020547709
2934;Water;Isobutyl acetate;303.143055;0.99845;0.998843494;0.998837274;L2;0.039402772
2934;Water;Isobutyl acetate;303.15;0.9984;0.998843473;0.998837246;L2;0.044408514
2934;Water;Isobutyl acetate;303.15;0.998435907;0.998843473;0.998837246;L2;0.040812124
2934;Water;Isobutyl acetate;303.2;0.9990542;0.998843319;0.998837051;L2;0.021110327
2934;Water;Isobutyl acetate;303.2;0.999;0.998843319;0.998837051;L2;0.015685049
2934;Water;Isobutyl acetate;304.09277;0.99902;0.998840518;0.998833554;L2;0.017967387
2934;Water;Isobutyl acetate;304.15;0.9964;0.998840336;0.99883333;L2;0.244615871
2934;Water;Isobutyl acetate;308.2;0.999;0.998826596;0.998817469;L2;0.01735922
2934;Water;Isobutyl acetate;308.2;0.998593515;0.998826596;0.998817469;L2;0.023338249
2934;Water;Isobutyl acetate;308.2;0.9990918;0.998826596;0.998817469;L2;0.026547987
2934;Water;Isobutyl acetate;312.840145;0.999158687;0.99880886;0.998799297;L2;0.035018268
2934;Water;Isobutyl acetate;313.140055;0.99851;0.998807642;0.998798122;L2;0.029804163
2934;Water;Isobutyl acetate;313.2;0.9989;0.998807397;0.998797887;L2;0.009270892
2934;Water;Isobutyl acetate;313.2;0.9991303;0.998807397;0.998797887;L2;0.032323596
2934;Water;Isobutyl acetate;316.88893;0.9991;0.998791687;0.99878344;L2;0.030863801
2934;Water;Isobutyl acetate;318.2;0.998435907;0.998785793;0.998778306;L2;0.035037269
2934;Water;Isobutyl acetate;318.2;0.9991462;0.998785793;0.998778306;L2;0.036078008
2934;Water;Isobutyl acetate;321.037685;0.99891;0.998772483;0.998767193;L2;0.013767702
2934;Water;Isobutyl acetate;323.137055;0.99858;0.998762152;0.998758971;L2;0.018239441
2934;Water;Isobutyl acetate;323.137055;0.99923691;0.998762152;0.998758971;L2;0.047523344
2934;Water;Isobutyl acetate;328.2;0.998119884;0.998735563;0.998732566;L2;0.061664831
2934;Water;Isobutyl acetate;332.15;0.9966;0.998713184;0.998706775;L2;0.211814873
2934;Water;Isobutyl acetate;333.13437;0.99864;0.998707385;0.998700348;L2;0.006747477
2934;Water;Isobutyl acetate;333.58428;0.9991;0.998704705;0.99869741;L2;0.039572901
2934;Water;Isobutyl acetate;333.63427;0.999111722;0.998704406;0.998697084;L2;0.040776079
2934;Water;Isobutyl acetate;340.732775;0.99888;0.998659645;0.998650735;L2;0.022062688
2934;Water;Isobutyl acetate;342.58222;0.99902;0.998647226;0.99863866;L2;0.03732098
2934;Water;Isobutyl acetate;343.132055;0.99869;0.998643473;0.998635069;L2;0.004658924
2934;Water;Isobutyl acetate;343.232025;0.999174337;0.998642788;0.998634417;L2;0.05321302
2934;Water;Isobutyl acetate;348.030585;0.99881;0.998608812;0.998603085;L2;0.020144765
2934;Water;Isobutyl acetate;348.330495;0.99881;0.998606618;0.998601127;L2;0.020364476
2934;Water;Isobutyl acetate;352.07937;0.9989;0.998578488;0.99857665;L2;0.032191804
2934;Water;Isobutyl acetate;353.129055;0.99875;0.998570376;0.998569796;L2;0.017986457
2934;Water;Isobutyl acetate;353.328995;0.999143035;0.99856882;0.99856849;L2;0.057487303
2934;Water;Isobutyl acetate;357.927615;0.99874;0.998531976;0.998526857;L2;0.020830825
2934;Water;Isobutyl acetate;366.15;0.9968;0.998461066;0.998452071;L2;0.166501108
2934;Water;Isobutyl acetate;366.32573;0.99868;0.998459478;0.998450472;L2;0.022083741
2934;Water;Isobutyl acetate;384.62207;0.99849;0.998277227;0.99827269;L2;0.021311788
2934;Water;Isobutyl acetate;388.82123;0.99843;0.998230468;0.998222415;L2;0.019986538
2934;Water;Isobutyl acetate;420.21495;0.99811;0.997816514;0.997805099;L2;0.029408463
3021;Water;1-Dodecanol;293.14537;0.067959922;;;L1;
3021;Water;1-Dodecanol;294.64507;0.067959922;;;L1;
3021;Water;1-Dodecanol;296.84463;0.119902073;;;L1;
3021;Water;1-Dodecanol;297.34453;0.128058385;;;L1;
3021;Water;1-Dodecanol;298.15;0.224002861;;;L1;
3021;Water;1-Dodecanol;299.14417;0.136081015;;;L1;
3021;Water;1-Dodecanol;302.643205;0.234087061;;;L1;
3021;Water;1-Dodecanol;303.143055;0.248;;;L1;
3021;Water;1-Dodecanol;303.2;0.05783847;;;L1;
3021;Water;1-Dodecanol;304.142755;0.151738164;;;L1;
3021;Water;1-Dodecanol;308.141555;0.246;;;L1;
3021;Water;1-Dodecanol;313.140055;0.244;;;L1;
3021;Water;1-Dodecanol;313.140055;0.232798835;;;L1;
3021;Water;1-Dodecanol;313.15;0.230600103;;;L1;
3021;Water;1-Dodecanol;313.2;0.080562763;;;L1;
3021;Water;1-Dodecanol;314.639605;0.1815849;;;L1;
3021;Water;1-Dodecanol;323.15;0.236076325;0.115760577;0.115898804;L1;71.26310962
3021;Water;1-Dodecanol;323.2;0.093730903;0.115761919;0.115902023;L1;21.11077133
3021;Water;1-Dodecanol;323.336995;0.222354517;0.115765645;0.115910843;L1;65.27051829
3021;Water;1-Dodecanol;333.15;0.255726166;0.116221555;0.116542625;L1;78.8608885
3021;Water;1-Dodecanol;333.63427;0.238566106;0.116253401;0.116573803;L1;71.88741417
3021;Water;1-Dodecanol;343.15;0.250742616;0.117047763;0.117186446;L1;76.18448993
3021;Water;1-Dodecanol;343.631905;0.223014592;0.117096295;0.117217472;L1;64.42405744
3021;Water;1-Dodecanol;353.428965;0.235371495;0.118248354;0.118455744;L1;68.83779886
3021;Water;1-Dodecanol;363.92621;0.239837403;0.119817581;0.120055834;L1;69.39907746
3021;Water;1-Dodecanol;289.1404;0.99999984;;;L2;
3021;Water;1-Dodecanol;298.136;0.999999584;;;L2;
3021;Water;1-Dodecanol;298.15;0.99993325;;;L2;
3021;Water;1-Dodecanol;302.643205;0.999961315;;;L2;
3021;Water;1-Dodecanol;307.1324;0.99999972;;;L2;
3021;Water;1-Dodecanol;313.140055;0.999951639;;;L2;
3021;Water;1-Dodecanol;313.15;0.999918728;;;L2;
3021;Water;1-Dodecanol;322.1273;0.99999965;0.999999465;0.999999;L2;1.85E-05
3021;Water;1-Dodecanol;323.15;0.999904202;0.99999945;0.999999;L2;0.009525219
3021;Water;1-Dodecanol;323.336995;0.999912918;0.999999447;0.999999;L2;0.008653263
3021;Water;1-Dodecanol;333.63427;0.999854785;0.999999274;0.999999;L2;0.014449943
3021;Water;1-Dodecanol;343.15;0.999903234;0.999999073;0.999999;L2;0.009584337
3021;Water;1-Dodecanol;343.631905;0.999912918;0.999999061;0.999999;L2;0.008614708
3021;Water;1-Dodecanol;353.428965;0.999864479;0.999998801;0.999998739;L2;0.013433095
3021;Water;1-Dodecanol;363.92621;0.999825695;0.999998452;0.999998343;L2;0.017277208
3095;Water;tert-Pentanol;273.649927;0.626145126;0.295522509;0.296102145;L1;75.08371687
3095;Water;tert-Pentanol;282.948115;0.609709078;0.290146928;0.290485789;L1;74.25944787
3095;Water;tert-Pentanol;283.1;0.631;0.290067708;0.290418091;L1;77.71914905
3095;Water;tert-Pentanol;293.138;0.610486498;0.285400721;0.285943958;L1;76.03619464
3095;Water;tert-Pentanol;293.14537;0.6105;0.285397691;0.285940673;L1;76.03946805
3095;Water;tert-Pentanol;293.15;0.6042;0.285395787;0.28593861;L1;75.00283251
3095;Water;tert-Pentanol;293.15;0.592256695;0.285395787;0.28593861;L1;73.00632035
3095;Water;tert-Pentanol;293.15;0.614856836;0.285395787;0.28593861;L1;76.75125099
3095;Water;tert-Pentanol;293.15;0.618411808;0.285395787;0.28593861;L1;77.32776477
3095;Water;tert-Pentanol;293.94521;0.55786532;0.285072147;0.285584169;L1;67.13752757
3095;Water;tert-Pentanol;298;0.6248;0.283521262;0.28377687;L1;79.01444784
3095;Water;tert-Pentanol;298.136;0.600098455;0.283472074;0.283716252;L1;74.99801205
3095;Water;tert-Pentanol;298.14437;0.597550063;0.283469052;0.283712521;L1;74.57351133
3095;Water;tert-Pentanol;298.14437;0.6;0.283469052;0.283712521;L1;74.98267008
3095;Water;tert-Pentanol;298.15;0.624;0.28346702;0.283710012;L1;78.9054582
3095;Water;tert-Pentanol;298.15;0.569766632;0.28346702;0.283710012;L1;69.81310731
3095;Water;tert-Pentanol;298.15;0.619;0.28346702;0.283710012;L1;78.10094863
3095;Water;tert-Pentanol;298.15;0.6;0.28346702;0.283710012;L1;74.98338688
3095;Water;tert-Pentanol;298.2;0.578430011;0.283448989;0.283687726;L1;71.3285383
3095;Water;tert-Pentanol;298.3;0.577001318;0.283412996;0.283643154;L1;71.09393654
3095;Water;tert-Pentanol;302.643205;0.536014939;0.281942592;0.282113578;L1;64.24585561
3095;Water;tert-Pentanol;303;0.5708;0.281829723;0.282027332;L1;70.57358158
3095;Water;tert-Pentanol;303;0.571225861;0.281829723;0.282027332;L1;70.64816151
3095;Water;tert-Pentanol;303.134;0.58950904;0.281787637;0.281994941;L1;73.81363274
3095;Water;tert-Pentanol;303.15;0.591023055;0.281782623;0.281991073;L1;74.07190924
3095;Water;tert-Pentanol;303.15;0.59471031;0.281782623;0.281991073;L1;74.69384787
3095;Water;tert-Pentanol;303.15;0.57470285;0.281782623;0.281991073;L1;71.27171903
3095;Water;tert-Pentanol;303.15;0.5883;0.281782623;0.281991073;L1;73.61010875
3095;Water;tert-Pentanol;303.2;0.589922636;0.28176697;0.281978987;L1;73.89110198
3095;Water;tert-Pentanol;303.2;0.589646963;0.28176697;0.281978987;L1;73.8443607
3095;Water;tert-Pentanol;308;0.6364;0.280370395;0.280818704;L1;81.97157279
3095;Water;tert-Pentanol;312.640205;0.542396066;0.279213689;0.279697049;L1;66.40190836
3095;Water;tert-Pentanol;313.140055;0.5894;0.279100059;0.279576222;L1;74.75347185
3095;Water;tert-Pentanol;313.15;0.559375482;0.279097819;0.279573818;L1;69.52586229
3095;Water;tert-Pentanol;313.15;0.5763;0.279097819;0.279573818;L1;72.50660307
3095;Water;tert-Pentanol;313.15;0.560879133;0.279097819;0.279573818;L1;69.79431053
3095;Water;tert-Pentanol;313.15;0.574991008;0.279097819;0.279573818;L1;72.27920746
3095;Water;tert-Pentanol;313.2;0.573547779;0.279086573;0.279561732;L1;72.03192146
3095;Water;tert-Pentanol;313.2;0.572678905;0.279086573;0.279561732;L1;71.88031547
3095;Water;tert-Pentanol;318;0.5414;0.278102899;0.27840145;L1;66.61671909
3095;Water;tert-Pentanol;322.137355;0.524569338;0.277403279;0.277404557;L1;63.71052882
3095;Water;tert-Pentanol;322.4;0.537620883;0.277363368;0.277384868;L1;66.18251884
3095;Water;tert-Pentanol;323.12;0.547;0.277256669;0.277330895;L1;67.95051224
3095;Water;tert-Pentanol;323.127;0.567124307;0.277255651;0.27733037;L1;71.56385072
3095;Water;tert-Pentanol;323.15;0.544602852;0.277252309;0.277328646;L1;67.51288617
3095;Water;tert-Pentanol;323.15;0.5624;0.277252309;0.277328646;L1;70.72853851
3095;Water;tert-Pentanol;323.2;0.563271537;0.277245058;0.277324898;L1;70.88600134
3095;Water;tert-Pentanol;323.2;0.56386707;0.277245058;0.277324898;L1;70.991673
3095;Water;tert-Pentanol;332.63447;0.566829461;0.276208566;0.276617663;L1;71.8902229
3095;Water;tert-Pentanol;333.13437;0.540811399;0.276171525;0.276580189;L1;67.2048463
3095;Water;tert-Pentanol;333.15;0.551;0.276170395;0.276579017;L1;69.07167609
3095;Water;tert-Pentanol;333.15;0.5514;0.276170395;0.276579017;L1;69.14424503
3095;Water;tert-Pentanol;343.07;0.558;0.275788367;0.275835386;L1;70.4725177
3095;Water;tert-Pentanol;343.15;0.5378;0.275787934;0.275829389;L1;66.78545284
3095;Water;tert-Pentanol;343.331995;0.511035365;0.275787101;0.275815746;L1;61.68096009
3095;Water;tert-Pentanol;352.529235;0.584085238;0.276016517;0.276353573;L1;74.95862207
3095;Water;tert-Pentanol;352.529235;0.511035365;0.276016517;0.276353573;L1;61.59780882
3095;Water;tert-Pentanol;353.11;0.565;0.276048441;0.276391029;L1;71.62493695
3095;Water;tert-Pentanol;353.15;0.535;0.276050715;0.276393609;L1;66.16821499
3095;Water;tert-Pentanol;353.229025;0.512754407;0.276055234;0.276398705;L1;61.91960228
3095;Water;tert-Pentanol;363.13;0.571;0.276910761;0.277037257;L1;72.36939172
3095;Water;tert-Pentanol;363.32633;0.509308362;0.276933401;0.277049919;L1;60.92766036
3095;Water;tert-Pentanol;370.7;0.531153787;0.277937748;0.278165111;L1;64.7654437
3095;Water;tert-Pentanol;370.7;0.526226627;0.277937748;0.278165111;L1;63.83348098
3095;Water;tert-Pentanol;373.12;0.577;0.2783315;0.278611837;L1;72.90294178
3095;Water;tert-Pentanol;382.02259;0.600499033;0.280043433;0.280255234;L1;76.28163222
3095;Water;tert-Pentanol;391.82063;0.612293234;0.282389545;0.28258101;L1;77.39238262
3095;Water;tert-Pentanol;401;0.542396066;0.285008415;0.285252377;L1;64.3477778
3095;Water;tert-Pentanol;401.71865;0.617400126;0.285230174;0.285461518;L1;77.22208352
3095;Water;tert-Pentanol;273.649927;0.963067093;0.998539533;0.998534896;L2;3.617066419
3095;Water;tert-Pentanol;282.948115;0.965716609;0.998414361;0.998410808;L2;3.329795593
3095;Water;tert-Pentanol;283.1;0.9716;0.998412229;0.998408536;L2;2.722204889
3095;Water;tert-Pentanol;293.138;0.975363383;0.998264844;0.998258388;L2;2.320851401
3095;Water;tert-Pentanol;293.138;0.972512105;0.998264844;0.998258388;L2;2.613609337
3095;Water;tert-Pentanol;293.14537;0.9725;0.998264731;0.998258278;L2;2.614842742
3095;Water;tert-Pentanol;293.15;0.969628034;0.99826466;0.998258209;L2;2.910590396
3095;Water;tert-Pentanol;293.15;0.9764;0.99826466;0.998258209;L2;2.21460933
3095;Water;tert-Pentanol;293.15;0.973882931;0.99826466;0.998258209;L2;2.472732944
3095;Water;tert-Pentanol;293.15;0.973435755;0.99826466;0.998258209;L2;2.518660302
3095;Water;tert-Pentanol;293.94521;0.974130754;0.998252428;0.998246314;L2;2.446063912
3095;Water;tert-Pentanol;298;0.9785;0.998188752;0.998185663;L2;1.992160204
3095;Water;tert-Pentanol;298.136;0.975363383;0.998186578;0.998183628;L2;2.313010904
3095;Water;tert-Pentanol;298.14437;0.9754;0.998186445;0.998183503;L2;2.309243373
3095;Water;tert-Pentanol;298.14437;0.97560862;0.998186445;0.998183503;L2;2.287857511
3095;Water;tert-Pentanol;298.15;0.977313389;0.998186354;0.998183419;L2;2.113261955
3095;Water;tert-Pentanol;298.15;0.99168;0.998186354;0.998183419;L2;0.653951219
3095;Water;tert-Pentanol;298.2;0.97585343;0.998185555;0.998182671;L2;2.262678446
3095;Water;tert-Pentanol;298.3;0.97560862;0.998183954;0.998181175;L2;2.287607975
3095;Water;tert-Pentanol;302.643205;0.977941337;0.998113113;0.998110373;L2;2.041692422
3095;Water;tert-Pentanol;303;0.979236564;0.998107179;0.998103991;L2;1.908741226
3095;Water;tert-Pentanol;303;0.987;0.998107179;0.998103991;L2;1.119062457
3095;Water;tert-Pentanol;303.134;0.978;0.998104945;0.998101594;L2;2.034875634
3095;Water;tert-Pentanol;303.134;0.977555241;0.998104945;0.998101594;L2;2.080362358
3095;Water;tert-Pentanol;303.15;0.979236564;0.998104678;0.998101308;L2;1.908490728
3095;Water;tert-Pentanol;303.15;0.976000112;0.998104678;0.998101308;L2;2.239545786
3095;Water;tert-Pentanol;303.15;0.9794;0.998104678;0.998101308;L2;1.891801976
3095;Water;tert-Pentanol;303.15;0.977917237;0.998104678;0.998101308;L2;2.043311732
3095;Water;tert-Pentanol;303.2;0.977796676;0.998103844;0.998100413;L2;2.055557268
3095;Water;tert-Pentanol;303.2;0.978877987;0.998103844;0.998100413;L2;1.945031882
3095;Water;tert-Pentanol;308;0.9823;0.998022142;0.998014549;L2;1.587870164
3095;Water;tert-Pentanol;312.640205;0.982189114;0.997940039;0.997931544;L2;1.590932279
3095;Water;tert-Pentanol;313.140055;0.9775;0.997931008;0.997922602;L2;2.06858517
3095;Water;tert-Pentanol;313.15;0.980826979;0.997930828;0.997922424;L2;1.72878912
3095;Water;tert-Pentanol;313.15;0.9829;0.997930828;0.997922424;L2;1.517657757
3095;Water;tert-Pentanol;313.15;0.981720934;0.997930828;0.997922424;L2;1.637687643
3095;Water;tert-Pentanol;313.15;0.982772104;0.997930828;0.997922424;L2;1.53067071
3095;Water;tert-Pentanol;313.2;0.982772104;0.997929922;0.99792153;L2;1.530579978
3095;Water;tert-Pentanol;313.2;0.982841897;0.997929922;0.99792153;L2;1.523478584
3095;Water;tert-Pentanol;318;0.9846;0.997841275;0.997835666;L2;1.33587533
3095;Water;tert-Pentanol;322.137355;0.984322383;0.997762077;0.997761592;L2;1.356138007
3095;Water;tert-Pentanol;322.4;0.984161234;0.997756961;0.997756026;L2;1.371998136
3095;Water;tert-Pentanol;323.12;0.9822;0.997742881;0.997740767;L2;1.570065497
3095;Water;tert-Pentanol;323.15;0.9853;0.997742292;0.997740131;L2;1.254885549
3095;Water;tert-Pentanol;323.15;0.983999895;0.997742292;0.997740131;L2;1.386922847
3095;Water;tert-Pentanol;323.2;0.985399467;0.997741311;0.997739071;L2;1.244692635
3095;Water;tert-Pentanol;323.2;0.985536355;0.997741311;0.997739071;L2;1.230801975
3095;Water;tert-Pentanol;332.63447;0.982772104;0.997549107;0.997539124;L2;1.492412109
3095;Water;tert-Pentanol;333.13437;0.986558628;0.997538521;0.99752853;L2;1.106801113
3095;Water;tert-Pentanol;333.15;0.9831;0.997538189;0.997528199;L2;1.45795883
3095;Water;tert-Pentanol;333.15;0.9868;0.997538189;0.997528199;L2;1.082304801
3095;Water;tert-Pentanol;343.07;0.9839;0.997319397;0.997317962;L2;1.354681121
3095;Water;tert-Pentanol;343.15;0.9874;0.997317564;0.997316267;L2;0.999401312
3095;Water;tert-Pentanol;343.331995;0.987190831;0.99731339;0.99731241;L2;1.020168786
3095;Water;tert-Pentanol;352.529235;0.982072219;0.997094705;0.997084045;L2;1.518090729
3095;Water;tert-Pentanol;353.11;0.9849;0.997080378;0.99706953;L2;1.229127333
3095;Water;tert-Pentanol;353.15;0.988;0.997079389;0.99706853;L2;0.914769677
3095;Water;tert-Pentanol;353.229025;0.98779766;0.997077434;0.997066555;L2;0.935055461
3095;Water;tert-Pentanol;363.13;0.9855;0.996823086;0.996819093;L2;1.142418155
3095;Water;tert-Pentanol;363.32633;0.988312439;0.99681785;0.996814186;L2;0.856917351
3095;Water;tert-Pentanol;370.7;0.987123236;0.996615555;0.99660659;L2;0.957020293
3095;Water;tert-Pentanol;373.12;0.9861;0.996546722;0.996535518;L2;1.053825491
3095;Water;tert-Pentanol;382.02259;0.979475102;0.9962827;0.996274059;L2;1.701423485
3095;Water;tert-Pentanol;391.82063;0.977796676;0.995971585;0.995962046;L2;1.841697708
3095;Water;tert-Pentanol;401;0.985764194;0.995659384;0.995646635;L2;0.998804313
3095;Water;tert-Pentanol;401.71865;0.976097815;0.995634059;0.995621941;L2;1.981697732
3214;Water;Methyl tert-butyl ether (MTBE);273.15;0.054;0.330609451;0.331587102;L1;181.1953727
3214;Water;Methyl tert-butyl ether (MTBE);273.15;0.053411354;0.330609451;0.331587102;L1;182.2914428
3214;Water;Methyl tert-butyl ether (MTBE);275.5;0.056976;0.326061054;0.32657917;L1;174.445452
3214;Water;Methyl tert-butyl ether (MTBE);282.85;0.057880798;0.312899101;0.314031206;L1;168.749509
3214;Water;Methyl tert-butyl ether (MTBE);283.15;0.065579;0.312395534;0.313566104;L1;156.1014599
3214;Water;Methyl tert-butyl ether (MTBE);288.15;0.0902;0.304381354;0.305814409;L1;121.6251941
3214;Water;Methyl tert-butyl ether (MTBE);288.15;0.0783;0.304381354;0.305814409;L1;135.7733766
3214;Water;Methyl tert-butyl ether (MTBE);288.15;0.0488;0.304381354;0.305814409;L1;183.0551056
3214;Water;Methyl tert-butyl ether (MTBE);292.95;0.059215165;0.297343615;0.298372781;L1;161.3710749
3214;Water;Methyl tert-butyl ether (MTBE);293;0.061875008;0.297273601;0.298295264;L1;156.953658
3214;Water;Methyl tert-butyl ether (MTBE);293.138;0.091300969;0.29708071;0.298081318;L1;117.9842451
3214;Water;Methyl tert-butyl ether (MTBE);293.14537;0.0818;0.297070423;0.298069892;L1;128.9691981
3214;Water;Methyl tert-butyl ether (MTBE);293.15;0.064;0.297063961;0.298062714;L1;153.5064389
3214;Water;Methyl tert-butyl ether (MTBE);293.15;0.067;0.297063961;0.298062714;L1;148.9254853
3214;Water;Methyl tert-butyl ether (MTBE);293.15;0.0566;0.297063961;0.298062714;L1;165.7938487
3214;Water;Methyl tert-butyl ether (MTBE);297.14457;0.0853;0.291700357;0.291869776;L1;122.9552647
3214;Water;Methyl tert-butyl ether (MTBE);298;0.0574;0.290605882;0.290662481;L1;162.1923688
3214;Water;Methyl tert-butyl ether (MTBE);298.15;0.068596;0.290415901;0.290509524;L1;144.3079812
3214;Water;Methyl tert-butyl ether (MTBE);298.15;0.0574;0.290415901;0.290509524;L1;162.1269733
3214;Water;Methyl tert-butyl ether (MTBE);298.15;0.0511;0.290415901;0.290509524;L1;173.7529539
3214;Water;Methyl tert-butyl ether (MTBE);298.15;0.058548353;0.290415901;0.290509524;L1;160.1461076
3214;Water;Methyl tert-butyl ether (MTBE);298.15;0.0537;0.290415901;0.290509524;L1;168.7901035
3214;Water;Methyl tert-butyl ether (MTBE);298.15;0.0789;0.290415901;0.290509524;L1;130.3132808
3214;Water;Methyl tert-butyl ether (MTBE);298.15;0.0789;0.290415901;0.290509524;L1;130.3132808
3214;Water;Methyl tert-butyl ether (MTBE);298.15;0.0508;0.290415901;0.290509524;L1;174.3417682
3214;Water;Methyl tert-butyl ether (MTBE);298.15;0.107;0.290415901;0.290509524;L1;99.84852016
3214;Water;Methyl tert-butyl ether (MTBE);298.15;0.066;0.290415901;0.290509524;L1;148.1659294
3214;Water;Methyl tert-butyl ether (MTBE);298.15;0.054710919;0.290415901;0.290509524;L1;166.925073
3214;Water;Methyl tert-butyl ether (MTBE);298.15;0.054710919;0.290415901;0.290509524;L1;166.925073
3214;Water;Methyl tert-butyl ether (MTBE);298.15;0.066;0.290415901;0.290509524;L1;148.1659294
3214;Water;Methyl tert-butyl ether (MTBE);298.15;0.0741;0.290415901;0.290509524;L1;136.5898504
3214;Water;Methyl tert-butyl ether (MTBE);298.15;0.0671;0.290415901;0.290509524;L1;146.5129992
3214;Water;Methyl tert-butyl ether (MTBE);298.2;0.0586;0.290352703;0.290458538;L1;160.0361703
3214;Water;Methyl tert-butyl ether (MTBE);298.2;0.059215165;0.290352703;0.290458538;L1;158.9918725
3214;Water;Methyl tert-butyl ether (MTBE);298.2;0.065403142;0.290352703;0.290458538;L1;149.05261
3214;Water;Methyl tert-butyl ether (MTBE);298.3;0.064963265;0.290226498;0.290356566;L1;149.683969
3214;Water;Methyl tert-butyl ether (MTBE);298.3;0.064963265;0.290226498;0.290356566;L1;149.683969
3214;Water;Methyl tert-butyl ether (MTBE);298.3;0.060546565;0.290226498;0.290356566;L1;156.7248908
3214;Water;Methyl tert-butyl ether (MTBE);302.75;0.063200504;0.28486572;0.285818821;L1;150.5705637
3214;Water;Methyl tert-butyl ether (MTBE);303;0.062;0.284579143;0.285563892;L1;152.3877013
3214;Water;Methyl tert-butyl ether (MTBE);303.143055;0.0925;0.284415845;0.285418016;L1;112.3228765
3214;Water;Methyl tert-butyl ether (MTBE);303.15;0.068;0.28440793;0.285410934;L1;143.0901875
3214;Water;Methyl tert-butyl ether (MTBE);303.15;0.07;0.28440793;0.285410934;L1;140.1914338
3214;Water;Methyl tert-butyl ether (MTBE);307.8;0.073699546;0.279368453;0.280669245;L1;133.2534893
3214;Water;Methyl tert-butyl ether (MTBE);307.9;0.064963265;0.279265689;0.280567274;L1;145.8341663
3214;Water;Methyl tert-butyl ether (MTBE);307.9;0.064963265;0.279265689;0.280567274;L1;145.8341663
3214;Water;Methyl tert-butyl ether (MTBE);308.15;0.0511;0.279009792;0.280312344;L1;169.7462381
3214;Water;Methyl tert-butyl ether (MTBE);308.15;0.058;0.279009792;0.280312344;L1;157.0803868
3214;Water;Methyl tert-butyl ether (MTBE);308.15;0.0584;0.279009792;0.280312344;L1;156.3930988
3214;Water;Methyl tert-butyl ether (MTBE);308.15;0.082;0.279009792;0.280312344;L1;122.4527631
3214;Water;Methyl tert-butyl ether (MTBE);308.2;0.081453417;0.278958787;0.280261358;L1;123.1032768
3214;Water;Methyl tert-butyl ether (MTBE);308.2;0.066720827;0.278958787;0.280261358;L1;143.0546901
3214;Water;Methyl tert-butyl ether (MTBE);308.2;0.059659294;0.278958787;0.280261358;L1;154.2414109
3214;Water;Methyl tert-butyl ether (MTBE);308.2;0.0596;0.278958787;0.280261358;L1;154.340848
3214;Water;Methyl tert-butyl ether (MTBE);312.45;0.068035601;0.274831834;0.275927557;L1;139.6128287
3214;Water;Methyl tert-butyl ether (MTBE);313.15;0.068035601;0.274190927;0.275213754;L1;139.3793565
3214;Water;Methyl tert-butyl ether (MTBE);313.15;0.073699546;0.274190927;0.275213754;L1;131.3828039
3214;Water;Methyl tert-butyl ether (MTBE);313.15;0.068035601;0.274190927;0.275213754;L1;139.3793565
3214;Water;Methyl tert-butyl ether (MTBE);313.15;0.0466;0.274190927;0.275213754;L1;177.2224136
3214;Water;Methyl tert-butyl ether (MTBE);313.15;0.074;0.274190927;0.275213754;L1;130.9759584
3214;Water;Methyl tert-butyl ether (MTBE);313.15;0.068035601;0.274190927;0.275213754;L1;139.3793565
3214;Water;Methyl tert-butyl ether (MTBE);318.15;0.0611;0.269921014;0.270115165;L1;148.561751
3214;Water;Methyl tert-butyl ether (MTBE);318.15;0.0532;0.269921014;0.270115165;L1;162.4070979
3214;Water;Methyl tert-butyl ether (MTBE);321.75;0.072831685;0.267169912;0.267661998;L1;129.9733736
3214;Water;Methyl tert-butyl ether (MTBE);323.15;0.072831685;0.266170418;0.266855569;L1;129.5985677
3214;Water;Methyl tert-butyl ether (MTBE);323.15;0.079;0.266170418;0.266855569;L1;121.4688919
3214;Water;Methyl tert-butyl ether (MTBE);333.15;0.091;0.260114047;0.261095368;L1;105.0260671
3214;Water;Methyl tert-butyl ether (MTBE);273.15;0.981838128;0.998722823;0.998719684;L2;1.705082959
3214;Water;Methyl tert-butyl ether (MTBE);273.15;0.9791;0.998722823;0.998719684;L2;1.98435029
3214;Water;Methyl tert-butyl ether (MTBE);275.5;0.987459;0.998707572;0.998705763;L2;1.132703863
3214;Water;Methyl tert-butyl ether (MTBE);282.85;0.989136441;0.998656499;0.998652491;L2;0.95785942
3214;Water;Methyl tert-butyl ether (MTBE);283.15;0.988122;0.998654305;0.99865017;L2;1.060250581
3214;Water;Methyl tert-butyl ether (MTBE);288.15;0.991448897;0.998616455;0.998611482;L2;0.720337075
3214;Water;Methyl tert-butyl ether (MTBE);288.15;0.9844;0.998616455;0.998611482;L2;1.433845777
3214;Water;Methyl tert-butyl ether (MTBE);288.15;0.9885;0.998616455;0.998611482;L2;1.018213367
3214;Water;Methyl tert-butyl ether (MTBE);292.95;0.991119818;0.998577823;0.998574341;L2;0.749665619
3214;Water;Methyl tert-butyl ether (MTBE);293;0.993804819;0.998577408;0.998573954;L2;0.479084616
3214;Water;Methyl tert-butyl ether (MTBE);293.138;0.99241601;0.998576263;0.998572886;L2;0.618814342
3214;Water;Methyl tert-butyl ether (MTBE);293.14537;0.9942;0.998576202;0.998572829;L2;0.439207276
3214;Water;Methyl tert-butyl ether (MTBE);293.15;0.989;0.998576164;0.998572794;L2;0.963609629
3214;Water;Methyl tert-butyl ether (MTBE);293.15;0.9895;0.998576164;0.998572794;L2;0.913066287
3214;Water;Methyl tert-butyl ether (MTBE);293.15;0.990116591;0.998576164;0.998572794;L2;0.850772303
3214;Water;Methyl tert-butyl ether (MTBE);297.14457;0.9881;0.99854219;0.998541885;L2;1.051249816
3214;Water;Methyl tert-butyl ether (MTBE);298;0.9921;0.998534706;0.998534783;L2;0.64650018
3214;Water;Methyl tert-butyl ether (MTBE);298.15;0.9913;0.998533386;0.998533299;L2;0.727037552
3214;Water;Methyl tert-butyl ether (MTBE);298.15;0.991099;0.998533386;0.998533299;L2;0.747316013
3214;Water;Methyl tert-butyl ether (MTBE);298.15;0.9934;0.998533386;0.998533299;L2;0.515418589
3214;Water;Methyl tert-butyl ether (MTBE);298.15;0.993094282;0.998533386;0.998533299;L2;0.54619824
3214;Water;Methyl tert-butyl ether (MTBE);298.15;0.992252431;0.998533386;0.998533299;L2;0.631004691
3214;Water;Methyl tert-butyl ether (MTBE);298.15;0.991302223;0.998533386;0.998533299;L2;0.726813302
3214;Water;Methyl tert-butyl ether (MTBE);298.15;0.992252431;0.998533386;0.998533299;L2;0.631004691
3214;Water;Methyl tert-butyl ether (MTBE);298.15;0.990258757;0.998533386;0.998533299;L2;0.832130888
3214;Water;Methyl tert-butyl ether (MTBE);298.15;0.992;0.998533386;0.998533299;L2;0.656448128
3214;Water;Methyl tert-butyl ether (MTBE);298.15;0.9933;0.998533386;0.998533299;L2;0.525485534
3214;Water;Methyl tert-butyl ether (MTBE);298.15;0.992235086;0.998533386;0.998533299;L2;0.63275275
3214;Water;Methyl tert-butyl ether (MTBE);298.15;0.9921;0.998533386;0.998533299;L2;0.646367991
3214;Water;Methyl tert-butyl ether (MTBE);298.15;0.991;0.998533386;0.998533299;L2;0.757305423
3214;Water;Methyl tert-butyl ether (MTBE);298.15;0.9931;0.998533386;0.998533299;L2;0.545622465
3214;Water;Methyl tert-butyl ether (MTBE);298.15;0.9911;0.998533386;0.998533299;L2;0.747215115
3214;Water;Methyl tert-butyl ether (MTBE);298.15;0.9891;0.998533386;0.998533299;L2;0.949214982
3214;Water;Methyl tert-butyl ether (MTBE);298.2;0.9942;0.998532946;0.998532805;L2;0.434875376
3214;Water;Methyl tert-butyl ether (MTBE);298.2;0.991425705;0.998532946;0.998532805;L2;0.714313419
3214;Water;Methyl tert-butyl ether (MTBE);298.2;0.991447527;0.998532946;0.998532805;L2;0.712112371
3214;Water;Methyl tert-butyl ether (MTBE);298.3;0.991119818;0.998532064;0.998531816;L2;0.745083122
3214;Water;Methyl tert-butyl ether (MTBE);302.75;0.993504394;0.998491793;0.998487796;L2;0.500744888
3214;Water;Methyl tert-butyl ether (MTBE);303;0.982;0.99848947;0.998485324;L2;1.665229896
3214;Water;Methyl tert-butyl ether (MTBE);303.143055;0.9859;0.998488138;0.998483908;L2;1.268734367
3214;Water;Methyl tert-butyl ether (MTBE);303.15;0.992114194;0.998488074;0.99848384;L2;0.640399285
3214;Water;Methyl tert-butyl ether (MTBE);303.15;0.9921;0.998488074;0.99848384;L2;0.641829977
3214;Water;Methyl tert-butyl ether (MTBE);303.25;0.992988046;0.998487141;0.998482851;L2;0.552264883
3214;Water;Methyl tert-butyl ether (MTBE);307.8;0.993289384;0.99844361;0.998437842;L2;0.517563071
3214;Water;Methyl tert-butyl ether (MTBE);307.9;0.993504394;0.998442629;0.998436853;L2;0.495820884
3214;Water;Methyl tert-butyl ether (MTBE);308.15;0.994;0.998440171;0.99843438;L2;0.445702553
3214;Water;Methyl tert-butyl ether (MTBE);308.15;0.994094077;0.998440171;0.99843438;L2;0.436238513
3214;Water;Methyl tert-butyl ether (MTBE);308.15;0.9936;0.998440171;0.99843438;L2;0.4859521
3214;Water;Methyl tert-butyl ether (MTBE);308.15;0.9928;0.998440171;0.99843438;L2;0.566499829
3214;Water;Methyl tert-butyl ether (MTBE);308.15;0.9944;0.998440171;0.99843438;L2;0.405469199
3214;Water;Methyl tert-butyl ether (MTBE);308.2;0.992274117;0.998439679;0.998433885;L2;0.619434238
3214;Water;Methyl tert-butyl ether (MTBE);308.2;0.992274117;0.998439679;0.998433885;L2;0.619434238
3214;Water;Methyl tert-butyl ether (MTBE);308.2;0.9938;0.998439679;0.998433885;L2;0.465775995
3214;Water;Methyl tert-butyl ether (MTBE);308.2;0.993804819;0.998439679;0.998433885;L2;0.465291089
3214;Water;Methyl tert-butyl ether (MTBE);312.45;0.994787123;0.998396858;0.998391845;L2;0.362208262
3214;Water;Methyl tert-butyl ether (MTBE);313.15;0.994787123;0.998389618;0.99838492;L2;0.361483167
3214;Water;Methyl tert-butyl ether (MTBE);313.15;0.993268023;0.998389618;0.99838492;L2;0.514305919
3214;Water;Methyl tert-butyl ether (MTBE);313.15;0.990197912;0.998389618;0.99838492;L2;0.823876494
3214;Water;Methyl tert-butyl ether (MTBE);313.15;0.9931;0.998389618;0.99838492;L2;0.531223529
3214;Water;Methyl tert-butyl ether (MTBE);313.15;0.9943;0.998389618;0.99838492;L2;0.410462722
3214;Water;Methyl tert-butyl ether (MTBE);313.15;0.994787123;0.998389618;0.99838492;L2;0.361483167
3214;Water;Methyl tert-butyl ether (MTBE);313.15;0.994787123;0.998389618;0.99838492;L2;0.361483167
3214;Water;Methyl tert-butyl ether (MTBE);313.25;0.994570427;0.99838858;0.998383931;L2;0.383164672
3214;Water;Methyl tert-butyl ether (MTBE);318.15;0.9945;0.99833635;0.998335461;L2;0.385014534
3214;Water;Methyl tert-butyl ether (MTBE);318.15;0.995512547;0.99833635;0.998335461;L2;0.283251649
3214;Water;Methyl tert-butyl ether (MTBE);318.15;0.9943;0.99833635;0.998335461;L2;0.405127165
3214;Water;Methyl tert-butyl ether (MTBE);321.75;0.996057416;0.998296276;0.998293244;L2;0.224519966
3214;Water;Methyl tert-butyl ether (MTBE);323.15;0.996057416;0.998280296;0.998276026;L2;0.222919203
3214;Water;Methyl tert-butyl ether (MTBE);323.15;0.9954;0.998280296;0.998276026;L2;0.288942812
3214;Water;Methyl tert-butyl ether (MTBE);323.25;0.995532438;0.998279146;0.998274796;L2;0.275523495
3214;Water;Methyl tert-butyl ether (MTBE);333.15;0.9962;0.998159524;0.998153041;L2;0.196506635
3214;Water;Methyl tert-butyl ether (MTBE);333.25;0.996248017;0.998158256;0.998151811;L2;0.19155973
3345;Water;1-Octanamine;313.15;0.9079;0.315999185;0.316099978;L1;105.5394605
3345;Water;1-Octanamine;323.15;0.8172;0.311417894;0.311470861;L1;96.4748141
3345;Water;1-Octanamine;333.15;0.7825;0.307046018;0.307149117;L1;93.54962897
3345;Water;1-Octanamine;343.15;0.737;0.302886982;0.302952975;L1;88.92281517
3345;Water;1-Octanamine;353.15;0.7017;0.298945693;0.299050578;L1;85.32440346
3345;Water;1-Octanamine;363.15;0.673;0.295228052;0.295313135;L1;82.39972128
3345;Water;1-Octanamine;313.15;0.999791;0.999975737;0.999975688;L2;0.018475873
3345;Water;1-Octanamine;323.15;0.999651;0.999971531;0.999971279;L2;0.032059112
3345;Water;1-Octanamine;333.15;0.999623;0.999966727;0.999966227;L2;0.03437976
3345;Water;1-Octanamine;343.15;0.99951;0.999961259;0.999960911;L2;0.045137862
3345;Water;1-Octanamine;353.15;0.999637;0.999955053;0.999954722;L2;0.031811833
3345;Water;1-Octanamine;363.15;0.999777;0.999948029;0.999948041;L2;0.017105224
4787;N-Methyl-2-pyrrolidone;Cyclooctane;265.87;0.0392;;;L1;
4787;N-Methyl-2-pyrrolidone;Cyclooctane;279.89;0.1308;;;L1;
4787;N-Methyl-2-pyrrolidone;Cyclooctane;285.17;0.1826;;;L1;
4787;N-Methyl-2-pyrrolidone;Cyclooctane;286.349;0.173;;;L1;
4787;N-Methyl-2-pyrrolidone;Cyclooctane;287.666;0.217;;;L1;
4787;N-Methyl-2-pyrrolidone;Cyclooctane;288.66;0.2512;;;L1;
4787;N-Methyl-2-pyrrolidone;Cyclooctane;288.694;0.232;;;L1;
4787;N-Methyl-2-pyrrolidone;Cyclooctane;289.489;0.244;;;L1;
4787;N-Methyl-2-pyrrolidone;Cyclooctane;289.9;0.3173;;;L1;
4787;N-Methyl-2-pyrrolidone;Cyclooctane;290.059;0.287;;;L1;
4787;N-Methyl-2-pyrrolidone;Cyclooctane;290.24;0.3805;;;L1;
4787;N-Methyl-2-pyrrolidone;Cyclooctane;290.35;0.4404;;;L1;
4787;N-Methyl-2-pyrrolidone;Cyclooctane;290.472;0.315;;;L1;
4787;N-Methyl-2-pyrrolidone;Cyclooctane;290.788;0.321;;;L1;
4787;N-Methyl-2-pyrrolidone;Cyclooctane;291.025;0.336;;;L1;
4787;N-Methyl-2-pyrrolidone;Cyclooctane;291.13;0.1589;;;L1;
4787;N-Methyl-2-pyrrolidone;Cyclooctane;291.156;0.357;;;L1;
4787;N-Methyl-2-pyrrolidone;Cyclooctane;291.246;0.375;;;L1;
4787;N-Methyl-2-pyrrolidone;Cyclooctane;291.347;0.38;;;L1;
4787;N-Methyl-2-pyrrolidone;Cyclooctane;291.395;0.395;;;L1;
4787;N-Methyl-2-pyrrolidone;Cyclooctane;291.419;0.407;;;L1;
4787;N-Methyl-2-pyrrolidone;Cyclooctane;291.44;0.2048;;;L1;
4787;N-Methyl-2-pyrrolidone;Cyclooctane;291.443;0.408;;;L1;
4787;N-Methyl-2-pyrrolidone;Cyclooctane;291.45;0.1972;;;L1;
4787;N-Methyl-2-pyrrolidone;Cyclooctane;291.486;0.422;;;L1;
4787;N-Methyl-2-pyrrolidone;Cyclooctane;291.53;0.457;;;L1;
4787;N-Methyl-2-pyrrolidone;Cyclooctane;291.57;0.3552;;;L1;
4787;N-Methyl-2-pyrrolidone;Cyclooctane;291.61;0.3038;;;L1;
4787;N-Methyl-2-pyrrolidone;Cyclooctane;291.62;0.4381;;;L1;
4787;N-Methyl-2-pyrrolidone;Cyclooctane;291.8;0.405;;;L1;
4787;N-Methyl-2-pyrrolidone;Cyclooctane;291.85;0.3598;;;L1;
4787;N-Methyl-2-pyrrolidone;Cyclooctane;291.87;0.2832;;;L1;
4787;N-Methyl-2-pyrrolidone;Cyclooctane;291.98;0.3355;;;L1;
4787;N-Methyl-2-pyrrolidone;Cyclooctane;268.64;0.8661;;;L2;
4787;N-Methyl-2-pyrrolidone;Cyclooctane;277.78;0.8034;;;L2;
4787;N-Methyl-2-pyrrolidone;Cyclooctane;278.16;0.8059;;;L2;
4787;N-Methyl-2-pyrrolidone;Cyclooctane;279.68;0.7587;;;L2;
4787;N-Methyl-2-pyrrolidone;Cyclooctane;284.07;0.7109;;;L2;
4787;N-Methyl-2-pyrrolidone;Cyclooctane;285.34;0.7053;;;L2;
4787;N-Methyl-2-pyrrolidone;Cyclooctane;285.79;0.7012;;;L2;
4787;N-Methyl-2-pyrrolidone;Cyclooctane;286.21;0.686;;;L2;
4787;N-Methyl-2-pyrrolidone;Cyclooctane;286.349;0.681;;;L2;
4787;N-Methyl-2-pyrrolidone;Cyclooctane;287.03;0.6619;;;L2;
4787;N-Methyl-2-pyrrolidone;Cyclooctane;287.666;0.666;;;L2;
4787;N-Methyl-2-pyrrolidone;Cyclooctane;288.694;0.649;;;L2;
4787;N-Methyl-2-pyrrolidone;Cyclooctane;288.72;0.6089;;;L2;
4787;N-Methyl-2-pyrrolidone;Cyclooctane;289.34;0.5998;;;L2;
4787;N-Methyl-2-pyrrolidone;Cyclooctane;289.489;0.631;;;L2;
4787;N-Methyl-2-pyrrolidone;Cyclooctane;289.65;0.5548;;;L2;
4787;N-Methyl-2-pyrrolidone;Cyclooctane;289.79;0.6037;;;L2;
4787;N-Methyl-2-pyrrolidone;Cyclooctane;290.01;0.4986;;;L2;
4787;N-Methyl-2-pyrrolidone;Cyclooctane;290.059;0.613;;;L2;
4787;N-Methyl-2-pyrrolidone;Cyclooctane;290.23;0.553;;;L2;
4787;N-Methyl-2-pyrrolidone;Cyclooctane;290.472;0.597;;;L2;
4787;N-Methyl-2-pyrrolidone;Cyclooctane;290.57;0.5551;;;L2;
4787;N-Methyl-2-pyrrolidone;Cyclooctane;290.788;0.584;;;L2;
4787;N-Methyl-2-pyrrolidone;Cyclooctane;291.025;0.569;;;L2;
4787;N-Methyl-2-pyrrolidone;Cyclooctane;291.11;0.5059;;;L2;
4787;N-Methyl-2-pyrrolidone;Cyclooctane;291.156;0.558;;;L2;
4787;N-Methyl-2-pyrrolidone;Cyclooctane;291.246;0.544;;;L2;
4787;N-Methyl-2-pyrrolidone;Cyclooctane;291.3;0.4964;;;L2;
4787;N-Methyl-2-pyrrolidone;Cyclooctane;291.347;0.54;;;L2;
4787;N-Methyl-2-pyrrolidone;Cyclooctane;291.395;0.533;;;L2;
4787;N-Methyl-2-pyrrolidone;Cyclooctane;291.419;0.534;;;L2;
4787;N-Methyl-2-pyrrolidone;Cyclooctane;291.42;0.4871;;;L2;
4787;N-Methyl-2-pyrrolidone;Cyclooctane;291.443;0.526;;;L2;
4787;N-Methyl-2-pyrrolidone;Cyclooctane;291.486;0.501;;;L2;
5109;Acetophenone;Formamide;265.98;0.1578;0.092293735;0.092329013;L1;53.63521464
5109;Acetophenone;Formamide;268.31;0.1622;0.094046949;0.094107192;L1;54.50360282
5109;Acetophenone;Formamide;270.66;0.1659;0.095881929;0.095900635;L1;54.82676732
5109;Acetophenone;Formamide;273.98;0.1707;0.098593878;0.098657091;L1;54.8898461
5109;Acetophenone;Formamide;276.72;0.1759;0.100942963;0.100966395;L1;55.53600206
5109;Acetophenone;Formamide;279.18;0.1805;0.103142125;0.103199354;L1;55.96228819
5109;Acetophenone;Formamide;281.26;0.1875;0.105071362;0.105132641;L1;57.91390894
5109;Acetophenone;Formamide;283.25;0.1928;0.106979689;0.106982277;L1;58.90143847
5109;Acetophenone;Formamide;284.45;0.1973;0.108161124;0.108205997;L1;60.11034096
5109;Acetophenone;Formamide;286.22;0.2025;0.109947415;0.110019072;L1;61.07376822
5109;Acetophenone;Formamide;288.1;0.2086;0.111903826;0.111944824;L1;62.27787334
5109;Acetophenone;Formamide;290.02;0.2172;0.113967444;0.114009354;L1;64.49057573
5109;Acetophenone;Formamide;291.76;0.2287;0.115897395;0.11597375;L1;67.97058296
5109;Acetophenone;Formamide;292.69;0.2348;0.116953118;0.117023685;L1;69.6960931
5109;Acetophenone;Formamide;293.68;0.2421;0.118096045;0.118141358;L1;71.78526288
5109;Acetophenone;Formamide;294.51;0.249;0.119069789;0.119078398;L1;73.77431108
5109;Acetophenone;Formamide;295.77;0.2628;0.120575806;0.120628988;L1;77.91146329
5109;Acetophenone;Formamide;296.55;0.2762;0.121525331;0.121599757;L1;82.10025121
5109;Acetophenone;Formamide;297.11;0.2897;0.122215355;0.122296718;L1;86.3061214
5109;Acetophenone;Formamide;297.64;0.3094;0.122874922;0.122956343;L1;92.34679913
5109;Acetophenone;Formamide;298.04;0.3416;0.12337696;0.123454172;L1;101.8396075
5109;Acetophenone;Formamide;298.32;0.3721;0.123730585;0.123802653;L1;110.1056136
5109;Acetophenone;Formamide;298.55;0.3935;0.124022428;0.124088905;L1;115.4618644
5109;Acetophenone;Formamide;265.31;0.7052;0.723601519;0.723573444;L2;2.575940255
5109;Acetophenone;Formamide;266.91;0.7;0.720442309;0.720349786;L2;2.878500707
5109;Acetophenone;Formamide;269.58;0.6925;0.715050825;0.714970307;L2;3.204538551
5109;Acetophenone;Formamide;271.76;0.6849;0.710535009;0.710498779;L2;3.674537723
5109;Acetophenone;Formamide;273.25;0.6785;0.707388088;0.70729188;L2;4.169495865
5109;Acetophenone;Formamide;274.58;0.6728;0.704536777;0.704429346;L2;4.609242422
5109;Acetophenone;Formamide;276.24;0.6659;0.700920873;0.700856559;L2;5.12554943
5109;Acetophenone;Formamide;277.82;0.6595;0.697419102;0.697386264;L2;5.590455267
5109;Acetophenone;Formamide;278.5;0.6568;0.695893623;0.695824454;L2;5.781724959
5109;Acetophenone;Formamide;279.78;0.6498;0.692991639;0.692884577;L2;6.435331091
5109;Acetophenone;Formamide;281.16;0.6427;0.689817585;0.689715022;L2;7.07491408
5109;Acetophenone;Formamide;282.42;0.6352;0.686877649;0.68682108;L2;7.821627147
5109;Acetophenone;Formamide;284.23;0.6266;0.682582851;0.682522711;L2;8.557553419
5109;Acetophenone;Formamide;285.49;0.6189;0.679542175;0.679435848;L2;9.347559105
5109;Acetophenone;Formamide;286.8;0.609;0.676335483;0.676226491;L2;10.48709618
5109;Acetophenone;Formamide;287.88;0.5986;0.673656334;0.673580609;L2;11.81264958
5109;Acetophenone;Formamide;288.68;0.5933;0.671650757;0.671620696;L2;12.4038326
5109;Acetophenone;Formamide;289.36;0.5858;0.669931734;0.669910153;L2;13.41973835
5109;Acetophenone;Formamide;290.32;0.5781;0.667482235;0.667402393;L2;14.37659121
5109;Acetophenone;Formamide;291.05;0.5711;0.66560161;0.66549545;L2;15.31269832
5109;Acetophenone;Formamide;292.69;0.5562;0.661318852;0.661211358;L2;17.31081604
5109;Acetophenone;Formamide;293.2;0.5495;0.659970429;0.659879111;L2;18.3186255
5109;Acetophenone;Formamide;294.13;0.5403;0.657490906;0.657449717;L2;19.63063916
5109;Acetophenone;Formamide;295.39;0.5217;0.654088251;0.654032406;L2;22.61495731
5109;Acetophenone;Formamide;296.23;0.5054;0.651791625;0.651692874;L2;25.43747216
5109;Acetophenone;Formamide;296.78;0.4942;0.650275447;0.650161038;L2;27.44557446
5109;Acetophenone;Formamide;297.26;0.4849;0.648944097;0.648824163;L2;29.14038922
5109;Acetophenone;Formamide;297.77;0.4721;0.647521138;0.647403733;L2;31.59606113
5109;Acetophenone;Formamide;298.37;0.4462;0.645835869;0.645732639;L2;36.97781162
5109;Acetophenone;Formamide;298.57;0.4258;0.645271397;0.645175607;L2;41.57012468
5214;Carbonic acid dimethyl ester;Hexadecane;286.12;0.3209;0.190998371;0.191491436;L1;51.88646466
5214;Carbonic acid dimethyl ester;Hexadecane;291.22;0.3597;0.213462391;0.213802932;L1;52.18096867
5214;Carbonic acid dimethyl ester;Hexadecane;295.56;0.3944;0.233939127;0.234260699;L1;52.23046833
5214;Carbonic acid dimethyl ester;Hexadecane;297.87;0.415;0.245368701;0.245546473;L1;52.55165393
5214;Carbonic acid dimethyl ester;Hexadecane;303.28;0.4748;0.273646014;0.273880804;L1;55.10583122
5214;Carbonic acid dimethyl ester;Hexadecane;304.67;0.4906;0.281265907;0.281361215;L1;55.63286214
5214;Carbonic acid dimethyl ester;Hexadecane;304.94;0.4944;0.282763371;0.282920822;L1;55.87345041
5214;Carbonic acid dimethyl ester;Hexadecane;306.84;0.517;0.293463306;0.293895837;L1;56.6290264
5214;Carbonic acid dimethyl ester;Hexadecane;306.98;0.5218;0.294263088;0.294704523;L1;57.28101487
5214;Carbonic acid dimethyl ester;Hexadecane;307.849;0.531;0.299262853;0.299724148;L1;57.34397271
5214;Carbonic acid dimethyl ester;Hexadecane;309.257;0.547;0.307494855;0.307857212;L1;57.59904466
5214;Carbonic acid dimethyl ester;Hexadecane;309.52;0.5546;0.309050729;0.309376385;L1;58.47416976
5214;Carbonic acid dimethyl ester;Hexadecane;310.451;0.571;0.314605165;0.314754143;L1;59.60708019
5214;Carbonic acid dimethyl ester;Hexadecane;311.549;0.592;0.321250905;0.321382929;L1;61.12841804
5214;Carbonic acid dimethyl ester;Hexadecane;312.557;0.61;0.327444066;0.327770604;L1;62.21417061
5214;Carbonic acid dimethyl ester;Hexadecane;312.72;0.6184;0.328453943;0.328803532;L1;63.27388731
5214;Carbonic acid dimethyl ester;Hexadecane;313.341;0.627;0.332323068;0.332738796;L1;63.48389488
5214;Carbonic acid dimethyl ester;Hexadecane;313.49;0.6352;0.333256549;0.333683006;L1;64.50272989
5214;Carbonic acid dimethyl ester;Hexadecane;313.97;0.642;0.336277377;0.336724756;L1;64.66519575
5214;Carbonic acid dimethyl ester;Hexadecane;314.41;0.6597;0.33906489;0.339513027;L1;66.55936801
5214;Carbonic acid dimethyl ester;Hexadecane;314.546;0.659;0.339930076;0.340374856;L1;66.19835963
5214;Carbonic acid dimethyl ester;Hexadecane;314.59;0.6707;0.340210354;0.340653683;L1;67.8757829
5214;Carbonic acid dimethyl ester;Hexadecane;314.953;0.673;0.342529472;0.342954007;L1;67.53876261
5214;Carbonic acid dimethyl ester;Hexadecane;315.254;0.684;0.34446177;0.344861438;L1;68.59748057
5214;Carbonic acid dimethyl ester;Hexadecane;315.4;0.6991;0.34540208;0.345786637;L1;70.50846067
5214;Carbonic acid dimethyl ester;Hexadecane;315.462;0.692;0.345801994;0.346179529;L1;69.37196162
5214;Carbonic acid dimethyl ester;Hexadecane;315.625;0.699;0.346855106;0.347212457;L1;70.07436121
5214;Carbonic acid dimethyl ester;Hexadecane;315.775;0.707;0.347826441;0.348163004;L1;70.93270445
5214;Carbonic acid dimethyl ester;Hexadecane;315.892;0.714;0.348585559;0.348904431;L1;71.69992551
5214;Carbonic acid dimethyl ester;Hexadecane;315.92;0.7274;0.348767421;0.349081866;L1;73.50712476
5214;Carbonic acid dimethyl ester;Hexadecane;315.977;0.719;0.34913787;0.349443074;L1;72.23944707
5214;Carbonic acid dimethyl ester;Hexadecane;316.049;0.723;0.349606247;0.349899336;L1;72.66017104
5214;Carbonic acid dimethyl ester;Hexadecane;316.115;0.728;0.350036026;0.350317577;L1;73.22649687
5214;Carbonic acid dimethyl ester;Hexadecane;316.16;0.766;0.350329295;0.350602741;L1;78.23086154
5214;Carbonic acid dimethyl ester;Hexadecane;316.173;0.735;0.350414053;0.350685122;L1;74.07550355
5214;Carbonic acid dimethyl ester;Hexadecane;316.219;0.738;0.350714096;0.350976623;L1;74.39724742
5214;Carbonic acid dimethyl ester;Hexadecane;316.24;0.7902;0.350851139;0.351109699;L1;81.19240485
5214;Carbonic acid dimethyl ester;Hexadecane;316.26;0.743;0.350981696;0.351236439;L1;74.99619701
5214;Carbonic acid dimethyl ester;Hexadecane;316.293;0.747;0.351197199;0.351445559;L1;75.47173003
5214;Carbonic acid dimethyl ester;Hexadecane;316.32;0.749;0.351373596;0.351616658;L1;75.68889497
5214;Carbonic acid dimethyl ester;Hexadecane;316.344;0.753;0.351530453;0.351768745;L1;76.17688842
5214;Carbonic acid dimethyl ester;Hexadecane;316.364;0.756;0.351661209;0.351895485;L1;76.53731399
5214;Carbonic acid dimethyl ester;Hexadecane;316.387;0.763;0.351811625;0.352041235;L1;77.41621546
5214;Carbonic acid dimethyl ester;Hexadecane;316.403;0.765;0.351916293;0.352142627;L1;77.64824909
5214;Carbonic acid dimethyl ester;Hexadecane;316.415;0.767;0.35199481;0.352218671;L1;77.8870371
5214;Carbonic acid dimethyl ester;Hexadecane;316.426;0.77;0.352066796;0.352288378;L1;78.25695969
5214;Carbonic acid dimethyl ester;Hexadecane;316.439;0.777;0.352151885;0.352370758;L1;79.13777767
5214;Carbonic acid dimethyl ester;Hexadecane;316.444;0.78;0.352184616;0.352402443;L1;79.51384047
5214;Carbonic acid dimethyl ester;Hexadecane;316.447;0.782;0.352204256;0.352421454;L1;79.76434617
5214;Carbonic acid dimethyl ester;Hexadecane;316.451;0.788;0.352230443;0.352446802;L1;80.52124602
5214;Carbonic acid dimethyl ester;Hexadecane;292.72;0.9714;0.963863826;0.963723009;L2;0.778830414
5214;Carbonic acid dimethyl ester;Hexadecane;304.36;0.9513;0.953152515;0.953146337;L2;0.194545722
5214;Carbonic acid dimethyl ester;Hexadecane;306.84;0.947;0.950409728;0.95023514;L2;0.359409079
5214;Carbonic acid dimethyl ester;Hexadecane;307.849;0.944;0.949238564;0.949050706;L2;0.55339855
5214;Carbonic acid dimethyl ester;Hexadecane;309.257;0.938;0.947547383;0.947397897;L2;1.01269954
5214;Carbonic acid dimethyl ester;Hexadecane;310.451;0.933;0.946058741;0.945996296;L2;1.389946008
5214;Carbonic acid dimethyl ester;Hexadecane;310.9;0.9288;0.945485451;0.945469229;L2;1.780506984
5214;Carbonic acid dimethyl ester;Hexadecane;311.549;0.926;0.944643351;0.944581311;L2;1.993321512
5214;Carbonic acid dimethyl ester;Hexadecane;312.557;0.92;0.943302951;0.943149256;L2;2.501382437
5214;Carbonic acid dimethyl ester;Hexadecane;312.67;0.9157;0.943150159;0.942988718;L2;2.953670515
5214;Carbonic acid dimethyl ester;Hexadecane;313.16;0.9116;0.942481587;0.94229258;L2;3.331508584
5214;Carbonic acid dimethyl ester;Hexadecane;313.341;0.913;0.942232117;0.942035435;L2;3.151577236
5214;Carbonic acid dimethyl ester;Hexadecane;313.46;0.9066;0.942067355;0.941866373;L2;3.837543531
5214;Carbonic acid dimethyl ester;Hexadecane;313.97;0.907;0.941354447;0.941141821;L2;3.717728884
5214;Carbonic acid dimethyl ester;Hexadecane;314.37;0.8994;0.940787486;0.940573545;L2;4.498940175
5214;Carbonic acid dimethyl ester;Hexadecane;314.546;0.899;0.940535811;0.940323503;L2;4.516669016
5214;Carbonic acid dimethyl ester;Hexadecane;314.953;0.894;0.939948554;0.939745282;L2;5.011936918
5214;Carbonic acid dimethyl ester;Hexadecane;315.254;0.888;0.939509458;0.939317655;L2;5.638614287
5214;Carbonic acid dimethyl ester;Hexadecane;315.462;0.884;0.939203618;0.939022151;L2;6.057523841
5214;Carbonic acid dimethyl ester;Hexadecane;315.61;0.8737;0.938984788;0.938811889;L2;7.206221188
5214;Carbonic acid dimethyl ester;Hexadecane;315.625;0.88;0.938962553;0.938790579;L2;6.485369134
5214;Carbonic acid dimethyl ester;Hexadecane;315.775;0.875;0.938739625;0.938577475;L2;7.031426466
5214;Carbonic acid dimethyl ester;Hexadecane;315.892;0.872;0.938565011;0.938411254;L2;7.356270115
5214;Carbonic acid dimethyl ester;Hexadecane;315.96;0.8579;0.938463231;0.938314647;L2;8.975613413
5214;Carbonic acid dimethyl ester;Hexadecane;315.977;0.868;0.938437752;0.938290496;L2;7.802481185
5214;Carbonic acid dimethyl ester;Hexadecane;316.049;0.865;0.938329689;0.938188206;L2;8.137186104
5214;Carbonic acid dimethyl ester;Hexadecane;316.115;0.863;0.938230416;0.938094441;L2;8.358087342
5214;Carbonic acid dimethyl ester;Hexadecane;316.13;0.8338;0.938207825;0.93807313;L2;11.79779205
5214;Carbonic acid dimethyl ester;Hexadecane;316.173;0.859;0.938143005;0.938012041;L2;8.813347242
5214;Carbonic acid dimethyl ester;Hexadecane;316.21;0.8105;0.938087159;0.937959475;L2;14.61915234
5214;Carbonic acid dimethyl ester;Hexadecane;316.219;0.855;0.938073565;0.937946689;L2;9.272690432
5214;Carbonic acid dimethyl ester;Hexadecane;316.26;0.853;0.938011588;0.93788844;L2;9.500275502
5214;Carbonic acid dimethyl ester;Hexadecane;316.293;0.85;0.937961645;0.937841558;L2;9.847270871
5214;Carbonic acid dimethyl ester;Hexadecane;316.32;0.848;0.937920744;0.937803199;L2;10.07848154
5214;Carbonic acid dimethyl ester;Hexadecane;316.344;0.846;0.937884359;0.937769102;L2;10.31072969
5214;Carbonic acid dimethyl ester;Hexadecane;316.364;0.843;0.937854016;0.937740689;L2;10.66273459
5214;Carbonic acid dimethyl ester;Hexadecane;316.387;0.838;0.937819099;0.937708013;L2;11.25389713
5214;Carbonic acid dimethyl ester;Hexadecane;316.403;0.836;0.937794793;0.937685282;L2;11.49025413
5214;Carbonic acid dimethyl ester;Hexadecane;316.415;0.834;0.937776556;0.937668233;L2;11.72783049
5214;Carbonic acid dimethyl ester;Hexadecane;316.426;0.831;0.937759832;0.937652606;L2;12.0864079
5214;Carbonic acid dimethyl ester;Hexadecane;316.439;0.821;0.937740061;0.937634137;L2;13.29496802
5214;Carbonic acid dimethyl ester;Hexadecane;316.444;0.815;0.937732454;0.937627033;L2;14.02765647
6154;Aniline;2,2,3-Trimethylbutane;344.52386;0.4;;;L1;
6154;Aniline;2,2,3-Trimethylbutane;344.52386;0.4;;;L1;
6154;Aniline;2,2,3-Trimethylbutane;344.52386;0.4;;;L1;
6154;Aniline;2,2,3-Trimethylbutane;344.62385;0.4;;;L1;
6154;Aniline;2,2,3-Trimethylbutane;344.62385;0.4;;;L1;
6154;Aniline;2,2,3-Trimethylbutane;344.72384;0.41;;;L1;
6154;Aniline;2,2,3-Trimethylbutane;345.22379;0.44;;;L1;
6154;Aniline;2,2,3-Trimethylbutane;345.22379;0.44;;;L1;
6154;Aniline;2,2,3-Trimethylbutane;345.22379;0.44;;;L1;
6154;Aniline;2,2,3-Trimethylbutane;345.22379;0.44;;;L1;
6154;Aniline;2,2,3-Trimethylbutane;345.32378;0.46;;;L1;
6154;Aniline;2,2,3-Trimethylbutane;345.32378;0.46;;;L1;
6154;Aniline;2,2,3-Trimethylbutane;345.32378;0.46;;;L1;
6154;Aniline;2,2,3-Trimethylbutane;345.42377;0.48;;;L1;
6154;Aniline;2,2,3-Trimethylbutane;345.42377;0.48;;;L1;
6154;Aniline;2,2,3-Trimethylbutane;345.42377;0.48;;;L1;
6154;Aniline;2,2,3-Trimethylbutane;345.42377;0.48;;;L1;
6154;Aniline;2,2,3-Trimethylbutane;345.42377;0.47;;;L1;
6154;Aniline;2,2,3-Trimethylbutane;345.52376;0.5;;;L1;
6154;Aniline;2,2,3-Trimethylbutane;345.52376;0.51;;;L1;
6154;Aniline;2,2,3-Trimethylbutane;345.52376;0.51;;;L1;
6154;Aniline;2,2,3-Trimethylbutane;345.52376;0.52;;;L1;
6154;Aniline;2,2,3-Trimethylbutane;345.52376;0.52;;;L1;
6154;Aniline;2,2,3-Trimethylbutane;345.52376;0.52;;;L1;
6154;Aniline;2,2,3-Trimethylbutane;342.024;0.75;;;L2;
6154;Aniline;2,2,3-Trimethylbutane;343.42397;0.7;;;L2;
6154;Aniline;2,2,3-Trimethylbutane;343.42397;0.7;;;L2;
6154;Aniline;2,2,3-Trimethylbutane;343.52396;0.7;;;L2;
6154;Aniline;2,2,3-Trimethylbutane;343.52396;0.7;;;L2;
6154;Aniline;2,2,3-Trimethylbutane;343.62395;0.7;;;L2;
6154;Aniline;2,2,3-Trimethylbutane;343.82393;0.69;;;L2;
6154;Aniline;2,2,3-Trimethylbutane;344.52386;0.66;;;L2;
6154;Aniline;2,2,3-Trimethylbutane;344.62385;0.66;;;L2;
6154;Aniline;2,2,3-Trimethylbutane;344.72384;0.66;;;L2;
6154;Aniline;2,2,3-Trimethylbutane;344.82383;0.65;;;L2;
6154;Aniline;2,2,3-Trimethylbutane;344.92382;0.64;;;L2;
6154;Aniline;2,2,3-Trimethylbutane;344.92382;0.64;;;L2;
6154;Aniline;2,2,3-Trimethylbutane;344.92382;0.65;;;L2;
6154;Aniline;2,2,3-Trimethylbutane;345.1238;0.62;;;L2;
6154;Aniline;2,2,3-Trimethylbutane;345.1238;0.61;;;L2;
6154;Aniline;2,2,3-Trimethylbutane;345.1238;0.62;;;L2;
6154;Aniline;2,2,3-Trimethylbutane;345.22379;0.6;;;L2;
6154;Aniline;2,2,3-Trimethylbutane;345.32378;0.58;;;L2;
6154;Aniline;2,2,3-Trimethylbutane;345.42377;0.54;;;L2;
6154;Aniline;2,2,3-Trimethylbutane;345.52376;0.53;;;L2;
6155;Aniline;3-Methylhexane;342.624;0.4;0.311900474;0.313445033;L1;24.87804041
6155;Aniline;3-Methylhexane;342.624;0.4;0.311900474;0.313445033;L1;24.87804041
6155;Aniline;3-Methylhexane;342.724;0.4;0.31315133;0.314822001;L1;24.47779915
6155;Aniline;3-Methylhexane;342.724;0.4;0.31315133;0.314822001;L1;24.47779915
6155;Aniline;3-Methylhexane;342.724;0.4;0.31315133;0.314822001;L1;24.47779915
6155;Aniline;3-Methylhexane;342.824;0.41;0.314412608;0.316198968;L1;26.54509983
6155;Aniline;3-Methylhexane;343.22399;0.44;0.319566339;0.321706699;L1;31.98098414
6155;Aniline;3-Methylhexane;343.32398;0.44;0.320883066;0.323083528;L1;31.569795
6155;Aniline;3-Methylhexane;343.32398;0.44;0.320883066;0.323083528;L1;31.569795
6155;Aniline;3-Methylhexane;343.32398;0.44;0.320883066;0.323083528;L1;31.569795
6155;Aniline;3-Methylhexane;343.42397;0.46;0.322211666;0.324460358;L1;35.60178122
6155;Aniline;3-Methylhexane;343.42397;0.46;0.322211666;0.324460358;L1;35.60178122
6155;Aniline;3-Methylhexane;343.42397;0.46;0.322211666;0.324460358;L1;35.60178122
6155;Aniline;3-Methylhexane;343.52396;0.48;0.323552414;0.325837187;L1;39.44249805
6155;Aniline;3-Methylhexane;343.52396;0.48;0.323552414;0.325837187;L1;39.44249805
6155;Aniline;3-Methylhexane;343.52396;0.48;0.323552414;0.325837187;L1;39.44249805
6155;Aniline;3-Methylhexane;343.52396;0.48;0.323552414;0.325837187;L1;39.44249805
6155;Aniline;3-Methylhexane;343.52396;0.47;0.323552414;0.325837187;L1;37.33715713
6155;Aniline;3-Methylhexane;343.62395;0.5;0.324905599;0.327214017;L1;43.10734225
6155;Aniline;3-Methylhexane;343.62395;0.51;0.324905599;0.327214017;L1;45.08760498
6155;Aniline;3-Methylhexane;343.62395;0.51;0.324905599;0.327214017;L1;45.08760498
6155;Aniline;3-Methylhexane;343.62395;0.52;0.324905599;0.327214017;L1;47.02941357
6155;Aniline;3-Methylhexane;343.62395;0.52;0.324905599;0.327214017;L1;47.02941357
6155;Aniline;3-Methylhexane;343.62395;0.52;0.324905599;0.327214017;L1;47.02941357
6155;Aniline;3-Methylhexane;340.724;0.75;0.687268431;0.686117664;L2;8.734826148
6155;Aniline;3-Methylhexane;341.824;0.7;0.675648997;0.675468528;L2;3.540662892
6155;Aniline;3-Methylhexane;341.824;0.7;0.675648997;0.675468528;L2;3.540662892
6155;Aniline;3-Methylhexane;341.924;0.7;0.67454459;0.674166062;L2;3.704255335
6155;Aniline;3-Methylhexane;341.924;0.7;0.67454459;0.674166062;L2;3.704255335
6155;Aniline;3-Methylhexane;342.024;0.7;0.673431518;0.672863596;L2;3.869402511
6155;Aniline;3-Methylhexane;342.124;0.69;0.672309614;0.67156113;L2;2.597262754
6155;Aniline;3-Methylhexane;342.724;0.66;0.665382652;0.663746336;L2;0.812245716
6155;Aniline;3-Methylhexane;342.824;0.66;0.664193755;0.66244387;L2;0.633407103
6155;Aniline;3-Methylhexane;342.924;0.65;0.662994466;0.661141405;L2;1.979428108
6155;Aniline;3-Methylhexane;342.924;0.65;0.662994466;0.661141405;L2;1.979428108
6155;Aniline;3-Methylhexane;342.924;0.66;0.662994466;0.661141405;L2;0.452680895
6155;Aniline;3-Methylhexane;343.124;0.64;0.660563798;0.658536473;L2;3.162553409
6155;Aniline;3-Methylhexane;343.124;0.64;0.660563798;0.658536473;L2;3.162553409
6155;Aniline;3-Methylhexane;343.32398;0.6;0.658088968;0.655931802;L2;9.241047665
6155;Aniline;3-Methylhexane;343.42397;0.6;0.656834257;0.654629467;L2;9.050205909
6155;Aniline;3-Methylhexane;343.52396;0.56;0.655567651;0.653327131;L2;15.75647192
6155;Aniline;3-Methylhexane;343.62395;0.53;0.654288862;0.652024796;L2;21.06719326
6156;Aniline;2,2-Dimethylpentane;349.82333;0.4;;;L1;
6156;Aniline;2,2-Dimethylpentane;349.82333;0.4;;;L1;
6156;Aniline;2,2-Dimethylpentane;349.82333;0.4;;;L1;
6156;Aniline;2,2-Dimethylpentane;349.82333;0.4;;;L1;
6156;Aniline;2,2-Dimethylpentane;349.82333;0.4;;;L1;
6156;Aniline;2,2-Dimethylpentane;349.92332;0.41;;;L1;
6156;Aniline;2,2-Dimethylpentane;350.22329;0.44;;;L1;
6156;Aniline;2,2-Dimethylpentane;350.32328;0.44;;;L1;
6156;Aniline;2,2-Dimethylpentane;350.32328;0.44;;;L1;
6156;Aniline;2,2-Dimethylpentane;350.32328;0.44;;;L1;
6156;Aniline;2,2-Dimethylpentane;350.52326;0.46;;;L1;
6156;Aniline;2,2-Dimethylpentane;350.52326;0.46;;;L1;
6156;Aniline;2,2-Dimethylpentane;350.62325;0.46;;;L1;
6156;Aniline;2,2-Dimethylpentane;350.72324;0.48;;;L1;
6156;Aniline;2,2-Dimethylpentane;350.72324;0.48;;;L1;
6156;Aniline;2,2-Dimethylpentane;350.72324;0.48;;;L1;
6156;Aniline;2,2-Dimethylpentane;350.72324;0.48;;;L1;
6156;Aniline;2,2-Dimethylpentane;350.72324;0.5;;;L1;
6156;Aniline;2,2-Dimethylpentane;350.72324;0.51;;;L1;
6156;Aniline;2,2-Dimethylpentane;350.72324;0.51;;;L1;
6156;Aniline;2,2-Dimethylpentane;350.72324;0.52;;;L1;
6156;Aniline;2,2-Dimethylpentane;350.72324;0.52;;;L1;
6156;Aniline;2,2-Dimethylpentane;350.72324;0.47;;;L1;
6156;Aniline;2,2-Dimethylpentane;350.72324;0.52;;;L1;
6156;Aniline;2,2-Dimethylpentane;348.92342;0.75;;;L2;
6156;Aniline;2,2-Dimethylpentane;349.42337;0.7;;;L2;
6156;Aniline;2,2-Dimethylpentane;349.42337;0.7;;;L2;
6156;Aniline;2,2-Dimethylpentane;349.52336;0.7;;;L2;
6156;Aniline;2,2-Dimethylpentane;349.52336;0.7;;;L2;
6156;Aniline;2,2-Dimethylpentane;349.52336;0.7;;;L2;
6156;Aniline;2,2-Dimethylpentane;349.62335;0.69;;;L2;
6156;Aniline;2,2-Dimethylpentane;349.82333;0.66;;;L2;
6156;Aniline;2,2-Dimethylpentane;349.92332;0.66;;;L2;
6156;Aniline;2,2-Dimethylpentane;350.02331;0.65;;;L2;
6156;Aniline;2,2-Dimethylpentane;350.02331;0.65;;;L2;
6156;Aniline;2,2-Dimethylpentane;350.1233;0.64;;;L2;
6156;Aniline;2,2-Dimethylpentane;350.1233;0.64;;;L2;
6156;Aniline;2,2-Dimethylpentane;350.32328;0.62;;;L2;
6156;Aniline;2,2-Dimethylpentane;350.42327;0.61;;;L2;
6156;Aniline;2,2-Dimethylpentane;350.52326;0.6;;;L2;
6156;Aniline;2,2-Dimethylpentane;350.62325;0.54;;;L2;
6156;Aniline;2,2-Dimethylpentane;350.72324;0.53;;;L2;
6157;Aniline;3,3-Dimethylpentane;341.924;0.4;;;L1;
6157;Aniline;3,3-Dimethylpentane;341.924;0.4;;;L1;
6157;Aniline;3,3-Dimethylpentane;342.024;0.4;;;L1;
6157;Aniline;3,3-Dimethylpentane;342.024;0.4;;;L1;
6157;Aniline;3,3-Dimethylpentane;342.024;0.4;;;L1;
6157;Aniline;3,3-Dimethylpentane;342.124;0.41;;;L1;
6157;Aniline;3,3-Dimethylpentane;342.624;0.44;;;L1;
6157;Aniline;3,3-Dimethylpentane;342.624;0.44;;;L1;
6157;Aniline;3,3-Dimethylpentane;342.624;0.44;;;L1;
6157;Aniline;3,3-Dimethylpentane;342.724;0.44;;;L1;
6157;Aniline;3,3-Dimethylpentane;342.724;0.46;;;L1;
6157;Aniline;3,3-Dimethylpentane;342.824;0.46;;;L1;
6157;Aniline;3,3-Dimethylpentane;342.824;0.46;;;L1;
6157;Aniline;3,3-Dimethylpentane;342.924;0.48;;;L1;
6157;Aniline;3,3-Dimethylpentane;342.924;0.48;;;L1;
6157;Aniline;3,3-Dimethylpentane;342.924;0.48;;;L1;
6157;Aniline;3,3-Dimethylpentane;342.924;0.48;;;L1;
6157;Aniline;3,3-Dimethylpentane;342.924;0.5;;;L1;
6157;Aniline;3,3-Dimethylpentane;342.924;0.51;;;L1;
6157;Aniline;3,3-Dimethylpentane;342.924;0.51;;;L1;
6157;Aniline;3,3-Dimethylpentane;342.924;0.52;;;L1;
6157;Aniline;3,3-Dimethylpentane;342.924;0.52;;;L1;
6157;Aniline;3,3-Dimethylpentane;342.924;0.47;;;L1;
6157;Aniline;3,3-Dimethylpentane;342.924;0.52;;;L1;
6157;Aniline;3,3-Dimethylpentane;339.724;0.75;;;L2;
6157;Aniline;3,3-Dimethylpentane;340.924;0.7;;;L2;
6157;Aniline;3,3-Dimethylpentane;340.924;0.7;;;L2;
6157;Aniline;3,3-Dimethylpentane;340.924;0.7;;;L2;
6157;Aniline;3,3-Dimethylpentane;341.024;0.7;;;L2;
6157;Aniline;3,3-Dimethylpentane;341.024;0.7;;;L2;
6157;Aniline;3,3-Dimethylpentane;341.224;0.69;;;L2;
6157;Aniline;3,3-Dimethylpentane;341.724;0.66;;;L2;
6157;Aniline;3,3-Dimethylpentane;341.824;0.66;;;L2;
6157;Aniline;3,3-Dimethylpentane;341.924;0.66;;;L2;
6157;Aniline;3,3-Dimethylpentane;342.024;0.65;;;L2;
6157;Aniline;3,3-Dimethylpentane;342.124;0.65;;;L2;
6157;Aniline;3,3-Dimethylpentane;342.324;0.64;;;L2;
6157;Aniline;3,3-Dimethylpentane;342.324;0.64;;;L2;
6157;Aniline;3,3-Dimethylpentane;342.524;0.62;;;L2;
6157;Aniline;3,3-Dimethylpentane;342.524;0.62;;;L2;
6157;Aniline;3,3-Dimethylpentane;342.624;0.61;;;L2;
6157;Aniline;3,3-Dimethylpentane;342.724;0.6;;;L2;
6157;Aniline;3,3-Dimethylpentane;342.824;0.57;;;L2;
6157;Aniline;3,3-Dimethylpentane;342.924;0.53;;;L2;
6158;Aniline;3-Ethylpentane;337.5;0.32;0.244436834;0.24471192;L1;26.93640689
6158;Aniline;3-Ethylpentane;338;0.35;0.248691501;0.249459709;L1;34.17199773
6158;Aniline;3-Ethylpentane;338.5;0.37;0.253058614;0.254207499;L1;37.98818668
6158;Aniline;3-Ethylpentane;338.824;0.4;0.255951604;0.257284067;L1;44.64761655
6158;Aniline;3-Ethylpentane;338.824;0.4;0.255951604;0.257284067;L1;44.64761655
6158;Aniline;3-Ethylpentane;338.824;0.4;0.255951604;0.257284067;L1;44.64761655
6158;Aniline;3-Ethylpentane;338.824;0.4;0.255951604;0.257284067;L1;44.64761655
6158;Aniline;3-Ethylpentane;338.824;0.4;0.255951604;0.257284067;L1;44.64761655
6158;Aniline;3-Ethylpentane;338.924;0.41;0.256854888;0.258233625;L1;46.76458705
6158;Aniline;3-Ethylpentane;339;0.42;0.257544726;0.258955289;L1;48.9061312
6158;Aniline;3-Ethylpentane;339.124;0.44;0.258676522;0.26013274;L1;53.11963938
6158;Aniline;3-Ethylpentane;339.224;0.44;0.259594995;0.261082298;L1;52.76520206
6158;Aniline;3-Ethylpentane;339.224;0.44;0.259594995;0.261082298;L1;52.76520206
6158;Aniline;3-Ethylpentane;339.224;0.44;0.259594995;0.261082298;L1;52.76520206
6158;Aniline;3-Ethylpentane;339.324;0.51;0.260518656;0.262031856;L1;67.17362497
6158;Aniline;3-Ethylpentane;339.324;0.52;0.260518656;0.262031856;L1;69.11543356
6158;Aniline;3-Ethylpentane;339.324;0.52;0.260518656;0.262031856;L1;69.11543356
6158;Aniline;3-Ethylpentane;339.324;0.46;0.260518656;0.262031856;L1;56.85520135
6158;Aniline;3-Ethylpentane;339.324;0.46;0.260518656;0.262031856;L1;56.85520135
6158;Aniline;3-Ethylpentane;339.324;0.46;0.260518656;0.262031856;L1;56.85520135
6158;Aniline;3-Ethylpentane;339.324;0.47;0.260518656;0.262031856;L1;59.00582187
6158;Aniline;3-Ethylpentane;339.324;0.52;0.260518656;0.262031856;L1;69.11543356
6158;Aniline;3-Ethylpentane;339.324;0.48;0.260518656;0.262031856;L1;61.11116279
6158;Aniline;3-Ethylpentane;339.324;0.48;0.260518656;0.262031856;L1;61.11116279
6158;Aniline;3-Ethylpentane;339.324;0.48;0.260518656;0.262031856;L1;61.11116279
6158;Aniline;3-Ethylpentane;339.324;0.5;0.260518656;0.262031856;L1;65.19336224
6158;Aniline;3-Ethylpentane;339.324;0.51;0.260518656;0.262031856;L1;67.17362497
6158;Aniline;3-Ethylpentane;339.324;0.48;0.260518656;0.262031856;L1;61.11116279
6158;Aniline;3-Ethylpentane;335.624;0.75;0.729608278;0.728601171;L2;2.756542143
6158;Aniline;3-Ethylpentane;337.124;0.7;0.718122932;0.718001381;L2;2.556043334
6158;Aniline;3-Ethylpentane;337.124;0.7;0.718122932;0.718001381;L2;2.556043334
6158;Aniline;3-Ethylpentane;337.224;0.7;0.717327496;0.717294728;L2;2.445216063
6158;Aniline;3-Ethylpentane;337.224;0.7;0.717327496;0.717294728;L2;2.445216063
6158;Aniline;3-Ethylpentane;337.324;0.7;0.716528135;0.716455198;L2;2.333717818
6158;Aniline;3-Ethylpentane;337.5;0.7;0.715111476;0.714847097;L2;2.135810595
6158;Aniline;3-Ethylpentane;337.524;0.69;0.714917329;0.71462781;L2;3.547531481
6158;Aniline;3-Ethylpentane;338;0.67;0.711017422;0.710278627;L2;5.941922004
6158;Aniline;3-Ethylpentane;338.224;0.66;0.709148769;0.708231953;L2;7.182549919
6158;Aniline;3-Ethylpentane;338.324;0.66;0.708307433;0.707318259;L2;7.063839165
6158;Aniline;3-Ethylpentane;338.424;0.66;0.70746163;0.706404565;L2;6.944355996
6158;Aniline;3-Ethylpentane;338.5;0.65;0.7068158;0.705710157;L2;8.379773169
6158;Aniline;3-Ethylpentane;338.524;0.65;0.706611308;0.705490871;L2;8.350837473
6158;Aniline;3-Ethylpentane;338.524;0.65;0.706611308;0.705490871;L2;8.350837473
6158;Aniline;3-Ethylpentane;338.724;0.64;0.704896884;0.703663483;L2;9.658335236
6158;Aniline;3-Ethylpentane;338.724;0.64;0.704896884;0.703663483;L2;9.658335236
6158;Aniline;3-Ethylpentane;339;0.6;0.702500096;0.701141687;L2;15.77158827
6158;Aniline;3-Ethylpentane;339.024;0.61;0.702289952;0.700922401;L2;14.08873985
6158;Aniline;3-Ethylpentane;339.024;0.62;0.702289952;0.700922401;L2;12.46268777
6158;Aniline;3-Ethylpentane;339.024;0.62;0.702289952;0.700922401;L2;12.46268777
6158;Aniline;3-Ethylpentane;339.124;0.6;0.701411326;0.700008707;L2;15.61648303
6158;Aniline;3-Ethylpentane;339.324;0.53;0.699639233;0.698181319;L2;27.76878141
6158;Aniline;3-Ethylpentane;339.424;0.54;0.698745638;0.697267625;L2;25.77176421
6158;Aniline;3-Ethylpentane;339.424;0.54;0.698745638;0.697267625;L2;25.77176421
