sys;c1;c2;T;x1;x1_calc;x1_approx;phase;ALDS
6;Acetonitrile;Cyclohexane;278.4492263;0.020287778;0.030533159;0.030710589;L1;40.87946413
6;Acetonitrile;Cyclohexane;291.24575;0.030870279;0.045136995;0.045436764;L1;37.99083212
6;Acetonitrile;Cyclohexane;293.14537;0.047992455;0.04768862;0.047897338;L1;0.635101529
6;Acetonitrile;Cyclohexane;294.15;0.0465;0.049081536;0.049198633;L1;5.403059921
6;Acetonitrile;Cyclohexane;295.104978;0.0396;0.050434047;0.050435615;L1;24.18373628
6;Acetonitrile;Cyclohexane;297.9944;0.044;0.054699315;0.054990912;L1;21.76615561
6;Acetonitrile;Cyclohexane;297.9944;0.044;0.054699315;0.054990912;L1;21.76615561
6;Acetonitrile;Cyclohexane;297.9944;0.044;0.054699315;0.054990912;L1;21.76615561
6;Acetonitrile;Cyclohexane;298.14437;0.044;0.054927943;0.055227543;L1;22.1832571
6;Acetonitrile;Cyclohexane;298.14437;0.044;0.054927943;0.055227543;L1;22.1832571
6;Acetonitrile;Cyclohexane;298.14437;0.044;0.054927943;0.055227543;L1;22.1832571
6;Acetonitrile;Cyclohexane;298.484302;0.040158243;0.055448861;0.055763906;L1;32.26334448
6;Acetonitrile;Cyclohexane;303.143055;0.080583938;0.062974748;0.063114744;L1;24.65655239
6;Acetonitrile;Cyclohexane;303.332998;0.055;0.063297291;0.063414447;L1;14.05093452
6;Acetonitrile;Cyclohexane;306.931918;0.059816799;0.069651297;0.069966783;L1;15.22147824
6;Acetonitrile;Cyclohexane;307.49175;0.059045933;0.070682059;0.071027792;L1;17.98761055
6;Acetonitrile;Cyclohexane;312.9901;0.0787;0.081442311;0.081448413;L1;3.425177564
6;Acetonitrile;Cyclohexane;313.140055;0.0787;0.081752486;0.081772181;L1;3.805305892
6;Acetonitrile;Cyclohexane;313.140055;0.095538177;0.081752486;0.081772181;L1;15.58297124
6;Acetonitrile;Cyclohexane;313.140055;0.0787;0.081752486;0.081772181;L1;3.805305892
6;Acetonitrile;Cyclohexane;313.310004;0.076;0.08210512;0.0821545;L1;7.726703426
6;Acetonitrile;Cyclohexane;318.138555;0.0935;0.092628028;0.093016874;L1;0.936965883
6;Acetonitrile;Cyclohexane;318.138555;0.0935;0.092628028;0.093016874;L1;0.936965883
6;Acetonitrile;Cyclohexane;318.138555;0.0935;0.092628028;0.093016874;L1;0.936965883
6;Acetonitrile;Cyclohexane;318.138555;0.0935;0.092628028;0.093016874;L1;0.936965883
6;Acetonitrile;Cyclohexane;322.497247;0.11;0.103005286;0.103162728;L1;6.570005487
6;Acetonitrile;Cyclohexane;322.9871;0.1184;0.10422636;0.104457491;L1;12.75036488
6;Acetonitrile;Cyclohexane;324.9505108;0.112260742;0.109235958;0.109647114;L1;2.731391986
6;Acetonitrile;Cyclohexane;329.3771824;0.133679505;0.121234179;0.121347547;L1;9.772114054
6;Acetonitrile;Cyclohexane;330.4849;0.155;0.124395634;0.124507387;L1;21.99580305
6;Acetonitrile;Cyclohexane;331.824632;0.163;0.128307742;0.128632551;L1;23.93185883
6;Acetonitrile;Cyclohexane;334.78404;0.168746819;0.137303868;0.137744854;L1;20.62029943
6;Acetonitrile;Cyclohexane;336.4357096;0.184518426;0.142544602;0.142830504;L1;25.80943796
6;Acetonitrile;Cyclohexane;339.9670032;0.218802588;0.154305355;0.154678252;L1;34.92364338
6;Acetonitrile;Cyclohexane;341.12;0.2283;0.158316229;0.158786059;L1;36.60660735
6;Acetonitrile;Cyclohexane;341.68249;0.233069362;0.160304539;0.160790054;L1;37.42607246
6;Acetonitrile;Cyclohexane;344.38168;0.265666513;0.170142952;0.170406517;L1;44.56028333
6;Acetonitrile;Cyclohexane;345.901224;0.287862986;0.17590545;0.175987952;L1;49.2537987
6;Acetonitrile;Cyclohexane;347.14;0.3504;0.180727315;0.181068099;L1;66.20860081
6;Acetonitrile;Cyclohexane;347.3337941;0.324727361;0.181491956;0.181862837;L1;58.17746084
6;Acetonitrile;Cyclohexane;347.98;0.3771;0.184062122;0.18451289;L1;71.72370816
6;Acetonitrile;Cyclohexane;348.1585466;0.352733381;0.184777857;0.185245099;L1;64.65581439
6;Acetonitrile;Cyclohexane;348.45;0.4316;0.185951452;0.186440332;L1;84.20136048
6;Acetonitrile;Cyclohexane;348.62;0.5119;0.186639014;0.187137492;L1;100.895295
6;Acetonitrile;Cyclohexane;348.8;0.4811;0.187369461;0.187875661;L1;94.29927534
6;Acetonitrile;Cyclohexane;349.1362532;0.395852652;0.18874075;0.189254616;L1;74.06676697
6;Acetonitrile;Cyclohexane;349.1492493;0.396243457;0.188793928;0.189307912;L1;74.13727222
6;Acetonitrile;Cyclohexane;349.150249;0.399881527;0.188798019;0.189312012;L1;75.04905606
6;Acetonitrile;Cyclohexane;349.2582166;0.411843971;0.189240322;0.189754781;L1;77.76268134
6;Acetonitrile;Cyclohexane;349.4981446;0.436955296;0.190226504;0.190738711;L1;83.16154023
6;Acetonitrile;Cyclohexane;349.520138;0.44102019;0.190317132;0.190828905;L1;84.03988613
6;Acetonitrile;Cyclohexane;349.560126;0.443718025;0.190482007;0.190992893;L1;84.56315426
6;Acetonitrile;Cyclohexane;349.6321044;0.452964163;0.190779102;0.191288073;L1;86.46967871
6;Acetonitrile;Cyclohexane;349.7040828;0.46567242;0.191076608;0.191583252;L1;89.08079884
6;Acetonitrile;Cyclohexane;349.710081;0.468046084;0.191101419;0.19160785;L1;89.57624852
6;Acetonitrile;Cyclohexane;349.710081;0.471710322;0.191101419;0.19160785;L1;90.35607967
6;Acetonitrile;Cyclohexane;349.7120804;0.469821365;0.19110969;0.191616049;L1;89.95049929
6;Acetonitrile;Cyclohexane;349.7140798;0.467927581;0.191117961;0.191624249;L1;89.54227085
6;Acetonitrile;Cyclohexane;349.7160792;0.470057748;0.191126232;0.191632448;L1;89.99214425
6;Acetonitrile;Cyclohexane;349.720078;0.47218181;0.191142776;0.191648847;L1;90.43434325
6;Acetonitrile;Cyclohexane;349.7210777;0.472652997;0.191146913;0.191652947;L1;90.5319189
6;Acetonitrile;Cyclohexane;349.7210777;0.473123884;0.191146913;0.191652947;L1;90.63149567
6;Acetonitrile;Cyclohexane;349.7340738;0.478984788;0.19120069;0.191706243;L1;91.83452271
6;Acetonitrile;Cyclohexane;349.7360732;0.477582411;0.191208965;0.191714443;L1;91.53698449
6;Acetonitrile;Cyclohexane;349.7430711;0.482827608;0.191237929;0.191743141;L1;92.61413155
6;Acetonitrile;Cyclohexane;349.750069;0.488496776;0.191266897;0.191771838;L1;93.76630524
6;Acetonitrile;Cyclohexane;349.7540678;0.492634083;0.191283452;0.191788237;L1;94.60103044
6;Acetonitrile;Cyclohexane;349.7580666;0.495036729;0.191300008;0.191804636;L1;95.0789042
6;Acetonitrile;Cyclohexane;349.7630651;0.501518505;0.191320705;0.191825135;L1;96.36894033
6;Acetonitrile;Cyclohexane;349.7650645;0.505807749;0.191328984;0.191833334;L1;97.2162278
6;Acetonitrile;Cyclohexane;349.7660642;0.507606169;0.191333124;0.191837434;L1;97.56898759
6;Acetonitrile;Cyclohexane;349.7670639;0.511524664;0.191337264;0.191841534;L1;98.33581534
6;Acetonitrile;Cyclohexane;349.7680636;0.51619889;0.191341404;0.191845633;L1;99.24328506
6;Acetonitrile;Cyclohexane;349.7690633;0.520512168;0.191345544;0.191849733;L1;100.0732342
6;Acetonitrile;Cyclohexane;349.7690633;0.526551147;0.191345544;0.191849733;L1;101.2267549
6;Acetonitrile;Cyclohexane;276.4995109;0.949021372;0.967376885;0.967376248;L2;1.915684688
6;Acetonitrile;Cyclohexane;283.248025;0.943687373;0.963854036;0.963765145;L2;2.114492949
6;Acetonitrile;Cyclohexane;293.14537;0.946415869;0.957831866;0.95774767;L2;1.199017708
6;Acetonitrile;Cyclohexane;293.79524;0.931;0.957397159;0.957335399;L2;2.795903232
6;Acetonitrile;Cyclohexane;294.15;0.916;0.957157678;0.957110343;L2;4.395177606
6;Acetonitrile;Cyclohexane;295.204958;0.928;0.95643633;0.956431132;L2;3.01824881
6;Acetonitrile;Cyclohexane;297.9944;0.9399;0.954460929;0.954340682;L2;1.537322275
6;Acetonitrile;Cyclohexane;297.9944;0.9399;0.954460929;0.954340682;L2;1.537322275
6;Acetonitrile;Cyclohexane;297.9944;0.9399;0.954460929;0.954340682;L2;1.537322275
6;Acetonitrile;Cyclohexane;298.14437;0.9399;0.954351857;0.954228293;L2;1.525894009
6;Acetonitrile;Cyclohexane;298.14437;0.9399;0.954351857;0.954228293;L2;1.525894009
6;Acetonitrile;Cyclohexane;298.14437;0.9399;0.954351857;0.954228293;L2;1.525894009
6;Acetonitrile;Cyclohexane;298.404318;0.926;0.954162092;0.954033484;L2;2.995933019
6;Acetonitrile;Cyclohexane;298.74425;0.920513673;0.953912578;0.953778733;L2;3.564017546
6;Acetonitrile;Cyclohexane;300.483853;0.92;0.952611215;0.952475049;L2;3.48331915
6;Acetonitrile;Cyclohexane;303.143055;0.913828338;0.950540352;0.950482203;L2;3.93878751
6;Acetonitrile;Cyclohexane;305.832248;0.912;0.948341141;0.948245855;L2;3.907430124
6;Acetonitrile;Cyclohexane;310.130958;0.905;0.944591935;0.944449704;L2;4.281807565
6;Acetonitrile;Cyclohexane;310.220931;0.903;0.944510241;0.94437025;L2;4.494397629
6;Acetonitrile;Cyclohexane;312.9901;0.8961;0.941928023;0.941924822;L2;4.987684921
6;Acetonitrile;Cyclohexane;313.140055;0.8961;0.94178436;0.941774981;L2;4.972431685
6;Acetonitrile;Cyclohexane;313.140055;0.8961;0.94178436;0.941774981;L2;4.972431685
6;Acetonitrile;Cyclohexane;313.140055;0.86778969;0.94178436;0.941774981;L2;8.182693807
6;Acetonitrile;Cyclohexane;313.739875;0.90191815;0.941205672;0.941151715;L2;4.263791055
6;Acetonitrile;Cyclohexane;317.358789;0.891;0.937572853;0.937391345;L2;5.095003678
6;Acetonitrile;Cyclohexane;318.138555;0.8883;0.936757145;0.9365811;L2;5.311454103
6;Acetonitrile;Cyclohexane;318.138555;0.8883;0.936757145;0.9365811;L2;5.311454103
6;Acetonitrile;Cyclohexane;318.138555;0.8883;0.936757145;0.9365811;L2;5.311454103
6;Acetonitrile;Cyclohexane;318.138555;0.8883;0.936757145;0.9365811;L2;5.311454103
6;Acetonitrile;Cyclohexane;322.237325;0.866205812;0.93226482;0.932211044;L2;7.349437767
6;Acetonitrile;Cyclohexane;322.9871;0.8722;0.931404215;0.931294359;L2;6.567460101
6;Acetonitrile;Cyclohexane;323.147052;0.867;0.931219004;0.931098799;L2;7.14555081
6;Acetonitrile;Cyclohexane;329.105264;0.845;0.923892001;0.923814209;L2;8.925855585
6;Acetonitrile;Cyclohexane;329.8710342;0.845384002;0.922886358;0.922877968;L2;8.771514032
6;Acetonitrile;Cyclohexane;331.619673;0.838086806;0.920531364;0.920378891;L2;9.382939069
6;Acetonitrile;Cyclohexane;333.03;0.8271;0.918570548;0.918349026;L2;10.48931024
6;Acetonitrile;Cyclohexane;334.2661436;0.822925571;0.916804998;0.916569861;L2;10.80290374
6;Acetonitrile;Cyclohexane;334.4900988;0.820381465;0.916480318;0.916247525;L2;11.0771159
6;Acetonitrile;Cyclohexane;338.7612444;0.797890649;0.90999035;0.909891243;L2;13.14624383
6;Acetonitrile;Cyclohexane;341.2636157;0.778206971;0.905906878;0.905643794;L2;15.19439982
6;Acetonitrile;Cyclohexane;342.1003646;0.771120631;0.904491536;0.904223522;L2;15.95281258
6;Acetonitrile;Cyclohexane;342.3702836;0.768186673;0.904029446;0.90376537;L2;16.28291651
6;Acetonitrile;Cyclohexane;342.6442014;0.761054822;0.903557709;0.90330043;L2;17.16345856
6;Acetonitrile;Cyclohexane;343.2040334;0.757610142;0.902584707;0.902350188;L2;17.50936151
6;Acetonitrile;Cyclohexane;343.2290259;0.758683953;0.902540989;0.902307767;L2;17.36288151
6;Acetonitrile;Cyclohexane;344.4066725;0.743865561;0.900453356;0.900308865;L2;19.1038045
6;Acetonitrile;Cyclohexane;345.85;0.7051;0.897818761;0.897778106;L2;24.16285864
6;Acetonitrile;Cyclohexane;345.9492096;0.720486295;0.897634503;0.897578888;L2;21.98365791
6;Acetonitrile;Cyclohexane;346.5590266;0.709285731;0.896492755;0.896354349;L2;23.4231761
6;Acetonitrile;Cyclohexane;346.8769312;0.706119662;0.895891236;0.895715983;L2;23.80343015
6;Acetonitrile;Cyclohexane;347.2018337;0.701424368;0.895271938;0.895063565;L2;24.40144344
6;Acetonitrile;Cyclohexane;347.5857185;0.690815086;0.894534236;0.894292708;L2;25.84309919
6;Acetonitrile;Cyclohexane;348.07;0.652;0.893594247;0.89332025;L2;31.52072472
6;Acetonitrile;Cyclohexane;348.2945058;0.67460329;0.893154892;0.892869432;L2;28.06352179
6;Acetonitrile;Cyclohexane;348.34;0.6084;0.893065582;0.892778078;L2;38.38274575
6;Acetonitrile;Cyclohexane;348.6164092;0.663800109;0.89252092;0.892223036;L2;29.60688901
6;Acetonitrile;Cyclohexane;348.68;0.5684;0.892395119;0.892095343;L2;45.10835963
6;Acetonitrile;Cyclohexane;349.020288;0.646331677;0.891718742;0.89141203;L2;32.18379673
6;Acetonitrile;Cyclohexane;349.1622454;0.640896665;0.891434983;0.891126974;L2;32.99642701
6;Acetonitrile;Cyclohexane;349.3181986;0.630829737;0.891122157;0.890813813;L2;34.54455233
6;Acetonitrile;Cyclohexane;349.3821794;0.626021989;0.890993489;0.890685337;L2;35.29516233
6;Acetonitrile;Cyclohexane;349.5321344;0.615916648;0.890691157;0.89038422;L2;36.88860992
6;Acetonitrile;Cyclohexane;349.6321044;0.596523348;0.890489008;0.890183476;L2;40.06523763
6;Acetonitrile;Cyclohexane;349.6520984;0.592557059;0.890448521;0.890143328;L2;40.72781212
6;Acetonitrile;Cyclohexane;349.6760912;0.589067471;0.890399911;0.890095149;L2;41.31299712
6;Acetonitrile;Cyclohexane;349.7040828;0.583950458;0.890343165;0.890038941;L2;42.17908201
6;Acetonitrile;Cyclohexane;349.710081;0.579910155;0.890331;0.890026896;L2;42.87201177
6;Acetonitrile;Cyclohexane;349.7340738;0.570834313;0.890282324;0.889978717;L2;44.44396329
6;Acetonitrile;Cyclohexane;349.750069;0.55871892;0.890249858;0.889946598;L2;46.58556425
6;Acetonitrile;Cyclohexane;349.7540678;0.551051495;0.89024174;0.889938569;L2;47.96647812
6;Acetonitrile;Cyclohexane;349.7580666;0.537724553;0.89023362;0.889930539;L2;50.41374773
6;Acetonitrile;Cyclohexane;349.7630651;0.530585152;0.89022347;0.889920502;L2;51.74920635
13;Acetonitrile;Dodecane;373.38;0.3499;0.330509124;0.330668121;L1;5.701313445
13;Acetonitrile;Dodecane;373.72;0.3684;0.332077393;0.332244018;L1;10.38012522
13;Acetonitrile;Dodecane;378.51;0.4017;0.354553351;0.354628312;L1;12.48467116
13;Acetonitrile;Dodecane;381.9;0.4513;0.370886716;0.371017991;L1;19.62356391
13;Acetonitrile;Dodecane;382.58;0.4496;0.374205215;0.374305596;L1;18.35539496
13;Acetonitrile;Dodecane;384.97;0.493;0.385980041;0.386059553;L1;24.47235132
13;Acetonitrile;Dodecane;386.02;0.4977;0.391207731;0.391331184;L1;24.07587858
13;Acetonitrile;Dodecane;388.58;0.5341;0.404092848;0.404183923;L1;27.8938413
13;Acetonitrile;Dodecane;388.95;0.5565;0.405971507;0.406041545;L1;31.53841939
13;Acetonitrile;Dodecane;389.92;0.5647;0.410916251;0.410920295;L1;31.79051925
13;Acetonitrile;Dodecane;391.2;0.6076;0.417484773;0.417571556;L1;37.52686981
13;Acetonitrile;Dodecane;391.3;0.5981;0.418000025;0.418091186;L1;35.82764714
13;Acetonitrile;Dodecane;392.6;0.654;0.424725856;0.424846372;L1;43.16634359
13;Acetonitrile;Dodecane;392.93;0.7397;0.426441337;0.426561151;L1;55.07698851
13;Acetonitrile;Dodecane;393.17;0.77;0.427691038;0.427808262;L1;58.79894537
13;Acetonitrile;Dodecane;393.65;0.7003;0.430195693;0.430302485;L1;48.72686088
13;Acetonitrile;Dodecane;393.83;0.7219;0.431136747;0.431237818;L1;51.54613072
13;Acetonitrile;Dodecane;394.1;0.7501;0.432550178;0.432640819;L1;55.05081924
13;Acetonitrile;Dodecane;394.16;0.7636;0.432864576;0.432952597;L1;56.76191706
13;Acetonitrile;Dodecane;394.26;0.7757;0.433388816;0.433472226;L1;58.21305639
13;Acetonitrile;Dodecane;368.13;0.9605;0.984266374;0.984222932;L2;2.444258343
13;Acetonitrile;Dodecane;373.72;0.9519;0.982210654;0.982164194;L2;3.134581296
13;Acetonitrile;Dodecane;374.97;0.9484;0.981715462;0.981669331;L2;3.45251591
13;Acetonitrile;Dodecane;382.72;0.9318;0.978316685;0.978284776;L2;4.871522709
13;Acetonitrile;Dodecane;384.15;0.9224;0.977621634;0.977612966;L2;5.814374841
13;Acetonitrile;Dodecane;386.91;0.9183;0.976213322;0.976158218;L2;6.115699544
13;Acetonitrile;Dodecane;388.27;0.9015;0.975485203;0.975441385;L2;7.887494847
13;Acetonitrile;Dodecane;390.22;0.9014;0.974399393;0.974386114;L2;7.787216415
13;Acetonitrile;Dodecane;391.73;0.8831;0.973523024;0.973471717;L2;9.748303069
13;Acetonitrile;Dodecane;392.27;0.8669;0.973201766;0.973144714;L2;11.56677955
13;Acetonitrile;Dodecane;392.5;0.8517;0.973063646;0.973005435;L2;13.32151398
13;Acetonitrile;Dodecane;393.06;0.862;0.972724091;0.972666321;L2;12.08452061
13;Acetonitrile;Dodecane;393.13;0.8093;0.972681318;0.972623932;L2;18.38868274
13;Acetonitrile;Dodecane;393.53;0.8417;0.972435489;0.972381708;L2;14.43800817
13;Acetonitrile;Dodecane;394.18;0.8014;0.972030817;0.971988093;L2;19.30273103
13;Acetonitrile;Dodecane;394.26;0.7857;0.97198056;0.971939648;L2;21.27607645
71;Acetone;Octane;238.5314476;0.15998;0.280661961;0.282474279;L1;56.21021508
71;Acetone;Octane;238.80712;0.16;0.283931554;0.285716123;L1;57.35593879
71;Acetone;Octane;239.7562051;0.172448;0.295627133;0.296877145;L1;53.90032328
71;Acetone;Octane;240.007;0.179;0.298840131;0.299826435;L1;51.25229459
71;Acetone;Octane;242.90642;0.205;0.340769968;0.343217332;L1;50.81976901
71;Acetone;Octane;247.2272457;0.294651;0.441644218;0.444443208;L1;40.4713015
71;Acetone;Octane;247.40552;0.299;0.44935951;0.450807969;L1;40.7379685
71;Acetone;Octane;249.690053;0.33583;;;L1;
71;Acetone;Octane;249.7311048;0.353431;;;L1;
71;Acetone;Octane;249.90502;0.353;;;L1;
71;Acetone;Octane;250.005;0.348;;;L1;
71;Acetone;Octane;251.4231863;0.398486;;;L1;
71;Acetone;Octane;251.6569395;0.413427;;;L1;
71;Acetone;Octane;251.70466;0.402;;;L1;
71;Acetone;Octane;251.80464;0.417;;;L1;
71;Acetone;Octane;252.3715466;0.486668;;;L1;
71;Acetone;Octane;252.5045;0.49;;;L1;
71;Acetone;Octane;252.659669;0.550335;;;L1;
71;Acetone;Octane;252.70446;0.466;;;L1;
71;Acetone;Octane;252.80444;0.449;;;L1;
71;Acetone;Octane;252.90442;0.55;;;L1;
71;Acetone;Octane;243.4898233;0.872927;0.638832561;0.637032403;L2;31.22095459
71;Acetone;Octane;243.70626;0.87;0.635886092;0.634425174;L2;31.34737654
71;Acetone;Octane;245.4993113;0.854458;0.607030347;0.606761355;L2;34.18885652
71;Acetone;Octane;245.60588;0.855;0.604972746;0.604561571;L2;34.59180604
71;Acetone;Octane;250.8261657;0.781295;;;L2;
71;Acetone;Octane;251.10478;0.78;;;L2;
71;Acetone;Octane;252.2719565;0.723451;;;L2;
71;Acetone;Octane;252.5620185;0.646388;;;L2;
71;Acetone;Octane;252.6028203;0.68158;;;L2;
71;Acetone;Octane;252.60448;0.722;;;L2;
71;Acetone;Octane;252.70446;0.65;;;L2;
71;Acetone;Octane;252.80444;0.681;;;L2;
71;Acetone;Octane;255.90382;0.568;;;L2;
72;Acetone;Pentane;180;0.022;0.020766879;0.021043651;L1;5.76830806
72;Acetone;Pentane;186.632376;0.0254;0.030150775;0.030538227;L1;17.14614524
72;Acetone;Pentane;190;0.033;0.036125907;0.036411087;L1;9.050269785
72;Acetone;Pentane;190.704004;0.0332;0.037493592;0.037905427;L1;12.16201598
72;Acetone;Pentane;200;0.055;0.060209963;0.060779398;L1;9.050464401
72;Acetone;Pentane;205.09519;0.0691;0.077289968;0.078066025;L1;11.20094366
72;Acetone;Pentane;208.175498;0.0655;0.08972831;0.089828358;L1;31.47361892
72;Acetone;Pentane;210;0.078;0.098001801;0.098847312;L1;22.82770304
72;Acetone;Pentane;215.24436;0.0916;0.126506057;0.127523149;L1;32.28589196
72;Acetone;Pentane;220;0.12;0.160810887;0.162129675;L1;29.27373147
72;Acetone;Pentane;225.08686;0.1493;0.213630529;0.215425816;L1;35.82903183
72;Acetone;Pentane;225.4420866;0.197475;0.218401616;0.219810165;L1;10.07236502
72;Acetone;Pentane;225.60844;0.2;0.220709048;0.221863364;L1;9.85279421
72;Acetone;Pentane;226.995714;0.1572;0.242203236;0.244999645;L1;43.22583133
72;Acetone;Pentane;228.798611;0.321409;0.28035789;0.28094598;L1;13.66474899
72;Acetone;Pentane;228.90811;0.321;0.283381534;0.284864196;L1;12.46469585
72;Acetone;Pentane;229.0866921;0.39049;0.288622247;0.291254418;L1;30.22836313
72;Acetone;Pentane;229.714082;0.2673;0.311847083;0.313704372;L1;15.41413261
72;Acetone;Pentane;230.33371;0.3492;;;L1;
72;Acetone;Pentane;230.463632;0.3915;;;L1;
72;Acetone;Pentane;180;0.95;0.725030797;0.724603502;L2;27.02478517
72;Acetone;Pentane;182.710712;0.9397;0.720338516;0.720110366;L2;26.58394126
72;Acetone;Pentane;190;0.925;0.704392905;0.704064103;L2;27.24574334
72;Acetone;Pentane;197.875;0.901;0.681014079;0.680405295;L2;27.99222782
72;Acetone;Pentane;200;0.897;0.673430137;0.672837921;L2;28.66716028
72;Acetone;Pentane;203.325013;0.8898;0.660297035;0.659787563;L2;29.83069311
72;Acetone;Pentane;204.475128;0.886;0.655360576;0.654622979;L2;30.1531368
72;Acetone;Pentane;210;0.852;0.628328508;0.627508619;L2;30.45233959
72;Acetone;Pentane;216.99296;0.8218;0.583589053;0.582649203;L2;34.22999975
72;Acetone;Pentane;219.09128;0.8085;0.566818778;0.566122006;L2;35.51410419
72;Acetone;Pentane;220;0.81;0.55889193;0.557611047;L2;37.10781205
72;Acetone;Pentane;223.078088;0.7675;0.528093836;0.527350131;L2;37.38644922
72;Acetone;Pentane;227.1424666;0.652546;0.471222209;0.468173008;L2;32.55518709
72;Acetone;Pentane;227.30827;0.653;0.468168128;0.464893783;L2;33.27496509
72;Acetone;Pentane;228.5059002;0.58927;0.442574056;0.441207309;L2;28.6276673
72;Acetone;Pentane;228.704688;0.6761;0.437476951;0.437275726;L2;43.53169736
72;Acetone;Pentane;228.70813;0.595;0.437385085;0.437207651;L2;30.77473973
72;Acetone;Pentane;228.9331675;0.544716;0.431156902;0.429498251;L2;23.37924916
72;Acetone;Pentane;229.10809;0.551;0.425920382;0.423176695;L2;25.74823763
72;Acetone;Pentane;229.1263182;0.510932;0.425351472;0.422517944;L2;18.3320689
72;Acetone;Pentane;229.2092399;0.486595;0.42267097;0.419521221;L2;14.08381261
72;Acetone;Pentane;229.2241784;0.401348;0.422179007;0.418981356;L2;5.060052909
72;Acetone;Pentane;229.30807;0.397;0.419341362;0.415949582;L2;5.47490146
72;Acetone;Pentane;229.30807;0.405;0.419341362;0.415949582;L2;3.479822818
72;Acetone;Pentane;229.30807;0.515;0.419341362;0.415949582;L2;20.54816054
72;Acetone;Pentane;229.314322;0.6649;0.419124508;0.41572364;L2;46.14686225
72;Acetone;Pentane;229.40806;0.497;0.415773812;0.412336026;L2;17.84486349
72;Acetone;Pentane;229.814022;0.5999;0.398153424;0.397664893;L2;40.99255572
72;Acetone;Pentane;230.28374;0.5356;;;L2;
72;Acetone;Pentane;230.443644;0.4954;;;L2;
72;Acetone;Pentane;230.463632;0.4476;;;L2;
220;Ethanol;Dodecane;262.01;0.210077587;0.260020183;0.261223335;L1;21.32823318
220;Ethanol;Dodecane;272;0.291;0.367581005;0.367736037;L1;23.36204485
220;Ethanol;Dodecane;272.8001111;0.3068;0.377933673;0.378076696;L1;20.85226427
220;Ethanol;Dodecane;276;0.335;0.423199477;0.423302476;L1;23.37131135
220;Ethanol;Dodecane;277.1994088;0.3401;0.442189976;0.44226082;L1;26.24999081
220;Ethanol;Dodecane;279.48;0.397845437;0.482876483;0.483147604;L1;19.36973115
220;Ethanol;Dodecane;280;0.39;0.493323033;0.493500194;L1;23.50174607
220;Ethanol;Dodecane;280.69879;0.3892;0.508347298;0.508576021;L1;26.70715208
220;Ethanol;Dodecane;282.37;0.45351178;0.551701807;0.552129344;L1;19.59864503
220;Ethanol;Dodecane;282.39828;0.4286;0.552584435;0.552964419;L1;25.40821619
220;Ethanol;Dodecane;283.09807;0.4686;0.577366735;0.577366735;L1;20.87281278
220;Ethanol;Dodecane;283.45;0.44525;0.594063451;0.594063451;L1;28.83502114
220;Ethanol;Dodecane;283.55;0.495381328;0.600025072;0.598997392;L1;19.16436147
220;Ethanol;Dodecane;284;0.468;;;L1;
220;Ethanol;Dodecane;284.45;0.46792;;;L1;
220;Ethanol;Dodecane;284.81;0.550618148;;;L1;
220;Ethanol;Dodecane;285.09;0.586801787;;;L1;
220;Ethanol;Dodecane;285.25;0.50081;;;L1;
220;Ethanol;Dodecane;285.27;0.604416092;;;L1;
220;Ethanol;Dodecane;285.39738;0.5255;;;L1;
220;Ethanol;Dodecane;285.6;0.653012272;;;L1;
220;Ethanol;Dodecane;285.9972;0.6365;;;L1;
220;Ethanol;Dodecane;286.09717;0.5972;;;L1;
220;Ethanol;Dodecane;286.15;0.54786;;;L1;
220;Ethanol;Dodecane;286.19714;0.6706;;;L1;
220;Ethanol;Dodecane;286.95;0.59948;;;L1;
220;Ethanol;Dodecane;259.32;0.925487822;0.86813325;0.867597552;L2;6.39757568
220;Ethanol;Dodecane;271.3005873;0.8736;0.820047436;0.819895438;L2;6.326041709
220;Ethanol;Dodecane;272;0.877;0.816167856;0.816052224;L2;7.188695289
220;Ethanol;Dodecane;275.0997153;0.8702;0.796465448;0.796269967;L2;8.853932182
220;Ethanol;Dodecane;276;0.863;0.789765599;0.789675755;L2;8.867849995
220;Ethanol;Dodecane;276.83;0.859613904;0.783074575;0.782877313;L2;9.325540539
220;Ethanol;Dodecane;277.0994234;0.86;0.780781367;0.780670495;L2;9.663721897
220;Ethanol;Dodecane;280;0.844;0.750778934;0.750611457;L2;11.70412488
220;Ethanol;Dodecane;280.19894;0.8474;0.748224455;0.747922633;L2;12.44698319
220;Ethanol;Dodecane;281.92;0.819352073;0.721143103;0.720868147;L2;12.76762765
220;Ethanol;Dodecane;282.9981;0.8259;0.695134247;0.694612299;L2;17.23687133
220;Ethanol;Dodecane;283.18;0.798103166;0.689085855;0.688761355;L2;14.68719983
220;Ethanol;Dodecane;284;0.81;;;L2;
220;Ethanol;Dodecane;284.7;0.760708801;;;L2;
220;Ethanol;Dodecane;284.86;0.747771558;;;L2;
220;Ethanol;Dodecane;284.95;0.79718;;;L2;
220;Ethanol;Dodecane;285.27;0.678434464;;;L2;
220;Ethanol;Dodecane;285.29;0.699999268;;;L2;
220;Ethanol;Dodecane;285.79726;0.77;;;L2;
220;Ethanol;Dodecane;285.89723;0.734;;;L2;
220;Ethanol;Dodecane;286.55;0.73772;;;L2;
220;Ethanol;Dodecane;286.75;0.69494;;;L2;
222;Ethanol;Tetradecane;275.35;0.198556495;0.358650958;0.359628245;L1;59.12759848
222;Ethanol;Tetradecane;279.96;0.2544;0.410823743;0.411671188;L1;47.92564419
222;Ethanol;Tetradecane;280.98;0.2596;0.423295395;0.424352368;L1;48.89282849
222;Ethanol;Tetradecane;283.63;0.2735;0.457652033;0.458003633;L1;51.48075197
222;Ethanol;Tetradecane;286.55;0.298439091;0.499713126;0.500432102;L1;51.54683236
222;Ethanol;Tetradecane;286.71;0.2906;0.502183162;0.50275695;L1;54.70171658
222;Ethanol;Tetradecane;288.23;0.3061;0.526774432;0.528111386;L1;54.28605885
222;Ethanol;Tetradecane;290.69;0.331;0.572786665;0.57408547;L1;54.83949588
222;Ethanol;Tetradecane;292.67;0.3541;0.621956547;0.62221311;L1;56.32908705
222;Ethanol;Tetradecane;295.06;0.382;;;L1;
222;Ethanol;Tetradecane;295.96;0.400508299;;;L1;
222;Ethanol;Tetradecane;296.5;0.401;;;L1;
222;Ethanol;Tetradecane;298.7;0.429;;;L1;
222;Ethanol;Tetradecane;298.79424;0.4297;;;L1;
222;Ethanol;Tetradecane;301.01;0.4645;;;L1;
222;Ethanol;Tetradecane;302.33;0.493158653;;;L1;
222;Ethanol;Tetradecane;302.71;0.499918609;;;L1;
222;Ethanol;Tetradecane;302.93;0.4933;;;L1;
222;Ethanol;Tetradecane;302.98;0.499427809;;;L1;
222;Ethanol;Tetradecane;303.79286;0.5027;;;L1;
222;Ethanol;Tetradecane;304.54;0.5308;;;L1;
222;Ethanol;Tetradecane;304.8;0.545271036;;;L1;
222;Ethanol;Tetradecane;305.85;0.5635;;;L1;
222;Ethanol;Tetradecane;306.09217;0.5673;;;L1;
222;Ethanol;Tetradecane;306.12;0.600083596;;;L1;
222;Ethanol;Tetradecane;306.49;0.600208807;;;L1;
222;Ethanol;Tetradecane;306.94;0.6136;;;L1;
222;Ethanol;Tetradecane;306.99;0.648039964;;;L1;
222;Ethanol;Tetradecane;307.08;0.648691605;;;L1;
222;Ethanol;Tetradecane;307.33;0.699984418;;;L1;
222;Ethanol;Tetradecane;307.36;0.64;;;L1;
222;Ethanol;Tetradecane;307.39178;0.6332;;;L1;
222;Ethanol;Tetradecane;307.42;0.71682279;;;L1;
222;Ethanol;Tetradecane;307.48;0.6644;;;L1;
222;Ethanol;Tetradecane;307.48;0.697207443;;;L1;
222;Ethanol;Tetradecane;307.67;0.68;;;L1;
222;Ethanol;Tetradecane;307.71;0.6994;;;L1;
222;Ethanol;Tetradecane;307.8;0.7188;;;L1;
222;Ethanol;Tetradecane;307.89163;0.8049;;;L1;
222;Ethanol;Tetradecane;308.19154;0.7001;;;L1;
222;Ethanol;Tetradecane;308.39148;0.7388;;;L1;
222;Ethanol;Tetradecane;308.49145;0.7672;;;L1;
222;Ethanol;Tetradecane;308.49145;0.7788;;;L1;
222;Ethanol;Tetradecane;274.6;0.94970812;0.878955384;0.87847328;L2;7.742055667
222;Ethanol;Tetradecane;279.89;0.9414;0.859606598;0.858996228;L2;9.08932881
222;Ethanol;Tetradecane;282.2;0.9382;0.84913575;0.848535619;L2;9.974407822
222;Ethanol;Tetradecane;282.44;0.937924738;0.847953856;0.847448803;L2;10.08434898
222;Ethanol;Tetradecane;284.92;0.9337;0.834432333;0.833435846;L2;11.2403535
222;Ethanol;Tetradecane;287.9966;0.9134;0.812993972;0.811936341;L2;11.64502056
222;Ethanol;Tetradecane;288.84;0.9258;0.805732318;0.804240319;L2;13.89066532
222;Ethanol;Tetradecane;291.65;0.9193;0.773096524;0.770556623;L2;17.32086003
222;Ethanol;Tetradecane;293.14;0.9153;0.74262415;0.741208256;L2;20.9061818
222;Ethanol;Tetradecane;294.98;0.908978831;;;L2;
222;Ethanol;Tetradecane;296.99;0.9027;;;L2;
222;Ethanol;Tetradecane;297.36;0.900014987;;;L2;
222;Ethanol;Tetradecane;299.4941;0.8843;;;L2;
222;Ethanol;Tetradecane;299.81;0.8917;;;L2;
222;Ethanol;Tetradecane;299.88;0.889424206;;;L2;
222;Ethanol;Tetradecane;300.77;0.8856;;;L2;
222;Ethanol;Tetradecane;303.21;0.868924356;;;L2;
222;Ethanol;Tetradecane;303.49;0.8676;;;L2;
222;Ethanol;Tetradecane;304.18;0.859616019;;;L2;
222;Ethanol;Tetradecane;304.83;0.855;;;L2;
222;Ethanol;Tetradecane;305.05;0.84890921;;;L2;
222;Ethanol;Tetradecane;305.39238;0.8535;;;L2;
222;Ethanol;Tetradecane;306.13;0.836;;;L2;
222;Ethanol;Tetradecane;306.59;0.820263088;;;L2;
222;Ethanol;Tetradecane;306.77;0.800542043;;;L2;
222;Ethanol;Tetradecane;306.89193;0.8299;;;L2;
222;Ethanol;Tetradecane;307.03;0.798293801;;;L2;
222;Ethanol;Tetradecane;307.14;0.806;;;L2;
222;Ethanol;Tetradecane;307.38;0.737808436;;;L2;
222;Ethanol;Tetradecane;307.59172;0.816;;;L2;
222;Ethanol;Tetradecane;307.67;0.7748;;;L2;
222;Ethanol;Tetradecane;307.71;0.7556;;;L2;
227;Ethanol;Hexadecane;294.4;0.2551;0.55369301;0.553973059;L1;77.49547747
227;Ethanol;Hexadecane;296.09;0.300293035;0.579271712;0.580192956;L1;65.70128646
227;Ethanol;Hexadecane;298.14437;0.315;0.614074696;0.615336237;L1;66.75439368
227;Ethanol;Hexadecane;298.15;0.2918;0.614177967;0.615442792;L1;74.42160989
227;Ethanol;Hexadecane;298.66;0.2946;0.623773061;0.625095234;L1;75.01681139
227;Ethanol;Hexadecane;304.7;0.344;;;L1;
227;Ethanol;Hexadecane;306.96;0.3613;;;L1;
227;Ethanol;Hexadecane;307.99;0.397872653;;;L1;
227;Ethanol;Hexadecane;308.141555;0.393;;;L1;
227;Ethanol;Hexadecane;308.15;0.3836;;;L1;
227;Ethanol;Hexadecane;308.66;0.3756;;;L1;
227;Ethanol;Hexadecane;312.24;0.4082;;;L1;
227;Ethanol;Hexadecane;313.66;0.4228;;;L1;
227;Ethanol;Hexadecane;314.58962;0.4879;;;L1;
227;Ethanol;Hexadecane;317.2;0.500088968;;;L1;
227;Ethanol;Hexadecane;317.25;0.495974298;;;L1;
227;Ethanol;Hexadecane;317.48875;0.5282;;;L1;
227;Ethanol;Hexadecane;318.138555;0.516;;;L1;
227;Ethanol;Hexadecane;318.15;0.4907;;;L1;
227;Ethanol;Hexadecane;318.99;0.4936;;;L1;
227;Ethanol;Hexadecane;320.02;0.546669774;;;L1;
227;Ethanol;Hexadecane;321.91;0.5442;;;L1;
227;Ethanol;Hexadecane;322.5;0.5571;;;L1;
227;Ethanol;Hexadecane;322.66;0.600653067;;;L1;
227;Ethanol;Hexadecane;322.88713;0.6163;;;L1;
227;Ethanol;Hexadecane;323.15;0.5544;;;L1;
227;Ethanol;Hexadecane;323.58692;0.6267;;;L1;
227;Ethanol;Hexadecane;323.75;0.649409481;;;L1;
227;Ethanol;Hexadecane;323.8;0.5859;;;L1;
227;Ethanol;Hexadecane;324.2;0.646648181;;;L1;
227;Ethanol;Hexadecane;324.47;0.6089;;;L1;
227;Ethanol;Hexadecane;324.82;0.698170966;;;L1;
227;Ethanol;Hexadecane;325.08647;0.6797;;;L1;
227;Ethanol;Hexadecane;325.136455;0.7518;;;L1;
227;Ethanol;Hexadecane;325.28;0.700197253;;;L1;
227;Ethanol;Hexadecane;325.38;0.758838786;;;L1;
227;Ethanol;Hexadecane;325.59;0.6425;;;L1;
227;Ethanol;Hexadecane;325.72;0.7339663;;;L1;
227;Ethanol;Hexadecane;326.06;0.6643;;;L1;
227;Ethanol;Hexadecane;326.08617;0.7556;;;L1;
227;Ethanol;Hexadecane;326.08617;0.7174;;;L1;
227;Ethanol;Hexadecane;326.18614;0.7282;;;L1;
227;Ethanol;Hexadecane;326.4;0.6833;;;L1;
227;Ethanol;Hexadecane;326.67;0.7007;;;L1;
227;Ethanol;Hexadecane;326.87;0.7307;;;L1;
227;Ethanol;Hexadecane;326.92;0.7628;;;L1;
227;Ethanol;Hexadecane;290.12;0.9657;0.874541214;0.874399701;L2;9.915380486
227;Ethanol;Hexadecane;293.88;0.9613;0.856419474;0.856225182;L2;11.55262391
227;Ethanol;Hexadecane;294.4;0.9621;0.853423672;0.853159524;L2;11.98622863
227;Ethanol;Hexadecane;294.77;0.959725611;0.851197036;0.850633153;L2;12.00037858
227;Ethanol;Hexadecane;295.37;0.9595;0.847399654;0.846536335;L2;12.42398853
227;Ethanol;Hexadecane;298.14437;0.957;0.825661928;0.824422036;L2;14.76179893
227;Ethanol;Hexadecane;298.15;0.9597;0.825608121;0.824364971;L2;15.05005045
227;Ethanol;Hexadecane;304.11;0.9528;;;L2;
227;Ethanol;Hexadecane;308.141555;0.939;;;L2;
227;Ethanol;Hexadecane;308.15;0.951;;;L2;
227;Ethanol;Hexadecane;310.6;0.9437;;;L2;
227;Ethanol;Hexadecane;313.79;0.929623342;;;L2;
227;Ethanol;Hexadecane;314.96;0.9293;;;L2;
227;Ethanol;Hexadecane;317.68869;0.9096;;;L2;
227;Ethanol;Hexadecane;318.138555;0.913;;;L2;
227;Ethanol;Hexadecane;318.15;0.9359;;;L2;
227;Ethanol;Hexadecane;319.04;0.917;;;L2;
227;Ethanol;Hexadecane;319.41;0.909110521;;;L2;
227;Ethanol;Hexadecane;320.21;0.907;;;L2;
227;Ethanol;Hexadecane;321.08767;0.8974;;;L2;
227;Ethanol;Hexadecane;321.24;0.900053169;;;L2;
227;Ethanol;Hexadecane;322.24;0.888798738;;;L2;
227;Ethanol;Hexadecane;322.41;0.889301047;;;L2;
227;Ethanol;Hexadecane;322.9;0.8914;;;L2;
227;Ethanol;Hexadecane;323.02;0.8904;;;L2;
227;Ethanol;Hexadecane;323.15;0.9054;;;L2;
227;Ethanol;Hexadecane;323.28701;0.8844;;;L2;
227;Ethanol;Hexadecane;324.55;0.858581306;;;L2;
227;Ethanol;Hexadecane;324.61;0.8749;;;L2;
227;Ethanol;Hexadecane;324.62;0.837696083;;;L2;
227;Ethanol;Hexadecane;324.956509;0.8197;;;L2;
227;Ethanol;Hexadecane;325.26;0.8665;;;L2;
227;Ethanol;Hexadecane;325.28641;0.8425;;;L2;
227;Ethanol;Hexadecane;325.52;0.799636594;;;L2;
227;Ethanol;Hexadecane;325.6;0.795254249;;;L2;
227;Ethanol;Hexadecane;325.88623;0.8307;;;L2;
227;Ethanol;Hexadecane;325.97;0.8523;;;L2;
227;Ethanol;Hexadecane;326.08617;0.7853;;;L2;
227;Ethanol;Hexadecane;326.21;0.8414;;;L2;
227;Ethanol;Hexadecane;326.56;0.8167;;;L2;
227;Ethanol;Hexadecane;326.72;0.7881;;;L2;
237;Ethanol;2,2,4,4,6,8,8-Heptamethylnonane;248.3;0.246814382;0.13048423;0.131194417;L1;63.73841891
237;Ethanol;2,2,4,4,6,8,8-Heptamethylnonane;260.92;0.346843918;0.188933942;0.189144896;L1;60.7477436
237;Ethanol;2,2,4,4,6,8,8-Heptamethylnonane;268.46;0.452622063;0.2299408;0.230117593;L1;67.7235594
237;Ethanol;2,2,4,4,6,8,8-Heptamethylnonane;268.90122;0.4871;0.232478851;0.232745451;L1;73.96701822
237;Ethanol;2,2,4,4,6,8,8-Heptamethylnonane;270.5008413;0.5121;0.241807286;0.242272619;L1;75.03788497
237;Ethanol;2,2,4,4,6,8,8-Heptamethylnonane;272.27;0.554570366;0.252354876;0.252809533;L1;78.7357364
237;Ethanol;2,2,4,4,6,8,8-Heptamethylnonane;273.0000476;0.5827;0.256777557;0.257157616;L1;81.94623009
237;Ethanol;2,2,4,4,6,8,8-Heptamethylnonane;273.25;0.60038555;0.258301179;0.258646304;L1;84.3445769
237;Ethanol;2,2,4,4,6,8,8-Heptamethylnonane;273.2999781;0.6265;0.258606402;0.258943968;L1;88.48415537
237;Ethanol;2,2,4,4,6,8,8-Heptamethylnonane;273.65;0.649752883;0.260749389;0.26102866;L1;91.30323598
237;Ethanol;2,2,4,4,6,8,8-Heptamethylnonane;253.46;0.909147917;0.950287255;0.950226659;L2;4.425650615
237;Ethanol;2,2,4,4,6,8,8-Heptamethylnonane;262.41;0.880307023;0.943646751;0.943547417;L2;6.948115552
237;Ethanol;2,2,4,4,6,8,8-Heptamethylnonane;264.10218;0.8807;0.942255854;0.942135338;L2;6.755979867
237;Ethanol;2,2,4,4,6,8,8-Heptamethylnonane;267.02;0.858630411;0.939743714;0.939700496;L2;9.026861907
237;Ethanol;2,2,4,4,6,8,8-Heptamethylnonane;269.5011;0.8431;0.937486314;0.937390069;L2;10.61165845
237;Ethanol;2,2,4,4,6,8,8-Heptamethylnonane;269.70106;0.8251;0.937299257;0.937195831;L2;12.7498018
237;Ethanol;2,2,4,4,6,8,8-Heptamethylnonane;269.84;0.840345599;0.937168819;0.937060867;L2;10.90502015
237;Ethanol;2,2,4,4,6,8,8-Heptamethylnonane;272.22;0.797619364;0.934873804;0.934748976;L2;15.87800549
237;Ethanol;2,2,4,4,6,8,8-Heptamethylnonane;272.9000794;0.7403;0.93419623;0.934088358;L2;23.26310029
237;Ethanol;2,2,4,4,6,8,8-Heptamethylnonane;272.9000794;0.7748;0.93419623;0.934088358;L2;18.70815808
237;Ethanol;2,2,4,4,6,8,8-Heptamethylnonane;273.25;0.749196055;0.933843687;0.933748451;L2;22.03083606
237;Ethanol;2,2,4,4,6,8,8-Heptamethylnonane;273.2999781;0.6877;0.933793115;0.933699903;L2;30.5902213
237;Ethanol;2,2,4,4,6,8,8-Heptamethylnonane;273.2999781;0.7262;0.933793115;0.933699903;L2;25.14294503
237;Ethanol;2,2,4,4,6,8,8-Heptamethylnonane;273.74;0.702399679;0.933345474;0.933272474;L2;28.42728297
295;Diethyl ether;Water;269.323064;0.034482722;0.001295278;0.001295411;L1;328.1733392
295;Diethyl ether;Water;269.403;0.0339;0.001295492;0.001295762;L1;326.4524126
295;Diethyl ether;Water;273.15;0.029404;0.001306526;0.001312214;L1;311.3758916
295;Diethyl ether;Water;273.15;0.0321;0.001306526;0.001312214;L1;320.1484227
295;Diethyl ether;Water;273.15;0.031111275;0.001306526;0.001312214;L1;317.019849
295;Diethyl ether;Water;280.6455;0.0261;0.001334018;0.001345125;L1;297.3739911
295;Diethyl ether;Water;281.6449;0.0245;0.001338208;0.001349513;L1;290.7341705
295;Diethyl ether;Water;283.144;0.022718883;0.001344718;0.001356096;L1;282.7012277
295;Diethyl ether;Water;283.144;0.023500887;0.001344718;0.001356096;L1;286.0854013
295;Diethyl ether;Water;283.144;0.0236297;0.001344718;0.001356096;L1;286.6320243
295;Diethyl ether;Water;283.144;0.023573682;0.001344718;0.001356096;L1;286.3946768
295;Diethyl ether;Water;285.1428;0.0212;0.001353812;0.001364872;L1;275.1076939
295;Diethyl ether;Water;288.09103;0.02027;0.001368077;0.001377817;L1;269.5736025
295;Diethyl ether;Water;288.141;0.020484764;0.001368327;0.001378037;L1;270.6092426
295;Diethyl ether;Water;288.141;0.020559042;0.001368327;0.001378037;L1;270.971188
295;Diethyl ether;Water;288.141;0.019598678;0.001368327;0.001378037;L1;266.187315
295;Diethyl ether;Water;288.141;0.020352794;0.001368327;0.001378037;L1;269.9629235
295;Diethyl ether;Water;288.15;0.0088;0.001368372;0.001378076;L1;186.1129773
295;Diethyl ether;Water;289.1404;0.0198;0.001373396;0.001382425;L1;266.8395756
295;Diethyl ether;Water;292.1386;0.0164;0.001389281;0.001395589;L1;246.8495283
295;Diethyl ether;Water;293.08803;0.01772;0.001394522;0.001399758;L1;254.2142597
295;Diethyl ether;Water;293.138;0.022;0.0013948;0.001399977;L1;275.8291325
295;Diethyl ether;Water;293.138;0.0177;0.0013948;0.001399977;L1;254.0813511
295;Diethyl ether;Water;293.138;0.017637249;0.0013948;0.001399977;L1;253.7261958
295;Diethyl ether;Water;293.138;0.017612908;0.0013948;0.001399977;L1;253.5880914
295;Diethyl ether;Water;293.138;0.017734648;0.0013948;0.001399977;L1;254.2769112
295;Diethyl ether;Water;293.138;0.016669013;0.0013948;0.001399977;L1;248.0800359
295;Diethyl ether;Water;293.15;0.00493556;0.001394867;0.00140003;L1;126.3667014
295;Diethyl ether;Water;297.9944;0.015;0.001423196;0.001424378;L1;235.5145009
295;Diethyl ether;Water;298.08602;0.01528;0.001423757;0.001425068;L1;237.3245769
295;Diethyl ether;Water;298.136;0.014663993;0.001424063;0.001425444;L1;233.1880974
295;Diethyl ether;Water;298.136;0.016346602;0.001424063;0.001425444;L1;244.0505988
295;Diethyl ether;Water;298.136;0.015380383;0.001424063;0.001425444;L1;237.9578807
295;Diethyl ether;Water;298.136;0.015356366;0.001424063;0.001425444;L1;237.8016052
295;Diethyl ether;Water;298.136;0.01536704;0.001424063;0.001425444;L1;237.8710897
295;Diethyl ether;Water;298.136;0.014663993;0.001424063;0.001425444;L1;233.1880974
295;Diethyl ether;Water;298.14437;0.0159;0.001424114;0.001425507;L1;241.2769023
295;Diethyl ether;Water;298.15;0.0135;0.001424149;0.00142555;L1;224.9115364
295;Diethyl ether;Water;301.15;0.0147;0.00144303;0.001448146;L1;232.110244
295;Diethyl ether;Water;303.134;0.0127;0.001456051;0.00146309;L1;216.5874035
295;Diethyl ether;Water;303.134;0.013525149;0.001456051;0.00146309;L1;222.8822883
295;Diethyl ether;Water;303.134;0.013514591;0.001456051;0.00146309;L1;222.8041958
295;Diethyl ether;Water;303.134;0.015247;0.001456051;0.00146309;L1;234.8654804
295;Diethyl ether;Water;311.1308;0.0118;0.0015128;0.001523322;L1;205.4137487
295;Diethyl ether;Water;313.13;0.01133;0.001528048;0.001538381;L1;200.3463225
295;Diethyl ether;Water;313.25;0.009694753;0.001528976;0.001539284;L1;184.6986383
295;Diethyl ether;Water;318.15;0.009006655;0.001568197;0.001576192;L1;174.803712
295;Diethyl ether;Water;322.1273;0.0103;0.001601898;0.001606149;L1;186.0954823
295;Diethyl ether;Water;323.127;0.01012;0.001610632;0.001613679;L1;183.7887128
295;Diethyl ether;Water;323.25;0.0080105;0.001611714;0.001614605;L1;160.3455138
295;Diethyl ether;Water;324.62655;0.0102;0.001623931;0.001624974;L1;183.7537678
295;Diethyl ether;Water;328.15;0.007735265;0.001656122;0.001660459;L1;154.1311078
295;Diethyl ether;Water;333.124;0.009;0.001703823;0.001712811;L1;166.4349979
295;Diethyl ether;Water;333.25;0.006777085;0.001705066;0.001714137;L1;137.9943273
295;Diethyl ether;Water;335.624;0.009;0.001728804;0.001739124;L1;164.9794663
295;Diethyl ether;Water;338.124;0.0085;0.001754463;0.001765437;L1;157.790308
295;Diethyl ether;Water;339.624;0.0078;0.001770187;0.001781224;L1;148.3038814
295;Diethyl ether;Water;343.124;0.0076;0.001807836;0.001818062;L1;143.6017721
295;Diethyl ether;Water;344.1239;0.0075;0.001818841;0.001828586;L1;141.6703619
295;Diethyl ether;Water;345.1238;0.0073;0.001829957;0.001839111;L1;138.3581843
295;Diethyl ether;Water;353.123;0.00685;0.001922943;0.001923303;L1;127.03917
295;Diethyl ether;Water;355.123;0.0068;0.001947335;0.001950094;L1;125.0460827
295;Diethyl ether;Water;363.123;0.00569;0.00204959;0.00206063;L1;102.1070349
295;Diethyl ether;Water;269.323064;0.962423654;0.927547253;0.9275169;L2;3.691100281
295;Diethyl ether;Water;269.323064;0.959517415;0.927547253;0.9275169;L2;3.388672567
295;Diethyl ether;Water;269.403;0.9624;0.927607804;0.927551843;L2;3.682114644
295;Diethyl ether;Water;269.403;0.964;0.927607804;0.927551843;L2;3.848227639
295;Diethyl ether;Water;273.15;0.958011365;0.930217933;0.929189792;L2;2.944074551
295;Diethyl ether;Water;273.15;0.956162622;0.930217933;0.929189792;L2;2.750910963
295;Diethyl ether;Water;273.15;0.9606;0.930217933;0.929189792;L2;3.213919358
295;Diethyl ether;Water;273.15;0.9594;0.930217933;0.929189792;L2;3.088919342
295;Diethyl ether;Water;278.147;0.9573;0.933091102;0.931374161;L2;2.56139817
295;Diethyl ether;Water;281.1452;0.9571;0.934535172;0.932684782;L2;2.385861563
295;Diethyl ether;Water;283.144;0.953782557;0.935396846;0.93355853;L2;1.946484403
295;Diethyl ether;Water;283.144;0.955701271;0.935396846;0.93355853;L2;2.147451242
295;Diethyl ether;Water;283.144;0.954702819;0.935396846;0.93355853;L2;2.042923399
295;Diethyl ether;Water;283.144;0.956624307;0.935396846;0.93355853;L2;2.243986694
295;Diethyl ether;Water;283.144;0.952175288;0.935396846;0.93355853;L2;1.777827012
295;Diethyl ether;Water;283.144;0.944274843;0.935396846;0.93355853;L2;0.944639725
295;Diethyl ether;Water;283.144;0.94310576;0.935396846;0.93355853;L2;0.820755528
295;Diethyl ether;Water;283.144;0.953782557;0.935396846;0.93355853;L2;1.946484403
295;Diethyl ether;Water;287.6413;0.9559;0.937075388;0.935524462;L2;1.988956936
295;Diethyl ether;Water;287.6413;0.9548;0.937075388;0.935524462;L2;1.873815876
295;Diethyl ether;Water;288.09103;0.959;0.937225144;0.935721055;L2;2.296754018
295;Diethyl ether;Water;288.141;0.942729097;0.937241593;0.935742898;L2;0.58378782
295;Diethyl ether;Water;288.141;0.943369557;0.937241593;0.935742898;L2;0.651701555
295;Diethyl ether;Water;288.141;0.949391324;0.937241593;0.935742898;L2;1.287998234
295;Diethyl ether;Water;288.141;0.952022426;0.937241593;0.935742898;L2;1.564750591
295;Diethyl ether;Water;288.141;0.950419589;0.937241593;0.935742898;L2;1.396247439
295;Diethyl ether;Water;288.141;0.951335001;0.937241593;0.935742898;L2;1.492517702
295;Diethyl ether;Water;288.141;0.950114744;0.937241593;0.935742898;L2;1.364167513
295;Diethyl ether;Water;288.141;0.950114744;0.937241593;0.935742898;L2;1.364167513
295;Diethyl ether;Water;288.15;0.9609;0.937244551;0.935746833;L2;2.492610327
295;Diethyl ether;Water;291.1392;0.952;0.938161731;0.93705352;L2;1.464267978
295;Diethyl ether;Water;292.1386;0.9524;0.938440632;0.937490393;L2;1.476551889
295;Diethyl ether;Water;293.08803;0.956;0.938693449;0.937905424;L2;1.826895278
295;Diethyl ether;Water;293.138;0.946998493;0.938706435;0.937927267;L2;0.879470751
295;Diethyl ether;Water;293.138;0.938637982;0.938706435;0.937927267;L2;0.007292514
295;Diethyl ether;Water;293.138;0.95087713;0.938706435;0.937927267;L2;1.288205903
295;Diethyl ether;Water;293.138;0.952;0.938706435;0.937927267;L2;1.406224046
295;Diethyl ether;Water;293.138;0.949353272;0.938706435;0.937927267;L2;1.127819212
295;Diethyl ether;Water;293.138;0.941412543;0.938706435;0.937927267;L2;0.287865832
295;Diethyl ether;Water;293.138;0.945937903;0.938706435;0.937927267;L2;0.767413092
295;Diethyl ether;Water;293.138;0.9559;0.938706435;0.937927267;L2;1.815051074
295;Diethyl ether;Water;293.138;0.9526;0.938706435;0.937927267;L2;1.469229404
295;Diethyl ether;Water;293.138;0.9559;0.938706435;0.937927267;L2;1.815051074
295;Diethyl ether;Water;293.138;0.9496;0.938706435;0.937927267;L2;1.153804897
295;Diethyl ether;Water;293.138;0.949962377;0.938706435;0.937927267;L2;1.191958632
295;Diethyl ether;Water;293.138;0.949962377;0.938706435;0.937927267;L2;1.191958632
295;Diethyl ether;Water;293.15;0.959;0.938709549;0.937932513;L2;2.138496343
295;Diethyl ether;Water;297.9944;0.96;0.93982552;0.939712899;L2;2.123904331
295;Diethyl ether;Water;297.9944;0.95;0.93982552;0.939712899;L2;1.076774344
295;Diethyl ether;Water;298.08602;0.953;0.939844059;0.939721401;L2;1.390093639
295;Diethyl ether;Water;298.136;0.948592711;0.939854135;0.939726039;L2;0.925484193
295;Diethyl ether;Water;298.136;0.950495823;0.939854135;0.939726039;L2;1.125907986
295;Diethyl ether;Water;298.136;0.940548871;0.939854135;0.939726039;L2;0.073892264
295;Diethyl ether;Water;298.136;0.932198847;0.939854135;0.939726039;L2;0.817854045
295;Diethyl ether;Water;298.136;0.946619507;0.939854135;0.939726039;L2;0.717253716
295;Diethyl ether;Water;298.136;0.947605342;0.939854135;0.939726039;L2;0.821342214
295;Diethyl ether;Water;298.136;0.948592711;0.939854135;0.939726039;L2;0.925484193
295;Diethyl ether;Water;298.136;0.949353272;0.939854135;0.939726039;L2;1.005629892
295;Diethyl ether;Water;298.136;0.947188071;0.939854135;0.939726039;L2;0.777298256
295;Diethyl ether;Water;298.136;0.941713227;0.939854135;0.939726039;L2;0.197611076
295;Diethyl ether;Water;298.136;0.938226588;0.939854135;0.939726039;L2;0.173320267
295;Diethyl ether;Water;298.14437;0.9502;0.93985582;0.939726816;L2;1.094600873
295;Diethyl ether;Water;298.15;0.9573;0.939856952;0.939727339;L2;1.838913668
295;Diethyl ether;Water;301.15;0.9568;0.940413744;0.940005742;L2;1.727445112
295;Diethyl ether;Water;303.134;0.942766753;0.940733211;0.94018986;L2;0.215932326
295;Diethyl ether;Water;303.134;0.93468479;0.940733211;0.94018986;L2;0.645023362
295;Diethyl ether;Water;303.134;0.922535005;0.940733211;0.94018986;L2;1.953426208
295;Diethyl ether;Water;303.134;0.946165023;0.940733211;0.94018986;L2;0.575741368
295;Diethyl ether;Water;303.134;0.9475;0.940733211;0.94018986;L2;0.716735388
295;Diethyl ether;Water;303.134;0.931791647;0.940733211;0.94018986;L2;0.95503481
295;Diethyl ether;Water;303.134;0.934796331;0.940733211;0.94018986;L2;0.633090532
295;Diethyl ether;Water;313.13;0.941;0.941831671;0.9411175;L2;0.088342597
295;Diethyl ether;Water;321.62745;0.9368;0.942205299;0.941906073;L2;0.575337844
295;Diethyl ether;Water;323.127;0.9351;0.942225932;0.942045233;L2;0.759161334
295;Diethyl ether;Water;324.62655;0.933;0.942234088;0.942184393;L2;0.984854374
295;Diethyl ether;Water;328.62535;0.93;0.942197665;0.942007004;L2;1.303050231
295;Diethyl ether;Water;333.124;0.9292;0.942061823;0.941712228;L2;1.374690109
295;Diethyl ether;Water;343.124;0.9226;0.941436422;0.941056975;L2;2.021104604
295;Diethyl ether;Water;348.1235;0.9183;0.940972292;0.940729381;L2;2.438955878
295;Diethyl ether;Water;353.123;0.9165;0.940415743;0.940401788;L2;2.575999006
295;Diethyl ether;Water;363.123;0.9105;0.939044434;0.938762522;L2;3.086889919
295;Diethyl ether;Water;363.123;0.9107;0.939044434;0.938762522;L2;3.064926379
295;Diethyl ether;Water;368.1235;0.8972;0.938237156;0.937929869;L2;4.472394547
335;Aniline;Cyclohexane;272.8642288;0.05;0.024042222;0.024299152;L1;73.22114588
335;Aniline;Cyclohexane;280.6984682;0.069;0.032924848;0.033283581;L1;73.98788832
335;Aniline;Cyclohexane;287.021672;0.094;0.041983121;0.042406198;L1;80.60271302
335;Aniline;Cyclohexane;288.09;0.125;0.043707881;0.044161529;L1;105.0785309
335;Aniline;Cyclohexane;291.18;0.144;0.049049918;0.049238594;L1;107.6974782
335;Aniline;Cyclohexane;291.9956858;0.125;0.050552643;0.050578818;L1;90.52985006
335;Aniline;Cyclohexane;293.46;0.165;0.053353336;0.053652568;L1;112.9008966
335;Aniline;Cyclohexane;295.42;0.184;0.057319591;0.057841785;L1;116.6293282
335;Aniline;Cyclohexane;295.7829416;0.159;0.058082599;0.05861752;L1;100.7038082
335;Aniline;Cyclohexane;296.98;0.205;0.060665133;0.061176059;L1;121.7640854
335;Aniline;Cyclohexane;298.136;0.22;0.063258433;0.063646843;L1;124.6399092
335;Aniline;Cyclohexane;298.136;0.151520066;0.063258433;0.063646843;L1;87.34896105
335;Aniline;Cyclohexane;298.15;0.1905;0.063290456;0.063676766;L1;110.1917649
335;Aniline;Cyclohexane;298.15;0.191;0.063290456;0.063676766;L1;110.4538882
335;Aniline;Cyclohexane;298.39;0.227;0.063841749;0.064189731;L1;126.8542671
335;Aniline;Cyclohexane;298.5448364;0.196;0.064199768;0.064520671;L1;111.6115066
335;Aniline;Cyclohexane;299.43;0.245;0.066282468;0.066412581;L1;130.733278
335;Aniline;Cyclohexane;300.15;0.2305;0.068022768;0.068099161;L1;122.0408396
335;Aniline;Cyclohexane;300.22;0.264;0.068194223;0.06829223;L1;135.3589253
335;Aniline;Cyclohexane;300.4430768;0.242;0.068743324;0.068907506;L1;125.8558094
335;Aniline;Cyclohexane;301.01;0.284;0.070157553;0.070471158;L1;139.823077
335;Aniline;Cyclohexane;301.63;0.304;0.071735576;0.072181202;L1;144.4040895
335;Aniline;Cyclohexane;301.639598;0.293;0.071760267;0.072207675;L1;140.6841671
335;Aniline;Cyclohexane;302.2;0.301;0.073215961;0.073753339;L1;141.3696817
335;Aniline;Cyclohexane;302.29;0.326;0.073452345;0.074001572;L1;149.0260547
335;Aniline;Cyclohexane;302.3962952;0.339;0.073732465;0.074294748;L1;152.5556897
335;Aniline;Cyclohexane;302.5752236;0.385;0.074206299;0.074788257;L1;164.6394296
335;Aniline;Cyclohexane;302.6342;0.42;0.074363115;0.074950922;L1;173.1294661
335;Aniline;Cyclohexane;302.7;0.345;0.074538448;0.075132407;L1;153.2229342
335;Aniline;Cyclohexane;302.89;0.366;0.075046952;0.075656453;L1;158.4519386
335;Aniline;Cyclohexane;302.98;0.386;0.07528898;0.075904686;L1;163.4503588
335;Aniline;Cyclohexane;303.09;0.405;0.075585809;0.076208081;L1;167.8618515
335;Aniline;Cyclohexane;303.15;0.427;0.075748188;0.076373569;L1;172.9369488
335;Aniline;Cyclohexane;303.29301;0.44;0.076136571;0.07676801;L1;175.4246013
335;Aniline;Cyclohexane;272.8642288;0.873;0.888920679;0.888553228;L2;1.807245023
335;Aniline;Cyclohexane;280.6984682;0.845;0.867991748;0.867513068;L2;2.684558029
335;Aniline;Cyclohexane;287.021672;0.81;0.848584919;0.848051029;L2;4.65359137
335;Aniline;Cyclohexane;288.76;0.792;0.842804457;0.842249335;L2;6.21735788
335;Aniline;Cyclohexane;291.9956858;0.771;0.831482416;0.831450188;L2;7.552177752
335;Aniline;Cyclohexane;292.66;0.777;0.829062701;0.828898957;L2;6.485543599
335;Aniline;Cyclohexane;295.06;0.754;0.820034367;0.819433795;L2;8.395388221
335;Aniline;Cyclohexane;295.7829416;0.729;0.817223575;0.816582646;L2;11.42389793
335;Aniline;Cyclohexane;296.83;0.734;0.813074591;0.812453239;L2;10.23138246
335;Aniline;Cyclohexane;298.136;0.717958431;0.807766031;0.807302614;L2;11.78607788
335;Aniline;Cyclohexane;298.136;0.793;0.807766031;0.807302614;L2;1.844922896
335;Aniline;Cyclohexane;298.15;0.715;0.807708301;0.8072474;L2;12.19184375
335;Aniline;Cyclohexane;298.15;0.7147;0.807708301;0.8072474;L2;12.2338106
335;Aniline;Cyclohexane;298.15;0.721;0.807708301;0.8072474;L2;11.35618429
335;Aniline;Cyclohexane;298.46;0.721;0.80642546;0.806024817;L2;11.19723323
335;Aniline;Cyclohexane;298.5448364;0.682;0.806072867;0.805690238;L2;16.71444859
335;Aniline;Cyclohexane;299.59;0.699;0.801674429;0.801568304;L2;13.70518348
335;Aniline;Cyclohexane;300.15;0.6626;0.799275435;0.799186913;L2;18.75341206
335;Aniline;Cyclohexane;300.4430768;0.636;0.798007902;0.797818128;L2;22.69199359
335;Aniline;Cyclohexane;300.77;0.676;0.796584115;0.796291267;L2;16.41396539
335;Aniline;Cyclohexane;301.5;0.658;0.793366733;0.792881878;L2;18.7080646
335;Aniline;Cyclohexane;301.639598;0.592;0.792745387;0.7922299;L2;29.19954594
335;Aniline;Cyclohexane;301.94;0.639;0.791401592;0.790826903;L2;21.39010859
335;Aniline;Cyclohexane;302.2;0.597;0.790231064;0.7896126;L2;28.04082749
335;Aniline;Cyclohexane;302.26;0.619;0.789959951;0.789332376;L2;24.38769765
335;Aniline;Cyclohexane;302.3962952;0.548;0.789342707;0.788695824;L2;36.49252958
335;Aniline;Cyclohexane;302.51;0.605;0.788826289;0.788164777;L2;26.53176722
335;Aniline;Cyclohexane;302.5752236;0.504;0.78852945;0.787860157;L2;44.75934867
335;Aniline;Cyclohexane;302.6342;0.471;0.788260658;0.787584714;L2;51.4970726
335;Aniline;Cyclohexane;302.78;0.585;0.787594589;0.78690377;L2;29.73716297
335;Aniline;Cyclohexane;302.98;0.562;0.78667726;0.785969691;L2;33.63162253
335;Aniline;Cyclohexane;303.06;0.543;0.786309138;0.785596059;L2;37.0240701
335;Aniline;Cyclohexane;303.11;0.525;0.786078716;0.785362539;L2;40.36586723
335;Aniline;Cyclohexane;303.15;0.508;0.785894186;0.785175724;L2;43.63407118
336;Aniline;Methylcyclohexane;292;0.101;0.050374122;0.050724481;L1;69.56429314
336;Aniline;Methylcyclohexane;292.15;0.1011;0.050641801;0.050975231;L1;69.13327828
336;Aniline;Methylcyclohexane;296.77;0.1209;0.059505898;0.059975822;L1;70.88883273
336;Aniline;Methylcyclohexane;297;0.121;0.059980127;0.060470525;L1;70.17772618
336;Aniline;Methylcyclohexane;298.136;0.124659649;0.062371035;0.062913927;L1;69.24862388
336;Aniline;Methylcyclohexane;298.136;0.125908564;0.062371035;0.062913927;L1;70.2454984
336;Aniline;Methylcyclohexane;298.136;0.124451481;0.062371035;0.062913927;L1;69.08149522
336;Aniline;Methylcyclohexane;298.136;0.124659649;0.062371035;0.062913927;L1;69.24862388
336;Aniline;Methylcyclohexane;300.95;0.1521;0.06865732;0.06896651;L1;79.54104401
336;Aniline;Methylcyclohexane;302;0.157;0.071142851;0.071224936;L1;79.15559625
336;Aniline;Methylcyclohexane;304.28;0.1725;0.076819668;0.07728922;L1;80.89365308
336;Aniline;Methylcyclohexane;306.33;0.2008;0.082271001;0.082906286;L1;89.22906987
336;Aniline;Methylcyclohexane;307;0.21;0.084128101;0.084742108;L1;91.47668825
336;Aniline;Methylcyclohexane;307.89;0.2196;0.08665495;0.087180737;L1;92.98735637
336;Aniline;Methylcyclohexane;309.45;0.2562;0.091255415;0.091455187;L1;103.229606
336;Aniline;Methylcyclohexane;310.17;0.2696;0.093455236;0.093485841;L1;105.9456813
336;Aniline;Methylcyclohexane;310.88;0.2931;0.095673642;0.095949689;L1;111.9571013
336;Aniline;Methylcyclohexane;311.69;0.3167;0.09826582;0.098760558;L1;117.02787
336;Aniline;Methylcyclohexane;312;0.316;0.099275597;0.099836322;L1;115.7842427
336;Aniline;Methylcyclohexane;312.22;0.3412;0.099998265;0.100599768;L1;122.7315977
336;Aniline;Methylcyclohexane;312.56;0.3649;0.101125116;0.101779639;L1;128.3264824
336;Aniline;Methylcyclohexane;313.15;0.3994;0.103109797;0.103827062;L1;135.4169015
336;Aniline;Methylcyclohexane;313.18;0.4088;0.103211717;0.103931169;L1;137.6443651
336;Aniline;Methylcyclohexane;313.28;0.4142;0.103552163;0.10427819;L1;138.6273471
336;Aniline;Methylcyclohexane;313.43;0.4319;0.104064886;0.104798721;L1;142.3179474
336;Aniline;Methylcyclohexane;313.47;0.45;0.10420203;0.104937529;L1;146.2915975
336;Aniline;Methylcyclohexane;313.53;0.4426;0.104408077;0.105145742;L1;144.4359392
336;Aniline;Methylcyclohexane;313.58;0.4625;0.104580087;0.105319252;L1;148.66934
336;Aniline;Methylcyclohexane;313.65;0.477;0.104821366;0.105562167;L1;151.5258865
336;Aniline;Methylcyclohexane;313.73;0.4973;0.105097781;0.105839783;L1;155.43023
336;Aniline;Methylcyclohexane;313.76;0.5131;0.105201621;0.10594389;L1;158.4592052
336;Aniline;Methylcyclohexane;290.62;0.8747;0.884234888;0.883765224;L2;1.084176736
336;Aniline;Methylcyclohexane;292;0.865;0.88061153;0.880246812;L2;1.788707969
336;Aniline;Methylcyclohexane;294.17;0.8608;0.874698516;0.874681755;L2;1.601708408
336;Aniline;Methylcyclohexane;297;0.82;0.86656878;0.866069401;L2;5.523714283
336;Aniline;Methylcyclohexane;298.136;0.838300865;0.863164704;0.862612287;L2;2.922846011
336;Aniline;Methylcyclohexane;299.08;0.834;0.860271817;0.859739474;L2;3.101500269
336;Aniline;Methylcyclohexane;302;0.81;0.850936704;0.850853229;L2;4.930349996
336;Aniline;Methylcyclohexane;302.6;0.8116;0.848942883;0.848855437;L2;4.498430077
336;Aniline;Methylcyclohexane;304.58;0.7944;0.842169805;0.841654072;L2;5.839454973
336;Aniline;Methylcyclohexane;306.67;0.7721;0.834681897;0.834052631;L2;7.793661553
336;Aniline;Methylcyclohexane;307;0.76;0.83346626;0.832852404;L2;9.227478858
336;Aniline;Methylcyclohexane;308.24;0.7513;0.828813744;0.828342458;L2;9.819041451
336;Aniline;Methylcyclohexane;309.59;0.7309;0.823591189;0.823432436;L2;11.93976256
336;Aniline;Methylcyclohexane;310.58;0.7106;0.819652567;0.819476224;L2;14.27708676
336;Aniline;Methylcyclohexane;311.82;0.6781;0.81458372;0.814065098;L2;18.338244
336;Aniline;Methylcyclohexane;312;0.677;0.813834999;0.813279612;L2;18.40863691
336;Aniline;Methylcyclohexane;312.25;0.66;0.812789559;0.812188659;L2;20.8232396
336;Aniline;Methylcyclohexane;312.89;0.6354;0.810083408;0.80939582;L2;24.28824932
336;Aniline;Methylcyclohexane;313.08;0.6167;0.809271645;0.808566696;L2;27.17519569
336;Aniline;Methylcyclohexane;313.33;0.6034;0.808197609;0.807475743;L2;29.2226268
336;Aniline;Methylcyclohexane;313.62;0.5657;0.80694321;0.806210238;L2;35.5189392
336;Aniline;Methylcyclohexane;313.66;0.5574;0.806769466;0.806035685;L2;36.97548445
336;Aniline;Methylcyclohexane;313.76;0.5382;0.806334333;0.805599304;L2;40.42682239
336;Aniline;Methylcyclohexane;313.76;0.5194;0.806334333;0.805599304;L2;43.98241629
336;Aniline;Methylcyclohexane;313.78;0.528;0.806247174;0.805512028;L2;42.32940796
336;Aniline;Methylcyclohexane;313.78;0.5174;0.806247174;0.805512028;L2;44.35740935
336;Aniline;Methylcyclohexane;313.79;0.5269;0.806203578;0.80546839;L2;42.53255116
341;Aniline;Heptane;276.41;0.034;0.030957096;0.031136343;L1;9.375827543
341;Aniline;Heptane;285.11;0.0506;0.042530131;0.042800497;L1;17.37387958
341;Aniline;Heptane;290.1398;0.064;0.050665654;0.051117494;L1;23.36348342
341;Aniline;Heptane;291.1392;0.08130503;0.052423509;0.052913486;L1;43.8852758
341;Aniline;Heptane;291.46;0.0613;0.052998215;0.053489986;L1;14.55216131
341;Aniline;Heptane;296.74;0.0749;0.063227234;0.063449529;L1;16.94187591
341;Aniline;Heptane;298.136;0.072790597;0.066188783;0.066635967;L1;9.507577834
341;Aniline;Heptane;298.136;0.080241288;0.066188783;0.066635967;L1;19.25271889
341;Aniline;Heptane;298.136;0.079177386;0.066188783;0.066635967;L1;17.91797213
341;Aniline;Heptane;298.15;0.0756;0.066219059;0.066667923;L1;13.24879681
341;Aniline;Heptane;303.134;0.096;0.077764132;0.078044147;L1;21.06678998
341;Aniline;Heptane;305.51;0.1004;0.083842315;0.084155678;L1;18.0224371
341;Aniline;Heptane;313.13;0.1175;0.106206527;0.106419598;L1;10.10527641
341;Aniline;Heptane;313.21;0.1291;0.106466893;0.106704732;L1;19.27532221
341;Aniline;Heptane;317.43;0.1467;0.121051361;0.121745543;L1;19.21747577
341;Aniline;Heptane;322.85;0.1758;0.142516649;0.143291149;L1;20.98881604
341;Aniline;Heptane;323.127;0.146101501;0.143706427;0.144514129;L1;1.652907545
341;Aniline;Heptane;327.2;0.1981;0.162383073;0.162496793;L1;19.88137629
341;Aniline;Heptane;330.39;0.2321;0.178736149;0.179696749;L1;26.1257621
341;Aniline;Heptane;331.53;0.2439;0.184998557;0.185933622;L1;27.64102806
341;Aniline;Heptane;333.87;0.2674;0.198627024;0.198735625;L1;29.73168507
341;Aniline;Heptane;335.9;0.2965;0.211386606;0.212348342;L1;33.83585045
341;Aniline;Heptane;337.68;0.3193;0.223387958;0.224496;L1;35.72211197
341;Aniline;Heptane;339.64;0.3618;0.237607224;0.237872073;L1;42.04725805
341;Aniline;Heptane;340.68;0.3973;0.245634829;0.246250754;L1;48.08456641
341;Aniline;Heptane;341.4;0.4207;0.251409676;0.25248125;L1;51.48362081
341;Aniline;Heptane;341.724;0.4;0.254070056;0.255284973;L1;45.3854507
341;Aniline;Heptane;341.724;0.4;0.254070056;0.255284973;L1;45.3854507
341;Aniline;Heptane;341.79;0.4401;0.254616844;0.255856102;L1;54.72421308
341;Aniline;Heptane;341.824;0.4;0.254899173;0.25615032;L1;45.05964791
341;Aniline;Heptane;341.824;0.4;0.254899173;0.25615032;L1;45.05964791
341;Aniline;Heptane;341.824;0.4;0.254899173;0.25615032;L1;45.05964791
341;Aniline;Heptane;341.924;0.41;0.255732133;0.257015666;L1;47.20266178
341;Aniline;Heptane;342.18;0.4718;0.257882281;0.259230954;L1;60.40519626
341;Aniline;Heptane;342.26;0.5022;0.258559518;0.259923231;L1;66.38725359
341;Aniline;Heptane;342.424;0.44;0.2599559;0.2613424;L1;52.62627262
341;Aniline;Heptane;342.424;0.44;0.2599559;0.2613424;L1;52.62627262
341;Aniline;Heptane;342.424;0.44;0.2599559;0.2613424;L1;52.62627262
341;Aniline;Heptane;342.524;0.44;0.260812722;0.262207746;L1;52.29721192
341;Aniline;Heptane;342.66;0.5261;0.261984615;0.263384618;L1;69.72055271
341;Aniline;Heptane;342.71;0.5387;0.262417394;0.263817291;L1;71.92224853
341;Aniline;Heptane;342.724;0.46;0.26253876;0.26393844;L1;56.08277601
341;Aniline;Heptane;342.824;0.46;0.263408063;0.264803787;L1;55.7522091
341;Aniline;Heptane;342.824;0.46;0.263408063;0.264803787;L1;55.7522091
341;Aniline;Heptane;342.84;0.5527;0.263547544;0.264942242;L1;74.0581575
341;Aniline;Heptane;342.86;0.5655;0.263722049;0.265115311;L1;76.2814593
341;Aniline;Heptane;342.924;0.58;0.264281612;0.265669133;L1;78.60128586
341;Aniline;Heptane;342.924;0.48;0.264281612;0.265669133;L1;59.67708589
341;Aniline;Heptane;342.924;0.48;0.264281612;0.265669133;L1;59.67708589
341;Aniline;Heptane;342.924;0.48;0.264281612;0.265669133;L1;59.67708589
341;Aniline;Heptane;342.924;0.48;0.264281612;0.265669133;L1;59.67708589
341;Aniline;Heptane;342.924;0.47;0.264281612;0.265669133;L1;57.57174497
341;Aniline;Heptane;343.024;0.5;0.265159452;0.26653448;L1;63.42767484
341;Aniline;Heptane;343.024;0.58;0.265159452;0.26653448;L1;78.26967535
341;Aniline;Heptane;343.024;0.57;0.265159452;0.26653448;L1;76.53050108
341;Aniline;Heptane;343.024;0.57;0.265159452;0.26653448;L1;76.53050108
341;Aniline;Heptane;343.024;0.56;0.265159452;0.26653448;L1;74.76054337
341;Aniline;Heptane;343.024;0.56;0.265159452;0.26653448;L1;74.76054337
341;Aniline;Heptane;343.11;0.5782;0.265917861;0.267278678;L1;77.67323606
341;Aniline;Heptane;343.124;0.54;0.266041629;0.267399827;L1;70.79163435
341;Aniline;Heptane;343.124;0.55;0.266041629;0.267399827;L1;72.62654822
341;Aniline;Heptane;343.124;0.52;0.266041629;0.267399827;L1;67.01760155
341;Aniline;Heptane;343.124;0.52;0.266041629;0.267399827;L1;67.01760155
341;Aniline;Heptane;343.124;0.52;0.266041629;0.267399827;L1;67.01760155
341;Aniline;Heptane;343.124;0.51;0.266041629;0.267399827;L1;65.07579297
341;Aniline;Heptane;343.124;0.51;0.266041629;0.267399827;L1;65.07579297
341;Aniline;Heptane;343.124;0.54;0.266041629;0.267399827;L1;70.79163435
341;Aniline;Heptane;343.124;0.53;0.266041629;0.267399827;L1;68.92242105
341;Aniline;Heptane;279.61;0.9647;0.943725335;0.943518205;L2;2.198200673
341;Aniline;Heptane;290.1398;0.9345;0.92734604;0.926996973;L2;0.768484087
341;Aniline;Heptane;291.1392;0.943062269;0.925590533;0.925211904;L2;1.870036569
341;Aniline;Heptane;294.1;0.9483;0.920161044;0.919923498;L2;3.012220537
341;Aniline;Heptane;298.136;0.939967981;0.912171294;0.911823741;L2;3.00180176
341;Aniline;Heptane;298.136;0.939311431;0.912171294;0.911823741;L2;2.931929231
341;Aniline;Heptane;298.136;0.942124759;0.912171294;0.911823741;L2;3.230991204
341;Aniline;Heptane;298.15;0.9445;0.912142325;0.911793464;L2;3.485965073
341;Aniline;Heptane;299.44;0.9395;0.90943414;0.909003647;L2;3.25252364
341;Aniline;Heptane;303.134;0.9155;0.901232906;0.901014823;L2;1.570664238
341;Aniline;Heptane;304.72;0.9297;0.8974961;0.897405412;L2;3.525317841
341;Aniline;Heptane;313.13;0.897;0.875199712;0.875027048;L2;2.460375996
341;Aniline;Heptane;314.81;0.9058;0.870179678;0.869684646;L2;4.011881463
341;Aniline;Heptane;323.127;0.861947393;0.841879571;0.841203805;L2;2.355726251
341;Aniline;Heptane;323.49;0.8778;0.840494844;0.839794587;L2;4.342795946
341;Aniline;Heptane;325.11;0.8676;0.834139223;0.833505513;L2;3.933045649
341;Aniline;Heptane;329.72;0.8468;0.814305377;0.813552709;L2;3.912908773
341;Aniline;Heptane;333.16;0.8288;0.797511482;0.797097276;L2;3.848263926
341;Aniline;Heptane;337.41;0.7931;0.773762852;0.772736207;L2;2.468388308
341;Aniline;Heptane;339.02;0.7743;0.763696095;0.763104273;L2;1.378946709
341;Aniline;Heptane;339.524;0.75;0.760402796;0.760089059;L2;1.37750807
341;Aniline;Heptane;339.75;0.7566;0.758902567;0.758736999;L2;0.303868646
341;Aniline;Heptane;341.24;0.7319;0.748622674;0.747704911;L2;2.259119086
341;Aniline;Heptane;341.324;0.7;0.748021863;0.747061227;L2;6.635187098
341;Aniline;Heptane;341.324;0.7;0.748021863;0.747061227;L2;6.635187098
341;Aniline;Heptane;341.424;0.7;0.747303489;0.746294937;L2;6.539104525
341;Aniline;Heptane;341.524;0.7;0.74658169;0.745528647;L2;6.442470682
341;Aniline;Heptane;341.524;0.7;0.74658169;0.745528647;L2;6.442470682
341;Aniline;Heptane;341.62;0.6972;0.745885508;0.744793008;L2;6.749980016
341;Aniline;Heptane;341.824;0.69;0.744395391;0.743229776;L2;7.588073496
341;Aniline;Heptane;342.22;0.6602;0.741460148;0.740195267;L2;11.6078596
341;Aniline;Heptane;342.224;0.66;0.741430206;0.740164615;L2;11.63411968
341;Aniline;Heptane;342.324;0.66;0.74067971;0.739398325;L2;11.53284566
341;Aniline;Heptane;342.324;0.66;0.74067971;0.739398325;L2;11.53284566
341;Aniline;Heptane;342.35;0.63;0.740483967;0.739199089;L2;16.15841625
341;Aniline;Heptane;342.424;0.65;0.739925456;0.738632034;L2;12.95770828
341;Aniline;Heptane;342.624;0.64;0.738405511;0.737099454;L2;14.30249701
341;Aniline;Heptane;342.624;0.64;0.738405511;0.737099454;L2;14.30249701
341;Aniline;Heptane;342.63;0.6132;0.738359674;0.737053476;L2;18.57399225
341;Aniline;Heptane;342.824;0.6;0.73687004;0.735566873;L2;20.54818849
341;Aniline;Heptane;342.924;0.6;0.736096375;0.734800583;L2;20.44313995
347;Aniline;Water;281.74484;0.006762453;0.014121464;0.014128214;L1;73.63101837
347;Aniline;Water;286.94172;0.007194712;0.014377535;0.01438643;L1;69.23206318
347;Aniline;Water;289.1404;0.006170815;0.014488881;0.014502571;L1;85.35506174
347;Aniline;Water;290.73944;0.007254241;0.014571005;0.014587038;L1;69.74472976
347;Aniline;Water;293.138;0.006762453;0.014696021;0.014713738;L1;77.61910811
347;Aniline;Water;295.1372;0.006837081;0.014801923;0.014819342;L1;77.23962393
347;Aniline;Water;295.83692;0.007301473;0.014839359;0.014856304;L1;70.92069065
347;Aniline;Water;298.136;0.007295312;0.014963724;0.014977749;L1;71.83969198
347;Aniline;Water;298.136;0.007;0.014963724;0.014977749;L1;75.97187208
347;Aniline;Water;298.136;0.007295312;0.014963724;0.014977749;L1;71.83969198
347;Aniline;Water;298.136;0.007213183;0.014963724;0.014977749;L1;72.97185458
347;Aniline;Water;298.136;0.006721559;0.014963724;0.014977749;L1;80.03087482
347;Aniline;Water;298.136;0.007313798;0.014963724;0.014977749;L1;71.58661688
347;Aniline;Water;298.14437;0.005947142;0.014964181;0.014978191;L1;92.27486158
347;Aniline;Water;298.15;0.007423389;0.014964488;0.014978489;L1;70.10442178
347;Aniline;Water;298.15;0.007;0.014964488;0.014978489;L1;75.97697602
347;Aniline;Water;300.1352;0.007346669;0.015073586;0.015083354;L1;71.86969511
347;Aniline;Water;302.2;0.007;0.015188756;0.015192423;L1;77.46452867
347;Aniline;Water;303.73376;0.007484414;0.015275439;0.015277849;L1;71.34235209
347;Aniline;Water;305.73296;0.007644966;0.015389896;0.015399264;L1;69.96638083
347;Aniline;Water;307.83212;0.007745933;0.015511889;0.01552675;L1;69.44388253
347;Aniline;Water;312.2;0.008;0.015771796;0.015792019;L1;67.87817381
347;Aniline;Water;312.93008;0.007904761;0.015816052;0.015836358;L1;69.3560109
347;Aniline;Water;318.8;0.008;0.016180549;0.016192848;L1;70.43683175
347;Aniline;Water;321.1276;0.008202338;0.016329448;0.016334207;L1;68.85508531
347;Aniline;Water;323.127;0.00840941;0.016459378;0.016462902;L1;67.15440897
347;Aniline;Water;323.22697;0.008382471;0.016465924;0.016469881;L1;67.51503115
347;Aniline;Water;325.1264;0.008616827;0.016591209;0.016602477;L1;65.51560278
347;Aniline;Water;327.1258;0.008714433;0.016724968;0.016742052;L1;65.19220563
347;Aniline;Water;328.1255;0.00713111;0.016792579;0.016811839;L1;85.64701617
347;Aniline;Water;331.82439;0.00914106;0.017047051;0.017070053;L1;62.32008947
347;Aniline;Water;333.15;0.008;0.017139925;0.017162591;L1;76.19690046
347;Aniline;Water;333.15;0.008340086;0.017139925;0.017162591;L1;72.03370182
347;Aniline;Water;334.524;0.009349703;0.017237137;0.017258508;L1;61.17216065
347;Aniline;Water;335.924;0.009468786;0.017337191;0.017356239;L1;60.48532352
347;Aniline;Water;339.124;0.009757564;0.017569739;0.017579626;L1;58.8135252
347;Aniline;Water;339.424;0.009868649;0.017591818;0.017600568;L1;57.80709624
347;Aniline;Water;341.724;0.010044911;0.017762702;0.01776397;L1;57.00347476
347;Aniline;Water;343.15;0.009006655;0.017870092;0.017878307;L1;68.51647546
347;Aniline;Water;343.15;0.009169415;0.017870092;0.017878307;L1;66.72550139
347;Aniline;Water;345.42377;0.010427668;0.018043644;0.01806062;L1;54.83308302
347;Aniline;Water;350.1233;0.010604721;0.018411564;0.018437433;L1;55.1679651
347;Aniline;Water;350.22329;0.01109291;0.018419529;0.01844545;L1;50.71053028
347;Aniline;Water;352.82303;0.011430044;0.018628676;0.018653899;L1;48.84567726
347;Aniline;Water;353.15;0.009883409;0.018655261;0.018680116;L1;63.5270718
347;Aniline;Water;354.723;0.011672321;0.018784047;0.018806241;L1;47.57876545
347;Aniline;Water;359.723;0.012453324;0.019203346;0.019207145;L1;43.30969483
347;Aniline;Water;363.023;0.013131546;0.01948857;0.019502079;L1;39.48107145
347;Aniline;Water;366.52334;0.013679347;0.019798712;0.019824327;L1;36.97297011
347;Aniline;Water;369.82367;0.014351148;0.020098488;0.020128161;L1;33.68146433
347;Aniline;Water;381.92576;0.016454334;0.021261932;0.021277907;L1;25.63293229
347;Aniline;Water;398.42859;0.021224461;0.023025506;0.023029962;L1;8.14482146
347;Aniline;Water;415.1324;0.030799754;0.025046241;0.025054117;L1;20.67829619
347;Aniline;Water;418.23302;0.034090651;0.025450231;0.025467776;L1;29.22983804
347;Aniline;Water;429.1364;0.048934343;0.026949489;0.026983393;L1;59.65151236
347;Aniline;Water;437.63935;0.10150813;0.028209682;0.028241318;L1;128.0473634
347;Aniline;Water;281.1452;0.801199523;0.650349188;0.650211615;L2;20.86005779
347;Aniline;Water;281.74484;0.793242627;0.650476127;0.650362535;L2;19.84245382
347;Aniline;Water;293.138;0.786113905;0.652475178;0.652193055;L2;18.63286026
347;Aniline;Water;293.138;0.781883702;0.652475178;0.652193055;L2;18.09329142
347;Aniline;Water;295.1372;0.791169537;0.652743793;0.65246748;L2;19.2327579
347;Aniline;Water;298.136;0.780831596;0.653099923;0.652879117;L2;17.86293613
347;Aniline;Water;298.136;0.784;0.653099923;0.652879117;L2;18.26788812
347;Aniline;Water;298.136;0.784347071;0.653099923;0.652879117;L2;18.31214758
347;Aniline;Water;298.136;0.778385088;0.653099923;0.652879117;L2;17.54912343
347;Aniline;Water;298.136;0.778385088;0.653099923;0.652879117;L2;17.54912343
347;Aniline;Water;298.136;0.778733871;0.653099923;0.652879117;L2;17.59392193
347;Aniline;Water;298.136;0.786822347;0.653099923;0.652879117;L2;18.62723493
347;Aniline;Water;298.14437;0.786113905;0.653100838;0.652880266;L2;18.5370159
347;Aniline;Water;298.15;0.775;0.653101453;0.652881039;L2;17.11305471
347;Aniline;Water;298.15;0.782;0.653101453;0.652881039;L2;18.01222583
347;Aniline;Water;300.93488;0.771803306;0.653381266;0.653263312;L2;16.65689056
347;Aniline;Water;302.2;0.772;0.653492165;0.653436972;L2;16.66540064
347;Aniline;Water;308.73176;0.760908464;0.653901888;0.653656289;L2;15.15557444
347;Aniline;Water;312.1304;0.771115434;0.654006197;0.653708468;L2;16.47212549
347;Aniline;Water;312.2;0.757;0.654007548;0.653709536;L2;14.62443608
347;Aniline;Water;313.15;0.7696;0.65402283;0.653724121;L2;16.27286398
347;Aniline;Water;316.32904;0.749257796;0.65403101;0.653772928;L2;13.59283443
347;Aniline;Water;318.8;0.751;0.653991465;0.653810864;L2;13.83113513
347;Aniline;Water;321.1276;0.745325482;0.653917289;0.653846598;L2;13.0840138
347;Aniline;Water;321.15;0.7624;0.653916414;0.653846942;L2;15.3491816
347;Aniline;Water;323.127;0.74696014;0.653824853;0.653775389;L2;13.31723171
347;Aniline;Water;323.127;0.73884065;0.653824853;0.653775389;L2;12.22427619
347;Aniline;Water;323.127;0.73884065;0.653824853;0.653775389;L2;12.22427619
347;Aniline;Water;323.127;0.735630143;0.653824853;0.653775389;L2;11.78879628
347;Aniline;Water;323.15;0.7374;0.653823635;0.653772815;L2;12.02928419
347;Aniline;Water;324.22667;0.735950246;0.653762646;0.653652333;L2;11.84181565
347;Aniline;Water;329.15;0.7423;0.653384902;0.6531014;L2;12.75870821
347;Aniline;Water;332.42421;0.721750594;0.653043355;0.652735008;L2;10.00361205
347;Aniline;Water;333.15;0.715;0.652957827;0.65265379;L2;9.076999917
347;Aniline;Water;333.15;0.735;0.652957827;0.65265379;L2;11.83579557
347;Aniline;Water;334.15;0.7307;0.652834134;0.652541888;L2;11.26798876
347;Aniline;Water;339.15;0.7132;0.652113615;0.651982376;L2;8.954308252
347;Aniline;Water;339.424;0.713733149;0.6520692;0.651951714;L2;9.035845974
347;Aniline;Water;339.624;0.705547632;0.652036456;0.651929334;L2;7.887380918
347;Aniline;Water;343.15;0.7081;0.651414159;0.651312502;L2;8.343969834
347;Aniline;Water;348.02351;0.687272835;0.650413248;0.650129966;L2;5.512342679
347;Aniline;Water;369.82367;0.622478715;0.64391313;0.643599802;L2;3.385439006
347;Aniline;Water;370.52374;0.623730858;0.643649097;0.643337098;L2;3.143473912
347;Aniline;Water;400.32916;0.493227928;0.629170563;0.629030648;L2;24.343099
347;Aniline;Water;410.1314;0.504420143;0.623013524;0.622747905;L2;21.11586884
347;Aniline;Water;423.53416;0.378323759;0.613463875;0.613180578;L2;48.33710439
347;Aniline;Water;426.83548;0.353411682;0.610909896;0.610630509;L2;54.73158634
347;Aniline;Water;427.53576;0.348016772;0.61035785;0.610089585;L2;56.17947501
347;Aniline;Water;430.637;0.355788305;0.607869692;0.607694065;L2;53.56246311
347;Aniline;Water;433.93824;0.283094475;0.605143161;0.605141377;L2;75.96843833
347;Aniline;Water;438.1395;0.252610784;0.601556789;0.601350752;L2;86.76710424
347;Aniline;Water;440.1401;0.077163756;0.599803017;0.599545693;L2;205.0671431
381;Ethyl acetate;Water;273.15;0.0208;0.024751922;0.024793447;L1;17.39501742
381;Ethyl acetate;Water;273.15;0.02082;0.024751922;0.024793447;L1;17.29890978
381;Ethyl acetate;Water;273.15;0.0196;0.024751922;0.024793447;L1;23.33735947
381;Ethyl acetate;Water;273.15;0.021409839;0.024751922;0.024793447;L1;14.50525782
381;Ethyl acetate;Water;273.15;0.0219;0.024751922;0.024793447;L1;12.24165241
381;Ethyl acetate;Water;273.15;0.022214166;0.024751922;0.024793447;L1;10.81729675
381;Ethyl acetate;Water;273.15;0.0205;0.024751922;0.024793447;L1;18.84782748
381;Ethyl acetate;Water;273.15;0.0217;0.024751922;0.024793447;L1;13.15909004
381;Ethyl acetate;Water;273.15;0.021516027;0.024751922;0.024793447;L1;14.01050617
381;Ethyl acetate;Water;273.15;0.0191;0.024751922;0.024793447;L1;25.92148259
381;Ethyl acetate;Water;273.15;0.020511095;0.024751922;0.024793447;L1;18.79372017
381;Ethyl acetate;Water;278.147;0.0147;0.023200277;0.023277099;L1;45.63167432
381;Ethyl acetate;Water;278.1492701;0.01625;0.023199645;0.023276447;L1;35.60440548
381;Ethyl acetate;Water;282.948115;0.018922914;0.021985182;0.022027262;L1;14.99951097
381;Ethyl acetate;Water;283.144;0.01779;0.021940415;0.021985334;L1;20.96938824
381;Ethyl acetate;Water;283.144;0.0194;0.021940415;0.021985334;L1;12.3057318
381;Ethyl acetate;Water;283.144;0.0179;0.021940415;0.021985334;L1;20.35296712
381;Ethyl acetate;Water;283.15;0.0186;0.02193905;0.02198405;L1;16.51065543
381;Ethyl acetate;Water;283.15;0.019;0.02193905;0.02198405;L1;14.38291558
381;Ethyl acetate;Water;283.2;0.019;0.021927681;0.021973348;L1;14.33108375
381;Ethyl acetate;Water;285.79726;0.0178;0.021366823;0.021417418;L1;18.26409113
381;Ethyl acetate;Water;288.141;0.0176;0.020907017;0.020915753;L1;17.21859233
381;Ethyl acetate;Water;288.141;0.018170777;0.020907017;0.020915753;L1;14.02701811
381;Ethyl acetate;Water;288.141;0.0178;0.020907017;0.020915753;L1;16.08863681
381;Ethyl acetate;Water;288.2;0.0194;0.020895967;0.020903124;L1;7.428310515
381;Ethyl acetate;Water;290.1398;0.017282921;0.020546152;0.020575488;L1;17.29548946
381;Ethyl acetate;Water;290.6395;0.0172;0.020460126;0.020494527;L1;17.35685536
381;Ethyl acetate;Water;292.33848;0.016771514;0.020179456;0.020219261;L1;18.49832254
381;Ethyl acetate;Water;293.138;0.0187;0.020053439;0.020089724;L1;6.987715105
381;Ethyl acetate;Water;293.138;0.024673176;0.020053439;0.020089724;L1;20.73159867
381;Ethyl acetate;Water;293.138;0.017;0.020053439;0.020089724;L1;16.51873309
381;Ethyl acetate;Water;293.138;0.0158;0.020053439;0.020089724;L1;23.83907349
381;Ethyl acetate;Water;293.138;0.013878889;0.020053439;0.020089724;L1;36.80317663
381;Ethyl acetate;Water;293.138;0.0166;0.020053439;0.020089724;L1;18.89979795
381;Ethyl acetate;Water;293.138;0.016885433;0.020053439;0.020089724;L1;17.19493773
381;Ethyl acetate;Water;293.138;0.016;0.020053439;0.020089724;L1;22.58119527
381;Ethyl acetate;Water;293.138;0.016934027;0.020053439;0.020089724;L1;16.90756453
381;Ethyl acetate;Water;293.138;0.014973605;0.020053439;0.020089724;L1;29.21116905
381;Ethyl acetate;Water;293.138;0.0173;0.020053439;0.020089724;L1;14.76941734
381;Ethyl acetate;Water;293.14537;0.017143257;0.020052295;0.02008853;L1;15.67386981
381;Ethyl acetate;Water;293.15;0.018;0.020051576;0.020087779;L1;10.79360196
381;Ethyl acetate;Water;293.15;0.018170777;0.020051576;0.020087779;L1;9.849313324
381;Ethyl acetate;Water;293.15;0.0182;0.020051576;0.020087779;L1;9.688618345
381;Ethyl acetate;Water;293.2;0.0172;0.020043824;0.020079678;L1;15.30116767
381;Ethyl acetate;Water;293.2;0.0181;0.020043824;0.020079678;L1;10.20091222
381;Ethyl acetate;Water;293.34533;0.016980495;0.020021371;0.020056132;L1;16.47349447
381;Ethyl acetate;Water;293.38;0.017306213;0.020016033;0.020050515;L1;14.54680299
381;Ethyl acetate;Water;293.53784;0.016701924;0.019991817;0.020024942;L1;17.97991223
381;Ethyl acetate;Water;293.6378;0.016678735;0.019976555;0.020008747;L1;18.04247732
381;Ethyl acetate;Water;294.43748;0.016609193;0.019856483;0.019879184;L1;17.85742224
381;Ethyl acetate;Water;295.1372;0.016539685;0.019754315;0.019765816;L1;17.7609297
381;Ethyl acetate;Water;295.1372;0.011091238;0.019754315;0.019765816;L1;57.72165144
381;Ethyl acetate;Water;295.73696;0.016377639;0.019668833;0.019668989;L1;18.31183938
381;Ethyl acetate;Water;295.83692;0.016331375;0.019654771;0.019656634;L1;18.52320013
381;Ethyl acetate;Water;296.1368;0.016308249;0.019612895;0.019619566;L1;18.45162289
381;Ethyl acetate;Water;296.53664;0.016285127;0.019557782;0.019570144;L1;18.31210047
381;Ethyl acetate;Water;297.83612;0.016123382;0.019384206;0.01940952;L1;18.41880869
381;Ethyl acetate;Water;298.09438;0.016355882;0.019350695;0.019377597;L1;16.81407261
381;Ethyl acetate;Water;298.136;0.016123382;0.019345324;0.019372453;L1;18.2180223
381;Ethyl acetate;Water;298.136;0.0172;0.019345324;0.019372453;L1;11.75413557
381;Ethyl acetate;Water;298.136;0.0172;0.019345324;0.019372453;L1;11.75413557
381;Ethyl acetate;Water;298.136;0.0176;0.019345324;0.019372453;L1;9.455183751
381;Ethyl acetate;Water;298.136;0.0163;0.019345324;0.019372453;L1;17.12856317
381;Ethyl acetate;Water;298.136;0.016;0.019345324;0.019372453;L1;18.98620173
381;Ethyl acetate;Water;298.136;0.016;0.019345324;0.019372453;L1;18.98620173
381;Ethyl acetate;Water;298.136;0.0161;0.019345324;0.019372453;L1;18.36314676
381;Ethyl acetate;Water;298.136;0.0148;0.019345324;0.019372453;L1;26.78235588
381;Ethyl acetate;Water;298.136;0.01488;0.019345324;0.019372453;L1;26.24327102
381;Ethyl acetate;Water;298.136;0.016447064;0.019345324;0.019372453;L1;16.23037585
381;Ethyl acetate;Water;298.136;0.01489;0.019345324;0.019372453;L1;26.17608929
381;Ethyl acetate;Water;298.14437;0.0163;0.019344245;0.019371418;L1;17.12298525
381;Ethyl acetate;Water;298.14437;0.013824053;0.019344245;0.019371418;L1;33.59849143
381;Ethyl acetate;Water;298.14437;0.0131;0.019344245;0.019371418;L1;38.97827301
381;Ethyl acetate;Water;298.14437;0.0149;0.019344245;0.019371418;L1;26.10337473
381;Ethyl acetate;Water;298.14437;0.01584655;0.019344245;0.019371418;L1;19.94431493
381;Ethyl acetate;Water;298.14437;0.016238895;0.019344245;0.019371418;L1;17.49856698
381;Ethyl acetate;Water;298.15;0.0142;0.019343519;0.019370722;L1;30.91154843
381;Ethyl acetate;Water;298.15;0.0008;0.019343519;0.019370722;L1;318.5501
381;Ethyl acetate;Water;298.15;0.016121073;0.019343519;0.019370722;L1;18.22301508
381;Ethyl acetate;Water;298.15;0.022;0.019343519;0.019370722;L1;12.86850045
381;Ethyl acetate;Water;298.15;0.015294566;0.019343519;0.019370722;L1;23.4859847
381;Ethyl acetate;Water;298.15;0.018405379;0.019343519;0.019370722;L1;4.971449005
381;Ethyl acetate;Water;298.15;0.0139;0.019343519;0.019370722;L1;33.04686088
381;Ethyl acetate;Water;298.19436;0.02101;0.019337807;0.019365239;L1;8.293640178
381;Ethyl acetate;Water;298.19436;0.01614;0.019337807;0.019365239;L1;18.07614502
381;Ethyl acetate;Water;298.2;0.017516012;0.019337082;0.019364542;L1;9.890915815
381;Ethyl acetate;Water;298.2;0.016121;0.019337082;0.019364542;L1;18.19018223
381;Ethyl acetate;Water;298.2;0.0176;0.019337082;0.019364542;L1;9.412569013
381;Ethyl acetate;Water;298.23596;0.016100291;0.019332459;0.019360097;L1;18.29481682
381;Ethyl acetate;Water;298.53584;0.016100291;0.01929415;0.01932303;L1;18.09645847
381;Ethyl acetate;Water;298.53584;0.016100291;0.01929415;0.01932303;L1;18.09645847
381;Ethyl acetate;Water;298.53584;0.016100291;0.01929415;0.01932303;L1;18.09645847
381;Ethyl acetate;Water;299.03564;0.015961829;0.01923124;0.019261251;L1;18.63358524
381;Ethyl acetate;Water;299.11;0.01576361;0.01922198;0.01925206;L1;19.83502725
381;Ethyl acetate;Water;299.1356;0.015961829;0.019218797;0.019248896;L1;18.56886441
381;Ethyl acetate;Water;299.15;0.0212;0.019217009;0.019247116;L1;9.820542524
381;Ethyl acetate;Water;299.19416;0.0176;0.019211529;0.019241657;L1;8.761168899
381;Ethyl acetate;Water;299.43548;0.015984896;0.019181745;0.019211829;L1;18.2314764
381;Ethyl acetate;Water;300.1352;0.015685324;0.019096876;0.019125339;L1;19.67992629
381;Ethyl acetate;Water;300.1352;0.015869598;0.019096876;0.019125339;L1;18.51195576
381;Ethyl acetate;Water;300.635;0.015570278;0.019037591;0.01906356;L1;20.10516411
381;Ethyl acetate;Water;301.1348;0.0147;0.018979396;0.019001782;L1;25.55064658
381;Ethyl acetate;Water;301.1348;0.015708344;0.018979396;0.019001782;L1;18.91619234
381;Ethyl acetate;Water;301.23476;0.015708344;0.018967886;0.018989426;L1;18.85552899
381;Ethyl acetate;Water;301.53464;0.015731369;0.018933612;0.018952359;L1;18.5282012
381;Ethyl acetate;Water;301.83452;0.015708344;0.018899718;0.018915292;L1;18.49549766
381;Ethyl acetate;Water;302.83;0.014879752;0.018789881;0.018792244;L1;23.33170998
381;Ethyl acetate;Water;302.83412;0.015524288;0.018789434;0.018791735;L1;19.08889518
381;Ethyl acetate;Water;302.843145;0.014721952;0.018788457;0.018790619;L1;24.39029994
381;Ethyl acetate;Water;303.02;0.015869598;0.018769376;0.018771003;L1;16.78214142
381;Ethyl acetate;Water;303.03404;0.015524288;0.018767867;0.018770083;L1;18.97404317
381;Ethyl acetate;Water;303.134;0.0154;0.018757143;0.018763537;L1;19.72071457
381;Ethyl acetate;Water;303.134;0.015662307;0.018757143;0.018763537;L1;18.03176574
381;Ethyl acetate;Water;303.134;0.015386408;0.018757143;0.018763537;L1;19.80901328
381;Ethyl acetate;Water;303.134;0.0157;0.018757143;0.018763537;L1;17.79139427
381;Ethyl acetate;Water;303.134;0.015547281;0.018757143;0.018763537;L1;18.76888871
381;Ethyl acetate;Water;303.134;0.015731369;0.018757143;0.018763537;L1;17.59179106
381;Ethyl acetate;Water;303.134;0.015478312;0.018757143;0.018763537;L1;19.21348368
381;Ethyl acetate;Water;303.134;0.0145;0.018757143;0.018763537;L1;25.74260057
381;Ethyl acetate;Water;303.134;0.0142;0.018757143;0.018763537;L1;27.83326905
381;Ethyl acetate;Water;303.134;0.014470764;0.018757143;0.018763537;L1;25.94443169
381;Ethyl acetate;Water;303.134;0.015501298;0.018757143;0.018763537;L1;19.06508927
381;Ethyl acetate;Water;303.134;0.015386408;0.018757143;0.018763537;L1;19.80901328
381;Ethyl acetate;Water;303.134;0.016077205;0.018757143;0.018763537;L1;15.41722248
381;Ethyl acetate;Water;303.134;0.0155;0.018757143;0.018763537;L1;19.07346312
381;Ethyl acetate;Water;303.143055;0.0145;0.018756174;0.018762944;L1;25.73743232
381;Ethyl acetate;Water;303.143055;0.016447064;0.018756174;0.018762944;L1;13.13759916
381;Ethyl acetate;Water;303.143055;0.016447064;0.018756174;0.018762944;L1;13.13759916
381;Ethyl acetate;Water;303.15;0.0175;0.018755431;0.018762489;L1;6.92824624
381;Ethyl acetate;Water;303.15;0.013;0.018755431;0.018762489;L1;36.65339859
381;Ethyl acetate;Water;303.2;0.015358;0.018750084;0.018759214;L1;19.95617433
381;Ethyl acetate;Water;303.2;0.0166;0.018750084;0.018759214;L1;12.17955588
381;Ethyl acetate;Water;303.23396;0.015478312;0.018746459;0.01875699;L1;19.15650769
381;Ethyl acetate;Water;304.33352;0.015294566;0.018631537;0.018684978;L1;19.73580845
381;Ethyl acetate;Water;304.93328;0.015271615;0.01857082;0.018645699;L1;19.55956453
381;Ethyl acetate;Water;305.03324;0.015248668;0.018560832;0.018639153;L1;19.65614192
381;Ethyl acetate;Water;305.03324;0.015271615;0.018560832;0.018639153;L1;19.50576976
381;Ethyl acetate;Water;305.1332;0.015133991;0.018550883;0.018632606;L1;20.35740974
381;Ethyl acetate;Water;305.93288;0.015088147;0.018472619;0.018580234;L1;20.23800869
381;Ethyl acetate;Water;306.1328;0.01501941;0.018453419;0.018567141;L1;20.59062852
381;Ethyl acetate;Water;306.93248;0.014904926;0.018378055;0.018514769;L1;20.94655193
381;Ethyl acetate;Water;307.09187;0.0152;0.018363305;0.01850433;L1;18.90589404
381;Ethyl acetate;Water;307.1324;0.014859159;0.018359568;0.018501676;L1;21.15344306
381;Ethyl acetate;Water;307.92;0.015409378;0.018288091;0.018450095;L1;17.12738207
381;Ethyl acetate;Water;308.132;0.0196;0.018269216;0.01843621;L1;7.031211877
381;Ethyl acetate;Water;308.132;0.0149;0.018269216;0.01843621;L1;20.38562345
381;Ethyl acetate;Water;308.132;0.014882041;0.018269216;0.01843621;L1;20.50622635
381;Ethyl acetate;Water;308.15;0.015;0.01826762;0.018435032;L1;19.70799036
381;Ethyl acetate;Water;308.15;0.0145;0.01826762;0.018435032;L1;23.09814553
381;Ethyl acetate;Water;308.15;0.022;0.01826762;0.018435032;L1;18.59123486
381;Ethyl acetate;Water;308.15;0.0007;0.01826762;0.018435032;L1;326.1805049
381;Ethyl acetate;Water;308.15;0.0179;0.01826762;0.018435032;L1;2.032939186
381;Ethyl acetate;Water;308.2;0.015156918;0.018263194;0.018431757;L1;18.64306998
381;Ethyl acetate;Water;308.2;0.015271615;0.018263194;0.018431757;L1;17.88918846
381;Ethyl acetate;Water;308.2;0.014756;0.018263194;0.018431757;L1;21.32379814
381;Ethyl acetate;Water;309.93128;0.01474481;0.018115047;0.018318373;L1;20.58517661
381;Ethyl acetate;Water;310.1312;0.0134;0.018098568;0.01830528;L1;30.05781326
381;Ethyl acetate;Water;310.1312;0.01341;0.018098568;0.01830528;L1;29.98321423
381;Ethyl acetate;Water;310.52;0.015340479;0.018066884;0.018279817;L1;16.35856519
381;Ethyl acetate;Water;310.93088;0.014607718;0.018033918;0.018252908;L1;21.07042968
381;Ethyl acetate;Water;310.98086;0.015156918;0.018029944;0.018249635;L1;17.357686
381;Ethyl acetate;Water;311.59052;0.0145;0.017982087;0.018209707;L1;21.52274468
381;Ethyl acetate;Water;312.640205;0.013515939;0.01790233;0.018140962;L1;28.10612265
381;Ethyl acetate;Water;312.81;0.013819843;0.017889737;0.018129842;L1;25.81217369
381;Ethyl acetate;Water;313.03004;0.014402339;0.017873543;0.018115431;L1;21.59309756
381;Ethyl acetate;Water;313.03004;0.014402339;0.017873543;0.018115431;L1;21.59309756
381;Ethyl acetate;Water;313.13;0.014356741;0.017866234;0.018108884;L1;21.86929606
381;Ethyl acetate;Water;313.13;0.0131;0.017866234;0.018108884;L1;31.03003184
381;Ethyl acetate;Water;313.13;0.01405128;0.017866234;0.018108884;L1;24.01990538
381;Ethyl acetate;Water;313.13;0.0145;0.017866234;0.018108884;L1;20.87638992
381;Ethyl acetate;Water;313.140055;0.013493287;0.0178655;0.018108226;L1;28.06791805
381;Ethyl acetate;Water;313.140055;0.0124;0.0178655;0.018108226;L1;36.51750104
381;Ethyl acetate;Water;313.15;0.0142;0.017864775;0.018107574;L1;22.95889165
381;Ethyl acetate;Water;313.15;0.0142;0.017864775;0.018107574;L1;22.95889165
381;Ethyl acetate;Water;313.2;0.0163;0.017861132;0.0181043;L1;9.14618601
381;Ethyl acetate;Water;313.2;0.014276;0.017861132;0.0181043;L1;22.40471623
381;Ethyl acetate;Water;316.07;0.014859159;0.017663891;0.017916339;L1;17.29060387
381;Ethyl acetate;Water;318.08857;0.014014633;0.017538467;0.01778414;L1;22.42946032
381;Ethyl acetate;Water;318.1285;0.0141;0.017536092;0.017781525;L1;21.80863652
381;Ethyl acetate;Water;318.15;0.0137;0.017534815;0.017780117;L1;24.67924914
381;Ethyl acetate;Water;318.15;0.0117;0.017534815;0.017780117;L1;40.45994825
381;Ethyl acetate;Water;318.15;0.02;0.017534815;0.017780117;L1;13.15439493
381;Ethyl acetate;Water;318.2;0.013704;0.017531849;0.017776843;L1;24.63314085
381;Ethyl acetate;Water;318.2;0.0142;0.017531849;0.017776843;L1;21.07772049
381;Ethyl acetate;Water;318.58842;0.0136;0.017509023;0.017751405;L1;25.26465441
381;Ethyl acetate;Water;320.18794;0.0133;0.017418947;0.01764665;L1;26.97944722
381;Ethyl acetate;Water;323.127;0.015;0.017269194;0.017454166;L1;14.08740259
381;Ethyl acetate;Water;323.127;0.0122;0.017269194;0.017454166;L1;34.74882753
381;Ethyl acetate;Water;323.127;0.0139;0.017269194;0.017454166;L1;21.70353869
381;Ethyl acetate;Water;323.127;0.0121;0.017269194;0.017454166;L1;35.57187744
381;Ethyl acetate;Water;323.137055;0.0165;0.017268715;0.017453508;L1;4.553612903
381;Ethyl acetate;Water;323.137055;0.013334828;0.017268715;0.017453508;L1;25.85172508
381;Ethyl acetate;Water;323.15;0.013;0.0172681;0.01745266;L1;28.39114869
381;Ethyl acetate;Water;323.15;0.0134;0.0172681;0.01745266;L1;25.36061374
381;Ethyl acetate;Water;323.15;0.013;0.0172681;0.01745266;L1;28.39114869
381;Ethyl acetate;Water;323.2;0.022;0.017265724;0.017449386;L1;24.23191774
381;Ethyl acetate;Water;323.64;0.013463845;0.017245058;0.017420569;L1;24.75176775
381;Ethyl acetate;Water;325.05;0.014242814;0.017181663;0.017328226;L1;18.75902097
381;Ethyl acetate;Water;327.68569;0.0124;0.017074314;0.017155611;L1;31.98787323
381;Ethyl acetate;Water;328.135555;0.011738036;0.017057392;0.017126149;L1;37.37491396
381;Ethyl acetate;Water;328.15;0.0131;0.017056855;0.017125203;L1;26.39399509
381;Ethyl acetate;Water;329.2;0.014106227;0.017018927;0.017056437;L1;18.7709722
381;Ethyl acetate;Water;333.03439;0.013018468;0.016897991;0.016947565;L1;26.08257813
381;Ethyl acetate;Water;333.11;0.013242103;0.016895874;0.016946669;L1;24.36680641
381;Ethyl acetate;Water;333.13437;0.0118;0.016895193;0.01694638;L1;35.89296296
381;Ethyl acetate;Water;333.15;0.0129;0.016894758;0.016946195;L1;26.97760572
381;Ethyl acetate;Water;333.15;0.013;0.016894758;0.016946195;L1;26.20540111
381;Ethyl acetate;Water;338.13;0.013833467;0.016777017;0.016887166;L1;19.29191205
381;Ethyl acetate;Water;338.15;0.0126;0.016776626;0.016886929;L1;28.62898099
381;Ethyl acetate;Water;342.9821;0.0133;0.016700218;0.016829653;L1;22.76577659
381;Ethyl acetate;Water;343.124;0.013;0.016698501;0.016827971;L1;25.03695891
381;Ethyl acetate;Water;343.132055;0.010957806;0.016698404;0.016827876;L1;42.1261081
381;Ethyl acetate;Water;343.15;0.0122;0.016698189;0.016827663;L1;31.38643369
381;Ethyl acetate;Water;343.38198;0.025;0.016695453;0.016824913;L1;40.37394382
381;Ethyl acetate;Water;343.52396;0.013561254;0.016693816;0.01682323;L1;20.78215791
381;Ethyl acetate;Water;343.531935;0.013561254;0.016693725;0.016823136;L1;20.78161235
381;Ethyl acetate;Water;343.6;0.012;0.016692951;0.016822329;L1;33.00798879
381;Ethyl acetate;Water;343.631905;0.012612805;0.016692591;0.016821951;L1;28.02523837
381;Ethyl acetate;Water;348.15;0.012;0.016655909;0.016768397;L1;32.78583876
381;Ethyl acetate;Water;349.38018;0.0145;0.0166507;0.016753815;L1;13.83035841
381;Ethyl acetate;Water;356.07817;0.0158;0.016655956;0.016674423;L1;5.275795492
381;Ethyl acetate;Water;273.15;0.898403498;0.936474536;0.936464402;L2;4.150303409
381;Ethyl acetate;Water;273.15;0.8988;0.936474536;0.936464402;L2;4.106179078
381;Ethyl acetate;Water;273.15;0.893466182;0.936474536;0.936464402;L2;4.701384612
381;Ethyl acetate;Water;273.15;0.8935;0.936474536;0.936464402;L2;4.69759965
381;Ethyl acetate;Water;273.15;0.872;0.936474536;0.936464402;L2;7.133290719
381;Ethyl acetate;Water;273.15;0.903800301;0.936474536;0.936464402;L2;3.551390108
381;Ethyl acetate;Water;273.15;0.896753024;0.936474536;0.936464402;L2;4.334184251
381;Ethyl acetate;Water;273.15;0.8988;0.936474536;0.936464402;L2;4.106179078
381;Ethyl acetate;Water;274.74904;0.894286136;0.935870474;0.93585881;L2;4.545129832
381;Ethyl acetate;Water;278.1492701;0.855;0.934550357;0.934523491;L2;8.896404304
381;Ethyl acetate;Water;280.24574;0.888164821;0.933712427;0.933700178;L2;5.001116184
381;Ethyl acetate;Water;282.948115;0.889383871;0.932605546;0.93258556;L2;4.745338765
381;Ethyl acetate;Water;283.15;0.8915;0.93252165;0.932500213;L2;4.498693079
381;Ethyl acetate;Water;283.15;0.889;0.93252165;0.932500213;L2;4.779513258
381;Ethyl acetate;Water;283.2;0.888;0.932500846;0.932479075;L2;4.889831549
381;Ethyl acetate;Water;286.44202;0.88010361;0.931130114;0.931108498;L2;5.635938574
381;Ethyl acetate;Water;288.141;0.8702;0.930394719;0.930390247;L2;6.688585492
381;Ethyl acetate;Water;288.141;0.875718132;0.930394719;0.930390247;L2;6.056465317
381;Ethyl acetate;Water;288.141;0.8789;0.930394719;0.930390247;L2;5.693779964
381;Ethyl acetate;Water;288.2;0.8745;0.930368971;0.930365305;L2;6.192895637
381;Ethyl acetate;Water;290.6395;0.875;0.929292078;0.929269819;L2;6.019920377
381;Ethyl acetate;Water;290.83938;0.87254988;0.929202782;0.929179442;L2;6.290717321
381;Ethyl acetate;Water;293.138;0.869399302;0.928164364;0.92814011;L2;6.540631739
381;Ethyl acetate;Water;293.138;0.8635;0.928164364;0.92814011;L2;7.22149355
381;Ethyl acetate;Water;293.138;0.876512973;0.928164364;0.92814011;L2;5.725732793
381;Ethyl acetate;Water;293.138;0.848;0.928164364;0.92814011;L2;9.03281973
381;Ethyl acetate;Water;293.138;0.857;0.928164364;0.92814011;L2;7.977091449
381;Ethyl acetate;Water;293.138;0.8726;0.928164364;0.92814011;L2;6.17315724
381;Ethyl acetate;Water;293.14537;0.868614401;0.928161;0.928136778;L2;6.63059098
381;Ethyl acetate;Water;293.15;0.8886;0.928158887;0.928134684;L2;4.355574216
381;Ethyl acetate;Water;293.15;0.8532;0.928158887;0.928134684;L2;8.420894606
381;Ethyl acetate;Water;293.15;0.853142946;0.928158887;0.928134684;L2;8.42758189
381;Ethyl acetate;Water;293.2;0.8733;0.928136062;0.928112077;L2;6.089920105
381;Ethyl acetate;Water;293.34533;0.87334028;0.928069662;0.928046365;L2;6.078153407
381;Ethyl acetate;Water;293.58;0.869006715;0.927962264;0.927940258;L2;6.564021607
381;Ethyl acetate;Water;298;0.8468;0.925898504;0.925876133;L2;8.930008261
381;Ethyl acetate;Water;298.09438;0.885;0.925853591;0.925830734;L2;4.512846854
381;Ethyl acetate;Water;298.136;0.899;0.925833774;0.925810714;L2;2.941167488
381;Ethyl acetate;Water;298.136;0.8635;0.925833774;0.925810714;L2;6.970081176
381;Ethyl acetate;Water;298.136;0.869;0.925833774;0.925810714;L2;6.335158408
381;Ethyl acetate;Water;298.136;0.861;0.925833774;0.925810714;L2;7.260020492
381;Ethyl acetate;Water;298.136;0.85928021;0.925833774;0.925810714;L2;7.459963567
381;Ethyl acetate;Water;298.136;0.8566;0.925833774;0.925810714;L2;7.772364417
381;Ethyl acetate;Water;298.14437;0.846318691;0.925829788;0.925806687;L2;8.979441192
381;Ethyl acetate;Water;298.14437;0.865;0.925829788;0.925806687;L2;6.796089697
381;Ethyl acetate;Water;298.14437;0.845565616;0.925829788;0.925806687;L2;9.068463242
381;Ethyl acetate;Water;298.14437;0.8869;0.925829788;0.925806687;L2;4.295816752
381;Ethyl acetate;Water;298.15;0.867;0.925827107;0.925803979;L2;6.564853092
381;Ethyl acetate;Water;298.15;0.872;0.925827107;0.925803979;L2;5.98980838
381;Ethyl acetate;Water;298.15;0.819123146;0.925827107;0.925803979;L2;12.24530737
381;Ethyl acetate;Water;298.15;0.8652;0.925827107;0.925803979;L2;6.772681363
381;Ethyl acetate;Water;298.15;0.862374359;0.925827107;0.925803979;L2;7.099804013
381;Ethyl acetate;Water;298.15;0.8285;0.925827107;0.925803979;L2;11.10706708
381;Ethyl acetate;Water;298.2;0.828159617;0.925803288;0.925779928;L2;11.14558703
381;Ethyl acetate;Water;298.2;0.8677;0.925803288;0.925779928;L2;6.481574749
381;Ethyl acetate;Water;299.03564;0.858509344;0.925403745;0.925377962;L2;7.503255911
381;Ethyl acetate;Water;299.11;0.856203119;0.925368058;0.925342193;L2;7.768392209
381;Ethyl acetate;Water;299.15;0.8653;0.925348852;0.925322952;L2;6.70945357
381;Ethyl acetate;Water;302.8;0.854670926;0.923569731;0.9235672;L2;7.752979064
381;Ethyl acetate;Water;302.83;0.84677103;0.92355489;0.923552769;L2;8.679990746
381;Ethyl acetate;Water;302.843145;0.858509344;0.923548387;0.923546446;L2;7.302562859
381;Ethyl acetate;Water;303.134;0.8456;0.92340431;0.923396165;L2;8.80207427
381;Ethyl acetate;Water;303.134;0.858894644;0.92340431;0.923396165;L2;7.242091239
381;Ethyl acetate;Water;303.134;0.8589;0.92340431;0.923396165;L2;7.241467649
381;Ethyl acetate;Water;303.134;0.849720299;0.92340431;0.923396165;L2;8.315994193
381;Ethyl acetate;Water;303.134;0.848584102;0.92340431;0.923396165;L2;8.449797905
381;Ethyl acetate;Water;303.134;0.849341307;0.92340431;0.923396165;L2;8.360606113
381;Ethyl acetate;Water;303.134;0.849341307;0.92340431;0.923396165;L2;8.360606113
381;Ethyl acetate;Water;303.134;0.8551;0.92340431;0.923396165;L2;7.68487561
381;Ethyl acetate;Water;303.134;0.849341307;0.92340431;0.923396165;L2;8.360606113
381;Ethyl acetate;Water;303.134;0.850479062;0.92340431;0.923396165;L2;8.226738419
381;Ethyl acetate;Water;303.134;0.8505;0.92340431;0.923396165;L2;8.224276542
381;Ethyl acetate;Water;303.143055;0.842;0.923399819;0.923391194;L2;9.228229982
381;Ethyl acetate;Water;303.15;0.859;0.923396375;0.923387381;L2;7.228966186
381;Ethyl acetate;Water;303.15;0.8647;0.923396375;0.923387381;L2;6.567595788
381;Ethyl acetate;Water;303.2;0.8508;0.923371569;0.923359931;L2;8.185463636
381;Ethyl acetate;Water;306.53264;0.845565616;0.92169614;0.921530337;L2;8.620983163
381;Ethyl acetate;Water;307.89163;0.8401;0.921000431;0.920784262;L2;9.193957163
381;Ethyl acetate;Water;308.132;0.849;0.920876625;0.920652301;L2;8.126688349
381;Ethyl acetate;Water;308.15;0.8402;0.920867345;0.920642419;L2;9.167603341
381;Ethyl acetate;Water;308.15;0.868;0.920867345;0.920642419;L2;5.912427749
381;Ethyl acetate;Water;308.15;0.839;0.920867345;0.920642419;L2;9.310528568
381;Ethyl acetate;Water;308.15;0.8479;0.920867345;0.920642419;L2;8.255328784
381;Ethyl acetate;Water;308.15;0.8505;0.920867345;0.920642419;L2;7.949158031
381;Ethyl acetate;Water;308.2;0.848584102;0.92084156;0.920614969;L2;8.171879269
381;Ethyl acetate;Water;308.2;0.855436495;0.92084156;0.920614969;L2;7.367613176
381;Ethyl acetate;Water;309.83132;0.841068666;0.919994919;0.919719387;L2;8.969484231
381;Ethyl acetate;Water;310.98086;0.809179316;0.919392066;0.919088298;L2;12.76921097
381;Ethyl acetate;Water;311.37;0.835129484;0.919186819;0.918874663;L2;9.59026028
381;Ethyl acetate;Water;312.640205;0.844062546;0.918512744;0.918177331;L2;8.452918139
381;Ethyl acetate;Water;312.73016;0.8343916;0.918464768;0.918127946;L2;9.600070914
381;Ethyl acetate;Water;312.81;0.831083426;0.91842216;0.918084114;L2;9.992697169
381;Ethyl acetate;Water;313.140055;0.835129484;0.918245755;0.917902917;L2;9.487827774
381;Ethyl acetate;Water;313.140055;0.834;0.918245755;0.917902917;L2;9.623165887
381;Ethyl acetate;Water;313.15;0.8443;0.918240433;0.917897457;L2;8.395138378
381;Ethyl acetate;Water;313.15;0.831;0.918240433;0.917897457;L2;9.98294706
381;Ethyl acetate;Water;313.2;0.817;0.91821367;0.917870007;L2;11.67910246
381;Ethyl acetate;Water;313.82979;0.83218392;0.917875736;0.917524257;L2;9.800854377
381;Ethyl acetate;Water;317.32;0.822719614;0.91597486;0.915608159;L2;10.73734637
381;Ethyl acetate;Water;318.15;0.8385;0.915515809;0.915152495;L2;8.787305127
381;Ethyl acetate;Water;318.15;0.7946;0.915515809;0.915152495;L2;14.16487892
381;Ethyl acetate;Water;318.15;0.862;0.915515809;0.915152495;L2;6.023236187
381;Ethyl acetate;Water;318.2;0.806;0.91548807;0.915125045;L2;12.73735901
381;Ethyl acetate;Water;319.1282;0.822719614;0.914971336;0.91461547;L2;10.62772832
381;Ethyl acetate;Water;322.68719;0.8116;0.91295879;0.912661612;L2;11.76831343
381;Ethyl acetate;Water;323.127;0.8336;0.912706642;0.91242016;L2;9.066084535
381;Ethyl acetate;Water;323.137055;0.8222;0.912700868;0.912414639;L2;10.44245162
381;Ethyl acetate;Water;323.137055;0.829254202;0.912700868;0.912414639;L2;9.588144559
381;Ethyl acetate;Water;323.15;0.816;0.912693435;0.912407533;L2;11.19856911
381;Ethyl acetate;Water;323.15;0.768;0.912693435;0.912407533;L2;17.26103129
381;Ethyl acetate;Water;323.15;0.8322;0.912693435;0.912407533;L2;9.232724953
381;Ethyl acetate;Water;323.2;0.811;0.912664717;0.912380083;L2;11.81005263
381;Ethyl acetate;Water;323.64;0.80910895;0.912411575;0.912138526;L2;12.01575963
381;Ethyl acetate;Water;325.62;0.805672337;0.911263043;0.911051521;L2;12.31544661
381;Ethyl acetate;Water;326.22607;0.80847607;0.910908406;0.910718794;L2;11.9291269
381;Ethyl acetate;Water;328.135555;0.803579202;0.909781647;0.909670501;L2;12.41288703
381;Ethyl acetate;Water;328.15;0.8252;0.909773068;0.909662571;L2;9.756941152
381;Ethyl acetate;Water;329.7;0.794945835;0.908847797;0.908811632;L2;13.39036595
381;Ethyl acetate;Water;331.1246;0.798727138;0.90798903;0.907950004;L2;12.82129138
381;Ethyl acetate;Water;332.18456;0.7902;0.907344874;0.907254509;L2;13.82365354
381;Ethyl acetate;Water;333.03439;0.822358886;0.906825209;0.906696891;L2;9.777281708
381;Ethyl acetate;Water;333.11;0.789866874;0.906778835;0.90664728;L2;13.8034161
381;Ethyl acetate;Water;333.13437;0.7958;0.906763884;0.906631289;L2;13.05341916
381;Ethyl acetate;Water;333.15;0.755;0.906754293;0.906621034;L2;18.31537635
381;Ethyl acetate;Water;333.15;0.8093;0.906754293;0.906621034;L2;11.37018363
381;Ethyl acetate;Water;334.07;0.788816334;0.906188076;0.906017374;L2;13.8713363
381;Ethyl acetate;Water;338.15;0.7972;0.903636531;0.903340273;L2;12.53216242
381;Ethyl acetate;Water;338.63;0.769542662;0.903331993;0.90302532;L2;16.02937487
381;Ethyl acetate;Water;343.124;0.762;0.900436048;0.900076573;L2;16.69325876
381;Ethyl acetate;Water;343.132055;0.77478822;0.900430784;0.900071287;L2;15.02835704
381;Ethyl acetate;Water;343.15;0.7892;0.900419057;0.900059513;L2;13.18405001
381;Ethyl acetate;Water;343.531935;0.768565052;0.900169161;0.899808905;L2;15.80574954
381;Ethyl acetate;Water;343.6;0.775;0.900124566;0.899764244;L2;14.96701306
381;Ethyl acetate;Water;343.631905;0.814838883;0.900103655;0.89974331;L2;9.9519525
381;Ethyl acetate;Water;344.68159;0.7575;0.899413409;0.899054557;L2;17.17192459
381;Ethyl acetate;Water;346.18114;0.7536;0.898419631;0.898070624;L2;17.57755313
381;Ethyl acetate;Water;348.15;0.7404;0.897101017;0.896778752;L2;19.19778911
381;Ethyl acetate;Water;364.07618;0.7114;0.885850089;0.885564978;L2;21.93128771
429;2-Butanol;Water;249.76872;0.0582;0.004565026;0.004576021;L1;254.5461229
429;2-Butanol;Water;252.1668;0.067;0.004654083;0.004661731;L1;266.6947818
429;2-Butanol;Water;255.96376;0.077;0.004799342;0.004800994;L1;277.5326569
429;2-Butanol;Water;258.26192;0.0709;0.004889826;0.004897422;L1;267.4113686
429;2-Butanol;Water;264.35704;0.0829;0.005139342;0.005153166;L1;278.0710025
429;2-Butanol;Water;264.75672;0.0786;0.005156194;0.005169936;L1;272.4172962
429;2-Butanol;Water;264.85;0.077210923;0.005160136;0.00517385;L1;270.5577997
429;2-Butanol;Water;265.15197;0.082862405;0.00517292;0.00518652;L1;277.3744204
429;2-Butanol;Water;266.15177;0.082862405;0.005215495;0.00522847;L1;276.5547524
429;2-Butanol;Water;267.15157;0.08094814;0.005258454;0.00527042;L1;273.3971586
429;2-Butanol;Water;267.75432;0.0852;0.00528454;0.005295711;L1;278.0215865
429;2-Butanol;Water;268.15137;0.080567462;0.0053018;0.005312371;L1;272.1048421
429;2-Butanol;Water;268.85344;0.08;0.00533247;0.005341829;L1;270.8212005
429;2-Butanol;Water;269.15117;0.08094814;0.005345535;0.005354321;L1;271.7547097
429;2-Butanol;Water;270.1509524;0.079808265;0.005389659;0.005396271;L1;269.5144965
429;2-Butanol;Water;270.55208;0.08;0.005407472;0.005413101;L1;269.4244867
429;2-Butanol;Water;271.1506349;0.082094516;0.005434171;0.005438216;L1;271.5164261
429;2-Butanol;Water;271.48;0.08287;0.005448922;0.005452036;L1;272.1855237
429;2-Butanol;Water;272.1503175;0.081711665;0.005479077;0.005480161;L1;270.2260092
429;2-Butanol;Water;273.15;0.080187504;0.00552438;0.005525916;L1;267.5196736
429;2-Butanol;Water;273.15;0.078674835;0.00552438;0.005525916;L1;265.6152389
429;2-Butanol;Water;273.15;0.0864;0.00552438;0.005525916;L1;274.9816719
429;2-Butanol;Water;273.62;0.08237;0.005545816;0.005548888;L1;269.8177498
429;2-Butanol;Water;273.99;0.077210923;0.005562754;0.005566973;L1;263.0447674
429;2-Butanol;Water;274.149854;0.08094814;0.005570088;0.005574786;L1;267.6397778
429;2-Butanol;Water;274.169388;0.0786;0.005570985;0.005575741;L1;264.6799751
429;2-Butanol;Water;274.21;0.08207;0.005572851;0.005577726;L1;268.9665813
429;2-Butanol;Water;274.34928;0.0709;0.005579253;0.005584533;L1;254.2215522
429;2-Butanol;Water;274.41;0.08145;0.005582047;0.005587501;L1;268.0433839
429;2-Butanol;Water;275;0.08;0.005609268;0.005616338;L1;265.7606367
429;2-Butanol;Water;275.149708;0.077173528;0.005616198;0.005623655;L1;262.0401623
429;2-Butanol;Water;275.44862;0.0852;0.00563006;0.005638265;L1;271.6881251
429;2-Butanol;Water;276.149562;0.076054927;0.00566271;0.005672525;L1;259.7553265
429;2-Butanol;Water;276.18;0.073689455;0.005664132;0.005674012;L1;256.5706036
429;2-Butanol;Water;276.46;0.072590313;0.005677233;0.005687698;L1;254.8367471
429;2-Butanol;Water;276.65;0.07986;0.005686141;0.005696984;L1;264.224321
429;2-Butanol;Water;276.94;0.0738;0.005699766;0.005711159;L1;256.0933529
429;2-Butanol;Water;277.77;0.071206823;0.005738951;0.005751726;L1;251.831214
429;2-Butanol;Water;277.84718;0.0829;0.005742609;0.005755498;L1;266.9721361
429;2-Butanol;Water;278.13;0.0725;0.005756035;0.005769322;L1;253.3337753
429;2-Butanol;Water;278.1492701;0.074573197;0.005756951;0.005770264;L1;256.1373232
429;2-Butanol;Water;279.34628;0.067;0.005814144;0.005828769;L1;244.4398976
429;2-Butanol;Water;279.48;0.07692;0.00582057;0.005835305;L1;258.1367683
429;2-Butanol;Water;279.96;0.0705;0.005843697;0.005858766;L1;249.0249062
429;2-Butanol;Water;280.96;0.07473;0.005892184;0.005907642;L1;254.0254888
429;2-Butanol;Water;281.215158;0.0712;0.005904622;0.005920114;L1;248.975733
429;2-Butanol;Water;282.1446;0.077;0.00595016;0.005965542;L1;256.038736
429;2-Butanol;Water;282.56;0.06590993;0.005970629;0.005985845;L1;240.1436877
429;2-Butanol;Water;283.148055;0.0709168;0.005999729;0.006014587;L1;246.9793036
429;2-Butanol;Water;283.148055;0.068397274;0.005999729;0.006014587;L1;243.3618647
429;2-Butanol;Water;283.148055;0.075;0.005999729;0.006014587;L1;252.577379
429;2-Butanol;Water;283.148055;0.069473094;0.005999729;0.006014587;L1;244.9225218
429;2-Butanol;Water;284.94;0.0642;0.006089304;0.006102171;L1;235.5469379
429;2-Butanol;Water;285.09283;0.0781;0.006097007;0.006109641;L1;255.0192086
429;2-Butanol;Water;287.54136;0.0582;0.006221772;0.006229317;L1;223.5830533
429;2-Butanol;Water;288.111018;0.0623;0.006251169;0.00625716;L1;229.9192941
429;2-Butanol;Water;288.141;0.0673;0.00625272;0.006258625;L1;237.6143657
429;2-Butanol;Water;288.146555;0.066972034;0.006253007;0.006258897;L1;237.1212583
429;2-Butanol;Water;288.2;0.059;0.006255773;0.006261509;L1;224.4032649
429;2-Butanol;Water;288.966309;0.0606;0.006295569;0.006298964;L1;226.4448808
429;2-Butanol;Water;289.08;0.059;0.006301495;0.00630452;L1;223.6750526
429;2-Butanol;Water;290.58;0.0571;0.006380207;0.006382197;L1;219.160352
429;2-Butanol;Water;291.1392;0.054;0.006409804;0.006413812;L1;213.1155423
429;2-Butanol;Water;291.74;0.054898994;0.006441755;0.006447779;L1;214.2694011
429;2-Butanol;Water;292.18;0.0553;0.006465256;0.006472655;L1;214.6330301
429;2-Butanol;Water;292.9;0.058;0.006503897;0.006513361;L1;218.8041421
429;2-Butanol;Water;292.93812;0.0603;0.00650595;0.006515516;L1;222.661502
429;2-Butanol;Water;293.138;0.058;0.006516721;0.006526816;L1;218.6071654
429;2-Butanol;Water;293.138;0.057;0.006516721;0.006526816;L1;216.8679912
429;2-Butanol;Water;293.14537;0.056;0.006517119;0.006527233;L1;215.0919338
429;2-Butanol;Water;293.14537;0.057956319;0.006517119;0.006527233;L1;218.5257253
429;2-Butanol;Water;293.14537;0.0571;0.006517119;0.006527233;L1;217.0371764
429;2-Butanol;Water;293.14537;0.055934946;0.006517119;0.006527233;L1;214.9756984
429;2-Butanol;Water;293.14537;0.058295324;0.006517119;0.006527233;L1;219.1089532
429;2-Butanol;Water;293.43788;0.056;0.006532915;0.00654377;L1;214.8498436
429;2-Butanol;Water;295;0.055;0.006617923;0.006632086;L1;211.7551672
429;2-Butanol;Water;295.03724;0.0634;0.006619963;0.006634191;L1;225.9374155
429;2-Butanol;Water;295.15;0.0522;0.006626143;0.006640566;L1;206.4059607
429;2-Butanol;Water;296.714656;0.0516;0.006712497;0.006729026;L1;203.9550643
429;2-Butanol;Water;297.25;0.05487;0.006742298;0.006759292;L1;209.6565874
429;2-Butanol;Water;297.9944;0.059;0.006783955;0.006801377;L1;216.2977187
429;2-Butanol;Water;298.136;0.0497;0.006791908;0.006809383;L1;199.0273084
429;2-Butanol;Water;298.14437;0.05294299;0.006792378;0.006809856;L1;205.3414573
429;2-Butanol;Water;298.14437;0.0474;0.006792378;0.006809856;L1;194.2821127
429;2-Butanol;Water;298.15;0.049673803;0.006792694;0.006810174;L1;198.9630008
429;2-Butanol;Water;298.15;0.0546;0.006792694;0.006810174;L1;208.4186199
429;2-Butanol;Water;298.15;0.051;0.006792694;0.006810174;L1;201.5977949
429;2-Butanol;Water;298.15;0.052613479;0.006792694;0.006810174;L1;204.7124658
429;2-Butanol;Water;298.15;0.0591;0.006792694;0.006810174;L1;216.3383241
429;2-Butanol;Water;298.15;0.051956196;0.006792694;0.006810174;L1;203.4553296
429;2-Butanol;Water;298.2;0.052910012;0.006795505;0.006813001;L1;205.2331207
429;2-Butanol;Water;298.2;0.053008962;0.006795505;0.006813001;L1;205.4199617
429;2-Butanol;Water;298.2;0.051;0.006795505;0.006813001;L1;201.5564256
429;2-Butanol;Water;298.43;0.0491;0.006808449;0.006826004;L1;197.5694703
429;2-Butanol;Water;300.143955;0.05032306;0.006905675;0.006922904;L1;198.6119867
429;2-Butanol;Water;300.79;0.045888918;0.006942676;0.006959429;L1;188.85363
429;2-Butanol;Water;301.48;0.0471;0.00698241;0.006998439;L1;190.8878823
429;2-Butanol;Water;301.604612;0.0482;0.00698961;0.007005484;L1;193.0934268
429;2-Butanol;Water;302.53424;0.0503;0.00704355;0.007058041;L1;196.5892707
429;2-Butanol;Water;303.03404;0.0532;0.007072719;0.007086298;L1;201.7813386
429;2-Butanol;Water;303.043085;0.04741917;0.007073248;0.007086809;L1;190.270678
429;2-Butanol;Water;303.143055;0.04773958;0.007079097;0.007092461;L1;190.8614464
429;2-Butanol;Water;303.15;0.047;0.007079504;0.007092854;L1;189.2943821
429;2-Butanol;Water;303.762869;0.0462;0.007115466;0.007127503;L1;187.0709055
429;2-Butanol;Water;305.14;0.0452;0.007196927;0.00720536;L1;183.74429
429;2-Butanol;Water;305.633;0.0512;0.00722631;0.007233233;L1;195.8010933
429;2-Butanol;Water;306.23276;0.0421;0.007262214;0.007267141;L1;175.736298
429;2-Butanol;Water;308.132;0.0458;0.007377058;0.007379855;L1;182.5909141
429;2-Butanol;Water;308.95;0.04444;0.007427063;0.007433055;L1;178.9009417
429;2-Butanol;Water;309.18;0.0421;0.007441183;0.007448013;L1;173.3017938
429;2-Butanol;Water;310.6;0.04359;0.007528932;0.007540364;L1;175.6074601
429;2-Butanol;Water;310.631;0.0448;0.007530859;0.00754238;L1;178.3199089
429;2-Butanol;Water;311.230628;0.0441;0.007568222;0.007581377;L1;176.2501612
429;2-Butanol;Water;311.88;0.0406;0.007608887;0.00762361;L1;167.4451117
429;2-Butanol;Water;312.36;0.04262;0.007639082;0.007654827;L1;171.9046212
429;2-Butanol;Water;313.13;0.046;0.007687761;0.007704904;L1;178.9011858
429;2-Butanol;Water;313.140055;0.045;0.007688398;0.007705558;L1;176.6950012
429;2-Butanol;Water;313.140055;0.04174552;0.007688398;0.007705558;L1;169.1879662
429;2-Butanol;Water;313.140055;0.0381;0.007688398;0.007705558;L1;160.0501804
429;2-Butanol;Water;313.140055;0.040816854;0.007688398;0.007705558;L1;166.9382606
429;2-Butanol;Water;313.140055;0.041435435;0.007688398;0.007705558;L1;168.4423955
429;2-Butanol;Water;313.15;0.043;0.007689029;0.007706205;L1;172.1405605
429;2-Butanol;Water;313.2;0.043429185;0.007692201;0.007709457;L1;173.0924745
429;2-Butanol;Water;314.1;0.0393;0.00774951;0.007767989;L1;162.359496
429;2-Butanol;Water;314.42961;0.0426;0.007770601;0.007789426;L1;170.1506777
429;2-Butanol;Water;315;0.04;0.00780723;0.007826521;L1;163.3829259
429;2-Butanol;Water;318.02853;0.0369;0.008004515;0.008023484;L1;152.8205839
429;2-Butanol;Water;318.2;0.042;0.008015827;0.008034636;L1;165.6251691
429;2-Butanol;Water;319.148252;0.0392;0.008078662;0.008096306;L1;157.9450541
429;2-Butanol;Water;319.42811;0.0427;0.008097296;0.008114507;L1;166.2668721
429;2-Butanol;Water;320.66;0.03956;0.008179814;0.008194624;L1;157.6149113
429;2-Butanol;Water;320.88;0.036093491;0.008194635;0.008208932;L1;148.2632871
429;2-Butanol;Water;321.88;0.0371;0.008262329;0.008273968;L1;150.1910485
429;2-Butanol;Water;323.137055;0.038059162;0.008348183;0.008355721;L1;151.7097919
429;2-Butanol;Water;323.137055;0.038668344;0.008348183;0.008355721;L1;153.2977356
429;2-Butanol;Water;323.137055;0.035642926;0.008348183;0.008355721;L1;145.1506774
429;2-Butanol;Water;323.16;0.0365;0.008349758;0.008357214;L1;147.507969
429;2-Butanol;Water;324.2;0.039;0.008421445;0.008424851;L1;153.2780184
429;2-Butanol;Water;324.99;0.0361;0.008476293;0.008476409;L1;144.9019698
429;2-Butanol;Water;326.62595;0.0406;0.008590959;0.008598356;L1;155.3057744
429;2-Butanol;Water;326.895927;0.038;0.008610023;0.008618481;L1;148.4659126
429;2-Butanol;Water;329.075215;0.0407;0.008765401;0.008780929;L1;153.5415779
429;2-Butanol;Water;331.1246;0.0399;0.008913953;0.008933695;L1;149.8758495
429;2-Butanol;Water;332.5;0.0342;0.009014992;0.00903622;L1;133.3336698
429;2-Butanol;Water;333.124;0.039;0.00906119;0.009082734;L1;145.9561161
429;2-Butanol;Water;333.13437;0.0351;0.00906196;0.009083507;L1;135.4115709
429;2-Butanol;Water;333.13437;0.036545195;0.00906196;0.009083507;L1;139.4464292
429;2-Butanol;Water;333.13437;0.038;0.00906196;0.009083507;L1;143.3500738
429;2-Butanol;Water;333.13437;0.03444696;0.00906196;0.009083507;L1;133.5335328
429;2-Butanol;Water;333.14;0.0368;0.009062378;0.009083927;L1;140.1366311
429;2-Butanol;Water;333.43431;0.036243932;0.009084248;0.009105866;L1;138.3730036
429;2-Butanol;Water;334.094178;0.0369;0.009133466;0.009155053;L1;139.6266299
429;2-Butanol;Water;335;0.038;0.009201442;0.009222575;L1;141.8225921
429;2-Butanol;Water;338.36;0.03571;0.009457815;0.009473037;L1;132.8589346
429;2-Butanol;Water;338.56;0.03571;0.009473288;0.009487945;L1;132.6954739
429;2-Butanol;Water;340.01;0.0342;0.009586185;0.009596031;L1;127.1902643
429;2-Butanol;Water;341.322598;0.033;0.009689486;0.009693875;L1;122.5466213
429;2-Butanol;Water;343.132055;0.034745199;0.009833624;0.009837517;L1;126.2233837
429;2-Butanol;Water;343.132055;0.036846967;0.009833624;0.009837517;L1;132.0965742
429;2-Butanol;Water;343.232025;0.035943176;0.009841647;0.009846043;L1;129.5316182
429;2-Butanol;Water;343.24;0.0371;0.009842287;0.009846724;L1;132.692885
429;2-Butanol;Water;345.073805;0.0407;0.009990567;0.010003131;L1;140.4586764
429;2-Butanol;Water;346.1237;0.0399;0.010076413;0.010092678;L1;137.6178944
429;2-Butanol;Water;347.3;0.039;0.010173428;0.010193005;L1;134.3782398
429;2-Butanol;Water;348.130555;0.03745204;0.010242462;0.010263844;L1;129.6519152
429;2-Butanol;Water;349.3;0.0361;0.010340419;0.010363588;L1;125.0232474
429;2-Butanol;Water;350.099964;0.0353;0.010407939;0.010431817;L1;122.1314065
429;2-Butanol;Water;350.72324;0.0406;0.010460837;0.010484977;L1;135.6129628
429;2-Butanol;Water;352.25;0.0371;0.010591495;0.010615196;L1;125.3565626
429;2-Butanol;Water;353.123;0.039;0.010666902;0.010689655;L1;129.6415971
429;2-Butanol;Water;353.129055;0.03745204;0.010667427;0.010690172;L1;125.5866309
429;2-Butanol;Water;353.129055;0.037755344;0.010667427;0.010690172;L1;126.3932157
429;2-Butanol;Water;353.129055;0.036;0.010667427;0.010690172;L1;121.6324067
429;2-Butanol;Water;353.14;0.0381;0.010668375;0.010691105;L1;127.2930483
429;2-Butanol;Water;353.229025;0.036846967;0.010676095;0.010698698;L1;123.8766206
429;2-Butanol;Water;355;0.038;0.010830765;0.010849747;L1;125.5195488
429;2-Butanol;Water;356.16;0.036093491;0.010933229;0.010948684;L1;119.43059
429;2-Butanol;Water;356.69;0.03956;0.010980351;0.010993889;L1;128.1711136
429;2-Butanol;Water;356.923;0.0427;0.011001128;0.011013762;L1;135.6201126
429;2-Butanol;Water;358.127555;0.038363495;0.011109139;0.011116499;L1;123.9338209
429;2-Butanol;Water;358.623;0.0369;0.011153858;0.011158756;L1;119.642606
429;2-Butanol;Water;360.44;0.039;0.011319335;0.011325411;L1;123.7049286
429;2-Butanol;Water;360.47;0.041;0.011322087;0.011328327;L1;128.6816638
429;2-Butanol;Water;360.81;0.0393;0.011353318;0.011361372;L1;124.1714513
429;2-Butanol;Water;361.223;0.0426;0.011391364;0.011401511;L1;131.8998708
429;2-Butanol;Water;361.406714;0.0412;0.011408328;0.011419366;L1;128.4094682
429;2-Butanol;Water;362.51;0.0406;0.011510708;0.011526594;L1;126.0490311
429;2-Butanol;Water;363.12637;0.044560336;0.011568287;0.011586499;L1;134.8576699
429;2-Butanol;Water;363.12637;0.042678964;0.011568287;0.011586499;L1;130.5438716
429;2-Butanol;Water;363.18;0.0391;0.011573309;0.011591711;L1;121.7420933
429;2-Butanol;Water;363.32633;0.039586002;0.011587025;0.011605933;L1;122.858964
429;2-Butanol;Water;364.39;0.04262;0.011687191;0.011709311;L1;129.383021
429;2-Butanol;Water;364.96;0.0421;0.011741208;0.011764709;L1;127.6943076
429;2-Butanol;Water;365.02319;0.0448;0.011747211;0.011770851;L1;133.8592329
429;2-Butanol;Water;365.88;0.04359;0.011828897;0.011854124;L1;130.4282326
429;2-Butanol;Water;367.81;0.04444;0.012014896;0.012041701;L1;130.7992769
429;2-Butanol;Water;368.32352;0.0512;0.012064855;0.012091609;L1;144.5442855
429;2-Butanol;Water;368.62355;0.0421;0.012094136;0.012120769;L1;124.7327019
429;2-Butanol;Water;368.985198;0.0442;0.012129522;0.012155918;L1;129.3082511
429;2-Butanol;Water;370.02369;0.0532;0.012231685;0.012256849;L1;147.002864
429;2-Butanol;Water;370.41;0.0459;0.0122699;0.012294394;L1;131.9316024
429;2-Butanol;Water;371.02379;0.0503;0.012330853;0.012354048;L1;140.5900614
429;2-Butanol;Water;372.12457;0.04773958;0.012440895;0.012461033;L1;134.4771768
429;2-Butanol;Water;372.62395;0.0482;0.012491128;0.012509568;L1;135.0340393
429;2-Butanol;Water;373.12437;0.0474;0.012541661;0.012558203;L1;132.9566273
429;2-Butanol;Water;373.12437;0.051628421;0.012541661;0.012558203;L1;141.501636
429;2-Butanol;Water;373.16;0.0407;0.012545266;0.012561666;L1;117.6884702
429;2-Butanol;Water;373.2;0.052;0.012549315;0.012565554;L1;142.1577643
429;2-Butanol;Water;375;0.05;0.012732819;0.012740496;L1;136.7840201
429;2-Butanol;Water;375.6;0.045888918;0.012794559;0.012798809;L1;127.7203681
429;2-Butanol;Water;376.1246;0.0634;0.012848776;0.012849795;L1;159.6215295
429;2-Butanol;Water;376.89;0.053;0.012928279;0.012931852;L1;141.0874854
429;2-Butanol;Water;377.13;0.05487;0.012953304;0.012958418;L1;144.3615851
429;2-Butanol;Water;377.22482;0.0603;0.012963204;0.012968914;L1;153.7217194
429;2-Butanol;Water;378.42506;0.056;0.013089156;0.013101773;L1;145.3567551
429;2-Butanol;Water;379.47527;0.0781;0.013200333;0.013218024;L1;177.7747985
429;2-Butanol;Water;379.52528;0.054;0.01320565;0.01322356;L1;140.8339275
429;2-Butanol;Water;379.6253;0.0673;0.01321629;0.013234632;L1;162.7710083
429;2-Butanol;Water;379.76;0.0573;0.013230632;0.013249542;L1;146.5765872
429;2-Butanol;Water;379.92536;0.0885;0.013248259;0.013267846;L1;189.9136389
429;2-Butanol;Water;380.1254;0.0934;0.013269614;0.01328999;L1;195.1414612
429;2-Butanol;Water;381.22562;0.0623;0.013387659;0.013411777;L1;153.7628084
429;2-Butanol;Water;381.25;0.0621;0.013390287;0.013414475;L1;153.421642
429;2-Butanol;Water;381.32564;0.077;0.013398441;0.013422848;L1;174.8667058
429;2-Butanol;Water;381.57268;0.068361515;0.013425107;0.013450194;L1;162.7683416
429;2-Butanol;Water;382.1258;0.0829;0.013484998;0.013511421;L1;181.6057269
429;2-Butanol;Water;382.22582;0.0582;0.013495855;0.013522492;L1;146.1502724
429;2-Butanol;Water;382.42586;0.0911;0.013517596;0.013544636;L1;190.7965558
429;2-Butanol;Water;382.52588;0.0951;0.013528479;0.013555707;L1;195.0131953
429;2-Butanol;Water;382.54;0.053901866;0.013530016;0.01355727;L1;138.225447
429;2-Butanol;Water;383.07238;0.082593312;0.013588093;0.013616201;L1;180.4734813
429;2-Butanol;Water;383.12237;0.0709168;0.013593559;0.013621735;L1;165.1911297
429;2-Butanol;Water;383.12237;0.0715;0.013593559;0.013621735;L1;166.0101387
429;2-Butanol;Water;383.23;0.068;0.013605334;0.013633649;L1;160.9045791
429;2-Butanol;Water;383.4723;0.120406809;0.013631879;0.01366047;L1;217.8465002
429;2-Butanol;Water;383.87222;0.100570299;0.013675802;0.013704738;L1;199.5229018
429;2-Butanol;Water;383.99;0.07473;0.013688763;0.013717776;L1;169.7306318
429;2-Butanol;Water;384.13;0.07692;0.013704186;0.013733273;L1;172.5064591
429;2-Butanol;Water;384.39;0.0751;0.013732873;0.013762053;L1;169.902813
429;2-Butanol;Water;384.5;0.07986;0.013745027;0.013774229;L1;175.9598015
429;2-Butanol;Water;384.52614;0.0712;0.013747917;0.013777123;L1;164.4605516
429;2-Butanol;Water;384.54;0.08145;0.013749449;0.013778657;L1;177.8990568
429;2-Butanol;Water;384.65;0.08207;0.013761618;0.013790833;L1;178.5689148
429;2-Butanol;Water;384.75;0.08237;0.013772689;0.013801903;L1;178.8533713
429;2-Butanol;Water;384.75;0.08287;0.013772689;0.013801903;L1;179.4585535
429;2-Butanol;Water;384.85;0.08422;0.013783769;0.013812972;L1;180.9940675
429;2-Butanol;Water;385;0.08;0.013800405;0.013829576;L1;175.7328671
429;2-Butanol;Water;385.05;0.08523;0.013805955;0.013835111;L1;182.0253457
429;2-Butanol;Water;385.12;0.08621;0.013813728;0.013842859;L1;183.1123273
429;2-Butanol;Water;385.22621;0.067;0.013825531;0.013854616;L1;157.8175686
429;2-Butanol;Water;385.62625;0.0786;0.013870073;0.013898898;L1;173.4638236
429;2-Butanol;Water;385.63;0.082;0.013870491;0.013899313;L1;177.6955633
429;2-Butanol;Water;385.82627;0.08;0.013892396;0.013921039;L1;175.0685015
429;2-Butanol;Water;386.02629;0.0709;0.013914754;0.01394318;L1;162.8320738
429;2-Butanol;Water;386.04;0.0908;0.013916287;0.013944697;L1;187.5599369
429;2-Butanol;Water;386.07;0.1076;0.013919644;0.013948018;L1;204.511955
429;2-Butanol;Water;386.23;0.0965;0.01393756;0.013965729;L1;193.4955636
429;2-Butanol;Water;386.58;0.105;0.01397683;0.014004472;L1;201.6559417
429;2-Butanol;Water;386.62635;0.0756;0.013982038;0.014009603;L1;168.768277
429;2-Butanol;Water;386.65;0.1151;0.013984696;0.01401222;L1;210.7837695
429;2-Butanol;Water;386.776365;0.1144;0.013998909;0.014026208;L1;210.0721708
429;2-Butanol;Water;387.42643;0.0848;0.014072243;0.014098166;L1;179.6091248
429;2-Butanol;Water;387.92648;0.0994;0.014128909;0.014153519;L1;195.0929132
429;2-Butanol;Water;388.02649;0.117;0.014140269;0.014164589;L1;211.3147273
429;2-Butanol;Water;388.98;0.075497979;0.014249022;0.014270136;L1;166.7417587
429;2-Butanol;Water;390.52;0.089907337;0.014426394;0.014440604;L1;182.9720102
429;2-Butanol;Water;391.38;0.099691934;0.014526382;0.014535801;L1;192.611832
429;2-Butanol;Water;265.15197;0.309114658;0.583137987;0.582618821;L2;63.47115732
429;2-Butanol;Water;266.15177;0.302628125;0.583549302;0.58305529;L2;65.66242004
429;2-Butanol;Water;267.15157;0.293589929;0.583946562;0.583491759;L2;68.76254813
429;2-Butanol;Water;268.15137;0.290047573;0.584329894;0.583928228;L2;70.04207557
429;2-Butanol;Water;269.15117;0.287417485;0.58469942;0.584364697;L2;71.01620923
429;2-Butanol;Water;269.25;0.279576249;0.584735202;0.584407842;L2;73.78840375
429;2-Butanol;Water;269.75;0.2726;0.584914186;0.58462612;L2;76.34596274
429;2-Butanol;Water;270.1509524;0.284809938;0.585055256;0.584801158;L2;71.98842232
429;2-Butanol;Water;270.25;0.27485053;0.585089767;0.584844398;L2;75.5537861
429;2-Butanol;Water;270.52;0.2726;0.585183172;0.584962268;L2;76.39193929
429;2-Butanol;Water;270.75;0.274014466;0.585261959;0.585062676;L2;75.88786391
429;2-Butanol;Water;271.1506349;0.277119683;0.585397496;0.585237576;L2;74.78416145
429;2-Butanol;Water;272.1503175;0.277964502;0.585726295;0.585673994;L2;74.53591929
429;2-Butanol;Water;272.51;0.2692;0.585841332;0.585831016;L2;77.75943911
429;2-Butanol;Water;272.65;0.2667;0.585885642;0.585880463;L2;78.70001897
429;2-Butanol;Water;273.15;0.283083954;0.586041774;0.585983643;L2;72.76475626
429;2-Butanol;Water;273.15;0.2814;0.586041774;0.585983643;L2;73.36139288
429;2-Butanol;Water;274.149854;0.281367775;0.586344099;0.586189975;L2;73.42441956
429;2-Butanol;Water;275;0.26;0.586590855;0.586365412;L2;81.36459355
429;2-Butanol;Water;275.149708;0.279661319;0.586633332;0.586396306;L2;74.08206818
429;2-Butanol;Water;276.149562;0.283083954;0.586909589;0.586602637;L2;72.91272746
429;2-Butanol;Water;277.45;0.2636;0.58724967;0.586870997;L2;80.10172582
429;2-Butanol;Water;278.1492701;0.279661319;0.587423627;0.5870153;L2;74.21669452
429;2-Butanol;Water;279.95;0.263;0.587843235;0.587386901;L2;80.43062736
429;2-Butanol;Water;280;0.2667;0.587854307;0.587397219;L2;79.03547096
429;2-Butanol;Water;281.76;0.2692;0.588224341;0.587760415;L2;78.16538105
429;2-Butanol;Water;282.36;0.274014466;0.588341789;0.587884232;L2;76.41271519
429;2-Butanol;Water;282.73;0.27485053;0.588412028;0.587960586;L2;76.12000074
429;2-Butanol;Water;282.92;0.2685;0.588447449;0.587999794;L2;78.4636712
429;2-Butanol;Water;283.148055;0.274599464;0.588489389;0.588046856;L2;76.22453543
429;2-Butanol;Water;283.148055;0.284;0.588489389;0.588046856;L2;72.85846575
429;2-Butanol;Water;283.148055;0.283945715;0.588489389;0.588046856;L2;72.87758202
429;2-Butanol;Water;283.148055;0.27127202;0.588489389;0.588046856;L2;77.44368144
429;2-Butanol;Water;283.38;0.2706;0.588531396;0.588094721;L2;77.69885592
429;2-Butanol;Water;283.81;0.2762;0.588607558;0.588183456;L2;75.66344357
429;2-Butanol;Water;284.51;0.2737;0.588726787;0.588327909;L2;76.59296006
429;2-Butanol;Water;284.98;0.2823;0.588803551;0.588424899;L2;73.51222633
429;2-Butanol;Water;285.26;0.279576249;0.588848031;0.58848268;L2;74.48930773
429;2-Butanol;Water;285.59;0.2777;0.588899259;0.588550779;L2;75.1713738
429;2-Butanol;Water;287.42;0.2891;0.589160028;0.588928421;L2;71.19251921
429;2-Butanol;Water;287.86;0.286458782;0.58921688;0.58901922;L2;72.11996751
429;2-Butanol;Water;288.146555;0.287417485;0.589252694;0.589078354;L2;71.79193041
429;2-Butanol;Water;288.15;0.286632867;0.589253119;0.589079065;L2;72.06536475
429;2-Butanol;Water;288.2;0.294;0.589259271;0.589089383;L2;69.5286508
429;2-Butanol;Water;288.83;0.288291662;0.58933428;0.58921939;L2;71.50208786
429;2-Butanol;Water;288.87;0.289959537;0.589338888;0.589227645;L2;70.92599943
429;2-Butanol;Water;288.966309;0.2872;0.589349907;0.589247519;L2;71.8841239
429;2-Butanol;Water;289.81;0.292522917;0.589441882;0.589421625;L2;70.06331138
429;2-Butanol;Water;289.82;0.2947;0.589442923;0.589423688;L2;69.32200024
429;2-Butanol;Water;292.22;0.3019;0.589660006;0.58947803;L2;66.94502735
429;2-Butanol;Water;292.9;0.312;0.589709733;0.589482656;L2;63.66272503
429;2-Butanol;Water;293.138;0.294481944;0.589725922;0.589484275;L2;69.44401988
429;2-Butanol;Water;293.138;0.292;0.589725922;0.589484275;L2;70.29040871
429;2-Butanol;Water;293.138;0.301;0.589725922;0.589484275;L2;67.25476246
429;2-Butanol;Water;293.14537;0.304467754;0.589726413;0.589484325;L2;66.10935389
429;2-Butanol;Water;293.14537;0.302628125;0.589726413;0.589484325;L2;66.71539807
429;2-Butanol;Water;293.14537;0.297;0.589726413;0.589484325;L2;68.59265834
429;2-Butanol;Water;293.14537;0.29988888;0.589726413;0.589484325;L2;67.62467162
429;2-Butanol;Water;293.14537;0.3016;0.589726413;0.589484325;L2;67.05570861
429;2-Butanol;Water;294.99;0.3088;0.589830479;0.589496874;L2;64.71413533
429;2-Butanol;Water;295;0.305;0.589830941;0.589496942;L2;65.95241784
429;2-Butanol;Water;295.55;0.3;0.589854681;0.589500683;L2;67.60937281
429;2-Butanol;Water;296.714656;0.3028;0.589894098;0.589508606;L2;66.68705049
429;2-Butanol;Water;297.9944;0.322;0.589920548;0.589517311;L2;60.54363175
429;2-Butanol;Water;298.14437;0.3085;0.589922502;0.589518332;L2;64.82693323
429;2-Butanol;Water;298.14437;0.323479048;0.589922502;0.589518332;L2;60.08568304
429;2-Butanol;Water;298.14437;0.329;0.589922502;0.589518332;L2;58.39334248
429;2-Butanol;Water;298.14437;0.301;0.589922502;0.589518332;L2;67.28809109
429;2-Butanol;Water;298.15;0.310052336;0.589922571;0.58951837;L2;64.32501829
429;2-Butanol;Water;298.15;0.322;0.589922571;0.58951837;L2;60.54397464
429;2-Butanol;Water;298.15;0.302811601;0.589922571;0.58951837;L2;66.68804587
429;2-Butanol;Water;298.15;0.325;0.589922571;0.58951837;L2;59.61661096
429;2-Butanol;Water;298.15;0.312882186;0.589922571;0.58951837;L2;63.41645748
429;2-Butanol;Water;298.15;0.315;0.589922571;0.58951837;L2;62.74186531
429;2-Butanol;Water;298.15;0.3036;0.589922571;0.58951837;L2;66.42802464
429;2-Butanol;Water;298.18;0.310710372;0.58992293;0.589518574;L2;64.11307034
429;2-Butanol;Water;298.2;0.312;0.589923165;0.58951871;L2;63.69891117
429;2-Butanol;Water;298.2;0.30557675;0.589923165;0.58951871;L2;65.7791325
429;2-Butanol;Water;298.2;0.308833898;0.589923165;0.58951871;L2;64.71887141
429;2-Butanol;Water;298.33;0.315;0.589924586;0.589519594;L2;62.74220694
429;2-Butanol;Water;300.143955;0.315737528;0.589925745;0.589531934;L2;62.50854117
429;2-Butanol;Water;301.37;0.3191;0.589906957;0.589540274;L2;61.44602909
429;2-Butanol;Water;302.71;0.3155;0.589868579;0.58954939;L2;62.57410824
429;2-Butanol;Water;303.043085;0.315737528;0.589856168;0.589551656;L2;62.4967464
429;2-Butanol;Water;303.143055;0.327420823;0.589852222;0.589552336;L2;58.86257699
429;2-Butanol;Water;303.15;0.317;0.589851944;0.589552383;L2;62.09697888
429;2-Butanol;Water;303.67;0.3229;0.589829732;0.58955592;L2;60.24912285
429;2-Butanol;Water;303.762869;0.3163;0.589825475;0.589556552;L2;62.31355575
429;2-Butanol;Water;306.54;0.3253;0.589657861;0.589575444;L2;59.4794638
429;2-Butanol;Water;308.05;0.326233238;0.58953436;0.589491005;L2;59.17204262
429;2-Butanol;Water;308.94;0.3277;0.589451033;0.589342733;L2;58.70930947
429;2-Butanol;Water;310.9;0.3279;0.589240278;0.589016203;L2;58.61253588
429;2-Butanol;Water;311.230628;0.3256;0.589201063;0.588961122;L2;59.30978545
429;2-Butanol;Water;311.92;0.3279;0.589115916;0.588846274;L2;58.59142823
429;2-Butanol;Water;312.43;0.3275;0.589050001;0.58876131;L2;58.70230157
429;2-Butanol;Water;313.13;0.33;0.588955494;0.588644692;L2;57.92579651
429;2-Butanol;Water;313.13;0.325443928;0.588955494;0.588644692;L2;59.31604369
429;2-Butanol;Water;313.140055;0.33646855;0.588954103;0.588643017;L2;55.98435744
429;2-Butanol;Water;313.140055;0.3207;0.588954103;0.588643017;L2;60.78421503
429;2-Butanol;Water;313.140055;0.332416362;0.588954103;0.588643017;L2;57.19599714
429;2-Butanol;Water;313.140055;0.321;0.588954103;0.588643017;L2;60.69071338
429;2-Butanol;Water;313.140055;0.34;0.588954103;0.588643017;L2;54.94026394
429;2-Butanol;Water;313.140055;0.340571305;0.588954103;0.588643017;L2;54.77237407
429;2-Butanol;Water;313.15;0.328;0.588952726;0.58864136;L2;58.53323103
429;2-Butanol;Water;313.2;0.327519985;0.588945788;0.58863303;L2;58.67850621
429;2-Butanol;Water;315;0.332;0.58868032;0.588333155;L2;57.27483172
429;2-Butanol;Water;315.01;0.3314;0.58867876;0.58833149;L2;57.45545314
429;2-Butanol;Water;315.24;0.3312;0.588642626;0.588293172;L2;57.50968306
429;2-Butanol;Water;315.35;0.3307;0.58862517;0.588274847;L2;57.65779781
429;2-Butanol;Water;318.2;0.325;0.588133845;0.587800045;L2;59.31293665
429;2-Butanol;Water;319.148252;0.3308;0.587953846;0.587642069;L2;57.51344891
429;2-Butanol;Water;319.46;0.333;0.587892885;0.587590133;L2;56.84022725
429;2-Butanol;Water;323.137055;0.341605006;0.587107993;0.586977546;L2;54.15536617
429;2-Butanol;Water;323.137055;0.335450799;0.587107993;0.586977546;L2;55.97334821
429;2-Butanol;Water;323.16;0.336;0.587102718;0.586973724;L2;55.80886324
429;2-Butanol;Water;324.2;0.339;0.586858738;0.586800463;L2;54.87840322
429;2-Butanol;Water;326.895927;0.3317;0.586182336;0.586058462;L2;56.93999484
429;2-Butanol;Water;328.06;0.333;0.585870879;0.585687414;L2;56.49569316
429;2-Butanol;Water;329.88;0.3321;0.585360775;0.58510729;L2;56.67922377
429;2-Butanol;Water;332.27;0.3312;0.584648521;0.584345478;L2;56.82884245
429;2-Butanol;Water;333;0.3307;0.584421474;0.584112791;L2;56.94108053
429;2-Butanol;Water;333.124;0.322501081;0.584382469;0.584073266;L2;59.44491926
429;2-Butanol;Water;333.124;0.326;0.584382469;0.584073266;L2;58.36582994
429;2-Butanol;Water;333.13437;0.334;0.584379201;0.58406996;L2;55.9409096
429;2-Butanol;Water;333.13437;0.337489461;0.584379201;0.58406996;L2;54.90158058
429;2-Butanol;Water;333.13437;0.329409845;0.584379201;0.58406996;L2;57.3247384
429;2-Butanol;Water;333.13437;0.3207;0.584379201;0.58406996;L2;60.00439822
429;2-Butanol;Water;333.14;0.331;0.584377427;0.584068166;L2;56.8428677
429;2-Butanol;Water;333.43431;0.33646855;0.5842843;0.583974355;L2;55.18829976
429;2-Butanol;Water;334.094178;0.3289;0.584072911;0.583764022;L2;57.42720699
429;2-Butanol;Water;335;0.329;0.583776907;0.583475291;L2;57.34611504
429;2-Butanol;Water;336.38;0.3275;0.583313079;0.583035417;L2;57.72360003
429;2-Butanol;Water;337.04;0.3279;0.583085783;0.582825042;L2;57.5625633
429;2-Butanol;Water;339.63;0.3253;0.582159995;0.58199948;L2;58.19974822
429;2-Butanol;Water;341.322598;0.3235;0.581526126;0.581459965;L2;58.64567849
429;2-Butanol;Water;342.08;0.326233238;0.581235167;0.581218544;L2;57.75428576
429;2-Butanol;Water;343.132055;0.332416362;0.580823559;0.580772925;L2;55.80587401
429;2-Butanol;Water;343.132055;0.322501081;0.580823559;0.580772925;L2;58.83405375
429;2-Butanol;Water;343.232025;0.317655422;0.580784;0.580727533;L2;60.34116975
429;2-Butanol;Water;343.24;0.318;0.58078084;0.580723912;L2;60.23220916
429;2-Butanol;Water;343.4;0.3211;0.58071735;0.580651264;L2;59.25115492
429;2-Butanol;Water;346.83;0.3155;0.57930869;0.579093874;L2;60.7676796
429;2-Butanol;Water;347.3;0.323;0.579108633;0.578880471;L2;58.38377589
429;2-Butanol;Water;348.130555;0.324459993;0.578750991;0.578503358;L2;57.8710078
429;2-Butanol;Water;348.24;0.315;0.578703473;0.578453664;L2;60.82175715
429;2-Butanol;Water;350.099964;0.314;0.577882095;0.577609148;L2;60.99768736
429;2-Butanol;Water;351.02;0.3104;0.577466185;0.577191407;L2;62.07880983
429;2-Butanol;Water;353.123;0.322;0.57649181;0.57623654;L2;58.24095881
429;2-Butanol;Water;353.123;0.29988888;0.57649181;0.57623654;L2;65.35491276
429;2-Butanol;Water;353.129055;0.313831118;0.576488957;0.576233791;L2;60.81011846
429;2-Butanol;Water;353.129055;0.304467754;0.576488957;0.576233791;L2;63.83910017
429;2-Butanol;Water;353.129055;0.3111;0.576488957;0.576233791;L2;61.68417812
429;2-Butanol;Water;353.14;0.304;0.5764838;0.576228821;L2;63.99195374
429;2-Butanol;Water;353.229025;0.303546585;0.576441817;0.5761884;L2;64.13393196
429;2-Butanol;Water;353.59;0.310710372;0.576270989;0.576024499;L2;61.77168177
429;2-Butanol;Water;354.34;0.3036;0.575912988;0.575683962;L2;64.02455419
429;2-Butanol;Water;355;0.304;0.57559453;0.575384289;L2;63.83757696
429;2-Butanol;Water;355.06;0.3;0.57556542;0.575357046;L2;65.15704223
429;2-Butanol;Water;356.1;0.3003;0.575056679;0.574884835;L2;64.96866327
429;2-Butanol;Water;357.6;0.2981;0.574309048;0.57420376;L2;65.57386613
429;2-Butanol;Water;358.123;0.283945715;0.57404454;0.573966292;L2;70.39239137
429;2-Butanol;Water;358.127555;0.300799284;0.574042228;0.573964224;L2;64.62597493
429;2-Butanol;Water;360.16;0.2914;0.572995558;0.572955638;L2;67.61810716
429;2-Butanol;Water;360.44;0.299;0.572849042;0.572794285;L2;65.01786574
429;2-Butanol;Water;361.406714;0.2917;0.572338892;0.572237206;L2;67.40054083
429;2-Butanol;Water;362.25;0.2857;0.57188845;0.571751253;L2;69.4001646
429;2-Butanol;Water;362.48;0.289959537;0.57176472;0.571618714;L2;67.89861917
429;2-Butanol;Water;362.76;0.288291662;0.571613586;0.571457361;L2;68.44905307
429;2-Butanol;Water;362.78;0.286458782;0.571602769;0.571445835;L2;69.08496324
429;2-Butanol;Water;363.12637;0.282224644;0.571414998;0.571246236;L2;70.5412374
429;2-Butanol;Water;363.12637;0.290047573;0.571414998;0.571246236;L2;67.80707834
429;2-Butanol;Water;363.18;0.283;0.571385849;0.571215331;L2;70.26178259
429;2-Butanol;Water;363.32633;0.289168354;0.571306211;0.571131007;L2;68.09162786
429;2-Butanol;Water;364.66;0.2791;0.570573435;0.570362466;L2;71.50717413
429;2-Butanol;Water;365.55;0.2777;0.57007749;0.569849594;L2;71.92309041
429;2-Butanol;Water;365.84;0.279661319;0.569914692;0.569682478;L2;71.19073912
429;2-Butanol;Water;365.97;0.279576249;0.569841524;0.569607564;L2;71.20832334
429;2-Butanol;Water;366.15;0.2737;0.569740019;0.569503837;L2;73.31475336
429;2-Butanol;Water;367.16;0.2706;0.569166284;0.568921814;L2;74.35309139
429;2-Butanol;Water;367.27;0.27485053;0.569103369;0.568858426;L2;72.78346633
429;2-Butanol;Water;367.6;0.2708;0.568914123;0.56866826;L2;74.23489554
429;2-Butanol;Water;367.67;0.274014466;0.568873883;0.568627921;L2;73.04778618
429;2-Butanol;Water;367.96;0.2685;0.568706815;0.568460806;L2;75.05141232
429;2-Butanol;Water;368.27534;0.271106624;0.568524485;0.568279088;L2;74.05321924
429;2-Butanol;Water;368.985198;0.2686;0.568111534;0.567870025;L2;74.90944772
429;2-Butanol;Water;369.09;0.2668;0.568050272;0.567809631;L2;75.57106076
429;2-Butanol;Water;369.55;0.263;0.567780489;0.567544552;L2;76.95808483
429;2-Butanol;Water;370.473735;0.2222;0.567234339;0.56701224;L2;93.71946372
429;2-Butanol;Water;371.15;0.2591;0.566830795;0.566622535;L2;78.28467496
429;2-Butanol;Water;371.25;0.2571;0.566770857;0.566564909;L2;79.04899753
429;2-Butanol;Water;371.69;0.262872532;0.56650632;0.566311354;L2;76.78189903
429;2-Butanol;Water;371.99;0.258;0.566325199;0.566138476;L2;78.62088844
429;2-Butanol;Water;372.12457;0.248981621;0.566243754;0.566060929;L2;82.16455633
429;2-Butanol;Water;372.98;0.2523;0.565723147;0.565567978;L2;80.74859635
429;2-Butanol;Water;373.12437;0.2673;0.565634797;0.565484783;L2;74.95770125
429;2-Butanol;Water;373.12437;0.248981621;0.565634797;0.565484783;L2;82.05695531
429;2-Butanol;Water;373.16;0.252;0.565612971;0.565464251;L2;80.84809592
429;2-Butanol;Water;373.2;0.251;0.565588456;0.565441201;L2;81.24137659
429;2-Butanol;Water;373.45;0.2503;0.565434998;0.565297136;L2;81.4935144
429;2-Butanol;Water;374.57408;0.217427369;0.564739775;0.564649373;L2;95.45001912
429;2-Butanol;Water;375;0.245;0.564474122;0.564403932;L2;83.463633
429;2-Butanol;Water;375.2;0.2434;0.564348957;0.56428868;L2;84.09665982
429;2-Butanol;Water;376.67;0.2365;0.563420761;0.563402543;L2;86.80784967
429;2-Butanol;Water;377.88;0.2284;0.562645853;0.562569469;L2;90.15519164
429;2-Butanol;Water;379.15;0.2267;0.561822031;0.561695086;L2;90.75575718
429;2-Butanol;Water;380.57;0.2181;0.560888227;0.560717429;L2;94.45679743
429;2-Butanol;Water;380.57549;0.1716;0.560884591;0.56071365;L2;118.4348978
429;2-Butanol;Water;380.86;0.2122;0.56069588;0.560517767;L2;97.16494283
429;2-Butanol;Water;381.24;0.2094;0.560443;0.560256141;L2;98.44812437
429;2-Butanol;Water;381.9726;0.167326837;0.559952782;0.559751752;L2;120.7903455
429;2-Butanol;Water;382.32;0.230522732;0.559719085;0.559512571;L2;88.70855465
429;2-Butanol;Water;382.59;0.1985;0.559536908;0.559326678;L2;103.6320391
429;2-Butanol;Water;382.87242;0.147110929;0.55934584;0.559132235;L2;133.5581037
429;2-Butanol;Water;383.12237;0.199964012;0.559176301;0.558960146;L2;102.83274
429;2-Butanol;Water;383.12237;0.2179;0.559176301;0.558960146;L2;94.24285682
429;2-Butanol;Water;383.75;0.19;0.55874878;0.558528029;L2;107.8675889
429;2-Butanol;Water;384.62;0.1796;0.558151903;0.557929042;L2;113.3898998
429;2-Butanol;Water;385;0.178;0.557889647;0.557667416;L2;114.2377627
429;2-Butanol;Water;385.29;0.212616735;0.55768887;0.557467753;L2;96.4310048
429;2-Butanol;Water;385.46;0.1686;0.557570919;0.55735071;L2;119.6060658
429;2-Butanol;Water;385.64;0.1599;0.557445827;0.557226782;L2;124.8816707
429;2-Butanol;Water;386.09;0.1524;0.557132168;0.556916961;L2;129.6293853
429;2-Butanol;Water;386.47;0.1631;0.556866275;0.556655334;L2;122.796162
429;2-Butanol;Water;386.53;0.1417;0.556824206;0.556614025;L2;136.8537435
429;2-Butanol;Water;386.58;0.1219;0.556789131;0.556579601;L2;151.8985552
429;2-Butanol;Water;386.6;0.1318;0.556775096;0.556565831;L2;144.087576
429;2-Butanol;Water;389.64;0.176785619;0.554611743;0.554472819;L2;114.33305
429;2-Butanol;Water;390.19;0.163255768;0.554213981;0.554094149;L2;122.223276
429;2-Butanol;Water;390.24;0.150494253;0.554177724;0.554059725;L2;130.356054
443;Benzyl alcohol;Heptane;273.00012;0.028;0.043942233;0.044319222;L1;45.06713777
443;Benzyl alcohol;Heptane;287.99109;0.062;0.086919419;0.087616155;L1;33.78470899
443;Benzyl alcohol;Heptane;297.29454;0.093347245;0.13234122;0.133399266;L1;34.90572304
443;Benzyl alcohol;Heptane;298;0.0975;0.136746531;0.137446833;L1;33.82766933
443;Benzyl alcohol;Heptane;298.15;0.0975;0.137705889;0.138307456;L1;34.52677947
443;Benzyl alcohol;Heptane;299.15;0.1071;0.144317149;0.144623998;L1;29.8250327
443;Benzyl alcohol;Heptane;307.661699;0.1405403;0.223946632;0.224758783;L1;46.59134918
443;Benzyl alcohol;Heptane;309.95;0.1541;0.259983969;0.260435219;L1;52.30182306
443;Benzyl alcohol;Heptane;314.449662;0.188084803;;;L1;
443;Benzyl alcohol;Heptane;318.778363;0.235984692;;;L1;
443;Benzyl alcohol;Heptane;320.35;0.2679;;;L1;
443;Benzyl alcohol;Heptane;321;0.2897;;;L1;
443;Benzyl alcohol;Heptane;321.39;0.2968;;;L1;
443;Benzyl alcohol;Heptane;321.667496;0.284243969;;;L1;
443;Benzyl alcohol;Heptane;321.99;0.3159;;;L1;
443;Benzyl alcohol;Heptane;322.37;0.3319;;;L1;
443;Benzyl alcohol;Heptane;322.65;0.3278;;;L1;
443;Benzyl alcohol;Heptane;322.89;0.3537;;;L1;
443;Benzyl alcohol;Heptane;323.25;0.3832;;;L1;
443;Benzyl alcohol;Heptane;323.36;0.3923;;;L1;
443;Benzyl alcohol;Heptane;323.4;0.3957;;;L1;
443;Benzyl alcohol;Heptane;323.41;0.3984;;;L1;
443;Benzyl alcohol;Heptane;323.52;0.4059;;;L1;
443;Benzyl alcohol;Heptane;323.596917;0.332866692;;;L1;
443;Benzyl alcohol;Heptane;323.63;0.4478;;;L1;
443;Benzyl alcohol;Heptane;323.68;0.5019;;;L1;
443;Benzyl alcohol;Heptane;323.7;0.4683;;;L1;
443;Benzyl alcohol;Heptane;323.71;0.4875;;;L1;
443;Benzyl alcohol;Heptane;323.72;0.4953;;;L1;
443;Benzyl alcohol;Heptane;323.73;0.4384;;;L1;
443;Benzyl alcohol;Heptane;323.74;0.4744;;;L1;
443;Benzyl alcohol;Heptane;323.76;0.4638;;;L1;
443;Benzyl alcohol;Heptane;324.15;0.3741;;;L1;
443;Benzyl alcohol;Heptane;324.216731;0.381856982;;;L1;
443;Benzyl alcohol;Heptane;324.35;0.4242;;;L1;
443;Benzyl alcohol;Heptane;324.35;0.4253;;;L1;
443;Benzyl alcohol;Heptane;324.48665;0.431219025;;;L1;
443;Benzyl alcohol;Heptane;324.526638;0.480957066;;;L1;
443;Benzyl alcohol;Heptane;324.55;0.4516;;;L1;
443;Benzyl alcohol;Heptane;324.65;0.4866;;;L1;
443;Benzyl alcohol;Heptane;273.00012;0.886;0.802784701;0.802369315;L2;9.863039129
443;Benzyl alcohol;Heptane;273.00012;0.892;0.802784701;0.802369315;L2;10.53795733
443;Benzyl alcohol;Heptane;273.00012;0.883;0.802784701;0.802369315;L2;9.523864129
443;Benzyl alcohol;Heptane;287.99109;0.854;0.725631599;0.72491751;L2;16.28887473
443;Benzyl alcohol;Heptane;294.4951;0.840022092;0.680880504;0.679954017;L2;21.00413721
443;Benzyl alcohol;Heptane;298;0.8159;0.652277793;0.651572823;L2;22.38212642
443;Benzyl alcohol;Heptane;298.15;0.8159;0.650963717;0.650358187;L2;22.58378915
443;Benzyl alcohol;Heptane;301.75;0.8142;0.616639628;0.614996797;L2;27.79212535
443;Benzyl alcohol;Heptane;305.95;0.7975;0.567145287;0.564849946;L2;34.08663258
443;Benzyl alcohol;Heptane;307.69169;0.787527507;0.541737312;0.540988466;L2;37.41170804
443;Benzyl alcohol;Heptane;316.059179;0.735440545;;;L2;
443;Benzyl alcohol;Heptane;316.15;0.7328;;;L2;
443;Benzyl alcohol;Heptane;319.74;0.6685;;;L2;
443;Benzyl alcohol;Heptane;320.377883;0.683756476;;;L2;
443;Benzyl alcohol;Heptane;320.65;0.6872;;;L2;
443;Benzyl alcohol;Heptane;321.05;0.6838;;;L2;
443;Benzyl alcohol;Heptane;322.13;0.6297;;;L2;
443;Benzyl alcohol;Heptane;322.5;0.6214;;;L2;
443;Benzyl alcohol;Heptane;322.717181;0.632470644;;;L2;
443;Benzyl alcohol;Heptane;322.89;0.6036;;;L2;
443;Benzyl alcohol;Heptane;322.89;0.5988;;;L2;
443;Benzyl alcohol;Heptane;323.25;0.5822;;;L2;
443;Benzyl alcohol;Heptane;323.35;0.5702;;;L2;
443;Benzyl alcohol;Heptane;323.36;0.5657;;;L2;
443;Benzyl alcohol;Heptane;323.48;0.552;;;L2;
443;Benzyl alcohol;Heptane;323.54;0.5384;;;L2;
443;Benzyl alcohol;Heptane;323.63;0.5223;;;L2;
443;Benzyl alcohol;Heptane;323.976803;0.581578464;;;L2;
443;Benzyl alcohol;Heptane;324.15;0.5885;;;L2;
443;Benzyl alcohol;Heptane;324.25;0.5765;;;L2;
443;Benzyl alcohol;Heptane;324.306704;0.53107542;;;L2;
443;Benzyl alcohol;Heptane;324.45;0.5116;;;L2;
444;Benzyl alcohol;Octane;321.8;0.2715;0.373249748;0.373521446;L1;31.82856222
444;Benzyl alcohol;Octane;322.47;0.2853;;;L1;
444;Benzyl alcohol;Octane;323.22;0.3022;;;L1;
444;Benzyl alcohol;Octane;323.74;0.3136;;;L1;
444;Benzyl alcohol;Octane;324.23;0.3259;;;L1;
444;Benzyl alcohol;Octane;324.43;0.3312;;;L1;
444;Benzyl alcohol;Octane;324.87;0.3435;;;L1;
444;Benzyl alcohol;Octane;325.19;0.3526;;;L1;
444;Benzyl alcohol;Octane;325.54;0.3698;;;L1;
444;Benzyl alcohol;Octane;325.69;0.3763;;;L1;
444;Benzyl alcohol;Octane;325.82;0.3822;;;L1;
444;Benzyl alcohol;Octane;326.19;0.3996;;;L1;
444;Benzyl alcohol;Octane;326.24;0.4096;;;L1;
444;Benzyl alcohol;Octane;326.47;0.4223;;;L1;
444;Benzyl alcohol;Octane;326.58;0.4416;;;L1;
444;Benzyl alcohol;Octane;326.71;0.4636;;;L1;
444;Benzyl alcohol;Octane;326.82;0.4914;;;L1;
444;Benzyl alcohol;Octane;322.58;0.7237;;;L2;
444;Benzyl alcohol;Octane;323.01;0.7152;;;L2;
444;Benzyl alcohol;Octane;323.62;0.7046;;;L2;
444;Benzyl alcohol;Octane;323.68;0.7044;;;L2;
444;Benzyl alcohol;Octane;324.34;0.6896;;;L2;
444;Benzyl alcohol;Octane;324.99;0.6752;;;L2;
444;Benzyl alcohol;Octane;325.38;0.6647;;;L2;
444;Benzyl alcohol;Octane;325.82;0.6499;;;L2;
444;Benzyl alcohol;Octane;325.99;0.6395;;;L2;
444;Benzyl alcohol;Octane;326.34;0.6163;;;L2;
444;Benzyl alcohol;Octane;326.42;0.6133;;;L2;
444;Benzyl alcohol;Octane;326.52;0.6016;;;L2;
444;Benzyl alcohol;Octane;326.69;0.5755;;;L2;
444;Benzyl alcohol;Octane;326.73;0.5555;;;L2;
444;Benzyl alcohol;Octane;326.74;0.5423;;;L2;
444;Benzyl alcohol;Octane;326.79;0.5219;;;L2;
444;Benzyl alcohol;Octane;326.86;0.5266;;;L2;
444;Benzyl alcohol;Octane;326.86;0.5198;;;L2;
449;Ethylbenzene;Water;273.1000159;3.34E-05;3.54E-05;3.57E-05;L1;5.738637001
449;Ethylbenzene;Water;273.2;3.69E-05;3.54E-05;3.57E-05;L1;4.087769292
449;Ethylbenzene;Water;273.54976;3.62E-05;3.56E-05;3.59E-05;L1;1.685806299
449;Ethylbenzene;Water;273.65;3.10E-05;3.56E-05;3.60E-05;L1;13.96085427
449;Ethylbenzene;Water;277.6493431;3.56E-05;3.77E-05;3.83E-05;L1;5.680933193
449;Ethylbenzene;Water;278.15;2.86E-05;3.79E-05;3.86E-05;L1;28.26912208
449;Ethylbenzene;Water;278.2;3.23E-05;3.80E-05;3.86E-05;L1;16.17239413
449;Ethylbenzene;Water;278.34688;3.51E-05;3.80E-05;3.87E-05;L1;8.062631582
449;Ethylbenzene;Water;279.4490803;3.33E-05;3.86E-05;3.93E-05;L1;14.85426598
449;Ethylbenzene;Water;280.248925;3.26E-05;3.91E-05;3.98E-05;L1;18.08620755
449;Ethylbenzene;Water;280.25;3.53E-05;3.91E-05;3.98E-05;L1;10.1306279
449;Ethylbenzene;Water;282.148355;3.16E-05;4.01E-05;4.09E-05;L1;23.82858987
449;Ethylbenzene;Water;283.148055;3.18E-05;4.07E-05;4.15E-05;L1;24.57850046
449;Ethylbenzene;Water;283.148055;2.05E-05;4.07E-05;4.15E-05;L1;68.48264083
449;Ethylbenzene;Water;283.19804;3.58E-05;4.07E-05;4.15E-05;L1;12.79934966
449;Ethylbenzene;Water;283.19804;3.61E-05;4.07E-05;4.15E-05;L1;11.96485247
449;Ethylbenzene;Water;283.19804;3.60E-05;4.07E-05;4.15E-05;L1;12.24224516
449;Ethylbenzene;Water;283.2;3.08E-05;4.07E-05;4.15E-05;L1;27.84537593
449;Ethylbenzene;Water;284.347695;2.58E-05;4.13E-05;4.22E-05;L1;47.14306118
449;Ethylbenzene;Water;284.947515;3.18E-05;4.17E-05;4.25E-05;L1;27.06090331
449;Ethylbenzene;Water;285.247425;3.07E-05;4.19E-05;4.27E-05;L1;30.99460898
449;Ethylbenzene;Water;287.146855;3.33E-05;4.30E-05;4.38E-05;L1;25.48032196
449;Ethylbenzene;Water;288.141;0.001912068;4.36E-05;4.44E-05;L1;378.1910857
449;Ethylbenzene;Water;288.141;2.85E-05;4.36E-05;4.44E-05;L1;42.41257133
449;Ethylbenzene;Water;288.146555;3.12E-05;4.36E-05;4.44E-05;L1;33.36880492
449;Ethylbenzene;Water;288.15;2.83E-05;4.36E-05;4.44E-05;L1;43.12916845
449;Ethylbenzene;Water;288.2;2.96E-05;4.36E-05;4.44E-05;L1;38.70662675
449;Ethylbenzene;Water;288.246525;3.11E-05;4.36E-05;4.44E-05;L1;33.82721638
449;Ethylbenzene;Water;288.646405;3.38E-05;4.39E-05;4.47E-05;L1;26.05132247
449;Ethylbenzene;Water;290.09;3.02E-05;4.47E-05;4.55E-05;L1;39.29484467
449;Ethylbenzene;Water;290.14597;3.27E-05;4.48E-05;4.55E-05;L1;31.41830374
449;Ethylbenzene;Water;291.04579;3.06E-05;4.53E-05;4.60E-05;L1;39.28952915
449;Ethylbenzene;Water;291.14577;3.20E-05;4.54E-05;4.61E-05;L1;34.9529525
449;Ethylbenzene;Water;292.14557;3.11E-05;4.60E-05;4.67E-05;L1;39.17514273
449;Ethylbenzene;Water;292.44551;3.34E-05;4.62E-05;4.68E-05;L1;32.45088406
449;Ethylbenzene;Water;293.14537;3.02E-05;4.66E-05;4.72E-05;L1;43.4797514
449;Ethylbenzene;Water;293.14537;2.22E-05;4.66E-05;4.72E-05;L1;74.25471495
449;Ethylbenzene;Water;293.14537;1.70E-05;4.66E-05;4.72E-05;L1;100.9426094
449;Ethylbenzene;Water;293.19536;3.53E-05;4.67E-05;4.73E-05;L1;27.94401245
449;Ethylbenzene;Water;293.19536;3.44E-05;4.67E-05;4.73E-05;L1;30.5266524
449;Ethylbenzene;Water;293.19536;3.05E-05;4.67E-05;4.73E-05;L1;42.55964048
449;Ethylbenzene;Water;293.2;2.88E-05;4.67E-05;4.73E-05;L1;48.3011155
449;Ethylbenzene;Water;293.24535;3.12E-05;4.67E-05;4.73E-05;L1;40.35886054
449;Ethylbenzene;Water;293.83772;3.51E-05;4.71E-05;4.76E-05;L1;29.39036284
449;Ethylbenzene;Water;294.14517;3.19E-05;4.73E-05;4.78E-05;L1;39.36998613
449;Ethylbenzene;Water;294.33752;3.55E-05;4.74E-05;4.79E-05;L1;28.94008483
449;Ethylbenzene;Water;295.14497;3.11E-05;4.79E-05;4.84E-05;L1;43.27505982
449;Ethylbenzene;Water;295.44491;3.36E-05;4.81E-05;4.86E-05;L1;35.95253876
449;Ethylbenzene;Water;296.64467;3.09E-05;4.89E-05;4.93E-05;L1;45.96547502
449;Ethylbenzene;Water;297.65;4.61E-05;4.96E-05;4.98E-05;L1;7.329056575
449;Ethylbenzene;Water;297.9944;3.10E-05;4.98E-05;5.00E-05;L1;47.48037161
449;Ethylbenzene;Water;298.136;2.80E-05;4.99E-05;5.01E-05;L1;57.85131445
449;Ethylbenzene;Water;298.136;2.70E-05;4.99E-05;5.01E-05;L1;61.48807887
449;Ethylbenzene;Water;298.136;2.50E-05;4.99E-05;5.01E-05;L1;69.18418298
449;Ethylbenzene;Water;298.136;2.38E-05;4.99E-05;5.01E-05;L1;74.1032074
449;Ethylbenzene;Water;298.136;3.71E-05;4.99E-05;5.01E-05;L1;29.7100685
449;Ethylbenzene;Water;298.14437;3.16E-05;4.99E-05;5.01E-05;L1;45.76744146
449;Ethylbenzene;Water;298.14437;3.00E-05;4.99E-05;5.01E-05;L1;50.96341536
449;Ethylbenzene;Water;298.14437;3.18E-05;4.99E-05;5.01E-05;L1;45.13652454
449;Ethylbenzene;Water;298.14437;1.82E-05;4.99E-05;5.01E-05;L1;100.9409941
449;Ethylbenzene;Water;298.14437;3.44E-05;4.99E-05;5.01E-05;L1;37.27749708
449;Ethylbenzene;Water;298.14437;2.74E-05;4.99E-05;5.01E-05;L1;60.02885218
449;Ethylbenzene;Water;298.14437;2.72E-05;4.99E-05;5.01E-05;L1;60.76145619
449;Ethylbenzene;Water;298.14437;2.92E-05;4.99E-05;5.01E-05;L1;53.6662826
449;Ethylbenzene;Water;298.14437;3.33E-05;4.99E-05;5.01E-05;L1;40.52741382
449;Ethylbenzene;Water;298.15;3.25E-05;4.99E-05;5.01E-05;L1;42.9668046
449;Ethylbenzene;Water;298.15;3.00E-05;4.99E-05;5.01E-05;L1;50.97107537
449;Ethylbenzene;Water;298.15;2.82E-05;4.99E-05;5.01E-05;L1;57.15861574
449;Ethylbenzene;Water;298.19436;3.61E-05;5.00E-05;5.02E-05;L1;32.5218803
449;Ethylbenzene;Water;298.2;3.39E-05;5.00E-05;5.02E-05;L1;38.81733861
449;Ethylbenzene;Water;298.73576;3.60E-05;5.03E-05;5.05E-05;L1;33.53563748
449;Ethylbenzene;Water;298.94421;3.27E-05;5.05E-05;5.06E-05;L1;43.43342613
449;Ethylbenzene;Water;299.24415;3.42E-05;5.07E-05;5.08E-05;L1;39.35604969
449;Ethylbenzene;Water;299.9;2.95E-05;5.11E-05;5.11E-05;L1;55.03056807
449;Ethylbenzene;Water;301.143655;3.17E-05;5.20E-05;5.22E-05;L1;49.52572753
449;Ethylbenzene;Water;303.143055;3.62E-05;5.34E-05;5.38E-05;L1;38.96016738
449;Ethylbenzene;Water;303.143055;3.16E-05;5.34E-05;5.38E-05;L1;52.5503672
449;Ethylbenzene;Water;303.15;2.88E-05;5.35E-05;5.38E-05;L1;61.83793898
449;Ethylbenzene;Water;303.15;4.00E-05;5.35E-05;5.38E-05;L1;28.98753228
449;Ethylbenzene;Water;303.2;2.86E-05;5.35E-05;5.39E-05;L1;62.6024671
449;Ethylbenzene;Water;303.33392;3.77E-05;5.36E-05;5.40E-05;L1;35.15833488
449;Ethylbenzene;Water;303.642905;3.48E-05;5.38E-05;5.43E-05;L1;43.58058717
449;Ethylbenzene;Water;306.841945;3.50E-05;5.62E-05;5.69E-05;L1;47.326643
449;Ethylbenzene;Water;308.03204;3.95E-05;5.71E-05;5.79E-05;L1;36.83422334
449;Ethylbenzene;Water;308.141555;2.87E-05;5.72E-05;5.80E-05;L1;68.9219665
449;Ethylbenzene;Water;308.141555;3.22E-05;5.72E-05;5.80E-05;L1;57.41503352
449;Ethylbenzene;Water;308.15;2.89E-05;5.72E-05;5.80E-05;L1;68.23888404
449;Ethylbenzene;Water;308.2;3.39E-05;5.72E-05;5.81E-05;L1;52.34882692
449;Ethylbenzene;Water;308.2;2.95E-05;5.72E-05;5.81E-05;L1;66.25130203
449;Ethylbenzene;Water;309.71;3.07E-05;5.84E-05;5.94E-05;L1;64.29426279
449;Ethylbenzene;Water;311.49055;3.20E-05;5.98E-05;6.09E-05;L1;62.53639324
449;Ethylbenzene;Water;312.95;0.000132;6.10E-05;6.21E-05;L1;77.21531686
449;Ethylbenzene;Water;313.140055;3.30E-05;6.11E-05;6.22E-05;L1;61.66844886
449;Ethylbenzene;Water;313.15;3.38E-05;6.11E-05;6.22E-05;L1;59.28643153
449;Ethylbenzene;Water;313.15;2.92E-05;6.11E-05;6.22E-05;L1;73.91564085
449;Ethylbenzene;Water;313.2;2.93E-05;6.12E-05;6.23E-05;L1;73.64065964
449;Ethylbenzene;Water;313.2;3.05E-05;6.12E-05;6.23E-05;L1;69.62674288
449;Ethylbenzene;Water;313.25;3.56E-05;6.12E-05;6.23E-05;L1;54.23174303
449;Ethylbenzene;Water;313.85;3.45E-05;6.17E-05;6.28E-05;L1;58.17281667
449;Ethylbenzene;Water;314.05;3.38E-05;6.19E-05;6.30E-05;L1;60.49002506
449;Ethylbenzene;Water;315.92916;2.90E-05;6.35E-05;6.46E-05;L1;78.31548992
449;Ethylbenzene;Water;318.138555;3.50E-05;6.54E-05;6.64E-05;L1;62.45304889
449;Ethylbenzene;Water;318.138555;2.99E-05;6.54E-05;6.64E-05;L1;78.202007
449;Ethylbenzene;Water;318.15;3.02E-05;6.54E-05;6.64E-05;L1;77.21888661
449;Ethylbenzene;Water;318.2;3.19E-05;6.54E-05;6.65E-05;L1;71.80898507
449;Ethylbenzene;Water;318.2;3.39E-05;6.54E-05;6.65E-05;L1;65.72808461
449;Ethylbenzene;Water;319.65;3.25E-05;6.67E-05;6.77E-05;L1;71.87255627
449;Ethylbenzene;Water;323.15;3.35E-05;6.98E-05;7.06E-05;L1;73.47956958
449;Ethylbenzene;Water;323.15;7.00E-05;6.98E-05;7.06E-05;L1;0.215410741
449;Ethylbenzene;Water;323.2;3.34E-05;6.99E-05;7.07E-05;L1;73.84463246
449;Ethylbenzene;Water;328.15;3.23E-05;7.46E-05;7.48E-05;L1;83.71840713
449;Ethylbenzene;Water;329.89;3.59E-05;7.63E-05;7.63E-05;L1;75.43561957
449;Ethylbenzene;Water;333.15;4.07E-05;7.97E-05;8.01E-05;L1;67.15296362
449;Ethylbenzene;Water;339.8;3.99E-05;8.69E-05;8.80E-05;L1;77.78752721
449;Ethylbenzene;Water;343.13;3.21E-05;9.07E-05;9.20E-05;L1;103.8436455
449;Ethylbenzene;Water;343.15;4.93E-05;9.07E-05;9.20E-05;L1;60.96263609
449;Ethylbenzene;Water;353.15;6.00E-05;0.000103101;0.000103883;L1;54.13655756
449;Ethylbenzene;Water;363.15;6.95E-05;0.000117008;0.000117376;L1;52.0912126
449;Ethylbenzene;Water;367.57548;8.60E-05;0.000123682;0.000124903;L1;36.33684301
449;Ethylbenzene;Water;373.09;4.70E-05;0.000132476;0.000134283;L1;103.6254552
449;Ethylbenzene;Water;373.15;8.54E-05;0.000132575;0.000134385;L1;43.98006962
449;Ethylbenzene;Water;388.1265;3.53E-05;0.000159369;0.000159857;L1;150.7336276
449;Ethylbenzene;Water;393.21;8.41E-05;0.000169507;0.000170558;L1;70.0886211
449;Ethylbenzene;Water;413.6321;8.70E-05;0.000216289;0.00021826;L1;91.07083344
449;Ethylbenzene;Water;423.36432;0.000219;0.000242386;0.000243858;L1;10.1458107
449;Ethylbenzene;Water;443.6412;0.000201883;0.000305931;0.000308202;L1;41.56726821
449;Ethylbenzene;Water;479.46;0.0006;0.00045501;0.000455687;L1;27.66106903
449;Ethylbenzene;Water;483.157;0.000602015;0.000473562;0.000476356;L1;23.99991972
449;Ethylbenzene;Water;506.6654;0.001120354;0.000607986;0.000610468;L1;61.12480968
449;Ethylbenzene;Water;536.06061;0.00325;0.000822687;0.00082525;L1;137.3834641
449;Ethylbenzene;Water;552.761;0.00375;0.00097227;0.000981094;L1;134.9877242
449;Ethylbenzene;Water;273.1000159;0.998951904;0.999989397;0.999987796;L2;0.103804269
449;Ethylbenzene;Water;283.144;0.998381517;0.999982049;0.999977417;L2;0.160184301
449;Ethylbenzene;Water;291.33908;0.99826;0.999973174;0.999968948;L2;0.171468949
449;Ethylbenzene;Water;291.43902;0.99819;0.999973046;0.999968845;L2;0.178468609
449;Ethylbenzene;Water;292.83818;0.99808;0.999971201;0.999967399;L2;0.189304629
449;Ethylbenzene;Water;293.138;0.9978058;0.999970792;0.999967089;L2;0.21674024
449;Ethylbenzene;Water;295.43708;0.99793;0.999967487;0.999964713;L2;0.203963235
449;Ethylbenzene;Water;296.53664;0.99788;0.999965798;0.999963577;L2;0.208804779
449;Ethylbenzene;Water;297.33632;0.99772;0.999964523;0.999962751;L2;0.224712549
449;Ethylbenzene;Water;298.136;0.997488383;0.999963208;0.999961924;L2;0.247798354
449;Ethylbenzene;Water;298.136;0.9977;0.999963208;0.999961924;L2;0.22658562
449;Ethylbenzene;Water;298.14437;0.997400778;0.999963194;0.999961916;L2;0.2565799
449;Ethylbenzene;Water;298.2;0.996474365;0.999963101;0.999961858;L2;0.349496481
449;Ethylbenzene;Water;300.33512;0.99709;0.999959376;0.999958921;L2;0.287361735
449;Ethylbenzene;Water;302.93408;0.9965;0.999954416;0.999950604;L2;0.346055439
449;Ethylbenzene;Water;303.134;0.997071816;0.999954014;0.999949964;L2;0.288649269
449;Ethylbenzene;Water;303.134;0.997048807;0.999954014;0.999949964;L2;0.290956953
449;Ethylbenzene;Water;303.15;0.9967;0.999953982;0.999949913;L2;0.325943789
449;Ethylbenzene;Water;303.15;0.99729;0.999953982;0.999949913;L2;0.266765958
449;Ethylbenzene;Water;304.73336;0.99619;0.99995069;0.999944845;L2;0.376796527
449;Ethylbenzene;Water;305.23316;0.99595;0.99994961;0.999943246;L2;0.400783252
449;Ethylbenzene;Water;307.33232;0.99562;0.999944855;0.999936528;L2;0.433447373
449;Ethylbenzene;Water;308.132;0.996380844;0.999942946;0.999933969;L2;0.356866569
449;Ethylbenzene;Water;308.2;0.995303735;0.999942781;0.999933751;L2;0.465010695
449;Ethylbenzene;Water;308.23196;0.99544;0.999942704;0.999933649;L2;0.451313074
449;Ethylbenzene;Water;309.73136;0.9951;0.999938961;0.99992885;L2;0.485100385
449;Ethylbenzene;Water;310.89073;0.9957;0.999935928;0.99992514;L2;0.424519757
449;Ethylbenzene;Water;311.93048;0.99462;0.999933101;0.999921813;L2;0.532762259
449;Ethylbenzene;Water;313.15;0.99634;0.999929651;0.99991791;L2;0.359636253
449;Ethylbenzene;Water;313.15;0.99545;0.999929651;0.99991791;L2;0.44900311
449;Ethylbenzene;Water;314.62955;0.9941;0.999925266;0.999913175;L2;0.584273652
449;Ethylbenzene;Water;316.22907;0.99373;0.999920268;0.999908056;L2;0.621000392
449;Ethylbenzene;Water;318.15;0.994749;0.999913898;0.999901908;L2;0.517872909
449;Ethylbenzene;Water;318.2;0.994135386;0.999913726;0.999901748;L2;0.579560114
449;Ethylbenzene;Water;320.32784;0.99282;0.999906164;0.999894939;L2;0.711205951
449;Ethylbenzene;Water;322.62715;0.99238;0.999897374;0.99988758;L2;0.754654883
449;Ethylbenzene;Water;323.15;0.9947;0.999895281;0.999885907;L2;0.520937062
449;Ethylbenzene;Water;323.15;0.994106;0.999895281;0.999885907;L2;0.580671397
449;Ethylbenzene;Water;323.15;0.99543;0.999895281;0.999885907;L2;0.447575017
449;Ethylbenzene;Water;328.15;0.993348;0.999873403;0.999869905;L2;0.654761792
449;Ethylbenzene;Water;333.15;0.99427;0.999847826;0.999838967;L2;0.559429433
449;Ethylbenzene;Water;333.15;0.992533;0.999847826;0.999838967;L2;0.73428325
449;Ethylbenzene;Water;338.15;0.991283;0.999818078;0.999799292;L2;0.857327629
449;Ethylbenzene;Water;343.15;0.9917;0.999783641;0.999759617;L2;0.811825407
449;Ethylbenzene;Water;353.15;0.9893;0.999698432;0.999680267;L2;1.04560427
449;Ethylbenzene;Water;363.15;0.9846;0.999587218;0.999572024;L2;1.510694446
449;Ethylbenzene;Water;367.57548;0.9814;0.999528245;0.999496459;L2;1.830328856
449;Ethylbenzene;Water;373.15;0.9798;0.999444295;0.999401275;L2;1.985095072
449;Ethylbenzene;Water;423.36432;0.9404;0.997991027;0.997949765;L2;5.943896875
449;Ethylbenzene;Water;479.46;0.837;0.993793893;0.993787475;L2;17.17057637
449;Ethylbenzene;Water;536.06061;0.592;0.98457842;0.98448082;L2;50.87069152
449;Ethylbenzene;Water;550.361;0.528;0.981125179;0.980845191;L2;61.96037715
449;Ethylbenzene;Water;568.061;0.309;0.976080639;0.976053799;L2;115.0203928
552;Chlorobenzene;Water;278.1;7.93E-05;0.000150555;0.000152128;L1;64.10876997
552;Chlorobenzene;Water;278.1492701;6.40E-05;0.000150639;0.00015222;L1;85.60036724
552;Chlorobenzene;Water;283.148055;6.58E-05;0.000159433;0.000161552;L1;88.5005176
552;Chlorobenzene;Water;283.19804;7.00E-05;0.000159523;0.000161646;L1;82.36954126
552;Chlorobenzene;Water;283.19804;7.80E-05;0.000159523;0.000161646;L1;71.5481828
552;Chlorobenzene;Water;288.15;6.87E-05;0.00016869;0.000170891;L1;89.83118631
552;Chlorobenzene;Water;293.14537;7.06E-05;0.000178411;0.000180217;L1;92.70586182
552;Chlorobenzene;Water;293.15;7.73E-05;0.00017842;0.000180225;L1;83.64465832
552;Chlorobenzene;Water;293.15;7.64E-05;0.00017842;0.000180225;L1;84.81578426
552;Chlorobenzene;Water;293.19536;7.70E-05;0.000178511;0.00018031;L1;84.08423507
552;Chlorobenzene;Water;293.19536;6.70E-05;0.000178511;0.00018031;L1;97.99551532
552;Chlorobenzene;Water;294.14517;8.55E-05;0.000180416;0.000182083;L1;74.67462916
552;Chlorobenzene;Water;297.9944;7.40E-05;0.000188323;0.000189269;L1;93.40942296
552;Chlorobenzene;Water;298.14437;0.000171;0.000188637;0.000189549;L1;9.816312936
552;Chlorobenzene;Water;298.14437;7.58E-05;0.000188637;0.000189549;L1;91.17283932
552;Chlorobenzene;Water;298.14437;7.40E-05;0.000188637;0.000189549;L1;93.57615927
552;Chlorobenzene;Water;298.14437;4.74E-05;0.000188637;0.000189549;L1;138.1204457
552;Chlorobenzene;Water;298.14437;6.83E-05;0.000188637;0.000189549;L1;101.5916919
552;Chlorobenzene;Water;298.15;7.55E-05;0.000188649;0.00018956;L1;91.57566183
552;Chlorobenzene;Water;298.15;7.97E-05;0.000188649;0.00018956;L1;86.16196887
552;Chlorobenzene;Water;298.19436;8.06E-05;0.000188742;0.000189643;L1;85.08837604
552;Chlorobenzene;Water;298.19436;5.60E-05;0.000188742;0.000189643;L1;121.5030719
552;Chlorobenzene;Water;298.6358;0.000176222;0.00018967;0.000190467;L1;7.354378246
552;Chlorobenzene;Water;303.134;7.80E-05;0.000199364;0.000200751;L1;93.84257264
552;Chlorobenzene;Water;303.134;7.75E-05;0.000199364;0.000200751;L1;94.48566167
552;Chlorobenzene;Water;303.134;7.98E-05;0.000199364;0.000200751;L1;91.56110486
552;Chlorobenzene;Water;303.143055;7.43E-05;0.000199384;0.000200773;L1;98.71236791
552;Chlorobenzene;Water;303.143055;7.17E-05;0.000199384;0.000200773;L1;102.2743883
552;Chlorobenzene;Water;303.143055;7.59E-05;0.000199384;0.000200773;L1;96.58179464
552;Chlorobenzene;Water;303.15;9.75E-05;0.0001994;0.00020079;L1;71.54590097
552;Chlorobenzene;Water;303.19304;8.00E-05;0.000199495;0.000200896;L1;91.37604216
552;Chlorobenzene;Water;303.19304;7.80E-05;0.000199495;0.000200896;L1;93.90782296
552;Chlorobenzene;Water;303.2;7.85E-05;0.00019951;0.000200914;L1;93.27653497
552;Chlorobenzene;Water;308.15;8.67E-05;0.000210695;0.000213127;L1;88.79572996
552;Chlorobenzene;Water;313.13;0.000113;0.000222511;0.000225414;L1;67.75867635
552;Chlorobenzene;Water;313.15;0.000134551;0.000222559;0.000225463;L1;50.32497734
552;Chlorobenzene;Water;313.2;0.000113706;0.000222681;0.000225586;L1;67.21231421
552;Chlorobenzene;Water;318.15;8.83E-05;0.000235018;0.000237799;L1;97.89214266
552;Chlorobenzene;Water;323.127;0.000154;0.000248036;0.000250079;L1;47.6619947
552;Chlorobenzene;Water;323.15;0.000202636;0.000248097;0.000250136;L1;20.24097163
552;Chlorobenzene;Water;323.2;0.000155379;0.000248231;0.000250259;L1;46.84937331
552;Chlorobenzene;Water;333.124;0.000176;0.000276152;0.000277363;L1;45.04686
552;Chlorobenzene;Water;333.2;0.000179429;0.000276377;0.000277613;L1;43.19847659
552;Chlorobenzene;Water;343.124;0.000257;0.000307102;0.000310377;L1;17.8104251
552;Chlorobenzene;Water;353.123;0.000289;0.000341124;0.000343388;L1;16.58182409
552;Chlorobenzene;Water;363.123;0.000401;0.000378493;0.000379875;L1;5.776423762
552;Chlorobenzene;Water;372.92441;0.0004;0.000418644;0.000423036;L1;4.55573603
552;Chlorobenzene;Water;397.91941;0.00059;0.000538902;0.000543509;L1;9.058858529
552;Chlorobenzene;Water;423.21435;0.00088;0.000691324;0.000693694;L1;24.13139164
552;Chlorobenzene;Water;513.168;0.009758517;0.001596479;0.001602194;L1;181.0339588
552;Chlorobenzene;Water;523.171;0.010468491;0.001744463;0.001757898;L1;179.1923233
552;Chlorobenzene;Water;533.174;0.01154294;0.001904567;0.001913603;L1;180.1819273
552;Chlorobenzene;Water;288.141;0.998518711;0.999969851;0.999963804;L2;0.145223743
552;Chlorobenzene;Water;290.88935;0.998284;0.9999657;0.999960139;L2;0.168317324
552;Chlorobenzene;Water;293.138;0.998280716;0.999961954;0.999957141;L2;0.168271724
552;Chlorobenzene;Water;293.15;0.99685444;0.999961933;0.999957125;L2;0.311245037
552;Chlorobenzene;Water;296.08682;0.997923;0.999956525;0.999953208;L2;0.203568407
552;Chlorobenzene;Water;298.136;0.998080189;0.99995238;0.999950476;L2;0.187403505
552;Chlorobenzene;Water;298.136;0.997966758;0.99995238;0.999950476;L2;0.19876907
552;Chlorobenzene;Water;298.136;0.996550511;0.99995238;0.999950476;L2;0.340783106
552;Chlorobenzene;Water;298.136;0.997995263;0.99995238;0.999950476;L2;0.195912803
552;Chlorobenzene;Water;298.136;0.997193996;0.99995238;0.999950476;L2;0.276232706
552;Chlorobenzene;Water;298.15;0.997252463;0.999952351;0.999950457;L2;0.270366784
552;Chlorobenzene;Water;298.3859;0.997618;0.999951852;0.999950143;L2;0.233669281
552;Chlorobenzene;Water;298.6358;0.988859012;0.99995132;0.999949809;L2;1.115483255
552;Chlorobenzene;Water;301.18478;0.997071;0.999945601;0.999943349;L2;0.287889743
552;Chlorobenzene;Water;303.134;0.997762475;0.999940856;0.999935746;L2;0.218088632
552;Chlorobenzene;Water;303.15;0.99673497;0.999940816;0.999935683;L2;0.321118582
552;Chlorobenzene;Water;303.2;0.997443859;0.99994069;0.999935488;L2;0.250010127
552;Chlorobenzene;Water;303.58382;0.99681;0.999939713;0.999933991;L2;0.313481024
552;Chlorobenzene;Water;305.58302;0.996511;0.999934407;0.999926192;L2;0.342950546
552;Chlorobenzene;Water;308.132;0.997386419;0.999927079;0.999916249;L2;0.254407853
552;Chlorobenzene;Water;308.15;0.996147519;0.999927025;0.999916178;L2;0.378694299
552;Chlorobenzene;Water;308.15;0.995689147;0.999927025;0.999916178;L2;0.424719359
552;Chlorobenzene;Water;308.3819;0.996133;0.999926325;0.999915274;L2;0.380081839
552;Chlorobenzene;Water;309.78134;0.995891;0.999921982;0.999909814;L2;0.403944361
552;Chlorobenzene;Water;312.98006;0.99545;0.999911244;0.999897336;L2;0.447162313
552;Chlorobenzene;Water;313.15;0.995532438;0.999910641;0.999896673;L2;0.43882084
552;Chlorobenzene;Water;313.2;0.992981489;0.999910463;0.999896478;L2;0.695371545
552;Chlorobenzene;Water;315.879175;0.994868;0.999900473;0.999886027;L2;0.504568211
552;Chlorobenzene;Water;318.15;0.994767477;0.999891294;0.999877169;L2;0.513754866
552;Chlorobenzene;Water;321.077615;0.994063;0.999878429;0.999865748;L2;0.583311602
552;Chlorobenzene;Water;322.177285;0.993847;0.999873281;0.999861458;L2;0.604528083
552;Chlorobenzene;Water;323.15;0.993988647;0.999868577;0.999857664;L2;0.589806273
552;Chlorobenzene;Water;323.15;0.994748416;0.999868577;0.999857664;L2;0.513399085
552;Chlorobenzene;Water;323.2;0.988123689;0.999868332;0.999857469;L2;1.18157209
552;Chlorobenzene;Water;333.2;0.983305603;0.999810893;0.999800768;L2;1.664619381
552;Chlorobenzene;Water;372.92441;0.9749;0.999342694;0.99929536;L2;2.476285488
552;Chlorobenzene;Water;397.91941;0.959;0.998730488;0.998672179;L2;4.0593886
552;Chlorobenzene;Water;423.21435;0.9344;0.997710689;0.997668362;L2;6.555873126
583;Benzonitrile;Pentadecane;291.394;0.345;0.240386991;0.240392205;L1;36.12943315
583;Benzonitrile;Pentadecane;292.602;0.36;0.247841197;0.248269432;L1;37.33158235
583;Benzonitrile;Pentadecane;293.65;0.375;0.254444778;0.255111176;L1;38.78421974
583;Benzonitrile;Pentadecane;294.913;0.392;0.262575283;0.263356523;L1;40.07240062
583;Benzonitrile;Pentadecane;296.102;0.417;0.27040505;0.271118769;L1;43.31652022
583;Benzonitrile;Pentadecane;297.126;0.433;0.27728779;0.277803833;L1;44.56818088
583;Benzonitrile;Pentadecane;298.031;0.457;0.283480392;0.283712019;L1;47.75404342
583;Benzonitrile;Pentadecane;298.648;0.471;0.287762358;0.287785251;L1;49.27231008
583;Benzonitrile;Pentadecane;299.217;0.488;0.291755019;0.29201043;L1;51.4400932
583;Benzonitrile;Pentadecane;299.66;0.503;0.294892984;0.29529998;L1;53.39776463
583;Benzonitrile;Pentadecane;299.98;0.516;0.297175884;0.297676179;L1;55.17825993
583;Benzonitrile;Pentadecane;300.208;0.526;0.298810803;0.299369221;L1;56.54906049
583;Benzonitrile;Pentadecane;300.373;0.535;0.299998327;0.300594448;L1;57.84898483
583;Benzonitrile;Pentadecane;300.533;0.546;0.301153376;0.301782548;L1;59.49992852
583;Benzonitrile;Pentadecane;300.652;0.551;0.302014693;0.302666196;L1;60.12591394
583;Benzonitrile;Pentadecane;300.739;0.559;0.302645614;0.303312226;L1;61.35869443
583;Benzonitrile;Pentadecane;300.812;0.563;0.303175802;0.303854296;L1;61.89667869
583;Benzonitrile;Pentadecane;300.877;0.568;0.303648499;0.304336961;L1;62.6250639
583;Benzonitrile;Pentadecane;300.938;0.575;0.304092633;0.304789924;L1;63.7037673
583;Benzonitrile;Pentadecane;300.985;0.582;0.304435181;0.305138928;L1;64.80122526
583;Benzonitrile;Pentadecane;301.027;0.584;0.304741545;0.305450804;L1;65.04369601
583;Benzonitrile;Pentadecane;301.063;0.589;0.305004334;0.305718127;L1;65.81001961
583;Benzonitrile;Pentadecane;301.09;0.594;0.305201543;0.305918619;L1;66.59069628
583;Benzonitrile;Pentadecane;301.115;0.598;0.305384234;0.306104259;L1;67.20199875
583;Benzonitrile;Pentadecane;301.136;0.602;0.30553776;0.306260197;L1;67.81840738
583;Benzonitrile;Pentadecane;301.157;0.606;0.305691347;0.306416135;L1;68.43040636
583;Benzonitrile;Pentadecane;301.174;0.611;0.305815724;0.306542371;L1;69.21142493
583;Benzonitrile;Pentadecane;301.186;0.615;0.305903543;0.306631478;L1;69.83524352
583;Benzonitrile;Pentadecane;301.206;0.618;0.306049952;0.306779991;L1;70.2740126
583;Benzonitrile;Pentadecane;301.215;0.624;0.306115855;0.306846821;L1;71.21867284
583;Benzonitrile;Pentadecane;301.221;0.627;0.306159796;0.306891375;L1;71.68393672
583;Benzonitrile;Pentadecane;291.394;0.858;0.959751311;0.959749592;L2;11.20701
583;Benzonitrile;Pentadecane;292.602;0.85;0.958111083;0.957931953;L2;11.97273752
583;Benzonitrile;Pentadecane;293.65;0.844;0.956633341;0.956351991;L2;12.52676896
583;Benzonitrile;Pentadecane;294.913;0.835;0.95478136;0.954447895;L2;13.40506466
583;Benzonitrile;Pentadecane;296.102;0.824;0.952963173;0.952655361;L2;14.54057297
583;Benzonitrile;Pentadecane;297.126;0.814;0.95133613;0.951111581;L2;15.5907083
583;Benzonitrile;Pentadecane;298.031;0.802;0.949848737;0.949747205;L2;16.91941402
583;Benzonitrile;Pentadecane;298.648;0.793;0.94880701;0.948795748;L2;17.93821949
583;Benzonitrile;Pentadecane;299.217;0.784;0.947825767;0.947697798;L2;18.97616745
583;Benzonitrile;Pentadecane;299.66;0.775;0.947047786;0.94684298;L2;20.0486523
583;Benzonitrile;Pentadecane;299.98;0.766;0.946478007;0.946225504;L2;21.15655641
583;Benzonitrile;Pentadecane;300.208;0.761;0.946067978;0.945785552;L2;21.76810665
583;Benzonitrile;Pentadecane;300.373;0.754;0.945769113;0.945467166;L2;22.66061045
583;Benzonitrile;Pentadecane;300.533;0.748;0.945477578;0.945158428;L2;23.42871956
583;Benzonitrile;Pentadecane;300.652;0.743;0.945259639;0.944928804;L2;24.07635948
583;Benzonitrile;Pentadecane;300.739;0.739;0.945099701;0.944760928;L2;24.59925049
583;Benzonitrile;Pentadecane;300.812;0.736;0.944965106;0.944620066;L2;24.99178831
583;Benzonitrile;Pentadecane;300.877;0.731;0.944844956;0.944494642;L2;25.66073868
583;Benzonitrile;Pentadecane;300.938;0.727;0.944731939;0.944376935;L2;26.19747468
583;Benzonitrile;Pentadecane;300.985;0.723;0.944644686;0.944286243;L2;26.73996409
583;Benzonitrile;Pentadecane;301.027;0.72;0.944566587;0.9442052;L2;27.14749726
583;Benzonitrile;Pentadecane;301.063;0.716;0.944499549;0.944135734;L2;27.69750429
583;Benzonitrile;Pentadecane;301.09;0.713;0.944449212;0.944083634;L2;28.11204931
583;Benzonitrile;Pentadecane;301.115;0.71;0.944402559;0.944035394;L2;28.52875451
583;Benzonitrile;Pentadecane;301.136;0.706;0.944363337;0.943994872;L2;29.08957459
583;Benzonitrile;Pentadecane;301.157;0.702;0.944324085;0.94395435;L2;29.65360136
583;Benzonitrile;Pentadecane;301.174;0.699;0.944292287;0.943921547;L2;30.0785002
583;Benzonitrile;Pentadecane;301.186;0.695;0.944269829;0.943898391;L2;30.65001158
583;Benzonitrile;Pentadecane;301.197;0.692;0.944249234;0.943877166;L2;31.0804195
583;Benzonitrile;Pentadecane;301.206;0.687;0.944232378;0.943859799;L2;31.80380062
583;Benzonitrile;Pentadecane;301.212;0.684;0.944221137;0.943848221;L2;32.2402476
583;Benzonitrile;Pentadecane;301.215;0.681;0.944215515;0.943842433;L2;32.67921339
583;Benzonitrile;Pentadecane;301.218;0.682;0.944209893;0.943836644;L2;32.53188281
583;Benzonitrile;Pentadecane;301.221;0.676;0.944204271;0.943830855;L2;33.4149455
588;Nitrobenzene;Hexane;274.7497664;0.132;;;L1;
588;Nitrobenzene;Hexane;282.893;0.165;;;L1;
588;Nitrobenzene;Hexane;284.626;0.18;;;L1;
588;Nitrobenzene;Hexane;284.6431;0.1903;;;L1;
588;Nitrobenzene;Hexane;285.217434;0.197;;;L1;
588;Nitrobenzene;Hexane;285.571;0.189;;;L1;
588;Nitrobenzene;Hexane;286.5380214;0.334517;;;L1;
588;Nitrobenzene;Hexane;286.6909166;0.39303;;;L1;
588;Nitrobenzene;Hexane;286.7175506;0.355207;;;L1;
588;Nitrobenzene;Hexane;286.719;0.2;;;L1;
588;Nitrobenzene;Hexane;286.7431272;0.396045;;;L1;
588;Nitrobenzene;Hexane;286.7595664;0.389019;;;L1;
588;Nitrobenzene;Hexane;286.7647752;0.42429;;;L1;
588;Nitrobenzene;Hexane;286.7943865;0.408497;;;L1;
588;Nitrobenzene;Hexane;286.8069669;0.373906;;;L1;
588;Nitrobenzene;Hexane;286.8108216;0.40158;;;L1;
588;Nitrobenzene;Hexane;286.8305298;0.38295;;;L1;
588;Nitrobenzene;Hexane;287.1416;0.2228;;;L1;
588;Nitrobenzene;Hexane;287.39;0.24;;;L1;
588;Nitrobenzene;Hexane;287.889;0.214;;;L1;
588;Nitrobenzene;Hexane;288.146555;0.225;;;L1;
588;Nitrobenzene;Hexane;289.124;0.236;;;L1;
588;Nitrobenzene;Hexane;289.24034;0.2546;;;L1;
588;Nitrobenzene;Hexane;290.006;0.252;;;L1;
588;Nitrobenzene;Hexane;290.33968;0.2794;;;L1;
588;Nitrobenzene;Hexane;290.53;0.28;;;L1;
588;Nitrobenzene;Hexane;290.559548;0.286918174;;;L1;
588;Nitrobenzene;Hexane;290.779;0.269;;;L1;
588;Nitrobenzene;Hexane;291.253;0.277;;;L1;
588;Nitrobenzene;Hexane;291.375724;0.278;;;L1;
588;Nitrobenzene;Hexane;291.573;0.292;;;L1;
588;Nitrobenzene;Hexane;291.819;0.298;;;L1;
588;Nitrobenzene;Hexane;291.83878;0.3429;;;L1;
588;Nitrobenzene;Hexane;291.92;0.32;;;L1;
588;Nitrobenzene;Hexane;292.008678;0.360425647;;;L1;
588;Nitrobenzene;Hexane;292.009;0.304;;;L1;
588;Nitrobenzene;Hexane;292.155;0.31;;;L1;
588;Nitrobenzene;Hexane;292.266;0.315;;;L1;
588;Nitrobenzene;Hexane;292.338;0.317;;;L1;
588;Nitrobenzene;Hexane;292.33848;0.4218;;;L1;
588;Nitrobenzene;Hexane;292.33848;0.3938;;;L1;
588;Nitrobenzene;Hexane;292.399;0.321;;;L1;
588;Nitrobenzene;Hexane;292.456;0.323;;;L1;
588;Nitrobenzene;Hexane;292.506;0.327;;;L1;
588;Nitrobenzene;Hexane;292.53836;0.418564357;;;L1;
588;Nitrobenzene;Hexane;292.57;0.36;;;L1;
588;Nitrobenzene;Hexane;292.57;0.331;;;L1;
588;Nitrobenzene;Hexane;292.622;0.334;;;L1;
588;Nitrobenzene;Hexane;292.682;0.344;;;L1;
588;Nitrobenzene;Hexane;292.733;0.344;;;L1;
588;Nitrobenzene;Hexane;292.766;0.346;;;L1;
588;Nitrobenzene;Hexane;292.803;0.348;;;L1;
588;Nitrobenzene;Hexane;292.837;0.35;;;L1;
588;Nitrobenzene;Hexane;292.859;0.354;;;L1;
588;Nitrobenzene;Hexane;292.884;0.355;;;L1;
588;Nitrobenzene;Hexane;292.918;0.358;;;L1;
588;Nitrobenzene;Hexane;292.946;0.363;;;L1;
588;Nitrobenzene;Hexane;292.98;0.369;;;L1;
588;Nitrobenzene;Hexane;292.985402;0.369;;;L1;
588;Nitrobenzene;Hexane;293.007;0.373;;;L1;
588;Nitrobenzene;Hexane;293.03;0.376;;;L1;
588;Nitrobenzene;Hexane;293.048;0.383;;;L1;
588;Nitrobenzene;Hexane;293.062;0.387;;;L1;
588;Nitrobenzene;Hexane;293.073;0.396;;;L1;
588;Nitrobenzene;Hexane;293.082;0.396;;;L1;
588;Nitrobenzene;Hexane;293.087;0.4;;;L1;
588;Nitrobenzene;Hexane;293.092;0.404;;;L1;
588;Nitrobenzene;Hexane;293.094;0.406;;;L1;
588;Nitrobenzene;Hexane;293.096;0.409;;;L1;
588;Nitrobenzene;Hexane;293.098;0.41;;;L1;
588;Nitrobenzene;Hexane;293.14537;0.435;;;L1;
588;Nitrobenzene;Hexane;293.155368;0.421;;;L1;
588;Nitrobenzene;Hexane;293.165366;0.422;;;L1;
588;Nitrobenzene;Hexane;293.165366;0.412;;;L1;
588;Nitrobenzene;Hexane;293.165366;0.414;;;L1;
588;Nitrobenzene;Hexane;293.165366;0.415;;;L1;
588;Nitrobenzene;Hexane;293.175364;0.438;;;L1;
588;Nitrobenzene;Hexane;293.175364;0.433;;;L1;
588;Nitrobenzene;Hexane;266.85163;0.792;;;L2;
588;Nitrobenzene;Hexane;272.95016;0.763;;;L2;
588;Nitrobenzene;Hexane;278.94652;0.7433;;;L2;
588;Nitrobenzene;Hexane;282.893;0.687;;;L2;
588;Nitrobenzene;Hexane;283.717884;0.693;;;L2;
588;Nitrobenzene;Hexane;284.626;0.671;;;L2;
588;Nitrobenzene;Hexane;285.571;0.662;;;L2;
588;Nitrobenzene;Hexane;286.5928794;0.460791;;;L2;
588;Nitrobenzene;Hexane;286.719;0.648;;;L2;
588;Nitrobenzene;Hexane;287.04166;0.6459;;;L2;
588;Nitrobenzene;Hexane;287.39;0.64;;;L2;
588;Nitrobenzene;Hexane;287.889;0.633;;;L2;
588;Nitrobenzene;Hexane;287.94112;0.62925424;;;L2;
588;Nitrobenzene;Hexane;288.6407;0.6234;;;L2;
588;Nitrobenzene;Hexane;289.124;0.614;;;L2;
588;Nitrobenzene;Hexane;289.78;0.6;;;L2;
588;Nitrobenzene;Hexane;290.006;0.598;;;L2;
588;Nitrobenzene;Hexane;290.779;0.584;;;L2;
588;Nitrobenzene;Hexane;290.83938;0.5738;;;L2;
588;Nitrobenzene;Hexane;291.025794;0.588;;;L2;
588;Nitrobenzene;Hexane;291.253;0.574;;;L2;
588;Nitrobenzene;Hexane;291.32;0.56;;;L2;
588;Nitrobenzene;Hexane;291.43902;0.558751478;;;L2;
588;Nitrobenzene;Hexane;291.573;0.563;;;L2;
588;Nitrobenzene;Hexane;291.819;0.555;;;L2;
588;Nitrobenzene;Hexane;292.009;0.548;;;L2;
588;Nitrobenzene;Hexane;292.155;0.543;;;L2;
588;Nitrobenzene;Hexane;292.266;0.539;;;L2;
588;Nitrobenzene;Hexane;292.338;0.535;;;L2;
588;Nitrobenzene;Hexane;292.33848;0.4685;;;L2;
588;Nitrobenzene;Hexane;292.399;0.532;;;L2;
588;Nitrobenzene;Hexane;292.456;0.53;;;L2;
588;Nitrobenzene;Hexane;292.506;0.526;;;L2;
588;Nitrobenzene;Hexane;292.57;0.522;;;L2;
588;Nitrobenzene;Hexane;292.622;0.519;;;L2;
588;Nitrobenzene;Hexane;292.682;0.511;;;L2;
588;Nitrobenzene;Hexane;292.733;0.511;;;L2;
588;Nitrobenzene;Hexane;292.766;0.508;;;L2;
588;Nitrobenzene;Hexane;292.803;0.506;;;L2;
588;Nitrobenzene;Hexane;292.837;0.502;;;L2;
588;Nitrobenzene;Hexane;292.859;0.501;;;L2;
588;Nitrobenzene;Hexane;292.884;0.5;;;L2;
588;Nitrobenzene;Hexane;292.918;0.496;;;L2;
588;Nitrobenzene;Hexane;292.946;0.493;;;L2;
588;Nitrobenzene;Hexane;292.98;0.489;;;L2;
588;Nitrobenzene;Hexane;293.007;0.483;;;L2;
588;Nitrobenzene;Hexane;293.03;0.48;;;L2;
588;Nitrobenzene;Hexane;293.048;0.473;;;L2;
588;Nitrobenzene;Hexane;293.058048;0.453069886;;;L2;
588;Nitrobenzene;Hexane;293.062;0.469;;;L2;
588;Nitrobenzene;Hexane;293.065386;0.477;;;L2;
588;Nitrobenzene;Hexane;293.065386;0.479;;;L2;
588;Nitrobenzene;Hexane;293.073;0.461;;;L2;
588;Nitrobenzene;Hexane;293.082;0.453;;;L2;
588;Nitrobenzene;Hexane;293.087;0.446;;;L2;
588;Nitrobenzene;Hexane;293.092;0.444;;;L2;
588;Nitrobenzene;Hexane;293.105378;0.478;;;L2;
588;Nitrobenzene;Hexane;293.165366;0.446;;;L2;
589;Nitrobenzene;Heptane;282.876;0.211;;;L1;
589;Nitrobenzene;Heptane;284.201;0.224;;;L1;
589;Nitrobenzene;Heptane;285.583;0.239;;;L1;
589;Nitrobenzene;Heptane;286.664;0.254;;;L1;
589;Nitrobenzene;Heptane;287.621;0.267;;;L1;
589;Nitrobenzene;Heptane;288.5;0.283;;;L1;
589;Nitrobenzene;Heptane;289.236;0.297;;;L1;
589;Nitrobenzene;Heptane;289.803;0.311;;;L1;
589;Nitrobenzene;Heptane;290.273;0.323;;;L1;
589;Nitrobenzene;Heptane;290.609;0.335;;;L1;
589;Nitrobenzene;Heptane;290.869;0.348;;;L1;
589;Nitrobenzene;Heptane;291.074;0.355;;;L1;
589;Nitrobenzene;Heptane;291.229;0.363;;;L1;
589;Nitrobenzene;Heptane;291.352;0.37;;;L1;
589;Nitrobenzene;Heptane;291.458;0.378;;;L1;
589;Nitrobenzene;Heptane;291.556;0.385;;;L1;
589;Nitrobenzene;Heptane;291.628;0.392;;;L1;
589;Nitrobenzene;Heptane;291.673;0.396;;;L1;
589;Nitrobenzene;Heptane;291.694;0.399;;;L1;
589;Nitrobenzene;Heptane;291.717;0.402;;;L1;
589;Nitrobenzene;Heptane;291.739;0.405;;;L1;
589;Nitrobenzene;Heptane;291.761;0.408;;;L1;
589;Nitrobenzene;Heptane;291.778;0.411;;;L1;
589;Nitrobenzene;Heptane;291.793;0.414;;;L1;
589;Nitrobenzene;Heptane;291.808;0.416;;;L1;
589;Nitrobenzene;Heptane;291.819;0.418;;;L1;
589;Nitrobenzene;Heptane;291.834;0.422;;;L1;
589;Nitrobenzene;Heptane;291.845;0.426;;;L1;
589;Nitrobenzene;Heptane;291.858;0.429;;;L1;
589;Nitrobenzene;Heptane;291.867;0.432;;;L1;
589;Nitrobenzene;Heptane;291.877;0.435;;;L1;
589;Nitrobenzene;Heptane;291.881;0.438;;;L1;
589;Nitrobenzene;Heptane;291.887;0.442;;;L1;
589;Nitrobenzene;Heptane;291.889;0.443;;;L1;
589;Nitrobenzene;Heptane;291.895;0.448;;;L1;
589;Nitrobenzene;Heptane;291.899;0.457;;;L1;
589;Nitrobenzene;Heptane;282.876;0.722;;;L2;
589;Nitrobenzene;Heptane;284.201;0.709;;;L2;
589;Nitrobenzene;Heptane;285.583;0.694;;;L2;
589;Nitrobenzene;Heptane;286.664;0.68;;;L2;
589;Nitrobenzene;Heptane;287.621;0.668;;;L2;
589;Nitrobenzene;Heptane;288.5;0.654;;;L2;
589;Nitrobenzene;Heptane;289.236;0.639;;;L2;
589;Nitrobenzene;Heptane;289.803;0.626;;;L2;
589;Nitrobenzene;Heptane;290.273;0.613;;;L2;
589;Nitrobenzene;Heptane;290.609;0.603;;;L2;
589;Nitrobenzene;Heptane;290.869;0.593;;;L2;
589;Nitrobenzene;Heptane;291.074;0.585;;;L2;
589;Nitrobenzene;Heptane;291.229;0.578;;;L2;
589;Nitrobenzene;Heptane;291.352;0.569;;;L2;
589;Nitrobenzene;Heptane;291.458;0.563;;;L2;
589;Nitrobenzene;Heptane;291.556;0.556;;;L2;
589;Nitrobenzene;Heptane;291.628;0.549;;;L2;
589;Nitrobenzene;Heptane;291.673;0.545;;;L2;
589;Nitrobenzene;Heptane;291.694;0.542;;;L2;
589;Nitrobenzene;Heptane;291.717;0.54;;;L2;
589;Nitrobenzene;Heptane;291.739;0.538;;;L2;
589;Nitrobenzene;Heptane;291.761;0.535;;;L2;
589;Nitrobenzene;Heptane;291.778;0.533;;;L2;
589;Nitrobenzene;Heptane;291.793;0.53;;;L2;
589;Nitrobenzene;Heptane;291.808;0.527;;;L2;
589;Nitrobenzene;Heptane;291.819;0.525;;;L2;
589;Nitrobenzene;Heptane;291.834;0.521;;;L2;
589;Nitrobenzene;Heptane;291.845;0.519;;;L2;
589;Nitrobenzene;Heptane;291.858;0.512;;;L2;
589;Nitrobenzene;Heptane;291.867;0.507;;;L2;
589;Nitrobenzene;Heptane;291.877;0.499;;;L2;
589;Nitrobenzene;Heptane;291.881;0.498;;;L2;
589;Nitrobenzene;Heptane;291.887;0.493;;;L2;
589;Nitrobenzene;Heptane;291.889;0.483;;;L2;
615;Benzene;Water;273.15;0.000353;0.000515168;0.000516764;L1;37.80259616
615;Benzene;Water;273.3499708;0.0004232;0.000516127;0.000517824;L1;19.8507437
615;Benzene;Water;273.94952;0.000425;0.000519009;0.000521004;L1;19.98321331
615;Benzene;Water;275.1488;0.000431;0.000524817;0.000527363;L1;19.69415024
615;Benzene;Water;277.6493431;0.000425;0.000537111;0.000540623;L1;23.41151895
615;Benzene;Water;278.1492701;0.000373;0.000539599;0.000543274;L1;36.92475044
615;Benzene;Water;278.1592686;0.0004776;0.000539649;0.000543327;L1;12.21447638
615;Benzene;Water;278.74664;0.000402;0.000542585;0.000546441;L1;29.98928739
615;Benzene;Water;279.15;0.000406;0.00054461;0.00054858;L1;29.37163578
615;Benzene;Water;279.3490949;0.0004159;0.000545612;0.000549636;L1;27.14624757
615;Benzene;Water;279.4490803;0.000427;0.000546115;0.000550166;L1;24.60461005
615;Benzene;Water;279.84598;0.000402;0.000548119;0.000552271;L1;31.00401342
615;Benzene;Water;280.248925;0.000418;0.00055016;0.000554408;L1;27.47270622
615;Benzene;Water;282.1446;0.000399;0.000559851;0.00056446;L1;33.87087771
615;Benzene;Water;282.148355;0.000418;0.00055987;0.00056448;L1;29.22233148
615;Benzene;Water;282.54436;0.000413;0.000561914;0.00056658;L1;30.79003948
615;Benzene;Water;283.1;0.000388465;0.000564792;0.000569526;L1;37.42541998
615;Benzene;Water;283.144;0.00040343;0.00056502;0.000569759;L1;33.68587506
615;Benzene;Water;283.148055;0.000420788;0.000565041;0.000569781;L1;29.47698715
615;Benzene;Water;283.19804;0.000375;0.000565301;0.000570046;L1;41.04324468
615;Benzene;Water;284.147755;0.0004147;0.000570255;0.000575082;L1;31.85281684
615;Benzene;Water;284.947515;0.000409;0.000574456;0.000579323;L1;33.97090324
615;Benzene;Water;285.247425;0.000409;0.000576039;0.000580913;L1;34.24601894
615;Benzene;Water;285.6425;0.000397;0.00057813;0.000583008;L1;37.58618816
615;Benzene;Water;287.146855;0.000408;0.000586152;0.000590985;L1;36.23122262
615;Benzene;Water;288.056582;0.0004792;0.000591051;0.000595809;L1;20.97848824
615;Benzene;Water;288.141;0.000399;0.000591508;0.000596257;L1;39.37134998
615;Benzene;Water;288.141;0.000230802;0.000591508;0.000596257;L1;94.11147166
615;Benzene;Water;288.146555;0.000365;0.000591538;0.000596287;L1;48.28283602
615;Benzene;Water;288.15;0.000408;0.000591557;0.000596305;L1;37.14900417
615;Benzene;Water;288.246525;0.000414;0.000592079;0.000596817;L1;35.77738562
615;Benzene;Water;289.19037;0.000335;0.000597208;0.000601822;L1;57.81351163
615;Benzene;Water;289.93992;0.000409;0.00060131;0.000605796;L1;38.53947424
615;Benzene;Water;290.04599;0.0004062;0.000601892;0.000606359;L1;39.32323715
615;Benzene;Water;290.18977;0.000395;0.000602682;0.000607121;L1;42.25043988
615;Benzene;Water;291.04579;0.000414;0.000607407;0.00061166;L1;38.33323209
615;Benzene;Water;291.74565;0.0004073;0.000611293;0.000615372;L1;40.60270204
615;Benzene;Water;293.055388;0.0004809;0.000618627;0.000622317;L1;25.1843071
615;Benzene;Water;293.138;0.000316;0.000619092;0.000622755;L1;67.25118822
615;Benzene;Water;293.138;0.000484864;0.000619092;0.000622755;L1;24.43856565
615;Benzene;Water;293.138;0.000395;0.000619092;0.000622755;L1;44.93683309
615;Benzene;Water;293.138;0.000438828;0.000619092;0.000622755;L1;34.4146559
615;Benzene;Water;293.138;0.0002;0.000619092;0.000622755;L1;112.9936729
615;Benzene;Water;293.138;0.000184613;0.000619092;0.000622755;L1;120.9992354
615;Benzene;Water;293.14537;0.0004133;0.000619134;0.000622794;L1;40.414743
615;Benzene;Water;293.14537;0.0004157;0.000619134;0.000622794;L1;39.83573053
615;Benzene;Water;293.14537;0.000402527;0.000619134;0.000622794;L1;43.05589762
615;Benzene;Water;293.14537;0.0004;0.000619134;0.000622794;L1;43.68566044
615;Benzene;Water;293.14537;0.000194;0.000619134;0.000622794;L1;116.0462992
615;Benzene;Water;293.14537;0.0004;0.000619134;0.000622794;L1;43.68566044
615;Benzene;Water;293.14537;0.0004157;0.000619134;0.000622794;L1;39.83573053
615;Benzene;Water;293.14537;0.000394887;0.000619134;0.000622794;L1;44.97215035
615;Benzene;Water;293.15;0.000396153;0.00061916;0.000622818;L1;44.65627769
615;Benzene;Water;293.15;0.000401719;0.00061916;0.000622818;L1;43.2610438
615;Benzene;Water;293.19536;0.000401;0.000619415;0.000623059;L1;43.48145439
615;Benzene;Water;293.24535;0.000407;0.000619697;0.000623324;L1;42.0417583
615;Benzene;Water;293.73776;0.000397;0.000622479;0.000625935;L1;44.97731091
615;Benzene;Water;294.14517;0.000401126;0.000624789;0.000628096;L1;44.3137674
615;Benzene;Water;295.1372;0.00042993;0.000630445;0.000633356;L1;38.28034753
615;Benzene;Water;295.15;0.000376702;0.000630518;0.000633424;L1;51.50876872
615;Benzene;Water;295.18718;0.000397;0.000630731;0.000633621;L1;46.29434373
615;Benzene;Water;297.1364;0.000416;0.000641983;0.000643957;L1;43.38768997
615;Benzene;Water;297.93608;0.000395;0.000646651;0.000648198;L1;49.29210796
615;Benzene;Water;297.9944;0.0004157;0.000646993;0.000648507;L1;44.23711261
615;Benzene;Water;297.9944;0.00044;0.000646993;0.000648507;L1;38.55602454
615;Benzene;Water;298;0.0003082;0.000647025;0.000648537;L1;74.16367601
615;Benzene;Water;298;0.000372922;0.000647025;0.000648537;L1;55.10164005
615;Benzene;Water;298;0.000697181;0.000647025;0.000648537;L1;7.465937846
615;Benzene;Water;298;0.000556606;0.000647025;0.000648537;L1;15.05280542
615;Benzene;Water;298;0.000443685;0.000647025;0.000648537;L1;37.72708318
615;Benzene;Water;298;0.0004;0.000647025;0.000648537;L1;48.09211358
615;Benzene;Water;298;0.000408;0.000647025;0.000648537;L1;46.11185085
615;Benzene;Water;298;0.000144579;0.000647025;0.000648537;L1;149.8559612
615;Benzene;Water;298;0.000233343;0.000647025;0.000648537;L1;101.9876209
615;Benzene;Water;298.03604;0.000402;0.000647237;0.000648728;L1;47.62599469
615;Benzene;Water;298.11;0.000398;0.00064767;0.00064912;L1;48.69297238
615;Benzene;Water;298.136;0.000165696;0.000647823;0.000649258;L1;136.3462359
615;Benzene;Water;298.136;0.000396;0.000647823;0.000649258;L1;49.22029316
615;Benzene;Water;298.136;0.000402;0.000647823;0.000649258;L1;47.71650542
615;Benzene;Water;298.136;0.000416;0.000647823;0.000649258;L1;44.29318826
615;Benzene;Water;298.136;0.000410343;0.000647823;0.000649258;L1;45.66237475
615;Benzene;Water;298.136;0.000410343;0.000647823;0.000649258;L1;45.66237475
615;Benzene;Water;298.136;0.0004;0.000647823;0.000649258;L1;48.21525957
615;Benzene;Water;298.136;0.000501;0.000647823;0.000649258;L1;25.70110417
615;Benzene;Water;298.136;0.000406;0.000647823;0.000649258;L1;46.72639832
615;Benzene;Water;298.136;0.00042;0.000647823;0.000649258;L1;43.33624315
615;Benzene;Water;298.136;0.0004157;0.000647823;0.000649258;L1;44.36532966
615;Benzene;Water;298.136;0.000419395;0.000647823;0.000649258;L1;43.48039462
615;Benzene;Water;298.14437;0.000374;0.000647872;0.000649302;L1;54.94371293
615;Benzene;Water;298.14437;0.00032277;0.000647872;0.000649302;L1;69.67529314
615;Benzene;Water;298.14437;0.000401825;0.000647872;0.000649302;L1;47.76762562
615;Benzene;Water;298.14437;0.000401681;0.000647872;0.000649302;L1;47.80346854
615;Benzene;Water;298.14437;0.000405305;0.000647872;0.000649302;L1;46.90530566
615;Benzene;Water;298.14437;0.000412174;0.000647872;0.000649302;L1;45.22473364
615;Benzene;Water;298.14437;0.0004129;0.000647872;0.000649302;L1;45.04874938
615;Benzene;Water;298.14437;0.000411;0.000647872;0.000649302;L1;45.50997122
615;Benzene;Water;298.14437;0.000405293;0.000647872;0.000649302;L1;46.90826643
615;Benzene;Water;298.14437;0.000439855;0.000647872;0.000649302;L1;38.72477995
615;Benzene;Water;298.14437;0.000237487;0.000647872;0.000649302;L1;100.3580042
615;Benzene;Water;298.14437;0.000407;0.000647872;0.000649302;L1;46.48797412
615;Benzene;Water;298.14437;0.000373;0.000647872;0.000649302;L1;55.2114507
615;Benzene;Water;298.14437;0.000414364;0.000647872;0.000649302;L1;44.69481121
615;Benzene;Water;298.14437;0.000374506;0.000647872;0.000649302;L1;54.80851025
615;Benzene;Water;298.14437;0.000413;0.000647872;0.000649302;L1;45.02453337
615;Benzene;Water;298.14437;0.000433;0.000647872;0.000649302;L1;40.29551987
615;Benzene;Water;298.15;0.000393042;0.000647905;0.000649332;L1;49.98274252
615;Benzene;Water;298.15;0.000430027;0.000647905;0.000649332;L1;40.98959042
615;Benzene;Water;298.15;0.000401573;0.000647905;0.000649332;L1;47.83545666
615;Benzene;Water;298.15;0.000406;0.000647905;0.000649332;L1;46.7390742
615;Benzene;Water;298.154368;0.0004815;0.000647931;0.000649355;L1;29.68772188
615;Benzene;Water;298.18598;0.0004091;0.000648116;0.000649523;L1;46.0110039
615;Benzene;Water;298.18598;0.000142;0.000648116;0.000649523;L1;151.8242606
615;Benzene;Water;298.18598;0.0002;0.000648116;0.000649523;L1;117.5752297
615;Benzene;Water;298.18598;0.00022;0.000648116;0.000649523;L1;108.0442118
615;Benzene;Water;298.18598;0.000348;0.000648116;0.000649523;L1;62.18671841
615;Benzene;Water;298.19436;0.000421;0.000648165;0.000649567;L1;43.1512701
615;Benzene;Water;298.19436;0.000421;0.000648165;0.000649567;L1;43.1512701
615;Benzene;Water;298.19436;0.0004187;0.000648165;0.000649567;L1;43.69908616
615;Benzene;Water;298.19436;0.000194276;0.000648165;0.000649567;L1;120.4865706
615;Benzene;Water;298.19436;0.000418;0.000648165;0.000649567;L1;43.86641021
615;Benzene;Water;298.19436;0.000391;0.000648165;0.000649567;L1;50.54379747
615;Benzene;Water;298.94421;0.0004193;0.000652579;0.000653544;L1;44.23453917
615;Benzene;Water;299.1;0.000413;0.000653499;0.00065437;L1;45.88938164
615;Benzene;Water;299.18558;0.000399;0.000654005;0.000654823;L1;49.41541096
615;Benzene;Water;300.15;0.000418012;0.000659733;0.000660191;L1;45.63247165
615;Benzene;Water;300.43508;0.000402;0.000661434;0.000662112;L1;49.79586485
615;Benzene;Water;302.18438;0.000402;0.000671962;0.000673899;L1;51.37495234
615;Benzene;Water;303;0.000441141;0.000676922;0.000679395;L1;42.81907736
615;Benzene;Water;303.134;0.000425;0.000677739;0.000680298;L1;46.66737799
615;Benzene;Water;303.134;0.000409;0.000677739;0.000680298;L1;50.50477928
615;Benzene;Water;303.134;0.000523971;0.000677739;0.000680298;L1;25.73266095
615;Benzene;Water;303.134;0.00046196;0.000677739;0.000680298;L1;38.32846415
615;Benzene;Water;303.134;0.000230802;0.000677739;0.000680298;L1;107.7202749
615;Benzene;Water;303.134;0.000426773;0.000677739;0.000680298;L1;46.25106929
615;Benzene;Water;303.134;0.000406;0.000677739;0.000680298;L1;51.24097892
615;Benzene;Water;303.143055;0.000413;0.000677795;0.000680359;L1;49.53969551
615;Benzene;Water;303.143055;0.000432352;0.000677795;0.000680359;L1;44.96044767
615;Benzene;Water;303.143055;0.004304426;0.000677795;0.000680359;L1;184.8554527
615;Benzene;Water;303.143055;0.000438828;0.000677795;0.000680359;L1;43.47370113
615;Benzene;Water;303.15;0.000391504;0.000677837;0.000680406;L1;54.89114
615;Benzene;Water;303.15;0.000424;0.000677837;0.000680406;L1;46.91736773
615;Benzene;Water;303.15;0.00046196;0.000677837;0.000680406;L1;38.34288253
615;Benzene;Water;303.15;0.000391504;0.000677837;0.000680406;L1;54.89114
615;Benzene;Water;303.15;0.000428573;0.000677837;0.000680406;L1;45.84460472
615;Benzene;Water;303.153052;0.000419044;0.000677856;0.000680426;L1;48.0958709
615;Benzene;Water;304.1336;0.000423;0.000683869;0.000687034;L1;48.03945158
615;Benzene;Water;305.18318;0.000412;0.000690359;0.000694106;L1;51.61883044
615;Benzene;Water;308.132;0.000438;0.000708889;0.000713976;L1;48.14799113
615;Benzene;Water;308.132;0.00042;0.000708889;0.000713976;L1;52.34441104
615;Benzene;Water;308.141555;0.000394;0.00070895;0.00071404;L1;58.74336226
615;Benzene;Water;308.15;0.000455572;0.000709003;0.000714097;L1;44.23065123
615;Benzene;Water;308.18198;0.00042;0.000709207;0.000714312;L1;52.38924324
615;Benzene;Water;308.251522;0.0004848;0.000709649;0.000714781;L1;38.10344655
615;Benzene;Water;308.95;0.000407443;0.000714108;0.000719487;L1;56.11327012
615;Benzene;Water;311.1308;0.00045;0.00072819;0.000734182;L1;48.13147829
615;Benzene;Water;313.03004;0.000434;0.000740658;0.000746979;L1;53.44941712
615;Benzene;Water;313.140055;0.000485095;0.000741386;0.000747721;L1;42.41764466
615;Benzene;Water;313.140055;0.0004676;0.000741386;0.000747721;L1;46.0907965
615;Benzene;Water;313.140055;0.0004435;0.000741386;0.000747721;L1;51.38233929
615;Benzene;Water;313.15;0.000430212;0.000741452;0.000747788;L1;54.43318936
615;Benzene;Water;313.15;0.000441;0.000741452;0.000747788;L1;51.95651286
615;Benzene;Water;313.15;0.000484369;0.000741452;0.000747788;L1;42.57629911
615;Benzene;Water;313.15;0.000464;0.000741452;0.000747788;L1;46.87254519
615;Benzene;Water;313.15;0.000396939;0.000741452;0.000747788;L1;62.48273876
615;Benzene;Water;313.19;0.000458;0.000741717;0.000748057;L1;48.20980145
615;Benzene;Water;313.25;0.000424735;0.000742114;0.000748462;L1;55.80375217
615;Benzene;Water;313.62985;0.000573042;0.000744635;0.000751021;L1;26.19351509
615;Benzene;Water;313.679835;0.000439;0.000744967;0.000751358;L1;52.88409184
615;Benzene;Water;315.179385;0.00044;0.000754999;0.000761462;L1;53.99415218
615;Benzene;Water;317.178785;0.000445;0.000768564;0.000774934;L1;54.644925
615;Benzene;Water;317.62865;0.000598047;0.000771646;0.000777966;L1;25.48565618
615;Benzene;Water;317.82859;0.000469;0.000773019;0.000779313;L1;49.9701471
615;Benzene;Water;318.1285;0.000455;0.000775084;0.000781334;L1;53.26737466
615;Benzene;Water;318.1285;0.000453;0.000775084;0.000781334;L1;53.707904
615;Benzene;Water;318.1285;0.000230802;0.000775084;0.000781334;L1;121.1410965
615;Benzene;Water;318.138555;0.000415;0.000775153;0.000781402;L1;62.47820466
615;Benzene;Water;318.18854;0.000499;0.000775498;0.000781738;L1;44.08988877
615;Benzene;Water;318.25;0.000447525;0.000775922;0.000782152;L1;55.03189927
615;Benzene;Water;318.848342;0.0005304;0.000780059;0.000786184;L1;38.57380427
615;Benzene;Water;319.178185;0.000457;0.000782348;0.000788407;L1;53.76165753
615;Benzene;Water;322.92706;0.000471;0.000808798;0.000813667;L1;54.06906867
615;Benzene;Water;323.127;0.000508234;0.000810231;0.000815015;L1;46.6377104
615;Benzene;Water;323.137055;0.000531377;0.000810303;0.000815082;L1;42.19363455
615;Benzene;Water;323.15;0.000470674;0.000810396;0.00081517;L1;54.33569916
615;Benzene;Water;323.15;0.00051;0.000810396;0.00081517;L1;46.31119759
615;Benzene;Water;323.15;0.000408274;0.000810396;0.00081517;L1;68.5584184
615;Benzene;Water;324.176685;0.000478;0.000817792;0.000822088;L1;53.69975027
615;Benzene;Water;324.3;0.000468;0.000818685;0.000822918;L1;55.9230674
615;Benzene;Water;324.62655;0.000494;0.000821052;0.000825119;L1;50.80512739
615;Benzene;Water;327.62565;0.000497;0.000843089;0.000845327;L1;52.84822365
615;Benzene;Water;328.135555;0.000920705;0.000846888;0.000848763;L1;8.357094827
615;Benzene;Water;328.18554;0.000549;0.000847262;0.0008491;L1;43.39109661
615;Benzene;Water;329.175185;0.000503;0.000854683;0.000855768;L1;53.01404018
615;Benzene;Water;329.62505;0.000664979;0.000858076;0.0008588;L1;25.4937154
615;Benzene;Water;331.92436;0.00054;0.000875609;0.000877852;L1;48.3351071
615;Benzene;Water;332.92406;0.000522;0.000883334;0.000886392;L1;52.60353722
615;Benzene;Water;333.124;0.00056024;0.000884886;0.0008881;L1;45.70933867
615;Benzene;Water;333.124;0.000693011;0.000884886;0.0008881;L1;24.4412778
615;Benzene;Water;333.13437;0.0005641;0.000884966;0.000888188;L1;45.03181615
615;Benzene;Water;333.13437;0.000577672;0.000884966;0.000888188;L1;42.65434687
615;Benzene;Water;333.15;0.000531;0.000885088;0.000888322;L1;51.09249165
615;Benzene;Water;333.15;0.000565;0.000885088;0.000888322;L1;44.88612066
615;Benzene;Water;333.174;0.00039;0.000885274;0.000888527;L1;81.97509214
615;Benzene;Water;334.174;0.000531;0.000893078;0.000897069;L1;51.99120994
615;Benzene;Water;336.174;0.000542;0.000908873;0.000914154;L1;51.69397486
615;Benzene;Water;337.924;0.000557;0.000922902;0.000929103;L1;50.49575499
615;Benzene;Water;338.124;0.000737039;0.000924517;0.000930812;L1;22.66311347
615;Benzene;Water;338.524;0.000594;0.000927757;0.000934229;L1;44.58900869
615;Benzene;Water;342.124;0.000567;0.000957376;0.000964981;L1;52.38372226
615;Benzene;Water;343.15;0.000625;0.000965974;0.000973745;L1;43.53852117
615;Benzene;Water;343.15;0.00061;0.000965974;0.000973745;L1;45.96779043
615;Benzene;Water;347.830645;0.001499139;0.001006095;0.001013729;L1;39.88144752
615;Benzene;Water;350.2;0.000661;0.001026977;0.001033969;L1;44.06212569
615;Benzene;Water;352.62305;0.000862009;0.00104874;0.001054668;L1;19.60794302
615;Benzene;Water;353.15;0.000699;0.001053529;0.001059169;L1;41.02496617
615;Benzene;Water;353.15;0.000673;0.001053529;0.001059169;L1;44.81550743
615;Benzene;Water;363.15;0.0008;0.001148257;0.001151942;L1;36.13886819
615;Benzene;Water;363.15;0.000759;0.001148257;0.001151942;L1;41.39986321
615;Benzene;Water;373.11;0.000916;0.00125027;0.001259685;L1;31.1098694
615;Benzene;Water;373.124;0.000938134;0.001250419;0.001259837;L1;28.73414592
615;Benzene;Water;373.12437;0.000949;0.001250423;0.001259841;L1;27.58286067
615;Benzene;Water;373.15;0.00095;0.001250696;0.001260118;L1;27.49936321
615;Benzene;Water;373.15;0.000879;0.001250696;0.001260118;L1;35.2670719
615;Benzene;Water;373.17401;0.0004;0.001250952;0.001260378;L1;114.0195485
615;Benzene;Water;374.12417;0.00102;0.001261109;0.001270656;L1;21.21886322
615;Benzene;Water;376.2;0.001;0.001283561;0.001293112;L1;24.96382849
615;Benzene;Water;393.09;0.00116;0.001480281;0.001484783;L1;24.38119866
615;Benzene;Water;393.1;0.00126;0.001480405;0.001484919;L1;16.12041788
615;Benzene;Water;397.91941;0.0014;0.00154139;0.001550472;L1;9.621207143
615;Benzene;Water;398.15;0.00132;0.001544364;0.001553608;L1;15.69805349
615;Benzene;Water;400.3;0.00152;0.001572353;0.001582852;L1;3.386271544
615;Benzene;Water;413.15;0.00179;0.001749527;0.001757635;L1;2.287003834
615;Benzene;Water;423.11437;0.00242;0.001899273;0.001904577;L1;24.22966116
615;Benzene;Water;423.18402;0.0013;0.001900359;0.001905764;L1;37.96786723
615;Benzene;Water;426.1352;0.002950183;0.00194693;0.001956045;L1;41.56132877
615;Benzene;Water;451.1442;0.004392467;0.00238551;0.002388333;L1;61.04779933
615;Benzene;Water;473.11;0.0054;0.002843218;0.00285489;L1;64.14623193
615;Benzene;Water;473.20302;0.0049;0.002845316;0.002856865;L1;54.3560967
615;Benzene;Water;477.1546;0.006648227;0.002935754;0.002940797;L1;81.73857976
615;Benzene;Water;498.1625;0.00866493;0.003462137;0.003481645;L1;91.73978359
615;Benzene;Water;514.1683;0.010205984;0.003919465;0.00393318;L1;95.70189847
615;Benzene;Water;523.221015;0.0183;0.004201892;0.004226515;L1;147.1366222
615;Benzene;Water;527.1722;0.011564282;0.004330884;0.004354546;L1;98.21494452
615;Benzene;Water;558.23101;0.0263;0.005477985;0.005504252;L1;156.8831672
615;Benzene;Water;573.234005;0.0359;0.00612621;0.00614608;L1;176.8161003
615;Benzene;Water;273.15;0.998272215;0.999982225;0.999980045;L2;0.171150399
615;Benzene;Water;278.54676;0.9985;0.999976665;0.999971585;L2;0.147779069
615;Benzene;Water;278.54676;0.998527412;0.999976665;0.999971585;L2;0.145033789
615;Benzene;Water;279.15;0.99832;0.999975961;0.99997064;L2;0.165737338
615;Benzene;Water;282.424432;0.998217;0.999971819;0.999965507;L2;0.175641007
615;Benzene;Water;282.584336;0.998084125;0.999971602;0.999965257;L2;0.18893145
615;Benzene;Water;282.6443;0.9985;0.999971521;0.999965163;L2;0.147264633
615;Benzene;Water;283.09403;0.998696701;0.999970902;0.999964458;L2;0.127505053
615;Benzene;Water;283.144;0.998068993;0.999970832;0.999964379;L2;0.190370586
615;Benzene;Water;283.144;0.9983;0.999970832;0.999964379;L2;0.16722787
615;Benzene;Water;283.144;0.99805;0.999970832;0.999964379;L2;0.192273579
615;Benzene;Water;283.144;0.997793492;0.999970832;0.999964379;L2;0.217977799
615;Benzene;Water;283.148055;0.99809;0.999970827;0.999964373;L2;0.18826528
615;Benzene;Water;287.6413;0.9982;0.999963984;0.99995733;L2;0.176560491
615;Benzene;Water;288.116564;0.997692986;0.999963187;0.999956585;L2;0.227286538
615;Benzene;Water;288.121012;0.997705084;0.999963179;0.999956578;L2;0.226073195
615;Benzene;Water;288.141;0.997662742;0.999963145;0.999956547;L2;0.23031384
615;Benzene;Water;288.141;0.995678364;0.999963145;0.999956547;L2;0.429414601
615;Benzene;Water;288.141;0.997662742;0.999963145;0.999956547;L2;0.23031384
615;Benzene;Water;288.146555;0.99774;0.999963136;0.999956538;L2;0.2225693
615;Benzene;Water;288.15;0.99777;0.99996313;0.999956533;L2;0.219561966
615;Benzene;Water;288.15;0.99766;0.99996313;0.999956533;L2;0.230587159
615;Benzene;Water;291.085782;0.997441139;0.999957866;0.999951931;L2;0.252000529
615;Benzene;Water;293.138;0.99752;0.999953822;0.999948714;L2;0.243690173
615;Benzene;Water;293.138;0.997408;0.999953822;0.999948714;L2;0.254918648
615;Benzene;Water;293.138;0.9974;0.999953822;0.999948714;L2;0.25572073
615;Benzene;Water;293.138;0.9977;0.999953822;0.999948714;L2;0.22564705
615;Benzene;Water;293.138;0.9978;0.999953822;0.999948714;L2;0.215624499
615;Benzene;Water;293.138;0.998157401;0.999953822;0.999948714;L2;0.179812011
615;Benzene;Water;293.138;0.997835584;0.999953822;0.999948714;L2;0.212058317
615;Benzene;Water;293.138;0.997697306;0.999953822;0.999948714;L2;0.225917071
615;Benzene;Water;293.138;0.997481307;0.999953822;0.999948714;L2;0.247569168
615;Benzene;Water;293.138;0.997371;0.999953822;0.999948714;L2;0.258628332
615;Benzene;Water;293.138;0.998071725;0.999953822;0.999948714;L2;0.188395795
615;Benzene;Water;293.14537;0.9976;0.999953807;0.999948702;L2;0.235669096
615;Benzene;Water;293.14537;0.9974;0.999953807;0.999948702;L2;0.255719222
615;Benzene;Water;293.14537;0.99746;0.999953807;0.999948702;L2;0.249703762
615;Benzene;Water;293.14537;0.99733;0.999953807;0.999948702;L2;0.262737715
615;Benzene;Water;293.14537;0.997835584;0.999953807;0.999948702;L2;0.212056808
615;Benzene;Water;293.14537;0.997403565;0.999953807;0.999948702;L2;0.255361793
615;Benzene;Water;293.15;0.995729345;0.999953798;0.999948695;L2;0.423359716
615;Benzene;Water;293.15;0.998;0.999953798;0.999948695;L2;0.195579954
615;Benzene;Water;293.19536;0.997267971;0.999953705;0.999948624;L2;0.268947171
615;Benzene;Water;293.23796;0.997234292;0.999953618;0.999948557;L2;0.27231561
615;Benzene;Water;294.1376;0.998008472;0.999951738;0.999947147;L2;0.194525085
615;Benzene;Water;295.1372;0.997137749;0.999949576;0.99994558;L2;0.281592961
615;Benzene;Water;295.637;0.9974;0.999948464;0.999944797;L2;0.255184903
615;Benzene;Water;295.83692;0.997394;0.999948014;0.999944484;L2;0.255741443
615;Benzene;Water;296.09478;0.997029238;0.999947429;0.999944079;L2;0.292261076
615;Benzene;Water;296.1368;0.997360379;0.999947333;0.999944013;L2;0.259044228
615;Benzene;Water;297.676184;0.996859631;0.999943715;0.999941601;L2;0.308902402
615;Benzene;Water;297.83612;0.99704;0.999943328;0.99994135;L2;0.290771568
615;Benzene;Water;297.9944;0.997835584;0.999942942;0.999941102;L2;0.210970227
615;Benzene;Water;298.04439;0.996864809;0.99994282;0.999941023;L2;0.308293428
615;Benzene;Water;298.136;0.9969;0.999942595;0.99994088;L2;0.30474086
615;Benzene;Water;298.136;0.997264784;0.999942595;0.99994088;L2;0.268155718
615;Benzene;Water;298.136;0.997187565;0.999942595;0.99994088;L2;0.275899097
615;Benzene;Water;298.136;0.997403565;0.999942595;0.99994088;L2;0.254240523
615;Benzene;Water;298.136;0.996799222;0.999942595;0.99994088;L2;0.314850509
615;Benzene;Water;298.136;0.99691;0.999942595;0.99994088;L2;0.303737755
615;Benzene;Water;298.136;0.996885522;0.999942595;0.99994088;L2;0.306193172
615;Benzene;Water;298.14437;0.99686;0.999942575;0.999940867;L2;0.308751323
615;Benzene;Water;298.14437;0.997010678;0.999942575;0.999940867;L2;0.293637203
615;Benzene;Water;298.15;0.9968;0.999942561;0.999940858;L2;0.31476902
615;Benzene;Water;298.15;0.9968;0.999942561;0.999940858;L2;0.31476902
615;Benzene;Water;299;0.9968;0.99994044;0.999939525;L2;0.314556951
615;Benzene;Water;299.1356;0.998757546;0.999940096;0.999939313;L2;0.118332075
615;Benzene;Water;299.73536;0.997576338;0.999938553;0.999938373;L2;0.236515525
615;Benzene;Water;300.15;0.996781964;0.999937467;0.99993721;L2;0.316069051
615;Benzene;Water;301.113664;0.996526589;0.999934882;0.999932902;L2;0.341433688
615;Benzene;Water;302.654192;0.9963334;0.999930563;0.999926016;L2;0.360389886
615;Benzene;Water;303.09307;0.996309686;0.99992929;0.999924055;L2;0.362642707
615;Benzene;Water;303.134;0.996971834;0.99992917;0.999923872;L2;0.296192749
615;Benzene;Water;303.134;0.9971;0.99992917;0.999923872;L2;0.283338046
615;Benzene;Water;303.134;0.99678;0.99992917;0.999923872;L2;0.315436267
615;Benzene;Water;303.134;0.996779076;0.99992917;0.999923872;L2;0.315528966
615;Benzene;Water;303.134;0.995678364;0.99992917;0.999923872;L2;0.426016858
615;Benzene;Water;303.134;0.996760391;0.99992917;0.999923872;L2;0.317403521
615;Benzene;Water;303.143055;0.997714589;0.999929143;0.999923831;L2;0.221716734
615;Benzene;Water;303.143055;0.996540391;0.999929143;0.999923831;L2;0.339474809
615;Benzene;Water;303.143055;0.99645;0.999929143;0.999923831;L2;0.348545701
615;Benzene;Water;303.143055;0.996109234;0.999929143;0.999923831;L2;0.382749552
615;Benzene;Water;303.143055;0.9965;0.999929143;0.999923831;L2;0.343528013
615;Benzene;Water;303.143055;0.995678364;0.999929143;0.999923831;L2;0.426014207
615;Benzene;Water;303.15;0.99616;0.999929123;0.9999238;L2;0.377651219
615;Benzene;Water;303.15;0.99826789;0.999929123;0.9999238;L2;0.16627323
615;Benzene;Water;303.303932;0.996403;0.999928671;0.999923112;L2;0.353215313
615;Benzene;Water;303.6338;0.996326;0.999927694;0.999921638;L2;0.360845717
615;Benzene;Water;305.102467;0.996041137;0.999923208;0.999915073;L2;0.388992538
615;Benzene;Water;305.1332;0.9965;0.999923112;0.999914935;L2;0.342924837
615;Benzene;Water;306.1328;0.996216;0.999919925;0.999910467;L2;0.371109898
615;Benzene;Water;308.012048;0.995604714;0.999913634;0.999902067;L2;0.431860427
615;Benzene;Water;308.132;0.996268438;0.999913219;0.999901531;L2;0.365175712
615;Benzene;Water;308.132;0.99581;0.999913219;0.999901531;L2;0.411201812
615;Benzene;Water;308.141555;0.99577;0.999913186;0.999901488;L2;0.415215409
615;Benzene;Water;308.15;0.993727444;0.999913157;0.999901451;L2;0.620546416
615;Benzene;Water;308.201537;0.995587918;0.999912978;0.99990122;L2;0.433481801
615;Benzene;Water;310.631;0.995118661;0.999904186;0.999890361;L2;0.479747302
615;Benzene;Water;310.631;0.99490352;0.999904186;0.999890361;L2;0.501369272
615;Benzene;Water;313.13;0.99588;0.999894384;0.999879191;L2;0.402288892
615;Benzene;Water;313.13;0.9956;0.999894384;0.999879191;L2;0.430408683
615;Benzene;Water;313.13;0.9964;0.999894384;0.999879191;L2;0.350087393
615;Benzene;Water;313.13;0.995902381;0.999894384;0.999879191;L2;0.400041558
615;Benzene;Water;313.13;0.995075627;0.999894384;0.999879191;L2;0.483091602
615;Benzene;Water;313.140055;0.99692;0.999894343;0.999879146;L2;0.297909024
615;Benzene;Water;313.140055;0.99524;0.999894343;0.999879146;L2;0.466570215
615;Benzene;Water;313.140055;0.994817483;0.999894343;0.999879146;L2;0.50903301
615;Benzene;Water;313.140055;0.99499;0.999894343;0.999879146;L2;0.49169294
615;Benzene;Water;313.140055;0.99529;0.999894343;0.999879146;L2;0.461546428
615;Benzene;Water;313.15;0.99508;0.999894302;0.999879101;L2;0.482643969
615;Benzene;Water;313.15;0.99526;0.999894302;0.999879101;L2;0.464556607
615;Benzene;Water;313.189982;0.994912984;0.999894139;0.999878923;L2;0.499413209
615;Benzene;Water;313.279955;0.995155;0.99989377;0.99987852;L2;0.475053962
615;Benzene;Water;313.72982;0.994959;0.999891911;0.999876509;L2;0.49456541
615;Benzene;Water;314.52958;0.99477;0.99988854;0.999872935;L2;0.513225782
615;Benzene;Water;315.02943;0.994847;0.999886389;0.9998707;L2;0.505270455
615;Benzene;Water;315.1294;0.996199753;0.999885954;0.999870254;L2;0.369343394
615;Benzene;Water;316.908866;0.994242622;0.999877989;0.9998623;L2;0.56519972
615;Benzene;Water;317.1288;0.99412;0.999876973;0.999861316;L2;0.577432104
615;Benzene;Water;318.1285;0.995678364;0.999872268;0.999856848;L2;0.420326075
615;Benzene;Water;319.02823;0.993936;0.999867906;0.999852826;L2;0.595035789
615;Benzene;Water;322.577165;0.993225292;0.999849479;0.999836963;L2;0.664722811
615;Benzene;Water;323.097009;0.993433;0.999846609;0.999834639;L2;0.643525532
615;Benzene;Water;323.127;0.994916426;0.999846443;0.999834505;L2;0.494297009
615;Benzene;Water;323.127;0.993099149;0.999846443;0.999834505;L2;0.677120275
615;Benzene;Water;323.127;0.993657107;0.999846443;0.999834505;L2;0.620952538
615;Benzene;Water;323.127;0.99452;0.999846443;0.999834505;L2;0.534150105
615;Benzene;Water;323.127;0.9951;0.999846443;0.999834505;L2;0.475847513
615;Benzene;Water;323.127;0.993485377;0.999846443;0.999834505;L2;0.638236654
615;Benzene;Water;323.137055;0.993528305;0.999846387;0.99983446;L2;0.633910197
615;Benzene;Water;323.15;0.99202104;0.999846314;0.999834402;L2;0.785726488
615;Benzene;Water;323.15;0.99277;0.999846314;0.999834402;L2;0.710256575
615;Benzene;Water;323.52688;0.99303;0.999844203;0.999832718;L2;0.683859439
615;Benzene;Water;324.3;0.9936;0.999839795;0.999829262;L2;0.626035027
615;Benzene;Water;325.02643;0.993098;0.999835561;0.999826015;L2;0.676147617
615;Benzene;Water;325.32634;0.992922;0.999833786;0.999824674;L2;0.693693975
615;Benzene;Water;326.32604;0.992789;0.999827754;0.999820206;L2;0.706486427
615;Benzene;Water;327.82559;0.992479;0.999818369;0.999813503;L2;0.736777764
615;Benzene;Water;328.1255;0.995122965;0.999816442;0.999812162;L2;0.47053917
615;Benzene;Water;328.1255;0.992070337;0.999816442;0.999812162;L2;0.777769513
615;Benzene;Water;329.1252;0.9922;0.999809897;0.999807694;L2;0.764045814
615;Benzene;Water;330.62475;0.991899027;0.99979972;0.999796969;L2;0.793366379
615;Benzene;Water;330.62475;0.992156009;0.99979972;0.999796969;L2;0.767461654
615;Benzene;Water;331.32454;0.99109;0.999794819;0.999789661;L2;0.874472918
615;Benzene;Water;331.62445;0.99059;0.999792688;0.999786528;L2;0.924722068
615;Benzene;Water;333.02403;0.991343;0.999782504;0.99977191;L2;0.847716985
615;Benzene;Water;333.124;0.99295;0.999781761;0.999770866;L2;0.685670592
615;Benzene;Water;333.13437;0.99628;0.999781684;0.999770758;L2;0.350859645
615;Benzene;Water;333.13437;0.99181339;0.999781684;0.999770758;L2;0.800196436
615;Benzene;Water;333.13437;0.991385371;0.999781684;0.999770758;L2;0.843360945
615;Benzene;Water;333.15;0.99099;0.999781567;0.999770595;L2;0.883237916
615;Benzene;Water;333.15;0.9905;0.999781567;0.999770595;L2;0.932695648
615;Benzene;Water;334.024;0.990706;0.999774978;0.999761466;L2;0.911241137
615;Benzene;Water;338.124;0.99027;0.999741842;0.999718644;L2;0.951945492
615;Benzene;Water;338.124;0.990359283;0.999741842;0.999718644;L2;0.942929872
615;Benzene;Water;338.124;0.989761485;0.999741842;0.999718644;L2;1.003309827
615;Benzene;Water;338.124;0.990188427;0.999741842;0.999718644;L2;0.960183281
615;Benzene;Water;338.424;0.9895;0.999739269;0.999715511;L2;1.029474848
615;Benzene;Water;339.124;0.989036331;0.999733181;0.9997082;L2;1.075735795
615;Benzene;Water;340.324;0.98879;0.999722473;0.999695667;L2;1.099573977
615;Benzene;Water;340.624;0.9892;0.999719741;0.999692534;L2;1.057844538
615;Benzene;Water;342.624;0.988610151;0.999700963;0.999671645;L2;1.11561281
615;Benzene;Water;343.15;0.9887;0.999695856;0.999666151;L2;1.106014008
615;Benzene;Water;343.15;0.9878;0.999695856;0.999666151;L2;1.197084088
615;Benzene;Water;344.1239;0.98726;0.999686213;0.999655979;L2;1.250801331
615;Benzene;Water;346.1237;0.9871;0.999665625;0.999635093;L2;1.264949618
615;Benzene;Water;346.32368;0.98698;0.999663506;0.999633004;L2;1.276895284
615;Benzene;Water;350.1233;0.985549955;0.999621124;0.999593319;L2;1.417651617
615;Benzene;Water;350.2;0.9874;0.999620226;0.999592518;L2;1.23002069
615;Benzene;Water;353.15;0.9846;0.999584325;0.999561707;L2;1.510405071
615;Benzene;Water;353.15;0.9843;0.999584325;0.999561707;L2;1.54087894
615;Benzene;Water;358.9773;0.986;0.999505257;0.999500845;L2;1.360405903
615;Benzene;Water;363.15;0.9793;0.999441438;0.999422518;L2;2.035853
615;Benzene;Water;363.15;0.9796;0.999441438;0.999422518;L2;2.005223565
615;Benzene;Water;373.12437;0.9819;0.999261464;0.99921105;L2;1.752699982
615;Benzene;Water;373.12437;0.9792;0.999261464;0.99921105;L2;2.028055824
615;Benzene;Water;373.15;0.9742;0.999260947;0.999210507;L2;2.53993318
615;Benzene;Water;373.15;0.9735;0.999260947;0.999210507;L2;2.611812836
615;Benzene;Water;374.12417;0.97865;0.9992411;0.999189853;L2;2.082202008
615;Benzene;Water;376.2;0.9783;0.999197368;0.999145843;L2;2.113595278
615;Benzene;Water;384.972;0.973;0.998989478;0.998959867;L2;2.63601635
615;Benzene;Water;397.91941;0.96342;0.998605367;0.998544262;L2;3.587021877
615;Benzene;Water;398.15;0.9539;0.998597596;0.99853533;L2;4.579304646
615;Benzene;Water;400.3;0.9617;0.998523455;0.998452053;L2;3.757509068
615;Benzene;Water;412.9664;0.955;0.998020391;0.997961441;L2;4.406236717
615;Benzene;Water;413.15;0.937;0.998012208;0.997954329;L2;6.308222599
615;Benzene;Water;423.11437;0.9287;0.997525922;0.997481584;L2;7.149237697
615;Benzene;Water;473.11;0.815;0.993484485;0.993374951;L2;19.80303318
779;1-Butanol;Water;255.154408;0.034208728;0.007191962;0.007196621;L1;155.9516791
779;1-Butanol;Water;270;0.0295182;0.008011792;0.008021273;L1;130.409259
779;1-Butanol;Water;270.042488;0.025698205;0.008014308;0.008023864;L1;116.5192724
779;1-Butanol;Water;273.15;0.027235914;0.008201026;0.008213378;L1;120.0277176
779;1-Butanol;Water;273.15;0.0271;0.008201026;0.008213378;L1;119.5274434
779;1-Butanol;Water;273.15;0.0251;0.008201026;0.008213378;L1;111.8608552
779;1-Butanol;Water;273.15;0.0263;0.008201026;0.008213378;L1;116.5309645
779;1-Butanol;Water;273.15;0.027579481;0.008201026;0.008213378;L1;121.281276
779;1-Butanol;Water;273.15;0.0271;0.008201026;0.008213378;L1;119.5274434
779;1-Butanol;Water;278.1;0.025414933;0.008509617;0.008515258;L1;109.4139931
779;1-Butanol;Water;278.147;0.025;0.008512614;0.008518124;L1;107.7326741
779;1-Butanol;Water;278.1492701;0.0252;0.008512759;0.008518262;L1;108.5277903
779;1-Butanol;Water;280;0.0241252;0.008631776;0.008633024;L1;102.7806655
779;1-Butanol;Water;282.748175;0.023416931;0.008812173;0.008821601;L1;97.73252784
779;1-Butanol;Water;283.1;0.023444912;0.008835587;0.008845743;L1;97.58659667
779;1-Butanol;Water;283.144;0.023;0.00883852;0.008848762;L1;95.63747438
779;1-Butanol;Water;283.144;0.0232;0.00883852;0.008848762;L1;96.50328066
779;1-Butanol;Water;283.144;0.023472897;0.00883852;0.008848762;L1;97.67269643
779;1-Butanol;Water;283.144;0.023;0.00883852;0.008848762;L1;95.63747438
779;1-Butanol;Water;283.148055;0.0216;0.008838791;0.008849041;L1;89.35432504
779;1-Butanol;Water;283.148055;0.0235;0.008838791;0.008849041;L1;97.78503568
779;1-Butanol;Water;283.15;0.019687731;0.00883892;0.008849174;L1;80.08309118
779;1-Butanol;Water;288.141;0.0213;0.009179162;0.009191652;L1;84.17712101
779;1-Butanol;Water;288.141;0.0216;0.009179162;0.009191652;L1;85.5757452
779;1-Butanol;Water;288.146555;0.021524836;0.009179549;0.009192033;L1;85.22294039
779;1-Butanol;Water;288.146555;0.021135765;0.009179549;0.009192033;L1;83.39886019
779;1-Butanol;Water;288.15;0.0198;0.009179789;0.009192269;L1;76.86777613
779;1-Butanol;Water;288.15;0.019388131;0.009179789;0.009192269;L1;74.76568983
779;1-Butanol;Water;288.2;0.020064465;0.009183273;0.0091957;L1;78.156663
779;1-Butanol;Water;289.146255;0.021248338;0.009249509;0.009260631;L1;83.17082473
779;1-Butanol;Water;290;0.0206896;0.009309739;0.009319214;L1;79.85701405
779;1-Butanol;Water;290.14597;0.020972286;0.009320081;0.009329231;L1;81.10304911
779;1-Butanol;Water;291.14577;0.020696679;0.009391276;0.009397836;L1;79.01921233
779;1-Butanol;Water;292.14557;0.020146795;0.009463089;0.009466441;L1;75.56463336
779;1-Butanol;Water;292.43842;0.016534601;0.009484242;0.009486536;L1;55.58235422
779;1-Butanol;Water;293.1;0.020421516;0.009532226;0.009532048;L1;76.19108318
779;1-Butanol;Water;293.138;0.0197;0.00953499;0.009534976;L1;72.56504492
779;1-Butanol;Water;293.138;0.015;0.00953499;0.009534976;L1;45.30820146
779;1-Butanol;Water;293.138;0.020696679;0.00953499;0.009534976;L1;77.50050661
779;1-Butanol;Water;293.138;0.020421516;0.00953499;0.009534976;L1;76.16208644
779;1-Butanol;Water;293.138;0.0202;0.00953499;0.009534976;L1;75.07144179
779;1-Butanol;Water;293.138;0.021;0.00953499;0.009534976;L1;78.95542512
779;1-Butanol;Water;293.138;0.0197;0.00953499;0.009534976;L1;72.56504492
779;1-Butanol;Water;293.14537;0.019872517;0.009535526;0.009535544;L1;73.43132957
779;1-Butanol;Water;293.14537;0.0197;0.009535526;0.009535544;L1;72.55942096
779;1-Butanol;Water;293.14537;0.020779314;0.009535526;0.009535544;L1;77.89335464
779;1-Butanol;Water;293.14537;0.019872517;0.009535526;0.009535544;L1;73.43132957
779;1-Butanol;Water;293.14537;0.0189;0.009535526;0.009535544;L1;68.41374959
779;1-Butanol;Water;293.14537;0.020421516;0.009535526;0.009535544;L1;76.15646247
779;1-Butanol;Water;293.14537;0.019161451;0.009535526;0.009535544;L1;69.78760742
779;1-Butanol;Water;293.14537;0.0207;0.009535526;0.009535544;L1;77.51092741
779;1-Butanol;Water;293.14537;0.020421516;0.009535526;0.009535544;L1;76.15646247
779;1-Butanol;Water;293.15;0.018;0.009535863;0.009535901;L1;63.53120005
779;1-Butanol;Water;293.15;0.018;0.009535863;0.009535901;L1;63.53120005
779;1-Butanol;Water;293.15;0.017667004;0.009535863;0.009535901;L1;61.66389616
779;1-Butanol;Water;293.15;0.019;0.009535863;0.009535901;L1;68.93792217
779;1-Butanol;Water;293.15;0.020504018;0.009535863;0.009535901;L1;76.55611095
779;1-Butanol;Water;293.2;0.0202;0.009539502;0.009539753;L1;75.02412888
779;1-Butanol;Water;295.73696;0.019317085;0.009726222;0.009735237;L1;68.61644089
779;1-Butanol;Water;296.1368;0.0166;0.009756023;0.009766047;L1;53.15178542
779;1-Butanol;Water;296.83652;0.019071412;0.009808421;0.009819963;L1;66.49491091
779;1-Butanol;Water;297.98606;0.017964842;0.009895189;0.00990854;L1;59.63679652
779;1-Butanol;Water;297.98606;0.018828819;0.009895189;0.00990854;L1;64.33399612
779;1-Butanol;Water;297.9944;0.019;0.009895821;0.009909183;L1;65.23263881
779;1-Butanol;Water;298;0.0189;0.009896246;0.009909614;L1;64.70064037
779;1-Butanol;Water;298.1;0.0172;0.009903836;0.00991732;L1;55.19872709
779;1-Butanol;Water;298.136;0.018;0.009906569;0.009920094;L1;59.71736545
779;1-Butanol;Water;298.136;0.0189;0.009906569;0.009920094;L1;64.59638187
779;1-Butanol;Water;298.136;0.0189;0.009906569;0.009920094;L1;64.59638187
779;1-Butanol;Water;298.136;0.0191;0.009906569;0.009920094;L1;65.64902317
779;1-Butanol;Water;298.136;0.019079596;0.009906569;0.009920094;L1;65.54213884
779;1-Butanol;Water;298.14437;0.019;0.009907205;0.009920739;L1;65.11767067
779;1-Butanol;Water;298.14437;0.0192;0.009907205;0.009920739;L1;66.16480066
779;1-Butanol;Water;298.14437;0.016210466;0.009907205;0.009920739;L1;49.23948106
779;1-Butanol;Water;298.14437;0.01932528;0.009907205;0.009920739;L1;66.81518109
779;1-Butanol;Water;298.14437;0.0151;0.009907205;0.009920739;L1;42.14324714
779;1-Butanol;Water;298.14437;0.019052319;0.009907205;0.009920739;L1;65.3926554
779;1-Butanol;Water;298.15;0.020696679;0.009907633;0.009921172;L1;73.66678173
779;1-Butanol;Water;298.15;0.017045939;0.009907633;0.009921172;L1;54.26065582
779;1-Butanol;Water;298.15;0.019;0.009907633;0.009921172;L1;65.11335438
779;1-Butanol;Water;298.15;0.019;0.009907633;0.009921172;L1;65.11335438
779;1-Butanol;Water;298.15;0.017694058;0.009907633;0.009921172;L1;57.99234416
779;1-Butanol;Water;298.15;0.018;0.009907633;0.009921172;L1;59.70663225
779;1-Butanol;Water;298.15;0.0198;0.009907633;0.009921172;L1;69.23765023
779;1-Butanol;Water;298.15;0.015917677;0.009907633;0.009921172;L1;47.41248173
779;1-Butanol;Water;298.15;0.0191;0.009907633;0.009921172;L1;65.63828997
779;1-Butanol;Water;298.15;0.0187;0.009907633;0.009921172;L1;63.52180885
779;1-Butanol;Water;298.15;0.019;0.009907633;0.009921172;L1;65.11335438
779;1-Butanol;Water;298.15;0.019872517;0.009907633;0.009921172;L1;69.60322866
779;1-Butanol;Water;298.15;0.020696679;0.009907633;0.009921172;L1;73.66678173
779;1-Butanol;Water;298.15;0.01932528;0.009907633;0.009921172;L1;66.8108648
779;1-Butanol;Water;298.19436;0.0185;0.009911003;0.009924591;L1;62.4125199
779;1-Butanol;Water;298.2;0.019;0.009911431;0.009925025;L1;65.07502046
779;1-Butanol;Water;298.2;0.0189;0.009911431;0.009925025;L1;64.54731475
779;1-Butanol;Water;298.2;0.018916003;0.009911431;0.009925025;L1;64.63195088
779;1-Butanol;Water;298.2;0.016024806;0.009911431;0.009925025;L1;48.04491221
779;1-Butanol;Water;298.2;0.018616492;0.009911431;0.009925025;L1;63.035908
779;1-Butanol;Water;298.2;0.019872517;0.009911431;0.009925025;L1;69.56489474
779;1-Butanol;Water;298.6;0.0183;0.009941879;0.009955847;L1;61.0144986
779;1-Butanol;Water;299.1356;0.017;0.009982812;0.009997117;L1;53.23484863
779;1-Butanol;Water;299.15;0.016615235;0.009983916;0.009998227;L1;50.9344694
779;1-Butanol;Water;299.53544;0.018513148;0.010013492;0.010027927;L1;61.45477833
779;1-Butanol;Water;299.83532;0.018779797;0.010036571;0.010051034;L1;62.65461812
779;1-Butanol;Water;300;0.0185093;0.010049269;0.010063723;L1;61.07733789
779;1-Butanol;Water;300.1352;0.017964842;0.010059708;0.010074141;L1;57.98784805
779;1-Butanol;Water;300.635;0.0166;0.010098402;0.010112652;L1;49.70255021
779;1-Butanol;Water;301.194776;0.018208918;0.010141935;0.010155786;L1;58.52326846
779;1-Butanol;Water;302.314328;0.018008208;0.010229624;0.010242052;L1;56.55398435
779;1-Butanol;Water;302.943115;0.017964842;0.01027924;0.010290503;L1;55.82902837
779;1-Butanol;Water;303.1;0.018317509;0.010291661;0.010302591;L1;57.65234389
779;1-Butanol;Water;303.134;0.017;0.010294355;0.010305211;L1;50.1617674
779;1-Butanol;Water;303.134;0.0179;0.010294355;0.010305211;L1;55.32050428
779;1-Butanol;Water;303.134;0.0179;0.010294355;0.010305211;L1;55.32050428
779;1-Butanol;Water;303.134;0.018;0.010294355;0.010305211;L1;55.87760878
779;1-Butanol;Water;303.134;0.018;0.010294355;0.010305211;L1;55.87760878
779;1-Butanol;Water;303.134;0.0182;0.010294355;0.010305211;L1;56.9825924
779;1-Butanol;Water;303.134;0.018236059;0.010294355;0.010305211;L1;57.18052276
779;1-Butanol;Water;303.134;0.0182;0.010294355;0.010305211;L1;56.9825924
779;1-Butanol;Water;303.143055;0.01850771;0.010295072;0.010305909;L1;58.65220258
779;1-Butanol;Water;303.143055;0.01677;0.010295072;0.010305909;L1;48.79261996
779;1-Butanol;Water;303.143055;0.0178;0.010295072;0.010305909;L1;54.75330811
779;1-Butanol;Water;303.15;0.017;0.010295623;0.010306444;L1;50.14945043
779;1-Butanol;Water;303.15;0.018290355;0.010295623;0.010306444;L1;57.4655032
779;1-Butanol;Water;303.15;0.019;0.010295623;0.010306444;L1;61.27201394
779;1-Butanol;Water;303.15;0.015;0.010295623;0.010306444;L1;37.63313614
779;1-Butanol;Water;303.15;0.018019051;0.010295623;0.010306444;L1;55.97107473
779;1-Butanol;Water;303.15;0.01932528;0.010295623;0.010306444;L1;62.96952436
779;1-Butanol;Water;303.15;0.020972286;0.010295623;0.010306444;L1;71.14830121
779;1-Butanol;Water;303.15;0.023472897;0.010295623;0.010306444;L1;82.41275967
779;1-Butanol;Water;303.15;0.0181;0.010295623;0.010306444;L1;56.41930985
779;1-Butanol;Water;303.15;0.016782744;0.010295623;0.010306444;L1;48.86323759
779;1-Butanol;Water;303.19304;0.0181;0.010299035;0.010309761;L1;56.38617645
779;1-Butanol;Water;303.2;0.01850771;0.010299587;0.010310297;L1;58.60836472
779;1-Butanol;Water;303.2;0.01812752;0.010299587;0.010310297;L1;56.53274707
779;1-Butanol;Water;303.2;0.0181;0.010299587;0.010310297;L1;56.38081835
779;1-Butanol;Water;303.2;0.022;0.010299587;0.010310297;L1;75.89386985
779;1-Butanol;Water;303.942815;0.018154648;0.01035867;0.010367534;L1;56.11027252
779;1-Butanol;Water;305.633;0.0158;0.0104945;0.01049777;L1;40.91586747
779;1-Butanol;Water;307.98206;0.017423707;0.010686524;0.010692451;L1;48.88482651
779;1-Butanol;Water;308.132;0.0175;0.01069891;0.010705393;L1;49.2059004
779;1-Butanol;Water;308.15;0.018;0.010700398;0.010706947;L1;52.00908103
779;1-Butanol;Water;308.15;0.017829396;0.010700398;0.010706947;L1;51.05676082
779;1-Butanol;Water;308.15;0.0176;0.010700398;0.010706947;L1;49.76179544
779;1-Butanol;Water;308.15;0.013;0.010700398;0.010706947;L1;19.46684098
779;1-Butanol;Water;308.15;0.015890906;0.010700398;0.010706947;L1;39.54660483
779;1-Butanol;Water;308.15;0.018;0.010700398;0.010706947;L1;52.00908103
779;1-Butanol;Water;308.2;0.02;0.010704533;0.010711262;L1;62.50650095
779;1-Butanol;Water;309.141255;0.0176;0.010782691;0.010792508;L1;48.99567622
779;1-Butanol;Water;309.15;0.0176;0.01078342;0.010793263;L1;48.9889151
779;1-Butanol;Water;310;0.0171888;0.010854539;0.010866631;L1;45.96746902
779;1-Butanol;Water;310.98086;0.01850771;0.01093724;0.010951295;L1;52.60139267
779;1-Butanol;Water;310.98086;0.017153787;0.01093724;0.010951295;L1;45.00454902
779;1-Butanol;Water;311.6306;0.0153;0.010992398;0.011007378;L1;33.06488491
779;1-Butanol;Water;313.1;0.017504767;0.011118253;0.011134211;L1;45.38850522
779;1-Butanol;Water;313.13;0.0167;0.011120839;0.0111368;L1;40.65880008
779;1-Butanol;Water;313.13;0.015356366;0.011120839;0.0111368;L1;32.27093925
779;1-Butanol;Water;313.13;0.0169;0.011120839;0.0111368;L1;41.84929033
779;1-Butanol;Water;313.13;0.0167;0.011120839;0.0111368;L1;40.65880008
779;1-Butanol;Water;313.13;0.016749712;0.011120839;0.0111368;L1;40.95603455
779;1-Butanol;Water;313.140055;0.017;0.011121706;0.011137668;L1;42.43146866
779;1-Butanol;Water;313.140055;0.0169;0.011121706;0.011137668;L1;41.84149645
779;1-Butanol;Water;313.140055;0.018;0.011121706;0.011137668;L1;48.14731004
779;1-Butanol;Water;313.140055;0.0153;0.011121706;0.011137668;L1;31.89541709
779;1-Butanol;Water;313.15;0.017342686;0.011122563;0.011138526;L1;44.41951172
779;1-Butanol;Water;313.15;0.019;0.011122563;0.011138526;L1;53.54632351
779;1-Butanol;Water;313.15;0.019;0.011122563;0.011138526;L1;53.54632351
779;1-Butanol;Water;313.15;0.017072895;0.011122563;0.011138526;L1;42.85163741
779;1-Butanol;Water;313.19004;0.0169;0.011126016;0.011141982;L1;41.80275111
779;1-Butanol;Water;313.2;0.016857371;0.011126875;0.011142842;L1;41.54246931
779;1-Butanol;Water;313.2;0.0169;0.011126875;0.011142842;L1;41.79503058
779;1-Butanol;Water;313.2;0.0171;0.011126875;0.011142842;L1;42.97151474
779;1-Butanol;Water;313.240025;0.017342686;0.011130327;0.011146297;L1;44.34972852
779;1-Butanol;Water;318.1285;0.0166;0.011560832;0.01156825;L1;36.17798587
779;1-Butanol;Water;318.1285;0.0145;0.011560832;0.01156825;L1;22.65258128
779;1-Butanol;Water;318.15;0.018;0.011562764;0.011570106;L1;44.25817801
779;1-Butanol;Water;318.15;0.017423707;0.011562764;0.011570106;L1;41.00417724
779;1-Butanol;Water;318.15;0.0166;0.011562764;0.011570106;L1;36.16127176
779;1-Butanol;Water;318.15;0.0166;0.011562764;0.011570106;L1;36.16127176
779;1-Butanol;Water;318.15;0.021;0.011562764;0.011570106;L1;59.67324599
779;1-Butanol;Water;318.2;0.017045939;0.01156726;0.011574422;L1;38.77333077
779;1-Butanol;Water;320;0.0165033;0.011730348;0.011730356;L1;34.13810712
779;1-Butanol;Water;321.637505;0.0166;0.01188085;0.011888393;L1;33.44748632
779;1-Butanol;Water;321.65;0.0166;0.011882006;0.011889599;L1;33.43775425
779;1-Butanol;Water;322.737175;0.017694058;0.011983076;0.011994523;L1;38.97335478
779;1-Butanol;Water;323.1;0.016803533;0.01201701;0.012029539;L1;33.52660041
779;1-Butanol;Water;323.127;0.0163;0.012019539;0.012032145;L1;30.46314925
779;1-Butanol;Water;323.127;0.0165;0.012019539;0.012032145;L1;31.68267656
779;1-Butanol;Water;323.127;0.016212446;0.012019539;0.012032145;L1;29.92456035
779;1-Butanol;Water;323.127;0.0163;0.012019539;0.012032145;L1;30.46314925
779;1-Butanol;Water;323.127;0.015;0.012019539;0.012032145;L1;22.15165858
779;1-Butanol;Water;323.137055;0.016722808;0.012020482;0.012033115;L1;33.01615441
779;1-Butanol;Water;323.15;0.016615235;0.012021695;0.012034365;L1;32.36071493
779;1-Butanol;Water;323.15;0.015543262;0.012021695;0.012034365;L1;25.69143366
779;1-Butanol;Water;323.15;0.016;0.012021695;0.012034365;L1;28.5875826
779;1-Butanol;Water;323.15;0.016695909;0.012021695;0.012034365;L1;32.84508231
779;1-Butanol;Water;323.15;0.016454004;0.012021695;0.012034365;L1;31.38559556
779;1-Butanol;Water;323.15;0.015757112;0.012021695;0.012034365;L1;27.05789227
779;1-Butanol;Water;323.15;0.0167;0.012021695;0.012034365;L1;32.86958232
779;1-Butanol;Water;323.2;0.018;0.012026381;0.01203919;L1;40.32691132
779;1-Butanol;Water;328.15;0.02;0.012500092;0.012516917;L1;46.99962411
779;1-Butanol;Water;328.15;0.017;0.012500092;0.012516917;L1;30.74773116
779;1-Butanol;Water;328.15;0.018;0.012500092;0.012516917;L1;36.46357254
779;1-Butanol;Water;328.15;0.017423707;0.012500092;0.012516917;L1;33.20957177
779;1-Butanol;Water;330;0.0163327;0.01268219;0.012695462;L1;25.29705743
779;1-Butanol;Water;330.1249;0.014;0.012694585;0.012707516;L1;9.78817981
779;1-Butanol;Water;331.23475;0.0168;0.012805292;0.012814628;L1;27.1520391
779;1-Butanol;Water;331.25;0.0168;0.01280682;0.0128161;L1;27.14010504
779;1-Butanol;Water;332.63447;0.017964842;0.012946374;0.012949716;L1;32.76008707
779;1-Butanol;Water;333.1;0.016749712;0.012993658;0.012994644;L1;25.39196397
779;1-Butanol;Water;333.124;0.0166;0.012996101;0.012996961;L1;24.47532971
779;1-Butanol;Water;333.124;0.016212446;0.012996101;0.012996961;L1;22.11298206
779;1-Butanol;Water;333.124;0.0162;0.012996101;0.012996961;L1;22.0361844
779;1-Butanol;Water;333.124;0.0167;0.012996101;0.012996961;L1;25.07593212
779;1-Butanol;Water;333.13437;0.0153;0.012997157;0.012997962;L1;16.3122209
779;1-Butanol;Water;333.13437;0.016;0.012997157;0.012997962;L1;20.78581029
779;1-Butanol;Water;333.13437;0.0187;0.012997157;0.012997962;L1;36.37929045
779;1-Butanol;Water;333.15;0.0162;0.012998748;0.01299947;L1;22.0158203
779;1-Butanol;Water;333.15;0.015276331;0.012998748;0.01299947;L1;16.14515978
779;1-Butanol;Water;333.23435;0.016212446;0.013007339;0.013007611;L1;22.02655018
779;1-Butanol;Water;338.124;0.015356366;0.013515746;0.013533655;L1;12.76747097
779;1-Butanol;Water;340;0.0166346;0.013716342;0.013735949;L1;19.28968735
779;1-Butanol;Water;340.124;0.0145;0.013729712;0.01374932;L1;5.458643319
779;1-Butanol;Water;340.15;0.016615235;0.013732517;0.013752124;L1;19.05535493
779;1-Butanol;Water;340.68279;0.0173;0.01379013;0.013809576;L1;22.67534114
779;1-Butanol;Water;340.7;0.0173;0.013791995;0.013811432;L1;22.66181609
779;1-Butanol;Water;342.632205;0.017153787;0.014003113;0.014019786;L1;20.29393099
779;1-Butanol;Water;343.1;0.017639954;0.014054737;0.01407023;L1;22.72069778
779;1-Butanol;Water;343.124;0.0166;0.014057391;0.014072818;L1;16.62544187
779;1-Butanol;Water;343.124;0.0172;0.014057391;0.014072818;L1;20.17611072
779;1-Butanol;Water;343.124;0.016749712;0.014057391;0.014072818;L1;17.52327875
779;1-Butanol;Water;343.15;0.01678;0.014060266;0.014075621;L1;17.68348763
779;1-Butanol;Water;343.15;0.0172;0.014060266;0.014075621;L1;20.15565591
779;1-Butanol;Water;343.2;0.016;0.014065798;0.014081013;L1;12.88425293
779;1-Butanol;Water;343.331995;0.017234718;0.014080413;0.014095246;L1;20.21411593
779;1-Butanol;Water;344.1239;0.0153;0.014168432;0.014180639;L1;7.683644998
779;1-Butanol;Water;348.1235;0.0174;0.01462194;0.014630481;L1;17.39470576
779;1-Butanol;Water;348.15;0.016615235;0.014624996;0.014633671;L1;12.75879594
779;1-Butanol;Water;349.1234;0.0158;0.014737695;0.014750813;L1;6.960147526
779;1-Butanol;Water;350;0.0174483;0.014839971;0.014856306;L1;16.19179369
779;1-Butanol;Water;351.129655;0.0186;0.014972879;0.014992253;L1;21.69210852
779;1-Butanol;Water;351.15;0.0186;0.014975284;0.014994701;L1;21.67604725
779;1-Butanol;Water;353.1;0.018100396;0.015207715;0.015229371;L1;17.41309471
779;1-Butanol;Water;353.123;0.017964842;0.015210479;0.015232139;L1;16.6432014
779;1-Butanol;Water;353.123;0.0177;0.015210479;0.015232139;L1;15.1580028
779;1-Butanol;Water;353.123;0.0175;0.015210479;0.015232139;L1;14.02162693
779;1-Butanol;Water;353.129055;0.0161;0.015211207;0.015232868;L1;5.678681444
779;1-Butanol;Water;353.129055;0.0198;0.015211207;0.015232868;L1;26.36494801
779;1-Butanol;Water;353.15;0.01798;0.015213725;0.015235388;L1;16.70620654
779;1-Butanol;Water;353.15;0.0181;0.015213725;0.015235388;L1;17.37139747
779;1-Butanol;Water;353.229025;0.018073277;0.015223228;0.015244898;L1;17.16120104
779;1-Butanol;Water;354.123;0.016534601;0.015331174;0.015352483;L1;7.556696786
779;1-Butanol;Water;354.623;0.0166;0.0153919;0.015412654;L1;7.556129245
779;1-Butanol;Water;355.04;0.018;0.01544274;0.015462838;L1;15.32327401
779;1-Butanol;Water;355.828245;0.019;0.015539329;0.015557698;L1;20.10648426
779;1-Butanol;Water;360;0.0189465;0.016061274;0.01606272;L1;16.52081757
779;1-Butanol;Water;361.02679;0.0203;0.016192567;0.016200587;L1;22.60685926
779;1-Butanol;Water;361.05;0.0207;0.016195548;0.016203703;L1;24.53973316
779;1-Butanol;Water;362.45;0.0187;0.016376434;0.016391681;L1;13.26801769
779;1-Butanol;Water;362.62647;0.01932528;0.016399386;0.016415376;L1;16.41701638
779;1-Butanol;Water;363.123;0.020146795;0.01646415;0.016482044;L1;20.18598992
779;1-Butanol;Water;363.123;0.0195;0.01646415;0.016482044;L1;16.92291461
779;1-Butanol;Water;363.123;0.0202;0.01646415;0.016482044;L1;20.44972849
779;1-Butanol;Water;363.15;0.01924;0.01646768;0.01648567;L1;15.55917748
779;1-Butanol;Water;363.15;0.015;0.01646768;0.01648567;L1;9.334946934
779;1-Butanol;Water;363.62305;0.0166;0.016529648;0.016549186;L1;0.424706519
779;1-Butanol;Water;363.72625;0.01867091;0.0165432;0.016563043;L1;12.09915537
779;1-Butanol;Water;365.72;0.021027461;0.016807342;0.016830743;L1;22.40134636
779;1-Butanol;Water;365.73;0.021;0.016808678;0.016832085;L1;22.26271597
779;1-Butanol;Water;365.85;0.021;0.01682472;0.016848198;L1;22.16732299
779;1-Butanol;Water;365.873275;0.02;0.016827833;0.016851323;L1;17.26980364
779;1-Butanol;Water;365.92581;0.0176;0.016834862;0.016858377;L1;4.444701924
779;1-Butanol;Water;366.15;0.02077;0.016864896;0.016888479;L1;20.82753614
779;1-Butanol;Water;366.23;0.0198;0.016875626;0.01689922;L1;15.9811579
779;1-Butanol;Water;367.1234;0.0185;0.016995958;0.017019177;L1;8.479517196
779;1-Butanol;Water;367.12557;0.022;0.016996252;0.017019468;L1;25.80496313
779;1-Butanol;Water;370;0.0216018;0.017389655;0.017405417;L1;21.6901156
779;1-Butanol;Water;371.02379;0.0227;0.01753211;0.017542881;L1;25.83308686
779;1-Butanol;Water;371.473835;0.0232;0.017595125;0.017603308;L1;27.65303944
779;1-Butanol;Water;371.62467;0.023;0.017616299;0.017623561;L1;26.66696518
779;1-Butanol;Water;372.42451;0.024877989;0.017729036;0.017730955;L1;33.87796913
779;1-Butanol;Water;373.124;0.023612893;0.017828261;0.017831019;L1;28.10079865
779;1-Butanol;Water;373.124;0.0232;0.017828261;0.017831019;L1;26.33673888
779;1-Butanol;Water;373.12437;0.0207;0.017828314;0.017831075;L1;14.93458575
779;1-Butanol;Water;373.15;0.02347;0.017831961;0.017834916;L1;27.47306211
779;1-Butanol;Water;373.15;0.024877989;0.017831961;0.017834916;L1;33.29910479
779;1-Butanol;Water;375.1244;0.0196;0.018115317;0.018130821;L1;7.877174024
779;1-Butanol;Water;376.15;0.026294587;0.018264407;0.018284528;L1;36.44088838
779;1-Butanol;Water;376.45;0.0245;0.018308266;0.01832949;L1;29.13204407
779;1-Butanol;Water;377.47487;0.0259;0.018458955;0.018483088;L1;33.86933741
779;1-Butanol;Water;378.125;0.0257;0.018555234;0.018580523;L1;32.57390676
779;1-Butanol;Water;378.15;0.02525;0.018558947;0.01858427;L1;30.7874141
779;1-Butanol;Water;378.42506;0.0218;0.018599853;0.018625493;L1;15.87562907
779;1-Butanol;Water;380;0.026724;0.018835947;0.018861531;L1;34.97949224
779;1-Butanol;Water;380.02299;0.028009894;0.018839417;0.018864977;L1;39.66064754
779;1-Butanol;Water;380.32293;0.027;0.018884754;0.018909929;L1;35.74819521
779;1-Butanol;Water;380.845544;0.025698205;0.018964029;0.018988253;L1;30.38771458
779;1-Butanol;Water;382.92241;0.029162875;0.019282638;0.019299515;L1;41.3691411
779;1-Butanol;Water;383.126;0.028873916;0.01931418;0.019330027;L1;40.20991069
779;1-Butanol;Water;383.126;0.0295;0.01931418;0.019330027;L1;42.35507432
779;1-Butanol;Water;383.15;0.02796;0.019317902;0.019333624;L1;36.9742708
779;1-Butanol;Water;384.72205;0.031;0.019563398;0.019569229;L1;46.0326851
779;1-Butanol;Water;386.076295;0.033;0.019777594;0.019783372;L1;51.19578689
779;1-Butanol;Water;387.12157;0.034;0.019944656;0.01995805;L1;53.33993038
779;1-Butanol;Water;387.62645;0.0343;0.020025899;0.020042422;L1;53.81189898
779;1-Butanol;Water;388.15;0.03313;0.020110526;0.020129914;L1;49.91958715
779;1-Butanol;Water;389.86;0.0373;0.020389655;0.020415676;L1;60.396566
779;1-Butanol;Water;390;0.0386;0.020412694;0.020439072;L1;63.70953118
779;1-Butanol;Water;390.02669;0.0364;0.020417089;0.020443532;L1;57.81965043
779;1-Butanol;Water;390.52674;0.034208728;0.020499631;0.020527097;L1;51.20739218
779;1-Butanol;Water;390.92081;0.041;0.020564936;0.020592951;L1;68.99845858
779;1-Butanol;Water;391.22075;0.039586002;0.020614793;0.020643074;L1;65.24666255
779;1-Butanol;Water;391.376825;0.0412;0.020640789;0.020669157;L1;69.11690723
779;1-Butanol;Water;392.92041;0.048060548;0.020899828;0.020927109;L1;83.27206943
779;1-Butanol;Water;393.12037;0.0504;0.020933644;0.020960525;L1;87.86335368
779;1-Butanol;Water;393.127;0.044;0.020934767;0.020961633;L1;74.27783871
779;1-Butanol;Water;393.15;0.04215;0.02093866;0.020965476;L1;69.9637463
779;1-Butanol;Water;393.42709;0.041590411;0.020985631;0.021011781;L1;68.40316568
779;1-Butanol;Water;393.877225;0.0474;0.021062183;0.021087005;L1;81.11430762
779;1-Butanol;Water;394.82003;0.052;0.021223514;0.021244559;L1;89.61340118
779;1-Butanol;Water;395.01;0.0503;0.021256185;0.021276306;L1;86.13571631
779;1-Butanol;Water;395.01999;0.053;0.021257905;0.021277975;L1;91.35631031
779;1-Butanol;Water;395.21995;0.051301221;0.021292357;0.021311391;L1;87.93663811
779;1-Butanol;Water;395.577735;0.049059108;0.021354154;0.021371181;L1;83.17795535
779;1-Butanol;Water;395.81983;0.053603758;0.021396082;0.021411638;L1;91.84113754
779;1-Butanol;Water;396.21975;0.06;0.02146554;0.02147847;L1;102.7895704
779;1-Butanol;Water;396.32796;0.0611;0.021484377;0.021496553;L1;104.5185862
779;1-Butanol;Water;396.42799;0.0564;0.021501806;0.021513269;L1;96.43322462
779;1-Butanol;Water;396.72808;0.065;0.021554186;0.021563418;L1;110.3817236
779;1-Butanol;Water;397.01959;0.063454154;0.021605203;0.021612133;L1;107.7383509
779;1-Butanol;Water;397.21955;0.079;0.021640277;0.021645549;L1;129.4891584
779;1-Butanol;Water;397.32826;0.0725;0.02165937;0.021663716;L1;120.8148411
779;1-Butanol;Water;397.41951;0.093;0.02167541;0.021678965;L1;145.6421033
779;1-Butanol;Water;397.41951;0.073836471;0.02167541;0.021678965;L1;122.5674336
779;1-Butanol;Water;397.52832;0.0965;0.021694555;0.021697148;L1;149.2481705
779;1-Butanol;Water;397.71945;0.08596344;0.021728229;0.021729089;L1;137.5309797
779;1-Butanol;Water;397.858419;0.095927595;0.02175275;0.021752697;L1;148.3853514
779;1-Butanol;Water;397.868422;0.086981553;0.021754516;0.021754563;L1;138.5874697
779;1-Butanol;Water;397.958449;0.0835;0.021770419;0.021771358;L1;134.4294519
779;1-Butanol;Water;398;0.0638;0.021777763;0.02177911;L1;107.4863788
779;1-Butanol;Water;398.1285;0.071;0.021800493;0.021803082;L1;118.0747295
779;1-Butanol;Water;398.278545;0.0962;0.021827067;0.021831074;L1;148.3278542
779;1-Butanol;Water;398.89;0.0783;0.021935727;0.021945144;L1;127.2430909
779;1-Butanol;Water;401;0.084406994;0.022315313;0.022338774;L1;133.037713
779;1-Butanol;Water;268.154;0.505958533;0.448078982;0.447960587;L2;12.14851997
779;1-Butanol;Water;270;0.504403;0.448993137;0.448778611;L2;11.63679491
779;1-Butanol;Water;273.15;0.50887133;0.450451414;0.45017448;L2;12.1944972
779;1-Butanol;Water;273.15;0.4994;0.450451414;0.45017448;L2;10.3157155
779;1-Butanol;Water;273.15;0.499;0.450451414;0.45017448;L2;10.23558729
779;1-Butanol;Water;273.15;0.5112;0.450451414;0.45017448;L2;12.65106802
779;1-Butanol;Water;278.1;0.500511998;0.452488403;0.452367989;L2;10.08694367
779;1-Butanol;Water;278.147;0.499;0.452506273;0.452388816;L2;9.780446912
779;1-Butanol;Water;278.1492701;0.4768;0.452507136;0.452389822;L2;5.229358319
779;1-Butanol;Water;280;0.502425;0.453189075;0.453169456;L2;10.31369535
779;1-Butanol;Water;282.748175;0.497657481;0.454124105;0.453938809;L2;9.154153232
779;1-Butanol;Water;283.1;0.497025835;0.454237178;0.454037302;L2;9.002252667
779;1-Butanol;Water;283.144;0.498;0.454251213;0.45404962;L2;9.194969856
779;1-Butanol;Water;283.144;0.5061;0.454251213;0.45404962;L2;10.80838998
779;1-Butanol;Water;283.148055;0.4931;0.454252506;0.454050755;L2;8.205876983
779;1-Butanol;Water;283.148055;0.4855;0.454252506;0.454050755;L2;6.652606433
779;1-Butanol;Water;286.1422;0.500193847;0.455152787;0.454888968;L2;9.436255959
779;1-Butanol;Water;288.141;0.496;0.455694327;0.455448533;L2;8.475367673
779;1-Butanol;Water;288.141;0.495;0.455694327;0.455448533;L2;8.273551258
779;1-Butanol;Water;288.146555;0.494508969;0.455695767;0.455450088;L2;8.173988005
779;1-Butanol;Water;288.146555;0.494;0.455695767;0.455450088;L2;8.071010883
779;1-Butanol;Water;288.15;0.5018;0.455696659;0.455451052;L2;9.637426728
779;1-Butanol;Water;288.2;0.487820996;0.455709595;0.45546505;L2;6.80927731
779;1-Butanol;Water;289.146255;0.497657481;0.455948884;0.455729954;L2;8.75313439
779;1-Butanol;Water;290;0.496815;0.456155786;0.455968961;L2;8.538333712
779;1-Butanol;Water;290.14597;0.497657481;0.456190309;0.456009825;L2;8.700198539
779;1-Butanol;Water;291.14577;0.496080192;0.456420118;0.45628972;L2;8.332389523
779;1-Butanol;Water;291.58893;0.493100025;0.456518275;0.456413783;L2;7.70833123
779;1-Butanol;Water;292.14557;0.494508969;0.456638353;0.456569614;L2;7.967356132
779;1-Butanol;Water;293.1;0.490451925;0.456835944;0.456834723;L2;7.100291945
779;1-Butanol;Water;293.138;0.498;0.456843595;0.456839537;L2;8.625898826
779;1-Butanol;Water;293.138;0.491;0.456843595;0.456839537;L2;7.210303903
779;1-Butanol;Water;293.138;0.492;0.456843595;0.456839537;L2;7.413762773
779;1-Butanol;Water;293.138;0.493;0.456843595;0.456839537;L2;7.616808528
779;1-Butanol;Water;293.14537;0.492943776;0.456845077;0.456840471;L2;7.605079051
779;1-Butanol;Water;293.14537;0.4893;0.456845077;0.456840471;L2;6.863146589
779;1-Butanol;Water;293.14537;0.491;0.456845077;0.456840471;L2;7.209979539
779;1-Butanol;Water;293.14537;0.492943776;0.456845077;0.456840471;L2;7.605079051
779;1-Butanol;Water;293.14537;0.492943776;0.456845077;0.456840471;L2;7.605079051
779;1-Butanol;Water;293.14537;0.491384579;0.456845077;0.456840471;L2;7.288274542
779;1-Butanol;Water;293.14537;0.4994;0.456845077;0.456840471;L2;8.906304544
779;1-Butanol;Water;293.14537;0.474619504;0.456845077;0.456840471;L2;3.816910641
779;1-Butanol;Water;293.14537;0.4762;0.456845077;0.456840471;L2;4.149360165
779;1-Butanol;Water;293.14537;0.492943776;0.456845077;0.456840471;L2;7.605079051
779;1-Butanol;Water;293.15;0.491851711;0.456846007;0.456841057;L2;7.383090121
779;1-Butanol;Water;293.15;0.49;0.456846007;0.456841057;L2;7.005902166
779;1-Butanol;Water;293.15;0.483;0.456846007;0.456841057;L2;5.56702842
779;1-Butanol;Water;293.15;0.516078628;0.456846007;0.456841057;L2;12.19127643
779;1-Butanol;Water;293.15;0.496;0.456846007;0.456841057;L2;8.222955728
779;1-Butanol;Water;293.15;0.485;0.456846007;0.456841057;L2;5.980252149
779;1-Butanol;Water;293.2;0.4936;0.456856042;0.456847391;L2;7.73571383
779;1-Butanol;Water;296.53664;0.488747609;0.457461352;0.457270094;L2;6.615381416
779;1-Butanol;Water;297.98606;0.482153409;0.457685156;0.457453714;L2;5.208082375
779;1-Butanol;Water;297.9944;0.512;0.457686376;0.45745477;L2;11.21404445
779;1-Butanol;Water;298;0.4836;0.457687194;0.45745548;L2;5.507214975
779;1-Butanol;Water;298.1;0.5289;0.457701752;0.457468148;L2;14.45816016
779;1-Butanol;Water;298.136;0.5;0.457706966;0.457472709;L2;8.837893114
779;1-Butanol;Water;298.136;0.494;0.457706966;0.457472709;L2;7.630634991
779;1-Butanol;Water;298.136;0.489;0.457706966;0.457472709;L2;6.61333222
779;1-Butanol;Water;298.136;0.508;0.457706966;0.457472709;L2;10.42522803
779;1-Butanol;Water;298.14437;0.5032;0.457708176;0.457473769;L2;9.475589429
779;1-Butanol;Water;298.14437;0.477616043;0.457708176;0.457473769;L2;4.257534129
779;1-Butanol;Water;298.14437;0.487;0.457708176;0.457473769;L2;6.203231199
779;1-Butanol;Water;298.14437;0.477616043;0.457708176;0.457473769;L2;4.257534129
779;1-Butanol;Water;298.14437;0.4853;0.457708176;0.457473769;L2;5.853544531
779;1-Butanol;Water;298.14437;0.487;0.457708176;0.457473769;L2;6.203231199
779;1-Butanol;Water;298.15;0.488284037;0.45770899;0.457474483;L2;6.466369109
779;1-Butanol;Water;298.15;0.488284037;0.45770899;0.457474483;L2;6.466369109
779;1-Butanol;Water;298.15;0.4797;0.45770899;0.457474483;L2;4.692732004
779;1-Butanol;Water;298.15;0.489986401;0.45770899;0.457474483;L2;6.814404919
779;1-Butanol;Water;298.15;0.485;0.45770899;0.457474483;L2;5.791530246
779;1-Butanol;Water;298.15;0.488284037;0.45770899;0.457474483;L2;6.466369109
779;1-Butanol;Water;298.15;0.510498434;0.45770899;0.457474483;L2;10.91539815
779;1-Butanol;Water;298.15;0.485;0.45770899;0.457474483;L2;5.791530246
779;1-Butanol;Water;298.15;0.488;0.45770899;0.457474483;L2;6.408181738
779;1-Butanol;Water;298.15;0.486742623;0.45770899;0.457474483;L2;6.150190004
779;1-Butanol;Water;298.15;0.486;0.45770899;0.457474483;L2;5.997503543
779;1-Butanol;Water;298.15;0.4873;0.45770899;0.457474483;L2;6.264636138
779;1-Butanol;Water;298.15;0.5503025;0.45770899;0.457474483;L2;18.42345386
779;1-Butanol;Water;298.15;0.4833;0.45770899;0.457474483;L2;5.440399038
779;1-Butanol;Water;298.15;0.4864;0.45770899;0.457474483;L2;6.079774218
779;1-Butanol;Water;298.19436;0.4942;0.457715387;0.457480102;L2;7.669272787
779;1-Butanol;Water;298.2;0.55389747;0.457716199;0.457480817;L2;19.07302581
779;1-Butanol;Water;298.2;0.483982823;0.457716199;0.457480817;L2;5.58000771
779;1-Butanol;Water;298.2;0.4895;0.457716199;0.457480817;L2;6.713512265
779;1-Butanol;Water;298.2;0.48520707;0.457716199;0.457480817;L2;5.832640895
779;1-Butanol;Water;298.2;0.489366531;0.457716199;0.457480817;L2;6.686242153
779;1-Butanol;Water;298.2;0.488;0.457716199;0.457480817;L2;6.406606653
779;1-Butanol;Water;298.6;0.499;0.457772875;0.457531491;L2;8.623294152
779;1-Butanol;Water;298.6;0.493;0.457772875;0.457531491;L2;7.413601981
779;1-Butanol;Water;299.1356;0.496;0.457845976;0.457599343;L2;8.004309575
779;1-Butanol;Water;299.15;0.496080192;0.457847898;0.457601168;L2;8.020056363
779;1-Butanol;Water;299.83532;0.48520707;0.457936685;0.457687988;L2;5.784481604
779;1-Butanol;Water;300;0.487943;0.457957246;0.45770885;L2;6.342276626
779;1-Butanol;Water;300.1352;0.494508969;0.457973902;0.457725978;L2;7.675308903
779;1-Butanol;Water;300.58502;0.48520707;0.458027871;0.457782963;L2;5.764571327
779;1-Butanol;Water;302.943115;0.482153409;0.458274481;0.458081699;L2;5.079403204
779;1-Butanol;Water;302.954072;0.485360362;0.458275485;0.458083087;L2;5.742113089
779;1-Butanol;Water;303.1;0.479424824;0.458288738;0.458101574;L2;4.508768427
779;1-Butanol;Water;303.134;0.4861;0.458291792;0.458105881;L2;5.890828261
779;1-Butanol;Water;303.134;0.484;0.458291792;0.458105881;L2;5.457882527
779;1-Butanol;Water;303.134;0.493;0.458291792;0.458105881;L2;7.30030926
779;1-Butanol;Water;303.134;0.484;0.458291792;0.458105881;L2;5.457882527
779;1-Butanol;Water;303.143055;0.492;0.458292603;0.458107028;L2;7.097086498
779;1-Butanol;Water;303.143055;0.4904;0.458292603;0.458107028;L2;6.771353311
779;1-Butanol;Water;303.143055;0.476114957;0.458292603;0.458107028;L2;3.815147986
779;1-Butanol;Water;303.15;0.464306391;0.458293225;0.458107908;L2;1.303545194
779;1-Butanol;Water;303.15;0.483;0.458293225;0.458107908;L2;5.250744585
779;1-Butanol;Water;303.15;0.48520707;0.458293225;0.458107908;L2;5.706654047
779;1-Butanol;Water;303.15;0.488;0.458293225;0.458107908;L2;6.280619805
779;1-Butanol;Water;303.15;0.51541825;0.458293225;0.458107908;L2;11.74694992
779;1-Butanol;Water;303.15;0.482001333;0.458293225;0.458107908;L2;5.043767181
779;1-Butanol;Water;303.15;0.496;0.458293225;0.458107908;L2;7.906671892
779;1-Butanol;Water;303.15;0.485667122;0.458293225;0.458107908;L2;5.801424727
779;1-Butanol;Water;303.15;0.4802;0.458293225;0.458107908;L2;4.669347599
779;1-Butanol;Water;303.19304;0.4896;0.458297065;0.458113361;L2;6.607114364
779;1-Butanol;Water;303.2;0.480635236;0.458297684;0.458114242;L2;4.758969878
779;1-Butanol;Water;303.2;0.489;0.458297684;0.458114242;L2;6.484355095
779;1-Butanol;Water;303.2;0.482609983;0.458297684;0.458114242;L2;5.168990033
779;1-Butanol;Water;303.2;0.4896;0.458297684;0.458114242;L2;6.606979268
779;1-Butanol;Water;303.942815;0.483677342;0.458360749;0.458208346;L2;5.376150087
779;1-Butanol;Water;303.963668;0.481849315;0.458362433;0.458210988;L2;4.997123165
779;1-Butanol;Water;307.98206;0.477616043;0.458599904;0.458508389;L2;4.062899131
779;1-Butanol;Water;308.132;0.477;0.458605435;0.45850589;L2;3.932626845
779;1-Butanol;Water;308.141555;0.477;0.45860578;0.45850573;L2;3.93255174
779;1-Butanol;Water;308.15;0.484;0.458606083;0.45850559;L2;5.389327118
779;1-Butanol;Water;308.15;0.474470267;0.458606083;0.45850559;L2;3.400731881
779;1-Butanol;Water;308.15;0.4704;0.458606083;0.45850559;L2;2.539176105
779;1-Butanol;Water;308.15;0.522;0.458606083;0.45850559;L2;12.94759524
779;1-Butanol;Water;308.15;0.476114957;0.458606083;0.45850559;L2;3.746769584
779;1-Butanol;Water;308.15;0.477;0.458606083;0.45850559;L2;3.932485536
779;1-Butanol;Water;309.141255;0.4819;0.458636497;0.458489067;L2;4.947867357
779;1-Butanol;Water;309.15;0.4819;0.458636719;0.458488922;L2;4.947818903
779;1-Butanol;Water;310;0.47606;0.458654494;0.458474754;L2;3.724670666
779;1-Butanol;Water;310.98086;0.474619504;0.458665605;0.458458405;L2;3.419202453
779;1-Butanol;Water;310.98086;0.488284037;0.458665605;0.458458405;L2;6.257586528
779;1-Butanol;Water;313.1;0.466932716;0.458655477;0.458423083;L2;1.788583626
779;1-Butanol;Water;313.13;0.4717;0.458655;0.458422583;L2;2.804489588
779;1-Butanol;Water;313.13;0.472;0.458655;0.458422583;L2;2.868069118
779;1-Butanol;Water;313.140055;0.4715;0.458654839;0.458422416;L2;2.762116061
779;1-Butanol;Water;313.140055;0.4701;0.458654839;0.458422416;L2;2.464749656
779;1-Butanol;Water;313.140055;0.4714;0.458654839;0.458422416;L2;2.740904904
779;1-Butanol;Water;313.140055;0.4257;0.458654839;0.458422416;L2;7.456306863
779;1-Butanol;Water;313.15;0.484;0.458654677;0.45842225;L2;5.378731656
779;1-Butanol;Water;313.15;0.476114957;0.458654677;0.45842225;L2;3.736174122
779;1-Butanol;Water;313.15;0.484;0.458654677;0.45842225;L2;5.378731656
779;1-Butanol;Water;313.15;0.456103985;0.458654677;0.45842225;L2;0.557676936
779;1-Butanol;Water;313.19004;0.4754;0.458654018;0.458421583;L2;3.586040166
779;1-Butanol;Water;313.2;0.471497243;0.458653852;0.458421417;L2;2.761746452
779;1-Butanol;Water;313.2;0.4696;0.458653852;0.458421417;L2;2.358547827
779;1-Butanol;Water;313.2;0.4754;0.458653852;0.458421417;L2;3.586076468
779;1-Butanol;Water;313.240025;0.471645366;0.458653173;0.45842075;L2;2.793305099
779;1-Butanol;Water;318.1285;0.466;0.458447265;0.458339269;L2;1.634036547
779;1-Butanol;Water;318.15;0.456816633;0.458445825;0.458338911;L2;0.356005817
779;1-Butanol;Water;318.15;0.474;0.458445825;0.458338911;L2;3.336519385
779;1-Butanol;Water;318.15;0.4604;0.458445825;0.458338911;L2;0.4253549
779;1-Butanol;Water;318.15;0.469;0.458445825;0.458338911;L2;2.27606406
779;1-Butanol;Water;318.15;0.4769;0.458445825;0.458338911;L2;3.946469745
779;1-Butanol;Water;318.2;0.465471482;0.458442459;0.458338077;L2;1.52160472
779;1-Butanol;Water;320;0.46132;0.458304617;0.458300665;L2;0.655787869
779;1-Butanol;Water;321.637505;0.4597;0.458151227;0.458054749;L2;0.337478375
779;1-Butanol;Water;321.65;0.4597;0.458149954;0.458052873;L2;0.337756107
779;1-Butanol;Water;322.737175;0.458532331;0.458033365;0.457889604;L2;0.10887741
779;1-Butanol;Water;323.1;0.454257197;0.45799187;0.457835116;L2;0.818788113
779;1-Butanol;Water;323.127;0.48;0.45798873;0.457831061;L2;4.694152674
779;1-Butanol;Water;323.127;0.4562;0.45798873;0.457831061;L2;0.391326731
779;1-Butanol;Water;323.127;0.457;0.45798873;0.457831061;L2;0.216118627
779;1-Butanol;Water;323.137055;0.459967872;0.457987559;0.457829551;L2;0.431462318
779;1-Butanol;Water;323.15;0.448489776;0.45798605;0.457827607;L2;2.09528403
779;1-Butanol;Water;323.15;0.4574;0.45798605;0.457827607;L2;0.128044396
779;1-Butanol;Water;323.15;0.458819017;0.45798605;0.457827607;L2;0.181710828
779;1-Butanol;Water;323.15;0.455677023;0.45798605;0.457827607;L2;0.505444988
779;1-Butanol;Water;323.15;0.477616043;0.45798605;0.457827607;L2;4.196842684
779;1-Butanol;Water;323.15;0.459680341;0.45798605;0.457827607;L2;0.36926115
779;1-Butanol;Water;323.15;0.44;0.45798605;0.457827607;L2;4.006399864
779;1-Butanol;Water;323.2;0.457;0.457980206;0.457820098;L2;0.214257464
779;1-Butanol;Water;328.15;0.469;0.457281561;0.45707672;L2;2.530345958
779;1-Butanol;Water;328.15;0.434;0.457281561;0.45707672;L2;5.225477477
779;1-Butanol;Water;328.15;0.438974942;0.457281561;0.45707672;L2;4.085697715
779;1-Butanol;Water;328.15;0.447;0.457281561;0.45707672;L2;2.274071425
779;1-Butanol;Water;330;0.443779;0.456960065;0.456798892;L2;2.926931088
779;1-Butanol;Water;331.23475;0.4409;0.456727441;0.456613461;L2;3.526871136
779;1-Butanol;Water;331.25;0.4409;0.456724478;0.456611171;L2;3.52622238
779;1-Butanol;Water;331.62445;0.438566587;0.456651037;0.456554937;L2;4.04078517
779;1-Butanol;Water;332.63447;0.436260844;0.456446444;0.456403255;L2;4.523104325
779;1-Butanol;Water;333.1;0.433163497;0.456348846;0.456333343;L2;5.214228243
779;1-Butanol;Water;333.124;0.44;0.456343761;0.456329739;L2;3.647166095
779;1-Butanol;Water;333.124;0.44;0.456343761;0.456329739;L2;3.647166095
779;1-Butanol;Water;333.124;0.4381;0.456343761;0.456329739;L2;4.079919304
779;1-Butanol;Water;333.13437;0.4391;0.456341563;0.456328181;L2;3.851439222
779;1-Butanol;Water;333.13437;0.4347;0.456341563;0.456328181;L2;4.858543179
779;1-Butanol;Water;333.13437;0.4134;0.456341563;0.456328181;L2;9.882592254
779;1-Butanol;Water;333.15;0.437615465;0.456338247;0.456325834;L2;4.189371277
779;1-Butanol;Water;333.15;0.4387;0.456338247;0.456325834;L2;3.941849557
779;1-Butanol;Water;333.23435;0.434911051;0.456320314;0.456313167;L2;4.805347722
779;1-Butanol;Water;340;0.423362;0.454668276;0.454468083;L2;7.1340484
779;1-Butanol;Water;340.15;0.42823362;0.454626914;0.454426878;L2;5.980822503
779;1-Butanol;Water;340.68279;0.4174;0.454478343;0.454280524;L2;8.510526685
779;1-Butanol;Water;340.7;0.4174;0.454473501;0.454275796;L2;8.509461324
779;1-Butanol;Water;342.632205;0.421673117;0.453912975;0.45374503;L2;7.367508414
779;1-Butanol;Water;343.1;0.411538473;0.453772236;0.453616529;L2;9.769287833
779;1-Butanol;Water;343.124;0.419;0.453764962;0.453609936;L2;7.970844015
779;1-Butanol;Water;343.124;0.4152;0.453764962;0.453609936;L2;8.881902822
779;1-Butanol;Water;343.15;0.4189;0.453757077;0.453602794;L2;7.99297548
779;1-Butanol;Water;343.15;0.4165;0.453757077;0.453602794;L2;8.567552115
779;1-Butanol;Water;343.2;0.419;0.453741897;0.45358906;L2;7.96576067
779;1-Butanol;Water;343.331995;0.424283484;0.453701714;0.453552801;L2;6.703813811
779;1-Butanol;Water;348.1235;0.406;0.452138593;0.452063992;L2;10.7635595
779;1-Butanol;Water;348.15;0.408890816;0.452129386;0.452053628;L2;10.05202248
779;1-Butanol;Water;348.56;0.4004;0.45198616;0.451893286;L2;12.11875134
779;1-Butanol;Water;350;0.399771;0.451471525;0.451330133;L2;12.16204207
779;1-Butanol;Water;351.129655;0.3899;0.451055205;0.450888349;L2;14.56994426
779;1-Butanol;Water;351.15;0.3899;0.451047606;0.450880393;L2;14.5682595
779;1-Butanol;Water;353.1;0.387786325;0.450302716;0.45011779;L2;14.94655789
779;1-Butanol;Water;353.123;0.403;0.450293735;0.450108795;L2;11.09635517
779;1-Butanol;Water;353.123;0.389;0.450293735;0.450108795;L2;14.63207701
779;1-Butanol;Water;353.129055;0.3847;0.45029137;0.450106427;L2;15.74310516
779;1-Butanol;Water;353.129055;0.3615;0.45029137;0.450106427;L2;21.96328198
779;1-Butanol;Water;353.15;0.3965;0.450283186;0.450098236;L2;12.72006463
779;1-Butanol;Water;353.15;0.3857;0.450283186;0.450098236;L2;15.48168222
779;1-Butanol;Water;353.229025;0.391717327;0.450252276;0.450067331;L2;13.92675642
779;1-Butanol;Water;360;0.372262;0.447406906;0.447395985;L2;18.38705771
779;1-Butanol;Water;360.22695;0.367;0.447304873;0.44728244;L2;19.78785559
779;1-Butanol;Water;361.02679;0.3598;0.446941729;0.446882276;L2;21.68799038
779;1-Butanol;Water;361.05;0.3598;0.446931112;0.446870664;L2;21.68561498
779;1-Butanol;Water;362.45;0.3673;0.44628246;0.446170237;L2;19.47731165
779;1-Butanol;Water;362.62647;0.358594756;0.446199543;0.446081948;L2;21.85733196
779;1-Butanol;Water;363.123;0.36;0.445964862;0.445833532;L2;21.41361318
779;1-Butanol;Water;363.123;0.36;0.445964862;0.445833532;L2;21.41361318
779;1-Butanol;Water;363.15;0.361;0.445952042;0.445820023;L2;21.13334578
779;1-Butanol;Water;363.15;0.343;0.445952042;0.445820023;L2;26.2480969
779;1-Butanol;Water;363.22635;0.36;0.445915757;0.445781825;L2;21.40260168
779;1-Butanol;Water;363.72625;0.355343137;0.445676994;0.445531723;L2;22.65105556
779;1-Butanol;Water;364.273115;0.3513;0.445413443;0.445258123;L2;23.73623766
779;1-Butanol;Water;365.06;0.3497;0.445029897;0.444864441;L2;24.10658208
779;1-Butanol;Water;365.1232;0.354;0.444998871;0.444832821;L2;22.87748322
779;1-Butanol;Water;365.72;0.362207836;0.444704274;0.444534239;L2;20.51913278
779;1-Butanol;Water;365.73;0.362;0.444699312;0.444529236;L2;20.57541395
779;1-Butanol;Water;365.85;0.362;0.444639715;0.4444692;L2;20.56201121
779;1-Butanol;Water;365.873275;0.36;0.444628141;0.444457555;L2;21.1134264
779;1-Butanol;Water;365.92;0.3607;0.444604895;0.444434178;L2;20.91394226
779;1-Butanol;Water;365.92581;0.3533;0.444602003;0.444431271;L2;22.98619518
779;1-Butanol;Water;366.15;0.3535;0.444490208;0.444319108;L2;22.90445392
779;1-Butanol;Water;366.23;0.3666;0.444450214;0.444279084;L2;19.2566708
779;1-Butanol;Water;370;0.339127;0.442506369;0.442392933;L2;26.60801893
779;1-Butanol;Water;371.82463;0.326;0.441524224;0.441480061;L2;30.33355046
779;1-Butanol;Water;372.42451;0.328413811;0.44119548;0.441179938;L2;29.52136115
779;1-Butanol;Water;372.573945;0.3213;0.441113125;0.441105175;L2;31.69260966
779;1-Butanol;Water;373.124;0.329;0.440808504;0.440789435;L2;29.25527988
779;1-Butanol;Water;373.12437;0.3207;0.440808298;0.440789212;L2;31.81039762
779;1-Butanol;Water;373.15;0.320554021;0.440794047;0.44077375;L2;31.85269393
779;1-Butanol;Water;373.15;0.3257;0.440794047;0.44077375;L2;30.26010414
779;1-Butanol;Water;376.15;0.306318268;0.439089294;0.438963959;L2;36.0078142
779;1-Butanol;Water;376.6247;0.3038;0.43881298;0.43867759;L2;36.77037191
779;1-Butanol;Water;377.76;0.3006;0.438144901;0.437992705;L2;37.67692029
779;1-Butanol;Water;378.125;0.305;0.437927944;0.437772513;L2;36.17426096
779;1-Butanol;Water;378.15;0.3078;0.437913046;0.437757432;L2;35.25701435
779;1-Butanol;Water;378.32333;0.296;0.437809615;0.437652868;L2;39.14246926
779;1-Butanol;Water;379.17521;0.29663338;0.437297831;0.43713896;L2;38.81175331
779;1-Butanol;Water;379.22315;0.292;0.43726886;0.43711004;L2;40.37944436
779;1-Butanol;Water;379.22522;0.3;0.437267608;0.437108791;L2;37.67629094
779;1-Butanol;Water;380;0.29645;0.436796872;0.436641394;L2;38.75896927
779;1-Butanol;Water;380.02299;0.290047573;0.436782831;0.436627525;L2;40.93911639
779;1-Butanol;Water;382.92241;0.281367775;0.434978861;0.434878411;L2;43.56348125
779;1-Butanol;Water;383.126;0.2875;0.434849717;0.434755592;L2;41.37776337
779;1-Butanol;Water;383.15;0.2808;0.434834472;0.434741114;L2;43.73227624
779;1-Butanol;Water;383.15;0.279661319;0.434834472;0.434741114;L2;44.13861385
779;1-Butanol;Water;383.32233;0.27;0.434724873;0.434637153;L2;47.62913951
779;1-Butanol;Water;384.02609;0.269;0.43427489;0.434212601;L2;47.89663411
779;1-Butanol;Water;384.3;0.278387807;0.434098707;0.434047361;L2;44.42568139
779;1-Butanol;Water;387.83;0.2489;0.431776016;0.431683439;L2;55.08557637
779;1-Butanol;Water;388.1265;0.24974878;0.431576528;0.43147564;L2;54.69893157
779;1-Butanol;Water;388.15;0.2493;0.431560688;0.43145917;L2;54.87511543
779;1-Butanol;Water;388.276515;0.244;0.431475338;0.431370503;L2;57.00421288
779;1-Butanol;Water;388.32133;0.242;0.431445075;0.431339095;L2;57.8202487
779;1-Butanol;Water;390;0.235047;0.43030034;0.430162614;L2;60.46979349
779;1-Butanol;Water;391.22075;0.233334526;0.429454243;0.429307062;L2;61.00420418
779;1-Butanol;Water;392.1;0.231889009;0.428837751;0.428690847;L2;61.4819796
779;1-Butanol;Water;392.42051;0.212;0.428611547;0.428466221;L2;70.39647486
779;1-Butanol;Water;392.52694;0.2107;0.428536258;0.42839163;L2;70.99400305
779;1-Butanol;Water;392.92041;0.209;0.428257169;0.42811587;L2;71.73896247
779;1-Butanol;Water;392.92041;0.21989985;0.428257169;0.42811587;L2;66.65516613
779;1-Butanol;Water;393.12037;0.2085;0.42811488;0.42797573;L2;71.94525298
779;1-Butanol;Water;393.127;0.218;0.428110157;0.427971083;L2;67.48854759
779;1-Butanol;Water;393.15;0.2059;0.42809377;0.427954964;L2;73.19516458
779;1-Butanol;Water;393.85;0.2001;0.427593091;0.427464375;L2;75.93547796
779;1-Butanol;Water;394.12017;0.195;0.427398852;0.427275029;L2;78.47180986
779;1-Butanol;Water;394.26;0.1972;0.4272981;0.42717703;L2;77.32634544
779;1-Butanol;Water;394.72748;0.1885;0.426960182;0.426849401;L2;81.75927507
779;1-Butanol;Water;395.21995;0.181445283;0.426602395;0.426504258;L2;85.48982821
779;1-Butanol;Water;395.42769;0.195;0.426450917;0.426358665;L2;78.24977194
779;1-Butanol;Water;395.72778;0.183297676;0.426231515;0.42614835;L2;84.38711841
779;1-Butanol;Water;395.81983;0.183237708;0.426164077;0.426083837;L2;84.4040169
779;1-Butanol;Water;396.21975;0.169;0.425870339;0.425803557;L2;92.42362164
779;1-Butanol;Water;396.32796;0.1625;0.42579065;0.425727719;L2;96.3269792
779;1-Butanol;Water;396.878125;0.160506305;0.425384118;0.42534214;L2;97.46593432
779;1-Butanol;Water;397.01959;0.165310669;0.425279213;0.425242996;L2;94.49193779
779;1-Butanol;Water;397.01959;0.146;0.425279213;0.425242996;L2;106.9139302
779;1-Butanol;Water;397.178215;0.146028208;0.42516148;0.425131825;L2;106.866924
779;1-Butanol;Water;397.22823;0.1376;0.425124282;0.425096772;L2;112.8030629
779;1-Butanol;Water;397.31953;0.13;0.425056332;0.425032786;L2;118.4687256
779;1-Butanol;Water;397.33;0.1699;0.425048536;0.425025448;L2;91.69933367
779;1-Butanol;Water;397.41951;0.148614395;0.424981853;0.424962716;L2;105.0691471
779;1-Butanol;Water;397.41951;0.123;0.424981853;0.424962716;L2;123.9862114
779;1-Butanol;Water;397.42829;0.1242;0.424975309;0.424956562;L2;123.0137902
779;1-Butanol;Water;397.458299;0.15;0.424952938;0.424935531;L2;104.1343135
779;1-Butanol;Water;397.478305;0.1019;0.424938021;0.42492151;L2;142.7951384
779;1-Butanol;Water;397.51949;0.105;0.424907302;0.424892645;L2;139.7910681
779;1-Butanol;Water;397.51949;0.111;0.424907302;0.424892645;L2;134.234083
779;1-Butanol;Water;397.51949;0.105;0.424907302;0.424892645;L2;139.7910681
779;1-Butanol;Water;397.51949;0.102;0.424907302;0.424892645;L2;142.6898218
779;1-Butanol;Water;397.52832;0.1068;0.424900714;0.424886457;L2;138.0897601
779;1-Butanol;Water;397.71945;0.133513021;0.424757982;0.424752505;L2;115.7320544
779;1-Butanol;Water;397.788398;0.129888197;0.424706429;0.424704184;L2;118.4724117
779;1-Butanol;Water;397.848416;0.110348356;0.424661524;0.424661206;L2;134.7650204
779;1-Butanol;Water;397.868422;0.104718301;0.42464655;0.42464532;L2;139.9983279
779;1-Butanol;Water;397.878425;0.106262628;0.424639062;0.424637377;L2;138.532589
779;1-Butanol;Water;398;0.158039;0.424547995;0.424540842;L2;98.81832241
779;1-Butanol;Water;398.1285;0.149;0.424451626;0.424438809;L2;104.6851739
779;1-Butanol;Water;398.22853;0.1062;0.424376531;0.424359381;L2;138.5296996
779;1-Butanol;Water;398.278545;0.106;0.424338954;0.424319667;L2;138.7093461
779;1-Butanol;Water;398.6;0.210409943;0.424096892;0.42406442;L2;70.09042104
779;1-Butanol;Water;398.91;0.15;0.423862751;0.423818269;L2;103.8774409
779;1-Butanol;Water;399.1;0.189920778;0.423718885;0.423667402;L2;80.2463201
779;1-Butanol;Water;400.1;0.165031961;0.422957186;0.422873365;L2;94.11318007
779;1-Butanol;Water;400.35;0.1;0.422765576;0.422674856;L2;144.1647645
779;1-Butanol;Water;400.61;0.1098;0.422565799;0.422468406;L2;134.7684643
779;1-Butanol;Water;400.61;0.1199;0.422565799;0.422468406;L2;125.968711
779;1-Butanol;Water;403.1;0.11730412;0.420626653;0.420491254;L2;127.6975751
827;2-Butanone;Water;248.17;0.1561;;;L1;
827;2-Butanone;Water;254.654808;0.1277;;;L1;
827;2-Butanone;Water;261.75912;0.162978793;;;L1;
827;2-Butanone;Water;263.15237;0.1448;;;L1;
827;2-Butanone;Water;264.55688;0.1415;;;L1;
827;2-Butanone;Water;266.38;0.1377;;;L1;
827;2-Butanone;Water;268.6536;0.137532135;;;L1;
827;2-Butanone;Water;269.1532;0.137532135;;;L1;
827;2-Butanone;Water;270.622024;0.1698;;;L1;
827;2-Butanone;Water;272.6504;0.127094877;;;L1;
827;2-Butanone;Water;273.1000159;0.1209;;;L1;
827;2-Butanone;Water;273.1001158;0.1209;;;L1;
827;2-Butanone;Water;273.15;0.1679;;;L1;
827;2-Butanone;Water;273.15;0.127094877;;;L1;
827;2-Butanone;Water;273.15;0.121814834;;;L1;
827;2-Butanone;Water;274.74904;0.0975;;;L1;
827;2-Butanone;Water;278.147;0.115382775;;;L1;
827;2-Butanone;Water;278.1492701;0.1403;;;L1;
827;2-Butanone;Water;280.6455;0.109130089;;;L1;
827;2-Butanone;Water;282.6443;0.106503427;;;L1;
827;2-Butanone;Water;282.75;0.100918023;;;L1;
827;2-Butanone;Water;283.148055;0.1158;;;L1;
827;2-Butanone;Water;283.15;0.079757564;;;L1;
827;2-Butanone;Water;284.1434;0.091376242;;;L1;
827;2-Butanone;Water;284.1434;0.101342625;;;L1;
827;2-Butanone;Water;288.146555;0.1027;;;L1;
827;2-Butanone;Water;288.146555;0.093005425;;;L1;
827;2-Butanone;Water;288.15;0.0915;;;L1;
827;2-Butanone;Water;288.15;0.072732378;;;L1;
827;2-Butanone;Water;288.6407;0.096011154;;;L1;
827;2-Butanone;Water;289.1404;0.096011154;;;L1;
827;2-Butanone;Water;289.146255;0.092189273;;;L1;
827;2-Butanone;Water;290.14597;0.090566314;;;L1;
827;2-Butanone;Water;291.1392;0.090970892;;;L1;
827;2-Butanone;Water;291.14577;0.088554954;;;L1;
827;2-Butanone;Water;291.6389;0.089759472;;;L1;
827;2-Butanone;Water;292.14557;0.086959566;;;L1;
827;2-Butanone;Water;292.45;0.086959566;;;L1;
827;2-Butanone;Water;293.09538;0.063;;;L1;
827;2-Butanone;Water;293.138;0.074;;;L1;
827;2-Butanone;Water;293.138;0.085889488;;;L1;
827;2-Butanone;Water;293.138;0.079160379;;;L1;
827;2-Butanone;Water;293.138;0.079;;;L1;
827;2-Butanone;Water;293.138;0.032343822;;;L1;
827;2-Butanone;Water;293.138;0.068373977;;;L1;
827;2-Butanone;Water;293.14537;0.074618368;;;L1;
827;2-Butanone;Water;293.14537;0.086166392;;;L1;
827;2-Butanone;Water;293.14537;0.093;;;L1;
827;2-Butanone;Water;293.14537;0.074618368;;;L1;
827;2-Butanone;Water;293.15;0.063834131;;;L1;
827;2-Butanone;Water;293.15;0.0793;;;L1;
827;2-Butanone;Water;293.15;0.0885;;;L1;
827;2-Butanone;Water;293.73776;0.0674;;;L1;
827;2-Butanone;Water;297.59448;0.0643;;;L1;
827;2-Butanone;Water;298.136;0.078778016;;;L1;
827;2-Butanone;Water;298.136;0.079045596;;;L1;
827;2-Butanone;Water;298.136;0.078;;;L1;
827;2-Butanone;Water;298.136;0.074618368;;;L1;
827;2-Butanone;Water;298.136;0.0746;;;L1;
827;2-Butanone;Water;298.136;0.0768;;;L1;
827;2-Butanone;Water;298.136;0.074618368;;;L1;
827;2-Butanone;Water;298.136;0.076121209;;;L1;
827;2-Butanone;Water;298.136;0.076121209;;;L1;
827;2-Butanone;Water;298.136;0.0788;;;L1;
827;2-Butanone;Water;298.14437;0.078015414;;;L1;
827;2-Butanone;Water;298.14437;0.07137;;;L1;
827;2-Butanone;Water;298.14437;0.078396362;;;L1;
827;2-Butanone;Water;298.14437;0.0862;;;L1;
827;2-Butanone;Water;298.14437;0.071461202;;;L1;
827;2-Butanone;Water;298.14437;0.079;;;L1;
827;2-Butanone;Water;298.15;0.0774;;;L1;
827;2-Butanone;Water;298.15;0.053215715;;;L1;
827;2-Butanone;Water;298.15;0.0795;;;L1;
827;2-Butanone;Water;298.15;0.079160379;;;L1;
827;2-Butanone;Water;298.15;0.076121209;;;L1;
827;2-Butanone;Water;298.15;0.078;;;L1;
827;2-Butanone;Water;298.19436;0.078396362;;;L1;
827;2-Butanone;Water;298.2;0.078282003;;;L1;
827;2-Butanone;Water;299.83532;0.073126526;;;L1;
827;2-Butanone;Water;300.1352;0.068715802;;;L1;
827;2-Butanone;Water;300.1352;0.060873418;;;L1;
827;2-Butanone;Water;302.14;0.0701;;;L1;
827;2-Butanone;Water;302.85;0.074993042;;;L1;
827;2-Butanone;Water;303.134;0.07338681;;;L1;
827;2-Butanone;Water;303.143055;0.037776214;;;L1;
827;2-Butanone;Water;303.143055;0.077635171;;;L1;
827;2-Butanone;Water;303.15;0.0688;;;L1;
827;2-Butanone;Water;303.15;0.041195767;;;L1;
827;2-Butanone;Water;303.15;0.0691;;;L1;
827;2-Butanone;Water;303.15;0.0561;;;L1;
827;2-Butanone;Water;303.39298;0.07387108;;;L1;
827;2-Butanone;Water;303.6338;0.073126526;;;L1;
827;2-Butanone;Water;307.98206;0.068715802;;;L1;
827;2-Butanone;Water;308.132;0.0571;;;L1;
827;2-Butanone;Water;308.132;0.067266772;;;L1;
827;2-Butanone;Water;308.141555;0.0718;;;L1;
827;2-Butanone;Water;308.141555;0.068;;;L1;
827;2-Butanone;Water;308.15;0.066;;;L1;
827;2-Butanone;Water;308.15;0.0683;;;L1;
827;2-Butanone;Water;308.2;0.067375086;;;L1;
827;2-Butanone;Water;309.09127;0.075368406;;;L1;
827;2-Butanone;Water;310.98086;0.067266772;;;L1;
827;2-Butanone;Water;312.1304;0.064827262;;;L1;
827;2-Butanone;Water;312.6302;0.064827262;;;L1;
827;2-Butanone;Water;312.75;0.065828156;;;L1;
827;2-Butanone;Water;312.89013;0.059133569;;;L1;
827;2-Butanone;Water;313.13;0.059;;;L1;
827;2-Butanone;Water;313.13;0.062628774;;;L1;
827;2-Butanone;Water;313.140055;0.0554;;;L1;
827;2-Butanone;Water;313.140055;0.0554;;;L1;
827;2-Butanone;Water;313.15;0.0641;;;L1;
827;2-Butanone;Water;313.15;0.0648;;;L1;
827;2-Butanone;Water;313.369928;0.058;;;L1;
827;2-Butanone;Water;318.08857;0.0513;;;L1;
827;2-Butanone;Water;318.08857;0.064399844;;;L1;
827;2-Butanone;Water;318.1285;0.062276452;;;L1;
827;2-Butanone;Water;318.138555;0.065;;;L1;
827;2-Butanone;Water;318.138555;0.058;;;L1;
827;2-Butanone;Water;318.15;0.061;;;L1;
827;2-Butanone;Water;318.2;0.060105986;;;L1;
827;2-Butanone;Water;322.85;0.060873418;;;L1;
827;2-Butanone;Water;323.127;0.060873418;;;L1;
827;2-Butanone;Water;323.15;0.0561;;;L1;
827;2-Butanone;Water;323.15;0.0553;;;L1;
827;2-Butanone;Water;323.9868;0.062628774;;;L1;
827;2-Butanone;Water;328.135555;0.0542;;;L1;
827;2-Butanone;Water;328.18554;0.051324274;;;L1;
827;2-Butanone;Water;329.1252;0.054681071;;;L1;
827;2-Butanone;Water;329.48515;0.054681071;;;L1;
827;2-Butanone;Water;330.194879;0.055;;;L1;
827;2-Butanone;Water;330.204956;0.053;;;L1;
827;2-Butanone;Water;333.08438;0.0464;;;L1;
827;2-Butanone;Water;333.124;0.052;;;L1;
827;2-Butanone;Water;333.13437;0.052;;;L1;
827;2-Butanone;Water;333.75;0.051990975;;;L1;
827;2-Butanone;Water;334.29;0.052;0.152050669;0.150418994;L1;107.2970095
827;2-Butanone;Water;335.124;0.054005029;0.130446704;0.13153738;L1;88.188757
827;2-Butanone;Water;335.324;0.0436;0.128481682;0.128696375;L1;108.0729188
827;2-Butanone;Water;338.124;0.052995375;0.111730957;0.111801462;L1;74.58891659
827;2-Butanone;Water;338.13337;0.0518;0.111692041;0.111767266;L1;76.83553009
827;2-Butanone;Water;340.244;0.048;0.104201568;0.104274484;L1;77.51261639
827;2-Butanone;Water;342.68219;0.048680397;0.097737579;0.097836615;L1;69.70097014
827;2-Butanone;Water;343.124;0.048;0.096733564;0.096839008;L1;70.0759426
827;2-Butanone;Water;343.132055;0.048;0.096715649;0.09682082;L1;70.05742085
827;2-Butanone;Water;343.35;0.052659994;0.096236042;0.0963287;L1;60.29479019
827;2-Butanone;Water;344.1239;0.050659877;0.09460822;0.094626829;L1;62.46101507
827;2-Butanone;Water;346.541032;0.0511;0.090157687;0.09020534;L1;56.77757193
827;2-Butanone;Water;346.73;0.0464;0.089844049;0.089899495;L1;66.07759239
827;2-Butanone;Water;346.903622;0.05;0.089559734;0.089618488;L1;58.28828197
827;2-Butanone;Water;354.17874;0.049337951;0.080176554;0.080185745;L1;48.55375473
827;2-Butanone;Water;356.123;0.050328539;0.078286292;0.078291699;L1;44.1800228
827;2-Butanone;Water;358.123;0.054005029;0.07653697;0.076541338;L1;34.86967258
827;2-Butanone;Water;369.68;0.052;0.069209302;0.069246432;L1;28.58915627
827;2-Butanone;Water;372.42393;0.0467;0.067976532;0.068188935;L1;37.54183706
827;2-Butanone;Water;373.17436;0.05706593;0.067665163;0.067899723;L1;17.03642069
827;2-Butanone;Water;386.1263;0.064827262;0.063675367;0.063869236;L1;1.792844179
827;2-Butanone;Water;386.1263;0.064827262;0.063675367;0.063869236;L1;1.792844179
827;2-Butanone;Water;387.09;0.0598;0.063464682;0.063649031;L1;5.947789429
827;2-Butanone;Water;388.1265;0.062628774;0.063249122;0.063412191;L1;0.985642585
827;2-Butanone;Water;396.09;0.0701;0.061936947;0.062076731;L1;12.3805914
827;2-Butanone;Water;397.02817;0.0571;0.061818643;0.061968768;L1;7.940086574
827;2-Butanone;Water;405.1304;0.096011154;0.061069782;0.061095696;L1;45.24472006
827;2-Butanone;Water;405.1304;0.096011154;0.061069782;0.061095696;L1;45.24472006
827;2-Butanone;Water;405.53048;0.0674;0.061044536;0.061083956;L1;9.904131848
827;2-Butanone;Water;408.55;0.0926;0.060886618;0.060995347;L1;41.92757261
827;2-Butanone;Water;410.1314;0.127094877;0.060826117;0.060948941;L1;73.69146114
827;2-Butanone;Water;410.1314;0.127094877;0.060826117;0.060948941;L1;73.69146114
827;2-Butanone;Water;411.1316;0.137532135;0.060795445;0.06091959;L1;81.6342729
827;2-Butanone;Water;411.1316;0.137532135;0.060795445;0.06091959;L1;81.6342729
827;2-Butanone;Water;413.132;0.103907788;0.060751251;0.060860888;L1;53.67161835
827;2-Butanone;Water;414.95;0.1473;0.060730349;0.060807538;L1;88.60277657
827;2-Butanone;Water;415.07;0.1795;0.060729601;0.060804017;L1;108.3743976
827;2-Butanone;Water;415.43;0.1941;0.060727818;0.060793452;L1;116.1971616
827;2-Butanone;Water;415.73252;0.169719422;0.060726854;0.060784575;L1;102.7760613
827;2-Butanone;Water;415.73252;0.2944;0.060726854;0.060784575;L1;157.8553385
827;2-Butanone;Water;415.73252;0.169719422;0.060726854;0.060784575;L1;102.7760613
827;2-Butanone;Water;418.23302;0.0975;0.060737253;0.060757744;L1;47.32951425
827;2-Butanone;Water;418.93316;0.203;0.060745935;0.060785492;L1;120.6505811
827;2-Butanone;Water;424.03436;0.1561;0.060882359;0.06098766;L1;94.15533628
827;2-Butanone;Water;254.1652;0.6781;;;L2;
827;2-Butanone;Water;254.654808;0.6243;;;L2;
827;2-Butanone;Water;259.63;0.5963;;;L2;
827;2-Butanone;Water;261.75912;0.621623156;;;L2;
827;2-Butanone;Water;263.05239;0.5937;;;L2;
827;2-Butanone;Water;264.55688;0.6235;;;L2;
827;2-Butanone;Water;266.2;0.6241;;;L2;
827;2-Butanone;Water;270.622024;0.6035;;;L2;
827;2-Butanone;Water;270.652;0.515436286;;;L2;
827;2-Butanone;Water;271.1516;0.515436286;;;L2;
827;2-Butanone;Water;273.1000159;0.6216;;;L2;
827;2-Butanone;Water;273.15;0.6429;;;L2;
827;2-Butanone;Water;273.15;0.671295479;;;L2;
827;2-Butanone;Water;273.68;0.6378;;;L2;
827;2-Butanone;Water;275.6485;0.565221279;;;L2;
827;2-Butanone;Water;275.88;0.6404;;;L2;
827;2-Butanone;Water;276.1482;0.565221279;;;L2;
827;2-Butanone;Water;278.147;0.625746598;;;L2;
827;2-Butanone;Water;278.1492701;0.6631;;;L2;
827;2-Butanone;Water;280.6455;0.593723121;;;L2;
827;2-Butanone;Water;282.6443;0.587955386;;;L2;
827;2-Butanone;Water;282.75;0.666771874;;;L2;
827;2-Butanone;Water;283.148055;0.667;;;L2;
827;2-Butanone;Water;284.1434;0.669028572;;;L2;
827;2-Butanone;Water;288.146555;0.646909905;;;L2;
827;2-Butanone;Water;288.146555;0.6608;;;L2;
827;2-Butanone;Water;288.15;0.662;;;L2;
827;2-Butanone;Water;289.146255;0.651255176;;;L2;
827;2-Butanone;Water;290.14597;0.651255176;;;L2;
827;2-Butanone;Water;291.1392;0.69454172;;;L2;
827;2-Butanone;Water;291.14577;0.651255176;;;L2;
827;2-Butanone;Water;291.6389;0.63833345;;;L2;
827;2-Butanone;Water;292.14557;0.651255176;;;L2;
827;2-Butanone;Water;292.45;0.664525318;;;L2;
827;2-Butanone;Water;293.09538;0.6922;;;L2;
827;2-Butanone;Water;293.138;0.63;;;L2;
827;2-Butanone;Water;293.138;0.655859378;;;L2;
827;2-Butanone;Water;293.138;0.594102746;;;L2;
827;2-Butanone;Water;293.138;0.694;;;L2;
827;2-Butanone;Water;293.14537;0.6612;;;L2;
827;2-Butanone;Water;293.14537;0.651255176;;;L2;
827;2-Butanone;Water;293.14537;0.631998984;;;L2;
827;2-Butanone;Water;293.15;0.662657404;;;L2;
827;2-Butanone;Water;293.15;0.6517;;;L2;
827;2-Butanone;Water;293.15;0.6791;;;L2;
827;2-Butanone;Water;297.59448;0.6814;;;L2;
827;2-Butanone;Water;298.136;0.634101273;;;L2;
827;2-Butanone;Water;298.136;0.61;;;L2;
827;2-Butanone;Water;298.136;0.69;;;L2;
827;2-Butanone;Water;298.136;0.655639154;;;L2;
827;2-Butanone;Water;298.136;0.643;;;L2;
827;2-Butanone;Water;298.136;0.692168783;;;L2;
827;2-Butanone;Water;298.136;0.692;;;L2;
827;2-Butanone;Water;298.136;0.692168783;;;L2;
827;2-Butanone;Water;298.136;0.636;;;L2;
827;2-Butanone;Water;298.136;0.653004093;;;L2;
827;2-Butanone;Water;298.136;0.68;;;L2;
827;2-Butanone;Water;298.14437;0.636212742;;;L2;
827;2-Butanone;Water;298.14437;0.657;;;L2;
827;2-Butanone;Water;298.14437;0.649077734;;;L2;
827;2-Butanone;Water;298.14437;0.674257838;;;L2;
827;2-Butanone;Water;298.14437;0.665;;;L2;
827;2-Butanone;Water;298.14437;0.6571;;;L2;
827;2-Butanone;Water;298.14437;0.687455636;;;L2;
827;2-Butanone;Water;298.15;0.651255176;;;L2;
827;2-Butanone;Water;298.15;0.6836;;;L2;
827;2-Butanone;Water;298.15;0.658;;;L2;
827;2-Butanone;Water;298.15;0.65784582;;;L2;
827;2-Butanone;Water;298.15;0.670020876;;;L2;
827;2-Butanone;Water;298.15;0.657;;;L2;
827;2-Butanone;Water;298.19436;0.673572667;;;L2;
827;2-Butanone;Water;298.2;0.658288336;;;L2;
827;2-Butanone;Water;298.21;0.6419;;;L2;
827;2-Butanone;Water;299.83532;0.636212742;;;L2;
827;2-Butanone;Water;300.1352;0.65784582;;;L2;
827;2-Butanone;Water;302.85;0.662288835;;;L2;
827;2-Butanone;Water;303.134;0.650165249;;;L2;
827;2-Butanone;Water;303.143055;0.707060223;;;L2;
827;2-Butanone;Water;303.143055;0.625746598;;;L2;
827;2-Butanone;Water;303.15;0.6727;;;L2;
827;2-Butanone;Water;303.15;0.6618;;;L2;
827;2-Butanone;Water;303.39298;0.699320701;;;L2;
827;2-Butanone;Water;303.6338;0.72642052;;;L2;
827;2-Butanone;Water;307.98206;0.625746598;;;L2;
827;2-Butanone;Water;308.132;0.721387958;;;L2;
827;2-Butanone;Water;308.141555;0.652;;;L2;
827;2-Butanone;Water;308.141555;0.6419;;;L2;
827;2-Butanone;Water;308.15;0.651;;;L2;
827;2-Butanone;Water;308.15;0.647;;;L2;
827;2-Butanone;Water;308.2;0.649295045;;;L2;
827;2-Butanone;Water;309.09127;0.680466611;;;L2;
827;2-Butanone;Water;310.98086;0.636212742;;;L2;
827;2-Butanone;Water;312.75;0.653442294;;;L2;
827;2-Butanone;Water;312.89013;0.655639154;;;L2;
827;2-Butanone;Water;313.13;0.636;;;L2;
827;2-Butanone;Water;313.13;0.716402981;;;L2;
827;2-Butanone;Water;313.140055;0.6601;;;L2;
827;2-Butanone;Water;313.15;0.6602;;;L2;
827;2-Butanone;Water;313.15;0.678;;;L2;
827;2-Butanone;Water;313.369928;0.639;;;L2;
827;2-Butanone;Water;314.82;0.6277;;;L2;
827;2-Butanone;Water;316.92886;0.7139;;;L2;
827;2-Butanone;Water;318.08857;0.6736;;;L2;
827;2-Butanone;Water;318.08857;0.65784582;;;L2;
827;2-Butanone;Water;318.1285;0.682785625;;;L2;
827;2-Butanone;Water;318.138555;0.642;;;L2;
827;2-Butanone;Water;318.138555;0.6214;;;L2;
827;2-Butanone;Water;318.15;0.643;;;L2;
827;2-Butanone;Water;318.2;0.642817284;;;L2;
827;2-Butanone;Water;322.85;0.649077734;;;L2;
827;2-Butanone;Water;323.127;0.627821705;;;L2;
827;2-Butanone;Water;323.15;0.619;;;L2;
827;2-Butanone;Water;323.9868;0.671295479;;;L2;
827;2-Butanone;Water;328.135555;0.6075;;;L2;
827;2-Butanone;Water;328.18554;0.64260283;;;L2;
827;2-Butanone;Water;329.1252;0.675860204;;;L2;
827;2-Butanone;Water;329.48515;0.666771874;;;L2;
827;2-Butanone;Water;330.194879;0.635;;;L2;
827;2-Butanone;Water;330.204956;0.65;;;L2;
827;2-Butanone;Water;332.23;0.6021;;;L2;
827;2-Butanone;Water;333.08438;0.6469;;;L2;
827;2-Butanone;Water;333.124;0.651;;;L2;
827;2-Butanone;Water;333.13437;0.651;;;L2;
827;2-Butanone;Water;333.74;0.6025;;;L2;
827;2-Butanone;Water;333.75;0.617535029;;;L2;
827;2-Butanone;Water;335.124;0.662288835;0.185402762;0.18684186;L2;127.3171216
827;2-Butanone;Water;338.124;0.601526755;0.223220996;0.223143664;L2;99.13087206
827;2-Butanone;Water;338.13337;0.589;0.223321283;0.22323817;L2;96.98147184
827;2-Butanone;Water;339.09;0.5867;0.233161346;0.23288674;L2;92.27829318
827;2-Butanone;Water;340.244;0.632;0.244393964;0.244311264;L2;95.01078637
827;2-Butanone;Water;342.68219;0.615504068;0.266466525;0.266347586;L2;83.71929305
827;2-Butanone;Water;343.124;0.632;0.270277878;0.270149582;L2;84.9438788
827;2-Butanone;Water;343.132055;0.632;0.270346888;0.270218899;L2;84.91834909
827;2-Butanone;Water;343.35;0.61146807;0.272207851;0.272094425;L2;80.92968069
827;2-Butanone;Water;344.1239;0.655639154;0.278720543;0.27869413;L2;85.54009258
827;2-Butanone;Water;346.541032;0.5801;0.298170596;0.298087913;L2;66.55347097
827;2-Butanone;Water;346.72364;0.587001069;0.299588217;0.299491621;L2;67.26177198
827;2-Butanone;Water;346.73;0.5839;0.299637464;0.29954051;L2;66.71564452
827;2-Butanone;Water;346.903622;0.613;0.30097863;0.300875142;L2;71.13256696
827;2-Butanone;Water;351.62315;0.6056;0.335077776;0.335017403;L2;59.18570312
827;2-Butanone;Water;354.123;0.565221279;0.351350232;0.3513283;L2;47.54337622
827;2-Butanone;Water;354.123;0.565221279;0.351350232;0.3513283;L2;47.54337622
827;2-Butanone;Water;354.17874;0.571075031;0.351699336;0.351668314;L2;48.47439531
827;2-Butanone;Water;356.123;0.567407532;0.363504083;0.363482236;L2;44.52872676
827;2-Butanone;Water;358.123;0.565584917;0.374909658;0.374888649;L2;41.11753612
827;2-Butanone;Water;360.35;0.5374;0.386758915;0.386506624;L2;32.89411548
827;2-Butanone;Water;364.31;0.5231;0.405736947;0.404062137;L2;25.40676138
827;2-Butanone;Water;366.1233;0.515436286;0.413590079;0.412100877;L2;22.01383626
827;2-Butanone;Water;366.1233;0.515436286;0.413590079;0.412100877;L2;22.01383626
827;2-Butanone;Water;373.17436;0.48299701;0.439702954;0.438167239;L2;9.391106958
827;2-Butanone;Water;374.2;0.49;0.442972262;0.441340568;L2;10.08982367
827;2-Butanone;Water;379.83;0.4577;0.458857037;0.458759783;L2;0.252474701
827;2-Butanone;Water;385.72626;0.4934;0.472229889;0.470847128;L2;4.385428436
827;2-Butanone;Water;388.1265;0.454061638;0.476852848;0.475693052;L2;4.897499326
827;2-Butanone;Water;395.1276;0.321049748;0.488025841;0.487158706;L2;41.87722688
827;2-Butanone;Water;395.1276;0.321049748;0.488025841;0.487158706;L2;41.87722688
827;2-Butanone;Water;399.92904;0.4221;0.493961148;0.492976753;L2;15.72146137
827;2-Butanone;Water;401.91;0.3575;0.496051757;0.495377141;L2;32.75449085
827;2-Butanone;Water;410.05;0.3016;0.502720537;0.501889671;L2;51.09327879
827;2-Butanone;Water;413.132;0.270950059;0.504524222;0.503783782;L2;62.16813305
827;2-Butanone;Water;413.6;0.2457;0.504766645;0.504071401;L2;71.99849541
864;Chloroform;Water;273.15;0.001552818;0.000584391;0.000586541;L1;97.72566211
864;Chloroform;Water;273.15;0.001617339;0.000584391;0.000586541;L1;101.7967482
864;Chloroform;Water;273.15;0.001491412;0.000584391;0.000586541;L1;93.69085986
864;Chloroform;Water;273.15;0.00148;0.000584391;0.000586541;L1;92.92273641
864;Chloroform;Water;273.15;0.001552818;0.000584391;0.000586541;L1;97.72566211
864;Chloroform;Water;282.65;0.001414714;0.0006269;0.000632802;L1;81.38955441
864;Chloroform;Water;283.1;0.001255491;0.000629032;0.000634993;L1;69.10997259
864;Chloroform;Water;283.144;0.001361064;0.000629241;0.000635208;L1;77.15074657
864;Chloroform;Water;283.144;0.001384053;0.000629241;0.000635208;L1;78.82568701
864;Chloroform;Water;283.15;0.0006;0.00062927;0.000635237;L1;4.763021944
864;Chloroform;Water;288.141;0.001282822;0.000653659;0.000659541;L1;67.42325621
864;Chloroform;Water;292.75;0.001246209;0.000677382;0.000681985;L1;60.96260298
864;Chloroform;Water;293.138;0.001132687;0.000679432;0.000683875;L1;51.10901753
864;Chloroform;Water;293.138;0.00123;0.000679432;0.000683875;L1;59.35116586
864;Chloroform;Water;293.138;0.001246209;0.000679432;0.000683875;L1;60.66036322
864;Chloroform;Water;293.138;0.00124927;0.000679432;0.000683875;L1;60.90568699
864;Chloroform;Water;293.138;0.001811202;0.000679432;0.000683875;L1;98.04882024
864;Chloroform;Water;293.138;0.001791564;0.000679432;0.000683875;L1;96.95864706
864;Chloroform;Water;293.138;0.001246209;0.000679432;0.000683875;L1;60.66036322
864;Chloroform;Water;293.14537;0.0009604;0.000679471;0.00068391;L1;34.60346341
864;Chloroform;Water;293.14537;0.00118;0.000679471;0.00068391;L1;55.19544872
864;Chloroform;Water;293.14537;0.001419;0.000679471;0.00068391;L1;73.63924469
864;Chloroform;Water;293.14537;0.001120592;0.000679471;0.00068391;L1;50.02971658
864;Chloroform;Water;293.14537;0.001236003;0.000679471;0.00068391;L1;59.8322835
864;Chloroform;Water;293.14537;0.001014102;0.000679471;0.00068391;L1;40.04435406
864;Chloroform;Water;293.14537;0.001238428;0.000679471;0.00068391;L1;60.02828822
864;Chloroform;Water;293.14537;0.0013;0.000679471;0.00068391;L1;64.88043132
864;Chloroform;Water;293.14537;0.001246209;0.000679471;0.00068391;L1;60.65461918
864;Chloroform;Water;293.15;0.001241496;0.000679496;0.000683933;L1;60.27210669
864;Chloroform;Water;293.15;0.001167728;0.000679496;0.000683933;L1;54.14639434
864;Chloroform;Water;293.15;0.0011;0.000679496;0.000683933;L1;48.17141426
864;Chloroform;Water;293.15;0.0011;0.000679496;0.000683933;L1;48.17141426
864;Chloroform;Water;293.15;0.001243035;0.000679496;0.000683933;L1;60.39599326
864;Chloroform;Water;293.6378;0.001062747;0.000682086;0.000686308;L1;44.34566757
864;Chloroform;Water;295.1372;0.000942095;0.00069013;0.00069361;L1;31.12264728
864;Chloroform;Water;297.9944;0.0005;0.000705806;0.000707523;L1;34.47322263
864;Chloroform;Water;298.136;0.001215606;0.000706595;0.000708213;L1;54.25406351
864;Chloroform;Water;298.136;0.001200308;0.000706595;0.000708213;L1;52.98761078
864;Chloroform;Water;298.136;0.001368727;0.000706595;0.000708213;L1;66.1179028
864;Chloroform;Water;298.136;0.0012;0.000706595;0.000708213;L1;52.9619474
864;Chloroform;Water;298.14437;0.001814263;0.000706641;0.000708254;L1;94.29112025
864;Chloroform;Water;298.14437;0.00130281;0.000706641;0.000708254;L1;61.1755348
864;Chloroform;Water;298.14437;0.001099947;0.000706641;0.000708254;L1;44.24938746
864;Chloroform;Water;298.14437;0.001207957;0.000706641;0.000708254;L1;53.61623807
864;Chloroform;Water;298.14437;0.001047475;0.000706641;0.000708254;L1;39.3614384
864;Chloroform;Water;298.15;0.001129972;0.000706673;0.000708281;L1;46.938031
864;Chloroform;Water;298.15;0.001119466;0.000706673;0.000708281;L1;46.00392422
864;Chloroform;Water;298.15;0.00164094;0.000706673;0.000708281;L1;84.24567047
864;Chloroform;Water;298.15;0.0014;0.000706673;0.000708281;L1;68.36596929
864;Chloroform;Water;298.19436;0.0012;0.00070692;0.000708497;L1;52.91589867
864;Chloroform;Water;298.19436;0.00125;0.00070692;0.000708497;L1;56.99809813
864;Chloroform;Water;298.2;0.000894903;0.000706952;0.000708524;L1;23.57529781
864;Chloroform;Water;298.2;0.001123859;0.000706952;0.000708524;L1;46.35612233
864;Chloroform;Water;302.65;0.001200308;0.000732341;0.000734807;L1;49.40878327
864;Chloroform;Water;303.134;0.00116;0.00073517;0.000737988;L1;45.60728596
864;Chloroform;Water;303.134;0.001801213;0.00073517;0.000737988;L1;89.61131813
864;Chloroform;Water;303.134;0.001178896;0.00073517;0.000737988;L1;47.22312618
864;Chloroform;Water;303.134;0.001162416;0.00073517;0.000737988;L1;45.81534523
864;Chloroform;Water;303.134;0.001162416;0.00073517;0.000737988;L1;45.81534523
864;Chloroform;Water;303.134;0.001169721;0.00073517;0.000737988;L1;46.44181133
864;Chloroform;Water;303.15;0.0022;0.000735264;0.000738093;L1;109.5982656
864;Chloroform;Water;303.15;0.001139838;0.000735264;0.000738093;L1;43.8411443
864;Chloroform;Water;308.141555;0.001138543;0.000765252;0.000770898;L1;39.73000029
864;Chloroform;Water;308.15;0.001199882;0.000765304;0.000770953;L1;44.97059274
864;Chloroform;Water;308.2;0.000696948;0.000765611;0.000771282;L1;9.396391423
864;Chloroform;Water;308.2;0.000773032;0.000765611;0.000771282;L1;0.964572813
864;Chloroform;Water;312.45;0.001123859;0.000792323;0.000799213;L1;34.95543392
864;Chloroform;Water;313.13;0.001123859;0.000796698;0.000803682;L1;34.40477918
864;Chloroform;Water;313.15;0.003;0.000796827;0.000803813;L1;132.5729748
864;Chloroform;Water;313.15;0.00112702;0.000796827;0.000803813;L1;34.669444
864;Chloroform;Water;315.1294;0.001078021;0.000809725;0.000816822;L1;28.61869644
864;Chloroform;Water;322.35;0.001169721;0.000858843;0.000864276;L1;30.89347372
864;Chloroform;Water;323.127;0.001154431;0.000864325;0.000869382;L1;28.94139661
864;Chloroform;Water;323.137055;0.001185013;0.000864396;0.000869449;L1;31.54777558
864;Chloroform;Water;323.137055;0.001115727;0.000864396;0.000869449;L1;25.52302212
864;Chloroform;Water;323.15;0.001178715;0.000864488;0.000869534;L1;31.00428228
864;Chloroform;Water;323.15;0.0039;0.000864488;0.000869534;L1;150.6594514
864;Chloroform;Water;332.35;0.001200308;0.000932421;0.000934876;L1;25.25495663
864;Chloroform;Water;333.124;0.001139144;0.000938394;0.000941514;L1;19.38625526
864;Chloroform;Water;272.1508;0.999087546;0.999964404;0.999962101;L2;0.087727391
864;Chloroform;Water;273.15;0.993410981;0.999962955;0.999959868;L2;0.657377636
864;Chloroform;Water;273.15;0.99648;0.999962955;0.999959868;L2;0.348916372
864;Chloroform;Water;273.15;0.997586434;0.999962955;0.999959868;L2;0.237943729
864;Chloroform;Water;276.34808;0.998710981;0.999957969;0.999952722;L2;0.124781878
864;Chloroform;Water;282.65;0.996518374;0.999946439;0.999938639;L2;0.343413875
864;Chloroform;Water;283.15;0.9922;0.999945418;0.999937521;L2;0.777599595
864;Chloroform;Water;284.44322;0.997188315;0.9999427;0.999934631;L2;0.275834367
864;Chloroform;Water;290.1398;0.995986499;0.9999293;0.999921901;L2;0.395087449
864;Chloroform;Water;292.75;0.995636383;0.999922317;0.999916068;L2;0.429547891
864;Chloroform;Water;293.138;0.995379932;0.99992123;0.999915201;L2;0.455200014
864;Chloroform;Water;293.138;0.995840307;0.99992123;0.999915201;L2;0.408959523
864;Chloroform;Water;293.138;0.991171791;0.99992123;0.999915201;L2;0.878863516
864;Chloroform;Water;293.14537;0.99472288;0.999921209;0.999915185;L2;0.521229905
864;Chloroform;Water;293.14537;0.994712646;0.999921209;0.999915185;L2;0.52225874
864;Chloroform;Water;293.15;0.9908;0.999921196;0.999915175;L2;0.916377419
864;Chloroform;Water;293.15;0.9907;0.999921196;0.999915175;L2;0.926470782
864;Chloroform;Water;294.93728;0.995727028;0.999916018;0.999911181;L2;0.419814204
864;Chloroform;Water;295.1372;0.993275521;0.999915422;0.999910734;L2;0.666260813
864;Chloroform;Water;296.1368;0.995276457;0.999912383;0.9999085;L2;0.464711319
864;Chloroform;Water;297.6362;0.994466829;0.99990765;0.999905149;L2;0.545618172
864;Chloroform;Water;297.65;0.987;0.999907606;0.999905119;L2;1.299284102
864;Chloroform;Water;297.9944;0.9957;0.999906488;0.999904349;L2;0.42157552
864;Chloroform;Water;297.9944;0.9943;0.999906488;0.999904349;L2;0.562279061
864;Chloroform;Water;298.136;0.99359;0.999906025;0.999904032;L2;0.633665293
864;Chloroform;Water;298.136;0.995;0.999906025;0.999904032;L2;0.491856249
864;Chloroform;Water;298.136;0.99472288;0.999906025;0.999904032;L2;0.519711385
864;Chloroform;Water;298.136;0.993607579;0.999906025;0.999904032;L2;0.631896068
864;Chloroform;Water;298.136;0.99361374;0.999906025;0.999904032;L2;0.631276006
864;Chloroform;Water;298.136;0.994208529;0.999906025;0.999904032;L2;0.571432727
864;Chloroform;Water;298.136;0.99377;0.999906025;0.999904032;L2;0.61555081
864;Chloroform;Water;298.14437;0.99472288;0.999905998;0.999904014;L2;0.519708642
864;Chloroform;Water;298.14437;0.993322857;0.999905998;0.999904014;L2;0.660552809
864;Chloroform;Water;298.14437;0.995379932;0.999905998;0.999904014;L2;0.453676674
864;Chloroform;Water;298.15;0.993666571;0.999905979;0.999904001;L2;0.625954504
864;Chloroform;Water;298.15;0.9891;0.999905979;0.999904001;L2;1.086581503
864;Chloroform;Water;298.2;0.99472288;0.999905815;0.999903889;L2;0.519690396
864;Chloroform;Water;298.2;0.998676272;0.999905815;0.999903889;L2;0.123041569
864;Chloroform;Water;299.83532;0.992959057;0.999900316;0.999900235;L2;0.696615802
864;Chloroform;Water;300.93488;0.992370114;0.999896466;0.999894626;L2;0.755560291
864;Chloroform;Water;302.65;0.994453701;0.999890208;0.999885357;L2;0.545193882
864;Chloroform;Water;303.134;0.993410981;0.999888385;0.999882741;L2;0.64992011
864;Chloroform;Water;303.134;0.9925;0.999888385;0.999882741;L2;0.74166451
864;Chloroform;Water;303.15;0.987;0.999888324;0.999882655;L2;1.297355752
864;Chloroform;Water;304.1336;0.99342537;0.999884538;0.999877339;L2;0.648086937
864;Chloroform;Water;308.141555;0.990912689;0.999867959;0.999855678;L2;0.899680268
864;Chloroform;Water;308.2;0.994066563;0.999867703;0.999855362;L2;0.581880398
864;Chloroform;Water;308.2;0.993410981;0.999867703;0.999855362;L2;0.647851662
864;Chloroform;Water;312.45;0.992703776;0.999847923;0.999832393;L2;0.71708827
864;Chloroform;Water;313.13;0.991122208;0.999844536;0.999828718;L2;0.876195839
864;Chloroform;Water;313.15;0.9845;0.999844436;0.99982861;L2;1.546580431
864;Chloroform;Water;316.1291;0.990543079;0.999828826;0.99981251;L2;0.933073306
864;Chloroform;Water;318.42841;0.992240809;0.999815889;0.999800084;L2;0.760532251
864;Chloroform;Water;322.35;0.991102629;0.999791915;0.99977889;L2;0.872908255
864;Chloroform;Water;323.137055;0.988842364;0.999786799;0.999774636;L2;1.100712549
864;Chloroform;Water;323.15;0.9817;0.999786714;0.999774566;L2;1.825620738
864;Chloroform;Water;326.72592;0.989185191;0.9997621;0.999755241;L2;1.063578629
864;Chloroform;Water;332.35;0.989024424;0.999718559;0.99971022;L2;1.075477155
864;Chloroform;Water;333.124;0.988842364;0.999712073;0.999701386;L2;1.093238061
899;3-Methylphenol;Water;273.15;0.003;0.004570096;0.004578182;L1;42.09220253
899;3-Methylphenol;Water;273.34988;0.003802596;0.004574972;0.004583225;L1;18.49165793
899;3-Methylphenol;Water;293.138;0.0035;0.005101302;0.005110451;L1;37.67327428
899;3-Methylphenol;Water;293.138;0.003698856;0.005101302;0.005110451;L1;32.14721287
899;3-Methylphenol;Water;293.4953;0.00396;0.005111615;0.005121017;L1;25.5271376
899;3-Methylphenol;Water;297.83612;0.004010393;0.005239272;0.005249376;L1;26.72932613
899;3-Methylphenol;Water;298.15;0.004031196;0.005248673;0.005258658;L1;26.39120888
899;3-Methylphenol;Water;298.15;0.0041;0.005248673;0.005258658;L1;24.69882212
899;3-Methylphenol;Water;298.15;0.003329521;0.005248673;0.005258658;L1;45.51467451
899;3-Methylphenol;Water;303.134;0.004010393;0.00540106;0.005406037;L1;29.77060655
899;3-Methylphenol;Water;303.15;0.0042;0.005401559;0.00540651;L1;25.16031144
899;3-Methylphenol;Water;308.15;0.0044;0.005560434;0.005566138;L1;23.40715472
899;3-Methylphenol;Water;313.13;0.004;0.005724762;0.005735815;L1;35.8506681
899;3-Methylphenol;Water;313.15;0.0044;0.005725435;0.005736496;L1;26.33139502
899;3-Methylphenol;Water;313.19004;0.00423;0.005726781;0.005737861;L1;30.29516423
899;3-Methylphenol;Water;318.15;0.0046;0.005896714;0.005906855;L1;24.83389233
899;3-Methylphenol;Water;320.1279;0.004531747;0.005966237;0.005974245;L1;27.50088758
899;3-Methylphenol;Water;323.15;0.004636337;0.006074434;0.006077213;L1;27.01641894
899;3-Methylphenol;Water;323.15;0.0049;0.006074434;0.006077213;L1;21.48535991
899;3-Methylphenol;Water;331.58468;0.00503;0.006389327;0.006400962;L1;23.9208998
899;3-Methylphenol;Water;333.124;0.005;0.006448898;0.00646096;L1;25.44712851
899;3-Methylphenol;Water;333.2;0.00509;0.006451856;0.006463923;L1;23.70899877
899;3-Methylphenol;Water;335.024;0.005178433;0.006523341;0.006535017;L1;23.0884232
899;3-Methylphenol;Water;343.2;0.00617;0.006855497;0.006857148;L1;10.53519724
899;3-Methylphenol;Water;347.62355;0.006076547;0.007043437;0.007053701;L1;14.76596027
899;3-Methylphenol;Water;349.05;0.008479595;0.007105309;0.007117082;L1;17.68203923
899;3-Methylphenol;Water;350.37988;0.00622;0.007163559;0.007176173;L1;14.12370035
899;3-Methylphenol;Water;353.123;0.007;0.007285453;0.007298059;L1;3.996953887
899;3-Methylphenol;Water;360.623;0.007322139;0.007631025;0.007631307;L1;4.131963363
899;3-Methylphenol;Water;361.85;0.009980498;0.007689318;0.007692824;L1;26.08009428
899;3-Methylphenol;Water;365.72326;0.007986629;0.007876664;0.007888162;L1;1.386424622
899;3-Methylphenol;Water;371.27474;0.00829;0.00815423;0.008168137;L1;1.651312592
899;3-Methylphenol;Water;371.65;0.010717041;0.008173386;0.008187062;L1;27.09518505
899;3-Methylphenol;Water;373.124;0.009;0.008249118;0.0082614;L1;8.711832415
899;3-Methylphenol;Water;378.22502;0.009914116;0.008517328;0.008518657;L1;15.18569347
899;3-Methylphenol;Water;390.02669;0.011616239;0.009175914;0.009189952;L1;23.58220581
899;3-Methylphenol;Water;392.87042;0.013;0.009342934;0.009352128;L1;33.03289757
899;3-Methylphenol;Water;393.127;0.016;0.009358169;0.009366761;L1;53.63390694
899;3-Methylphenol;Water;403.13;0.02;0.009974068;0.009990133;L1;69.57437001
899;3-Methylphenol;Water;412.06658;0.0239;0.010562319;0.010565672;L1;81.65855568
899;3-Methylphenol;Water;412.53188;0.022191611;0.01059398;0.010595638;L1;73.94284573
899;3-Methylphenol;Water;413.132;0.029;0.010634967;0.010634963;L1;100.3148449
899;3-Methylphenol;Water;415.1324;0.032;0.010772862;0.010780258;L1;108.8705705
899;3-Methylphenol;Water;416.23262;0.030136077;0.010849544;0.01086017;L1;102.1599997
899;3-Methylphenol;Water;417.1328;0.037;0.010912731;0.010925553;L1;122.0987811
899;3-Methylphenol;Water;419.1332;0.045;0.011054606;0.011070848;L1;140.3815353
899;3-Methylphenol;Water;419.93336;0.039838392;0.011111924;0.011128966;L1;127.6812311
899;3-Methylphenol;Water;420.03338;0.073940929;0.011119112;0.011136231;L1;189.4601111
899;3-Methylphenol;Water;420.1334;0.056;0.011126305;0.011143496;L1;161.60396
899;3-Methylphenol;Water;420.1334;0.082550626;0.011126305;0.011143496;L1;200.4099663
899;3-Methylphenol;Water;420.23342;0.054402156;0.011133503;0.011150761;L1;158.6444962
899;3-Methylphenol;Water;273.15;0.56;0.636169717;0.635978833;L2;12.75285945
899;3-Methylphenol;Water;286.34208;0.540168906;0.632898859;0.6328824;L2;15.84287501
899;3-Methylphenol;Water;293.138;0.533;0.63089104;0.630719082;L2;16.86117448
899;3-Methylphenol;Water;293.43788;0.528261081;0.6307977;0.630622239;L2;17.73945766
899;3-Methylphenol;Water;298.15;0.515661413;0.62928014;0.629100514;L2;19.91261577
899;3-Methylphenol;Water;298.15;0.5184;0.62928014;0.629100514;L2;19.38293865
899;3-Methylphenol;Water;298.15;0.5209;0.62928014;0.629100514;L2;18.90184467
899;3-Methylphenol;Water;303.134;0.524303612;0.627573545;0.627490988;L2;17.97899384
899;3-Methylphenol;Water;303.15;0.5087;0.627567902;0.627485821;L2;20.99934241
899;3-Methylphenol;Water;307.6322;0.502666231;0.625946749;0.625880567;L2;21.93389094
899;3-Methylphenol;Water;308.15;0.4998;0.62575433;0.625674416;L2;22.47498321
899;3-Methylphenol;Water;308.15;0.5004;0.62575433;0.625674416;L2;22.35500719
899;3-Methylphenol;Water;313.13;0.497153416;0.623850502;0.623691736;L2;22.70120968
899;3-Methylphenol;Water;313.13;0.507;0.623850502;0.623691736;L2;20.73997558
899;3-Methylphenol;Water;313.15;0.4859;0.623842664;0.623683774;L2;24.98953536
899;3-Methylphenol;Water;313.15;0.4919;0.623842664;0.623683774;L2;23.76227512
899;3-Methylphenol;Water;318.15;0.4692;0.621835696;0.621693132;L2;28.16467866
899;3-Methylphenol;Water;318.15;0.4826;0.621835696;0.621693132;L2;25.34877502
899;3-Methylphenol;Water;319.62805;0.481509078;0.621224528;0.621104678;L2;25.47674902
899;3-Methylphenol;Water;323.15;0.4573;0.619735823;0.619702489;L2;30.39536653
899;3-Methylphenol;Water;323.15;0.4742;0.619735823;0.619702489;L2;26.76641223
899;3-Methylphenol;Water;323.15;0.474231415;0.619735823;0.619702489;L2;26.75978761
899;3-Methylphenol;Water;330.22487;0.461042107;0.616609726;0.616478287;L2;29.07469117
899;3-Methylphenol;Water;333.124;0.483;0.615277286;0.615128916;L2;24.20563848
899;3-Methylphenol;Water;333.15;0.4555;0.615265203;0.615116815;L2;30.06576826
899;3-Methylphenol;Water;333.2;0.469;0.615241959;0.615093543;L2;27.14128514
899;3-Methylphenol;Water;340.824;0.441597187;0.611595851;0.611545029;L2;32.56735647
899;3-Methylphenol;Water;343.2;0.4509;0.610418521;0.610399436;L2;30.2899236
899;3-Methylphenol;Water;343.62395;0.4368289;0.610206417;0.61017554;L2;33.42557032
899;3-Methylphenol;Water;353.123;0.438;0.605293664;0.605158903;L2;32.34948251
899;3-Methylphenol;Water;355.923;0.406868662;0.603787339;0.603680167;L2;39.4731613
899;3-Methylphenol;Water;373.124;0.387;0.593957173;0.593845405;L2;42.8382524
899;3-Methylphenol;Water;382.42586;0.338013102;0.588229188;0.58813936;L2;55.40319901
899;3-Methylphenol;Water;384.42613;0.335970081;0.586959591;0.58684423;L2;55.79338662
899;3-Methylphenol;Water;392.87042;0.299;0.581451612;0.581376743;L2;66.50841828
899;3-Methylphenol;Water;393.127;0.304;0.581280488;0.581210613;L2;64.82057065
899;3-Methylphenol;Water;397.92844;0.282997938;0.578037091;0.577986083;L2;71.41984269
899;3-Methylphenol;Water;403.13;0.258;0.574435;0.574313324;L2;80.04273646
899;3-Methylphenol;Water;409.1312;0.224698184;0.570164196;0.570075948;L2;93.11662851
899;3-Methylphenol;Water;412.06658;0.205;0.568030077;0.568003311;L2;101.9164391
899;3-Methylphenol;Water;413.132;0.199;0.567248114;0.567246217;L2;104.7491974
899;3-Methylphenol;Water;413.6321;0.208573403;0.566879727;0.566863785;L2;99.98561278
899;3-Methylphenol;Water;415.1324;0.184;0.565769295;0.565716487;L2;112.3250632
899;3-Methylphenol;Water;417.1328;0.168;0.56427657;0.564186756;L2;121.1580525
899;3-Methylphenol;Water;418.83314;0.164290524;0.56299679;0.562886486;L2;123.1637578
899;3-Methylphenol;Water;419.1332;0.147;0.562769898;0.562657026;L2;134.2438251
899;3-Methylphenol;Water;419.73332;0.103985279;0.562315169;0.562198107;L2;168.7813151
899;3-Methylphenol;Water;420.1334;0.132;0.562011317;0.561892161;L2;144.8720064
899;3-Methylphenol;Water;421.03358;0.106508542;0.561325601;0.561203782;L2;166.2075943
899;3-Methylphenol;Water;421.1336;0.093;0.561249235;0.561127296;L2;179.7565583
899;3-Methylphenol;Water;421.1336;0.093;0.561249235;0.561127296;L2;179.7565583
899;3-Methylphenol;Water;421.73372;0.080996014;0.560790301;0.560668377;L2;193.4947097
899;3-Methylphenol;Water;421.83374;0.087732763;0.560713689;0.56059189;L2;185.4915007
906;Cyclohexane;Methanol;275.6096409;0.1138;0.179439501;0.179574197;L1;45.53955884
906;Cyclohexane;Methanol;277.79;0.114;0.185418145;0.185728362;L1;48.64150715
906;Cyclohexane;Methanol;278.15;0.104;0.186434378;0.186797176;L1;58.36884154
906;Cyclohexane;Methanol;278.5492117;0.1207;0.187571303;0.187982407;L1;44.08509261
906;Cyclohexane;Methanol;280.45;0.1226;0.193133962;0.19362571;L1;45.44570306
906;Cyclohexane;Methanol;281.248625;0.1263;0.195547865;0.19599677;L1;43.71451541
906;Cyclohexane;Methanol;282.8;0.124;0.200374453;0.200602691;L1;47.99063164
906;Cyclohexane;Methanol;282.81;0.1285;0.200406173;0.20063238;L1;44.44172684
906;Cyclohexane;Methanol;283.15;0.125;0.201489412;0.201641816;L1;47.74230986
906;Cyclohexane;Methanol;284.147755;0.1325;0.204722721;0.204846529;L1;43.50738389
906;Cyclohexane;Methanol;286.1422;0.14;0.211441763;0.211971198;L1;41.23071855
906;Cyclohexane;Methanol;286.247125;0.1384;0.211805138;0.212346017;L1;42.55186504
906;Cyclohexane;Methanol;286.85;0.14;0.213912998;0.214499641;L1;42.3926957
906;Cyclohexane;Methanol;286.95;0.1392;0.214265967;0.214856866;L1;43.13063313
906;Cyclohexane;Methanol;287.75;0.1402;0.217124712;0.217714672;L1;43.74019235
906;Cyclohexane;Methanol;287.975;0.1403;0.217940149;0.218518429;L1;44.04374922
906;Cyclohexane;Methanol;288.141;0.14129686;0.218545036;0.219111424;L1;43.61290412
906;Cyclohexane;Methanol;288.146555;0.164;0.218565326;0.219131268;L1;28.72185188
906;Cyclohexane;Methanol;288.15;0.135;0.218577911;0.219143574;L1;48.18677458
906;Cyclohexane;Methanol;288.54;0.139;0.220010479;0.220536754;L1;45.92012443
906;Cyclohexane;Methanol;289.795007;0.14518;0.224729324;0.225019961;L1;43.69223231
906;Cyclohexane;Methanol;289.86;0.1472;0.224978358;0.225252132;L1;42.4212005
906;Cyclohexane;Methanol;290.28971;0.1533;0.226636779;0.226787167;L1;39.09518579
906;Cyclohexane;Methanol;291.21;0.1506;0.230259873;0.23044895;L1;42.45812403
906;Cyclohexane;Methanol;291.34573;0.1525;0.230802682;0.231040895;L1;41.43985592
906;Cyclohexane;Methanol;293.138;0.155946409;0.238185162;0.23885733;L1;42.3535948
906;Cyclohexane;Methanol;293.14537;0.154912009;0.238216375;0.238889472;L1;43.03221295
906;Cyclohexane;Methanol;293.14537;0.1676;0.238216375;0.238889472;L1;35.15992134
906;Cyclohexane;Methanol;293.15;0.158;0.238235988;0.238909665;L1;41.06666957
906;Cyclohexane;Methanol;293.2509548;0.15743;0.238664343;0.239349948;L1;41.60772256
906;Cyclohexane;Methanol;293.61;0.155;0.24019894;0.240915813;L1;43.80423805
906;Cyclohexane;Methanol;293.95;0.1598;0.24166845;0.242398619;L1;41.36437116
906;Cyclohexane;Methanol;294.605078;0.1628;0.244545738;0.245255541;L1;40.68799055
906;Cyclohexane;Methanol;294.7;0.1621;0.244967798;0.245669514;L1;41.29133347
906;Cyclohexane;Methanol;295.69;0.17;0.249450068;0.249987095;L1;38.34603308
906;Cyclohexane;Methanol;296.731562;0.17019;0.254331529;0.254529548;L1;40.17231889
906;Cyclohexane;Methanol;296.98;0.1707;0.255522268;0.255613034;L1;40.34019297
906;Cyclohexane;Methanol;296.985;0.1701;0.25554634;0.25563484;L1;40.70172624
906;Cyclohexane;Methanol;298.136;0.173920501;0.261204246;0.261683441;L1;40.67043477
906;Cyclohexane;Methanol;298.14437;0.1714;0.261246263;0.261728883;L1;42.14634936
906;Cyclohexane;Methanol;298.14437;0.1712;0.261246263;0.261728883;L1;42.2631036
906;Cyclohexane;Methanol;298.14437;0.1717;0.261246263;0.261728883;L1;41.97147318
906;Cyclohexane;Methanol;298.14437;0.1752;0.261246263;0.261728883;L1;39.95353212
906;Cyclohexane;Methanol;298.14437;0.172;0.261246263;0.261728883;L1;41.79690229
906;Cyclohexane;Methanol;298.14437;0.1715;0.261246263;0.261728883;L1;42.08802331
906;Cyclohexane;Methanol;298.14437;0.1713;0.261246263;0.261728883;L1;42.20470944
906;Cyclohexane;Methanol;298.14437;0.17;0.261246263;0.261728883;L1;42.96650627
906;Cyclohexane;Methanol;298.14437;0.1825;0.261246263;0.261728883;L1;35.87133267
906;Cyclohexane;Methanol;298.15;0.16;0.261274533;0.261759449;L1;49.03978908
906;Cyclohexane;Methanol;298.15;0.173;0.261274533;0.261759449;L1;41.22801115
906;Cyclohexane;Methanol;298.15;0.177;0.261274533;0.261759449;L1;38.94219734
906;Cyclohexane;Methanol;298.15;0.1718;0.261274533;0.261759449;L1;41.92406965
906;Cyclohexane;Methanol;298.429;0.176;0.262682882;0.263274181;L1;40.04635393
906;Cyclohexane;Methanol;298.63;0.172;0.2637066;0.26436544;L1;42.73426429
906;Cyclohexane;Methanol;298.904218;0.1778;0.265115747;0.26585421;L1;39.95071879
906;Cyclohexane;Methanol;299.81;0.1818;0.269876709;0.270771834;L1;39.50580396
906;Cyclohexane;Methanol;299.924014;0.1849;0.270487946;0.271390833;L1;38.04123958
906;Cyclohexane;Methanol;300.15;0.1836;0.271707633;0.272617744;L1;39.1967132
906;Cyclohexane;Methanol;300.3910976;0.18297;0.273021028;0.273926698;L1;40.02266137
906;Cyclohexane;Methanol;300.853;0.186;0.275573189;0.276434435;L1;39.3106579
906;Cyclohexane;Methanol;301.2807416;0.18566;0.277980018;0.278756707;L1;40.36321884
906;Cyclohexane;Methanol;301.81;0.1909;0.281018197;0.281630129;L1;38.66696955
906;Cyclohexane;Methanol;302.324324;0.1954;0.284037129;0.28442247;L1;37.40562252
906;Cyclohexane;Methanol;302.34;0.194;0.284130204;0.284507577;L1;38.15744383
906;Cyclohexane;Methanol;302.363289;0.195;0.284268598;0.284634017;L1;37.69200016
906;Cyclohexane;Methanol;302.48;0.1955;0.284964284;0.285267658;L1;37.68034735
906;Cyclohexane;Methanol;302.594216;0.2021;0.285648566;0.285887753;L1;34.59996403
906;Cyclohexane;Methanol;303.134;0.196726041;0.288929865;0.289060179;L1;38.43718725
906;Cyclohexane;Methanol;303.15;0.19;0.289028502;0.289171353;L1;41.9501234
906;Cyclohexane;Methanol;303.23396;0.205;0.289546503;0.289754738;L1;34.53059361
906;Cyclohexane;Methanol;303.45;0.2;0.290888568;0.291255862;L1;37.4622898
906;Cyclohexane;Methanol;303.48;0.2013;0.291075988;0.291464313;L1;36.87880265
906;Cyclohexane;Methanol;303.53384;0.1984;0.291412997;0.291838412;L1;38.44562993
906;Cyclohexane;Methanol;303.63;0.19;0.292017003;0.292506567;L1;42.97879592
906;Cyclohexane;Methanol;303.7957352;0.19878;0.293064406;0.293658155;L1;38.81937161
906;Cyclohexane;Methanol;304.242725;0.206;0.295930448;0.296764002;L1;36.22482845
906;Cyclohexane;Methanol;304.475;0.2025;0.297444171;0.298377933;L1;38.44866593
906;Cyclohexane;Methanol;305.23;0.2084;0.302485593;0.303623947;L1;37.25743392
906;Cyclohexane;Methanol;305.65;0.2113;0.305374398;0.306542259;L1;36.82596325
906;Cyclohexane;Methanol;306.741975;0.22;0.313191981;0.314129697;L1;35.31888148
906;Cyclohexane;Methanol;306.9;0.2203;0.314362466;0.315227712;L1;35.55564161
906;Cyclohexane;Methanol;307.121861;0.2233;0.316023502;0.316769283;L1;34.73004242
906;Cyclohexane;Methanol;307.142396;0.2225;0.316178308;0.316911967;L1;35.13792179
906;Cyclohexane;Methanol;307.3013324;0.21765;0.317382674;0.318016315;L1;37.7219952
906;Cyclohexane;Methanol;307.355;0.2196;0.317791854;0.318389217;L1;36.95889123
906;Cyclohexane;Methanol;307.98206;0.216;0.322669903;0.322746257;L1;40.13514216
906;Cyclohexane;Methanol;308.132;0.227142947;0.323863823;0.323959791;L1;35.47435869
906;Cyclohexane;Methanol;308.15;0.218;0.324007848;0.324126796;L1;39.62726741
906;Cyclohexane;Methanol;308.41;0.2288;0.326107042;0.326539086;L1;35.43774161
906;Cyclohexane;Methanol;308.64;0.219;0.327992705;0.328673034;L1;40.39196383
906;Cyclohexane;Methanol;308.89133;0.234;0.33008527;0.331004883;L1;34.40299
906;Cyclohexane;Methanol;309.841045;0.2405;0.338316915;0.339816375;L1;34.12629856
906;Cyclohexane;Methanol;309.88;0.2395;0.338666228;0.340177801;L1;34.64616272
906;Cyclohexane;Methanol;310.577;0.2376;0.345086529;0.346644593;L1;37.32066061
906;Cyclohexane;Methanol;310.601012;0.24261;0.34531371;0.346867377;L1;35.29980936
906;Cyclohexane;Methanol;310.69079;0.248;0.346166824;0.347700341;L1;33.34920636
906;Cyclohexane;Methanol;311.2;0.25;0.351120599;0.35242481;L1;33.96688345
906;Cyclohexane;Methanol;311.37;0.2514;0.352820088;0.354002076;L1;33.89129658
906;Cyclohexane;Methanol;311.6;0.2477;0.355157951;0.356136025;L1;36.03442863
906;Cyclohexane;Methanol;311.750552;0.2591;0.356713155;0.357532852;L1;31.97178828
906;Cyclohexane;Methanol;312.19034;0.261;0.361374892;0.361613222;L1;32.53954937
906;Cyclohexane;Methanol;312.420271;0.2628;0.363887788;0.364080551;L1;32.54522596
906;Cyclohexane;Methanol;312.455;0.2562;0.364271604;0.364544284;L1;35.19413658
906;Cyclohexane;Methanol;312.470256;0.2648;0.364440563;0.364747996;L1;31.93886501
906;Cyclohexane;Methanol;312.53024;0.275;0.365109218;0.365548957;L1;28.34254387
906;Cyclohexane;Methanol;312.660199;0.2657;0.366568858;0.367284287;L1;32.18185298
906;Cyclohexane;Methanol;312.67;0.2645;0.366679685;0.367415159;L1;32.66474223
906;Cyclohexane;Methanol;312.9901;0.2732;0.370359;0.371689424;L1;30.42686791
906;Cyclohexane;Methanol;313;0.257;0.370474692;0.371821618;L1;36.57090502
906;Cyclohexane;Methanol;313.13;0.267235939;0.37200485;0.373557496;L1;33.07749572
906;Cyclohexane;Methanol;313.13;0.260815829;0.37200485;0.373557496;L1;35.50923698
906;Cyclohexane;Methanol;313.140055;0.2652;0.372124063;0.37369176;L1;33.87430421
906;Cyclohexane;Methanol;313.15;0.261;0.372242094;0.373824554;L1;35.50240247
906;Cyclohexane;Methanol;313.179985;0.2675;0.372598712;0.374224941;L1;33.13824347
906;Cyclohexane;Methanol;313.539935;0.276;0.376970001;0.37903132;L1;31.17647449
906;Cyclohexane;Methanol;313.5809227;0.2704;0.377478749;0.379578625;L1;33.36119279
906;Cyclohexane;Methanol;313.64;0.2766;0.378216149;0.380367478;L1;31.2893435
906;Cyclohexane;Methanol;313.7977996;0.27468;0.380210223;0.382474562;L1;32.51175345
906;Cyclohexane;Methanol;313.85;0.2758;0.380877893;0.383171589;L1;32.28028682
906;Cyclohexane;Methanol;314.419671;0.2844;0.388444577;0.390778352;L1;31.17688036
906;Cyclohexane;Methanol;314.58962;0.29;0.390809908;0.393047665;L1;29.83403494
906;Cyclohexane;Methanol;314.75;0.276;0.393092187;0.395189205;L1;35.3643291
906;Cyclohexane;Methanol;314.76;0.2889;0.393236168;0.395322734;L1;30.83297606
906;Cyclohexane;Methanol;314.763;0.2758;0.393279401;0.395362792;L1;35.4844339
906;Cyclohexane;Methanol;315.0264889;0.2909;0.397149431;0.398881135;L1;31.13330451
906;Cyclohexane;Methanol;315.14;0.283;0.398863169;0.400396838;L1;34.31715249
906;Cyclohexane;Methanol;315.15;0.3;0.399015553;0.400530367;L1;28.52179222
906;Cyclohexane;Methanol;315.35;0.3014;0.402113238;0.403200948;L1;28.82954504
906;Cyclohexane;Methanol;315.419313;0.3084;0.40320985;0.404126478;L1;26.80595033
906;Cyclohexane;Methanol;315.439365;0.3089;0.403529401;0.404394231;L1;26.72317493
906;Cyclohexane;Methanol;315.519341;0.3082;0.404814439;0.405462143;L1;27.26798634
906;Cyclohexane;Methanol;315.58932;0.305;0.405949968;0.406396566;L1;28.59181448
906;Cyclohexane;Methanol;315.809196;0.3055;0.409620952;0.409749224;L1;29.3282446
906;Cyclohexane;Methanol;315.92;0.3095;0.411524126;0.411792534;L1;28.49095553
906;Cyclohexane;Methanol;316.08917;0.3203;0.414507286;0.414912158;L1;25.78324961
906;Cyclohexane;Methanol;316.1051652;0.3118;0.41479448;0.415207121;L1;28.54212112
906;Cyclohexane;Methanol;316.15;0.304;0.415604451;0.416033909;L1;31.2706268
906;Cyclohexane;Methanol;316.15;0.301;0.415604451;0.416033909;L1;32.26237046
906;Cyclohexane;Methanol;316.25;0.296;0.417438062;0.417877985;L1;34.37767248
906;Cyclohexane;Methanol;316.28911;0.32;0.418165699;0.418599203;L1;26.75567681
906;Cyclohexane;Methanol;316.3840235;0.30921;0.419957239;0.42034948;L1;30.61322365
906;Cyclohexane;Methanol;316.48;0.317;0.421807329;0.42211936;L1;28.56468685
906;Cyclohexane;Methanol;316.5079863;0.32094;0.42235437;0.422635448;L1;27.45905101
906;Cyclohexane;Methanol;316.838945;0.334;0.429102669;0.429422856;L1;25.05552188
906;Cyclohexane;Methanol;316.858939;0.3429;0.42952813;0.429881072;L1;22.52483734
906;Cyclohexane;Methanol;316.87;0.325;0.429764492;0.430134565;L1;27.94121826
906;Cyclohexane;Methanol;316.9019261;0.3423;0.430450518;0.430866238;L1;22.91448311
906;Cyclohexane;Methanol;317.048982;0.34856;0.433689778;0.43423642;L1;21.85191004
906;Cyclohexane;Methanol;317.05;0.333;0.433712691;0.434259751;L1;26.4239823
906;Cyclohexane;Methanol;317.138855;0.3507;0.435738712;0.436296103;L1;21.71116214
906;Cyclohexane;Methanol;317.23;0.3382;0.437875507;0.438384937;L1;25.82972034
906;Cyclohexane;Methanol;317.2382252;0.35812;0.4380714;0.438573439;L1;20.1513786
906;Cyclohexane;Methanol;317.28881;0.344;0.43928769;0.439732727;L1;24.45128704
906;Cyclohexane;Methanol;317.3178013;0.35106;0.439994012;0.440397141;L1;22.58039683
906;Cyclohexane;Methanol;317.335596;0.35064;0.440430907;0.440804953;L1;22.79935262
906;Cyclohexane;Methanol;317.35;0.35;0.440786507;0.441135061;L1;23.06274915
906;Cyclohexane;Methanol;317.368728;0.3613;0.441251398;0.441564263;L1;19.99061376
906;Cyclohexane;Methanol;317.4164717;0.35384;0.442450174;0.442658439;L1;22.34830244
906;Cyclohexane;Methanol;317.4474624;0.35599;0.443238939;0.443368675;L1;21.92063506
906;Cyclohexane;Methanol;317.4695558;0.36713;0.443806484;0.443875004;L1;18.96726125
906;Cyclohexane;Methanol;317.477;0.3176;0.443998702;0.444045609;L1;33.50289107
906;Cyclohexane;Methanol;317.508644;0.35709;0.444821442;0.444883508;L1;21.96850963
906;Cyclohexane;Methanol;317.52868;0.365;0.445347095;0.445486098;L1;19.89566123
906;Cyclohexane;Methanol;317.55;0.356;0.445910571;0.446127306;L1;22.51876879
906;Cyclohexane;Methanol;317.5857209;0.3717;0.446864589;0.447201626;L1;18.41685384
906;Cyclohexane;Methanol;317.592119;0.36046;0.447036833;0.447394051;L1;21.52599991
906;Cyclohexane;Methanol;317.6200106;0.37372;0.447792658;0.448232903;L1;18.08234545
906;Cyclohexane;Methanol;317.65;0.3471;0.448614751;0.449134847;L1;25.65515809
906;Cyclohexane;Methanol;317.65;0.353;0.448614751;0.449134847;L1;23.96964468
906;Cyclohexane;Methanol;317.658699;0.3783;0.448855102;0.449396473;L1;17.10125909
906;Cyclohexane;Methanol;317.6716951;0.36604;0.449215843;0.449787336;L1;20.47608745
906;Cyclohexane;Methanol;317.7336765;0.36732;0.450963945;0.451651451;L1;20.51539889
906;Cyclohexane;Methanol;317.738675;0.363;0.451106966;0.451801783;L1;21.73016518
906;Cyclohexane;Methanol;317.748614;0.3586;0.451392479;0.452100703;L1;23.01296419
906;Cyclohexane;Methanol;317.7603685;0.3831;0.451731759;0.452454224;L1;16.47924975
906;Cyclohexane;Methanol;317.7723649;0.37172;0.452079866;0.452815021;L1;19.57179761
906;Cyclohexane;Methanol;317.8068545;0.37081;0.453091828;0.453852311;L1;20.04050142
906;Cyclohexane;Methanol;317.8382451;0.37562;0.454027612;0.454796395;L1;18.9580021
906;Cyclohexane;Methanol;317.8748341;0.37443;0.455136999;0.455896825;L1;19.51935999
906;Cyclohexane;Methanol;317.8923289;0.39359;0.455674641;0.456422987;L1;14.64692902
906;Cyclohexane;Methanol;317.9225618;0.36141;0.456615791;0.457332254;L1;23.38292696
906;Cyclohexane;Methanol;317.9333166;0.37804;0.456954238;0.457655709;L1;18.95832392
906;Cyclohexane;Methanol;317.938557;0.3864;0.457119768;0.457813316;L1;16.80723289
906;Cyclohexane;Methanol;317.94;0.368;0.457165565;0.457856715;L1;21.69626732
906;Cyclohexane;Methanol;317.9540104;0.39823;0.457610943;0.458278083;L1;13.89896252
906;Cyclohexane;Methanol;317.9646072;0.4828;0.457950146;0.458596786;L1;5.284216215
906;Cyclohexane;Methanol;317.9646072;0.4828;0.457950146;0.458596786;L1;5.284216215
906;Cyclohexane;Methanol;317.978545;0.393;0.458399258;0.459015971;L1;15.39309357
906;Cyclohexane;Methanol;317.9958978;0.38185;0.458963195;0.459537864;L1;18.39421598
906;Cyclohexane;Methanol;317.998539;0.4021;0.459049559;0.459617299;L1;13.2457363
906;Cyclohexane;Methanol;317.9995967;0.3997;0.459084155;0.45964911;L1;13.8519271
906;Cyclohexane;Methanol;318.0131926;0.40508;0.459530771;0.460058013;L1;12.61213272
906;Cyclohexane;Methanol;318.0273884;0.38891;0.46000097;0.460484955;L1;16.78806445
906;Cyclohexane;Methanol;318.038585;0.381;0.460374351;0.460821699;L1;18.924059
906;Cyclohexane;Methanol;318.0490819;0.38565;0.460726679;0.461137396;L1;17.78747584
906;Cyclohexane;Methanol;318.0626778;0.41187;0.461186186;0.461546299;L1;11.30940691
906;Cyclohexane;Methanol;318.0764736;0.39374;0.461656146;0.461961215;L1;15.9129549
906;Cyclohexane;Methanol;318.0950681;0.38952;0.46229562;0.46252045;L1;17.12893442
906;Cyclohexane;Methanol;318.1;0.364;0.462466428;0.46266878;L1;23.94200987
906;Cyclohexane;Methanol;318.1067645;0.41855;0.462701491;0.462872226;L1;10.0285761
906;Cyclohexane;Methanol;318.118561;0.3685;0.46322701;0.46322701;L1;22.87765247
906;Cyclohexane;Methanol;318.1232596;0.42427;0.463368322;0.463368322;L1;8.815220469
906;Cyclohexane;Methanol;318.1285;0.359653082;0.463525929;0.463525929;L1;25.37224195
906;Cyclohexane;Methanol;318.138555;0.3972;0.463828337;0.463828337;L1;15.50745882
906;Cyclohexane;Methanol;318.1446532;0.39347;0.464066031;0.464066031;L1;16.50220242
906;Cyclohexane;Methanol;318.153;0.34;0.464332017;0.464549065;L1;31.1654232
906;Cyclohexane;Methanol;318.1715451;0.43396;0.464987229;0.465622278;L1;6.90575763
906;Cyclohexane;Methanol;318.18;0.3781;0.465284426;0.466111566;L1;20.74901762
906;Cyclohexane;Methanol;318.1815421;0.4821;0.46533861;0.466200808;L1;3.538622799
906;Cyclohexane;Methanol;318.1815421;0.4821;0.46533861;0.466200808;L1;3.538622799
906;Cyclohexane;Methanol;318.18854;0.482;0.465583565;0.46660578;L1;3.465251785
906;Cyclohexane;Methanol;318.18854;0.397;0.465583565;0.46660578;L1;15.93553155
906;Cyclohexane;Methanol;318.18854;0.482;0.465583565;0.46660578;L1;3.465251785
906;Cyclohexane;Methanol;318.1925388;0.39754;0.46572353;0.466837192;L1;15.82966158
906;Cyclohexane;Methanol;318.198479;0.434;0.465930829;0.467180954;L1;7.099265292
906;Cyclohexane;Methanol;318.2046352;0.45158;0.466145348;0.467537214;L1;3.174494675
906;Cyclohexane;Methanol;318.2255289;0.40068;0.466870355;0.468746343;L1;15.28885034
906;Cyclohexane;Methanol;318.2389249;0.48639;0.467332633;0.469521574;L1;3.996949043
906;Cyclohexane;Methanol;318.2448231;0.42539;0.467724826;0.469862907;L1;9.487374826
906;Cyclohexane;Methanol;318.268458;0.4694;0.468632016;0.471230668;L1;0.163743761
906;Cyclohexane;Methanol;318.2765136;0.476;0.46894449;0.471696848;L1;1.493345113
906;Cyclohexane;Methanol;318.2765136;0.476;0.46894449;0.471696848;L1;1.493345113
906;Cyclohexane;Methanol;318.2775133;0.4326;0.468983365;0.471754701;L1;8.075378496
906;Cyclohexane;Methanol;318.278455;0.47;0.469019975;0.471809198;L1;0.208733676
906;Cyclohexane;Methanol;318.278455;0.47;0.469019975;0.471809198;L1;0.208733676
906;Cyclohexane;Methanol;318.28851;0.41;0.4694129;0.472391085;L1;13.53256042
906;Cyclohexane;Methanol;318.2956079;0.44116;0.469691661;0.472801842;L1;6.266881755
906;Cyclohexane;Methanol;318.315302;0.45876;0.470472071;0.473941547;L1;2.520940057
906;Cyclohexane;Methanol;318.3204424;0.39662;0.470677441;0.474239026;L1;17.11943768
906;Cyclohexane;Methanol;318.3277982;0.43152;0.470972635;0.47466471;L1;8.748613331
906;Cyclohexane;Methanol;318.3294397;0.36198;0.471038514;0.474759704;L1;26.33508995
906;Cyclohexane;Methanol;318.3370954;0.4377;0.471347281;0.475202743;L1;7.406140536
906;Cyclohexane;Methanol;318.338495;0.424;0.471403973;0.475283738;L1;10.59819637
906;Cyclohexane;Methanol;318.3491918;0.44276;0.471838207;0.475902765;L1;6.360828242
906;Cyclohexane;Methanol;318.3631876;0.44735;0.472411088;0.476712708;L1;5.450826863
906;Cyclohexane;Methanol;318.3740843;0.45316;0.472860465;0.477343306;L1;4.25550805
906;Cyclohexane;Methanol;318.3826817;0.42609;0.473217256;0.477840843;L1;10.49040057
906;Cyclohexane;Methanol;318.38848;0.437;0.473459125;0.47817639;L1;8.013238887
906;Cyclohexane;Methanol;318.3921789;0.42848;0.473613464;0.478390447;L1;10.01474507
906;Cyclohexane;Methanol;318.3976772;0.46898;0.473843761;0.478708638;L1;1.031752619
906;Cyclohexane;Methanol;318.4004764;0.4315;0.473961774;0.478870627;L1;9.385916159
906;Cyclohexane;Methanol;318.4033755;0.43077;0.474083808;0.479038401;L1;9.580981076
906;Cyclohexane;Methanol;318.4077742;0.43845;0.474269233;0.479292954;L1;7.852938216
906;Cyclohexane;Methanol;318.428568;0.44321;0.475153855;0.480496298;L1;6.959495805
906;Cyclohexane;Methanol;318.438465;0.449;0.475579127;0.481069043;L1;5.751038802
906;Cyclohexane;Methanol;318.4439634;0.45095;0.475816445;0.481387235;L1;5.367569204
906;Cyclohexane;Methanol;318.45516;0.4536;0.476302883;0.482035189;L1;4.883820828
906;Cyclohexane;Methanol;318.4612582;0.45628;0.476569104;0.482388093;L1;4.350608093
906;Cyclohexane;Methanol;318.4693557;0.45899;0.476924408;0.482856702;L1;3.832958158
906;Cyclohexane;Methanol;318.4713971;0.43128;0.477014388;0.482974837;L1;10.0789122
906;Cyclohexane;Methanol;318.475154;0.46146;0.477180649;0.48319225;L1;3.349976297
906;Cyclohexane;Methanol;318.478453;0.46736;0.477326123;0.483383165;L1;2.110011465
906;Cyclohexane;Methanol;318.4863926;0.44147;0.477678797;0.483842633;L1;7.88284661
906;Cyclohexane;Methanol;318.4872504;0.47018;0.477717067;0.483892272;L1;1.590304653
906;Cyclohexane;Methanol;318.4879502;0.49736;0.477748188;0.483932769;L1;4.023031974
906;Cyclohexane;Methanol;318.48845;0.487;0.477771218;0.483961696;L1;1.913212849
906;Cyclohexane;Methanol;318.6124128;0.4832;0.48363097;0.491135474;L1;0.089151035
906;Cyclohexane;Methanol;318.6124128;0.4832;0.48363097;0.491135474;L1;0.089151035
906;Cyclohexane;Methanol;318.8043552;0.492;0.50224326;0.50224326;L1;2.06058675
906;Cyclohexane;Methanol;318.8043552;0.492;0.50224326;0.50224326;L1;2.06058675
906;Cyclohexane;Methanol;319.0822718;0.4768;;;L1;
906;Cyclohexane;Methanol;319.0822718;0.4768;;;L1;
906;Cyclohexane;Methanol;319.2902094;0.480009242;;;L1;
906;Cyclohexane;Methanol;319.578065;0.5;;;L1;
906;Cyclohexane;Methanol;319.578065;0.5;;;L1;
906;Cyclohexane;Methanol;277.79;0.9295;0.923004538;0.922496008;L2;0.701265598
906;Cyclohexane;Methanol;278.15;0.942;0.921874201;0.92127993;L2;2.159650199
906;Cyclohexane;Methanol;279.29631;0.9321;0.918180089;0.917407699;L2;1.504655804
906;Cyclohexane;Methanol;280.048985;0.9284;0.915673977;0.914865165;L2;1.380229311
906;Cyclohexane;Methanol;280.148955;0.9301;0.915336206;0.914527467;L2;1.600067081
906;Cyclohexane;Methanol;282.8;0.9184;0.905941912;0.905572247;L2;1.365783599
906;Cyclohexane;Methanol;283.15;0.939;0.904636406;0.904389948;L2;3.728237739
906;Cyclohexane;Methanol;283.947815;0.9268;0.901601102;0.901501911;L2;2.756560747
906;Cyclohexane;Methanol;284.047785;0.92;0.901214852;0.901068646;L2;2.062998187
906;Cyclohexane;Methanol;284.14;0.9385;0.900857382;0.900668991;L2;4.093589909
906;Cyclohexane;Methanol;284.147755;0.9113;0.900827269;0.900635381;L2;1.155862314
906;Cyclohexane;Methanol;285.947215;0.9183;0.893617294;0.892836614;L2;2.724653338
906;Cyclohexane;Methanol;288.146555;0.9034;0.884172772;0.883304788;L2;2.151293678
906;Cyclohexane;Methanol;288.15;0.922;0.884157404;0.883289857;L2;4.191011808
906;Cyclohexane;Methanol;288.446465;0.909;0.88282797;0.882004993;L2;2.921473645
906;Cyclohexane;Methanol;288.54;0.9036;0.882405668;0.881599617;L2;2.373489319
906;Cyclohexane;Methanol;290.75;0.9055;0.872013481;0.872004781;L2;3.768239347
906;Cyclohexane;Methanol;291.05;0.9181;0.870539259;0.870354385;L2;5.319346
906;Cyclohexane;Methanol;291.05;0.9;0.870539259;0.870354385;L2;3.328190618
906;Cyclohexane;Methanol;291.98;0.9096;0.865867861;0.865238157;L2;4.927263141
906;Cyclohexane;Methanol;292.35;0.911;0.863965737;0.863202668;L2;5.300978596
906;Cyclohexane;Methanol;292.54549;0.9002;0.862950499;0.862127215;L2;4.225963107
906;Cyclohexane;Methanol;293.14537;0.8926;0.85979012;0.858827083;L2;3.745023898
906;Cyclohexane;Methanol;293.14537;0.887586935;0.85979012;0.858827083;L2;3.181815827
906;Cyclohexane;Methanol;293.15;0.892;0.85976546;0.858801612;L2;3.680650098
906;Cyclohexane;Methanol;293.61;0.886;0.857294701;0.856271004;L2;3.293521578
906;Cyclohexane;Methanol;295.64487;0.8883;0.845851673;0.845076532;L2;4.89655074
906;Cyclohexane;Methanol;296.1368;0.878;0.842953291;0.842370268;L2;4.073504465
906;Cyclohexane;Methanol;297.15;0.8892;0.836811546;0.83679633;L2;6.072329142
906;Cyclohexane;Methanol;297.15;0.8892;0.836811546;0.83679633;L2;6.072329142
906;Cyclohexane;Methanol;298.14437;0.875;0.830548169;0.829910543;L2;5.213795924
906;Cyclohexane;Methanol;298.14437;0.8709;0.830548169;0.829910543;L2;4.744123259
906;Cyclohexane;Methanol;298.14437;0.8752;0.830548169;0.829910543;L2;5.236650455
906;Cyclohexane;Methanol;298.14437;0.875;0.830548169;0.829910543;L2;5.213795924
906;Cyclohexane;Methanol;298.14437;0.8756;0.830548169;0.829910543;L2;5.282343854
906;Cyclohexane;Methanol;298.14437;0.875;0.830548169;0.829910543;L2;5.213795924
906;Cyclohexane;Methanol;298.14437;0.8749;0.830548169;0.829910543;L2;5.2023667
906;Cyclohexane;Methanol;298.14437;0.8703;0.830548169;0.829910543;L2;4.675205268
906;Cyclohexane;Methanol;298.14437;0.888;0.830548169;0.829910543;L2;6.688581588
906;Cyclohexane;Methanol;298.15;0.888;0.830512016;0.82987137;L2;6.692934564
906;Cyclohexane;Methanol;298.15;0.876;0.830512016;0.82987137;L2;5.332369358
906;Cyclohexane;Methanol;298.15;0.88;0.830512016;0.82987137;L2;5.787951012
906;Cyclohexane;Methanol;298.15;0.8751;0.830512016;0.82987137;L2;5.229576819
906;Cyclohexane;Methanol;298.355;0.8786;0.829190201;0.828445005;L2;5.788016891
906;Cyclohexane;Methanol;298.38;0.8793;0.829028279;0.828271058;L2;5.887186983
906;Cyclohexane;Methanol;298.63;0.866;0.827400313;0.826531589;L2;4.559627612
906;Cyclohexane;Methanol;299.54409;0.8636;0.821309215;0.820171462;L2;5.021002823
906;Cyclohexane;Methanol;300.15;0.8666;0.817147231;0.815955614;L2;5.875822164
906;Cyclohexane;Methanol;300.66;0.8716;0.813563771;0.812407096;L2;6.890628881
906;Cyclohexane;Methanol;300.853;0.8705;0.812187984;0.811064226;L2;6.933593835
906;Cyclohexane;Methanol;300.879902;0.86364;0.811995342;0.810877045;L2;6.166141111
906;Cyclohexane;Methanol;301.95;0.862;0.804154118;0.803431433;L2;6.946433048
906;Cyclohexane;Methanol;302.343295;0.8455;0.801181626;0.800694935;L2;5.384049729
906;Cyclohexane;Methanol;302.55;0.8506;0.799599045;0.799256707;L2;6.183157511
906;Cyclohexane;Methanol;302.68;0.85;0.79859643;0.798352182;L2;6.238062489
906;Cyclohexane;Methanol;302.809;0.8565;0.797595892;0.797454616;L2;7.125224991
906;Cyclohexane;Methanol;303.15;0.841;0.794923562;0.794749273;L2;5.63456987
906;Cyclohexane;Methanol;303.63;0.838;0.79109266;0.790497966;L2;5.760299706
906;Cyclohexane;Methanol;303.69;0.8514;0.790607967;0.789966552;L2;7.407982552
906;Cyclohexane;Methanol;303.842845;0.835;0.789367288;0.788612821;L2;5.62000018
906;Cyclohexane;Methanol;304.43348;0.854;0.784490629;0.783381632;L2;8.489656671
906;Cyclohexane;Methanol;304.575;0.835;0.78330223;0.782128205;L2;6.3913113
906;Cyclohexane;Methanol;304.66;0.8431;0.782584663;0.781375369;L2;7.448346299
906;Cyclohexane;Methanol;305.48306;0.8434;0.775484634;0.774085617;L2;8.395317373
906;Cyclohexane;Methanol;305.7709448;0.83331;0.772933857;0.771535853;L2;7.521224381
906;Cyclohexane;Methanol;306.25;0.8275;0.768607851;0.767292914;L2;7.382821493
906;Cyclohexane;Methanol;306.322724;0.8165;0.767941996;0.766648806;L2;6.131270819
906;Cyclohexane;Methanol;306.442065;0.816;0.766843983;0.765591816;L2;6.213098609
906;Cyclohexane;Methanol;307.262348;0.8102;0.759110952;0.758326659;L2;6.513318288
906;Cyclohexane;Methanol;307.339;0.8287;0.75837114;0.757647761;L2;8.868531197
906;Cyclohexane;Methanol;307.86;0.818;0.753260703;0.753033321;L2;8.245094978
906;Cyclohexane;Methanol;307.98206;0.831;0.752042107;0.751952249;L2;9.983747916
906;Cyclohexane;Methanol;308.01;0.8162;0.751762007;0.751704788;L2;8.22396296
906;Cyclohexane;Methanol;308.15;0.812;0.750351937;0.750218808;L2;7.895799483
906;Cyclohexane;Methanol;308.64;0.8;0.745327441;0.744564345;L2;7.078808707
906;Cyclohexane;Methanol;308.681393;0.7964;0.744896465;0.744086681;L2;6.685633689
906;Cyclohexane;Methanol;308.741375;0.7958;0.744270092;0.743394506;L2;6.694390265
906;Cyclohexane;Methanol;309.08162;0.7922;0.740674764;0.739468174;L2;6.72522708
906;Cyclohexane;Methanol;309.166;0.8141;0.739771774;0.738494453;L2;9.574148363
906;Cyclohexane;Methanol;309.17;0.8;0.739728854;0.738448294;L2;7.832802243
906;Cyclohexane;Methanol;309.201237;0.7907;0.739393322;0.738087827;L2;6.708861362
906;Cyclohexane;Methanol;309.7;0.8052;0.73394787;0.732332242;L2;9.265268929
906;Cyclohexane;Methanol;309.8003324;0.7891;0.732831839;0.731174435;L2;7.397679428
906;Cyclohexane;Methanol;309.941015;0.783;0.731254937;0.729550997;L2;6.837054627
906;Cyclohexane;Methanol;310.275;0.7938;0.727453383;0.725696904;L2;8.728162102
906;Cyclohexane;Methanol;310.31;0.7976;0.727050157;0.725293013;L2;9.261175178
906;Cyclohexane;Methanol;310.440865;0.778;0.725534143;0.723782868;L2;6.981839132
906;Cyclohexane;Methanol;310.68098;0.8033;0.722717507;0.721012008;L2;10.57098204
906;Cyclohexane;Methanol;310.81;0.792;0.72118483;0.719523154;L2;9.366593526
906;Cyclohexane;Methanol;311.65;0.7742;0.710854285;0.709829789;L2;8.53627725
906;Cyclohexane;Methanol;311.940415;0.758;0.707129762;0.706478481;L2;6.946919824
906;Cyclohexane;Methanol;312.18038;0.7545;0.703987919;0.703709353;L2;6.929408292
906;Cyclohexane;Methanol;312.38;0.7757;0.701327262;0.701223147;L2;10.07912188
906;Cyclohexane;Methanol;312.38;0.778;0.701327262;0.701223147;L2;10.37518955
906;Cyclohexane;Methanol;312.4542704;0.75639;0.700326407;0.700040781;L2;7.70105941
906;Cyclohexane;Methanol;312.69019;0.746;0.697104453;0.696285003;L2;6.779033942
906;Cyclohexane;Methanol;312.77;0.7643;0.69599976;0.695014448;L2;9.361106722
906;Cyclohexane;Methanol;312.85;0.7528;0.694884699;0.693740869;L2;8.005365736
906;Cyclohexane;Methanol;312.98;0.7644;0.693055844;0.691671303;L2;9.798063322
906;Cyclohexane;Methanol;312.980103;0.7475;0.693054387;0.691669663;L2;7.562582895
906;Cyclohexane;Methanol;312.9901;0.7549;0.692912866;0.691510513;L2;8.568103394
906;Cyclohexane;Methanol;313;0.744;0.692772592;0.691352908;L2;7.133923932
906;Cyclohexane;Methanol;313.13;0.738;0.690918906;0.689283342;L2;6.592136535
906;Cyclohexane;Methanol;313.13;0.772145643;0.690918906;0.689283342;L2;11.11507297
906;Cyclohexane;Methanol;313.140055;0.7629;0.690774613;0.689123269;L2;9.931336584
906;Cyclohexane;Methanol;313.15;0.758;0.690631767;0.688964947;L2;9.307660282
906;Cyclohexane;Methanol;313.171;0.7741;0.690329702;0.688630632;L2;11.45317519
906;Cyclohexane;Methanol;313.339995;0.737;0.687877278;0.685940276;L2;6.897744552
906;Cyclohexane;Methanol;313.4689563;0.7532;0.685979289;0.683887245;L2;9.348336101
906;Cyclohexane;Methanol;314.08977;0.727;0.676494386;0.674004052;L2;7.200232835
906;Cyclohexane;Methanol;314.51;0.7455;0.669709297;0.6673141;L2;10.7211401
906;Cyclohexane;Methanol;314.539635;0.717;0.669218473;0.666842318;L2;6.896526662
906;Cyclohexane;Methanol;314.75;0.72;0.665684283;0.663493362;L2;7.843570347
906;Cyclohexane;Methanol;314.9074666;0.71245;0.662978761;0.660986535;L2;7.196677971
906;Cyclohexane;Methanol;315.065;0.7363;0.660217452;0.658478644;L2;10.90683911
906;Cyclohexane;Methanol;315.14;0.716;0.658882704;0.657284663;L2;8.313463923
906;Cyclohexane;Methanol;315.179385;0.7003;0.658176411;0.656657665;L2;6.203581797
906;Cyclohexane;Methanol;315.2863529;0.72422;0.656238959;0.654954763;L2;9.857022369
906;Cyclohexane;Methanol;315.28941;0.7;0.656183167;0.654906095;L2;6.464036721
906;Cyclohexane;Methanol;315.43;0.7;0.653591292;0.652667939;L2;6.85981144
906;Cyclohexane;Methanol;315.44;0.7241;0.65340495;0.652508741;L2;10.27324303
906;Cyclohexane;Methanol;315.559329;0.6935;0.651161889;0.650609055;L2;6.299295043
906;Cyclohexane;Methanol;315.6;0.7163;0.650387031;0.649961583;L2;9.653145572
906;Cyclohexane;Methanol;315.79;0.7162;0.646704828;0.646606451;L2;10.20694838
906;Cyclohexane;Methanol;315.839245;0.687;0.645732732;0.645562999;L2;6.194860127
906;Cyclohexane;Methanol;315.84;0.714;0.645717769;0.645547001;L2;10.05204445
906;Cyclohexane;Methanol;315.9112234;0.7009;0.644297905;0.64403785;L2;8.420401871
906;Cyclohexane;Methanol;315.92916;0.7169;0.643937695;0.643657791;L2;10.73343864
906;Cyclohexane;Methanol;316.15;0.686;0.639411559;0.638978416;L2;7.032931349
906;Cyclohexane;Methanol;316.15;0.702;0.639411559;0.638978416;L2;9.338508979
906;Cyclohexane;Methanol;316.339095;0.671;0.635391202;0.634971684;L2;5.452826089
906;Cyclohexane;Methanol;316.48;0.672;0.632299573;0.63198605;L2;6.089505063
906;Cyclohexane;Methanol;316.59;0.6908;0.629824422;0.629655262;L2;9.240926037
906;Cyclohexane;Methanol;316.6929308;0.69234;0.627456163;0.627443209;L2;9.840335611
906;Cyclohexane;Methanol;316.71;0.7025;0.627058349;0.627003933;L2;11.3605805
906;Cyclohexane;Methanol;316.9889;0.6495;0.620333664;0.619826441;L2;4.594533546
906;Cyclohexane;Methanol;316.9889;0.653;0.620333664;0.619826441;L2;5.131962863
906;Cyclohexane;Methanol;317.05;0.665;0.618798432;0.618254033;L2;7.200745512
906;Cyclohexane;Methanol;317.055;0.6833;0.618671725;0.618125358;L2;9.935920051
906;Cyclohexane;Methanol;317.08;0.6868;0.618035647;0.617481983;L2;10.54969916
906;Cyclohexane;Methanol;317.15;0.6778;0.616231787;0.615680532;L2;9.522908912
906;Cyclohexane;Methanol;317.1551501;0.64178;0.616097693;0.615547994;L2;4.084002311
906;Cyclohexane;Methanol;317.1701456;0.64761;0.615706211;0.615162085;L2;5.051874427
906;Cyclohexane;Methanol;317.238825;0.642;0.613891857;0.613394621;L2;4.476951915
906;Cyclohexane;Methanol;317.2748142;0.6462;0.612926743;0.612468439;L2;5.286363045
906;Cyclohexane;Methanol;317.278755;0.6318;0.612820431;0.612367022;L2;3.05009305
906;Cyclohexane;Methanol;317.2953081;0.64233;0.612372544;0.611941029;L2;4.776136058
906;Cyclohexane;Methanol;317.2976074;0.63576;0.612310131;0.611881857;L2;3.758222989
906;Cyclohexane;Methanol;317.335596;0.62714;0.611273126;0.61090422;L2;2.562592657
906;Cyclohexane;Methanol;317.4164717;0.63687;0.609024716;0.608822883;L2;4.470670219
906;Cyclohexane;Methanol;317.42;0.65;0.608925342;0.608732082;L2;6.527669392
906;Cyclohexane;Methanol;317.4474624;0.62827;0.608147875;0.608025337;L2;3.255194275
906;Cyclohexane;Methanol;317.46;0.6676;0.607790659;0.607702682;L2;9.385868069
906;Cyclohexane;Methanol;317.508644;0.61465;0.606390791;0.606337208;L2;1.352835159
906;Cyclohexane;Methanol;317.5177413;0.63172;0.606126501;0.606037437;L2;4.135754629
906;Cyclohexane;Methanol;317.5297377;0.6383;0.605776772;0.605642136;L2;5.229683775
906;Cyclohexane;Methanol;317.538735;0.628;0.605513534;0.60534566;L2;3.646325166
906;Cyclohexane;Methanol;317.6200106;0.62664;0.603098167;0.602667492;L2;3.829223179
906;Cyclohexane;Methanol;317.65;0.631;0.602188958;0.601679291;L2;4.673458249
906;Cyclohexane;Methanol;317.65;0.6588;0.602188958;0.601679291;L2;8.984871825
906;Cyclohexane;Methanol;317.6716951;0.60735;0.601524855;0.600964402;L2;0.963737569
906;Cyclohexane;Methanol;317.7092838;0.62159;0.60036099;0.59972579;L2;3.474958705
906;Cyclohexane;Methanol;317.7140824;0.61229;0.600211171;0.59956767;L2;1.992448208
906;Cyclohexane;Methanol;317.738675;0.618;0.599438728;0.598757301;L2;3.049469328
906;Cyclohexane;Methanol;317.7959578;0.61668;0.597609009;0.596869737;L2;3.141354158
906;Cyclohexane;Methanol;317.7975993;0.65074;0.597556067;0.596815647;L2;8.526206102
906;Cyclohexane;Methanol;317.82859;0.605;0.596546689;0.595794451;L2;1.407094784
906;Cyclohexane;Methanol;317.8416441;0.6209;0.596117338;0.595364297;L2;4.073251445
906;Cyclohexane;Methanol;317.8526408;0.6041;0.595753698;0.595001937;L2;1.391242448
906;Cyclohexane;Methanol;317.8748341;0.61174;0.595014399;0.594270629;L2;2.772175014
906;Cyclohexane;Methanol;317.88863;0.607;0.594550929;0.593816033;L2;2.07224116
906;Cyclohexane;Methanol;317.9057249;0.60097;0.593972467;0.593252728;L2;1.171205088
906;Cyclohexane;Methanol;317.9266186;0.6285;0.59325914;0.592564245;L2;5.770472566
906;Cyclohexane;Methanol;317.94;0.63;0.592798536;0.592123305;L2;6.086521448
906;Cyclohexane;Methanol;317.9484121;0.60679;0.592507333;0.591846114;L2;2.381951773
906;Cyclohexane;Methanol;317.9499116;0.59717;0.59245531;0.591796701;L2;0.792638677
906;Cyclohexane;Methanol;317.9540104;0.58255;0.592312939;0.591661639;L2;1.662008956
906;Cyclohexane;Methanol;317.978545;0.563;0.591454509;0.590853183;L2;4.930514495
906;Cyclohexane;Methanol;318.0131926;0.60211;0.590223695;0.589711485;L2;1.993854321
906;Cyclohexane;Methanol;318.02;0.6414;0.589979322;0.589487171;L2;8.356579772
906;Cyclohexane;Methanol;318.0273884;0.59041;0.589713195;0.589243712;L2;0.118090244
906;Cyclohexane;Methanol;318.048582;0.4899;0.588943601;0.588545346;L2;18.4129137
906;Cyclohexane;Methanol;318.0575213;0.62785;0.588616411;0.588250781;L2;6.45265675
906;Cyclohexane;Methanol;318.0626778;0.58666;0.588426945;0.588080867;L2;0.300734568
906;Cyclohexane;Methanol;318.0764736;0.56647;0.587917402;0.58762627;L2;3.716234289
906;Cyclohexane;Methanol;318.078573;0.4903;0.587839566;0.587557092;L2;18.14366144
906;Cyclohexane;Methanol;318.08857;0.591;0.587467483;0.587227674;L2;0.599512064
906;Cyclohexane;Methanol;318.098567;0.4895;0.587093349;0.586898256;L2;18.17993727
906;Cyclohexane;Methanol;318.118561;0.4882;0.586239421;0.586239421;L2;18.30031164
906;Cyclohexane;Methanol;318.1232596;0.55644;0.586084594;0.586084594;L2;5.190478933
906;Cyclohexane;Methanol;318.1259588;0.59291;0.585995651;0.585995651;L2;1.173024877
906;Cyclohexane;Methanol;318.1285;0.671510589;0.585911914;0.585911914;L2;13.63603241
906;Cyclohexane;Methanol;318.1445532;0.6003;0.585327983;0.585327983;L2;2.525718543
906;Cyclohexane;Methanol;318.15;0.6036;0.585134836;0.584986995;L2;3.106941793
906;Cyclohexane;Methanol;318.1582491;0.5755;0.584816206;0.584470573;L2;1.605839142
906;Cyclohexane;Methanol;318.1715451;0.54686;0.584300733;0.583638196;L2;6.622297532
906;Cyclohexane;Methanol;318.1744442;0.58803;0.584188107;0.583456701;L2;0.65549356
906;Cyclohexane;Methanol;318.1925388;0.57204;0.583482827;0.582323918;L2;1.980610112
906;Cyclohexane;Methanol;318.2046352;0.53632;0.583009453;0.581566643;L2;8.347240297
906;Cyclohexane;Methanol;318.215332;0.5838;0.582589435;0.580896986;L2;0.20757478
906;Cyclohexane;Methanol;318.218473;0.5457;0.582466192;0.580700346;L2;6.520177026
906;Cyclohexane;Methanol;318.2255289;0.52608;0.582188624;0.580258623;L2;10.13411986
906;Cyclohexane;Methanol;318.22847;0.6226;0.582072526;0.580074499;L2;6.730920207
906;Cyclohexane;Methanol;318.2368255;0.56582;0.581742743;0.579551415;L2;2.775232059
906;Cyclohexane;Methanol;318.2389249;0.51406;0.581660017;0.579419988;L2;12.35461232
906;Cyclohexane;Methanol;318.2448231;0.49824;0.581355618;0.579050738;L2;15.42807609
906;Cyclohexane;Methanol;318.2526208;0.5796;0.581033893;0.578562577;L2;0.247087998
906;Cyclohexane;Methanol;318.268458;0.4932;0.580374705;0.577571111;L2;16.27591675
906;Cyclohexane;Methanol;318.268458;0.5182;0.580374705;0.577571111;L2;11.33126707
906;Cyclohexane;Methanol;318.2750141;0.55964;0.580099514;0.57716068;L2;3.590594538
906;Cyclohexane;Methanol;318.2775133;0.54258;0.579994261;0.577004218;L2;6.668266904
906;Cyclohexane;Methanol;318.2882101;0.57536;0.579541383;0.576334562;L2;0.724114036
906;Cyclohexane;Methanol;318.28851;0.577;0.579528702;0.576315786;L2;0.437292469
906;Cyclohexane;Methanol;318.2902095;0.55676;0.579456314;0.576209392;L2;3.995600741
906;Cyclohexane;Methanol;318.2956079;0.53725;0.579225953;0.575871435;L2;7.522911318
906;Cyclohexane;Methanol;318.3074043;0.55013;0.578719167;0.575132936;L2;5.066271477
906;Cyclohexane;Methanol;318.315302;0.52809;0.578376993;0.574638517;L2;9.09591696
906;Cyclohexane;Methanol;318.3206004;0.57056;0.578146381;0.574306818;L2;1.320875706
906;Cyclohexane;Methanol;318.3277982;0.51871;0.577831341;0.573856208;L2;10.79370684
906;Cyclohexane;Methanol;318.3291978;0.54827;0.577769716;0.573768589;L2;5.240750697
906;Cyclohexane;Methanol;318.3346961;0.5124;0.577527384;0.573424373;L2;11.96502901
906;Cyclohexane;Methanol;318.3370954;0.49445;0.577421274;0.57327417;L2;15.51260779
906;Cyclohexane;Methanol;318.338495;0.564;0.57735936;0.573186551;L2;2.341062818
906;Cyclohexane;Methanol;318.3401945;0.54512;0.577283858;0.573080158;L2;5.732814655
906;Cyclohexane;Methanol;318.3491918;0.56683;0.576883053;0.572516895;L2;1.758012932
906;Cyclohexane;Methanol;318.3631876;0.54138;0.576253194;0.571640709;L2;6.242570133
906;Cyclohexane;Methanol;318.3644872;0.5801;0.576194378;0.571559349;L2;0.675543634
906;Cyclohexane;Methanol;318.37;0.6;0.575943604;0.571214229;L2;4.091990907
906;Cyclohexane;Methanol;318.371885;0.56274;0.575857589;0.571096223;L2;2.304267924
906;Cyclohexane;Methanol;318.3740843;0.53654;0.575757178;0.570958536;L2;7.054488992
906;Cyclohexane;Methanol;318.3826817;0.53188;0.575362404;0.570420308;L2;7.858221026
906;Cyclohexane;Methanol;318.3921789;0.52583;0.574922526;0.569825753;L2;8.925732861
906;Cyclohexane;Methanol;318.3946781;0.55863;0.574806086;0.569669291;L2;2.854538358
906;Cyclohexane;Methanol;318.3976772;0.52145;0.574665914;0.569481537;L2;9.717545946
906;Cyclohexane;Methanol;318.4033755;0.51577;0.574399082;0.569124804;L2;10.76634896
906;Cyclohexane;Methanol;318.4077742;0.50675;0.574191668;0.568849432;L2;12.49454712
906;Cyclohexane;Methanol;318.4077742;0.50168;0.574191668;0.568849432;L2;13.50007903
906;Cyclohexane;Methanol;318.4080741;0.51005;0.574177455;0.568830656;L2;11.84297435
906;Cyclohexane;Methanol;318.4140723;0.55454;0.573893462;0.568455148;L2;3.430483243
906;Cyclohexane;Methanol;318.42841;0.5;0.573207993;0.56755756;L2;13.66405418
906;Cyclohexane;Methanol;318.428568;0.55074;0.573200352;0.56754767;L2;3.997248132
906;Cyclohexane;Methanol;318.438465;0.5867;0.572721541;0.566928082;L2;2.411398497
906;Cyclohexane;Methanol;318.438465;0.537;0.572721541;0.566928082;L2;6.440153645
906;Cyclohexane;Methanol;318.438465;0.549;0.572721541;0.566928082;L2;4.230118945
906;Cyclohexane;Methanol;318.4439634;0.5468;0.572453335;0.566583866;L2;4.5848117
906;Cyclohexane;Methanol;318.448404;0.6133;0.572236595;0.566305866;L2;6.930167863
906;Cyclohexane;Methanol;318.45516;0.54284;0.571903249;0.565882917;L2;5.215521476
906;Cyclohexane;Methanol;318.4594587;0.5191;0.571690443;0.565613803;L2;9.650111882
906;Cyclohexane;Methanol;318.4612582;0.53912;0.571600814;0.56550115;L2;5.85026898
906;Cyclohexane;Methanol;318.4693557;0.53531;0.571196415;0.564994214;L2;6.488711727
906;Cyclohexane;Methanol;318.4713971;0.60143;0.571094106;0.564866417;L2;5.175614719
906;Cyclohexane;Methanol;318.475154;0.53166;0.570905464;0.564631223;L2;7.12194462
906;Cyclohexane;Methanol;318.478453;0.52806;0.570738387;0.564424694;L2;7.772102506
906;Cyclohexane;Methanol;318.4830516;0.52437;0.570505363;0.564136804;L2;8.432502797
906;Cyclohexane;Methanol;318.4840513;0.52079;0.570454833;0.564074219;L2;9.108710511
906;Cyclohexane;Methanol;318.4848511;0.51737;0.570413777;0.564024151;L2;9.760373642
906;Cyclohexane;Methanol;318.4872504;0.514;0.570291334;0.563873948;L2;10.39240777
906;Cyclohexane;Methanol;318.4876502;0.50724;0.570271619;0.563848914;L2;11.7128508
906;Cyclohexane;Methanol;318.4879502;0.50393;0.570255564;0.563830139;L2;12.36472494
906;Cyclohexane;Methanol;318.48845;0.525;0.570230698;0.563798847;L2;8.264275054
906;Cyclohexane;Methanol;318.48845;0.513;0.570230698;0.563798847;L2;10.5765168
906;Cyclohexane;Methanol;318.48845;0.501;0.570230698;0.563798847;L2;12.9434912
906;Cyclohexane;Methanol;318.4895497;0.51053;0.570174107;0.563730003;L2;11.04923641
906;Cyclohexane;Methanol;318.4904494;0.5784;0.570128495;0.563673677;L2;1.440390589
906;Cyclohexane;Methanol;318.5;0.6502;0.569636313;0.563075776;L2;13.22818978
906;Cyclohexane;Methanol;318.5294377;0.5842;0.568091057;0.561232874;L2;2.796167301
906;Cyclohexane;Methanol;318.5294377;0.5842;0.568091057;0.561232874;L2;2.796167301
906;Cyclohexane;Methanol;318.53;0.3945;0.568062187;0.561197672;L2;36.46117574
906;Cyclohexane;Methanol;318.5404344;0.5591;0.567501839;0.560544442;L2;1.491564103
906;Cyclohexane;Methanol;318.55;0.432;0.56698383;0.559945602;L2;27.19051968
906;Cyclohexane;Methanol;318.5574293;0.4554;0.566577936;0.559480502;L2;21.84384925
906;Cyclohexane;Methanol;318.578365;0.4269;0.565414913;0.558169855;L2;28.10100277
906;Cyclohexane;Methanol;318.578365;0.5927;0.565414913;0.558169855;L2;4.712854729
906;Cyclohexane;Methanol;318.61;0.412;0.563601958;0.556189393;L2;31.33249042
906;Cyclohexane;Methanol;318.6264086;0.4849;0.562633701;0.555162158;L2;14.86861121
906;Cyclohexane;Methanol;318.62835;0.386180831;0.562518633;0.55504062;L2;37.61185258
906;Cyclohexane;Methanol;318.62835;0.634286735;0.562518633;0.55504062;L2;12.0076856
906;Cyclohexane;Methanol;318.628408;0.5524;0.562513267;0.555036989;L2;1.814229754
906;Cyclohexane;Methanol;318.6404044;0.5695;0.561791312;0.554285972;L2;1.362833356
906;Cyclohexane;Methanol;318.6404044;0.5695;0.561791312;0.554285972;L2;1.362833356
906;Cyclohexane;Methanol;318.648344;0.4604;0.561305863;0.553788926;L2;19.81702906
906;Cyclohexane;Methanol;318.6494017;0.4114;0.561240579;0.55372271;L2;31.05836758
906;Cyclohexane;Methanol;318.6494017;0.4114;0.561240579;0.55372271;L2;31.05836758
906;Cyclohexane;Methanol;318.65;0.6142;0.561202436;0.553685254;L2;9.023891903
906;Cyclohexane;Methanol;318.65;0.4772;0.561202436;0.553685254;L2;16.21459988
906;Cyclohexane;Methanol;318.6524008;0.5511;0.561056389;0.553534956;L2;1.790513385
906;Cyclohexane;Methanol;318.658341;0.5688;0.560685709;0.553163079;L2;1.4368363
906;Cyclohexane;Methanol;318.67;0.6094;0.559949497;0.552433185;L2;8.46282712
906;Cyclohexane;Methanol;318.688332;0.4688;0.558681381;0.551285538;L2;17.54030915
906;Cyclohexane;Methanol;318.6973873;0.5596;0.558063233;0.550718644;L2;0.274996558
906;Cyclohexane;Methanol;318.6973873;0.5596;0.558063233;0.550718644;L2;0.274996558
906;Cyclohexane;Methanol;318.7023858;0.4217;0.557717211;0.550405721;L2;27.95578823
906;Cyclohexane;Methanol;318.708326;0.5048;0.557303522;0.550033844;L2;9.89477026
906;Cyclohexane;Methanol;318.708326;0.48;0.557303522;0.550033844;L2;14.93239099
906;Cyclohexane;Methanol;318.71;0.55;0.557185328;0.549929045;L2;1.297963106
906;Cyclohexane;Methanol;318.718381;0.4565;0.55659159;0.549404366;L2;19.82430402
906;Cyclohexane;Methanol;318.72;0.3635;0.556476339;0.549303011;L2;42.58453557
906;Cyclohexane;Methanol;318.72832;0.388203423;0.556417797;0.54878215;L2;35.99899568
906;Cyclohexane;Methanol;318.72832;0.4947;0.556417797;0.54878215;L2;11.75679269
906;Cyclohexane;Methanol;318.72832;0.611149521;0.556417797;0.54878215;L2;9.382219936
906;Cyclohexane;Methanol;318.72832;0.4947;0.556417797;0.54878215;L2;11.75679269
906;Cyclohexane;Methanol;318.7493717;0.548;0.554810564;0.54746424;L2;1.235144217
906;Cyclohexane;Methanol;318.7493717;0.548;0.554810564;0.54746424;L2;1.235144217
906;Cyclohexane;Methanol;318.7733645;0.5007;0.545962207;0.545962207;L2;8.654263606
906;Cyclohexane;Methanol;318.7813041;0.48278;0.545465161;0.545465161;L2;12.20778737
906;Cyclohexane;Methanol;318.7813621;0.5101;0.54546153;0.54546153;L2;6.70254954
906;Cyclohexane;Methanol;318.7853029;0.56684;0.545214822;0.545214822;L2;3.889719115
906;Cyclohexane;Methanol;318.7873603;0.5296;0.545086021;0.545086021;L2;2.882161428
906;Cyclohexane;Methanol;318.78836;0.4637;0.545023437;0.545023437;L2;16.1591006
906;Cyclohexane;Methanol;318.78836;0.4637;0.545023437;0.545023437;L2;16.1591006
906;Cyclohexane;Methanol;318.7913011;0.54289;0.544839314;0.544839314;L2;0.358419335
906;Cyclohexane;Methanol;318.7913591;0.4682;0.544835683;0.544835683;L2;15.15886951
906;Cyclohexane;Methanol;318.7913591;0.4682;0.544835683;0.544835683;L2;15.15886951
906;Cyclohexane;Methanol;318.7933585;0.5159;0.544710513;0.544710513;L2;5.434153649
906;Cyclohexane;Methanol;318.7933585;0.5159;0.544710513;0.544710513;L2;5.434153649
906;Cyclohexane;Methanol;318.7952999;0.52914;0.544588975;0.544588975;L2;2.877828869
906;Cyclohexane;Methanol;318.7953579;0.486;0.544585344;0.544585344;L2;11.38160445
906;Cyclohexane;Methanol;318.7953579;0.486;0.544585344;0.544585344;L2;11.38160445
906;Cyclohexane;Methanol;318.8;0.4263;0.544294732;0.544294732;L2;24.43475631
906;Cyclohexane;Methanol;318.8033555;0.506;0.544084666;0.544084666;L2;7.256820149
906;Cyclohexane;Methanol;318.8033555;0.506;0.544084666;0.544084666;L2;7.256820149
906;Cyclohexane;Methanol;318.82;0.4193;0.543042663;0.543042663;L2;25.86012317
906;Cyclohexane;Methanol;318.838345;0.533;0.541894202;0.541894202;L2;1.654935896
906;Cyclohexane;Methanol;318.84;0.4433;0.541790593;0.541790593;L2;20.06328253
906;Cyclohexane;Methanol;318.85;0.45;0.541164558;0.541164558;L2;18.44758236
906;Cyclohexane;Methanol;318.85;0.4142;0.541164558;0.541164558;L2;26.73744574
906;Cyclohexane;Methanol;318.89;0.5;0.538660419;0.538660419;L2;7.447725353
906;Cyclohexane;Methanol;318.918321;0.506;0.536887426;0.536887426;L2;5.925176824
906;Cyclohexane;Methanol;318.918321;0.494;0.536887426;0.536887426;L2;8.325292034
906;Cyclohexane;Methanol;318.918321;0.494;0.536887426;0.536887426;L2;8.325292034
906;Cyclohexane;Methanol;318.918321;0.5139;0.536887426;0.536887426;L2;4.375974352
906;Cyclohexane;Methanol;318.92826;0.41206472;0.53626521;0.53626521;L2;26.34484091
906;Cyclohexane;Methanol;318.92826;0.611149521;0.53626521;0.53626521;L2;13.0712811
906;Cyclohexane;Methanol;318.99;0.4663;0.532400071;0.532400071;L2;13.25660161
906;Cyclohexane;Methanol;318.998239;0.41206472;0.531181142;0.531181142;L2;25.39226724
906;Cyclohexane;Methanol;318.998239;0.567354749;0.531181142;0.531181142;L2;6.588167092
906;Cyclohexane;Methanol;319.01;0.5421;0.528452507;0.528452507;L2;2.549754876
906;Cyclohexane;Methanol;319.02;0.4939;0.523494495;0.523494495;L2;5.819344695
906;Cyclohexane;Methanol;319.03;0.5884;;;L2;
906;Cyclohexane;Methanol;319.04;0.5767;;;L2;
906;Cyclohexane;Methanol;319.07;0.5617;;;L2;
906;Cyclohexane;Methanol;319.07;0.5136;;;L2;
906;Cyclohexane;Methanol;319.1;0.4473;;;L2;
906;Cyclohexane;Methanol;319.13;0.5026;;;L2;
906;Cyclohexane;Methanol;319.14;0.6037;;;L2;
906;Cyclohexane;Methanol;319.21;0.4705;;;L2;
906;Cyclohexane;Methanol;319.23;0.5745;;;L2;
906;Cyclohexane;Methanol;319.23;0.5073;;;L2;
906;Cyclohexane;Methanol;319.29;0.5332;;;L2;
906;Cyclohexane;Methanol;319.353;0.5007;;;L2;
906;Cyclohexane;Methanol;319.42;0.6188;;;L2;
906;Cyclohexane;Methanol;319.455;0.5889;;;L2;
906;Cyclohexane;Methanol;319.457;0.5201;;;L2;
906;Cyclohexane;Methanol;319.555;0.5466;;;L2;
906;Cyclohexane;Methanol;319.6;0.5604;;;L2;
906;Cyclohexane;Methanol;319.6;0.4825;;;L2;
910;Cyclohexane;Water;278.259254;1.84E-05;;;L1;
910;Cyclohexane;Water;283.148055;9.20E-06;1.26E-05;1.28E-05;L1;31.22231835
910;Cyclohexane;Water;288.356492;1.99E-05;1.42E-05;1.47E-05;L1;34.02018369
910;Cyclohexane;Water;289.1404;1.30E-05;1.44E-05;1.50E-05;L1;10.32708737
910;Cyclohexane;Water;293.14537;2.10E-05;1.58E-05;1.65E-05;L1;28.67457242
910;Cyclohexane;Water;293.14537;1.50E-05;1.58E-05;1.65E-05;L1;4.97265124
910;Cyclohexane;Water;293.14537;1.01E-05;1.58E-05;1.65E-05;L1;44.52412897
910;Cyclohexane;Water;293.14537;1.50E-05;1.58E-05;1.65E-05;L1;4.97265124
910;Cyclohexane;Water;295;1.67E-05;1.64E-05;1.72E-05;L1;1.665331238
910;Cyclohexane;Water;298.1;1.25E-05;1.76E-05;1.83E-05;L1;34.08397548
910;Cyclohexane;Water;298.136;1.70E-05;1.76E-05;1.83E-05;L1;3.413760306
910;Cyclohexane;Water;298.136;1.18E-05;1.76E-05;1.83E-05;L1;39.92514156
910;Cyclohexane;Water;298.136;1.18E-05;1.76E-05;1.83E-05;L1;39.92514156
910;Cyclohexane;Water;298.136;2.20E-05;1.76E-05;1.83E-05;L1;22.36915062
910;Cyclohexane;Water;298.14437;2.58E-05;1.76E-05;1.83E-05;L1;38.28416186
910;Cyclohexane;Water;298.14437;1.23E-05;1.76E-05;1.83E-05;L1;35.7933611
910;Cyclohexane;Water;298.14437;1.13E-05;1.76E-05;1.83E-05;L1;44.27301476
910;Cyclohexane;Water;298.14437;1.25E-05;1.76E-05;1.83E-05;L1;34.1804229
910;Cyclohexane;Water;298.14437;1.42E-05;1.76E-05;1.83E-05;L1;21.42909087
910;Cyclohexane;Water;298.14437;1.21E-05;1.76E-05;1.83E-05;L1;37.43274207
910;Cyclohexane;Water;298.19436;1.20E-05;1.76E-05;1.83E-05;L1;38.37126546
910;Cyclohexane;Water;298.19436;1.20E-05;1.76E-05;1.83E-05;L1;38.37126546
910;Cyclohexane;Water;298.254348;2.00E-05;1.76E-05;1.83E-05;L1;12.58095431
910;Cyclohexane;Water;303.143055;1.05E-05;1.96E-05;2.01E-05;L1;62.37284995
910;Cyclohexane;Water;308.351492;2.00E-05;2.19E-05;2.20E-05;L1;8.922120118
910;Cyclohexane;Water;313.140055;1.56E-05;2.41E-05;2.45E-05;L1;43.67349914
910;Cyclohexane;Water;313.140055;1.99E-05;2.41E-05;2.45E-05;L1;19.32861739
910;Cyclohexane;Water;313.15;1.34E-05;2.41E-05;2.45E-05;L1;58.89550233
910;Cyclohexane;Water;318.348492;2.07E-05;2.68E-05;2.77E-05;L1;25.95729921
910;Cyclohexane;Water;333.14;1.68E-05;3.58E-05;3.66E-05;L1;75.75971219
910;Cyclohexane;Water;353.16;2.43E-05;5.18E-05;5.33E-05;L1;75.66225323
910;Cyclohexane;Water;373.12437;3.79E-05;7.30E-05;7.38E-05;L1;65.5663284
910;Cyclohexane;Water;373.12437;2.35E-05;7.30E-05;7.38E-05;L1;113.3613975
910;Cyclohexane;Water;397.9;6.17E-05;0.000108705;0.000109022;L1;56.63540578
910;Cyclohexane;Water;422.004592;0.000103;0.000156022;0.000158242;L1;41.52676015
910;Cyclohexane;Water;423.11437;0.00013;0.000158552;0.000160574;L1;19.85459491
910;Cyclohexane;Water;473.11;0.000392;0.000313235;0.000318005;L1;22.43086509
910;Cyclohexane;Water;482.17;0.000493;0.000351474;0.000355208;L1;33.83725998
910;Cyclohexane;Water;283.144;0.999687068;0.999999163;0.999998581;L2;0.031214377
910;Cyclohexane;Water;283.148055;0.99984;0.999999163;0.99999858;L2;0.015917535
910;Cyclohexane;Water;287.1416;0.99977;0.999998884;0.999998048;L2;0.022891084
910;Cyclohexane;Water;288.146555;0.9998;0.999998803;0.999997914;L2;0.019882274
910;Cyclohexane;Water;292.1386;0.99953;0.999998424;0.999997381;L2;0.046853465
910;Cyclohexane;Water;293.138;0.99954;0.999998314;0.999997248;L2;0.04584202
910;Cyclohexane;Water;293.138;0.999430299;0.999998314;0.999997248;L2;0.056817771
910;Cyclohexane;Water;293.138;0.999530221;0.999998314;0.999997248;L2;0.046820375
910;Cyclohexane;Water;293.138;0.99959;0.999998314;0.999997248;L2;0.040839844
910;Cyclohexane;Water;293.14537;0.99953;0.999998314;0.999997247;L2;0.046842402
910;Cyclohexane;Water;293.14537;0.99953;0.999998314;0.999997247;L2;0.046842402
910;Cyclohexane;Water;293.14537;0.99972;0.999998314;0.999997247;L2;0.027835274
910;Cyclohexane;Water;295;0.999748;0.999998092;0.999997;L2;0.025012358
910;Cyclohexane;Water;298.136;0.99968;0.999997659;0.999996582;L2;0.03177098
910;Cyclohexane;Water;298.136;0.99945;0.999997659;0.999996582;L2;0.054780989
910;Cyclohexane;Water;298.14437;0.99967;0.999997657;0.999996581;L2;0.032771179
910;Cyclohexane;Water;301.6346;0.9993;0.999997076;0.999996115;L2;0.069732117
910;Cyclohexane;Water;303.134;0.999094321;0.99999679;0.999995915;L2;0.090287943
910;Cyclohexane;Water;303.143055;0.99955;0.999996788;0.999995914;L2;0.044688953
910;Cyclohexane;Water;303.25;0.99932;0.999996767;0.9999959;L2;0.067699825
910;Cyclohexane;Water;305.633;0.99907;0.999996259;0.999995582;L2;0.092669179
910;Cyclohexane;Water;308.141555;0.99947;0.999995651;0.999995248;L2;0.052579132
910;Cyclohexane;Water;311.1308;0.99855;0.999994815;0.999994321;L2;0.144586765
910;Cyclohexane;Water;313.13;0.99852077;0.999994182;0.999993122;L2;0.147450711
910;Cyclohexane;Water;313.140055;0.999076;0.999994179;0.999993116;L2;0.091860578
910;Cyclohexane;Water;313.140055;0.99887;0.999994179;0.999993116;L2;0.112481756
910;Cyclohexane;Water;313.140055;0.999113;0.999994179;0.999993116;L2;0.088157224
910;Cyclohexane;Water;313.140055;0.99939;0.999994179;0.999993116;L2;0.060436475
910;Cyclohexane;Water;323.05;0.9987;0.999989948;0.99998717;L2;0.129079398
910;Cyclohexane;Water;323.127;0.997714942;0.999989907;0.999987123;L2;0.22775798
910;Cyclohexane;Water;323.127;0.9993;0.999989907;0.999987123;L2;0.069015219
910;Cyclohexane;Water;326.1261;0.99767;0.999988186;0.999985324;L2;0.232090492
910;Cyclohexane;Water;342.95;0.99722;0.999973095;0.999970999;L2;0.275696564
910;Cyclohexane;Water;366.455704;0.9898;0.999926632;0.999923201;L2;1.017900563
910;Cyclohexane;Water;367.565482;0.9898;0.999923355;0.999920944;L2;1.017572824
910;Cyclohexane;Water;373.12437;0.99565;0.999905028;0.999899422;L2;0.426451271
910;Cyclohexane;Water;373.12437;0.99488;0.999905028;0.999899422;L2;0.503817605
910;Cyclohexane;Water;373.35;0.99402;0.999904213;0.999898226;L2;0.590216045
910;Cyclohexane;Water;389.231148;0.9789;0.999830073;0.999814043;L2;2.115584522
910;Cyclohexane;Water;393.85;0.9888;0.99980121;0.999789559;L2;1.106438256
910;Cyclohexane;Water;394.230148;0.9775;0.999798664;0.999787544;L2;2.255563082
910;Cyclohexane;Water;403.11837;0.964;0.999730968;0.999720203;L2;3.639491591
910;Cyclohexane;Water;413.11637;0.9628;0.999633431;0.999602518;L2;3.754293663
910;Cyclohexane;Water;422.004592;0.9536;0.999523957;0.999497896;L2;4.703482658
910;Cyclohexane;Water;423.11437;0.9796;0.999508589;0.999484833;L2;2.011942226
910;Cyclohexane;Water;423.11437;0.976;0.999508589;0.999484833;L2;2.380116092
910;Cyclohexane;Water;423.35;0.9737;0.999505275;0.99948206;L2;2.615718316
910;Cyclohexane;Water;436.112385;0.907;0.999296446;0.999263497;L2;9.690902748
910;Cyclohexane;Water;446.15;0.9555;0.999086217;0.999033458;L2;4.460631493
910;Cyclohexane;Water;461.110885;0.87;0.998681402;0.998670295;L2;13.79425987
910;Cyclohexane;Water;473.11;0.9211;0.998262178;0.998183978;L2;8.044733746
910;Cyclohexane;Water;473.11;0.9207;0.998262178;0.998183978;L2;8.088169516
910;Cyclohexane;Water;474.01;0.846;0.998226892;0.998147502;L2;16.54612372
910;Cyclohexane;Water;486.61;0.807;0.997670091;0.997636832;L2;21.20989829
910;Cyclohexane;Water;492.11;0.784;0.997387315;0.997357593;L2;24.07301544
910;Cyclohexane;Water;505.11;0.735;0.996610567;0.996497546;L2;30.44895896
910;Cyclohexane;Water;516.36896;0.796015073;0.995800465;0.995752682;L2;22.39287792
910;Cyclohexane;Water;517.11;0.678;0.995742265;0.995703657;L2;38.43411663
910;Cyclohexane;Water;523.11;0.65;0.995247456;0.995190708;L2;42.60190431
919;Cyclohexane;N-Methyl-2-pyrrolidone;278.025;0.308;;;L1;
919;Cyclohexane;N-Methyl-2-pyrrolidone;279.196;0.318;;;L1;
919;Cyclohexane;N-Methyl-2-pyrrolidone;280.246;0.33;;;L1;
919;Cyclohexane;N-Methyl-2-pyrrolidone;281.102;0.338;;;L1;
919;Cyclohexane;N-Methyl-2-pyrrolidone;281.51;0.3375;;;L1;
919;Cyclohexane;N-Methyl-2-pyrrolidone;281.993;0.349;;;L1;
919;Cyclohexane;N-Methyl-2-pyrrolidone;282.688;0.357;;;L1;
919;Cyclohexane;N-Methyl-2-pyrrolidone;283.165;0.364;;;L1;
919;Cyclohexane;N-Methyl-2-pyrrolidone;283.21;0.3648;;;L1;
919;Cyclohexane;N-Methyl-2-pyrrolidone;283.651;0.372;;;L1;
919;Cyclohexane;N-Methyl-2-pyrrolidone;284.149;0.38;;;L1;
919;Cyclohexane;N-Methyl-2-pyrrolidone;284.656;0.388;;;L1;
919;Cyclohexane;N-Methyl-2-pyrrolidone;284.81;0.3903;;;L1;
919;Cyclohexane;N-Methyl-2-pyrrolidone;285.176;0.398;;;L1;
919;Cyclohexane;N-Methyl-2-pyrrolidone;285.709;0.406;;;L1;
919;Cyclohexane;N-Methyl-2-pyrrolidone;286.251;0.42;;;L1;
919;Cyclohexane;N-Methyl-2-pyrrolidone;286.38;0.4185;;;L1;
919;Cyclohexane;N-Methyl-2-pyrrolidone;286.807;0.432;;;L1;
919;Cyclohexane;N-Methyl-2-pyrrolidone;287.377;0.451;;;L1;
919;Cyclohexane;N-Methyl-2-pyrrolidone;287.729;0.46;;;L1;
919;Cyclohexane;N-Methyl-2-pyrrolidone;287.73;0.4464;;;L1;
919;Cyclohexane;N-Methyl-2-pyrrolidone;288.005;0.473;;;L1;
919;Cyclohexane;N-Methyl-2-pyrrolidone;288.127;0.476;;;L1;
919;Cyclohexane;N-Methyl-2-pyrrolidone;288.246;0.482;;;L1;
919;Cyclohexane;N-Methyl-2-pyrrolidone;288.368;0.488;;;L1;
919;Cyclohexane;N-Methyl-2-pyrrolidone;288.492;0.495;;;L1;
919;Cyclohexane;N-Methyl-2-pyrrolidone;288.59;0.5023;;;L1;
919;Cyclohexane;N-Methyl-2-pyrrolidone;288.615;0.501;;;L1;
919;Cyclohexane;N-Methyl-2-pyrrolidone;288.71;0.509;;;L1;
919;Cyclohexane;N-Methyl-2-pyrrolidone;288.806;0.517;;;L1;
919;Cyclohexane;N-Methyl-2-pyrrolidone;288.869;0.523;;;L1;
919;Cyclohexane;N-Methyl-2-pyrrolidone;288.932;0.53;;;L1;
919;Cyclohexane;N-Methyl-2-pyrrolidone;288.981;0.536;;;L1;
919;Cyclohexane;N-Methyl-2-pyrrolidone;289.02;0.543;;;L1;
919;Cyclohexane;N-Methyl-2-pyrrolidone;289.039;0.547;;;L1;
919;Cyclohexane;N-Methyl-2-pyrrolidone;289.057;0.552;;;L1;
919;Cyclohexane;N-Methyl-2-pyrrolidone;289.074;0.554;;;L1;
919;Cyclohexane;N-Methyl-2-pyrrolidone;289.085;0.556;;;L1;
919;Cyclohexane;N-Methyl-2-pyrrolidone;289.1;0.5601;;;L1;
919;Cyclohexane;N-Methyl-2-pyrrolidone;289.101;0.565;;;L1;
919;Cyclohexane;N-Methyl-2-pyrrolidone;289.119;0.574;;;L1;
919;Cyclohexane;N-Methyl-2-pyrrolidone;289.32;0.6158;;;L1;
919;Cyclohexane;N-Methyl-2-pyrrolidone;278.025;0.895;;;L2;
919;Cyclohexane;N-Methyl-2-pyrrolidone;279.196;0.886;;;L2;
919;Cyclohexane;N-Methyl-2-pyrrolidone;280.246;0.879;;;L2;
919;Cyclohexane;N-Methyl-2-pyrrolidone;280.79;0.8784;;;L2;
919;Cyclohexane;N-Methyl-2-pyrrolidone;281.102;0.872;;;L2;
919;Cyclohexane;N-Methyl-2-pyrrolidone;281.993;0.864;;;L2;
919;Cyclohexane;N-Methyl-2-pyrrolidone;282.688;0.851;;;L2;
919;Cyclohexane;N-Methyl-2-pyrrolidone;283.165;0.847;;;L2;
919;Cyclohexane;N-Methyl-2-pyrrolidone;283.651;0.842;;;L2;
919;Cyclohexane;N-Methyl-2-pyrrolidone;283.93;0.8661;;;L2;
919;Cyclohexane;N-Methyl-2-pyrrolidone;284.149;0.835;;;L2;
919;Cyclohexane;N-Methyl-2-pyrrolidone;284.656;0.828;;;L2;
919;Cyclohexane;N-Methyl-2-pyrrolidone;285.176;0.821;;;L2;
919;Cyclohexane;N-Methyl-2-pyrrolidone;285.709;0.81;;;L2;
919;Cyclohexane;N-Methyl-2-pyrrolidone;286.251;0.806;;;L2;
919;Cyclohexane;N-Methyl-2-pyrrolidone;286.33;0.8489;;;L2;
919;Cyclohexane;N-Methyl-2-pyrrolidone;286.807;0.79;;;L2;
919;Cyclohexane;N-Methyl-2-pyrrolidone;287.3;0.8328;;;L2;
919;Cyclohexane;N-Methyl-2-pyrrolidone;287.377;0.777;;;L2;
919;Cyclohexane;N-Methyl-2-pyrrolidone;287.729;0.767;;;L2;
919;Cyclohexane;N-Methyl-2-pyrrolidone;288.005;0.755;;;L2;
919;Cyclohexane;N-Methyl-2-pyrrolidone;288.127;0.751;;;L2;
919;Cyclohexane;N-Methyl-2-pyrrolidone;288.246;0.744;;;L2;
919;Cyclohexane;N-Methyl-2-pyrrolidone;288.368;0.74;;;L2;
919;Cyclohexane;N-Methyl-2-pyrrolidone;288.492;0.728;;;L2;
919;Cyclohexane;N-Methyl-2-pyrrolidone;288.52;0.8182;;;L2;
919;Cyclohexane;N-Methyl-2-pyrrolidone;288.615;0.724;;;L2;
919;Cyclohexane;N-Methyl-2-pyrrolidone;288.71;0.717;;;L2;
919;Cyclohexane;N-Methyl-2-pyrrolidone;288.806;0.711;;;L2;
919;Cyclohexane;N-Methyl-2-pyrrolidone;288.869;0.703;;;L2;
919;Cyclohexane;N-Methyl-2-pyrrolidone;288.932;0.697;;;L2;
919;Cyclohexane;N-Methyl-2-pyrrolidone;288.981;0.688;;;L2;
919;Cyclohexane;N-Methyl-2-pyrrolidone;289.02;0.68;;;L2;
919;Cyclohexane;N-Methyl-2-pyrrolidone;289.039;0.678;;;L2;
919;Cyclohexane;N-Methyl-2-pyrrolidone;289.057;0.675;;;L2;
919;Cyclohexane;N-Methyl-2-pyrrolidone;289.074;0.67;;;L2;
919;Cyclohexane;N-Methyl-2-pyrrolidone;289.085;0.67;;;L2;
919;Cyclohexane;N-Methyl-2-pyrrolidone;289.101;0.664;;;L2;
919;Cyclohexane;N-Methyl-2-pyrrolidone;289.109;0.662;;;L2;
919;Cyclohexane;N-Methyl-2-pyrrolidone;289.119;0.659;;;L2;
919;Cyclohexane;N-Methyl-2-pyrrolidone;289.12;0.789;;;L2;
919;Cyclohexane;N-Methyl-2-pyrrolidone;289.129;0.654;;;L2;
919;Cyclohexane;N-Methyl-2-pyrrolidone;289.26;0.7156;;;L2;
919;Cyclohexane;N-Methyl-2-pyrrolidone;289.36;0.673;;;L2;
1071;Methylcyclohexane;N,N-Dimethylformamide (DMF);288.15;0.124;;;L1;
1071;Methylcyclohexane;N,N-Dimethylformamide (DMF);293.15;0.136;;;L1;
1071;Methylcyclohexane;N,N-Dimethylformamide (DMF);293.15;0.138;;;L1;
1071;Methylcyclohexane;N,N-Dimethylformamide (DMF);295.15;0.145;;;L1;
1071;Methylcyclohexane;N,N-Dimethylformamide (DMF);298.15;0.154;;;L1;
1071;Methylcyclohexane;N,N-Dimethylformamide (DMF);298.15;0.156;;;L1;
1071;Methylcyclohexane;N,N-Dimethylformamide (DMF);298.15;0.155;;;L1;
1071;Methylcyclohexane;N,N-Dimethylformamide (DMF);301.15;0.166;;;L1;
1071;Methylcyclohexane;N,N-Dimethylformamide (DMF);303.15;0.177;;;L1;
1071;Methylcyclohexane;N,N-Dimethylformamide (DMF);303.15;0.1761;;;L1;
1071;Methylcyclohexane;N,N-Dimethylformamide (DMF);303.15;0.174;;;L1;
1071;Methylcyclohexane;N,N-Dimethylformamide (DMF);303.15;0.18;;;L1;
1071;Methylcyclohexane;N,N-Dimethylformamide (DMF);305.15;0.184;;;L1;
1071;Methylcyclohexane;N,N-Dimethylformamide (DMF);307.15;0.194;;;L1;
1071;Methylcyclohexane;N,N-Dimethylformamide (DMF);308.15;0.205;;;L1;
1071;Methylcyclohexane;N,N-Dimethylformamide (DMF);309.5;0.2135;;;L1;
1071;Methylcyclohexane;N,N-Dimethylformamide (DMF);313.15;0.242;;;L1;
1071;Methylcyclohexane;N,N-Dimethylformamide (DMF);313.21;0.2413;;;L1;
1071;Methylcyclohexane;N,N-Dimethylformamide (DMF);315.06;0.259;;;L1;
1071;Methylcyclohexane;N,N-Dimethylformamide (DMF);317.05;0.2809;;;L1;
1071;Methylcyclohexane;N,N-Dimethylformamide (DMF);317.91;0.2926;;;L1;
1071;Methylcyclohexane;N,N-Dimethylformamide (DMF);319.98;0.3275;;;L1;
1071;Methylcyclohexane;N,N-Dimethylformamide (DMF);321.28;0.3584;;;L1;
1071;Methylcyclohexane;N,N-Dimethylformamide (DMF);321.43;0.3668;;;L1;
1071;Methylcyclohexane;N,N-Dimethylformamide (DMF);322.18;0.3939;;;L1;
1071;Methylcyclohexane;N,N-Dimethylformamide (DMF);322.31;0.404;;;L1;
1071;Methylcyclohexane;N,N-Dimethylformamide (DMF);322.5;0.4196;;;L1;
1071;Methylcyclohexane;N,N-Dimethylformamide (DMF);322.66;0.4358;;;L1;
1071;Methylcyclohexane;N,N-Dimethylformamide (DMF);322.73;0.4497;;;L1;
1071;Methylcyclohexane;N,N-Dimethylformamide (DMF);322.81;0.5348;;;L1;
1071;Methylcyclohexane;N,N-Dimethylformamide (DMF);322.84;0.4843;;;L1;
1071;Methylcyclohexane;N,N-Dimethylformamide (DMF);322.85;0.5446;;;L1;
1071;Methylcyclohexane;N,N-Dimethylformamide (DMF);322.85;0.5151;;;L1;
1071;Methylcyclohexane;N,N-Dimethylformamide (DMF);322.85;0.5125;;;L1;
1071;Methylcyclohexane;N,N-Dimethylformamide (DMF);288.15;0.932;;;L2;
1071;Methylcyclohexane;N,N-Dimethylformamide (DMF);293.15;0.918;;;L2;
1071;Methylcyclohexane;N,N-Dimethylformamide (DMF);295.15;0.911;;;L2;
1071;Methylcyclohexane;N,N-Dimethylformamide (DMF);298.15;0.9;;;L2;
1071;Methylcyclohexane;N,N-Dimethylformamide (DMF);298.15;0.901;;;L2;
1071;Methylcyclohexane;N,N-Dimethylformamide (DMF);301.15;0.889;;;L2;
1071;Methylcyclohexane;N,N-Dimethylformamide (DMF);303.15;0.8823;;;L2;
1071;Methylcyclohexane;N,N-Dimethylformamide (DMF);303.15;0.882;;;L2;
1071;Methylcyclohexane;N,N-Dimethylformamide (DMF);303.15;0.883;;;L2;
1071;Methylcyclohexane;N,N-Dimethylformamide (DMF);305.15;0.875;;;L2;
1071;Methylcyclohexane;N,N-Dimethylformamide (DMF);307.15;0.859;;;L2;
1071;Methylcyclohexane;N,N-Dimethylformamide (DMF);308.15;0.854;;;L2;
1071;Methylcyclohexane;N,N-Dimethylformamide (DMF);311.64;0.836;;;L2;
1071;Methylcyclohexane;N,N-Dimethylformamide (DMF);313.15;0.816;;;L2;
1071;Methylcyclohexane;N,N-Dimethylformamide (DMF);313.95;0.8156;;;L2;
1071;Methylcyclohexane;N,N-Dimethylformamide (DMF);316.59;0.7854;;;L2;
1071;Methylcyclohexane;N,N-Dimethylformamide (DMF);319.29;0.7404;;;L2;
1071;Methylcyclohexane;N,N-Dimethylformamide (DMF);320.39;0.7152;;;L2;
1071;Methylcyclohexane;N,N-Dimethylformamide (DMF);321.91;0.6602;;;L2;
1071;Methylcyclohexane;N,N-Dimethylformamide (DMF);322.45;0.6253;;;L2;
1071;Methylcyclohexane;N,N-Dimethylformamide (DMF);322.64;0.5999;;;L2;
1073;Methylcyclohexane;Methanol;275.7894154;0.09359;0.12981461;0.130126944;L1;32.71838123
1073;Methylcyclohexane;Methanol;278.147;0.09830268;0.13434157;0.134500172;L1;31.23342982
1073;Methylcyclohexane;Methanol;278.15;0.105270583;0.134347473;0.134505737;L1;24.3895507
1073;Methylcyclohexane;Methanol;278.15;0.105270583;0.134347473;0.134505737;L1;24.3895507
1073;Methylcyclohexane;Methanol;279.7630298;0.10275;0.137575528;0.137654939;L1;29.18742057
1073;Methylcyclohexane;Methanol;283.144;0.108314834;0.144714522;0.145089912;L1;28.97208697
1073;Methylcyclohexane;Methanol;283.15;0.113607619;0.144727665;0.145103106;L1;24.21032339
1073;Methylcyclohexane;Methanol;283.15;0.111624825;0.144727665;0.145103106;L1;25.97103352
1073;Methylcyclohexane;Methanol;284.348277;0.11105;0.147388157;0.147738195;L1;28.30890823
1073;Methylcyclohexane;Methanol;288.141;0.119811377;0.15630438;0.156503642;L1;26.58866105
1073;Methylcyclohexane;Methanol;288.15;0.126;0.15632649;0.156527318;L1;21.56647989
1073;Methylcyclohexane;Methanol;288.15;0.12065251;0.15632649;0.156527318;L1;25.903211
1073;Methylcyclohexane;Methanol;289.1633862;0.12043;0.158846758;0.159193159;L1;27.68712821
1073;Methylcyclohexane;Methanol;293.138;0.13301002;0.169359892;0.169648887;L1;24.16015231
1073;Methylcyclohexane;Methanol;293.15;0.139;0.169393258;0.169680455;L1;19.77490468
1073;Methylcyclohexane;Methanol;293.15;0.135;0.169393258;0.169680455;L1;22.69482015
1073;Methylcyclohexane;Methanol;293.15;0.134186095;0.169393258;0.169680455;L1;23.29953748
1073;Methylcyclohexane;Methanol;293.15;0.132064734;0.169393258;0.169680455;L1;24.89307685
1073;Methylcyclohexane;Methanol;293.19536;0.135;0.169519475;0.16979978;L1;22.76930373
1073;Methylcyclohexane;Methanol;294.3835016;0.13703;0.172879258;0.172925338;L1;23.23935408
1073;Methylcyclohexane;Methanol;295.15;0.145;0.175103313;0.175262725;L1;18.86424195
1073;Methylcyclohexane;Methanol;295.69486;0.144;0.1767123;0.176996837;L1;20.47096856
1073;Methylcyclohexane;Methanol;298.136;0.148985002;0.184224666;0.18476619;L1;21.23103805
1073;Methylcyclohexane;Methanol;298.14437;0.1453;0.18425132;0.184792829;L1;23.75001266
1073;Methylcyclohexane;Methanol;298.15;0.15;0.184269253;0.184810748;L1;20.5762724
1073;Methylcyclohexane;Methanol;298.15;0.154;0.184269253;0.184810748;L1;17.94454157
1073;Methylcyclohexane;Methanol;298.15;0.152;0.184269253;0.184810748;L1;19.25174973
1073;Methylcyclohexane;Methanol;298.15;0.142272928;0.184269253;0.184810748;L1;25.86507771
1073;Methylcyclohexane;Methanol;298.19436;0.154;0.184410647;0.184951931;L1;18.02124456
1073;Methylcyclohexane;Methanol;299.3745044;0.1551;0.188239539;0.188707946;L1;19.36452242
1073;Methylcyclohexane;Methanol;300.69379;0.164;0.192680363;0.192906802;L1;16.116624
1073;Methylcyclohexane;Methanol;301.15;0.167;0.19425756;0.19435877;L1;15.11910974
1073;Methylcyclohexane;Methanol;303.134;0.169199787;0.201383037;0.201878869;L1;17.41285606
1073;Methylcyclohexane;Methanol;303.15;0.177;0.201442346;0.201941396;L1;12.93534841
1073;Methylcyclohexane;Methanol;303.15;0.174;0.201442346;0.201941396;L1;14.64479175
1073;Methylcyclohexane;Methanol;303.15;0.175;0.201442346;0.201941396;L1;14.07172428
1073;Methylcyclohexane;Methanol;303.15;0.169633691;0.201442346;0.201941396;L1;17.18618633
1073;Methylcyclohexane;Methanol;303.15;0.173222695;0.201442346;0.201941396;L1;15.09251957
1073;Methylcyclohexane;Methanol;303.19304;0.174;0.201602041;0.202109591;L1;14.72403625
1073;Methylcyclohexane;Methanol;304.4144876;0.17624;0.206229251;0.206882876;L1;15.71417144
1073;Methylcyclohexane;Methanol;305.15;0.184;0.20910802;0.209757179;L1;12.7915205
1073;Methylcyclohexane;Methanol;305.69229;0.185;0.211277424;0.211876389;L1;13.2816252
1073;Methylcyclohexane;Methanol;306.26;0.192;0.213592916;0.214094938;L1;10.65765712
1073;Methylcyclohexane;Methanol;307.15;0.196;0.217318511;0.217572961;L1;10.32494109
1073;Methylcyclohexane;Methanol;308.132;0.194469636;0.221572543;0.221745142;L1;13.04740054
1073;Methylcyclohexane;Methanol;308.15;0.202;0.221651986;0.221833216;L1;9.284082517
1073;Methylcyclohexane;Methanol;308.19154;0.199;0.221835531;0.22203647;L1;10.86314304
1073;Methylcyclohexane;Methanol;309.43;0.2119;0.227444545;0.228096219;L1;7.079198485
1073;Methylcyclohexane;Methanol;309.7603484;0.20152;0.228987315;0.229712604;L1;12.77779786
1073;Methylcyclohexane;Methanol;310.69079;0.215;0.233445218;0.234265228;L1;8.230941006
1073;Methylcyclohexane;Methanol;310.81;0.2231;0.234028841;0.234848519;L1;4.782425744
1073;Methylcyclohexane;Methanol;311.0568296;0.20999;0.235246585;0.236056249;L1;11.35743496
1073;Methylcyclohexane;Methanol;312.48026;0.22257;0.242527567;0.243021053;L1;8.587372225
1073;Methylcyclohexane;Methanol;312.59;0.2399;0.243108163;0.243558008;L1;1.328428965
1073;Methylcyclohexane;Methanol;313.04;0.2452;0.24551957;0.245759845;L1;0.130245441
1073;Methylcyclohexane;Methanol;313.13;0.230473913;0.246007878;0.246200212;L1;6.522588003
1073;Methylcyclohexane;Methanol;313.15;0.251;0.246116669;0.246298072;L1;1.964725251
1073;Methylcyclohexane;Methanol;313.19004;0.236;0.246334772;0.246493986;L1;4.285966892
1073;Methylcyclohexane;Methanol;314.13;0.2604;0.251575533;0.25203477;L1;3.44756347
1073;Methylcyclohexane;Methanol;314.2576616;0.24134;0.252305827;0.252838556;L1;4.443522469
1073;Methylcyclohexane;Methanol;314.93;0.2721;0.256229447;0.257071753;L1;6.009632683
1073;Methylcyclohexane;Methanol;315.68929;0.271;0.260825954;0.261852416;L1;3.826547721
1073;Methylcyclohexane;Methanol;315.7562119;0.25852;0.261239961;0.262273772;L1;1.046631632
1073;Methylcyclohexane;Methanol;316.06;0.2955;0.263138188;0.264186491;L1;11.59895129
1073;Methylcyclohexane;Methanol;316.3;0.3042;0.264660215;0.265697586;L1;13.92385833
1073;Methylcyclohexane;Methanol;316.82;0.3265;0.268028597;0.268971625;L1;19.7336269
1073;Methylcyclohexane;Methanol;316.92;0.3263;0.268687834;0.269601248;L1;19.42669646
1073;Methylcyclohexane;Methanol;317.0218321;0.28123;0.269363066;0.270242406;L1;4.311268422
1073;Methylcyclohexane;Methanol;317.07;0.3389;0.269683849;0.270545682;L1;22.84547338
1073;Methylcyclohexane;Methanol;317.37;0.3701;0.271702247;0.272434551;L1;30.90664538
1073;Methylcyclohexane;Methanol;317.4237115;0.29863;0.272067408;0.272772731;L1;9.315549076
1073;Methylcyclohexane;Methanol;317.62;0.4463;0.27341191;0.274008608;L1;49.0011886
1073;Methylcyclohexane;Methanol;317.9545522;0.31098;0.275740676;0.276115025;L1;12.02677583
1073;Methylcyclohexane;Methanol;318.18854;0.434;0.277398261;0.277588266;L1;44.7590294
1073;Methylcyclohexane;Methanol;318.18854;0.434;0.277398261;0.277588266;L1;44.7590294
1073;Methylcyclohexane;Methanol;318.52838;0.3447;0.279849587;0.279999608;L1;20.84222029
1073;Methylcyclohexane;Methanol;318.5733665;0.55637;0.280178295;0.280379392;L1;68.60073722
1073;Methylcyclohexane;Methanol;318.9222618;0.38042;0.282759382;0.283324821;L1;29.6679609
1073;Methylcyclohexane;Methanol;318.9742462;0.51119;0.28314908;0.283763682;L1;59.07677966
1073;Methylcyclohexane;Methanol;319.0262306;0.44201;0.283540137;0.284202542;L1;44.39788174
1073;Methylcyclohexane;Methanol;278.15;0.89997379;0.925015089;0.924666895;L2;2.744440932
1073;Methylcyclohexane;Methanol;278.15;0.892023767;0.925015089;0.924666895;L2;3.631727315
1073;Methylcyclohexane;Methanol;283.15;0.886774285;0.909443972;0.908657424;L2;2.524291294
1073;Methylcyclohexane;Methanol;283.15;0.884164531;0.909443972;0.908657424;L2;2.819022639
1073;Methylcyclohexane;Methanol;288.15;0.861;0.891321439;0.89092904;L2;3.461062059
1073;Methylcyclohexane;Methanol;288.15;0.868712271;0.891321439;0.89092904;L2;2.569315815
1073;Methylcyclohexane;Methanol;292.0376606;0.86551;0.87523306;0.87444439;L2;1.117127696
1073;Methylcyclohexane;Methanol;293.15;0.837;0.870276707;0.869727794;L2;3.89871445
1073;Methylcyclohexane;Methanol;293.15;0.848643998;0.870276707;0.869727794;L2;2.517143582
1073;Methylcyclohexane;Methanol;293.15;0.819633431;0.870276707;0.869727794;L2;5.995401005
1073;Methylcyclohexane;Methanol;293.19536;0.868;0.870071089;0.869535456;L2;0.238320538
1073;Methylcyclohexane;Methanol;295.15;0.828;0.860941439;0.86065943;L2;3.901333219
1073;Methylcyclohexane;Methanol;295.69486;0.856;0.858300204;0.857798264;L2;0.268355055
1073;Methylcyclohexane;Methanol;298.14437;0.8261;0.845878789;0.844935409;L2;2.366024191
1073;Methylcyclohexane;Methanol;298.15;0.82438052;0.845849173;0.844905845;L2;2.570884121
1073;Methylcyclohexane;Methanol;298.15;0.814;0.845849173;0.844905845;L2;3.838069464
1073;Methylcyclohexane;Methanol;298.15;0.813;0.845849173;0.844905845;L2;3.96099511
1073;Methylcyclohexane;Methanol;298.19436;0.842;0.845615645;0.844672902;L2;0.428492161
1073;Methylcyclohexane;Methanol;300.5210456;0.81885;0.832916618;0.832455022;L2;1.703262128
1073;Methylcyclohexane;Methanol;300.69379;0.826;0.83193742;0.831547907;L2;0.716244768
1073;Methylcyclohexane;Methanol;301.15;0.793;0.82932634;0.829152259;L2;4.479051074
1073;Methylcyclohexane;Methanol;303.02;0.7881;0.818230968;0.817489443;L2;3.751966887
1073;Methylcyclohexane;Methanol;303.15;0.786;0.817435387;0.816652057;L2;3.921507013
1073;Methylcyclohexane;Methanol;303.15;0.776196387;0.817435387;0.816652057;L2;5.176629836
1073;Methylcyclohexane;Methanol;303.15;0.735559803;0.817435387;0.816652057;L2;10.55400165
1073;Methylcyclohexane;Methanol;303.15;0.78;0.817435387;0.816652057;L2;4.687794288
1073;Methylcyclohexane;Methanol;303.19304;0.808;0.817171275;0.816374818;L2;1.128665272
1073;Methylcyclohexane;Methanol;305.15;0.767;0.804775576;0.803769194;L2;4.807665016
1073;Methylcyclohexane;Methanol;305.2761428;0.78649;0.80394977;0.802956654;L2;2.195678377
1073;Methylcyclohexane;Methanol;305.69229;0.787;0.801201526;0.80027607;L2;1.788425949
1073;Methylcyclohexane;Methanol;307.15;0.758;0.791276229;0.790886331;L2;4.296373657
1073;Methylcyclohexane;Methanol;307.4012924;0.76261;0.789516633;0.789267649;L2;3.467414096
1073;Methylcyclohexane;Methanol;308.02;0.7442;0.785120995;0.784954788;L2;5.352802424
1073;Methylcyclohexane;Methanol;308.15;0.75;0.784185751;0.783930425;L2;4.457271327
1073;Methylcyclohexane;Methanol;308.19154;0.761;0.78388604;0.783603101;L2;2.963029422
1073;Methylcyclohexane;Methanol;310.69;0.7123;0.765049572;0.76391594;L2;7.144146128
1073;Methylcyclohexane;Methanol;310.69079;0.73;0.765043352;0.763909715;L2;4.688796698
1073;Methylcyclohexane;Methanol;312.53;0.6836;0.750064575;0.749417258;L2;9.278635149
1073;Methylcyclohexane;Methanol;313.15;0.68;0.744778838;0.744531833;L2;9.099451385
1073;Methylcyclohexane;Methanol;313.19004;0.69;0.744433139;0.744216329;L2;7.59314435
1073;Methylcyclohexane;Methanol;313.69;0.6618;0.740070907;0.739854765;L2;11.17826058
1073;Methylcyclohexane;Methanol;314.79;0.6365;0.730162552;0.729177457;L2;13.72827656
1073;Methylcyclohexane;Methanol;315.68929;0.632;0.721722223;0.720448369;L2;13.27509383
1073;Methylcyclohexane;Methanol;315.82;0.6059;0.720468385;0.719179613;L2;17.31865789
1073;Methylcyclohexane;Methanol;316.51;0.5764;0.713729597;0.712482029;L2;21.3702311
1073;Methylcyclohexane;Methanol;316.96;0.553;0.709221524;0.708114039;L2;24.88099213
1073;Methylcyclohexane;Methanol;317;0.5424;0.708816309;0.707725774;L2;26.75926711
1073;Methylcyclohexane;Methanol;317.11;0.5348;0.707698103;0.706658043;L2;28.01247491
1073;Methylcyclohexane;Methanol;317.34;0.5044;0.705341476;0.704425515;L2;33.53124452
1073;Methylcyclohexane;Methanol;317.6;0.4637;0.702646575;0.701901787;L2;41.5616236
1073;Methylcyclohexane;Methanol;317.6326488;0.61565;0.70230581;0.701584877;L2;13.16903152
1082;Methylcyclohexane;N-Methyl-2-pyrrolidone;273.18;0.1996;;;L1;
1082;Methylcyclohexane;N-Methyl-2-pyrrolidone;281.5;0.252;;;L1;
1082;Methylcyclohexane;N-Methyl-2-pyrrolidone;283.032;0.315;;;L1;
1082;Methylcyclohexane;N-Methyl-2-pyrrolidone;283.994;0.326;;;L1;
1082;Methylcyclohexane;N-Methyl-2-pyrrolidone;284.987;0.341;;;L1;
1082;Methylcyclohexane;N-Methyl-2-pyrrolidone;285.01;0.2994;;;L1;
1082;Methylcyclohexane;N-Methyl-2-pyrrolidone;285.991;0.356;;;L1;
1082;Methylcyclohexane;N-Methyl-2-pyrrolidone;286.491;0.365;;;L1;
1082;Methylcyclohexane;N-Methyl-2-pyrrolidone;286.994;0.375;;;L1;
1082;Methylcyclohexane;N-Methyl-2-pyrrolidone;287.06;0.3273;;;L1;
1082;Methylcyclohexane;N-Methyl-2-pyrrolidone;287.494;0.384;;;L1;
1082;Methylcyclohexane;N-Methyl-2-pyrrolidone;287.999;0.396;;;L1;
1082;Methylcyclohexane;N-Methyl-2-pyrrolidone;288.501;0.412;;;L1;
1082;Methylcyclohexane;N-Methyl-2-pyrrolidone;288.938;0.426;;;L1;
1082;Methylcyclohexane;N-Methyl-2-pyrrolidone;289.19;0.436;;;L1;
1082;Methylcyclohexane;N-Methyl-2-pyrrolidone;289.436;0.45;;;L1;
1082;Methylcyclohexane;N-Methyl-2-pyrrolidone;289.567;0.46;;;L1;
1082;Methylcyclohexane;N-Methyl-2-pyrrolidone;289.694;0.465;;;L1;
1082;Methylcyclohexane;N-Methyl-2-pyrrolidone;289.791;0.472;;;L1;
1082;Methylcyclohexane;N-Methyl-2-pyrrolidone;289.888;0.48;;;L1;
1082;Methylcyclohexane;N-Methyl-2-pyrrolidone;289.954;0.487;;;L1;
1082;Methylcyclohexane;N-Methyl-2-pyrrolidone;290.022;0.497;;;L1;
1082;Methylcyclohexane;N-Methyl-2-pyrrolidone;290.056;0.503;;;L1;
1082;Methylcyclohexane;N-Methyl-2-pyrrolidone;290.088;0.51;;;L1;
1082;Methylcyclohexane;N-Methyl-2-pyrrolidone;290.109;0.514;;;L1;
1082;Methylcyclohexane;N-Methyl-2-pyrrolidone;290.67;0.3949;;;L1;
1082;Methylcyclohexane;N-Methyl-2-pyrrolidone;291.1;0.4504;;;L1;
1082;Methylcyclohexane;N-Methyl-2-pyrrolidone;291.42;0.5482;;;L1;
1082;Methylcyclohexane;N-Methyl-2-pyrrolidone;291.44;0.5003;;;L1;
1082;Methylcyclohexane;N-Methyl-2-pyrrolidone;292.26;0.5669;;;L1;
1082;Methylcyclohexane;N-Methyl-2-pyrrolidone;276.03;0.9373;;;L2;
1082;Methylcyclohexane;N-Methyl-2-pyrrolidone;283.032;0.832;;;L2;
1082;Methylcyclohexane;N-Methyl-2-pyrrolidone;283.994;0.82;;;L2;
1082;Methylcyclohexane;N-Methyl-2-pyrrolidone;284.987;0.807;;;L2;
1082;Methylcyclohexane;N-Methyl-2-pyrrolidone;285.991;0.789;;;L2;
1082;Methylcyclohexane;N-Methyl-2-pyrrolidone;286.491;0.781;;;L2;
1082;Methylcyclohexane;N-Methyl-2-pyrrolidone;286.994;0.772;;;L2;
1082;Methylcyclohexane;N-Methyl-2-pyrrolidone;287.494;0.764;;;L2;
1082;Methylcyclohexane;N-Methyl-2-pyrrolidone;287.999;0.752;;;L2;
1082;Methylcyclohexane;N-Methyl-2-pyrrolidone;288.501;0.737;;;L2;
1082;Methylcyclohexane;N-Methyl-2-pyrrolidone;288.938;0.719;;;L2;
1082;Methylcyclohexane;N-Methyl-2-pyrrolidone;289.19;0.704;;;L2;
1082;Methylcyclohexane;N-Methyl-2-pyrrolidone;289.436;0.692;;;L2;
1082;Methylcyclohexane;N-Methyl-2-pyrrolidone;289.48;0.7903;;;L2;
1082;Methylcyclohexane;N-Methyl-2-pyrrolidone;289.567;0.686;;;L2;
1082;Methylcyclohexane;N-Methyl-2-pyrrolidone;289.694;0.677;;;L2;
1082;Methylcyclohexane;N-Methyl-2-pyrrolidone;289.791;0.672;;;L2;
1082;Methylcyclohexane;N-Methyl-2-pyrrolidone;289.888;0.664;;;L2;
1082;Methylcyclohexane;N-Methyl-2-pyrrolidone;289.954;0.656;;;L2;
1082;Methylcyclohexane;N-Methyl-2-pyrrolidone;290.022;0.646;;;L2;
1082;Methylcyclohexane;N-Methyl-2-pyrrolidone;290.056;0.641;;;L2;
1082;Methylcyclohexane;N-Methyl-2-pyrrolidone;290.088;0.634;;;L2;
1082;Methylcyclohexane;N-Methyl-2-pyrrolidone;290.109;0.631;;;L2;
1082;Methylcyclohexane;N-Methyl-2-pyrrolidone;290.28;0.7455;;;L2;
1082;Methylcyclohexane;N-Methyl-2-pyrrolidone;291.38;0.6946;;;L2;
1082;Methylcyclohexane;N-Methyl-2-pyrrolidone;291.47;0.657;;;L2;
1082;Methylcyclohexane;N-Methyl-2-pyrrolidone;291.5;0.5936;;;L2;
1082;Methylcyclohexane;N-Methyl-2-pyrrolidone;291.98;0.6257;;;L2;
1163;Decane;Water;293.14537;2.50E-09;;;L1;
1163;Decane;Water;296.15;1.63E-06;;;L1;
1163;Decane;Water;298.136;2.00E-09;;;L1;
1163;Decane;Water;298.136;2.50E-09;;;L1;
1163;Decane;Water;298.14437;6.58E-09;;;L1;
1163;Decane;Water;298.14437;1.10E-09;;;L1;
1163;Decane;Water;298.15;6.13E-09;;;L1;
1163;Decane;Water;298.18598;2.03E-09;;;L1;
1163;Decane;Water;310.928;2.00E-07;;;L1;
1163;Decane;Water;374.15;1.20E-07;;;L1;
1163;Decane;Water;394.261;1.90E-06;;;L1;
1163;Decane;Water;424.65;3.30E-07;8.80E-07;9.05E-07;L1;98.06906886
1163;Decane;Water;475.15;1.40E-06;2.87E-06;3.01E-06;L1;71.9178772
1163;Decane;Water;293.14537;0.9977;;;L2;
1163;Decane;Water;296.15;0.999717;;;L2;
1163;Decane;Water;298.136;0.99943;;;L2;
1163;Decane;Water;298.15;0.99946;;;L2;
1163;Decane;Water;298.15;0.99948;;;L2;
1163;Decane;Water;298.15;0.9887;;;L2;
1163;Decane;Water;310.928;0.99911;;;L2;
1163;Decane;Water;313.13;0.99893;;;L2;
1163;Decane;Water;374.15;0.99158;;;L2;
1163;Decane;Water;394.261;0.98735;;;L2;
1163;Decane;Water;423.11437;0.972;0.999200078;0.999162422;L2;2.759923262
1163;Decane;Water;424.65;0.9624;0.999164713;0.999133285;L2;3.74894784
1163;Decane;Water;475.15;0.882;0.997078701;0.996954216;L2;12.26376484
1163;Decane;Water;566.71;0.294;0.984615274;0.984338813;L2;120.8671213
1176;Decane;Carbonic acid dimethyl ester;277.61;0.101;0.121244416;0.121735796;L1;18.26879602
1176;Decane;Carbonic acid dimethyl ester;279.174;0.109;0.125416094;0.125829869;L1;14.02890764
1176;Decane;Carbonic acid dimethyl ester;280.775;0.121;0.129909721;0.130020796;L1;7.104920748
1176;Decane;Carbonic acid dimethyl ester;281.27;0.1284;0.131347726;0.131381964;L1;2.26978091
1176;Decane;Carbonic acid dimethyl ester;281.436;0.126;0.13183532;0.131924755;L1;4.527165862
1176;Decane;Carbonic acid dimethyl ester;282.444;0.134;0.134855652;0.135220742;L1;0.636516346
1176;Decane;Carbonic acid dimethyl ester;283.23;0.1495;0.137284346;0.137790827;L1;8.524210322
1176;Decane;Carbonic acid dimethyl ester;283.308;0.144;0.137529001;0.138045874;L1;4.597848977
1176;Decane;Carbonic acid dimethyl ester;284.007;0.152;0.139751723;0.140331484;L1;8.401307688
1176;Decane;Carbonic acid dimethyl ester;284.13;0.1617;0.140148574;0.140733673;L1;14.30396603
1176;Decane;Carbonic acid dimethyl ester;284.655;0.161;0.141862245;0.142450332;L1;12.65478805
1176;Decane;Carbonic acid dimethyl ester;284.97;0.182;0.142906145;0.143480328;L1;24.18186032
1176;Decane;Carbonic acid dimethyl ester;285.233;0.173;0.14378694;0.144340293;L1;18.49589771
1176;Decane;Carbonic acid dimethyl ester;285.636;0.181;0.145153214;0.145658034;L1;22.07072017
1176;Decane;Carbonic acid dimethyl ester;285.91;0.2121;0.146093855;0.146553967;L1;37.28086063
1176;Decane;Carbonic acid dimethyl ester;285.92;0.2159;0.146128367;0.146586665;L1;39.03298794
1176;Decane;Carbonic acid dimethyl ester;285.921;0.189;0.146131818;0.146589935;L1;25.72379348
1176;Decane;Carbonic acid dimethyl ester;286.108;0.194;0.146779598;0.147201393;L1;27.89260332
1176;Decane;Carbonic acid dimethyl ester;286.217;0.199;0.147159281;0.147557804;L1;30.1789279
1176;Decane;Carbonic acid dimethyl ester;286.322;0.203;0.147526507;0.147901136;L1;31.91981092
1176;Decane;Carbonic acid dimethyl ester;286.41;0.2453;0.1478354;0.148188881;L1;50.63824554
1176;Decane;Carbonic acid dimethyl ester;286.415;0.208;0.147852982;0.14820523;L1;34.13196639
1176;Decane;Carbonic acid dimethyl ester;286.501;0.212;0.148155908;0.148486435;L1;35.83211254
1176;Decane;Carbonic acid dimethyl ester;286.55;0.3081;0.148328947;0.148646657;L1;73.09919834
1176;Decane;Carbonic acid dimethyl ester;286.581;0.214;0.148438587;0.148748022;L1;36.58046961
1176;Decane;Carbonic acid dimethyl ester;286.6;0.2974;0.14850585;0.148810148;L1;69.44536825
1176;Decane;Carbonic acid dimethyl ester;286.62;0.3136;0.148576705;0.148875545;L1;74.70169286
1176;Decane;Carbonic acid dimethyl ester;286.654;0.221;0.148697284;0.148986719;L1;39.62501165
1176;Decane;Carbonic acid dimethyl ester;286.719;0.225;0.148928236;0.149199258;L1;41.26358526
1176;Decane;Carbonic acid dimethyl ester;286.776;0.229;0.149131235;0.149385638;L1;42.88953156
1176;Decane;Carbonic acid dimethyl ester;286.824;0.232;0.149302525;0.14954259;L1;44.07627578
1176;Decane;Carbonic acid dimethyl ester;286.867;0.238;0.149456239;0.149683193;L1;46.52670383
1176;Decane;Carbonic acid dimethyl ester;286.909;0.24;0.14960663;0.149820525;L1;47.26295388
1176;Decane;Carbonic acid dimethyl ester;286.941;0.244;0.149721372;0.14992516;L1;48.83921809
1176;Decane;Carbonic acid dimethyl ester;286.969;0.248;0.149821886;0.150016715;L1;50.3981584
1176;Decane;Carbonic acid dimethyl ester;286.992;0.252;0.149904532;0.150091921;L1;51.94304469
1176;Decane;Carbonic acid dimethyl ester;287.015;0.257;0.149987252;0.150167127;L1;53.85257823
1176;Decane;Carbonic acid dimethyl ester;287.037;0.263;0.150066443;0.150239063;L1;56.10758809
1176;Decane;Carbonic acid dimethyl ester;287.054;0.265;0.150127683;0.15029465;L1;56.82436763
1176;Decane;Carbonic acid dimethyl ester;287.066;0.269;0.150170935;0.150333888;L1;58.29371705
1176;Decane;Carbonic acid dimethyl ester;287.076;0.275;0.150206993;0.150366587;L1;60.47568006
1176;Decane;Carbonic acid dimethyl ester;287.088;0.287;0.150250282;0.150405825;L1;64.71797672
1176;Decane;Carbonic acid dimethyl ester;277.61;0.652;0.786870232;0.786028678;L2;18.80187832
1176;Decane;Carbonic acid dimethyl ester;279.174;0.629;0.777544445;0.776842181;L2;21.20095495
1176;Decane;Carbonic acid dimethyl ester;280.775;0.603;0.767625559;0.767438357;L2;24.1384864
1176;Decane;Carbonic acid dimethyl ester;281.16;0.59;0.765181848;0.765176975;L2;25.99909787
1176;Decane;Carbonic acid dimethyl ester;281.436;0.589;0.763415672;0.763277063;L2;25.93764862
1176;Decane;Carbonic acid dimethyl ester;282.444;0.568;0.756861631;0.75630117;L2;28.70590317
1176;Decane;Carbonic acid dimethyl ester;283.308;0.551;0.751110842;0.750321832;L2;30.98184246
1176;Decane;Carbonic acid dimethyl ester;283.57;0.5317;0.749342037;0.748508654;L2;34.31161164
1176;Decane;Carbonic acid dimethyl ester;284.007;0.532;0.746365427;0.745484382;L2;33.85718398
1176;Decane;Carbonic acid dimethyl ester;284.16;0.5147;0.745315397;0.744425541;L2;37.02232743
1176;Decane;Carbonic acid dimethyl ester;284.655;0.511;0.741889839;0.740999879;L2;37.28311773
1176;Decane;Carbonic acid dimethyl ester;284.88;0.4874;0.740318248;0.73944276;L2;41.79950177
1176;Decane;Carbonic acid dimethyl ester;285.233;0.492;0.737834033;0.736999813;L2;40.52401948
1176;Decane;Carbonic acid dimethyl ester;285.636;0.476;0.734969833;0.73421084;L2;43.44116002
1176;Decane;Carbonic acid dimethyl ester;285.7;0.4548;0.734512181;0.733767926;L2;47.93488182
1176;Decane;Carbonic acid dimethyl ester;285.921;0.464;0.732925913;0.732238489;L2;45.71600709
1176;Decane;Carbonic acid dimethyl ester;285.94;0.4359;0.732789105;0.732106999;L2;51.94450863
1176;Decane;Carbonic acid dimethyl ester;286.08;0.4223;0.731778924;0.731138125;L2;54.97624904
1176;Decane;Carbonic acid dimethyl ester;286.108;0.453;0.731576439;0.73094435;L2;47.93095852
1176;Decane;Carbonic acid dimethyl ester;286.217;0.45;0.730786757;0.730190013;L2;48.48741198
1176;Decane;Carbonic acid dimethyl ester;286.322;0.443;0.730023891;0.729463357;L2;49.95074909
1176;Decane;Carbonic acid dimethyl ester;286.35;0.4045;0.7298201;0.729269582;L2;59.01463291
1176;Decane;Carbonic acid dimethyl ester;286.415;0.44;0.729346428;0.728819748;L2;50.53741023
1176;Decane;Carbonic acid dimethyl ester;286.48;0.3712;0.728871935;0.728369913;L2;67.47570434
1176;Decane;Carbonic acid dimethyl ester;286.501;0.431;0.728718461;0.728224582;L2;52.51793686
1176;Decane;Carbonic acid dimethyl ester;286.581;0.427;0.72813301;0.72767094;L2;53.36997244
1176;Decane;Carbonic acid dimethyl ester;286.6;0.3281;0.727993781;0.72753945;L2;79.69740661
1176;Decane;Carbonic acid dimethyl ester;286.654;0.42;0.727597692;0.727165741;L2;54.94935634
1176;Decane;Carbonic acid dimethyl ester;286.719;0.414;0.727120158;0.726715907;L2;56.32257689
1176;Decane;Carbonic acid dimethyl ester;286.776;0.407;0.726700711;0.726321437;L2;57.97015311
1176;Decane;Carbonic acid dimethyl ester;286.824;0.403;0.726346995;0.725989251;L2;58.90912937
1176;Decane;Carbonic acid dimethyl ester;286.867;0.397;0.726029737;0.725691669;L2;60.36546935
1176;Decane;Carbonic acid dimethyl ester;286.909;0.392;0.725719503;0.725401006;L2;61.59017403
1176;Decane;Carbonic acid dimethyl ester;286.941;0.386;0.725482898;0.725179549;L2;63.10001298
1176;Decane;Carbonic acid dimethyl ester;286.969;0.381;0.725275702;0.724985775;L2;64.37524855
1176;Decane;Carbonic acid dimethyl ester;286.992;0.377;0.725105388;0.724826602;L2;65.4071819
1176;Decane;Carbonic acid dimethyl ester;287.015;0.373;0.724934968;0.72466743;L2;66.45035318
1176;Decane;Carbonic acid dimethyl ester;287.037;0.366;0.724771859;0.724515179;L2;68.32235945
1176;Decane;Carbonic acid dimethyl ester;287.054;0.362;0.724645754;0.72439753;L2;69.4038708
1176;Decane;Carbonic acid dimethyl ester;287.066;0.358;0.724556703;0.724314483;L2;70.50270379
1176;Decane;Carbonic acid dimethyl ester;287.076;0.351;0.724482473;0.724245278;L2;72.46713459
1176;Decane;Carbonic acid dimethyl ester;287.088;0.342;0.72439337;0.724162232;L2;75.0523836
1176;Decane;Carbonic acid dimethyl ester;287.096;0.338;0.724333951;0.724106867;L2;76.22066495
1179;Decane;Perfluorohexane;329.9;0.1013;;;L1;
1179;Decane;Perfluorohexane;339.65;0.128;;;L1;
1179;Decane;Perfluorohexane;344.24;0.146;;;L1;
1179;Decane;Perfluorohexane;348;0.2009;;;L1;
1179;Decane;Perfluorohexane;353.71;0.1941;;;L1;
1179;Decane;Perfluorohexane;360.48;0.2503;;;L1;
1179;Decane;Perfluorohexane;361.3;0.3033;;;L1;
1179;Decane;Perfluorohexane;364.26;0.2923;;;L1;
1179;Decane;Perfluorohexane;364.8;0.4016;;;L1;
1179;Decane;Perfluorohexane;366.1;0.5047;;;L1;
1179;Decane;Perfluorohexane;368.07;0.3477;;;L1;
1179;Decane;Perfluorohexane;371.4;0.4454;;;L1;
1179;Decane;Perfluorohexane;371.92;0.5114;;;L1;
1179;Decane;Perfluorohexane;371.92;0.5114;;;L1;
1179;Decane;Perfluorohexane;296.6;0.9501;;;L2;
1179;Decane;Perfluorohexane;306.09;0.9397;;;L2;
1179;Decane;Perfluorohexane;326;0.8992;;;L2;
1179;Decane;Perfluorohexane;327.11;0.909;;;L2;
1179;Decane;Perfluorohexane;336.02;0.8919;;;L2;
1179;Decane;Perfluorohexane;345.1;0.8;;;L2;
1179;Decane;Perfluorohexane;347.58;0.8586;;;L2;
1179;Decane;Perfluorohexane;351.4;0.8438;;;L2;
1179;Decane;Perfluorohexane;359.3;0.7002;;;L2;
1179;Decane;Perfluorohexane;360.48;0.7934;;;L2;
1179;Decane;Perfluorohexane;365.55;0.7511;;;L2;
1179;Decane;Perfluorohexane;365.6;0.5996;;;L2;
1179;Decane;Perfluorohexane;369.12;0.6917;;;L2;
1179;Decane;Perfluorohexane;370.71;0.6428;;;L2;
1179;Decane;Perfluorohexane;371.67;0.5855;;;L2;
1179;Decane;Perfluorohexane;371.89;0.547;;;L2;
1239;N,N-Diethylamine;Water;416.6327;0.132036402;0.002881975;0.002891616;L1;382.4601725
1239;N,N-Diethylamine;Water;417.1328;0.099342561;0.002893638;0.002903229;L1;353.6059557
1239;N,N-Diethylamine;Water;417.53288;0.089802553;0.002902998;0.00291252;L1;343.1869252
1239;N,N-Diethylamine;Water;419.35;0.126567157;0.002945854;0.002954717;L1;376.0374379
1239;N,N-Diethylamine;Water;419.55;0.11242225;0.002950605;0.002959362;L1;364.0251663
1239;N,N-Diethylamine;Water;420.1334;0.076098856;0.002964503;0.00297291;L1;324.5323742
1239;N,N-Diethylamine;Water;420.55;0.103871543;0.002974464;0.002982584;L1;355.3091214
1239;N,N-Diethylamine;Water;420.6335;0.076023995;0.002976464;0.002984523;L1;324.0313096
1239;N,N-Diethylamine;Water;421.95;0.095565098;0.003008156;0.003015095;L1;345.8480483
1239;N,N-Diethylamine;Water;423.75;0.087375093;0.003051976;0.003056895;L1;335.4421157
1239;N,N-Diethylamine;Water;424.83468;0.067273995;0.003078656;0.003082084;L1;308.4280473
1239;N,N-Diethylamine;Water;427.6358;0.064006278;0.003148528;0.003149844;L1;301.2046255
1239;N,N-Diethylamine;Water;427.65;0.075762199;0.003148885;0.003150229;L1;318.0550924
1239;N,N-Diethylamine;Water;416.33264;0.112733916;0.726774141;0.726518282;L2;186.358544
1239;N,N-Diethylamine;Water;416.6327;0.139186528;0.726785697;0.726530352;L2;165.2816696
1239;N,N-Diethylamine;Water;417.28283;0.172165145;0.726809394;0.726556503;L2;144.02101
1239;N,N-Diethylamine;Water;418.133;0.190685165;0.726837606;0.7265907;L2;133.807936
1239;N,N-Diethylamine;Water;419.25;0.13753974;0.726869896;0.726635631;L2;166.4834608
1239;N,N-Diethylamine;Water;419.55;0.157778243;0.726877645;0.726647698;L2;152.756764
1239;N,N-Diethylamine;Water;419.93336;0.208708099;0.726886977;0.726663119;L2;124.783438
1239;N,N-Diethylamine;Water;420.75;0.179151872;0.726904729;0.726695967;L2;140.0561529
1239;N,N-Diethylamine;Water;421.6337;0.22598044;0.726920673;0.726731514;L2;116.8368909
1239;N,N-Diethylamine;Water;423.43412;0.229812311;0.726942661;0.726803934;L2;115.1584667
1239;N,N-Diethylamine;Water;425.05;0.210699586;0.726950407;0.726868932;L2;123.8424903
1239;N,N-Diethylamine;Water;425.43492;0.258435622;0.72695058;0.726884415;L2;103.4211878
1239;N,N-Diethylamine;Water;426.75;0.22408422;0.72694632;0.726937313;L2;117.6830674
1239;N,N-Diethylamine;Water;429.1364;0.261612376;0.726919414;0.726826311;L2;102.1951697
1251;1,2-Dichloroethane;Water;273.15;0.001502926;0.00122123;0.001228041;L1;20.75555696
1251;1,2-Dichloroethane;Water;273.15;0.001675728;0.00122123;0.001228041;L1;31.63893926
1251;1,2-Dichloroethane;Water;273.15;0.001586812;0.00122123;0.001228041;L1;26.18686669
1251;1,2-Dichloroethane;Water;273.15;0.00159;0.00122123;0.001228041;L1;26.38757112
1251;1,2-Dichloroethane;Water;273.15;0.001691295;0.00122123;0.001228041;L1;32.56362026
1251;1,2-Dichloroethane;Water;273.15;0.00165064;0.00122123;0.001228041;L1;30.13047864
1251;1,2-Dichloroethane;Water;276.149562;0.001568659;0.001247874;0.001254867;L1;22.8780069
1251;1,2-Dichloroethane;Water;282.45;0.001410703;0.001305702;0.001311215;L1;7.73477084
1251;1,2-Dichloroethane;Water;283.1;0.001495144;0.001311815;0.001317028;L1;13.08111662
1251;1,2-Dichloroethane;Water;283.144;0.001622929;0.001312229;0.001317422;L1;21.25050159
1251;1,2-Dichloroethane;Water;283.144;0.001558296;0.001312229;0.001317422;L1;17.18653911
1251;1,2-Dichloroethane;Water;283.148055;0.001938132;0.001312268;0.001317458;L1;38.99679594
1251;1,2-Dichloroethane;Water;283.6;0.00138;0.001316536;0.0013215;L1;4.707944647
1251;1,2-Dichloroethane;Water;288.141;0.001586402;0.001360185;0.001362112;L1;15.38476621
1251;1,2-Dichloroethane;Water;291.1392;0.002392142;0.001389779;0.001391458;L1;54.30443661
1251;1,2-Dichloroethane;Water;292.6;0.00137;0.001404426;0.001407551;L1;2.481798273
1251;1,2-Dichloroethane;Water;292.85;0.001318556;0.001406948;0.001410305;L1;6.488552596
1251;1,2-Dichloroethane;Water;293.138;0.001539836;0.001409858;0.001413477;L1;8.818657384
1251;1,2-Dichloroethane;Water;293.138;0.001539836;0.001409858;0.001413477;L1;8.818657384
1251;1,2-Dichloroethane;Water;293.138;0.001576758;0.001409858;0.001413477;L1;11.18814969
1251;1,2-Dichloroethane;Water;293.138;0.001593377;0.001409858;0.001413477;L1;12.23663199
1251;1,2-Dichloroethane;Water;293.138;0.001543256;0.001409858;0.001413477;L1;9.040512678
1251;1,2-Dichloroethane;Water;293.138;0.001595224;0.001409858;0.001413477;L1;12.35248218
1251;1,2-Dichloroethane;Water;293.138;0.00155;0.001409858;0.001413477;L1;9.476558752
1251;1,2-Dichloroethane;Water;293.138;0.00182429;0.001409858;0.001413477;L1;25.77015268
1251;1,2-Dichloroethane;Water;293.138;0.001579553;0.001409858;0.001413477;L1;11.36525522
1251;1,2-Dichloroethane;Water;293.14537;0.001545847;0.001409933;0.001413558;L1;9.202975232
1251;1,2-Dichloroethane;Water;293.14537;0.001538719;0.001409933;0.001413558;L1;8.740802421
1251;1,2-Dichloroethane;Water;293.14537;0.001484475;0.001409933;0.001413558;L1;5.151894652
1251;1,2-Dichloroethane;Water;293.14537;0.001556;0.001409933;0.001413558;L1;9.857619788
1251;1,2-Dichloroethane;Water;293.14537;0.001682;0.001409933;0.001413558;L1;17.64413337
1251;1,2-Dichloroethane;Water;293.14537;0.001544;0.001409933;0.001413558;L1;9.083422372
1251;1,2-Dichloroethane;Water;293.14537;0.001599515;0.001409933;0.001413558;L1;12.61582304
1251;1,2-Dichloroethane;Water;293.14537;0.001619;0.001409933;0.001413558;L1;13.82664468
1251;1,2-Dichloroethane;Water;293.14537;0.001484475;0.001409933;0.001413558;L1;5.151894652
1251;1,2-Dichloroethane;Water;293.14537;0.001631333;0.001409933;0.001413558;L1;14.58552441
1251;1,2-Dichloroethane;Water;293.14537;0.001552204;0.001409933;0.001413558;L1;9.613362854
1251;1,2-Dichloroethane;Water;293.15;0.001744829;0.00140998;0.001413609;L1;21.30811055
1251;1,2-Dichloroethane;Water;293.15;0.001592482;0.00140998;0.001413609;L1;12.17183543
1251;1,2-Dichloroethane;Water;293.15;0.001534024;0.00140998;0.001413609;L1;8.431889713
1251;1,2-Dichloroethane;Water;293.6378;0.002206307;0.001414924;0.001418983;L1;44.42444664
1251;1,2-Dichloroethane;Water;296.1368;0.001608891;0.001440519;0.001446512;L1;11.05415766
1251;1,2-Dichloroethane;Water;298.136;0.001572294;0.001461323;0.001468535;L1;7.319377294
1251;1,2-Dichloroethane;Water;298.136;0.001526921;0.001461323;0.001468535;L1;4.391136299
1251;1,2-Dichloroethane;Water;298.136;0.001539836;0.001461323;0.001468535;L1;5.233399077
1251;1,2-Dichloroethane;Water;298.14437;0.002020779;0.00146141;0.001468628;L1;32.40811311
1251;1,2-Dichloroethane;Water;298.14437;0.001946653;0.00146141;0.001468628;L1;28.67095381
1251;1,2-Dichloroethane;Water;298.14437;0.001467827;0.00146141;0.001468628;L1;0.438112633
1251;1,2-Dichloroethane;Water;298.15;0.001557853;0.001461469;0.00146869;L1;6.386626788
1251;1,2-Dichloroethane;Water;298.15;0.002051183;0.001461469;0.00146869;L1;33.89743765
1251;1,2-Dichloroethane;Water;302.3;0.00133;0.001505606;0.001514406;L1;12.40166333
1251;1,2-Dichloroethane;Water;302.85;0.001484475;0.001511553;0.001520465;L1;1.807654844
1251;1,2-Dichloroethane;Water;303.134;0.001595224;0.001514633;0.001523594;L1;5.184095004
1251;1,2-Dichloroethane;Water;303.134;0.001668748;0.001514633;0.001523594;L1;9.690042946
1251;1,2-Dichloroethane;Water;303.134;0.001639554;0.001514633;0.001523594;L1;7.925103842
1251;1,2-Dichloroethane;Water;303.134;0.001634886;0.001514633;0.001523594;L1;7.639986194
1251;1,2-Dichloroethane;Water;303.134;0.001624921;0.001514633;0.001523594;L1;7.028598401
1251;1,2-Dichloroethane;Water;303.143055;0.001922017;0.001514731;0.001523693;L1;23.81370421
1251;1,2-Dichloroethane;Water;303.143055;0.001454316;0.001514731;0.001523693;L1;4.07024264
1251;1,2-Dichloroethane;Water;303.15;0.001574978;0.001514807;0.00152377;L1;3.895341499
1251;1,2-Dichloroethane;Water;306.6326;0.001694807;0.001553085;0.001562134;L1;8.732558165
1251;1,2-Dichloroethane;Water;307.141855;0.001882328;0.001558762;0.001567744;L1;18.86176097
1251;1,2-Dichloroethane;Water;308.132;0.001626735;0.001569857;0.001578652;L1;3.55901748
1251;1,2-Dichloroethane;Water;308.132;0.00163;0.001569857;0.001578652;L1;3.759525111
1251;1,2-Dichloroethane;Water;308.141555;0.001691864;0.001569965;0.001578757;L1;7.477767063
1251;1,2-Dichloroethane;Water;308.15;0.001712075;0.00157006;0.00157885;L1;8.659238207
1251;1,2-Dichloroethane;Water;312.55;0.001798549;0.001620322;0.001627321;L1;10.43550801
1251;1,2-Dichloroethane;Water;313.13;0.0018;0.001627065;0.00163371;L1;10.10087594
1251;1,2-Dichloroethane;Water;313.13;0.001669118;0.001627065;0.00163371;L1;2.551743774
1251;1,2-Dichloroethane;Water;313.15;0.001677716;0.001627298;0.00163393;L1;3.051224448
1251;1,2-Dichloroethane;Water;313.15;0.001766332;0.001627298;0.00163393;L1;8.198397985
1251;1,2-Dichloroethane;Water;317.62865;0.001835742;0.001680313;0.001683267;L1;8.846863075
1251;1,2-Dichloroethane;Water;319.62805;0.001880352;0.001704527;0.001705293;L1;9.817110279
1251;1,2-Dichloroethane;Water;321.68749;0.002002243;0.001729829;0.001732654;L1;14.62454671
1251;1,2-Dichloroethane;Water;323.127;0.0019;0.001747734;0.001752222;L1;8.353364893
1251;1,2-Dichloroethane;Water;323.127;0.001817051;0.001747734;0.001752222;L1;3.889462002
1251;1,2-Dichloroethane;Water;323.137055;0.00196518;0.00174786;0.001752358;L1;11.71916822
1251;1,2-Dichloroethane;Water;323.137055;0.001854476;0.00174786;0.001752358;L1;5.921001438
1251;1,2-Dichloroethane;Water;323.15;0.001830791;0.001748022;0.001752534;L1;4.626335471
1251;1,2-Dichloroethane;Water;323.45;0.001946653;0.001751777;0.001756612;L1;10.54808207
1251;1,2-Dichloroethane;Water;328.18554;0.002169177;0.001812118;0.001820984;L1;17.98512885
1251;1,2-Dichloroethane;Water;329.1252;0.00187165;0.001824334;0.001833757;L1;2.5605604
1251;1,2-Dichloroethane;Water;329.62505;0.002072325;0.001830865;0.001840552;L1;12.38828418
1251;1,2-Dichloroethane;Water;333.124;0.0022;0.001877233;0.001888114;L1;15.8658639
1251;1,2-Dichloroethane;Water;334.15;0.00198371;0.001891048;0.001902061;L1;4.783772301
1251;1,2-Dichloroethane;Water;339.18316;0.00252241;0.001960288;0.001970478;L1;25.21232894
1251;1,2-Dichloroethane;Water;340.624;0.002374661;0.001980567;0.001990064;L1;18.14717285
1251;1,2-Dichloroethane;Water;343.75;0.002076405;0.002025277;0.002032557;L1;2.493155129
1251;1,2-Dichloroethane;Water;344.38168;0.002690118;0.002034432;0.002041143;L1;27.93683509
1251;1,2-Dichloroethane;Water;345.62375;0.002557049;0.002052553;0.002058027;L1;21.97694566
1251;1,2-Dichloroethane;Water;348.030585;0.00272;0.002088122;0.002090744;L1;26.4366849
1251;1,2-Dichloroethane;Water;351.17964;0.002876754;0.00213558;0.002137898;L1;29.79244925
1251;1,2-Dichloroethane;Water;353.85;0.001946653;0.002176656;0.002182706;L1;11.16782476
1251;1,2-Dichloroethane;Water;354.47865;0.003119844;0.002186439;0.002193254;L1;35.55088773
1251;1,2-Dichloroethane;Water;363.37632;0.003419752;0.002329641;0.002342554;L1;38.38537255
1251;1,2-Dichloroethane;Water;371.67466;0.003908806;0.002471505;0.002481797;L1;45.84046161
1251;1,2-Dichloroethane;Water;373.12437;0.00419;0.002497146;0.002506123;L1;51.75521392
1251;1,2-Dichloroethane;Water;397.91941;0.00804;0.002978372;0.002993784;L1;99.30521207
1251;1,2-Dichloroethane;Water;253.166;0.997259722;0.999986106;0.999983849;L2;0.273014565
1251;1,2-Dichloroethane;Water;263.15;0.99671;0.999976338;0.999973489;L2;0.327176161
1251;1,2-Dichloroethane;Water;263.158;0.996167048;0.999976328;0.999973473;L2;0.381664456
1251;1,2-Dichloroethane;Water;273.15;0.994205159;0.999961316;0.999953132;L2;0.57730112
1251;1,2-Dichloroethane;Water;273.15;0.99532;0.999961316;0.999953132;L2;0.465230045
1251;1,2-Dichloroethane;Water;273.15;0.994531701;0.999961316;0.999953132;L2;0.544461984
1251;1,2-Dichloroethane;Water;273.15;0.99505;0.999961316;0.999953132;L2;0.492360679
1251;1,2-Dichloroethane;Water;282.45;0.994368408;0.999940879;0.999934201;L2;0.558838622
1251;1,2-Dichloroethane;Water;283.144;0.992900738;0.999939049;0.999932788;L2;0.706362875
1251;1,2-Dichloroethane;Water;283.15;0.99354;0.999939033;0.999932776;L2;0.641998716
1251;1,2-Dichloroethane;Water;292.1386;0.995310669;0.999910744;0.999906321;L2;0.461110081
1251;1,2-Dichloroethane;Water;292.85;0.990408399;0.999908106;0.99990226;L2;0.954599829
1251;1,2-Dichloroethane;Water;293.138;0.992520808;0.999907019;0.999900616;L2;0.741431653
1251;1,2-Dichloroethane;Water;293.138;0.991815855;0.999907019;0.999900616;L2;0.81248341
1251;1,2-Dichloroethane;Water;293.138;0.995076329;0.999907019;0.999900616;L2;0.484284734
1251;1,2-Dichloroethane;Water;293.138;0.991274139;0.999907019;0.999900616;L2;0.867116938
1251;1,2-Dichloroethane;Water;293.138;0.991287979;0.999907019;0.999900616;L2;0.865720765
1251;1,2-Dichloroethane;Water;293.138;0.990732907;0.999907019;0.999900616;L2;0.921731478
1251;1,2-Dichloroethane;Water;293.14537;0.99107259;0.999906992;0.999900574;L2;0.887448528
1251;1,2-Dichloroethane;Water;293.14537;0.991815855;0.999906992;0.999900574;L2;0.812480616
1251;1,2-Dichloroethane;Water;293.15;0.99138;0.999906974;0.999900548;L2;0.856433672
1251;1,2-Dichloroethane;Water;293.6378;0.973139077;0.999905109;0.999897763;L2;2.713337514
1251;1,2-Dichloroethane;Water;298.136;0.98975;0.999886406;0.999872086;L2;1.018929251
1251;1,2-Dichloroethane;Water;298.14437;0.990192157;0.999886369;0.999872038;L2;0.974261878
1251;1,2-Dichloroethane;Water;298.14437;0.994576699;0.999886369;0.999872038;L2;0.532442255
1251;1,2-Dichloroethane;Water;298.14437;0.994750726;0.999886369;0.999872038;L2;0.514946191
1251;1,2-Dichloroethane;Water;298.14437;0.990192157;0.999886369;0.999872038;L2;0.974261878
1251;1,2-Dichloroethane;Water;298.6358;0.993791789;0.999884152;0.999869233;L2;0.61117076
1251;1,2-Dichloroethane;Water;302.85;0.987495621;0.999863641;0.999845177;L2;1.244684813
1251;1,2-Dichloroethane;Water;303.134;0.988033968;0.999862157;0.999843556;L2;1.190034918
1251;1,2-Dichloroethane;Water;303.134;0.9881;0.999862157;0.999843556;L2;1.18335197
1251;1,2-Dichloroethane;Water;303.15;0.9886;0.999862073;0.999843465;L2;1.132754205
1251;1,2-Dichloroethane;Water;305.69229;0.986420361;0.999848186;0.999828953;L2;1.352086029
1251;1,2-Dichloroethane;Water;306.6326;0.991767081;0.999842767;0.999823585;L2;0.810975135
1251;1,2-Dichloroethane;Water;312.55;0.985025377;0.999804892;0.999789807;L2;1.489274815
1251;1,2-Dichloroethane;Water;313.13;0.9896;0.999800809;0.999786496;L2;1.025524745
1251;1,2-Dichloroethane;Water;313.13;0.984275564;0.999800809;0.999786496;L2;1.565016597
1251;1,2-Dichloroethane;Water;313.15;0.9854;0.999800667;0.999786382;L2;1.450827635
1251;1,2-Dichloroethane;Water;315.1294;0.98868601;0.999786193;0.999775083;L2;1.116465048
1251;1,2-Dichloroethane;Water;315.68929;0.983740553;0.999781947;0.999771887;L2;1.617500515
1251;1,2-Dichloroethane;Water;320.62775;0.986699745;0.999741411;0.999738154;L2;1.313087324
1251;1,2-Dichloroethane;Water;323.127;0.985;0.999718666;0.999705517;L2;1.483226378
1251;1,2-Dichloroethane;Water;323.127;0.980008719;0.999718666;0.999705517;L2;1.991243639
1251;1,2-Dichloroethane;Water;323.137055;0.9927;0.999718571;0.999705385;L2;0.704530663
1251;1,2-Dichloroethane;Water;323.137055;0.981605246;0.999718571;0.999705385;L2;1.828457251
1251;1,2-Dichloroethane;Water;323.15;0.9813;0.999718449;0.999705216;L2;1.859546502
1251;1,2-Dichloroethane;Water;323.45;0.981125843;0.99971561;0.999701299;L2;1.877011729
1251;1,2-Dichloroethane;Water;326.1261;0.983772641;0.999689242;0.999666352;L2;1.604965803
1251;1,2-Dichloroethane;Water;329.18524;0.974717404;0.999656692;0.999626403;L2;2.526432513
1251;1,2-Dichloroethane;Water;330.1249;0.981104545;0.999646155;0.999614132;L2;1.87223475
1251;1,2-Dichloroethane;Water;331.1246;0.980067184;0.999634657;0.999601077;L2;1.976874477
1251;1,2-Dichloroethane;Water;333.124;0.974190832;0.999610749;0.999574967;L2;2.575874159
1251;1,2-Dichloroethane;Water;333.124;0.979;0.999610749;0.999574967;L2;2.083430959
1251;1,2-Dichloroethane;Water;333.15;0.9768;0.99961043;0.999574627;L2;2.308371013
1251;1,2-Dichloroethane;Water;334.15;0.977780681;0.999597996;0.999561568;L2;2.206780151
1251;1,2-Dichloroethane;Water;335.18396;0.97051776;0.999584802;0.999548066;L2;2.951029263
1251;1,2-Dichloroethane;Water;338.13337;0.98308;0.999545223;0.99950955;L2;1.660989831
1251;1,2-Dichloroethane;Water;342.124;0.972361968;0.999486854;0.999457436;L2;2.75138711
1251;1,2-Dichloroethane;Water;343.124;0.967907911;0.999471316;0.999444377;L2;3.208950574
1251;1,2-Dichloroethane;Water;347.68069;0.961175436;0.999395616;0.999384872;L2;3.899376468
1251;1,2-Dichloroethane;Water;348.030585;0.9679;0.99938946;0.999380303;L2;3.201577611
1251;1,2-Dichloroethane;Water;352.329295;0.96104;0.999309598;0.9992917;L2;3.904860681
1251;1,2-Dichloroethane;Water;353.123;0.960146423;0.999293971;0.999271086;L2;3.996320371
1251;1,2-Dichloroethane;Water;353.85;0.973559558;0.999279408;0.999252204;L2;2.607542535
1251;1,2-Dichloroethane;Water;365.17596;0.943422351;0.999019492;0.99895805;L2;5.726022752
1251;1,2-Dichloroethane;Water;371.67466;0.935482802;0.998839371;0.998789268;L2;6.553121442
1251;1,2-Dichloroethane;Water;373.12437;0.9411;0.998795789;0.998751616;L2;5.95009389
1251;1,2-Dichloroethane;Water;380.67286;0.920883902;0.998547209;0.998536271;L2;8.09674601
1251;1,2-Dichloroethane;Water;397.91941;0.89;0.997824572;0.997734519;L2;11.43560187
1254;Dichloromethane;Water;273.1000159;0.006;0.003887891;0.003910238;L1;43.38925919
1254;Dichloromethane;Water;273.15;0.004376095;0.003888662;0.003911024;L1;11.80916002
1254;Dichloromethane;Water;273.15;0.004310388;0.003888662;0.003911024;L1;10.29627493
1254;Dichloromethane;Water;273.15;0.005107565;0.003888662;0.003911024;L1;27.26576
1254;Dichloromethane;Water;282.35;0.004135324;0.004038947;0.004055697;L1;2.358166431
1254;Dichloromethane;Water;283.1;0.004137362;0.004051927;0.004067491;L1;2.086593424
1254;Dichloromethane;Water;283.144;0.003480826;0.004052691;0.004068183;L1;15.21115758
1254;Dichloromethane;Water;283.144;0.004577792;0.004052691;0.004068183;L1;12.18355881
1254;Dichloromethane;Water;283.148055;0.002373616;0.004052762;0.004068247;L1;53.49840644
1254;Dichloromethane;Water;283.15;0.004467562;0.004052796;0.004068277;L1;9.743590583
1254;Dichloromethane;Water;283.9;0.00323;0.004065891;0.004080071;L1;23.01508917
1254;Dichloromethane;Water;288.146555;0.005275109;0.004142091;0.00414685;L1;24.17985128
1254;Dichloromethane;Water;288.15;0.0017;0.004142155;0.004146904;L1;89.05878438
1254;Dichloromethane;Water;290.45;0.003873148;0.004184879;0.004187525;L1;7.741019565
1254;Dichloromethane;Water;292.59548;0.0052;0.004225651;0.004233707;L1;20.74852116
1254;Dichloromethane;Water;293.1;0.00313;0.004235368;0.004244567;L1;30.24371656
1254;Dichloromethane;Water;293.138;0.005049222;0.004236102;0.004245385;L1;17.55907566
1254;Dichloromethane;Water;293.138;0.004310388;0.004236102;0.004245385;L1;1.738450786
1254;Dichloromethane;Water;293.138;0.00413;0.004236102;0.004245385;L1;2.536600843
1254;Dichloromethane;Water;293.138;0.002594248;0.004236102;0.004245385;L1;49.03467288
1254;Dichloromethane;Water;293.138;0.003002849;0.004236102;0.004245385;L1;34.40819107
1254;Dichloromethane;Water;293.138;0.003502592;0.004236102;0.004245385;L1;19.01401496
1254;Dichloromethane;Water;293.14537;0.002896185;0.004236244;0.004245543;L1;38.02826663
1254;Dichloromethane;Water;293.14537;0.002793354;0.004236244;0.004245543;L1;41.64339956
1254;Dichloromethane;Water;293.14537;0.001278785;0.004236244;0.004245543;L1;119.7766612
1254;Dichloromethane;Water;293.15;0.0021;0.004236333;0.004245643;L1;70.17607871
1254;Dichloromethane;Water;293.15;0.003912356;0.004236333;0.004245643;L1;7.955838175
1254;Dichloromethane;Water;293.15;0.004171628;0.004236333;0.004245643;L1;1.539176453
1254;Dichloromethane;Water;293.15;0.004527769;0.004236333;0.004245643;L1;6.653119187
1254;Dichloromethane;Water;293.24535;0.0045;0.004238176;0.004247695;L1;5.994437138
1254;Dichloromethane;Water;298.136;0.0042;0.004335041;0.004352967;L1;3.164657805
1254;Dichloromethane;Water;298.136;0.002829455;0.004335041;0.004352967;L1;42.66469897
1254;Dichloromethane;Water;298.14437;0.00279221;0.004335211;0.004353148;L1;43.99368582
1254;Dichloromethane;Water;298.14437;0.0029378;0.004335211;0.004353148;L1;38.91092533
1254;Dichloromethane;Water;298.15;0.005738157;0.004335325;0.004353269;L1;28.03414874
1254;Dichloromethane;Water;298.15;0.003882188;0.004335325;0.004353269;L1;11.0397679
1254;Dichloromethane;Water;298.15;0.0023;0.004335325;0.004353269;L1;63.38874683
1254;Dichloromethane;Water;298.19436;0.0042;0.004336225;0.004354224;L1;3.191959827
1254;Dichloromethane;Water;298.19436;0.0028;0.004336225;0.004354224;L1;43.73847064
1254;Dichloromethane;Water;298.2;0.003829501;0.004336339;0.004354345;L1;12.42960052
1254;Dichloromethane;Water;299.95;0.003698644;0.004372142;0.004392014;L1;16.72867013
1254;Dichloromethane;Water;301.15;0.0025;0.004397034;0.004417844;L1;56.46394111
1254;Dichloromethane;Water;302.1;0.00234;0.004416937;0.004438293;L1;63.52956054
1254;Dichloromethane;Water;303.134;0.002764488;0.004438799;0.00446055;L1;47.35284974
1254;Dichloromethane;Water;303.134;0.004162085;0.004438799;0.00446055;L1;6.436779285
1254;Dichloromethane;Water;303.134;0.004242524;0.004438799;0.00446055;L1;4.522556833
1254;Dichloromethane;Water;303.134;0.005259796;0.004438799;0.00446055;L1;16.97082992
1254;Dichloromethane;Water;303.143055;0.002399308;0.004438992;0.004460745;L1;61.52469179
1254;Dichloromethane;Water;303.143055;0.00329821;0.004438992;0.004460745;L1;29.70473833
1254;Dichloromethane;Water;303.143055;0.0045;0.004438992;0.004460745;L1;1.365011643
1254;Dichloromethane;Water;303.143055;0.005630548;0.004438992;0.004460745;L1;23.77794928
1254;Dichloromethane;Water;303.15;0.003794406;0.004439139;0.004460895;L1;15.69326431
1254;Dichloromethane;Water;303.15;0.004188975;0.004439139;0.004460895;L1;5.800444605
1254;Dichloromethane;Water;303.2;0.004179069;0.004440202;0.004461971;L1;6.061136134
1254;Dichloromethane;Water;308.132;0.002721195;0.004547401;0.004568133;L1;51.34847775
1254;Dichloromethane;Water;308.85;0.003807683;0.004563403;0.004583588;L1;18.10476587
1254;Dichloromethane;Water;313.13;0.007011954;0.004660885;0.004675716;L1;40.8411137
1254;Dichloromethane;Water;313.15;0.003837797;0.004661349;0.004676146;L1;19.44063099
1254;Dichloromethane;Water;313.300007;0.004;0.004664831;0.004679375;L1;15.37572883
1254;Dichloromethane;Water;332.83443;0.0041;0.005156983;0.005180185;L1;22.93648143
1254;Dichloromethane;Water;332.83443;0.0041;0.005156983;0.005180185;L1;22.93648143
1254;Dichloromethane;Water;343.18204;0.019;0.005449768;0.005465508;L1;124.8865997
1254;Dichloromethane;Water;353.159046;0.027;0.005754183;0.005765825;L1;154.5909713
1254;Dichloromethane;Water;363.136368;0.0099;0.00608129;0.006107882;L1;48.73178387
1254;Dichloromethane;Water;253.166;0.998587303;0.99998065;0.999977877;L2;0.139434545
1254;Dichloromethane;Water;263.158;0.997365506;0.999968503;0.999965009;L2;0.260647273
1254;Dichloromethane;Water;263.158;0.998117102;0.999968503;0.999965009;L2;0.185317522
1254;Dichloromethane;Water;273.1000159;0.9953;0.999950609;0.999941392;L2;0.466168729
1254;Dichloromethane;Water;273.15;0.996146063;0.999950501;0.999941273;L2;0.381188228
1254;Dichloromethane;Water;273.15;0.996708591;0.999950501;0.999941273;L2;0.324733733
1254;Dichloromethane;Water;273.15;0.996;0.999950501;0.999941273;L2;0.395852112
1254;Dichloromethane;Water;273.15;0.996286648;0.999950501;0.999941273;L2;0.367076333
1254;Dichloromethane;Water;282.35;0.995022504;0.999926992;0.999919418;L2;0.491691447
1254;Dichloromethane;Water;283.144;0.994835439;0.999924589;0.999917532;L2;0.510252913
1254;Dichloromethane;Water;283.144;0.995303207;0.999924589;0.999917532;L2;0.463244328
1254;Dichloromethane;Water;288.15;0.9975;0.999907868;0.99990564;L2;0.24109938
1254;Dichloromethane;Water;290.45;0.993667531;0.999899213;0.999897271;L2;0.625181188
1254;Dichloromethane;Water;292.59548;0.992;0.999890541;0.999884056;L2;0.792270706
1254;Dichloromethane;Water;292.59548;0.992;0.999890541;0.999884056;L2;0.792270706
1254;Dichloromethane;Water;293.138;0.992967822;0.999888253;0.999880714;L2;0.694526739
1254;Dichloromethane;Water;293.138;0.993434208;0.999888253;0.999880714;L2;0.647568872
1254;Dichloromethane;Water;293.14537;0.992967822;0.999888222;0.999880669;L2;0.694523604
1254;Dichloromethane;Water;293.15;0.9969;0.999888202;0.99988064;L2;0.299301099
1254;Dichloromethane;Water;293.24535;0.9902;0.999887796;0.999880053;L2;0.97361257
1254;Dichloromethane;Water;298.136;0.990733953;0.999865248;0.999849928;L2;0.91744823
1254;Dichloromethane;Water;298.136;0.9887;0.999865248;0.999849928;L2;1.122956852
1254;Dichloromethane;Water;298.136;0.99212;0.999865248;0.999849928;L2;0.777644971
1254;Dichloromethane;Water;298.136;0.99075213;0.999865248;0.999849928;L2;0.915613547
1254;Dichloromethane;Water;298.14437;0.992888299;0.999865206;0.999849877;L2;0.700230654
1254;Dichloromethane;Water;298.14437;0.991570726;0.999865206;0.999849877;L2;0.83301981
1254;Dichloromethane;Water;298.15;0.9966;0.999865178;0.999849842;L2;0.327096201
1254;Dichloromethane;Water;298.19436;0.991;0.999864957;0.999849569;L2;0.890569294
1254;Dichloromethane;Water;298.2;0.991570726;0.999864929;0.999849534;L2;0.832992146
1254;Dichloromethane;Water;299.95;0.991291678;0.999855985;0.999838755;L2;0.860243585
1254;Dichloromethane;Water;301.15;0.9964;0.999849574;0.999831363;L2;0.345605789
1254;Dichloromethane;Water;303.134;0.99075;0.999838457;0.999819143;L2;0.913149068
1254;Dichloromethane;Water;303.134;0.990641046;0.999838457;0.999819143;L2;0.924146796
1254;Dichloromethane;Water;303.134;0.991105715;0.999838457;0.999819143;L2;0.877251904
1254;Dichloromethane;Water;303.143055;0.991105715;0.999838405;0.999819087;L2;0.877246678
1254;Dichloromethane;Water;303.143055;0.9884;0.999838405;0.999819087;L2;1.150619638
1254;Dichloromethane;Water;303.2;0.991570726;0.999838076;0.999818736;L2;0.83030638
1254;Dichloromethane;Water;308.132;0.989341796;0.999807415;0.999788357;L2;1.052280631
1254;Dichloromethane;Water;308.85;0.989805506;0.999802578;0.999783934;L2;1.004937203
1254;Dichloromethane;Water;313.13;0.987860215;0.99977162;0.999757571;L2;1.198566789
1254;Dichloromethane;Water;313.300007;0.9855;0.999770312;0.999756524;L2;1.437643841
1254;Dichloromethane;Water;332.83443;0.9786;0.999573157;0.9995378;L2;2.120536643
1254;Dichloromethane;Water;332.83443;0.9786;0.999573157;0.9995378;L2;2.120536643
1254;Dichloromethane;Water;332.83443;0.9786;0.999573157;0.9995378;L2;2.120536643
1254;Dichloromethane;Water;343.18204;0.9778;0.999422796;0.999397391;L2;2.187275797
1254;Dichloromethane;Water;353.159046;0.971;0.999239603;0.999214553;L2;2.866812408
1254;Dichloromethane;Water;363.136368;0.9645;0.999011939;0.998953158;L2;3.51568972
1270;N,N-Dimethylformamide (DMF);Hexane;289.61;0.0505;;;L1;
1270;N,N-Dimethylformamide (DMF);Hexane;293.138;0.0422;;;L1;
1270;N,N-Dimethylformamide (DMF);Hexane;293.14537;0.046824214;;;L1;
1270;N,N-Dimethylformamide (DMF);Hexane;293.14537;0.04;;;L1;
1270;N,N-Dimethylformamide (DMF);Hexane;298.2;0.062014771;;;L1;
1270;N,N-Dimethylformamide (DMF);Hexane;302.43428;0.0534;;;L1;
1270;N,N-Dimethylformamide (DMF);Hexane;303.17;0.0655;;;L1;
1270;N,N-Dimethylformamide (DMF);Hexane;306.63;0.075;;;L1;
1270;N,N-Dimethylformamide (DMF);Hexane;308.2;0.082197743;;;L1;
1270;N,N-Dimethylformamide (DMF);Hexane;311.83052;0.078;;;L1;
1270;N,N-Dimethylformamide (DMF);Hexane;313.92;0.1015;;;L1;
1270;N,N-Dimethylformamide (DMF);Hexane;318.2;0.150345969;;;L1;
1270;N,N-Dimethylformamide (DMF);Hexane;321.62745;0.1202;;;L1;
1270;N,N-Dimethylformamide (DMF);Hexane;321.95;0.15;;;L1;
1270;N,N-Dimethylformamide (DMF);Hexane;327.88;0.1985;;;L1;
1270;N,N-Dimethylformamide (DMF);Hexane;331;0.2212;;;L1;
1270;N,N-Dimethylformamide (DMF);Hexane;332.73;0.2459;;;L1;
1270;N,N-Dimethylformamide (DMF);Hexane;333.124;0.202;;;L1;
1270;N,N-Dimethylformamide (DMF);Hexane;334.45;0.2641;;;L1;
1270;N,N-Dimethylformamide (DMF);Hexane;335.24;0.2958;;;L1;
1270;N,N-Dimethylformamide (DMF);Hexane;335.8;0.2976;;;L1;
1270;N,N-Dimethylformamide (DMF);Hexane;336.77;0.341;;;L1;
1270;N,N-Dimethylformamide (DMF);Hexane;336.91;0.3607;;;L1;
1270;N,N-Dimethylformamide (DMF);Hexane;337.06;0.3746;;;L1;
1270;N,N-Dimethylformamide (DMF);Hexane;337.24;0.399;;;L1;
1270;N,N-Dimethylformamide (DMF);Hexane;337.24;0.3818;;;L1;
1270;N,N-Dimethylformamide (DMF);Hexane;337.45;0.4228;;;L1;
1270;N,N-Dimethylformamide (DMF);Hexane;337.53;0.519;;;L1;
1270;N,N-Dimethylformamide (DMF);Hexane;337.53;0.4106;;;L1;
1270;N,N-Dimethylformamide (DMF);Hexane;337.54;0.4863;;;L1;
1270;N,N-Dimethylformamide (DMF);Hexane;337.55;0.4756;;;L1;
1270;N,N-Dimethylformamide (DMF);Hexane;337.58;0.4745;;;L1;
1270;N,N-Dimethylformamide (DMF);Hexane;337.59;0.5038;;;L1;
1270;N,N-Dimethylformamide (DMF);Hexane;337.59;0.5285;;;L1;
1270;N,N-Dimethylformamide (DMF);Hexane;337.6;0.4852;;;L1;
1270;N,N-Dimethylformamide (DMF);Hexane;337.73;0.4503;;;L1;
1270;N,N-Dimethylformamide (DMF);Hexane;337.76;0.4626;;;L1;
1270;N,N-Dimethylformamide (DMF);Hexane;337.78;0.4827;;;L1;
1270;N,N-Dimethylformamide (DMF);Hexane;337.78;0.5342;;;L1;
1270;N,N-Dimethylformamide (DMF);Hexane;337.83;0.5268;;;L1;
1270;N,N-Dimethylformamide (DMF);Hexane;292.07;0.9004;;;L2;
1270;N,N-Dimethylformamide (DMF);Hexane;293.138;0.9057;;;L2;
1270;N,N-Dimethylformamide (DMF);Hexane;298.2;0.888486603;;;L2;
1270;N,N-Dimethylformamide (DMF);Hexane;301.49;0.8777;;;L2;
1270;N,N-Dimethylformamide (DMF);Hexane;302.43428;0.8825;;;L2;
1270;N,N-Dimethylformamide (DMF);Hexane;308.2;0.854579018;;;L2;
1270;N,N-Dimethylformamide (DMF);Hexane;310.87;0.8488;;;L2;
1270;N,N-Dimethylformamide (DMF);Hexane;311.83052;0.8495;;;L2;
1270;N,N-Dimethylformamide (DMF);Hexane;316.78;0.8252;;;L2;
1270;N,N-Dimethylformamide (DMF);Hexane;318.2;0.826042981;;;L2;
1270;N,N-Dimethylformamide (DMF);Hexane;321.33;0.7987;;;L2;
1270;N,N-Dimethylformamide (DMF);Hexane;321.62745;0.803;;;L2;
1270;N,N-Dimethylformamide (DMF);Hexane;325.51;0.7801;;;L2;
1270;N,N-Dimethylformamide (DMF);Hexane;328.47;0.7515;;;L2;
1270;N,N-Dimethylformamide (DMF);Hexane;331.62;0.7281;;;L2;
1270;N,N-Dimethylformamide (DMF);Hexane;332.73;0.7136;;;L2;
1270;N,N-Dimethylformamide (DMF);Hexane;333.124;0.724;;;L2;
1270;N,N-Dimethylformamide (DMF);Hexane;333.32;0.6999;;;L2;
1270;N,N-Dimethylformamide (DMF);Hexane;334.39;0.6888;;;L2;
1270;N,N-Dimethylformamide (DMF);Hexane;335.25;0.6723;;;L2;
1270;N,N-Dimethylformamide (DMF);Hexane;335.64;0.6547;;;L2;
1270;N,N-Dimethylformamide (DMF);Hexane;336.01;0.641;;;L2;
1270;N,N-Dimethylformamide (DMF);Hexane;336.43;0.6336;;;L2;
1270;N,N-Dimethylformamide (DMF);Hexane;336.49;0.6242;;;L2;
1270;N,N-Dimethylformamide (DMF);Hexane;336.71;0.6173;;;L2;
1270;N,N-Dimethylformamide (DMF);Hexane;336.87;0.6017;;;L2;
1270;N,N-Dimethylformamide (DMF);Hexane;337.14;0.581;;;L2;
1270;N,N-Dimethylformamide (DMF);Hexane;337.21;0.5843;;;L2;
1270;N,N-Dimethylformamide (DMF);Hexane;337.37;0.5434;;;L2;
1270;N,N-Dimethylformamide (DMF);Hexane;337.53;0.5754;;;L2;
1270;N,N-Dimethylformamide (DMF);Hexane;337.6;0.543;;;L2;
1273;N,N-Dimethylformamide (DMF);Octane;298.27;0.0449;;;L1;
1273;N,N-Dimethylformamide (DMF);Octane;306.02;0.0747;;;L1;
1273;N,N-Dimethylformamide (DMF);Octane;308.9;0.0896;;;L1;
1273;N,N-Dimethylformamide (DMF);Octane;316.95;0.1179;;;L1;
1273;N,N-Dimethylformamide (DMF);Octane;320.83;0.1335;;;L1;
1273;N,N-Dimethylformamide (DMF);Octane;323.24;0.1498;;;L1;
1273;N,N-Dimethylformamide (DMF);Octane;327.51;0.1694;;;L1;
1273;N,N-Dimethylformamide (DMF);Octane;329.72;0.1849;;;L1;
1273;N,N-Dimethylformamide (DMF);Octane;332.54;0.2044;;;L1;
1273;N,N-Dimethylformamide (DMF);Octane;336.71;0.2423;;;L1;
1273;N,N-Dimethylformamide (DMF);Octane;339.5;0.2694;;;L1;
1273;N,N-Dimethylformamide (DMF);Octane;340.56;0.2828;;;L1;
1273;N,N-Dimethylformamide (DMF);Octane;341.32;0.2968;;;L1;
1273;N,N-Dimethylformamide (DMF);Octane;341.35;0.2971;;;L1;
1273;N,N-Dimethylformamide (DMF);Octane;342.43;0.3151;;;L1;
1273;N,N-Dimethylformamide (DMF);Octane;343.59;0.3282;;;L1;
1273;N,N-Dimethylformamide (DMF);Octane;344.7;0.348;;;L1;
1273;N,N-Dimethylformamide (DMF);Octane;344.71;0.3619;;;L1;
1273;N,N-Dimethylformamide (DMF);Octane;345.36;0.3696;;;L1;
1273;N,N-Dimethylformamide (DMF);Octane;345.59;0.3756;;;L1;
1273;N,N-Dimethylformamide (DMF);Octane;345.68;0.384;;;L1;
1273;N,N-Dimethylformamide (DMF);Octane;346.12;0.4016;;;L1;
1273;N,N-Dimethylformamide (DMF);Octane;346.37;0.3985;;;L1;
1273;N,N-Dimethylformamide (DMF);Octane;346.91;0.4581;;;L1;
1273;N,N-Dimethylformamide (DMF);Octane;346.92;0.4394;;;L1;
1273;N,N-Dimethylformamide (DMF);Octane;347;0.4163;;;L1;
1273;N,N-Dimethylformamide (DMF);Octane;347.01;0.4618;;;L1;
1273;N,N-Dimethylformamide (DMF);Octane;347.11;0.4803;;;L1;
1273;N,N-Dimethylformamide (DMF);Octane;347.18;0.5062;;;L1;
1273;N,N-Dimethylformamide (DMF);Octane;347.26;0.5502;;;L1;
1273;N,N-Dimethylformamide (DMF);Octane;347.31;0.4822;;;L1;
1273;N,N-Dimethylformamide (DMF);Octane;347.31;0.5839;;;L1;
1273;N,N-Dimethylformamide (DMF);Octane;347.35;0.5188;;;L1;
1273;N,N-Dimethylformamide (DMF);Octane;347.56;0.4484;;;L1;
1273;N,N-Dimethylformamide (DMF);Octane;347.92;0.4757;;;L1;
1273;N,N-Dimethylformamide (DMF);Octane;348.06;0.4884;;;L1;
1273;N,N-Dimethylformamide (DMF);Octane;348.22;0.4967;;;L1;
1273;N,N-Dimethylformamide (DMF);Octane;348.46;0.5787;;;L1;
1273;N,N-Dimethylformamide (DMF);Octane;348.48;0.5326;;;L1;
1273;N,N-Dimethylformamide (DMF);Octane;348.49;0.5517;;;L1;
1273;N,N-Dimethylformamide (DMF);Octane;348.5;0.5461;;;L1;
1273;N,N-Dimethylformamide (DMF);Octane;348.52;0.5665;;;L1;
1273;N,N-Dimethylformamide (DMF);Octane;291.32;0.9479;;;L2;
1273;N,N-Dimethylformamide (DMF);Octane;302.99;0.9351;;;L2;
1273;N,N-Dimethylformamide (DMF);Octane;308.21;0.9266;;;L2;
1273;N,N-Dimethylformamide (DMF);Octane;315.5;0.9134;;;L2;
1273;N,N-Dimethylformamide (DMF);Octane;324.75;0.8886;;;L2;
1273;N,N-Dimethylformamide (DMF);Octane;329.25;0.8724;;;L2;
1273;N,N-Dimethylformamide (DMF);Octane;334.69;0.8455;;;L2;
1273;N,N-Dimethylformamide (DMF);Octane;337.3;0.8316;;;L2;
1273;N,N-Dimethylformamide (DMF);Octane;339.27;0.8174;;;L2;
1273;N,N-Dimethylformamide (DMF);Octane;340.64;0.8088;;;L2;
1273;N,N-Dimethylformamide (DMF);Octane;341.6;0.7983;;;L2;
1273;N,N-Dimethylformamide (DMF);Octane;342.28;0.791;;;L2;
1273;N,N-Dimethylformamide (DMF);Octane;343.14;0.7828;;;L2;
1273;N,N-Dimethylformamide (DMF);Octane;343.9;0.7725;;;L2;
1273;N,N-Dimethylformamide (DMF);Octane;344.66;0.7425;;;L2;
1273;N,N-Dimethylformamide (DMF);Octane;345.11;0.7541;;;L2;
1273;N,N-Dimethylformamide (DMF);Octane;345.85;0.7431;;;L2;
1273;N,N-Dimethylformamide (DMF);Octane;345.93;0.7099;;;L2;
1273;N,N-Dimethylformamide (DMF);Octane;345.99;0.7132;;;L2;
1273;N,N-Dimethylformamide (DMF);Octane;346.52;0.727;;;L2;
1273;N,N-Dimethylformamide (DMF);Octane;346.78;0.6748;;;L2;
1273;N,N-Dimethylformamide (DMF);Octane;347;0.7132;;;L2;
1273;N,N-Dimethylformamide (DMF);Octane;347.18;0.6244;;;L2;
1273;N,N-Dimethylformamide (DMF);Octane;347.34;0.6045;;;L2;
1273;N,N-Dimethylformamide (DMF);Octane;347.34;0.6019;;;L2;
1273;N,N-Dimethylformamide (DMF);Octane;347.35;0.6012;;;L2;
1273;N,N-Dimethylformamide (DMF);Octane;347.48;0.7027;;;L2;
1273;N,N-Dimethylformamide (DMF);Octane;347.87;0.6795;;;L2;
1273;N,N-Dimethylformamide (DMF);Octane;348.01;0.6633;;;L2;
1273;N,N-Dimethylformamide (DMF);Octane;348.22;0.6385;;;L2;
1273;N,N-Dimethylformamide (DMF);Octane;348.27;0.6148;;;L2;
1273;N,N-Dimethylformamide (DMF);Octane;348.36;0.595;;;L2;
1273;N,N-Dimethylformamide (DMF);Octane;348.38;0.6154;;;L2;
1322;Dodecane;Carbonic acid dimethyl ester;285.48;0.0716;0.090866633;0.091122987;L1;23.82977842
1322;Dodecane;Carbonic acid dimethyl ester;288.245;0.077;0.096772108;0.097135646;L1;22.85533878
1322;Dodecane;Carbonic acid dimethyl ester;289.791;0.084;0.100312045;0.100497516;L1;17.74689776
1322;Dodecane;Carbonic acid dimethyl ester;291.141;0.092;0.103556913;0.103680254;L1;11.83327688
1322;Dodecane;Carbonic acid dimethyl ester;291.96;0.1034;0.10560012;0.105894259;L1;2.105454361
1322;Dodecane;Carbonic acid dimethyl ester;292.263;0.099;0.106370985;0.10671336;L1;7.181299634
1322;Dodecane;Carbonic acid dimethyl ester;293.288;0.107;0.109041086;0.109484247;L1;1.889591642
1322;Dodecane;Carbonic acid dimethyl ester;293.56;0.113;0.109766318;0.110219545;L1;2.903409385
1322;Dodecane;Carbonic acid dimethyl ester;294.173;0.116;0.111427395;0.11187667;L1;4.021698268
1322;Dodecane;Carbonic acid dimethyl ester;294.958;0.123;0.113610303;0.113998764;L1;7.941016097
1322;Dodecane;Carbonic acid dimethyl ester;295.605;0.131;0.115458578;0.115747801;L1;12.62854863
1322;Dodecane;Carbonic acid dimethyl ester;296.152;0.141;0.117057296;0.117226508;L1;18.60963702
1322;Dodecane;Carbonic acid dimethyl ester;296.43;0.154;0.117882898;0.117978026;L1;26.72608572
1322;Dodecane;Carbonic acid dimethyl ester;296.579;0.148;0.118329108;0.118380819;L1;22.37424768
1322;Dodecane;Carbonic acid dimethyl ester;296.69;0.1605;0.118663223;0.118680885;L1;30.20045168
1322;Dodecane;Carbonic acid dimethyl ester;296.879;0.156;0.119235503;0.119284075;L1;26.87554537
1322;Dodecane;Carbonic acid dimethyl ester;296.95;0.1701;0.119451596;0.119525227;L1;35.3475263
1322;Dodecane;Carbonic acid dimethyl ester;297.081;0.161;0.119851909;0.119970169;L1;29.51474778
1322;Dodecane;Carbonic acid dimethyl ester;297.262;0.168;0.120408469;0.120584937;L1;33.30741126
1322;Dodecane;Carbonic acid dimethyl ester;297.41;0.1999;0.120866574;0.12108762;L1;50.31300003
1322;Dodecane;Carbonic acid dimethyl ester;297.416;0.173;0.120885203;0.121107999;L1;35.84502351
1322;Dodecane;Carbonic acid dimethyl ester;297.509;0.177;0.121174532;0.121423874;L1;37.89178098
1322;Dodecane;Carbonic acid dimethyl ester;297.56;0.2189;0.121333659;0.121597096;L1;59.00707422
1322;Dodecane;Carbonic acid dimethyl ester;297.592;0.182;0.121433671;0.121705784;L1;40.46384929
1322;Dodecane;Carbonic acid dimethyl ester;297.663;0.185;0.121656036;0.121946936;L1;41.91581418
1322;Dodecane;Carbonic acid dimethyl ester;297.723;0.189;0.12184445;0.122150727;L1;43.90017846
1322;Dodecane;Carbonic acid dimethyl ester;297.783;0.194;0.122033324;0.122354517;L1;46.35640012
1322;Dodecane;Carbonic acid dimethyl ester;297.82;0.2621;0.122150027;0.122480188;L1;76.347609
1322;Dodecane;Carbonic acid dimethyl ester;297.834;0.198;0.122194231;0.122527739;L1;48.26551949
1322;Dodecane;Carbonic acid dimethyl ester;297.85;0.2613;0.12224478;0.122582083;L1;75.96437406
1322;Dodecane;Carbonic acid dimethyl ester;297.874;0.201;0.122320667;0.122663599;L1;49.66588962
1322;Dodecane;Carbonic acid dimethyl ester;297.906;0.206;0.122421964;0.122772287;L1;52.04023697
1322;Dodecane;Carbonic acid dimethyl ester;297.934;0.209;0.122510708;0.122867389;L1;53.41358128
1322;Dodecane;Carbonic acid dimethyl ester;297.959;0.212;0.12259003;0.122952302;L1;54.77405776
1322;Dodecane;Carbonic acid dimethyl ester;297.985;0.216;0.122672611;0.123040611;L1;56.57593039
1322;Dodecane;Carbonic acid dimethyl ester;298.007;0.221;0.122742555;0.123115334;L1;58.80735858
1322;Dodecane;Carbonic acid dimethyl ester;298.022;0.224;0.122790281;0.123166282;L1;60.11681831
1322;Dodecane;Carbonic acid dimethyl ester;298.035;0.231;0.122831667;0.123210437;L1;63.16028511
1322;Dodecane;Carbonic acid dimethyl ester;298.042;0.236;0.122853961;0.123234212;L1;65.28354617
1322;Dodecane;Carbonic acid dimethyl ester;298.049;0.239;0.122876262;0.123257988;L1;66.52857055
1322;Dodecane;Carbonic acid dimethyl ester;298.057;0.246;0.122901756;0.12328516;L1;69.39462338
1322;Dodecane;Carbonic acid dimethyl ester;298.15;0.11;0.12319874;0.123601035;L1;11.33184568
1322;Dodecane;Carbonic acid dimethyl ester;280.09;0.6775;0.776180254;0.775470538;L2;13.59752262
1322;Dodecane;Carbonic acid dimethyl ester;284.54;0.6319;0.749882478;0.749680111;L2;17.1185345
1322;Dodecane;Carbonic acid dimethyl ester;287.87;0.5908;0.728642515;0.727935727;L2;20.97056833
1322;Dodecane;Carbonic acid dimethyl ester;288.245;0.592;0.726161248;0.725487035;L2;20.42654598
1322;Dodecane;Carbonic acid dimethyl ester;289.791;0.57;0.71573156;0.715391894;L2;22.76688195
1322;Dodecane;Carbonic acid dimethyl ester;290.16;0.5566;0.713193491;0.712982381;L2;24.790591
1322;Dodecane;Carbonic acid dimethyl ester;291.141;0.549;0.706351978;0.706149531;L2;25.20152247
1322;Dodecane;Carbonic acid dimethyl ester;291.23;0.5341;0.705724432;0.705487036;L2;27.86417516
1322;Dodecane;Carbonic acid dimethyl ester;292.263;0.528;0.698355294;0.697797632;L2;27.96317064
1322;Dodecane;Carbonic acid dimethyl ester;292.77;0.5069;0.69467993;0.694023646;L2;31.51374613
1322;Dodecane;Carbonic acid dimethyl ester;293.288;0.509;0.690884051;0.690167778;L2;30.55239944
1322;Dodecane;Carbonic acid dimethyl ester;294.173;0.489;0.684301266;0.68358005;L2;33.60357779
1322;Dodecane;Carbonic acid dimethyl ester;294.37;0.4787;0.682818867;0.68211363;L2;35.51555257
1322;Dodecane;Carbonic acid dimethyl ester;294.958;0.471;0.678356472;0.677736699;L2;36.48148262
1322;Dodecane;Carbonic acid dimethyl ester;295.45;0.4497;0.674578414;0.674074369;L2;40.55072296
1322;Dodecane;Carbonic acid dimethyl ester;295.605;0.454;0.673379688;0.672920586;L2;39.42121452
1322;Dodecane;Carbonic acid dimethyl ester;295.94;0.4338;0.67077482;0.670426926;L2;43.58498934
1322;Dodecane;Carbonic acid dimethyl ester;296.152;0.435;0.669116325;0.668848849;L2;43.0611893
1322;Dodecane;Carbonic acid dimethyl ester;296.579;0.419;0.665751912;0.665670364;L2;46.3046177
1322;Dodecane;Carbonic acid dimethyl ester;296.879;0.408;0.663368747;0.663298849;L2;48.60638402
1322;Dodecane;Carbonic acid dimethyl ester;296.93;0.3916;0.662961997;0.662866192;L2;52.64767585
1322;Dodecane;Carbonic acid dimethyl ester;297.081;0.398;0.661754933;0.661585187;L2;50.8443291
1322;Dodecane;Carbonic acid dimethyl ester;297.15;0.3706;0.661201979;0.660999827;L2;57.89360451
1322;Dodecane;Carbonic acid dimethyl ester;297.262;0.388;0.660302574;0.660049678;L2;53.16928362
1322;Dodecane;Carbonic acid dimethyl ester;297.416;0.38;0.659062125;0.658743222;L2;55.06465483
1322;Dodecane;Carbonic acid dimethyl ester;297.509;0.374;0.658310897;0.657954259;L2;56.54215102
1322;Dodecane;Carbonic acid dimethyl ester;297.56;0.3256;0.657898251;0.657521602;L2;70.33806516
1322;Dodecane;Carbonic acid dimethyl ester;297.592;0.367;0.657639088;0.65725013;L2;58.3294435
1322;Dodecane;Carbonic acid dimethyl ester;297.663;0.362;0.657063388;0.656647804;L2;59.61362835
1322;Dodecane;Carbonic acid dimethyl ester;297.7;0.3142;0.656763002;0.656333915;L2;73.72934994
1322;Dodecane;Carbonic acid dimethyl ester;297.723;0.357;0.656576145;0.656138795;L2;60.93028918
1322;Dodecane;Carbonic acid dimethyl ester;297.783;0.35;0.656088226;0.655629786;L2;62.83621159
1322;Dodecane;Carbonic acid dimethyl ester;297.834;0.346;0.655672961;0.655197129;L2;63.92233546
1322;Dodecane;Carbonic acid dimethyl ester;297.84;0.2789;0.655624074;0.655146228;L2;85.47342723
1322;Dodecane;Carbonic acid dimethyl ester;297.84;0.2945;0.655624074;0.655146228;L2;80.03085638
1322;Dodecane;Carbonic acid dimethyl ester;297.874;0.341;0.65534692;0.65485779;L2;65.32822664
1322;Dodecane;Carbonic acid dimethyl ester;297.906;0.336;0.655085869;0.654586319;L2;66.7655164
1322;Dodecane;Carbonic acid dimethyl ester;297.934;0.331;0.65485729;0.654348781;L2;68.22989581
1322;Dodecane;Carbonic acid dimethyl ester;297.959;0.326;0.654653076;0.654136695;L2;69.72080585
1322;Dodecane;Carbonic acid dimethyl ester;297.985;0.321;0.654440567;0.653916124;L2;71.23396516
1322;Dodecane;Carbonic acid dimethyl ester;298.007;0.314;0.654260652;0.653729488;L2;73.41128364
1322;Dodecane;Carbonic acid dimethyl ester;298.022;0.311;0.654137929;0.653602236;L2;74.35253184
1322;Dodecane;Carbonic acid dimethyl ester;298.035;0.308;0.654031535;0.65349195;L2;75.30557866
1322;Dodecane;Carbonic acid dimethyl ester;298.042;0.303;0.653974233;0.653432566;L2;76.9335146
1322;Dodecane;Carbonic acid dimethyl ester;298.049;0.3;0.653916921;0.653373182;L2;77.91978369
1322;Dodecane;Carbonic acid dimethyl ester;298.057;0.295;0.653851411;0.653305314;L2;79.59047683
1322;Dodecane;Carbonic acid dimethyl ester;298.061;0.291;0.653818651;0.65327138;L2;80.95067532
1322;Dodecane;Carbonic acid dimethyl ester;298.064;0.287;0.653794079;0.653245929;L2;82.33102217
1322;Dodecane;Carbonic acid dimethyl ester;298.15;0.52;0.653088951;0.652516351;L2;22.78845282
1361;Butyl acetate;Water;273.15;0.001501018;0.000623414;0.000627561;L1;87.86880307
1361;Butyl acetate;Water;273.15;0.0014;0.000623414;0.000627561;L1;80.90167227
1361;Butyl acetate;Water;273.35;0.001666567;0.000623491;0.000627792;L1;98.31864499
1361;Butyl acetate;Water;282.248325;0.001186285;0.00063005;0.000638056;L1;63.27826689
1361;Butyl acetate;Water;283.15;0.00127303;0.000631039;0.000639096;L1;70.17870491
1361;Butyl acetate;Water;285.85;0.001564093;0.00063434;0.000642211;L1;90.24769465
1361;Butyl acetate;Water;292.09558;0.00101;0.000643845;0.000649416;L1;45.02475426
1361;Butyl acetate;Water;292.84543;0.000997958;0.000645156;0.000650281;L1;43.6218724
1361;Butyl acetate;Water;293.138;0.000669309;0.000645677;0.000650618;L1;3.594576961
1361;Butyl acetate;Water;293.138;0.0011;0.000645677;0.000650618;L1;53.27653915
1361;Butyl acetate;Water;293.138;0.00293069;0.000645677;0.000650618;L1;151.2693102
1361;Butyl acetate;Water;293.14537;0.0018;0.000645691;0.000650627;L1;102.5221433
1361;Butyl acetate;Water;293.14537;0.00111;0.000645691;0.000650627;L1;54.17947833
1361;Butyl acetate;Water;293.15;0.0013;0.000645699;0.000650632;L1;69.97861867
1361;Butyl acetate;Water;293.15;0.001077342;0.000645699;0.000650632;L1;51.19188187
1361;Butyl acetate;Water;293.2;0.0012;0.000645789;0.00065069;L1;61.96046333
1361;Butyl acetate;Water;298.09438;0.001025802;0.000655318;0.000656336;L1;44.81091383
1361;Butyl acetate;Water;298.136;0.0036;0.000655406;0.000656384;L1;170.3434953
1361;Butyl acetate;Water;298.136;0.000995;0.000655406;0.000656384;L1;41.74885659
1361;Butyl acetate;Water;298.14437;0.00105;0.000655423;0.000656393;L1;47.12644504
1361;Butyl acetate;Water;298.14437;0.001048567;0.000655423;0.000656393;L1;46.98987563
1361;Butyl acetate;Water;298.14437;0.001186285;0.000655423;0.000656393;L1;59.33008614
1361;Butyl acetate;Water;298.14437;0.0015;0.000655423;0.000656393;L1;82.79393943
1361;Butyl acetate;Water;298.14437;0.001139167;0.000655423;0.000656393;L1;55.27715797
1361;Butyl acetate;Water;298.14437;0.0012;0.000655423;0.000656393;L1;60.4795843
1361;Butyl acetate;Water;298.15;0.000971805;0.000655435;0.0006564;L1;39.38561298
1361;Butyl acetate;Water;298.15;0.001;0.000655435;0.0006564;L1;42.24562417
1361;Butyl acetate;Water;298.15;0.001249076;0.000655435;0.0006564;L1;64.48603197
1361;Butyl acetate;Water;298.15;0.000928845;0.000655435;0.0006564;L1;34.86428415
1361;Butyl acetate;Water;298.15;0.000825663;0.000655435;0.0006564;L1;23.08876627
1361;Butyl acetate;Water;298.19436;0.001312;0.000655528;0.000656451;L1;69.38666644
1361;Butyl acetate;Water;298.2;0.0009289;0.00065554;0.000656457;L1;34.85416855
1361;Butyl acetate;Water;303.134;0.0014645;0.000666652;0.000670251;L1;78.70012292
1361;Butyl acetate;Water;303.134;0.001406485;0.000666652;0.000670251;L1;74.6581026
1361;Butyl acetate;Water;303.134;0.0014;0.000666652;0.000670251;L1;74.19595785
1361;Butyl acetate;Water;303.143055;0.00135;0.000666674;0.000670278;L1;70.5559348
1361;Butyl acetate;Water;303.15;0.001374996;0.00066669;0.000670299;L1;72.38805804
1361;Butyl acetate;Water;303.15;0.001;0.00066669;0.000670299;L1;40.54297584
1361;Butyl acetate;Water;303.15;0.000937257;0.00066669;0.000670299;L1;34.06320036
1361;Butyl acetate;Water;303.15;0.001;0.00066669;0.000670299;L1;40.54297584
1361;Butyl acetate;Water;303.15;0.001564093;0.00066669;0.000670299;L1;85.27358616
1361;Butyl acetate;Water;303.2;0.0008783;0.00066681;0.000670447;L1;27.54826274
1361;Butyl acetate;Water;303.442965;0.000810015;0.000667396;0.000671168;L1;19.36694719
1361;Butyl acetate;Water;304.15;0.0005;0.000669119;0.000673267;L1;29.13544784
1361;Butyl acetate;Water;307.98206;0.002356179;0.000678969;0.000684643;L1;124.4221134
1361;Butyl acetate;Water;308.132;0.0014;0.000679372;0.000685088;L1;72.30592049
1361;Butyl acetate;Water;308.15;0.001;0.00067942;0.000685142;L1;38.6515684
1361;Butyl acetate;Water;308.15;0.001280592;0.00067942;0.000685142;L1;63.3838155
1361;Butyl acetate;Water;308.2;0.0008351;0.000679555;0.00068529;L1;20.61137538
1361;Butyl acetate;Water;308.2;0.001201996;0.000679555;0.00068529;L1;57.03010629
1361;Butyl acetate;Water;310.29091;0.00088;0.000685313;0.000691497;L1;25.00459432
1361;Butyl acetate;Water;312.740175;0.000778729;0.000692377;0.000698768;L1;11.75328337
1361;Butyl acetate;Water;313.140055;0.0009;0.000693562;0.000699955;L1;26.05534906
1361;Butyl acetate;Water;313.140055;0.0009;0.000693562;0.000699955;L1;26.05534906
1361;Butyl acetate;Water;313.15;0.0009;0.000693592;0.000699985;L1;26.05108082
1361;Butyl acetate;Water;313.15;0.000884305;0.000693592;0.000699985;L1;24.29180706
1361;Butyl acetate;Water;313.2;0.0007819;0.000693741;0.000700133;L1;11.96282128
1361;Butyl acetate;Water;313.2;0.0012;0.000693741;0.000700133;L1;54.79781934
1361;Butyl acetate;Water;317.52868;0.00092;0.00070717;0.000712984;L1;26.3102549
1361;Butyl acetate;Water;317.52868;0.0009;0.00070717;0.000712984;L1;24.11236423
1361;Butyl acetate;Water;317.578665;0.0009;0.000707331;0.000713132;L1;24.08956476
1361;Butyl acetate;Water;318.15;0.0009;0.000709184;0.000714828;L1;23.827924
1361;Butyl acetate;Water;318.15;0.003;0.000709184;0.000714828;L1;144.2252044
1361;Butyl acetate;Water;318.15;0.006;0.000709184;0.000714828;L1;213.5399225
1361;Butyl acetate;Water;318.2;0.0007582;0.000709347;0.000714977;L1;6.660179855
1361;Butyl acetate;Water;323.127;0.00108;0.000726103;0.000729603;L1;39.70244137
1361;Butyl acetate;Water;323.137055;0.0002;0.000726139;0.000729633;L1;128.9423551
1361;Butyl acetate;Water;323.137055;0.000778729;0.000726139;0.000729633;L1;6.99221854
1361;Butyl acetate;Water;323.15;0.001076381;0.000726184;0.000729671;L1;39.35557428
1361;Butyl acetate;Water;323.15;0.000871988;0.000726184;0.000729671;L1;18.29716379
1361;Butyl acetate;Water;323.15;0.0009;0.000726184;0.000729671;L1;21.45907389
1361;Butyl acetate;Water;323.15;0.0002;0.000726184;0.000729671;L1;128.9486658
1361;Butyl acetate;Water;328.15;0.002;0.000744588;0.000744804;L1;98.80717992
1361;Butyl acetate;Water;328.15;0.0009;0.000744588;0.000744804;L1;18.9564103
1361;Butyl acetate;Water;332.15;0.0008;0.000760322;0.000763366;L1;5.086949939
1361;Butyl acetate;Water;333.15;0.000889803;0.000764397;0.000768006;L1;15.19131042
1361;Butyl acetate;Water;333.15;0.0009;0.000764397;0.000768006;L1;16.33077776
1361;Butyl acetate;Water;333.33433;0.000778729;0.000765154;0.000768861;L1;1.758595985
1361;Butyl acetate;Water;341.78246;0.00088;0.000801935;0.000808064;L1;9.28946298
1361;Butyl acetate;Water;343.331995;0.000731819;0.000809125;0.000815255;L1;10.0420672
1361;Butyl acetate;Water;343.65;0.0009;0.000810618;0.00081673;L1;10.45974966
1361;Butyl acetate;Water;348.15;0.005;0.000832376;0.000837612;L1;179.2909004
1361;Butyl acetate;Water;352.17934;0.00101;0.00085287;0.00085631;L1;16.9098091
1361;Butyl acetate;Water;353.15;0.003;0.000857952;0.000860814;L1;125.1819322
1361;Butyl acetate;Water;353.229025;0.000747453;0.000858368;0.000861181;L1;13.83618259
1361;Butyl acetate;Water;358.15;0.01;0.000885031;0.000885937;L1;242.4717538
1361;Butyl acetate;Water;363.15;0.006;0.000913646;0.000918025;L1;188.2071136
1361;Butyl acetate;Water;363.62627;0.000747453;0.000916454;0.000921082;L1;20.38399662
1361;Butyl acetate;Water;363.866222;0.0013;0.000917873;0.000922622;L1;34.80602075
1361;Butyl acetate;Water;364.1231;0.00253;0.000919397;0.00092427;L1;101.2256389
1361;Butyl acetate;Water;366.15;0.0009;0.000931568;0.000937279;L1;3.447464687
1361;Butyl acetate;Water;368.15;0.008;0.000943835;0.000950114;L1;213.7245469
1361;Butyl acetate;Water;373.15;0.007;0.000975638;0.000982202;L1;197.0573935
1361;Butyl acetate;Water;378.15;0.006;0.0010091;0.001014291;L1;178.270102
1361;Butyl acetate;Water;383.15;0.009;0.001044268;0.00104638;L1;215.3908262
1361;Butyl acetate;Water;388.15;0.015;0.001081195;0.001083141;L1;262.9983284
1361;Butyl acetate;Water;393.15;0.01;0.001119935;0.001125595;L1;218.9314561
1361;Butyl acetate;Water;398.15;0.006;0.001160546;0.001168048;L1;164.2869047
1361;Butyl acetate;Water;273.15;0.951755997;0.982428579;0.982346691;L2;3.171895132
1361;Butyl acetate;Water;273.15;0.933;0.982428579;0.982346691;L2;5.162244674
1361;Butyl acetate;Water;282.248325;0.948207317;0.980807785;0.980631616;L2;3.380333547
1361;Butyl acetate;Water;282.6443;0.9281;0.980734213;0.980556973;L2;5.51620024
1361;Butyl acetate;Water;285.85;0.883711501;0.980129115;0.979952684;L2;10.35536596
1361;Butyl acetate;Water;288.141;0.9238;0.979686245;0.97952082;L2;5.873676409
1361;Butyl acetate;Water;290.79584;0.9388;0.979162037;0.979020371;L2;4.209467757
1361;Butyl acetate;Water;292.84543;0.940012713;0.978749171;0.978634014;L2;4.038200042
1361;Butyl acetate;Water;293.138;0.927;0.978689651;0.978578863;L2;5.426102062
1361;Butyl acetate;Water;293.14537;0.9374;0.97868815;0.978577474;L2;4.310296678
1361;Butyl acetate;Water;293.14537;0.9535;0.97868815;0.978577474;L2;2.607362722
1361;Butyl acetate;Water;293.15;0.9274;0.978687207;0.978576601;L2;5.382711662
1361;Butyl acetate;Water;293.15;0.955;0.978687207;0.978576601;L2;2.450074809
1361;Butyl acetate;Water;293.2;0.9296;0.978677019;0.978567176;L2;5.144729299
1361;Butyl acetate;Water;294.1376;0.9186;0.978485187;0.978390434;L2;6.31548761
1361;Butyl acetate;Water;298.09438;0.928;0.977658878;0.977644564;L2;5.21290804
1361;Butyl acetate;Water;298.136;0.863;0.977650041;0.977636718;L2;12.47370834
1361;Butyl acetate;Water;298.136;0.9255;0.977650041;0.977636718;L2;5.481764244
1361;Butyl acetate;Water;298.14437;0.955;0.977648263;0.97763514;L2;2.343861585
1361;Butyl acetate;Water;298.14437;0.887922561;0.977648263;0.97763514;L2;9.626542322
1361;Butyl acetate;Water;298.14437;0.9348;0.977648263;0.97763514;L2;4.481735367
1361;Butyl acetate;Water;298.14437;0.912796008;0.977648263;0.97763514;L2;6.863753115
1361;Butyl acetate;Water;298.14437;0.922;0.977648263;0.97763514;L2;5.860473277
1361;Butyl acetate;Water;298.15;0.918356867;0.977647068;0.977634079;L2;6.256267423
1361;Butyl acetate;Water;298.15;0.96;0.977647068;0.977634079;L2;1.821544885
1361;Butyl acetate;Water;298.15;0.9356;0.977647068;0.977634079;L2;4.39606986
1361;Butyl acetate;Water;302.6342;0.9092;0.976676933;0.976583249;L2;7.159083292
1361;Butyl acetate;Water;303.134;0.933;0.976566584;0.976463118;L2;4.563773341
1361;Butyl acetate;Water;303.134;0.933082634;0.976566584;0.976463118;L2;4.554916928
1361;Butyl acetate;Water;303.134;0.89371;0.976566584;0.976463118;L2;8.86615965
1361;Butyl acetate;Water;303.134;0.913349567;0.976566584;0.976463118;L2;6.692424962
1361;Butyl acetate;Water;303.143055;0.9266;0.976564581;0.976460942;L2;5.251890984
1361;Butyl acetate;Water;303.143055;0.9363;0.976564581;0.976460942;L2;4.210494488
1361;Butyl acetate;Water;303.15;0.933;0.976563044;0.976459273;L2;4.563410846
1361;Butyl acetate;Water;303.15;0.938851733;0.976563044;0.976459273;L2;3.93817414
1361;Butyl acetate;Water;303.15;0.932;0.976563044;0.976459273;L2;4.670649462
1361;Butyl acetate;Water;303.15;0.952;0.976563044;0.976459273;L2;2.547427452
1361;Butyl acetate;Water;303.15;0.905650253;0.976563044;0.976459273;L2;7.538611201
1361;Butyl acetate;Water;303.442965;0.924539333;0.976498144;0.976388856;L2;5.467725454
1361;Butyl acetate;Water;304.15;0.898;0.976340879;0.976218915;L2;8.364171828
1361;Butyl acetate;Water;304.9925;0.9269;0.976152302;0.976016415;L2;5.177293698
1361;Butyl acetate;Water;307.98206;0.921720543;0.975472718;0.975297853;L2;5.668011344
1361;Butyl acetate;Water;308.132;0.884;0.975438202;0.975261814;L2;9.842974544
1361;Butyl acetate;Water;308.15;0.9271;0.975434056;0.975257487;L2;5.082112272
1361;Butyl acetate;Water;308.15;0.883711501;0.975434056;0.975257487;L2;9.875190429
1361;Butyl acetate;Water;308.15;0.908;0.975434056;0.975257487;L2;7.163817873
1361;Butyl acetate;Water;308.2;0.925670879;0.975422535;0.975245469;L2;5.235199715
1361;Butyl acetate;Water;312.740175;0.918916058;0.97435705;0.974154206;L2;5.858304036
1361;Butyl acetate;Water;313.140055;0.9191;0.974261356;0.974058092;L2;5.828467004
1361;Butyl acetate;Water;313.140055;0.911;0.974261356;0.974058092;L2;6.713670315
1361;Butyl acetate;Water;313.15;0.9216;0.974258972;0.974055702;L2;5.556586372
1361;Butyl acetate;Water;313.15;0.941;0.974258972;0.974055702;L2;3.473401408
1361;Butyl acetate;Water;313.2;0.9145;0.974246985;0.974043684;L2;6.328738147
1361;Butyl acetate;Water;317.52868;0.9;0.973191123;0.973003255;L2;7.818572631
1361;Butyl acetate;Water;317.52868;0.9;0.973191123;0.973003255;L2;7.818572631
1361;Butyl acetate;Water;317.578665;0.9001;0.973178721;0.972991241;L2;7.806187711
1361;Butyl acetate;Water;318.15;0.905;0.973036615;0.972853917;L2;7.248676846
1361;Butyl acetate;Water;318.15;0.919;0.973036615;0.972853917;L2;5.713558981
1361;Butyl acetate;Water;318.15;0.9152;0.973036615;0.972853917;L2;6.127909154
1361;Butyl acetate;Water;323.127;0.8248;0.971771716;0.97165766;L2;16.39799845
1361;Butyl acetate;Water;323.137055;0.922846337;0.971769111;0.971655243;L2;5.165549805
1361;Butyl acetate;Water;323.137055;0.8885;0.971769111;0.971655243;L2;8.958358898
1361;Butyl acetate;Water;323.15;0.8242965;0.971765757;0.971652131;L2;16.45844899
1361;Butyl acetate;Water;323.15;0.8695;0.971765757;0.971652131;L2;11.11964514
1361;Butyl acetate;Water;323.15;0.9073;0.971765757;0.971652131;L2;6.8641629
1361;Butyl acetate;Water;323.15;0.879;0.971765757;0.971652131;L2;10.03298875
1361;Butyl acetate;Water;326.88593;0.9072;0.970783776;0.970754174;L2;6.774082886
1361;Butyl acetate;Water;328.15;0.891;0.970445131;0.97043999;L2;8.541043688
1361;Butyl acetate;Water;328.15;0.8996;0.970445131;0.97043999;L2;7.580464426
1361;Butyl acetate;Water;332.15;0.8684;0.969351916;0.969239539;L2;10.99752826
1361;Butyl acetate;Water;333.15;0.8927;0.969073424;0.968939427;L2;8.208980375
1361;Butyl acetate;Water;333.33433;0.917240187;0.969021861;0.968884107;L2;5.491780699
1361;Butyl acetate;Water;337.08358;0.8922;0.967957498;0.967758909;L2;8.149785639
1361;Butyl acetate;Water;343.331995;0.917798244;0.966116489;0.96588368;L2;5.130682738
1361;Butyl acetate;Water;343.65;0.824;0.966020507;0.965788243;L2;15.90145333
1361;Butyl acetate;Water;348.15;0.908;0.964638102;0.964437736;L2;6.050862865
1361;Butyl acetate;Water;348.9803;0.8658;0.964378045;0.964188552;L2;10.78294455
1361;Butyl acetate;Water;353.15;0.882;0.96304817;0.962937172;L2;8.791137536
1361;Butyl acetate;Water;353.229025;0.913903685;0.963022578;0.962913455;L2;5.235166843
1361;Butyl acetate;Water;358.15;0.898;0.961400027;0.961362185;L2;6.822051477
1361;Butyl acetate;Water;361.87662;0.8412;0.960132856;0.959987188;L2;13.22422226
1361;Butyl acetate;Water;363.15;0.871;0.959692144;0.959517354;L2;9.697057275
1361;Butyl acetate;Water;363.62627;0.907839005;0.959526289;0.959341627;L2;5.537265763
1361;Butyl acetate;Water;363.866222;0.8082;0.959442517;0.959253093;L2;17.15428517
1361;Butyl acetate;Water;366.15;0.8427;0.958638093;0.958410456;L2;12.89026014
1361;Butyl acetate;Water;368.15;0.875;0.957922965;0.957672524;L2;9.054347618
1361;Butyl acetate;Water;373.15;0.85;0.956090905;0.955827694;L2;11.76166482
1361;Butyl acetate;Water;378.15;0.854;0.954194354;0.953982863;L2;11.09361827
1361;Butyl acetate;Water;383.15;0.834;0.952231679;0.952138033;L2;13.25749632
1361;Butyl acetate;Water;388.15;0.8;0.950201225;0.950115646;L2;17.206205
1361;Butyl acetate;Water;393.15;0.79;0.948101318;0.947877016;L2;18.24284265
1361;Butyl acetate;Water;398.15;0.787;0.945930268;0.945638385;L2;18.39406059
1378;Methyl acetate;Water;266.60524;0.0769;0.225888397;0.22597384;L1;107.7535182
1378;Methyl acetate;Water;273.15;0.075;0.209013183;0.209025453;L1;102.4909211
1378;Methyl acetate;Water;273.15;0.0748;0.209013183;0.209025453;L1;102.757944
1378;Methyl acetate;Water;278.147;0.0662;0.196440392;0.197268847;L1;108.7678575
1378;Methyl acetate;Water;283.144;0.0735;0.184322124;0.185586557;L1;91.93994921
1378;Methyl acetate;Water;283.144;0.0731;0.184322124;0.185586557;L1;92.48565315
1378;Methyl acetate;Water;293.138;0.072;0.162103815;0.162221978;L1;81.15708443
1378;Methyl acetate;Water;293.138;0.0721;0.162103815;0.162221978;L1;81.0182919
1378;Methyl acetate;Water;293.138;0.072593746;0.162103815;0.162221978;L1;80.33581884
1378;Methyl acetate;Water;293.14537;0.069871602;0.16208863;0.162204748;L1;84.14839868
1378;Methyl acetate;Water;293.15;0.0778;0.162079092;0.162193924;L1;73.39430085
1378;Methyl acetate;Water;294.1376;0.067;0.160062082;0.160285806;L1;87.08691334
1378;Methyl acetate;Water;294.59508;0.0698;0.159139687;0.159529838;L1;82.41483423
1378;Methyl acetate;Water;295.09498;0.0697;0.158140501;0.158703773;L1;81.92835647
1378;Methyl acetate;Water;295.1372;0.075;0.158056533;0.158634006;L1;74.54646564
1378;Methyl acetate;Water;297.29454;0.0687;0.153854175;0.155069085;L1;80.62560368
1378;Methyl acetate;Water;298.09438;0.0545;0.152340624;0.153747381;L1;102.791826
1378;Methyl acetate;Water;298.136;0.0717;0.152262531;0.153678605;L1;75.31154591
1378;Methyl acetate;Water;298.15;0.071046565;0.152236277;0.153655471;L1;76.20982591
1378;Methyl acetate;Water;298.2;0.07;0.152142574;0.153572848;L1;77.63228233
1378;Methyl acetate;Water;298.2;0.07103;0.152142574;0.153572848;L1;76.17157423
1378;Methyl acetate;Water;303.134;0.076469018;0.143368433;0.145419605;L1;62.8532109
1378;Methyl acetate;Water;303.134;0.076469018;0.143368433;0.145419605;L1;62.8532109
1378;Methyl acetate;Water;303.134;0.079095172;0.143368433;0.145419605;L1;59.47659381
1378;Methyl acetate;Water;303.134;0.0713;0.143368433;0.145419605;L1;69.85214469
1378;Methyl acetate;Water;303.134;0.0717;0.143368433;0.145419605;L1;69.29270267
1378;Methyl acetate;Water;303.15;0.0707;0.143341509;0.145393165;L1;70.67843833
1378;Methyl acetate;Water;303.2;0.07013;0.143257433;0.145310542;L1;71.42925793
1378;Methyl acetate;Water;305.09247;0.0653;0.140146046;0.142183309;L1;76.36930284
1378;Methyl acetate;Water;308.132;0.0679;0.135435197;0.137160604;L1;69.04572433
1378;Methyl acetate;Water;308.2;0.07068;0.135333797;0.137048237;L1;64.95816477
1378;Methyl acetate;Water;313.13;0.0721;0.128434718;0.128901603;L1;57.73667001
1378;Methyl acetate;Water;313.15;0.0686;0.128408508;0.128868554;L1;62.69241192
1378;Methyl acetate;Water;313.2;0.07026;0.128343046;0.128785931;L1;60.25040769
1378;Methyl acetate;Water;313.24;0.0684;0.128290745;0.128719833;L1;62.89263062
1378;Methyl acetate;Water;318.2;0.07135;0.122227231;0.123187923;L1;53.82845207
1378;Methyl acetate;Water;323.127;0.0735;0.116984044;0.118512852;L1;46.47521424
1378;Methyl acetate;Water;323.15;0.0667;0.11696127;0.118491028;L1;56.16378996
1378;Methyl acetate;Water;323.24;0.07;0.1168723;0.11840563;L1;51.25866446
1378;Methyl acetate;Water;323.24;0.07;0.1168723;0.11840563;L1;51.25866446
1378;Methyl acetate;Water;329.635105;0.070051908;0.111118743;0.112337522;L1;46.13628767
1378;Methyl acetate;Water;330.9848;0.0653;0.11003906;0.11105684;L1;52.18433608
1378;Methyl acetate;Water;331.1246;0.07;0.109929745;0.110924188;L1;45.13462383
1378;Methyl acetate;Water;332.02433;0.0703;0.109237253;0.110070464;L1;44.07503551
1378;Methyl acetate;Water;332.4845;0.066;0.108890393;0.109633823;L1;50.06870662
1378;Methyl acetate;Water;333.124;0.0754;0.108416443;0.109027023;L1;36.31724885
1378;Methyl acetate;Water;333.15;0.0705;0.10839737;0.109002352;L1;43.01911203
1378;Methyl acetate;Water;333.224;0.0706;0.108343176;0.108932136;L1;42.82735968
1378;Methyl acetate;Water;334.824;0.0711;0.107201205;0.107413948;L1;41.06201534
1378;Methyl acetate;Water;335.38392;0.0687;0.10681482;0.106882658;L1;44.13474824
1378;Methyl acetate;Water;336.28374;0.0698;0.106207901;0.106325855;L1;41.97644968
1378;Methyl acetate;Water;337.08358;0.071;0.105682666;0.105935141;L1;39.77610095
1378;Methyl acetate;Water;341.58252;0.0746;0.102965547;0.103737451;L1;32.22539326
1378;Methyl acetate;Water;342.224;0.0751;0.102609355;0.103424094;L1;31.21085484
1378;Methyl acetate;Water;343.15;0.077;0.102108246;0.102971751;L1;28.22280674
1378;Methyl acetate;Water;343.15;0.077;0.102108246;0.102971751;L1;28.22280674
1378;Methyl acetate;Water;343.62395;0.0766;0.101857639;0.102740231;L1;28.49790681
1378;Methyl acetate;Water;345.02381;0.0773;0.101140136;0.102056413;L1;26.88130826
1378;Methyl acetate;Water;345.48135;0.0775;0.100912834;0.101832909;L1;26.39791815
1378;Methyl acetate;Water;348.68039;0.0802;0.099418882;0.100270208;L1;21.48185367
1378;Methyl acetate;Water;352.029385;0.084452894;0.098023864;0.098634255;L1;14.90170434
1378;Methyl acetate;Water;353.123;0.0845;0.097603561;0.098100034;L1;14.41624405
1378;Methyl acetate;Water;356.623;0.0883;0.096368136;0.096390317;L1;8.743549695
1378;Methyl acetate;Water;363.123;0.0952;0.09448272;0.094968651;L1;0.756298449
1378;Methyl acetate;Water;373.124;0.117;0.09248681;0.092841468;L1;23.51078991
1378;Methyl acetate;Water;376.52369;0.129715614;0.092028395;0.092118364;L1;34.32473031
1378;Methyl acetate;Water;378.125;0.141;0.091847888;0.091899661;L1;42.86260712
1378;Methyl acetate;Water;266.60524;0.786;0.886134432;0.886171112;L2;11.99118758
1378;Methyl acetate;Water;273.15;0.781;0.878841933;0.878845424;L2;11.80299058
1378;Methyl acetate;Water;283.144;0.764;0.867850821;0.867944945;L2;12.74520453
1378;Methyl acetate;Water;293.138;0.756;0.857046301;0.857053171;L2;12.54505677
1378;Methyl acetate;Water;293.14537;0.742707351;0.857038391;0.857045139;L2;14.31806218
1378;Methyl acetate;Water;293.14537;0.741907984;0.857038391;0.857045139;L2;14.42574894
1378;Methyl acetate;Water;293.15;0.7598;0.857033421;0.857040093;L2;12.04216749
1378;Methyl acetate;Water;296.4947;0.7407;0.853449906;0.853454632;L2;14.16911628
1378;Methyl acetate;Water;298.09438;0.728;0.851739734;0.851743712;L2;15.69799551
1378;Methyl acetate;Water;298.136;0.743;0.851695264;0.851699198;L2;13.65327469
1378;Methyl acetate;Water;298.2;0.7364;0.851626884;0.851630748;L2;14.53750525
1378;Methyl acetate;Water;303.134;0.729;0.846360577;0.846353645;L2;14.92717503
1378;Methyl acetate;Water;303.134;0.693617052;0.846360577;0.846353645;L2;19.90254724
1378;Methyl acetate;Water;303.134;0.653982481;0.846360577;0.846353645;L2;25.78649187
1378;Methyl acetate;Water;303.15;0.7208;0.846343507;0.846336532;L2;16.05636074
1378;Methyl acetate;Water;304.49265;0.7155;0.844910997;0.844900517;L2;16.62496932
1378;Methyl acetate;Water;313.13;0.672;0.835669958;0.835662539;L2;21.79754077
1378;Methyl acetate;Water;313.15;0.6417;0.835648466;0.835641148;L2;26.4087125
1378;Methyl acetate;Water;313.24;0.697;0.835551745;0.835544889;L2;18.13068689
1378;Methyl acetate;Water;316.08917;0.6646;0.832482901;0.832439581;L2;22.52273267
1378;Methyl acetate;Water;322.68719;0.6417;0.825311194;0.825154351;L2;25.16396152
1378;Methyl acetate;Water;323.127;0.634;0.824829249;0.824668733;L2;26.31274393
1378;Methyl acetate;Water;323.15;0.6345;0.82480403;0.824643338;L2;26.2308532
1378;Methyl acetate;Water;323.24;0.6594;0.824705335;0.824543964;L2;22.36958224
1378;Methyl acetate;Water;323.24;0.6594;0.824705335;0.824543964;L2;22.36958224
1378;Methyl acetate;Water;333.124;0.597;0.813708201;0.813630506;L2;30.96847124
1378;Methyl acetate;Water;333.15;0.6152;0.813678813;0.813601798;L2;27.96182915
1378;Methyl acetate;Water;333.58428;0.5944;0.813187561;0.813122286;L2;31.34092918
1378;Methyl acetate;Water;341.18264;0.5624;0.8044657;0.804257982;L2;35.79649901
1378;Methyl acetate;Water;343.15;0.5571;0.802165746;0.801917317;L2;36.45704947
1378;Methyl acetate;Water;343.15;0.5571;0.802165746;0.801917317;L2;36.45704947
1378;Methyl acetate;Water;350.77976;0.5227;0.79306796;0.792839816;L2;41.69012323
1378;Methyl acetate;Water;353.123;0.503;0.790213859;0.790051948;L2;45.17134468
1378;Methyl acetate;Water;357.07787;0.498;0.785329216;0.785310272;L2;45.55029365
1378;Methyl acetate;Water;363.123;0.453;0.777691905;0.777415534;L2;54.04383112
1378;Methyl acetate;Water;373.124;0.382;0.764575025;0.764354563;L2;69.38995476
1378;Methyl acetate;Water;378.125;0.321;0.757777965;0.757732373;L2;85.89492976
1378;Methyl acetate;Water;381.1256;0.212;0.753620267;0.753410786;L2;126.8302342
1378;Methyl acetate;Water;381.1256;0.212;0.753620267;0.753410786;L2;126.8302342
1412;Furfural;Water;273.15;0.016514686;0.168496476;0.16865089;L1;232.2664789
1412;Furfural;Water;283.15;0.015742073;0.155903511;0.156320157;L1;229.2900361
1412;Furfural;Water;288.2;0.0138;0.149927645;0.150505378;L1;238.5484216
1412;Furfural;Water;289.1404;0.016299586;0.148850136;0.149422563;L1;221.1800295
1412;Furfural;Water;290.1398;0.016428601;0.147718072;0.148271812;L1;219.6281756
1412;Furfural;Water;293.03;0.015838386;0.144522928;0.144943916;L1;221.1001676
1412;Furfural;Water;293.138;0.009364762;0.144405869;0.144819561;L1;273.5673948
1412;Furfural;Water;293.138;0.016687036;0.144405869;0.144819561;L1;215.7995739
1412;Furfural;Water;293.15;0.016687036;0.144392873;0.144805743;L1;215.7905739
1412;Furfural;Water;293.15;0.015913347;0.144392873;0.144805743;L1;220.5379679
1412;Furfural;Water;293.15;0.012033313;0.144392873;0.144805743;L1;248.4858983
1412;Furfural;Water;293.75;0.016471636;0.143745804;0.144114879;L1;216.6406618
1412;Furfural;Water;298;0.015336249;0.139319234;0.139424085;L1;220.6548704
1412;Furfural;Water;298.09438;0.0172;0.139224129;0.139342269;L1;209.1175692
1412;Furfural;Water;298.09438;0.0164;0.139224129;0.139342269;L1;213.8803741
1412;Furfural;Water;298.1;0.016428601;0.139218471;0.139337397;L1;213.7020651
1412;Furfural;Water;298.1;0.016149238;0.139218471;0.139337397;L1;215.4171564
1412;Furfural;Water;298.1;0.015506959;0.139218471;0.139337397;L1;219.4755539
1412;Furfural;Water;298.136;0.015400238;0.139182235;0.139306189;L1;220.1401152
1412;Furfural;Water;298.136;0.015827681;0.139182235;0.139306189;L1;217.4023747
1412;Furfural;Water;298.136;0.017118963;0.139182235;0.139306189;L1;209.5597319
1412;Furfural;Water;298.136;0.017335493;0.139182235;0.139306189;L1;208.3028098
1412;Furfural;Water;298.136;0.016170705;0.139182235;0.139306189;L1;215.2582844
1412;Furfural;Water;298.136;0.016687036;0.139182235;0.139306189;L1;212.1151985
1412;Furfural;Water;298.14437;0.016041959;0.139173813;0.139298933;L1;216.0515877
1412;Furfural;Water;298.14437;0.016041959;0.139173813;0.139298933;L1;216.0515877
1412;Furfural;Water;298.14437;0.016428601;0.139173813;0.139298933;L1;213.6699825
1412;Furfural;Water;298.14437;0.016041959;0.139173813;0.139298933;L1;216.0515877
1412;Furfural;Water;298.14437;0.016428601;0.139173813;0.139298933;L1;213.6699825
1412;Furfural;Water;298.14437;0.016967617;0.139173813;0.139298933;L1;210.4416959
1412;Furfural;Water;298.14437;0.01720553;0.139173813;0.139298933;L1;209.049276
1412;Furfural;Water;298.15;0.017400526;0.139168149;0.139294053;L1;207.9182469
1412;Furfural;Water;298.15;0.016041959;0.139168149;0.139294053;L1;216.0475177
1412;Furfural;Water;298.15;0.014974274;0.139168149;0.139294053;L1;222.9349242
1412;Furfural;Water;298.15;0.016407089;0.139168149;0.139294053;L1;213.7969407
1412;Furfural;Water;298.15;0.02087444;0.139168149;0.139294053;L1;189.715746
1412;Furfural;Water;298.19436;0.0172;0.139123536;0.139255598;L1;209.0452904
1412;Furfural;Water;298.19436;0.0172;0.139123536;0.139255598;L1;209.0452904
1412;Furfural;Water;298.2;0.017;0.139117866;0.139250709;L1;210.2108189
1412;Furfural;Water;298.2;0.015827681;0.139117866;0.139250709;L1;217.3561164
1412;Furfural;Water;298.2;0.0144;0.139117866;0.139250709;L1;226.8093327
1412;Furfural;Water;298.2;0.0174439;0.139117866;0.139250709;L1;207.6331516
1412;Furfural;Water;298.2;0.016902811;0.139117866;0.139250709;L1;210.7841594
1412;Furfural;Water;298.3;0.015400238;0.139017429;0.13916402;L1;220.0216349
1412;Furfural;Water;298.3;0.016256611;0.139017429;0.13916402;L1;214.6099656
1412;Furfural;Water;298.55;0.016471636;0.138767013;0.138947299;L1;213.1156492
1412;Furfural;Water;299.23;0.016435055;0.138090949;0.138357818;L1;212.8495968
1412;Furfural;Water;299.83532;0.017118963;0.137495382;0.137833076;L1;208.3403531
1412;Furfural;Water;300.1352;0.017595829;0.137202534;0.137573115;L1;205.3796297
1412;Furfural;Water;300.33512;0.017595829;0.137008107;0.137399808;L1;205.2378211
1412;Furfural;Water;300.635;0.017508989;0.136717684;0.137139847;L1;205.520369
1412;Furfural;Water;302.8;0.017118963;0.134664616;0.135263044;L1;206.2600561
1412;Furfural;Water;302.86;0.017415705;0.134608814;0.135211031;L1;204.5000516
1412;Furfural;Water;302.9;0.017987358;0.134571647;0.135176355;L1;201.2427569
1412;Furfural;Water;303;0.016299586;0.134478843;0.135089667;L1;211.0267178
1412;Furfural;Water;303.1;0.017552401;0.134386212;0.135002978;L1;203.5527085
1412;Furfural;Water;303.143055;0.015400238;0.134346378;0.134965655;L1;216.6038409
1412;Furfural;Water;303.143055;0.014974274;0.134346378;0.134965655;L1;219.4087711
1412;Furfural;Water;303.15;0.016902811;0.134339955;0.134959634;L1;207.2893625
1412;Furfural;Water;303.15;0.016299586;0.134339955;0.134959634;L1;210.9233856
1412;Furfural;Water;303.2;0.0165;0.134293739;0.13491629;L1;209.6669103
1412;Furfural;Water;303.2;0.0166;0.134293739;0.13491629;L1;209.0626789
1412;Furfural;Water;303.2;0.017552401;0.134293739;0.13491629;L1;203.4838734
1412;Furfural;Water;303.39;0.01701084;0.134118496;0.134751582;L1;206.487292
1412;Furfural;Water;304.6;0.0173;0.133016522;0.133702653;L1;203.9766845
1412;Furfural;Water;304.95;0.016687036;0.132702309;0.133399244;L1;207.3476213
1412;Furfural;Water;305.8829;0.01557;0.13187475;0.132590528;L1;213.650662
1412;Furfural;Water;308.132;0.017922017;0.129939313;0.13064082;L1;198.1037563
1412;Furfural;Water;308.132;0.017769689;0.129939313;0.13064082;L1;198.957338
1412;Furfural;Water;308.141555;0.017943794;0.129931271;0.130632537;L1;197.9761308
1412;Furfural;Water;308.141555;0.017943794;0.129931271;0.130632537;L1;197.9761308
1412;Furfural;Water;308.141555;0.017987358;0.129931271;0.130632537;L1;197.7336447
1412;Furfural;Water;308.15;0.020852147;0.129924164;0.130625216;L1;182.949401
1412;Furfural;Water;308.3;0.0182;0.129798131;0.130495183;L1;196.4558812
1412;Furfural;Water;308.65;0.017769689;0.129505522;0.130191774;L1;198.6229382
1412;Furfural;Water;308.73;0.017967752;0.129438925;0.130122423;L1;197.4630556
1412;Furfural;Water;312.6302;0.018270898;0.126321405;0.126741404;L1;193.3519975
1412;Furfural;Water;313.13;0.016;0.125940123;0.126308135;L1;206.3217861
1412;Furfural;Water;313.15;0.018074532;0.125924952;0.126290797;L1;194.1182232
1412;Furfural;Water;313.15;0.018190132;0.125924952;0.126290797;L1;193.4806859
1412;Furfural;Water;313.67;0.018520073;0.125532804;0.125840018;L1;191.3711943
1412;Furfural;Water;313.75;0.018642658;0.125472867;0.125770667;L1;190.6637144
1412;Furfural;Water;314.2;0.0187;0.125137686;0.12538057;L1;190.0891096
1412;Furfural;Water;316.42;0.018822374;0.123532493;0.123599068;L1;188.145795
1412;Furfural;Water;317.1288;0.01996367;0.123036814;0.123192847;L1;181.8569489
1412;Furfural;Water;318.2;0.0166;0.122303011;0.122578932;L1;199.7098967
1412;Furfural;Water;318.3;0.0192;0.122235444;0.122521621;L1;185.1038773
1412;Furfural;Water;318.35;0.01974253;0.12220172;0.122492966;L1;182.2897929
1412;Furfural;Water;321.4;0.01996367;0.120219261;0.120744981;L1;179.5403133
1412;Furfural;Water;322.5;0.018905745;0.119539889;0.12011456;L1;184.418427
1412;Furfural;Water;322.5;0.019081446;0.119539889;0.12011456;L1;183.4933665
1412;Furfural;Water;322.6;0.020629438;0.11947905;0.12005725;L1;175.642196
1412;Furfural;Water;322.7;0.018030938;0.119418365;0.119999939;L1;189.0543939
1412;Furfural;Water;323.05;0.018423841;0.119207171;0.11979935;L1;186.7217383
1412;Furfural;Water;323.1;0.019830939;0.119177154;0.119770695;L1;179.3367778
1412;Furfural;Water;323.1;0.019455631;0.119177154;0.119770695;L1;181.2474532
1412;Furfural;Water;323.1;0.019875167;0.119177154;0.119770695;L1;179.1140009
1412;Furfural;Water;323.1;0.019830939;0.119177154;0.119770695;L1;179.3367778
1412;Furfural;Water;323.127;0.018642658;0.11916096;0.119755221;L1;185.5022788
1412;Furfural;Water;323.15;0.019301419;0.119147174;0.119742039;L1;182.0180869
1412;Furfural;Water;323.15;0.019374096;0.119147174;0.119742039;L1;181.6422569
1412;Furfural;Water;323.2;0.0193;0.119117232;0.119713384;L1;182.0003059
1412;Furfural;Water;323.73;0.019676265;0.118802197;0.119409636;L1;179.8046812
1412;Furfural;Water;326.22607;0.020007945;0.117375341;0.117979114;L1;176.9247395
1412;Furfural;Water;328.1;0.020296113;0.11636466;0.116905146;L1;174.629949
1412;Furfural;Water;330.9;0.021850254;0.114948615;0.115300439;L1;166.027266
1412;Furfural;Water;331.63;0.024704096;0.114597567;0.114882069;L1;153.4457514
1412;Furfural;Water;332.6;0.020518231;0.1141425;0.114326152;L1;171.6133857
1412;Furfural;Water;333.124;0.021522649;0.11390202;0.114025843;L1;166.6232785
1412;Furfural;Water;333.15;0.018839921;0.113890185;0.114010942;L1;179.9256622
1412;Furfural;Water;333.15;0.021408411;0.113890185;0.114010942;L1;167.1450816
1412;Furfural;Water;333.15;0.021030599;0.113890185;0.114010942;L1;168.9256225
1412;Furfural;Water;333.41;0.022370329;0.113772346;0.113861934;L1;162.6464001
1412;Furfural;Water;334.124;0.024699501;0.113453421;0.113454103;L1;152.4609327
1412;Furfural;Water;337.7;0.023328248;0.111957617;0.112264265;L1;156.8455391
1412;Furfural;Water;339.124;0.026085634;0.111407925;0.11179046;L1;145.181372
1412;Furfural;Water;341.7;0.023783693;0.110477847;0.11093335;L1;153.5814841
1412;Furfural;Water;342;0.024378219;0.110374812;0.110833532;L1;151.0191883
1412;Furfural;Water;342.2;0.024929483;0.110306731;0.110766986;L1;148.7213793
1412;Furfural;Water;342.2;0.022648127;0.110306731;0.110766986;L1;158.3187797
1412;Furfural;Water;343.124;0.025390692;0.109998414;0.110459545;L1;146.6083296
1412;Furfural;Water;343.15;0.022580316;0.109989886;0.110450894;L1;158.3309859
1412;Furfural;Water;343.15;0.024593848;0.109989886;0.110450894;L1;149.7892082
1412;Furfural;Water;343.64;0.025397623;0.109830661;0.110287857;L1;146.4284149
1412;Furfural;Water;348.02;0.027569105;0.108531314;0.108830505;L1;137.0342982
1412;Furfural;Water;348.1;0.024355302;0.108509609;0.108803886;L1;149.4089168
1412;Furfural;Water;348.15;0.027252289;0.10849608;0.10878725;L1;138.1576525
1412;Furfural;Water;350.2;0.029856614;0.107965151;0.108105156;L1;128.5402109
1412;Furfural;Water;353.123;0.029856614;0.107286694;0.107395101;L1;127.9098242
1412;Furfural;Water;353.15;0.029150657;0.107280848;0.10739112;L1;130.2972693
1412;Furfural;Water;353.15;0.028;0.107280848;0.10739112;L1;134.3245634
1412;Furfural;Water;353.15;0.026225076;0.107280848;0.10739112;L1;140.8734092
1412;Furfural;Water;353.51;0.02968693;0.107203634;0.10733804;L1;128.4023262
1412;Furfural;Water;353.543;0.02688;0.107196623;0.107333175;L1;138.3282233
1412;Furfural;Water;358.923;0.032124151;0.106202061;0.106539926;L1;119.5735404
1412;Furfural;Water;359.99;0.033262963;0.106038972;0.106382603;L1;115.9362129
1412;Furfural;Water;361.093;0.03188;0.105881935;0.106219972;L1;120.0345802
1412;Furfural;Water;363.123;0.035725382;0.105623143;0.105920661;L1;108.4016086
1412;Furfural;Water;363.15;0.032428661;0.105619962;0.10591668;L1;118.0804754
1412;Furfural;Water;363.15;0.031396194;0.105619962;0.10591668;L1;121.3160709
1412;Furfural;Water;363.15;0.0314;0.105619962;0.10591668;L1;121.3039491
1412;Furfural;Water;363.27;0.035988181;0.105605906;0.105898987;L1;107.6523715
1412;Furfural;Water;365.1232;0.036981468;0.10540579;0.105625743;L1;104.7400643
1412;Furfural;Water;367.7;0.040044941;0.105179658;0.10524581;L1;96.56675695
1412;Furfural;Water;370.5;0.043708797;0.105001145;0.105116119;L1;87.64218647
1412;Furfural;Water;373.073995;0.043708797;0.104897403;0.10511628;L1;87.54333715
1412;Furfural;Water;373.1;0.034;0.104896645;0.105116281;L1;112.6615012
1412;Furfural;Water;373.15;0.043443808;0.104895205;0.105116284;L1;88.14934736
1412;Furfural;Water;375.92456;0.046793394;0.10484855;0.105116457;L1;80.67748843
1412;Furfural;Water;376.15;0.047473155;0.104847606;0.105116471;L1;79.23435334
1412;Furfural;Water;379.22522;0.051314191;0.104876956;0.105116662;L1;71.48204691
1412;Furfural;Water;383.126;0.058820648;0.105025795;0.105116905;L1;57.97130413
1412;Furfural;Water;383.15;0.058820648;0.105027093;0.105116907;L1;57.97253955
1412;Furfural;Water;386.22631;0.067456018;0.105231717;0.105316437;L1;44.46889488
1412;Furfural;Water;386.5;0.058084382;0.105253587;0.105351058;L1;59.4475741
1412;Furfural;Water;391.02679;0.087257589;0.105701622;0.105923685;L1;19.17557036
1412;Furfural;Water;391.4;0.095027732;0.105745795;0.105970895;L1;10.68692881
1412;Furfural;Water;391.7;0.079544032;0.1057821;0.106008844;L1;28.50705851
1412;Furfural;Water;391.876875;0.08083;0.105803837;0.106031218;L1;26.92386037
1412;Furfural;Water;392.276915;0.186800808;0.105853917;0.106081822;L1;56.79828476
1412;Furfural;Water;392.9;0.098808184;0.105934425;0.106160641;L1;6.963983655
1412;Furfural;Water;393.127;0.160026875;0.105964516;0.106189356;L1;41.22374828
1412;Furfural;Water;393.127;0.11317596;0.105964516;0.106189356;L1;6.583948863
1412;Furfural;Water;393.2;0.133232025;0.105974285;0.10619859;L1;22.88956845
1412;Furfural;Water;393.62715;0.194809606;0.106032256;0.106252623;L1;60.82793536
1412;Furfural;Water;393.92724;0.144386422;0.106073843;0.106290584;L1;30.83577089
1412;Furfural;Water;393.977255;0.161592474;0.106080843;0.106296911;L1;42.08760991
1412;Furfural;Water;393.977255;0.152537757;0.106080843;0.106296911;L1;36.32106782
1412;Furfural;Water;394.02727;0.161646684;0.106087863;0.106303237;L1;42.11453434
1412;Furfural;Water;394.02727;0.160781118;0.106087863;0.106303237;L1;41.57762774
1412;Furfural;Water;394.02727;0.159489906;0.106087863;0.106303237;L1;40.77129879
1412;Furfural;Water;394.02727;0.161646684;0.106087863;0.106303237;L1;42.11453434
1412;Furfural;Water;394.5;0.158954411;0.106155193;0.106363036;L1;40.3715326
1412;Furfural;Water;394.7;0.115904719;0.106184207;0.106388336;L1;8.759307669
1412;Furfural;Water;394.777495;0.1111;0.106195534;0.106398139;L1;4.514864137
1412;Furfural;Water;395.42769;0.1668;0.106292434;0.106480387;L1;45.06013847
1412;Furfural;Water;395.7;0.177732064;0.106334013;0.106514833;L1;51.36919521
1412;Furfural;Water;396.4;0.18248706;0.106443567;0.106603381;L1;53.90643129
1412;Furfural;Water;396.6;0.217018627;0.106475578;0.106628681;L1;71.20675451
1412;Furfural;Water;396.6;0.217018627;0.106475578;0.106628681;L1;71.20675451
1412;Furfural;Water;273.15;0.844381957;0.803924589;0.803987312;L2;4.90994785
1412;Furfural;Water;281.1452;0.837908996;0.789695904;0.789769894;L2;5.926155826
1412;Furfural;Water;283.15;0.817013135;0.786157138;0.786268525;L2;3.849847872
1412;Furfural;Water;287.111618;0.8178;0.77920239;0.779349585;L2;4.834698843
1412;Furfural;Water;288.2;0.8029;0.7773008;0.777448734;L2;3.240276724
1412;Furfural;Water;293.03;0.807020337;0.768909792;0.769013171;L2;4.837521121
1412;Furfural;Water;293.14537;0.777580644;0.768710314;0.768811678;L2;1.14731673
1412;Furfural;Water;293.15;0.736046449;0.768702309;0.768803592;L2;4.341055381
1412;Furfural;Water;293.15;0.787705418;0.768702309;0.768803592;L2;2.442040433
1412;Furfural;Water;298;0.814314237;0.760355562;0.760372562;L2;6.856016338
1412;Furfural;Water;298.09438;0.7776;0.760193873;0.760212953;L2;2.263875592
1412;Furfural;Water;298.09438;0.7776;0.760193873;0.760212953;L2;2.263875592
1412;Furfural;Water;298.1;0.814314237;0.760184246;0.760203449;L2;6.878549896
1412;Furfural;Water;298.1;0.810482701;0.760184246;0.760203449;L2;6.406916424
1412;Furfural;Water;298.136;0.772947971;0.76012258;0.760142568;L2;1.673202869
1412;Furfural;Water;298.136;0.780813012;0.76012258;0.760142568;L2;2.685599018
1412;Furfural;Water;298.136;0.786246591;0.76012258;0.760142568;L2;3.37907625
1412;Furfural;Water;298.136;0.777222767;0.76012258;0.760142568;L2;2.224730096
1412;Furfural;Water;298.136;0.780813012;0.76012258;0.760142568;L2;2.685599018
1412;Furfural;Water;298.136;0.770118193;0.76012258;0.760142568;L2;1.306429073
1412;Furfural;Water;298.14437;0.784428924;0.760108243;0.760128413;L2;3.149511932
1412;Furfural;Water;298.14437;0.777580644;0.760108243;0.760128413;L2;2.27265125
1412;Furfural;Water;298.14437;0.777580644;0.760108243;0.760128413;L2;2.27265125
1412;Furfural;Water;298.14437;0.779733256;0.760108243;0.760128413;L2;2.549103334
1412;Furfural;Water;298.14437;0.778297162;0.760108243;0.760128413;L2;2.364755919
1412;Furfural;Water;298.14437;0.78406617;0.760108243;0.760128413;L2;3.103256894
1412;Furfural;Water;298.14437;0.78406617;0.760108243;0.760128413;L2;3.103256894
1412;Furfural;Water;298.15;0.776865144;0.7600986;0.760118892;L2;2.181861406
1412;Furfural;Water;298.15;0.815083931;0.7600986;0.760118892;L2;6.984292936
1412;Furfural;Water;298.19436;0.7776;0.760022621;0.760043873;L2;2.286405625
1412;Furfural;Water;298.19436;0.7776;0.760022621;0.760043873;L2;2.286405625
1412;Furfural;Water;298.2;0.780813012;0.760012961;0.760034336;L2;2.700021282
1412;Furfural;Water;298.2;0.7795;0.760012961;0.760034336;L2;2.531720139
1412;Furfural;Water;298.2;0.788070779;0.760012961;0.760034336;L2;3.625241979
1412;Furfural;Water;298.2;0.8162;0.760012961;0.760034336;L2;7.132393587
1412;Furfural;Water;298.2;0.796547033;0.760012961;0.760034336;L2;4.695069009
1412;Furfural;Water;298.3;0.791738858;0.759841706;0.759865222;L2;4.112148206
1412;Furfural;Water;298.3;0.784428924;0.759841706;0.759865222;L2;3.184583705
1412;Furfural;Water;298.3;0.786610906;0.759841706;0.759865222;L2;3.4623594
1412;Furfural;Water;298.35;0.752787332;0.759756091;0.759780666;L2;0.921468816
1412;Furfural;Water;299.73536;0.766603331;0.757386924;0.75743784;L2;1.209524745
1412;Furfural;Water;299.83532;0.763113069;0.7572162;0.757268795;L2;0.775739715
1412;Furfural;Water;300.98486;0.777222767;0.75525498;0.755324772;L2;2.867159625
1412;Furfural;Water;302.8;0.780813012;0.752165846;0.752255132;L2;3.73788601
1412;Furfural;Water;302.9;0.766603331;0.751995924;0.752086019;L2;1.923859421
1412;Furfural;Water;303;0.792475645;0.751826029;0.751916906;L2;5.265682047
1412;Furfural;Water;303.1;0.780813012;0.751656161;0.751747793;L2;3.805671303
1412;Furfural;Water;303.143055;0.770118193;0.751583033;0.751674981;L2;2.436230795
1412;Furfural;Water;303.15;0.762765386;0.751571237;0.751663236;L2;1.478449698
1412;Furfural;Water;303.15;0.723058554;0.751571237;0.751663236;L2;3.867579173
1412;Furfural;Water;303.15;0.778368869;0.751571237;0.751663236;L2;3.503453833
1412;Furfural;Water;303.2;0.777222767;0.75148632;0.75157868;L2;3.367400509
1412;Furfural;Water;303.2;0.7484;0.75148632;0.75157868;L2;0.411541121
1412;Furfural;Water;303.2;0.7696;0.75148632;0.75157868;L2;2.381789375
1412;Furfural;Water;303.39;0.778619927;0.751163696;0.751257365;L2;3.589942944
1412;Furfural;Water;304.6;0.7724;0.749111324;0.749211096;L2;3.061494843
1412;Furfural;Water;308.05;0.713544351;0.74327949;0.743376694;L2;4.082754374
1412;Furfural;Water;308.132;0.7510872;0.743141215;0.743238021;L2;1.06356692
1412;Furfural;Water;308.132;0.756205322;0.743141215;0.743238021;L2;1.742684158
1412;Furfural;Water;308.141555;0.752787332;0.743125104;0.743221862;L2;1.291835303
1412;Furfural;Water;308.141555;0.752787332;0.743125104;0.743221862;L2;1.291835303
1412;Furfural;Water;308.141555;0.752787332;0.743125104;0.743221862;L2;1.291835303
1412;Furfural;Water;308.3;0.7685;0.742857967;0.742953911;L2;3.393569861
1412;Furfural;Water;308.58;0.746559695;0.742386022;0.742480394;L2;0.560622707
1412;Furfural;Water;310.1312;0.723058554;0.739774442;0.739857112;L2;2.285512554
1412;Furfural;Water;312.75;0.736046449;0.735376066;0.735428378;L2;0.091120406
1412;Furfural;Water;313.13;0.735;0.734738848;0.734785748;L2;0.035537179
1412;Furfural;Water;313.15;0.731134749;0.734705317;0.734751925;L2;0.487171159
1412;Furfural;Water;313.15;0.749595938;0.734705317;0.734751925;L2;2.006482251
1412;Furfural;Water;313.67;0.738488079;0.733833733;0.733872537;L2;0.63224791
1412;Furfural;Water;314.2;0.7623;0.732945824;0.732976238;L2;3.926839021
1412;Furfural;Water;314.35;0.727435106;0.732694606;0.732722568;L2;0.720418609
1412;Furfural;Water;317.1288;0.7073063;0.728046345;0.728051273;L2;2.890089589
1412;Furfural;Water;318.2;0.7154;0.726256991;0.72626484;L2;1.506210693
1412;Furfural;Water;318.25;0.723058554;0.726173499;0.726181455;L2;0.429875934
1412;Furfural;Water;318.3;0.7579;0.72609001;0.726098071;L2;4.28774628
1412;Furfural;Water;318.378425;0.7221;0.725959063;0.725967282;L2;0.532999223
1412;Furfural;Water;321.4;0.704218079;0.720917933;0.720928222;L2;2.343722699
1412;Furfural;Water;322.5;0.726272703;0.719084268;0.719093759;L2;0.994701627
1412;Furfural;Water;322.5;0.73538866;0.719084268;0.719093759;L2;2.242059658
1412;Furfural;Water;322.6;0.729508587;0.718917601;0.71892699;L2;1.462439002
1412;Furfural;Water;322.7;0.752787332;0.718750939;0.718760221;L2;4.626786189
1412;Furfural;Water;323.05;0.704218079;0.718167661;0.718176528;L2;1.961497388
1412;Furfural;Water;323.1;0.73342065;0.718084339;0.718093143;L2;2.113238576
1412;Furfural;Water;323.127;0.689077042;0.718039345;0.718048116;L2;4.117128431
1412;Furfural;Water;323.15;0.70699656;0.718001018;0.718009759;L2;1.544518627
1412;Furfural;Water;323.15;0.713544351;0.718001018;0.718009759;L2;0.622639177
1412;Furfural;Water;323.15;0.720725825;0.718001018;0.718009759;L2;0.378780798
1412;Furfural;Water;323.2;0.7103;0.717917697;0.717926374;L2;1.066751888
1412;Furfural;Water;323.73;0.708205704;0.717034555;0.717042497;L2;1.238943988
1412;Furfural;Water;325.43;0.688600622;0.714202313;0.714207418;L2;3.650481945
1412;Furfural;Water;326.475995;0.67818465;0.712459819;0.71246302;L2;4.930391956
1412;Furfural;Water;328.2;0.692065891;0.709587652;0.709587908;L2;2.500286078
1412;Furfural;Water;331.544474;0.6788;0.704012905;0.704010352;L2;3.647015373
1412;Furfural;Water;332.6;0.67586337;0.702252104;0.702250059;L2;3.830152238
1412;Furfural;Water;333.124;0.651912647;0.701377642;0.701376187;L2;7.313588538
1412;Furfural;Water;333.15;0.670969804;0.701334247;0.701332827;L2;4.426045298
1412;Furfural;Water;333.15;0.674418581;0.701334247;0.701332827;L2;3.913362924
1412;Furfural;Water;333.15;0.678126473;0.701334247;0.701332827;L2;3.365077855
1412;Furfural;Water;333.41;0.665082027;0.700900256;0.700899227;L2;5.245520754
1412;Furfural;Water;335.78;0.648360716;0.696941081;0.696917621;L2;7.225367267
1412;Furfural;Water;337.6;0.667263164;0.693896098;0.693850467;L2;3.913771818
1412;Furfural;Water;338.124;0.651912647;0.693018551;0.692967396;L2;6.11461918
1412;Furfural;Water;341.57;0.626340019;0.687236323;0.687160026;L2;9.278484091
1412;Furfural;Water;341.7;0.668685183;0.687017771;0.686940944;L2;2.704678865
1412;Furfural;Water;342;0.676152881;0.686513294;0.686435369;L2;1.520638476
1412;Furfural;Water;342.2;0.657433553;0.686176878;0.686098319;L2;4.279173504
1412;Furfural;Water;342.2;0.62273396;0.686176878;0.686098319;L2;9.701603683
1412;Furfural;Water;343.124;0.635754202;0.684621578;0.684541148;L2;7.405423056
1412;Furfural;Water;343.124;0.60514944;0.684621578;0.684541148;L2;12.33908086
1412;Furfural;Water;343.15;0.634434328;0.684577788;0.684497332;L2;7.606850085
1412;Furfural;Water;343.15;0.639178146;0.684577788;0.684497332;L2;6.861907642
1412;Furfural;Water;343.64;0.627427787;0.683752262;0.68367156;L2;8.596707804
1412;Furfural;Water;346.68;0.598825426;0.678618403;0.678548401;L2;12.50888577
1412;Furfural;Water;346.72364;0.597591417;0.678544543;0.678474857;L2;12.70428551
1412;Furfural;Water;350.2;0.625306611;0.672644636;0.672616323;L2;7.297505315
1412;Furfural;Water;353.123;0.560879122;0.667656825;0.667616387;L2;17.42688923
1412;Furfural;Water;353.15;0.596144332;0.667610627;0.667569476;L2;11.32223047
1412;Furfural;Water;353.15;0.592644125;0.667610627;0.667569476;L2;11.91110179
1412;Furfural;Water;353.51;0.582365624;0.666994438;0.666943996;L2;13.56832362
1412;Furfural;Water;356.2;0.55953537;0.662376383;0.662270268;L2;16.87272052
1412;Furfural;Water;357.123;0.578934683;0.660786002;0.660666606;L2;13.22403777
1412;Furfural;Water;360.323;0.5602;0.65524765;0.655106781;L2;15.67193929
1412;Furfural;Water;363.123;0.513184662;0.650368312;0.650241934;L2;23.69030905
1412;Furfural;Water;363.15;0.546706216;0.650321102;0.650195023;L2;17.35546683
1412;Furfural;Water;363.15;0.549140088;0.650321102;0.650195023;L2;16.91126658
1412;Furfural;Water;363.27;0.527262668;0.650111244;0.64998653;L2;20.94446471
1412;Furfural;Water;369.073595;0.478444977;0.639885272;0.639864537;L2;29.07476848
1412;Furfural;Water;369.1236;0.505470541;0.639796448;0.639773747;L2;23.56603156
1412;Furfural;Water;373.073995;0.457310976;0.632742851;0.632601267;L2;32.47004695
1412;Furfural;Water;375.8;0.458145492;0.627828368;0.627651834;L2;31.50800272
1412;Furfural;Water;376.15;0.452346035;0.627194478;0.627016362;L2;32.68092135
1412;Furfural;Water;378.6251;0.4515;0.622692322;0.622522481;L2;32.14771585
1412;Furfural;Water;383.126;0.379013351;0.614414274;0.614350485;L2;48.30979826
1412;Furfural;Water;383.15;0.406372261;0.614369807;0.614306909;L2;41.33273991
1412;Furfural;Water;383.7;0.39791023;0.613349786;0.61330831;L2;43.27089596
1412;Furfural;Water;388.22651;0.327365984;0.604882218;0.604738766;L2;61.39549959
1412;Furfural;Water;392.1;0.296391204;0.59752856;0.597325752;L2;70.11218646
1412;Furfural;Water;393.127;0.226756675;0.595561429;0.595360298;L2;96.56270118
1412;Furfural;Water;393.5;0.259111676;0.594845127;0.594646457;L2;83.10419306
1412;Furfural;Water;395.597741;0.2289;0.59079799;0.590631839;L2;94.8188921
1439;Dipropylamine;Water;269.6528;0.031109699;4.75E-05;4.78E-05;L1;648.4807342
1439;Dipropylamine;Water;270.95176;0.02429401;4.84E-05;4.87E-05;L1;621.7549081
1439;Dipropylamine;Water;272.55048;0.017989454;4.96E-05;4.98E-05;L1;589.2602063
1439;Dipropylamine;Water;273.15;0.025823063;5.01E-05;5.02E-05;L1;624.4916794
1439;Dipropylamine;Water;283.09807;0.01389;5.82E-05;5.85E-05;L1;547.4380306
1439;Dipropylamine;Water;283.15;0.014695129;5.83E-05;5.86E-05;L1;552.9950285
1439;Dipropylamine;Water;285.34268;0.010960263;6.02E-05;6.06E-05;L1;520.3984387
1439;Dipropylamine;Water;293.14537;0.00902;6.76E-05;6.80E-05;L1;489.3950126
1439;Dipropylamine;Water;293.15;0.009865158;6.76E-05;6.80E-05;L1;498.3447167
1439;Dipropylamine;Water;303.143055;0.00677;7.81E-05;7.85E-05;L1;446.2232577
1439;Dipropylamine;Water;303.15;0.006170405;7.81E-05;7.85E-05;L1;436.9396491
1439;Dipropylamine;Water;303.19304;0.0068;7.82E-05;7.85E-05;L1;446.5938188
1439;Dipropylamine;Water;309.23156;0.005307514;8.52E-05;8.60E-05;L1;413.2222757
1439;Dipropylamine;Water;313.140055;0.00498;9.00E-05;9.08E-05;L1;401.3516148
1439;Dipropylamine;Water;313.15;0.004841349;9.00E-05;9.08E-05;L1;398.5140272
1439;Dipropylamine;Water;317.22877;0.00439567;9.53E-05;9.58E-05;L1;383.1651108
1439;Dipropylamine;Water;323.15;0.003583235;0.000103386;0.000103484;L1;354.5551533
1439;Dipropylamine;Water;325.72622;0.003546448;0.000107095;0.000107621;L1;349.9985981
1439;Dipropylamine;Water;333.15;0.002959524;0.000118418;0.000119543;L1;321.8561829
1439;Dipropylamine;Water;343.15;0.002667234;0.000135259;0.000135601;L1;298.1608193
1439;Dipropylamine;Water;353.15;0.002066838;0.000154084;0.000155232;L1;259.6275579
1439;Dipropylamine;Water;363.15;0.001867436;0.000175087;0.000175822;L1;236.7039931
1439;Dipropylamine;Water;268.35384;0.082946918;0.737010418;0.73666422;L2;218.4401167
1439;Dipropylamine;Water;268.6536;0.05661138;0.737226604;0.736884615;L2;256.6685289
1439;Dipropylamine;Water;270.25232;0.12571012;0.738370602;0.738060052;L2;177.0467247
1439;Dipropylamine;Water;271.6512;0.138918186;0.739359261;0.739088559;L2;167.1898778
1439;Dipropylamine;Water;273.15;0.141868274;0.740405894;0.740190531;L2;165.2299562
1439;Dipropylamine;Water;277.34748;0.213548874;0.743268543;0.74326201;L2;124.7191686
1439;Dipropylamine;Water;281.1452;0.240880989;0.745773339;0.745581958;L2;113.0118729
1439;Dipropylamine;Water;283.09807;0.269;0.74703049;0.746774926;L2;102.1394621
1439;Dipropylamine;Water;283.15;0.237491098;0.747063636;0.746806649;L2;114.602023
1439;Dipropylamine;Water;290.6395;0.328628572;0.751693492;0.751381828;L2;82.74004973
1439;Dipropylamine;Water;293.14537;0.336;0.753176969;0.752912611;L2;80.71890593
1439;Dipropylamine;Water;293.15;0.395642562;0.75317968;0.75291544;L2;64.37926363
1439;Dipropylamine;Water;297.83612;0.396639943;0.755867715;0.755778093;L2;64.48374555
1439;Dipropylamine;Water;303.143055;0.425;0.758779164;0.758614054;L2;57.96216097
1439;Dipropylamine;Water;303.15;0.517411195;0.758782883;0.758617518;L2;38.28777736
1439;Dipropylamine;Water;303.19304;0.4221;0.758805927;0.758638983;L2;58.65037959
1439;Dipropylamine;Water;304.33352;0.450343849;0.759413242;0.759207766;L2;52.2534685
1439;Dipropylamine;Water;312.1304;0.518845244;0.763397191;0.763096246;L2;38.6172803
1439;Dipropylamine;Water;313.140055;0.498;0.763891942;0.763599784;L2;42.7826265
1439;Dipropylamine;Water;313.15;0.572589904;0.763896791;0.763604743;L2;28.82629296
1439;Dipropylamine;Water;322.1273;0.596704755;0.768086844;0.768081926;L2;25.24803621
1439;Dipropylamine;Water;323.15;0.584100754;0.768540684;0.768495491;L2;27.44200085
1439;Dipropylamine;Water;333.15;0.619146794;0.772730408;0.772438913;L2;22.15878349
1439;Dipropylamine;Water;343.15;0.673942551;0.776479054;0.776382335;L2;14.16247965
1439;Dipropylamine;Water;347.92352;0.710932387;0.778116188;0.778000777;L2;9.029852495
1439;Dipropylamine;Water;353.15;0.684294544;0.779797489;0.77954256;L2;13.06458112
1439;Dipropylamine;Water;363.15;0.724514663;0.782694762;0.782492504;L2;7.72407877
1443;Hexane;Methanol;245.15;0.07;0.096946973;0.09711093;L1;32.56689216
1443;Hexane;Methanol;245.15597;0.07;0.096954491;0.097118818;L1;32.57464627
1443;Hexane;Methanol;259.85;0.0911;0.118327463;0.118428722;L1;26.14980834
1443;Hexane;Methanol;259.85303;0.0914;0.118332539;0.118433463;L1;25.82533072
1443;Hexane;Methanol;266.07;0.1003;0.129447991;0.129761939;L1;25.51134945
1443;Hexane;Methanol;266.071786;0.1003;0.129451399;0.129765262;L1;25.51398147
1443;Hexane;Methanol;268.15;0.091;0.133506593;0.133631934;L1;38.3291355
1443;Hexane;Methanol;270.95;0.1101;0.139272118;0.139570882;L1;23.50406621
1443;Hexane;Methanol;270.9506984;0.1101;0.139273602;0.139572439;L1;23.50513154
1443;Hexane;Methanol;273.3499708;0.1151;0.144513283;0.14491962;L1;22.75701091
1443;Hexane;Methanol;273.35;0.1151;0.144513348;0.144919685;L1;22.75705627
1443;Hexane;Methanol;275.1488;0.11069;0.14863828;0.148928613;L1;29.47822026
1443;Hexane;Methanol;278.147;0.130140598;0.155922991;0.156184662;L1;18.07468469
1443;Hexane;Methanol;278.1492701;0.1261;0.155928712;0.156190779;L1;21.23236886
1443;Hexane;Methanol;278.15;0.127;0.155930552;0.156192746;L1;20.5223644
1443;Hexane;Methanol;278.15;0.097428423;0.155930552;0.156192746;L1;47.02927451
1443;Hexane;Methanol;278.15;0.127;0.155930552;0.156192746;L1;20.5223644
1443;Hexane;Methanol;278.15;0.122894834;0.155930552;0.156192746;L1;23.80817489
1443;Hexane;Methanol;278.15;0.116074055;0.155930552;0.156192746;L1;29.51823378
1443;Hexane;Methanol;278.15;0.1271;0.155930552;0.156192746;L1;20.44365522
1443;Hexane;Methanol;278.1992628;0.1136;0.156054801;0.1563255;L1;31.75237308
1443;Hexane;Methanol;278.75;0.13;0.157454348;0.157809634;L1;19.16011132
1443;Hexane;Methanol;280.108967;0.1335;0.160992442;0.161471795;L1;18.72559395
1443;Hexane;Methanol;280.11;0.1335;0.160995178;0.161474579;L1;18.7272937
1443;Hexane;Methanol;281.59;0.1372;0.164992196;0.165462901;L1;18.44584629
1443;Hexane;Methanol;283.144;0.146642338;0.169360846;0.16965064;L1;14.40350738
1443;Hexane;Methanol;283.144;0.12524;0.169360846;0.16965064;L1;30.17997246
1443;Hexane;Methanol;283.148055;0.14;0.169372486;0.169661567;L1;19.04579264
1443;Hexane;Methanol;283.15;0.133403961;0.16937807;0.169666809;L1;23.875149
1443;Hexane;Methanol;283.15;0.120355344;0.16937807;0.169666809;L1;34.16847487
1443;Hexane;Methanol;283.15;0.1339;0.16937807;0.169666809;L1;23.5040063
1443;Hexane;Methanol;283.15;0.137446166;0.16937807;0.169666809;L1;20.89009953
1443;Hexane;Methanol;283.15;0.14;0.16937807;0.169666809;L1;19.04908931
1443;Hexane;Methanol;283.21;0.14;0.169550464;0.169828498;L1;19.15081832
1443;Hexane;Methanol;283.6;0.142562727;0.170677926;0.170879474;L1;17.99962133
1443;Hexane;Methanol;284.147755;0.1421;0.172281949;0.172355572;L1;19.26013393
1443;Hexane;Methanol;284.45;0.147;0.173177485;0.173185779;L1;16.38844057
1443;Hexane;Methanol;285.847245;0.1506;0.17741758;0.177795548;L1;16.38788505
1443;Hexane;Methanol;285.85;0.1506;0.177426108;0.177804637;L1;16.39269139
1443;Hexane;Methanol;286.147155;0.1484;0.178349855;0.178785006;L1;18.38357694
1443;Hexane;Methanol;287.146855;0.1477;0.181516573;0.182083201;L1;20.61637733
1443;Hexane;Methanol;287.95;0.16;0.18412896;0.184732924;L1;14.04625638
1443;Hexane;Methanol;288.141;0.166298749;0.18475949;0.185363069;L1;10.52690633
1443;Hexane;Methanol;288.146555;0.1532;0.184777883;0.185381396;L1;18.74102126
1443;Hexane;Methanol;288.15;0.165;0.184789291;0.185392761;L1;11.32707321
1443;Hexane;Methanol;288.15;0.145148024;0.184789291;0.185392761;L1;24.14621291
1443;Hexane;Methanol;288.15;0.136318819;0.184789291;0.185392761;L1;30.42198064
1443;Hexane;Methanol;288.15;0.1652;0.184789291;0.185392761;L1;11.20593449
1443;Hexane;Methanol;288.15;0.165;0.184789291;0.185392761;L1;11.32707321
1443;Hexane;Methanol;290.9;0.162557482;0.194292404;0.194465518;L1;17.83325847
1443;Hexane;Methanol;291.0532516;0.17891;0.194846585;0.194971124;L1;8.532962065
1443;Hexane;Methanol;291.59;0.1748;0.196809387;0.19688471;L1;11.85932176
1443;Hexane;Methanol;292.54549;0.1726;0.200390299;0.200807674;L1;14.9290183
1443;Hexane;Methanol;292.6293054;0.19051;0.200709891;0.201151795;L1;5.215585127
1443;Hexane;Methanol;292.805438;0.1771;0.201384442;0.201874944;L1;12.85011816
1443;Hexane;Methanol;292.9954;0.161;0.202116477;0.202654873;L1;22.74397851
1443;Hexane;Methanol;293.138;0.18431;0.202669114;0.203240347;L1;9.495554828
1443;Hexane;Methanol;293.138;0.188703011;0.202669114;0.203240347;L1;7.140026205
1443;Hexane;Methanol;293.14537;0.161;0.20269775;0.203270606;L1;23.03115858
1443;Hexane;Methanol;293.14537;0.1781;0.20269775;0.203270606;L1;12.93707605
1443;Hexane;Methanol;293.15;0.160749551;0.202715742;0.203289615;L1;23.19571441
1443;Hexane;Methanol;293.15;0.168769951;0.202715742;0.203289615;L1;18.32681631
1443;Hexane;Methanol;293.15;0.160148832;0.202715742;0.203289615;L1;23.57011312
1443;Hexane;Methanol;293.15;0.181;0.202715742;0.203289615;L1;11.33076828
1443;Hexane;Methanol;293.19536;0.178;0.202892169;0.20347585;L1;13.08911013
1443;Hexane;Methanol;293.69526;0.221;0.204854845;0.205528294;L1;7.586104588
1443;Hexane;Methanol;293.89;0.1744;0.205628659;0.206327839;L1;16.47204047
1443;Hexane;Methanol;295.14497;0.1848;0.210744978;0.21148038;L1;13.13746065
1443;Hexane;Methanol;295.352114;0.20342;0.211611848;0.212330853;L1;3.948088542
1443;Hexane;Methanol;295.69486;0.192;0.213060694;0.213738068;L1;10.4081702
1443;Hexane;Methanol;295.83;0.1958;0.213637;0.214292913;L1;8.718458435
1443;Hexane;Methanol;296.09;0.17;0.21475394;0.215360397;L1;23.36944706
1443;Hexane;Methanol;296.45;0.2;0.216318531;0.216838452;L1;7.843463333
1443;Hexane;Methanol;296.9024936;0.21806;0.218315619;0.218696259;L1;0.117155659
1443;Hexane;Methanol;297.666188;0.2203;0.221766262;0.221831766;L1;0.663369812
1443;Hexane;Methanol;297.9;0.199301207;0.222843567;0.222905159;L1;11.16527507
1443;Hexane;Methanol;297.9944;0.209;0.223281391;0.223398234;L1;6.609856893
1443;Hexane;Methanol;298.136;0.222088648;0.223941196;0.224137845;L1;0.83068818
1443;Hexane;Methanol;298.136;0.209;0.223941196;0.224137845;L1;6.904924732
1443;Hexane;Methanol;298.136;0.209;0.223941196;0.224137845;L1;6.904924732
1443;Hexane;Methanol;298.14437;0.1988;0.223980315;0.224181563;L1;11.92588722
1443;Hexane;Methanol;298.14437;0.2097;0.223980315;0.224181563;L1;6.588022851
1443;Hexane;Methanol;298.15;0.195993262;0.224006635;0.22421097;L1;13.35953894
1443;Hexane;Methanol;298.15;0.2323;0.224006635;0.22421097;L1;3.63539693
1443;Hexane;Methanol;298.15;0.199;0.224006635;0.22421097;L1;11.83708457
1443;Hexane;Methanol;298.15;0.199;0.224006635;0.22421097;L1;11.83708457
1443;Hexane;Methanol;298.15;0.199;0.224006635;0.22421097;L1;11.83708457
1443;Hexane;Methanol;298.15;0.194;0.224006635;0.22421097;L1;14.38175114
1443;Hexane;Methanol;298.15;0.195663988;0.224006635;0.22421097;L1;13.52768294
1443;Hexane;Methanol;298.19436;0.208;0.224214225;0.224442673;L1;7.506387855
1443;Hexane;Methanol;298.19436;0.1984;0.224214225;0.224442673;L1;12.23167634
1443;Hexane;Methanol;298.85;0.2179;0.227326386;0.227867241;L1;4.23505687
1443;Hexane;Methanol;299.1385988;0.23695;0.228723094;0.229374663;L1;3.53370734
1443;Hexane;Methanol;299.495456;0.23705;0.2304736;0.231238615;L1;2.81347668
1443;Hexane;Methanol;299.57;0.225;0.230842603;0.231627977;L1;2.563570481
1443;Hexane;Methanol;299.624074;0.2195;0.231111009;0.231910419;L1;5.15459209
1443;Hexane;Methanol;300.243925;0.2263;0.23423264;0.235148052;L1;3.445325566
1443;Hexane;Methanol;300.43;0.2;0.235186244;0.236119967;L1;16.20603618
1443;Hexane;Methanol;300.663799;0.2325;0.236395562;0.237341156;L1;1.661628822
1443;Hexane;Methanol;300.69379;0.229;0.236551599;0.237497806;L1;3.244435833
1443;Hexane;Methanol;300.943715;0.2345;0.237860068;0.238803226;L1;1.422696177
1443;Hexane;Methanol;301.1967752;0.25682;0.239200039;0.240125021;L1;7.107526721
1443;Hexane;Methanol;301.25;0.2388;0.239483832;0.240403027;L1;0.285952677
1443;Hexane;Methanol;301.5;0.225379275;0.240826119;0.241708838;L1;6.629052523
1443;Hexane;Methanol;301.6535924;0.26049;0.241658484;0.242511088;L1;7.503896528
1443;Hexane;Methanol;302.05;0.25;0.243834521;0.244581622;L1;2.497111615
1443;Hexane;Methanol;302.4;0.237610678;0.245790052;0.246409758;L1;3.384419509
1443;Hexane;Methanol;302.59322;0.2534;0.246883794;0.247418993;L1;2.605150985
1443;Hexane;Methanol;302.75;0.2603;0.247778847;0.248237893;L1;4.929820854
1443;Hexane;Methanol;302.9210852;0.28168;0.248763454;0.249131513;L1;12.42692155
1443;Hexane;Methanol;303.134;0.282981605;0.250000495;0.250243619;L1;12.39189982
1443;Hexane;Methanol;303.134;0.255;0.250000495;0.250243619;L1;1.980064787
1443;Hexane;Methanol;303.134;0.255;0.250000495;0.250243619;L1;1.980064787
1443;Hexane;Methanol;303.143055;0.265;0.250053396;0.250290915;L1;5.805534613
1443;Hexane;Methanol;303.15;0.2398;0.250093987;0.250327191;L1;4.203155139
1443;Hexane;Methanol;303.15;0.216752034;0.250093987;0.250327191;L1;14.30827943
1443;Hexane;Methanol;303.15;0.245722118;0.250093987;0.250327191;L1;1.763549815
1443;Hexane;Methanol;303.19304;0.2589;0.250345851;0.250551999;L1;3.359852031
1443;Hexane;Methanol;303.19304;0.257;0.250345851;0.250551999;L1;2.623271845
1443;Hexane;Methanol;303.2;0.2611;0.250386631;0.250588353;L1;4.189722715
1443;Hexane;Methanol;303.68;0.275;0.253233991;0.253396046;L1;8.245717066
1443;Hexane;Methanol;303.722881;0.2673;0.253491774;0.253690178;L1;5.304024941
1443;Hexane;Methanol;304.213568;0.30287;0.256482891;0.257055927;L1;16.62417111
1443;Hexane;Methanol;304.44;0.25;0.257889499;0.258609083;L1;3.107027711
1443;Hexane;Methanol;304.45;0.2783;0.257952013;0.258677676;L1;7.592609599
1443;Hexane;Methanol;304.47;0.29;0.258077143;0.258814861;L1;11.66223807
1443;Hexane;Methanol;304.472656;0.282;0.25809377;0.258833079;L1;8.858410311
1443;Hexane;Methanol;304.89253;0.2957;0.260752652;0.261713104;L1;12.57731616
1443;Hexane;Methanol;305.2701452;0.33927;0.263197051;0.264303264;L1;25.38932572
1443;Hexane;Methanol;305.312404;0.3055;0.263473835;0.264593128;L1;14.79957122
1443;Hexane;Methanol;305.4;0.280626082;0.264049682;0.265193972;L1;6.088584054
1443;Hexane;Methanol;305.53;0.325;0.264909599;0.266085676;L1;20.44365497
1443;Hexane;Methanol;305.55;0.298;0.265042463;0.266222861;L1;11.7203436
1443;Hexane;Methanol;305.69229;0.304;0.265992151;0.267198865;L1;13.3560899
1443;Hexane;Methanol;305.8239236;0.35772;0.266877715;0.268101774;L1;29.29599987
1443;Hexane;Methanol;305.882233;0.3165;0.26727217;0.268501733;L1;16.90557398
1443;Hexane;Methanol;305.9;0.276604872;0.267392629;0.268623601;L1;3.387193228
1443;Hexane;Methanol;305.9168864;0.38064;0.267507235;0.26873943;L1;35.27074328
1443;Hexane;Methanol;306.17;0.3139;0.269238864;0.270475601;L1;15.34755077
1443;Hexane;Methanol;306.19;0.37;0.269376805;0.270612787;L1;31.73918436
1443;Hexane;Methanol;306.19214;0.3488;0.269391575;0.270627465;L1;25.83327032
1443;Hexane;Methanol;306.39;0.4001;0.270765377;0.271984639;L1;39.04618368
1443;Hexane;Methanol;306.4;0.3;0.270835247;0.272053231;L1;10.22717819
1443;Hexane;Methanol;306.562029;0.3764;0.271973303;0.27316463;L1;32.49484986
1443;Hexane;Methanol;306.652002;0.412;0.272610153;0.273781778;L1;41.29805866
1443;Hexane;Methanol;306.652002;0.3962;0.272610153;0.273781778;L1;37.38763716
1443;Hexane;Methanol;306.711984;0.416;0.27303669;0.27419321;L1;42.10790781
1443;Hexane;Methanol;306.781963;0.3516;0.273536328;0.274673214;L1;25.10597273
1443;Hexane;Methanol;307.9;0.354219796;0.281830132;0.28234212;L1;22.86130913
1443;Hexane;Methanol;308.15;0.298013903;0.283770428;0.284056935;L1;4.897458055
1443;Hexane;Methanol;308.4;0.398993574;0.285744611;0.28577175;L1;33.38468678
1443;Hexane;Methanol;308.9;0.444782558;0.28980006;0.290443263;L1;42.83942909
1443;Hexane;Methanol;255.15;0.92;0.961462213;0.960889598;L2;4.408159382
1443;Hexane;Methanol;261.85;0.9098;0.94803558;0.947680768;L2;4.116723836
1443;Hexane;Methanol;267.33;0.9;0.9344378;0.933956697;L2;3.755030215
1443;Hexane;Methanol;268.15;0.896;0.932175112;0.931903096;L2;3.958027251
1443;Hexane;Methanol;271.95;0.89;0.920839029;0.920047683;L2;3.406377951
1443;Hexane;Methanol;272.5;0.885;0.919076658;0.918238827;L2;3.778188847
1443;Hexane;Methanol;274.35;0.88;0.912909479;0.912154492;L2;3.671482124
1443;Hexane;Methanol;275.1488;0.8959;0.910129073;0.909527375;L2;1.575762886
1443;Hexane;Methanol;278.15;0.8633;0.899013709;0.898501634;L2;4.053602813
1443;Hexane;Methanol;278.15;0.863;0.899013709;0.898501634;L2;4.088359229
1443;Hexane;Methanol;278.15;0.866907873;0.899013709;0.898501634;L2;3.636557176
1443;Hexane;Methanol;278.15;0.863;0.899013709;0.898501634;L2;4.088359229
1443;Hexane;Methanol;278.15;0.906818731;0.899013709;0.898501634;L2;0.86442912
1443;Hexane;Methanol;278.15;0.878289007;0.899013709;0.898501634;L2;2.332257875
1443;Hexane;Methanol;278.1992628;0.8964;0.898822104;0.898293515;L2;0.269839114
1443;Hexane;Methanol;279.35;0.87;0.894258709;0.89343202;L2;2.75019053
1443;Hexane;Methanol;283.05;0.8501;0.878387358;0.877800709;L2;3.273368843
1443;Hexane;Methanol;283.144;0.8778;0.877959068;0.877403589;L2;0.018119543
1443;Hexane;Methanol;283.144;0.8783;0.877959068;0.877403589;L2;0.038824824
1443;Hexane;Methanol;283.15;0.8392;0.877931686;0.877378241;L2;4.511972738
1443;Hexane;Methanol;283.15;0.849060094;0.877931686;0.877378241;L2;3.343881856
1443;Hexane;Methanol;283.15;0.872348744;0.877931686;0.877378241;L2;0.637950473
1443;Hexane;Methanol;283.15;0.846859782;0.877931686;0.877378241;L2;3.603365015
1443;Hexane;Methanol;284.147755;0.8578;0.873304169;0.873163046;L2;1.791294085
1443;Hexane;Methanol;284.147755;0.8578;0.873304169;0.873163046;L2;1.791294085
1443;Hexane;Methanol;284.19774;0.8464;0.873068418;0.872951876;L2;3.102186289
1443;Hexane;Methanol;285.387383;0.8384;0.867344281;0.866856257;L2;3.394067916
1443;Hexane;Methanol;285.65;0.8286;0.866050868;0.86545517;L2;4.420611565
1443;Hexane;Methanol;286.14;0.83;0.863608117;0.862840972;L2;3.969339628
1443;Hexane;Methanol;286.84;0.83;0.860050808;0.859106403;L2;3.556576606
1443;Hexane;Methanol;288.146555;0.8156;0.853191713;0.852135804;L2;4.50602351
1443;Hexane;Methanol;288.146555;0.8156;0.853191713;0.852135804;L2;4.50602351
1443;Hexane;Methanol;288.15;0.823092524;0.853173241;0.852117425;L2;3.589400562
1443;Hexane;Methanol;288.15;0.814;0.853173241;0.852117425;L2;4.700225682
1443;Hexane;Methanol;288.15;0.814;0.853173241;0.852117425;L2;4.700225682
1443;Hexane;Methanol;288.15;0.869623245;0.853173241;0.852117425;L2;1.909744331
1443;Hexane;Methanol;288.15;0.8139;0.853173241;0.852117425;L2;4.712511449
1443;Hexane;Methanol;288.4;0.842479255;0.851827195;0.85078365;L2;1.103464508
1443;Hexane;Methanol;288.95;0.8164;0.84882707;0.847849346;L2;3.895104816
1443;Hexane;Methanol;289.246225;0.8217;0.847188805;0.846268957;L2;3.054821496
1443;Hexane;Methanol;290.64587;0.7954;0.839229548;0.838801714;L2;5.363913282
1443;Hexane;Methanol;290.92;0.8;0.837627323;0.837339203;L2;4.596155179
1443;Hexane;Methanol;290.95;0.8001;0.837451098;0.83717915;L2;4.562615208
1443;Hexane;Methanol;292.34;0.8;0.829090796;0.828531758;L2;3.571794591
1443;Hexane;Methanol;292.77;0.7861;0.826425077;0.825666371;L2;5.002525127
1443;Hexane;Methanol;292.9954;0.764;0.825012306;0.824164375;L2;7.683051296
1443;Hexane;Methanol;293.138;0.8189;0.824112965;0.823214133;L2;0.634563718
1443;Hexane;Methanol;293.14537;0.764;0.824066366;0.823165021;L2;7.568327927
1443;Hexane;Methanol;293.14537;0.7709;0.824066366;0.823165021;L2;6.669240497
1443;Hexane;Methanol;293.14537;0.7896;0.824066366;0.823165021;L2;4.272458032
1443;Hexane;Methanol;293.14537;0.7709;0.824066366;0.823165021;L2;6.669240497
1443;Hexane;Methanol;293.15;0.808997074;0.824037086;0.823134168;L2;1.842023652
1443;Hexane;Methanol;293.15;0.7792;0.824037086;0.823134168;L2;5.594778443
1443;Hexane;Methanol;293.15;0.802157257;0.824037086;0.823134168;L2;2.691086707
1443;Hexane;Methanol;293.15;0.802157257;0.824037086;0.823134168;L2;2.691086707
1443;Hexane;Methanol;293.19536;0.807;0.82374999;0.822831903;L2;2.05434052
1443;Hexane;Methanol;293.405318;0.7926;0.822415366;0.821432808;L2;3.692689799
1443;Hexane;Methanol;293.69526;0.7561;0.820556671;0.819500724;L2;8.180933412
1443;Hexane;Methanol;293.88;0.775;0.819362819;0.818269674;L2;5.566395834
1443;Hexane;Methanol;293.89;0.8256;0.819297981;0.818203037;L2;0.766254152
1443;Hexane;Methanol;293.97;0.7956;0.818778489;0.817669942;L2;2.871703481
1443;Hexane;Methanol;295.69486;0.783;0.807224494;0.806176007;L2;3.046911673
1443;Hexane;Methanol;296.96;0.75;0.798298569;0.797745505;L2;6.240946816
1443;Hexane;Methanol;297.264546;0.7477;0.796089622;0.795716105;L2;6.270994142
1443;Hexane;Methanol;297.884422;0.7449;0.791518378;0.791445145;L2;6.070311737
1443;Hexane;Methanol;297.916088;0.76323;0.791282107;0.791182427;L2;3.609512308
1443;Hexane;Methanol;297.9944;0.79;0.790696624;0.790532709;L2;0.088141405
1443;Hexane;Methanol;298.136;0.73;0.789633755;0.789357919;L2;7.852470205
1443;Hexane;Methanol;298.136;0.73;0.789633755;0.789357919;L2;7.852470205
1443;Hexane;Methanol;298.14437;0.7053;0.789570757;0.789288477;L2;11.28662079
1443;Hexane;Methanol;298.14437;0.7053;0.789570757;0.789288477;L2;11.28662079
1443;Hexane;Methanol;298.14437;0.7647;0.789570757;0.789288477;L2;3.200585205
1443;Hexane;Methanol;298.14437;0.7417;0.789570757;0.789288477;L2;6.254460336
1443;Hexane;Methanol;298.15;0.744804107;0.789528371;0.789241768;L2;5.831452867
1443;Hexane;Methanol;298.15;0.747;0.789528371;0.789241768;L2;5.537058371
1443;Hexane;Methanol;298.15;0.7332;0.789528371;0.789241768;L2;7.401725288
1443;Hexane;Methanol;298.15;0.733;0.789528371;0.789241768;L2;7.429006696
1443;Hexane;Methanol;298.15;0.7278;0.789528371;0.789241768;L2;8.140948367
1443;Hexane;Methanol;298.15;0.733;0.789528371;0.789241768;L2;7.429006696
1443;Hexane;Methanol;298.15;0.756665679;0.789528371;0.789241768;L2;4.251425232
1443;Hexane;Methanol;298.19436;0.755;0.789194102;0.788873733;L2;4.429455164
1443;Hexane;Methanol;298.19436;0.7678;0.789194102;0.788873733;L2;2.748301832
1443;Hexane;Methanol;298.84423;0.7485;0.784234426;0.783482064;L2;4.66367844
1443;Hexane;Methanol;298.97;0.7249;0.783260807;0.782438609;L2;7.743201347
1443;Hexane;Methanol;299.0146484;0.75792;0.782914081;0.782068182;L2;3.244512033
1443;Hexane;Methanol;299.21;0.734;0.781390265;0.78044744;L2;6.256569496
1443;Hexane;Methanol;299.4;0.754353489;0.779897522;0.778871098;L2;3.33014526
1443;Hexane;Methanol;299.6314016;0.74586;0.778065115;0.776951267;L2;4.227230067
1443;Hexane;Methanol;300.69379;0.72;0.769443048;0.768137124;L2;6.64157262
1443;Hexane;Methanol;300.743775;0.7058;0.769028668;0.767722421;L2;8.579633683
1443;Hexane;Methanol;300.95;0.7;0.767310521;0.766011468;L2;9.181123595
1443;Hexane;Methanol;301.5306416;0.71226;0.762397818;0.761194155;L2;6.802547716
1443;Hexane;Methanol;301.62;0.7;0.761631726;0.76045279;L2;8.438280396
1443;Hexane;Methanol;302;0.68;0.758343203;0.757300106;L2;10.90432594
1443;Hexane;Methanol;302.12;0.675;0.757294251;0.756304522;L2;11.50391944
1443;Hexane;Methanol;302.143355;0.6543;0.757089507;0.756110756;L2;14.59155243
1443;Hexane;Methanol;302.91;0.6599;0.750259103;0.749750259;L2;12.83303091
1443;Hexane;Methanol;303.134;0.67;0.748222191;0.747891835;L2;11.04222682
1443;Hexane;Methanol;303.134;0.67;0.748222191;0.747891835;L2;11.04222682
1443;Hexane;Methanol;303.143055;0.636;0.748139449;0.74781671;L2;16.23908258
1443;Hexane;Methanol;303.1479944;0.68571;0.7480943;0.74777573;L2;8.707424207
1443;Hexane;Methanol;303.15;0.711339852;0.748075966;0.74775909;L2;5.035422384
1443;Hexane;Methanol;303.15;0.6885;0.748075966;0.74775909;L2;8.298921284
1443;Hexane;Methanol;303.15;0.758211556;0.748075966;0.74775909;L2;1.345791332
1443;Hexane;Methanol;303.19;0.65;0.747709972;0.747427229;L2;14.00428019
1443;Hexane;Methanol;303.19304;0.676;0.747682131;0.747402007;L2;10.07848535
1443;Hexane;Methanol;303.323001;0.6585;0.746488628;0.746323781;L2;12.54158619
1443;Hexane;Methanol;303.942815;0.6538;0.740704694;0.740234904;L2;12.48005286
1443;Hexane;Methanol;304.0276424;0.65134;0.739901048;0.739351305;L2;12.74846791
1443;Hexane;Methanol;304.042785;0.6453;0.739757277;0.739193573;L2;13.6606803
1443;Hexane;Methanol;304.09;0.655;0.739308385;0.738701761;L2;12.10798988
1443;Hexane;Methanol;304.142755;0.619;0.738805728;0.738152241;L2;17.69297286
1443;Hexane;Methanol;304.24;0.6249;0.737876119;0.737139295;L2;16.61843126
1443;Hexane;Methanol;304.35;0.6199;0.736819783;0.735993487;L2;17.27851602
1443;Hexane;Methanol;304.842545;0.6204;0.732026108;0.730862922;L2;16.54517487
1443;Hexane;Methanol;304.89;0.6;0.731558641;0.73036861;L2;19.82477275
1443;Hexane;Methanol;304.922521;0.6155;0.731237705;0.730029857;L2;17.23036396
1443;Hexane;Methanol;305.168186;0.60228;0.728797954;0.727470903;L2;19.0674085
1443;Hexane;Methanol;305.55;0.702;0.724950981;0.723493761;L2;3.217063597
1443;Hexane;Methanol;305.69229;0.609;0.723499753;0.722011606;L2;17.22819375
1443;Hexane;Methanol;305.81;0.5984;0.72229185;0.720785487;L2;18.81698543
1443;Hexane;Methanol;305.8239236;0.55564;0.722148524;0.720640452;L2;26.21102277
1443;Hexane;Methanol;305.92;0.55;0.721156956;0.719639678;L2;27.09385275
1443;Hexane;Methanol;306.05;0.4461;0.719808018;0.718285541;L2;47.84413924
1443;Hexane;Methanol;306.05;0.5539;0.719808018;0.718285541;L2;26.20003695
1443;Hexane;Methanol;306.1208048;0.514;0.719069769;0.717548008;L2;33.57351232
1443;Hexane;Methanol;306.132158;0.5534;0.71895116;0.717429748;L2;26.17123598
1443;Hexane;Methanol;306.142155;0.5194;0.718846665;0.717325614;L2;32.49737746
1443;Hexane;Methanol;306.1747832;0.44075;0.718505265;0.716985745;L2;48.86952125
1443;Hexane;Methanol;306.19214;0.5449;0.718323436;0.716804949;L2;27.63176436
1443;Hexane;Methanol;306.2107688;0.47891;0.718128111;0.716610903;L2;40.51352917
1443;Hexane;Methanol;306.33;0.5;0.716873764;0.715368939;L2;36.02916648
1443;Hexane;Methanol;306.362089;0.539;0.716534932;0.715034686;L2;28.47114285
1443;Hexane;Methanol;306.4;0.688494363;0.716133939;0.714639788;L2;3.936008421
1443;Hexane;Methanol;306.45;0.47;0.715603937;0.714118966;L2;42.03941591
1443;Hexane;Methanol;306.482053;0.5264;0.715263489;0.713785088;L2;30.65896111
1443;Hexane;Methanol;306.51;0.45;0.714966214;0.71349398;L2;46.29877052
1443;Hexane;Methanol;306.612014;0.488;0.713877589;0.712431357;L2;38.03960983
1443;Hexane;Methanol;306.632008;0.5017;0.713663581;0.712223091;L2;35.24093452
1443;Hexane;Methanol;306.65;0.6;0.71347082;0.712035678;L2;17.3211884
1443;Hexane;Methanol;306.69199;0.44;0.713020279;0.711598292;L2;48.27351351
1443;Hexane;Methanol;306.69199;0.44;0.713020279;0.711598292;L2;48.27351351
1443;Hexane;Methanol;306.701987;0.4995;0.712912875;0.711494159;L2;35.575162
1443;Hexane;Methanol;306.701987;0.5502;0.712912875;0.711494159;L2;25.90773696
1443;Hexane;Methanol;306.711984;0.4704;0.712805417;0.711390026;L2;41.56250798
1443;Hexane;Methanol;306.741975;0.454;0.712482722;0.711077626;L2;45.06584646
1443;Hexane;Methanol;306.741975;0.454;0.712482722;0.711077626;L2;45.06584646
1443;Hexane;Methanol;306.83252;0.41;0.711505537;0.71013447;L2;55.12260403
1443;Hexane;Methanol;306.83252;0.465;0.711505537;0.71013447;L2;42.53457944
1443;Hexane;Methanol;306.83252;0.465;0.711505537;0.71013447;L2;42.53457944
1443;Hexane;Methanol;306.83252;0.41;0.711505537;0.71013447;L2;55.12260403
1443;Hexane;Methanol;306.89193;0.6;0.710861948;0.709515629;L2;16.95485901
1443;Hexane;Methanol;306.89193;0.6;0.710861948;0.709515629;L2;16.95485901
1443;Hexane;Methanol;306.9919;0.45;0.709774602;0.708474298;L2;45.56998751
1443;Hexane;Methanol;307;0.3635;0.709686259;0.708389925;L2;66.90436867
1443;Hexane;Methanol;307;0.5252;0.709686259;0.708389925;L2;30.10438413
1443;Hexane;Methanol;307.021891;0.3968;0.709447322;0.708161899;L2;58.10538711
1443;Hexane;Methanol;307.051882;0.4558;0.709119541;0.707849499;L2;44.19700004
1443;Hexane;Methanol;307.141855;0.4478;0.708133181;0.706912301;L2;45.82854812
1443;Hexane;Methanol;307.361789;0.523;0.705702773;0.704621372;L2;29.96126831
1443;Hexane;Methanol;307.37;0.4924;0.705611499;0.704535843;L2;35.97734067
1443;Hexane;Methanol;307.39178;0.4305;0.705369202;0.704308973;L2;49.37740323
1443;Hexane;Methanol;307.47;0.4345;0.704496748;0.703494199;L2;48.32877708
1443;Hexane;Methanol;307.69169;0.447;0.702004459;0.701184979;L2;45.13811607
1443;Hexane;Methanol;307.69169;0.447;0.702004459;0.701184979;L2;45.13811607
1443;Hexane;Methanol;307.7;0.644800161;0.701910465;0.701098418;L2;8.486541275
1443;Hexane;Methanol;307.9916;0.453;0.698585557;0.698060985;L2;43.31655321
1443;Hexane;Methanol;307.9916;0.453;0.698585557;0.698060985;L2;43.31655321
1443;Hexane;Methanol;308.071576;0.5867;0.697664439;0.69722792;L2;17.32246249
1443;Hexane;Methanol;308.071576;0.5867;0.697664439;0.69722792;L2;17.32246249
1443;Hexane;Methanol;308.15;0.6471;0.696757274;0.696411021;L2;7.393626355
1443;Hexane;Methanol;308.15;0.571791912;0.696757274;0.696411021;L2;19.76619706
1443;Hexane;Methanol;308.4;0.614709844;0.693839023;0.693806911;L2;12.10896202
1443;Hexane;Methanol;308.9;0.575830036;0.687877416;0.687151334;L2;17.77981063
1443;Hexane;Methanol;309.18;0.4;0.684462516;0.683383701;L2;53.71693351
1443;Hexane;Methanol;309.261219;0.461;0.683461272;0.682290832;L2;39.37719505
1443;Hexane;Methanol;309.44;0.45;0.681239917;0.679885186;L2;41.4666962
1443;Hexane;Methanol;309.82;0.5;0.676436312;0.67477197;L2;30.22302019
1443;Hexane;Methanol;309.9;0.529949154;0.675410318;0.673695504;L2;24.25393186
1451;Hexane;Water;273.1000159;3.45E-06;;;L1;
1451;Hexane;Water;277.1494161;3.42E-06;;;L1;
1451;Hexane;Water;283.15;3.07E-06;2.96E-06;3.04E-06;L1;3.68873616
1451;Hexane;Water;287.146855;3.17E-06;3.28E-06;3.45E-06;L1;3.527880421
1451;Hexane;Water;288.146555;2.24E-06;3.37E-06;3.55E-06;L1;40.83396491
1451;Hexane;Water;288.19654;2.24E-06;3.37E-06;3.56E-06;L1;40.96271741
1451;Hexane;Water;293.14537;3.00E-06;3.83E-06;4.06E-06;L1;24.36954985
1451;Hexane;Water;293.14537;2.15E-06;3.83E-06;4.06E-06;L1;57.6839945
1451;Hexane;Water;293.14537;3.00E-06;3.83E-06;4.06E-06;L1;24.36954985
1451;Hexane;Water;293.19536;2.15E-06;3.83E-06;4.07E-06;L1;57.81021167
1451;Hexane;Water;298.09;2.08E-06;4.33E-06;4.57E-06;L1;73.3584234
1451;Hexane;Water;298.09;2.08E-06;4.33E-06;4.57E-06;L1;73.3584234
1451;Hexane;Water;298.09;2.08E-06;4.33E-06;4.57E-06;L1;73.3584234
1451;Hexane;Water;298.136;1.99E-06;4.34E-06;4.57E-06;L1;77.89565
1451;Hexane;Water;298.136;3.39E-06;4.34E-06;4.57E-06;L1;24.62612173
1451;Hexane;Water;298.136;1.99E-06;4.34E-06;4.57E-06;L1;77.89565
1451;Hexane;Water;298.136;2.90E-05;4.34E-06;4.57E-06;L1;190.0204691
1451;Hexane;Water;298.14437;2.80E-06;4.34E-06;4.57E-06;L1;43.76789499
1451;Hexane;Water;298.14437;1.98E-06;4.34E-06;4.57E-06;L1;78.42015224
1451;Hexane;Water;298.14437;2.59E-06;4.34E-06;4.57E-06;L1;51.56404914
1451;Hexane;Water;298.14437;1.98E-06;4.34E-06;4.57E-06;L1;78.42015224
1451;Hexane;Water;298.14437;2.11E-06;4.34E-06;4.57E-06;L1;72.06104196
1451;Hexane;Water;298.14437;2.58E-06;4.34E-06;4.57E-06;L1;51.95089682
1451;Hexane;Water;298.14437;2.50E-06;4.34E-06;4.57E-06;L1;55.10076352
1451;Hexane;Water;298.14437;3.83E-06;4.34E-06;4.57E-06;L1;12.44335639
1451;Hexane;Water;298.19436;2.11E-06;4.34E-06;4.58E-06;L1;72.18479543
1451;Hexane;Water;298.19436;3.40E-06;4.34E-06;4.58E-06;L1;24.47604701
1451;Hexane;Water;303.143055;2.09E-06;4.90E-06;5.08E-06;L1;85.26946799
1451;Hexane;Water;303.15;2.91E-06;4.90E-06;5.08E-06;L1;52.1874299
1451;Hexane;Water;303.19304;2.09E-06;4.91E-06;5.09E-06;L1;85.39082849
1451;Hexane;Water;303.95;2.06E-06;5.00E-06;5.16E-06;L1;88.671633
1451;Hexane;Water;308;2.09E-06;5.51E-06;5.58E-06;L1;96.95369889
1451;Hexane;Water;308.141555;2.11E-06;5.53E-06;5.59E-06;L1;96.33860625
1451;Hexane;Water;308.141555;2.69E-06;5.53E-06;5.59E-06;L1;72.05328164
1451;Hexane;Water;308.19154;2.11E-06;5.54E-06;5.60E-06;L1;96.4576661
1451;Hexane;Water;310.920721;2.38E-06;5.91E-06;5.95E-06;L1;90.88300132
1451;Hexane;Water;313.140055;4.98E-06;6.22E-06;6.36E-06;L1;22.25979264
1451;Hexane;Water;313.140055;4.35E-06;6.22E-06;6.36E-06;L1;35.78519723
1451;Hexane;Water;313.15;2.33E-06;6.22E-06;6.36E-06;L1;98.23920277
1451;Hexane;Water;313.15;2.33E-06;6.22E-06;6.36E-06;L1;98.23920277
1451;Hexane;Water;313.15;3.22E-06;6.22E-06;6.36E-06;L1;65.88789357
1451;Hexane;Water;313.240025;2.11E-06;6.24E-06;6.38E-06;L1;108.3676411
1451;Hexane;Water;318;2.26E-06;6.96E-06;7.25E-06;L1;112.5251726
1451;Hexane;Water;318.138555;4.64E-06;6.99E-06;7.28E-06;L1;40.90824322
1451;Hexane;Water;323.15;3.15E-06;7.83E-06;8.20E-06;L1;91.03442714
1451;Hexane;Water;328;2.57E-06;8.72E-06;9.09E-06;L1;122.2167571
1451;Hexane;Water;328.135555;4.42E-06;8.75E-06;9.12E-06;L1;68.29344952
1451;Hexane;Water;328.835345;2.76E-06;8.89E-06;9.25E-06;L1;116.931143
1451;Hexane;Water;333.15;3.08E-06;9.77E-06;1.00E-05;L1;115.4140388
1451;Hexane;Water;333.15;3.08E-06;9.77E-06;1.00E-05;L1;115.4140388
1451;Hexane;Water;333.15;3.08E-06;9.77E-06;1.00E-05;L1;115.4140388
1451;Hexane;Water;338;3.02E-06;1.08E-05;1.09E-05;L1;127.8378831
1451;Hexane;Water;342.832145;3.18E-06;1.20E-05;1.22E-05;L1;132.9211468
1451;Hexane;Water;342.832145;3.22E-06;1.20E-05;1.22E-05;L1;131.6711306
1451;Hexane;Water;343.45;2.77E-06;1.22E-05;1.24E-05;L1;148.0224679
1451;Hexane;Water;348;3.69E-06;1.34E-05;1.38E-05;L1;128.820059
1451;Hexane;Water;353.15;4.58E-06;1.49E-05;1.55E-05;L1;117.7661284
1451;Hexane;Water;353.15;4.58E-06;1.49E-05;1.55E-05;L1;117.7661284
1451;Hexane;Water;353.15;4.58E-06;1.49E-05;1.55E-05;L1;117.7661284
1451;Hexane;Water;358;4.69E-06;1.64E-05;1.70E-05;L1;125.1700037
1451;Hexane;Water;366.455704;5.73E-06;1.94E-05;1.97E-05;L1;121.8285707
1451;Hexane;Water;367.52549;5.35E-06;1.98E-05;2.00E-05;L1;130.7701177
1451;Hexane;Water;368;6.08E-06;2.00E-05;2.02E-05;L1;118.8995286
1451;Hexane;Water;372.22455;4.68E-06;2.17E-05;2.19E-05;L1;153.20362
1451;Hexane;Water;373.12437;6.21E-06;2.20E-05;2.24E-05;L1;126.6361378
1451;Hexane;Water;373.75;6.16E-06;2.23E-05;2.27E-05;L1;128.6368187
1451;Hexane;Water;387.52149;6.10E-06;2.88E-05;2.97E-05;L1;155.3007716
1451;Hexane;Water;388;1.10E-05;2.91E-05;3.00E-05;L1;97.2139528
1451;Hexane;Water;394.42011;7.86E-06;3.27E-05;3.33E-05;L1;142.4330204
1451;Hexane;Water;403.95;1.45E-05;3.87E-05;3.92E-05;L1;98.04329417
1451;Hexane;Water;408;2.12E-05;4.15E-05;4.25E-05;L1;67.08386105
1451;Hexane;Water;410.41691;1.19E-05;4.32E-05;4.44E-05;L1;128.9861649
1451;Hexane;Water;422.004592;2.71E-05;5.26E-05;5.36E-05;L1;66.24397185
1451;Hexane;Water;423.11437;3.39E-05;5.35E-05;5.44E-05;L1;45.69782809
1451;Hexane;Water;424.25;2.67E-05;5.46E-05;5.53E-05;L1;71.45239261
1451;Hexane;Water;424.91401;2.22E-05;5.52E-05;5.59E-05;L1;91.00587741
1451;Hexane;Water;428;4.41E-05;5.80E-05;5.83E-05;L1;27.43997512
1451;Hexane;Water;443.15;4.80E-05;7.40E-05;7.58E-05;L1;43.29566947
1451;Hexane;Water;473.11;0.000185;0.000116738;0.000119267;L1;46.0422223
1451;Hexane;Water;273.1000159;0.999866071;;;L2;
1451;Hexane;Water;283.15;0.999691;0.999998904;0.999998475;L2;0.030795174
1451;Hexane;Water;293.138;0.999470281;0.99999782;0.99999681;L2;0.052767936
1451;Hexane;Water;293.138;0.999517033;0.99999782;0.99999681;L2;0.048090368
1451;Hexane;Water;293.138;0.99921;0.99999782;0.99999681;L2;0.078813223
1451;Hexane;Water;293.14537;0.99963;0.999997819;0.999996809;L2;0.036788742
1451;Hexane;Water;293.14537;0.99963;0.999997819;0.999996809;L2;0.036788742
1451;Hexane;Water;293.14537;0.99954;0.999997819;0.999996809;L2;0.045792478
1451;Hexane;Water;293.15;0.99952;0.999997818;0.999996808;L2;0.047793352
1451;Hexane;Water;298.136;0.9994;0.999996988;0.999995977;L2;0.059716806
1451;Hexane;Water;298.14437;0.999569615;0.999996986;0.999995976;L2;0.042746403
1451;Hexane;Water;298.14437;0.99949;0.999996986;0.999995976;L2;0.050711648
1451;Hexane;Water;298.31;0.9996;0.999996955;0.999995948;L2;0.039703463
1451;Hexane;Water;303.03;0.99949;0.999995917;0.999995162;L2;0.050604728
1451;Hexane;Water;303.134;0.999144301;0.999995891;0.999995144;L2;0.085195655
1451;Hexane;Water;303.143055;0.999756079;0.999995889;0.999995143;L2;0.023983972
1451;Hexane;Water;303.143055;0.999598299;0.999995889;0.999995143;L2;0.039767067
1451;Hexane;Water;303.15;0.999217;0.999995887;0.999995142;L2;0.077919393
1451;Hexane;Water;308.05;0.99936;0.999994489;0.999994325;L2;0.063469358
1451;Hexane;Water;313.06;0.99927;0.999992649;0.999991654;L2;0.072291582
1451;Hexane;Water;313.13;0.99848539;0.99999262;0.9999916;L2;0.150837836
1451;Hexane;Water;313.140055;0.99877;0.999992616;0.999991593;L2;0.122337307
1451;Hexane;Water;313.140055;0.99883;0.999992616;0.999991593;L2;0.116330098
1451;Hexane;Water;323.15;0.99863;0.999987285;0.999983918;L2;0.135822428
1451;Hexane;Water;354.798554;0.9933;0.999943917;0.999934494;L2;0.666646081
1451;Hexane;Water;366.455704;0.99;0.999910063;0.999905739;L2;0.996039512
1451;Hexane;Water;367.52549;0.99405;0.999906241;0.9999031;L2;0.587400855
1451;Hexane;Water;373.12437;0.99291;0.99988394;0.999877095;L2;0.699918711
1451;Hexane;Water;379.233148;0.9849;0.999854709;0.999838198;L2;1.506986442
1451;Hexane;Water;394.230148;0.977;0.99975607;0.999742705;L2;2.302466684
1451;Hexane;Water;400.338926;0.9728;0.999702492;0.999701178;L2;2.72792153
1451;Hexane;Water;423.11437;0.9689;0.999410298;0.999382216;L2;3.100399558
1451;Hexane;Water;473.11;0.89;0.997940655;0.997850311;L2;11.44723478
1460;Hexane;Acetic anhydride;323.2;0.2154;0.406102501;0.406362839;L1;63.41088279
1460;Hexane;Acetic anhydride;326.11;0.2478;0.445317927;0.446342692;L1;58.61665005
1460;Hexane;Acetic anhydride;331.4;0.3252;;;L1;
1460;Hexane;Acetic anhydride;331.9;0.3394;;;L1;
1460;Hexane;Acetic anhydride;332.05;0.3373;;;L1;
1460;Hexane;Acetic anhydride;332.1;0.341;;;L1;
1460;Hexane;Acetic anhydride;332.49;0.3502;;;L1;
1460;Hexane;Acetic anhydride;334.4;0.4037;;;L1;
1460;Hexane;Acetic anhydride;334.64;0.4334;;;L1;
1460;Hexane;Acetic anhydride;334.86;0.457;;;L1;
1460;Hexane;Acetic anhydride;334.9;0.4649;;;L1;
1460;Hexane;Acetic anhydride;334.93;0.4765;;;L1;
1460;Hexane;Acetic anhydride;334.93;0.4802;;;L1;
1460;Hexane;Acetic anhydride;334.93;0.4817;;;L1;
1460;Hexane;Acetic anhydride;334.93;0.4978;;;L1;
1460;Hexane;Acetic anhydride;334.94;0.4914;;;L1;
1460;Hexane;Acetic anhydride;335;0.5122;;;L1;
1460;Hexane;Acetic anhydride;335.05;0.5168;;;L1;
1460;Hexane;Acetic anhydride;325.3;0.8055;0.698878919;0.69692643;L2;14.1985695
1460;Hexane;Acetic anhydride;329.19;0.7627;0.617282757;0.61262883;L2;21.15375737
1460;Hexane;Acetic anhydride;329.61;0.7562;0.596510764;0.593009331;L2;23.72086052
1460;Hexane;Acetic anhydride;330.41;0.7452;;;L2;
1460;Hexane;Acetic anhydride;330.91;0.741;;;L2;
1460;Hexane;Acetic anhydride;331.64;0.7293;;;L2;
1460;Hexane;Acetic anhydride;332.84;0.7052;;;L2;
1460;Hexane;Acetic anhydride;333.49;0.6853;;;L2;
1460;Hexane;Acetic anhydride;333.73;0.6718;;;L2;
1460;Hexane;Acetic anhydride;333.84;0.664;;;L2;
1460;Hexane;Acetic anhydride;334.21;0.6429;;;L2;
1460;Hexane;Acetic anhydride;334.32;0.6348;;;L2;
1460;Hexane;Acetic anhydride;334.57;0.6171;;;L2;
1460;Hexane;Acetic anhydride;334.93;0.5888;;;L2;
1460;Hexane;Acetic anhydride;334.96;0.5806;;;L2;
1460;Hexane;Acetic anhydride;334.97;0.5827;;;L2;
1460;Hexane;Acetic anhydride;335;0.5366;;;L2;
1463;Hexane;N-Methyl-2-pyrrolidone;286.23;0.1458;;;L1;
1463;Hexane;N-Methyl-2-pyrrolidone;293.67;0.169;;;L1;
1463;Hexane;N-Methyl-2-pyrrolidone;297.47;0.184;;;L1;
1463;Hexane;N-Methyl-2-pyrrolidone;298.2;0.17424093;;;L1;
1463;Hexane;N-Methyl-2-pyrrolidone;298.25;0.189;;;L1;
1463;Hexane;N-Methyl-2-pyrrolidone;300.12;0.2115;;;L1;
1463;Hexane;N-Methyl-2-pyrrolidone;300.41;0.1972;;;L1;
1463;Hexane;N-Methyl-2-pyrrolidone;306.55;0.228;;;L1;
1463;Hexane;N-Methyl-2-pyrrolidone;307.75;0.2417;;;L1;
1463;Hexane;N-Methyl-2-pyrrolidone;308.89;0.2432;;;L1;
1463;Hexane;N-Methyl-2-pyrrolidone;312.54;0.2696;;;L1;
1463;Hexane;N-Methyl-2-pyrrolidone;313.74;0.3085;;;L1;
1463;Hexane;N-Methyl-2-pyrrolidone;315.36;0.2949;;;L1;
1463;Hexane;N-Methyl-2-pyrrolidone;317.74;0.3582;;;L1;
1463;Hexane;N-Methyl-2-pyrrolidone;319.13;0.3407;;;L1;
1463;Hexane;N-Methyl-2-pyrrolidone;319.15;0.313;;;L1;
1463;Hexane;N-Methyl-2-pyrrolidone;320.3;0.4067;;;L1;
1463;Hexane;N-Methyl-2-pyrrolidone;320.36;0.3745;;;L1;
1463;Hexane;N-Methyl-2-pyrrolidone;320.85;0.456;;;L1;
1463;Hexane;N-Methyl-2-pyrrolidone;321.75;0.4016;;;L1;
1463;Hexane;N-Methyl-2-pyrrolidone;321.92;0.4996;;;L1;
1463;Hexane;N-Methyl-2-pyrrolidone;321.95;0.391;;;L1;
1463;Hexane;N-Methyl-2-pyrrolidone;322.27;0.5553;;;L1;
1463;Hexane;N-Methyl-2-pyrrolidone;322.29;0.4188;;;L1;
1463;Hexane;N-Methyl-2-pyrrolidone;322.34;0.4337;;;L1;
1463;Hexane;N-Methyl-2-pyrrolidone;322.94;0.4835;;;L1;
1463;Hexane;N-Methyl-2-pyrrolidone;323.15;0.425;;;L1;
1463;Hexane;N-Methyl-2-pyrrolidone;323.53;0.4829;;;L1;
1463;Hexane;N-Methyl-2-pyrrolidone;323.53;0.5422;;;L1;
1463;Hexane;N-Methyl-2-pyrrolidone;324.39;0.5201;;;L1;
1463;Hexane;N-Methyl-2-pyrrolidone;324.43;0.5787;;;L1;
1463;Hexane;N-Methyl-2-pyrrolidone;324.65;0.502;;;L1;
1463;Hexane;N-Methyl-2-pyrrolidone;325.05;0.575;;;L1;
1463;Hexane;N-Methyl-2-pyrrolidone;284.92;0.9441;;;L2;
1463;Hexane;N-Methyl-2-pyrrolidone;291.08;0.9273;;;L2;
1463;Hexane;N-Methyl-2-pyrrolidone;292.72;0.9422;;;L2;
1463;Hexane;N-Methyl-2-pyrrolidone;297.65;0.91;;;L2;
1463;Hexane;N-Methyl-2-pyrrolidone;298.2;0.91994007;;;L2;
1463;Hexane;N-Methyl-2-pyrrolidone;300.87;0.8924;;;L2;
1463;Hexane;N-Methyl-2-pyrrolidone;304.48;0.879;;;L2;
1463;Hexane;N-Methyl-2-pyrrolidone;309.77;0.8951;;;L2;
1463;Hexane;N-Methyl-2-pyrrolidone;310.61;0.8408;;;L2;
1463;Hexane;N-Methyl-2-pyrrolidone;314.85;0.838;;;L2;
1463;Hexane;N-Methyl-2-pyrrolidone;316.5;0.8485;;;L2;
1463;Hexane;N-Methyl-2-pyrrolidone;316.61;0.789;;;L2;
1463;Hexane;N-Methyl-2-pyrrolidone;319.43;0.7983;;;L2;
1463;Hexane;N-Methyl-2-pyrrolidone;319.59;0.786;;;L2;
1463;Hexane;N-Methyl-2-pyrrolidone;320.93;0.7243;;;L2;
1463;Hexane;N-Methyl-2-pyrrolidone;321.15;0.726;;;L2;
1463;Hexane;N-Methyl-2-pyrrolidone;321.98;0.7037;;;L2;
1463;Hexane;N-Methyl-2-pyrrolidone;322.27;0.6399;;;L2;
1463;Hexane;N-Methyl-2-pyrrolidone;322.41;0.6085;;;L2;
1463;Hexane;N-Methyl-2-pyrrolidone;322.49;0.7166;;;L2;
1463;Hexane;N-Methyl-2-pyrrolidone;322.55;0.6627;;;L2;
1463;Hexane;N-Methyl-2-pyrrolidone;322.98;0.6009;;;L2;
1463;Hexane;N-Methyl-2-pyrrolidone;323.05;0.6912;;;L2;
1463;Hexane;N-Methyl-2-pyrrolidone;323.95;0.6249;;;L2;
1463;Hexane;N-Methyl-2-pyrrolidone;324.35;0.63;;;L2;
1638;Heptane;Methanol;253.15;0.0437;0.074917219;0.074995512;L1;53.90356488
1638;Heptane;Methanol;253.65427;0.046;0.07543206;0.075477172;L1;49.45909896
1638;Heptane;Methanol;254.60408;0.044;0.076414916;0.076445908;L1;55.19882818
1638;Heptane;Methanol;258.05339;0.0491;0.080134028;0.080339459;L1;48.98415429
1638;Heptane;Methanol;263.05239;0.052;0.085973177;0.085982286;L1;50.27916308
1638;Heptane;Methanol;263.15;0.046;0.08609286;0.08609274;L1;62.67850855
1638;Heptane;Methanol;264.182164;0.0551;0.087372421;0.08747413;L1;46.10299714
1638;Heptane;Methanol;267.70146;0.056;0.091935377;0.092184158;L1;49.57342117
1638;Heptane;Methanol;268.15;0.047;0.09254018;0.092784459;L1;67.74953237
1638;Heptane;Methanol;268.65;0.0584;0.09322082;0.093453631;L1;46.76552003
1638;Heptane;Methanol;270.0509841;0.062;0.095164976;0.095328629;L1;42.84775911
1638;Heptane;Methanol;273.15;0.0637;0.099668865;0.099826865;L1;44.76687812
1638;Heptane;Methanol;273.5999343;0.0657;0.100347199;0.100544542;L1;42.35372364
1638;Heptane;Methanol;275.1488;0.066;0.102732144;0.103015091;L1;44.24703197
1638;Heptane;Methanol;278.0092905;0.0714;0.107350278;0.107577773;L1;40.7799245
1638;Heptane;Methanol;278.147;0.067059205;0.107579937;0.10779743;L1;47.26582858
1638;Heptane;Methanol;278.15;0.064;0.107584948;0.107802215;L1;51.93976652
1638;Heptane;Methanol;278.15;0.064;0.107584948;0.107802215;L1;51.93976652
1638;Heptane;Methanol;278.15;0.071;0.107584948;0.107802215;L1;41.56008715
1638;Heptane;Methanol;278.15;0.0643;0.107584948;0.107802215;L1;51.47211173
1638;Heptane;Methanol;280.49885;0.073;0.111612352;0.111678753;L1;42.45722804
1638;Heptane;Methanol;281.29861;0.0759;0.113032831;0.113209952;L1;39.82616358
1638;Heptane;Methanol;283.144;0.073975207;0.11641146;0.116743087;L1;45.34009836
1638;Heptane;Methanol;283.144;0.07834;0.11641146;0.116743087;L1;39.60726518
1638;Heptane;Methanol;283.15;0.0746;0.116422682;0.116754574;L1;44.50868687
1638;Heptane;Methanol;283.15;0.0769;0.116422682;0.116754574;L1;41.47214994
1638;Heptane;Methanol;286.49705;0.08;0.122937977;0.123162748;L1;42.96533449
1638;Heptane;Methanol;286.826951;0.0845;0.123609028;0.123794368;L1;38.03720528
1638;Heptane;Methanol;288.141;0.082900412;0.126336721;0.126366109;L1;42.13107
1638;Heptane;Methanol;288.15;0.085;0.126355712;0.126386986;L1;39.64497827
1638;Heptane;Methanol;288.15;0.085;0.126355712;0.126386986;L1;39.64497827
1638;Heptane;Methanol;288.15;0.0846;0.126355712;0.126386986;L1;40.11667726
1638;Heptane;Methanol;290.89;0.09;0.13234361;0.132742781;L1;38.55919789
1638;Heptane;Methanol;290.98929;0.089;0.132568625;0.132973098;L1;39.84640664
1638;Heptane;Methanol;292.54549;0.0949;0.136173414;0.136582911;L1;36.11054687
1638;Heptane;Methanol;292.9954;0.088;0.137243793;0.137626538;L1;44.44220415
1638;Heptane;Methanol;293.138;0.08406;0.137585777;0.137957317;L1;49.27167287
1638;Heptane;Methanol;293.138;0.093089157;0.137585777;0.137957317;L1;39.06898469
1638;Heptane;Methanol;293.15;0.0962;0.137614616;0.137985153;L1;35.80277851
1638;Heptane;Methanol;293.15;0.0931;0.137614616;0.137985153;L1;39.07829585
1638;Heptane;Methanol;293.19536;0.088;0.137723712;0.138090371;L1;44.79127777
1638;Heptane;Methanol;293.95;0.091306107;0.139558658;0.13984086;L1;42.42673246
1638;Heptane;Methanol;295.15;0.091534223;0.142556465;0.14262442;L1;44.30252413
1638;Heptane;Methanol;295.6439972;0.09979;0.143820186;0.143875429;L1;36.54958333
1638;Heptane;Methanol;296.7385592;0.1035;0.146684615;0.146987987;L1;34.87131916
1638;Heptane;Methanol;297.9944;0.1;0.150085619;0.150559167;L1;40.6035739
1638;Heptane;Methanol;297.9944;0.1051;0.150085619;0.150559167;L1;35.62936471
1638;Heptane;Methanol;298;0.1005;0.15010107;0.150575091;L1;40.11511379
1638;Heptane;Methanol;298.136;0.104477922;0.150477096;0.150961829;L1;36.48351112
1638;Heptane;Methanol;298.14437;0.1062;0.150500288;0.15098563;L1;34.86408918
1638;Heptane;Methanol;298.14437;0.093;0.150500288;0.15098563;L1;48.13655075
1638;Heptane;Methanol;298.14437;0.1005;0.150500288;0.15098563;L1;40.38072731
1638;Heptane;Methanol;298.14437;0.1038;0.150500288;0.15098563;L1;37.14990299
1638;Heptane;Methanol;298.15;0.1101;0.150515892;0.15100164;L1;31.26796279
1638;Heptane;Methanol;298.15;0.097;0.150515892;0.15100164;L1;43.93576931
1638;Heptane;Methanol;298.15;0.107;0.150515892;0.15100164;L1;34.12398372
1638;Heptane;Methanol;298.15;0.1005;0.150515892;0.15100164;L1;40.39109441
1638;Heptane;Methanol;298.15;0.0965;0.150515892;0.15100164;L1;44.45256633
1638;Heptane;Methanol;298.15;0.096;0.150515892;0.15100164;L1;44.97204802
1638;Heptane;Methanol;298.15;0.096;0.150515892;0.15100164;L1;44.97204802
1638;Heptane;Methanol;298.15;0.101;0.150515892;0.15100164;L1;39.89481548
1638;Heptane;Methanol;298.15;0.1005;0.150515892;0.15100164;L1;40.39109441
1638;Heptane;Methanol;298.5;0.109;0.151491106;0.15199692;L1;32.91790327
1638;Heptane;Methanol;299.1076112;0.1084;0.153208841;0.153724757;L1;34.59738731
1638;Heptane;Methanol;299.324134;0.1101;0.1538287;0.154340473;L1;33.44506029
1638;Heptane;Methanol;301.9854596;0.11693;0.161801753;0.161908368;L1;32.47963739
1638;Heptane;Methanol;302.98406;0.1165;0.164975324;0.165196643;L1;34.79046377
1638;Heptane;Methanol;303.134;0.117949963;0.165461056;0.165727311;L1;33.84753642
1638;Heptane;Methanol;303.134;0.121;0.165461056;0.165727311;L1;31.29453107
1638;Heptane;Methanol;303.134;0.121;0.165461056;0.165727311;L1;31.29453107
1638;Heptane;Methanol;303.143055;0.1129;0.165490469;0.165759359;L1;38.24111311
1638;Heptane;Methanol;303.15;0.112;0.165513034;0.165783938;L1;39.0551074
1638;Heptane;Methanol;303.15;0.1149;0.165513034;0.165783938;L1;36.49877604
1638;Heptane;Methanol;303.45;0.114;0.166492859;0.166845699;L1;37.87539718
1638;Heptane;Methanol;303.88;0.12;0.167914909;0.168367556;L1;33.59656116
1638;Heptane;Methanol;304.5074504;0.12032;0.170028283;0.170588229;L1;34.58099308
1638;Heptane;Methanol;305.042485;0.1263;0.17186755;0.172481824;L1;30.80640944
1638;Heptane;Methanol;306.8245232;0.12878;0.178256816;0.178788816;L1;32.5119774
1638;Heptane;Methanol;307.95;0.125;0.182517692;0.182772106;L1;37.85333716
1638;Heptane;Methanol;308.132;0.134583671;0.183224349;0.18341624;L1;30.85252571
1638;Heptane;Methanol;308.141555;0.1236;0.183261588;0.183450057;L1;39.38640317
1638;Heptane;Methanol;308.15;0.1131;0.183294513;0.183479946;L1;48.28218393
1638;Heptane;Methanol;308.4;0.132;0.184274206;0.184364746;L1;33.36229774
1638;Heptane;Methanol;308.41;0.113;0.184313597;0.184400138;L1;48.92508175
1638;Heptane;Methanol;309.0386372;0.13722;0.186821805;0.187026777;L1;30.85697699
1638;Heptane;Methanol;309.701087;0.1435;0.189535385;0.190004349;L1;27.82406978
1638;Heptane;Methanol;311.08;0.15;0.195432736;0.196202273;L1;26.45809669
1638;Heptane;Methanol;311.5346384;0.1452;0.197456079;0.198245777;L1;30.74040716
1638;Heptane;Methanol;312.3223232;0.14989;0.201061476;0.201786255;L1;29.37090204
1638;Heptane;Methanol;312.96;0.133;0.204078363;0.204652478;L1;42.81549226
1638;Heptane;Methanol;312.98006;0.1514;0.204174756;0.204742643;L1;29.90509331
1638;Heptane;Methanol;312.9901;0.165;0.204223035;0.204787771;L1;21.32672339
1638;Heptane;Methanol;313.13;0.157020137;0.204898204;0.205416592;L1;26.61392303
1638;Heptane;Methanol;313.13;0.13395;0.204898204;0.205416592;L1;42.50466926
1638;Heptane;Methanol;313.140055;0.1509;0.204946905;0.205461787;L1;30.61335817
1638;Heptane;Methanol;313.15;0.1288;0.204995098;0.205506488;L1;46.47252508
1638;Heptane;Methanol;313.15;0.1433;0.204995098;0.205506488;L1;35.80457296
1638;Heptane;Methanol;313.19004;0.165;0.20518936;0.205686459;L1;21.7987787
1638;Heptane;Methanol;313.387;0.1601;0.20615047;0.206571753;L1;25.28077192
1638;Heptane;Methanol;313.884;0.1624;0.208617415;0.208805664;L1;25.04395981
1638;Heptane;Methanol;314.139755;0.166;0.209910915;0.209955229;L1;23.46954395
1638;Heptane;Methanol;314.216;0.1643;0.210299794;0.210302199;L1;24.68400762
1638;Heptane;Methanol;314.421;0.1655;0.211352872;0.211505679;L1;24.45579186
1638;Heptane;Methanol;315.217;0.1705;0.215549983;0.216178702;L1;23.44575243
1638;Heptane;Methanol;315.4033178;0.16201;0.216558282;0.217272505;L1;29.02016519
1638;Heptane;Methanol;315.76;0.1743;0.218517303;0.219366455;L1;22.60872498
1638;Heptane;Methanol;316.022;0.1768;0.219981098;0.220904561;L1;21.85224744
1638;Heptane;Methanol;316.454;0.1787;0.222442428;0.223440674;L1;21.89598974
1638;Heptane;Methanol;316.484;0.1794;0.222615624;0.223616793;L1;21.58286767
1638;Heptane;Methanol;316.654;0.18;0.223602776;0.224614801;L1;21.69143067
1638;Heptane;Methanol;316.998;0.1828;0.225630654;0.226634298;L1;21.05067288
1638;Heptane;Methanol;317.5376773;0.18166;0.228897532;0.229802545;L1;23.11376371
1638;Heptane;Methanol;317.86;0.182;0.230901076;0.231694783;L1;23.79826914
1638;Heptane;Methanol;317.98;0.156;0.231657433;0.232399259;L1;39.54036923
1638;Heptane;Methanol;318.1285;0.178;0.232601478;0.233271048;L1;26.75430453
1638;Heptane;Methanol;318.1285;0.178;0.232601478;0.233271048;L1;26.75430453
1638;Heptane;Methanol;318.138555;0.1736;0.232665726;0.233330077;L1;29.28489689
1638;Heptane;Methanol;318.185;0.1928;0.232963034;0.233602739;L1;18.92264057
1638;Heptane;Methanol;318.4264106;0.18942;0.234522911;0.235019972;L1;21.35865148
1638;Heptane;Methanol;318.578423;0.1981;0.23551791;0.235912381;L1;17.30150078
1638;Heptane;Methanol;318.58;0.1967;0.235528285;0.235921639;L1;18.01512867
1638;Heptane;Methanol;318.727;0.1973;0.236500201;0.236784622;L1;18.12236451
1638;Heptane;Methanol;318.746;0.198;0.236626524;0.236896164;L1;17.82160195
1638;Heptane;Methanol;319.17;0.2;0.239488377;0.239617157;L1;18.01875188
1638;Heptane;Methanol;319.364;0.2048;0.24082625;0.24116908;L1;16.20418258
1638;Heptane;Methanol;319.6;0.2065;0.242478628;0.243056987;L1;16.06131616
1638;Heptane;Methanol;319.747;0.2073;0.243522139;0.244232929;L1;16.10408392
1638;Heptane;Methanol;320.034;0.2117;0.245592186;0.246528815;L1;14.85022011
1638;Heptane;Methanol;320.28791;0.2129;0.247460988;0.248559995;L1;15.04303716
1638;Heptane;Methanol;320.384;0.2156;0.248177706;0.249328677;L1;14.07202079
1638;Heptane;Methanol;320.393;0.2155;0.248245108;0.249400673;L1;14.14556863
1638;Heptane;Methanol;320.521;0.2175;0.249208821;0.250424622;L1;13.60923324
1638;Heptane;Methanol;320.787702;0.21878;0.251248228;0.252558133;L1;13.83747463
1638;Heptane;Methanol;321.06;0.2249;0.253375949;0.254736409;L1;11.92184922
1638;Heptane;Methanol;321.187;0.2275;0.254384682;0.255752359;L1;11.1697378
1638;Heptane;Methanol;321.3205421;0.22344;0.255456971;0.256820643;L1;13.3911064
1638;Heptane;Methanol;321.335;0.2293;0.255573788;0.2569363;L1;10.84799752
1638;Heptane;Methanol;321.5;0.2322;0.25691718;0.258256235;L1;10.11547083
1638;Heptane;Methanol;322.246;0.247;0.263240512;0.26422394;L1;6.367977216
1638;Heptane;Methanol;322.481;0.2542;0.265323876;0.266103847;L1;4.282989439
1638;Heptane;Methanol;322.843;0.2648;0.268627324;0.268999704;L1;1.435018387
1638;Heptane;Methanol;322.934;0.2664;0.269476232;0.269727668;L1;1.148125495
1638;Heptane;Methanol;322.977045;0.2437;0.269880906;0.270072011;L1;10.20428125
1638;Heptane;Methanol;323.032;0.2691;0.270400084;0.270511629;L1;0.481959536
1638;Heptane;Methanol;323.0420255;0.25985;0.270495106;0.270591829;L1;4.01494645
1638;Heptane;Methanol;323.077073;0.2826;0.270828044;0.270872195;L1;4.254837497
1638;Heptane;Methanol;323.137055;0.2103;0.271400568;0.27146858;L1;25.50607576
1638;Heptane;Methanol;323.331;0.2836;0.273276811;0.273743297;L1;3.707955202
1638;Heptane;Methanol;323.506944;0.3101;0.275013047;0.275806887;L1;12.00762864
1638;Heptane;Methanol;323.591;0.3012;0.275854434;0.276792753;L1;8.790118119
1638;Heptane;Methanol;323.638;0.3064;0.276328343;0.277344;L1;10.33016296
1638;Heptane;Methanol;323.915;0.3289;0.279173417;0.280592843;L1;16.39205967
1638;Heptane;Methanol;323.926818;0.3744;0.27929684;0.280731453;L1;29.30495871
1638;Heptane;Methanol;323.93;0.3;0.2793301;0.280768773;L1;7.13882378
1638;Heptane;Methanol;323.942;0.3413;0.279455646;0.280909517;L1;19.99182677
1638;Heptane;Methanol;323.955;0.3447;0.279591853;0.28106199;L1;20.93436019
1638;Heptane;Methanol;323.963;0.3457;0.279675777;0.281155819;L1;21.19403542
1638;Heptane;Methanol;323.985;0.3489;0.279906978;0.28141385;L1;22.03280234
1638;Heptane;Methanol;323.995;0.3557;0.280012268;0.281531137;L1;23.92542628
1638;Heptane;Methanol;323.996;0.3611;0.280022804;0.281542866;L1;25.42838861
1638;Heptane;Methanol;323.998;0.3567;0.28004388;0.281566323;L1;24.19487884
1638;Heptane;Methanol;323.999;0.369;0.280054419;0.281578052;L1;27.58127065
1638;Heptane;Methanol;324.001;0.373;0.280075502;0.281601509;L1;28.65192029
1638;Heptane;Methanol;324.005;0.3648;0.280117683;0.281648424;L1;26.41394454
1638;Heptane;Methanol;324.007;0.3782;0.280138781;0.281671881;L1;30.0138028
1638;Heptane;Methanol;324.008;0.3801;0.280149333;0.28168361;L1;30.51115845
1638;Heptane;Methanol;324.009;0.3945;0.280159885;0.281695338;L1;34.22586834
1638;Heptane;Methanol;324.046782;0.3853;0.280559491;0.282138471;L1;31.72364605
1638;Heptane;Methanol;324.0837129;0.3446;0.280951846;0.282571622;L1;20.42010373
1638;Heptane;Methanol;324.38668;0.3507;0.284238295;0.286125024;L1;21.01182032
1638;Heptane;Methanol;325.006494;0.3865;0.291376147;0.293394621;L1;28.25168349
1638;Heptane;Methanol;325.006494;0.3865;0.291376147;0.293394621;L1;28.25168349
1638;Heptane;Methanol;253.15;0.9534;0.9676158;0.967387959;L2;1.480056531
1638;Heptane;Methanol;257.25355;0.9642;0.960983091;0.960428707;L2;0.334192889
1638;Heptane;Methanol;261.062788;0.9564;0.953907369;0.953448379;L2;0.260966602
1638;Heptane;Methanol;263.15;0.944;0.949622786;0.949622812;L2;0.593867269
1638;Heptane;Methanol;263.432314;0.9517;0.949019971;0.948930538;L2;0.282001648
1638;Heptane;Methanol;268.15;0.924;0.938077263;0.937362092;L2;1.512024355
1638;Heptane;Methanol;268.65;0.9289;0.936817119;0.93613602;L2;0.848699599
1638;Heptane;Methanol;268.911218;0.9412;0.936150792;0.935495475;L2;0.537909087
1638;Heptane;Methanol;273.15;0.9134;0.924542162;0.924100503;L2;1.212475431
1638;Heptane;Methanol;274.2098453;0.931;0.921394977;0.920725062;L2;1.037047629
1638;Heptane;Methanol;275.1488;0.9019;0.918521062;0.917734638;L2;1.826118613
1638;Heptane;Methanol;277.0994234;0.9245;0.912285397;0.911522207;L2;1.330017386
1638;Heptane;Methanol;278.15;0.9046;0.90877406;0.908176285;L2;0.460364776
1638;Heptane;Methanol;278.15;0.9021;0.90877406;0.908176285;L2;0.737112614
1638;Heptane;Methanol;278.15;0.905;0.90877406;0.908176285;L2;0.41615611
1638;Heptane;Methanol;278.15;0.905;0.90877406;0.908176285;L2;0.41615611
1638;Heptane;Methanol;279.2391109;0.9209;0.905017359;0.904707637;L2;1.739732849
1638;Heptane;Methanol;280.858742;0.917;0.899204875;0.898899003;L2;1.959657154
1638;Heptane;Methanol;281.388583;0.915;0.897243302;0.896762064;L2;1.959699992
1638;Heptane;Methanol;283.144;0.89;0.890526291;0.88968217;L2;0.059116338
1638;Heptane;Methanol;283.144;0.8914;0.890526291;0.88968217;L2;0.098063441
1638;Heptane;Methanol;283.15;0.8897;0.890502747;0.889657971;L2;0.090186068
1638;Heptane;Methanol;283.15;0.8962;0.890502747;0.889657971;L2;0.637741442
1638;Heptane;Methanol;284.547635;0.904;0.884907264;0.884021072;L2;2.134650768
1638;Heptane;Methanol;285.547335;0.9;0.880766417;0.879989113;L2;2.160230655
1638;Heptane;Methanol;287.57;0.88;0.872022473;0.871831362;L2;0.910671246
1638;Heptane;Methanol;288.15;0.8731;0.869422154;0.869349921;L2;0.422129668
1638;Heptane;Methanol;288.15;0.873;0.869422154;0.869349921;L2;0.410675571
1638;Heptane;Methanol;288.15;0.873;0.869422154;0.869349921;L2;0.410675571
1638;Heptane;Methanol;290.94581;0.8718;0.856280018;0.855369368;L2;1.796259363
1638;Heptane;Methanol;290.98929;0.8955;0.856067455;0.855151945;L2;4.503304531
1638;Heptane;Methanol;292.305538;0.8654;0.849509858;0.848569997;L2;1.853228192
1638;Heptane;Methanol;292.9954;0.824;0.845976267;0.845120316;L2;2.632077648
1638;Heptane;Methanol;293.138;0.819;0.845237396;0.844407239;L2;3.15334457
1638;Heptane;Methanol;293.138;0.819;0.845237396;0.844407239;L2;3.15334457
1638;Heptane;Methanol;293.15;0.8612;0.845175086;0.844347233;L2;1.878295781
1638;Heptane;Methanol;293.15;0.875;0.845175086;0.844347233;L2;3.468007867
1638;Heptane;Methanol;293.155368;0.8636;0.845147205;0.84432039;L2;2.159887889
1638;Heptane;Methanol;293.19536;0.824;0.844939366;0.844120409;L2;2.509433874
1638;Heptane;Methanol;293.95;0.860202442;0.840974083;0.840346803;L2;2.260691713
1638;Heptane;Methanol;293.95;0.857136565;0.840974083;0.840346803;L2;1.90364162
1638;Heptane;Methanol;295.15;0.850542071;0.834495752;0.834346158;L2;1.904622405
1638;Heptane;Methanol;295.15;0.850794494;0.834495752;0.834346158;L2;1.934295899
1638;Heptane;Methanol;295.15;0.852564156;0.834495752;0.834346158;L2;2.142080988
1638;Heptane;Methanol;295.15;0.850037516;0.834495752;0.834346158;L2;1.845283223
1638;Heptane;Methanol;295.15;0.849785382;0.834495752;0.834346158;L2;1.815617308
1638;Heptane;Methanol;297.9944;0.87;0.818252723;0.817319295;L2;6.132197028
1638;Heptane;Methanol;297.9944;0.847;0.818252723;0.817319295;L2;3.452945328
1638;Heptane;Methanol;297.9944;0.8305;0.818252723;0.817319295;L2;1.485668768
1638;Heptane;Methanol;298;0.847;0.818219464;0.817285138;L2;3.45701006
1638;Heptane;Methanol;298.14437;0.847;0.817360243;0.81640456;L2;3.562076288
1638;Heptane;Methanol;298.14437;0.834;0.817360243;0.81640456;L2;2.015347059
1638;Heptane;Methanol;298.14437;0.863;0.817360243;0.81640456;L2;5.433475931
1638;Heptane;Methanol;298.14437;0.8263;0.817360243;0.81640456;L2;1.087797194
1638;Heptane;Methanol;298.15;0.848;0.817326666;0.81637022;L2;3.684178461
1638;Heptane;Methanol;298.15;0.848;0.817326666;0.81637022;L2;3.684178461
1638;Heptane;Methanol;298.15;0.8536;0.817326666;0.81637022;L2;4.342384881
1638;Heptane;Methanol;298.15;0.847;0.817326666;0.81637022;L2;3.566184347
1638;Heptane;Methanol;298.15;0.8474;0.817326666;0.81637022;L2;3.613398701
1638;Heptane;Methanol;298.15;0.847;0.817326666;0.81637022;L2;3.566184347
1638;Heptane;Methanol;298.15;0.847;0.817326666;0.81637022;L2;3.566184347
1638;Heptane;Methanol;298.15;0.829;0.817326666;0.81637022;L2;1.418130396
1638;Heptane;Methanol;298.19436;0.824;0.817061922;0.816099648;L2;0.845564582
1638;Heptane;Methanol;298.35;0.85;0.816130463;0.815150329;L2;4.066212616
1638;Heptane;Methanol;298.5;0.829;0.815228934;0.814235411;L2;1.675118132
1638;Heptane;Methanol;300.79376;0.8238;0.800962309;0.800244729;L2;2.81138912
1638;Heptane;Methanol;302.98406;0.8319;0.786452343;0.786072421;L2;5.61801146
1638;Heptane;Methanol;303.134;0.79;0.785425617;0.784968938;L2;0.580718792
1638;Heptane;Methanol;303.134;0.79;0.785425617;0.784968938;L2;0.580718792
1638;Heptane;Methanol;303.143055;0.7996;0.785363471;0.784902298;L2;1.796497213
1638;Heptane;Methanol;303.15;0.8352;0.785315795;0.784851186;L2;6.158529361
1638;Heptane;Methanol;303.15;0.812;0.785315795;0.784851186;L2;3.341441664
1638;Heptane;Methanol;303.45;0.812;0.783247294;0.782643338;L2;3.605186494
1638;Heptane;Methanol;304.0946156;0.84962;0.778741891;0.777899293;L2;8.710953315
1638;Heptane;Methanol;307.201837;0.7887;0.755795491;0.755031715;L2;4.261519486
1638;Heptane;Methanol;307.6731836;0.82155;0.752125821;0.751562843;L2;8.828917457
1638;Heptane;Methanol;307.95;0.789;0.749946104;0.749525614;L2;5.076497855
1638;Heptane;Methanol;308.141555;0.7588;0.748426953;0.748115866;L2;1.37646302
1638;Heptane;Methanol;308.15;0.8081;0.748359774;0.748053715;L2;7.680196974
1638;Heptane;Methanol;308.4;0.775;0.746363154;0.746213842;L2;3.765074607
1638;Heptane;Methanol;308.41;0.756;0.74628297;0.746140247;L2;1.293653163
1638;Heptane;Methanol;308.641405;0.7792;0.744420558;0.744402698;L2;4.566161155
1638;Heptane;Methanol;308.9786612;0.80745;0.741682252;0.741418891;L2;8.496021436
1638;Heptane;Methanol;309.19124;0.7728;0.739941441;0.739538142;L2;4.344923366
1638;Heptane;Methanol;311.740475;0.7427;0.71812196;0.71698429;L2;3.36527791
1638;Heptane;Methanol;312.300307;0.7364;0.713081487;0.712031288;L2;3.217774755
1638;Heptane;Methanol;312.96;0.711;0.707017719;0.706194785;L2;0.561670204
1638;Heptane;Methanol;312.98006;0.7464;0.706831168;0.706017308;L2;5.446981267
1638;Heptane;Methanol;312.9901;0.705;0.706737751;0.705928481;L2;0.2461862
1638;Heptane;Methanol;313.0720232;0.76415;0.705974279;0.705203681;L2;7.918529945
1638;Heptane;Methanol;313.13;0.7596;0.705432658;0.704690743;L2;7.398066484
1638;Heptane;Methanol;313.140055;0.7075;0.705338613;0.704601784;L2;0.30596403
1638;Heptane;Methanol;313.15;0.769;0.705245564;0.704513797;L2;8.654491007
1638;Heptane;Methanol;313.15;0.7752;0.705245564;0.704513797;L2;9.457500114
1638;Heptane;Methanol;313.19004;0.705;0.704870608;0.704159551;L2;0.018355123
1638;Heptane;Methanol;314.176;0.7245;0.695468321;0.695436465;L2;4.089629932
1638;Heptane;Methanol;315.379383;0.6996;0.683526439;0.682622795;L2;2.324340586
1638;Heptane;Methanol;315.7;0.6997;0.680252414;0.679190589;L2;2.81877452
1638;Heptane;Methanol;316.238;0.6905;0.674666041;0.673431297;L2;2.31981584
1638;Heptane;Methanol;316.32;0.7;0.673804118;0.672553486;L2;3.814089281
1638;Heptane;Methanol;316.4240115;0.73044;0.672706754;0.671440043;L2;8.233758736
1638;Heptane;Methanol;317.174;0.6784;0.664655217;0.663411413;L2;2.046864948
1638;Heptane;Methanol;317.388;0.6732;0.662311514;0.661120542;L2;1.630645249
1638;Heptane;Methanol;317.6036575;0.70919;0.659928032;0.658811928;L2;7.199268722
1638;Heptane;Methanol;317.86;0.699;0.657065974;0.65606778;L2;6.186631202
1638;Heptane;Methanol;317.98;0.661;0.655715154;0.65478318;L2;0.802736126
1638;Heptane;Methanol;318.1285;0.683;0.654033598;0.653193487;L2;4.333613682
1638;Heptane;Methanol;318.1285;0.683;0.654033598;0.653193487;L2;4.333613682
1638;Heptane;Methanol;318.138555;0.6485;0.653919338;0.653085848;L2;0.832200393
1638;Heptane;Methanol;318.264;0.6586;0.652489533;0.651742959;L2;0.932127168
1638;Heptane;Methanol;318.466;0.6629;0.650170155;0.649580548;L2;1.939004358
1638;Heptane;Methanol;318.587;0.6559;0.648770601;0.648285242;L2;1.092914954
1638;Heptane;Methanol;318.853;0.6493;0.645666345;0.645437711;L2;0.561198314
1638;Heptane;Methanol;319.018291;0.6427;0.643717889;0.643668271;L2;0.158251796
1638;Heptane;Methanol;319.2261706;0.66404;0.641245592;0.641022785;L2;3.492986586
1638;Heptane;Methanol;319.52;0.638;0.637708574;0.637129493;L2;0.045688456
1638;Heptane;Methanol;319.531;0.6386;0.637575171;0.636983741;L2;0.160609484
1638;Heptane;Methanol;319.614;0.6319;0.636566244;0.635883976;L2;0.735733352
1638;Heptane;Methanol;319.869;0.6301;0.633440277;0.63250518;L2;0.528718442
1638;Heptane;Methanol;319.934;0.6264;0.632637013;0.631643919;L2;0.990767409
1638;Heptane;Methanol;319.964;0.6271;0.632265378;0.631246413;L2;0.820319053
1638;Heptane;Methanol;320.322;0.6197;0.627785857;0.626502849;L2;1.296362578
1638;Heptane;Methanol;320.399;0.6162;0.626811371;0.625482585;L2;1.707406481
1638;Heptane;Methanol;320.679;0.6104;0.623233771;0.621772535;L2;2.080720267
1638;Heptane;Methanol;320.706;0.6113;0.622885914;0.62141478;L2;1.877554118
1638;Heptane;Methanol;320.7447149;0.62245;0.622386229;0.620901801;L2;0.010245677
1638;Heptane;Methanol;320.802;0.6073;0.62164491;0.620142763;L2;2.334614337
1638;Heptane;Methanol;320.988;0.6059;0.619221612;0.61767823;L2;2.174826905
1638;Heptane;Methanol;321.02;0.5999;0.618802152;0.617254224;L2;3.102262196
1638;Heptane;Methanol;321.1;0.6001;0.617750177;0.61619421;L2;2.898782379
1638;Heptane;Methanol;321.168;0.5994;0.616852228;0.615293197;L2;2.870034001
1638;Heptane;Methanol;321.17;0.5988;0.616825765;0.615266697;L2;2.965894125
1638;Heptane;Methanol;321.18764;0.5884;0.616592229;0.615032964;L2;4.680092348
1638;Heptane;Methanol;321.28761;0.6087;0.615264235;0.613708343;L2;1.072628983
1638;Heptane;Methanol;321.63;0.6;0.610656626;0.609171615;L2;1.760515841
1638;Heptane;Methanol;321.747;0.5814;0.60906041;0.607621344;L2;4.64784707
1638;Heptane;Methanol;321.799;0.5785;0.608347324;0.606932334;L2;5.030742951
1638;Heptane;Methanol;322.0843129;0.58338;0.604393634;0.603151887;L2;3.53869223
1638;Heptane;Methanol;322.4082157;0.60636;0.59981736;0.598860117;L2;1.084865959
1638;Heptane;Methanol;322.522;0.5512;0.598186564;0.597352455;L2;8.180496492
1638;Heptane;Methanol;322.591;0.5495;0.597191564;0.596438192;L2;8.322916514
1638;Heptane;Methanol;322.977045;0.5674;0.591537341;0.591323027;L2;4.166028868
1638;Heptane;Methanol;323.091;0.5263;0.589838065;0.589813103;L2;11.39766402
1638;Heptane;Methanol;323.113;0.5239;0.589508478;0.589492294;L2;11.79882747
1638;Heptane;Methanol;323.13;0.55;0.589253472;0.589197848;L2;6.893815504
1638;Heptane;Methanol;323.137055;0.5473;0.589147561;0.589075653;L2;7.367958279
1638;Heptane;Methanol;323.197;0.5199;0.588245692;0.588037385;L2;12.35082186
1638;Heptane;Methanol;323.336995;0.4985;0.586122281;0.585612625;L2;16.19248487
1638;Heptane;Methanol;323.364;0.5076;0.585710209;0.585144889;L2;14.31314067
1638;Heptane;Methanol;323.386;0.5082;0.585373886;0.584763842;L2;14.1375694
1638;Heptane;Methanol;323.397;0.5073;0.585205515;0.584573318;L2;14.28605483
1638;Heptane;Methanol;323.573;0.4941;0.582492191;0.581524939;L2;16.45778539
1638;Heptane;Methanol;323.631;0.4881;0.581589882;0.58052036;L2;17.52452259
1638;Heptane;Methanol;323.695;0.479;0.580589432;0.579411858;L2;19.23432517
1638;Heptane;Methanol;323.722;0.4756;0.580165839;0.578944209;L2;19.87368271
1638;Heptane;Methanol;323.75;0.4759;0.57972559;0.57845924;L2;19.73471234
1638;Heptane;Methanol;323.78686;0.4456;0.579144522;0.577820812;L2;26.21303648
1638;Heptane;Methanol;323.808;0.4647;0.578810486;0.577454661;L2;21.95830756
1638;Heptane;Methanol;323.906824;0.4288;0.577241302;0.575742996;L2;29.72697696
1638;Heptane;Methanol;323.936;0.4434;0.576775587;0.575237658;L2;26.29809639
1638;Heptane;Methanol;323.944;0.4431;0.576647693;0.575099095;L2;26.34360177
1638;Heptane;Methanol;323.981;0.4242;0.576055073;0.574458243;L2;30.5998227
1638;Heptane;Methanol;323.989;0.4234;0.575926708;0.57431968;L2;30.76630512
1638;Heptane;Methanol;323.989;0.4186;0.575926708;0.57431968;L2;31.90645999
1638;Heptane;Methanol;323.992;0.4138;0.575878546;0.574267719;L2;33.05140147
1638;Heptane;Methanol;324.007;0.4114;0.575637551;0.574007914;L2;33.59122334
1638;Heptane;Methanol;324.008;0.4062;0.575621474;0.573990593;L2;34.86046322
1638;Heptane;Methanol;324.026788;0.3977;0.575319166;0.573665179;L2;36.92270065
1638;Heptane;Methanol;324.026788;0.3931;0.575319166;0.573665179;L2;38.08609263
1638;Heptane;Methanol;324.046782;0.39;0.574996928;0.573318876;L2;38.82179589
1638;Heptane;Methanol;324.046782;0.39;0.574996928;0.573318876;L2;38.82179589
1638;Heptane;Methanol;324.0837129;0.48221;0.574400287;0.572679221;L2;17.49468136
1638;Heptane;Methanol;324.4146136;0.41345;0.568968397;0.56694791;L2;31.92883038
1638;Heptane;Methanol;324.56;0.35;0.566530542;0.564429768;L2;48.15978372
1638;Heptane;Methanol;324.72;0.45;0.56380923;0.561658515;L2;22.54683675
1638;Heptane;Methanol;324.85;0.4;0.561567231;0.559406871;L2;33.92669545
1641;Heptane;Phenol;305.63;0.1703;0.193109111;0.19380694;L1;12.56937853
1641;Heptane;Phenol;308.23196;0.189190602;0.20450162;0.204606847;L1;7.78209157
1641;Heptane;Phenol;311.26;0.2002;0.218793125;0.219615849;L1;8.880978313
1641;Heptane;Phenol;311.55;0.1999;0.220225746;0.221075863;L1;9.683589485
1641;Heptane;Phenol;313.22997;0.215313835;0.228763553;0.229533723;L1;6.059228727
1641;Heptane;Phenol;314.35;0.2159;0.23469442;0.235172548;L1;8.346899135
1641;Heptane;Phenol;315.01;0.2217;0.238284499;0.238495338;L1;7.214021901
1641;Heptane;Phenol;317.33;0.23;0.251510561;0.252373922;L1;8.940566986
1641;Heptane;Phenol;318.15;0.255;0.256429184;0.257453355;L1;0.558899411
1641;Heptane;Phenol;318.75;0.2535;0.260115489;0.261170013;L1;2.576189964
1641;Heptane;Phenol;319.54;0.2535;0.265087359;0.266063612;L1;4.469560613
1641;Heptane;Phenol;321.35;0.2816;0.277025215;0.27727553;L1;1.637909292
1641;Heptane;Phenol;322.22727;0.315402745;0.283109758;0.283517393;L1;10.80157168
1641;Heptane;Phenol;323.01;0.299;0.288718731;0.289616412;L1;3.499060748
1641;Heptane;Phenol;323.05;0.3051;0.289010148;0.289928091;L1;5.417778918
1641;Heptane;Phenol;324.04;0.3288;0.296378797;0.297642154;L1;10.38113067
1641;Heptane;Phenol;324.15;0.3298;0.297216694;0.298499272;L1;10.40249288
1641;Heptane;Phenol;324.7;0.3494;0.301466607;0.302784863;L1;14.75581443
1641;Heptane;Phenol;324.82649;0.391658466;0.30245861;0.303770471;L1;25.84457569
1641;Heptane;Phenol;325.05;0.373;0.304225234;0.305512057;L1;20.38100901
1641;Heptane;Phenol;325.07;0.3583;0.30438418;0.305667897;L1;16.30799709
1641;Heptane;Phenol;325.25;0.3887;0.305821177;0.307070454;L1;23.9807294
1641;Heptane;Phenol;325.47;0.4067;0.307593588;0.30878469;L1;27.92964211
1641;Heptane;Phenol;325.55;0.4204;0.308242557;0.309408048;L1;31.03196428
1641;Heptane;Phenol;325.65;0.4347;0.309057156;0.310187247;L1;34.11299061
1641;Heptane;Phenol;325.75;0.4468;0.309875557;0.310966445;L1;36.59402787
1641;Heptane;Phenol;325.82619;0.471846729;0.310501671;0.311560116;L1;41.84649239
1641;Heptane;Phenol;325.9;0.4625;0.311110368;0.312135242;L1;39.64988262
1641;Heptane;Phenol;325.94;0.478;0.311441127;0.312446922;L1;42.84004093
1641;Heptane;Phenol;326.63;0.3949;0.317247668;0.31782339;L1;21.89498124
1641;Heptane;Phenol;327.01;0.4437;0.320530305;0.320784344;L1;32.51718312
1641;Heptane;Phenol;327.3;0.4812;0.323078089;0.32312127;L1;39.83889273
1641;Heptane;Phenol;305.35;0.8586;0.910590314;0.909784626;L2;5.878992989
1641;Heptane;Phenol;305.95;0.8628;0.908535129;0.907786921;L2;5.165063976
1641;Heptane;Phenol;307.05;0.8571;0.904652153;0.90412446;L2;5.399591084
1641;Heptane;Phenol;308.05;0.8449;0.900987888;0.900794951;L2;6.427353738
1641;Heptane;Phenol;308.23196;0.86933904;0.900306932;0.900189113;L2;3.50025418
1641;Heptane;Phenol;309.73136;0.859599551;0.89452247;0.893977346;L2;3.982338073
1641;Heptane;Phenol;310.35;0.8266;0.892042671;0.891305543;L2;7.61930673
1641;Heptane;Phenol;311.28;0.8307;0.88820749;0.887289027;L2;6.693665712
1641;Heptane;Phenol;311.93;0.8263;0.885447771;0.884481785;L2;6.913556923
1641;Heptane;Phenol;314.21;0.8013;0.875218459;0.874634844;L2;8.823811379
1641;Heptane;Phenol;314.27;0.8054;0.87493713;0.874375714;L2;8.28129838
1641;Heptane;Phenol;314.5;0.8019;0.873852675;0.873382382;L2;8.592788515
1641;Heptane;Phenol;315.67;0.7957;0.868184118;0.868028275;L2;8.718157968
1641;Heptane;Phenol;316.1291;0.792681505;0.865888008;0.86545832;L2;8.833407121
1641;Heptane;Phenol;316.61;0.7873;0.863437717;0.862766332;L2;9.231239606
1641;Heptane;Phenol;318.15;0.762;0.855264703;0.854145703;L2;11.54644593
1641;Heptane;Phenol;319.58;0.7488;0.847197394;0.846140833;L2;12.34617926
1641;Heptane;Phenol;320.11;0.7349;0.844081434;0.843173993;L2;13.85145399
1641;Heptane;Phenol;321.99;0.7051;0.832428493;0.832187827;L2;16.60076869
1641;Heptane;Phenol;322.02733;0.699687815;0.832187053;0.831914542;L2;17.34229823
1641;Heptane;Phenol;323.05;0.6764;0.825408745;0.824427772;L2;19.90940946
1641;Heptane;Phenol;324.27;0.6558;0.81688219;0.815496387;L2;21.9639022
1641;Heptane;Phenol;324.8;0.6158;0.813016663;0.811616359;L2;27.78293701
1641;Heptane;Phenol;324.99;0.6227;0.811605711;0.810225406;L2;26.49497831
1641;Heptane;Phenol;325.12;0.5962;0.810632459;0.809273701;L2;30.7238575
1641;Heptane;Phenol;325.35;0.5739;0.808894626;0.807589916;L2;34.32134913
1641;Heptane;Phenol;325.42631;0.565557205;0.808313485;0.807031265;L2;35.71385115
1641;Heptane;Phenol;325.5;0.5519;0.807750116;0.806491794;L2;38.08858774
1641;Heptane;Phenol;325.66;0.5337;0.80651944;0.805320465;L2;41.28941187
1641;Heptane;Phenol;325.75;0.5274;0.805822653;0.804661593;L2;42.39044104
1641;Heptane;Phenol;325.85;0.5115;0.805044572;0.803929512;L2;45.35500592
1641;Heptane;Phenol;325.92;0.5858;0.804497469;0.803417056;L2;31.72393861
1641;Heptane;Phenol;326.05;0.5778;0.803476023;0.802465351;L2;32.97195564
1641;Heptane;Phenol;326.58;0.5503;0.79923722;0.798585323;L2;37.31942142
1641;Heptane;Phenol;326.9;0.5302;0.796618057;0.796242665;L2;40.71210441
1645;Heptane;Water;273.1000159;7.89E-07;;;L1;
1645;Heptane;Water;275.5;1.50E-06;;;L1;
1645;Heptane;Water;277.4493723;3.51E-07;;;L1;
1645;Heptane;Water;283.15;3.00E-07;7.14E-07;7.41E-07;L1;86.74761035
1645;Heptane;Water;286.647005;3.63E-07;7.92E-07;8.43E-07;L1;78.00577308
1645;Heptane;Water;288.146555;4.80E-07;8.27E-07;8.86E-07;L1;54.4479694
1645;Heptane;Water;293.14537;4.62E-07;9.56E-07;1.03E-06;L1;72.68250992
1645;Heptane;Water;298.136;9.00E-06;1.10E-06;1.18E-06;L1;210.154646
1645;Heptane;Water;298.136;5.27E-07;1.10E-06;1.18E-06;L1;73.62328477
1645;Heptane;Water;298.136;5.27E-07;1.10E-06;1.18E-06;L1;73.62328477
1645;Heptane;Water;298.14437;4.51E-07;1.10E-06;1.18E-06;L1;89.2200273
1645;Heptane;Water;298.14437;5.51E-07;1.10E-06;1.18E-06;L1;69.19328033
1645;Heptane;Water;298.14437;4.03E-07;1.10E-06;1.18E-06;L1;100.4731051
1645;Heptane;Water;298.14437;3.78E-07;1.10E-06;1.18E-06;L1;106.8773417
1645;Heptane;Water;298.14437;6.45E-07;1.10E-06;1.18E-06;L1;53.44172957
1645;Heptane;Water;298.14437;6.06E-07;1.10E-06;1.18E-06;L1;59.67876264
1645;Heptane;Water;298.14437;5.00E-07;1.10E-06;1.18E-06;L1;78.90595141
1645;Heptane;Water;298.14437;5.29E-07;1.10E-06;1.18E-06;L1;73.26791806
1645;Heptane;Water;298.15;2.00E-07;1.10E-06;1.18E-06;L1;170.5507785
1645;Heptane;Water;298.19436;5.20E-07;1.10E-06;1.18E-06;L1;75.12375018
1645;Heptane;Water;303.143055;4.47E-07;1.26E-06;1.32E-06;L1;103.9621811
1645;Heptane;Water;305.85;4.74E-07;1.36E-06;1.40E-06;L1;105.4864841
1645;Heptane;Water;308.141555;4.53E-07;1.45E-06;1.47E-06;L1;116.2133252
1645;Heptane;Water;308.141555;4.07E-07;1.45E-06;1.47E-06;L1;126.9212192
1645;Heptane;Water;313.240025;4.73E-07;1.66E-06;1.71E-06;L1;125.4842257
1645;Heptane;Water;318.138555;4.32E-07;1.89E-06;1.99E-06;L1;147.3659453
1645;Heptane;Water;328.835345;5.59E-07;2.48E-06;2.61E-06;L1;148.7857521
1645;Heptane;Water;343.55;9.15E-07;3.54E-06;3.63E-06;L1;135.2597885
1645;Heptane;Water;372.22455;1.01E-06;6.76E-06;6.86E-06;L1;190.1751726
1645;Heptane;Water;373.85;2.04E-06;7.01E-06;7.16E-06;L1;123.3736392
1645;Heptane;Water;373.85;2.12E-06;7.01E-06;7.16E-06;L1;119.5270111
1645;Heptane;Water;391.12077;2.05E-06;1.01E-05;1.04E-05;L1;159.013593
1645;Heptane;Water;404.15;4.00E-06;1.30E-05;1.33E-05;L1;118.2439226
1645;Heptane;Water;409.71705;4.91E-06;1.45E-05;1.50E-05;L1;108.5999009
1645;Heptane;Water;423.51429;7.86E-06;1.89E-05;1.93E-05;L1;87.75239092
1645;Heptane;Water;424.45;8.80E-06;1.92E-05;1.96E-05;L1;78.19842373
1645;Heptane;Water;443.65;1.76E-05;2.73E-05;2.81E-05;L1;43.72911496
1645;Heptane;Water;443.75;1.74E-05;2.73E-05;2.81E-05;L1;45.04909021
1645;Heptane;Water;273.1000159;0.999855397;;;L2;
1645;Heptane;Water;273.15;0.999849836;;;L2;
1645;Heptane;Water;275.5;0.99969;;;L2;
1645;Heptane;Water;282.18;0.99979;0.999998903;0.999998564;L2;0.020892501
1645;Heptane;Water;283.09403;0.999571184;0.999998828;0.999998381;L2;0.042773597
1645;Heptane;Water;283.144;0.999699709;0.999998824;0.999998371;L2;0.029915987
1645;Heptane;Water;283.15;0.999534;0.999998823;0.99999837;L2;0.046493188
1645;Heptane;Water;283.18;0.99977;0.999998821;0.999998364;L2;0.022884718
1645;Heptane;Water;288.15;0.99971;0.999998326;0.99999737;L2;0.028836819
1645;Heptane;Water;288.16;0.99971;0.999998325;0.999997368;L2;0.028836704
1645;Heptane;Water;291.4;0.99967;0.999997912;0.99999672;L2;0.032796619
1645;Heptane;Water;293.138;0.999243573;0.999997655;0.999996372;L2;0.075436845
1645;Heptane;Water;293.138;0.999299491;0.999997655;0.999996372;L2;0.069840968
1645;Heptane;Water;293.138;0.999466252;0.999997655;0.999996372;L2;0.05315457
1645;Heptane;Water;293.14537;0.9995;0.999997654;0.999996371;L2;0.049777911
1645;Heptane;Water;293.15;0.99917;0.999997653;0.99999637;L2;0.082799799
1645;Heptane;Water;293.15;0.999616;0.999997653;0.99999637;L2;0.038172709
1645;Heptane;Water;293.16;0.99963;0.999997652;0.999996368;L2;0.036772026
1645;Heptane;Water;294.33;0.99961;0.999997464;0.999996134;L2;0.038753978
1645;Heptane;Water;295.64487;0.999681;0.999997237;0.999995871;L2;0.031628763
1645;Heptane;Water;296.06;0.99955;0.999997161;0.999995788;L2;0.044726277
1645;Heptane;Water;296.1368;0.999227;0.999997147;0.999995773;L2;0.077044629
1645;Heptane;Water;298.136;0.99949;0.999996758;0.999995373;L2;0.050688774
1645;Heptane;Water;298.136;0.99916;0.999996758;0.999995373;L2;0.083711065
1645;Heptane;Water;298.136;0.999160705;0.999996758;0.999995373;L2;0.083640505
1645;Heptane;Water;298.14437;0.999544061;0.999996756;0.999995371;L2;0.04527989
1645;Heptane;Water;298.14437;0.99933;0.999996756;0.999995371;L2;0.066698047
1645;Heptane;Water;298.15;0.999504;0.999996755;0.99999537;L2;0.049287781
1645;Heptane;Water;298.15;0.999438;0.999996755;0.99999537;L2;0.055891275
1645;Heptane;Water;298.15;0.9993;0.999996755;0.99999537;L2;0.069699988
1645;Heptane;Water;298.15;0.9993;0.999996755;0.99999537;L2;0.069699988
1645;Heptane;Water;298.15;0.99954;0.999996755;0.99999537;L2;0.04568606
1645;Heptane;Water;300.85;0.99946;0.999996155;0.99999483;L2;0.05363005
1645;Heptane;Water;303.134;0.999044033;0.999995574;0.999994373;L2;0.095199792
1645;Heptane;Water;303.143055;0.999532945;0.999995571;0.999994371;L2;0.046273535
1645;Heptane;Water;303.143055;0.999710829;0.999995571;0.999994371;L2;0.028478406
1645;Heptane;Water;303.15;0.99938;0.999995569;0.99999437;L2;0.061576164
1645;Heptane;Water;303.15;0.99943;0.999995569;0.99999437;L2;0.056573188
1645;Heptane;Water;303.2;0.999444023;0.999995556;0.99999436;L2;0.055168744
1645;Heptane;Water;305.8;0.99934;0.9999948;0.99999384;L2;0.065501813
1645;Heptane;Water;308.1;0.99929;0.999994041;0.99999338;L2;0.070429335
1645;Heptane;Water;308.15;0.99922;0.999994024;0.99999337;L2;0.077432803
1645;Heptane;Water;310.69;0.99917;0.999993073;0.999992425;L2;0.082341765
1645;Heptane;Water;310.928;0.99886;0.999992978;0.999992227;L2;0.113362786
1645;Heptane;Water;313.13;0.998289213;0.999992039;0.999990392;L2;0.170429115
1645;Heptane;Water;313.14;0.99916;0.999992035;0.999990383;L2;0.083238758
1645;Heptane;Water;313.140055;0.99913;0.999992035;0.999990383;L2;0.086241323
1645;Heptane;Water;313.140055;0.9993;0.999992035;0.999990383;L2;0.069227967
1645;Heptane;Water;313.15;0.99907;0.99999203;0.999990375;L2;0.09224628
1645;Heptane;Water;314.5;0.99904;0.999991402;0.99998925;L2;0.09518631
1645;Heptane;Water;317.74;0.99897;0.999989717;0.99998655;L2;0.102024819
1645;Heptane;Water;318.15;0.99885;0.999989485;0.999986208;L2;0.11401469
1645;Heptane;Water;323.127;0.997335926;0.999986284;0.999982061;L2;0.265391324
1645;Heptane;Water;394.261;0.99259;0.999735065;0.99972057;L2;0.717262056
1908;2,2,4-Trimethylpentane;Methanol;273.1001399;0.077308208;0.094725173;0.094891051;L1;20.31796548
1908;2,2,4-Trimethylpentane;Methanol;278.147;0.079817931;0.10160776;0.101722838;L1;24.13717311
1908;2,2,4-Trimethylpentane;Methanol;279.93;0.0846;0.104213812;0.104288981;L1;20.85104034
1908;2,2,4-Trimethylpentane;Methanol;283.09403;0.088864929;0.109086821;0.109353176;L1;20.50265202
1908;2,2,4-Trimethylpentane;Methanol;283.144;0.089050002;0.10916647;0.109433156;L1;20.36759306
1908;2,2,4-Trimethylpentane;Methanol;283.15;0.0891;0.109176039;0.109442759;L1;20.32022837
1908;2,2,4-Trimethylpentane;Methanol;287.59;0.1;0.116617993;0.116687182;L1;15.37333929
1908;2,2,4-Trimethylpentane;Methanol;288.141;0.098354287;0.117594794;0.11773687;L1;17.86686366
1908;2,2,4-Trimethylpentane;Methanol;288.141;0.099634093;0.117594794;0.11773687;L1;16.57403645
1908;2,2,4-Trimethylpentane;Methanol;289.05;0.1022;0.119233829;0.119468568;L1;15.41548405
1908;2,2,4-Trimethylpentane;Methanol;290.98929;0.1214;0.122850419;0.12316303;L1;1.187663413
1908;2,2,4-Trimethylpentane;Methanol;292.0726396;0.10952;0.124945488;0.125226875;L1;13.17703627
1908;2,2,4-Trimethylpentane;Methanol;292.98809;0.1253;0.126759842;0.126970862;L1;1.158342308
1908;2,2,4-Trimethylpentane;Methanol;292.9954;0.078;0.126774496;0.126984788;L1;48.57010596
1908;2,2,4-Trimethylpentane;Methanol;293.138;0.109144856;0.127060904;0.127256449;L1;15.19905749
1908;2,2,4-Trimethylpentane;Methanol;293.138;0.111217379;0.127060904;0.127256449;L1;13.31798734
1908;2,2,4-Trimethylpentane;Methanol;293.14537;0.078;0.127075734;0.127270489;L1;48.80744126
1908;2,2,4-Trimethylpentane;Methanol;293.2;0.074426111;0.127185748;0.127374563;L1;53.58417639
1908;2,2,4-Trimethylpentane;Methanol;294.057632;0.11793;0.128932802;0.129008402;L1;8.920012891
1908;2,2,4-Trimethylpentane;Methanol;294.48;0.1119;0.129807246;0.129813038;L1;14.84450111
1908;2,2,4-Trimethylpentane;Methanol;296.1707864;0.12432;0.13340464;0.133667099;L1;7.052802521
1908;2,2,4-Trimethylpentane;Methanol;298.136;0.125376247;0.137792901;0.138160896;L1;9.443265153
1908;2,2,4-Trimethylpentane;Methanol;298.136;0.123322902;0.137792901;0.138160896;L1;11.09457089
1908;2,2,4-Trimethylpentane;Methanol;298.14437;0.121;0.137812094;0.138180035;L1;13.01005757
1908;2,2,4-Trimethylpentane;Methanol;298.15;0.1297;0.137825007;0.138192909;L1;6.076072059
1908;2,2,4-Trimethylpentane;Methanol;298.15;0.125;0.137825007;0.138192909;L1;9.767107461
1908;2,2,4-Trimethylpentane;Methanol;298.15;0.1142;0.137825007;0.138192909;L1;18.80335147
1908;2,2,4-Trimethylpentane;Methanol;298.15;0.1287;0.137825007;0.138192909;L1;6.850069731
1908;2,2,4-Trimethylpentane;Methanol;299.1246044;0.13389;0.140090695;0.140421509;L1;4.527146689
1908;2,2,4-Trimethylpentane;Methanol;301.0588304;0.14127;0.144775269;0.144844447;L1;2.45097156
1908;2,2,4-Trimethylpentane;Methanol;301.62;0.1311;0.146183941;0.146244449;L1;10.89053045
1908;2,2,4-Trimethylpentane;Methanol;303.134;0.141639953;0.15010352;0.150444765;L1;5.803689306
1908;2,2,4-Trimethylpentane;Methanol;303.15;0.138330192;0.150145905;0.150489154;L1;8.196399631
1908;2,2,4-Trimethylpentane;Methanol;303.15;0.1417;0.150145905;0.150489154;L1;5.789537248
1908;2,2,4-Trimethylpentane;Methanol;304.22;0.15;0.153028277;0.153457674;L1;1.99874293
1908;2,2,4-Trimethylpentane;Methanol;304.7523524;0.14991;0.154498559;0.154934588;L1;3.014965623
1908;2,2,4-Trimethylpentane;Methanol;305.717966;0.15616;0.15722994;0.157613507;L1;0.682819658
1908;2,2,4-Trimethylpentane;Methanol;308.132;0.168122069;0.164451713;0.164593095;L1;2.207332823
1908;2,2,4-Trimethylpentane;Methanol;308.15;0.1706;0.164507823;0.164654523;L1;3.636350918
1908;2,2,4-Trimethylpentane;Methanol;308.22;0.1607;0.164726365;0.164893412;L1;2.474642888
1908;2,2,4-Trimethylpentane;Methanol;308.4148868;0.17078;0.165337633;0.165558502;L1;3.238653297
1908;2,2,4-Trimethylpentane;Methanol;311.55;0.2;0.175788949;0.176257693;L1;12.90332423
1908;2,2,4-Trimethylpentane;Methanol;311.8225232;0.19416;0.176757221;0.177187732;L1;9.39054006
1908;2,2,4-Trimethylpentane;Methanol;312.74;0.2022;0.180095016;0.180318802;L1;11.57727269
1908;2,2,4-Trimethylpentane;Methanol;313.13;0.216274306;0.181551788;0.181649754;L1;17.50065931
1908;2,2,4-Trimethylpentane;Methanol;313.15;0.2147;0.181627126;0.181718008;L1;16.72858803
1908;2,2,4-Trimethylpentane;Methanol;314.5085863;0.23835;0.186896182;0.187315879;L1;24.31868937
1908;2,2,4-Trimethylpentane;Methanol;314.98;0.2495;0.188797919;0.189331124;L1;27.8781684
1908;2,2,4-Trimethylpentane;Methanol;315.25;0.3;0.189905217;0.190485346;L1;45.72573854
1908;2,2,4-Trimethylpentane;Methanol;315.43;0.2702;0.190650935;0.191254827;L1;34.87182351
1908;2,2,4-Trimethylpentane;Methanol;315.72922;0.356631886;0.191904181;0.192533962;L1;61.97079299
1908;2,2,4-Trimethylpentane;Methanol;315.7981993;0.2691;0.192195543;0.192828841;L1;33.65697485
1908;2,2,4-Trimethylpentane;Methanol;316.0221321;0.2834;0.193147864;0.193786131;L1;38.34032992
1908;2,2,4-Trimethylpentane;Methanol;316.1500937;0.38076;0.193696531;0.194333153;L1;67.5876595
1908;2,2,4-Trimethylpentane;Methanol;316.2;0.3054;0.193911412;0.194546498;L1;45.42209791
1908;2,2,4-Trimethylpentane;Methanol;273.1001399;0.85617345;0.907391381;0.906854601;L2;5.810088436
1908;2,2,4-Trimethylpentane;Methanol;283.09403;0.842009322;0.870865268;0.870097318;L2;3.369619339
1908;2,2,4-Trimethylpentane;Methanol;283.15;0.8407;0.870634088;0.869865314;L2;3.498690525
1908;2,2,4-Trimethylpentane;Methanol;288.141;0.788432953;0.848717174;0.848353694;L2;7.367863075
1908;2,2,4-Trimethylpentane;Methanol;288.36;0.825;0.847694594;0.84726637;L2;2.713703614
1908;2,2,4-Trimethylpentane;Methanol;290.98929;0.8227;0.834998081;0.834212078;L2;1.483781251
1908;2,2,4-Trimethylpentane;Methanol;292.42;0.8293;0.827754844;0.827108675;L2;0.186494325
1908;2,2,4-Trimethylpentane;Methanol;292.9954;0.754;0.82477324;0.824251843;L2;8.971611962
1908;2,2,4-Trimethylpentane;Methanol;293.138;0.775759202;0.824028148;0.823543841;L2;6.036252447
1908;2,2,4-Trimethylpentane;Methanol;293.14537;0.754;0.823989573;0.823507249;L2;8.876550736
1908;2,2,4-Trimethylpentane;Methanol;293.2;0.822983478;0.823703427;0.823236014;L2;0.087442147
1908;2,2,4-Trimethylpentane;Methanol;296.05;0.8;0.808263175;0.807718369;L2;1.02759893
1908;2,2,4-Trimethylpentane;Methanol;296.3397188;0.79407;0.806635988;0.806022321;L2;1.570087951
1908;2,2,4-Trimethylpentane;Methanol;297.3872996;0.78554;0.800660829;0.799889661;L2;1.906604373
1908;2,2,4-Trimethylpentane;Methanol;298.136;0.763355189;0.796301166;0.795506681;L2;4.225402454
1908;2,2,4-Trimethylpentane;Methanol;298.14437;0.767;0.796252002;0.795457682;L2;3.742891918
1908;2,2,4-Trimethylpentane;Methanol;298.15;0.8014;0.796218926;0.795424724;L2;0.648601757
1908;2,2,4-Trimethylpentane;Methanol;298.15;0.7538;0.796218926;0.795424724;L2;5.47470998
1908;2,2,4-Trimethylpentane;Methanol;298.15;0.7717;0.796218926;0.795424724;L2;3.127830717
1908;2,2,4-Trimethylpentane;Methanol;298.15;0.786;0.796218926;0.795424724;L2;1.291738821
1908;2,2,4-Trimethylpentane;Methanol;298.15;0.8014;0.796218926;0.795424724;L2;0.648601757
1908;2,2,4-Trimethylpentane;Methanol;299.0986148;0.77659;0.790584157;0.789871422;L2;1.785957151
1908;2,2,4-Trimethylpentane;Methanol;300.9138884;0.76256;0.779451084;0.779244599;L2;2.190873967
1908;2,2,4-Trimethylpentane;Methanol;302.6272028;0.74749;0.768504434;0.76800405;L2;2.772540592
1908;2,2,4-Trimethylpentane;Methanol;303.12;0.75;0.765274006;0.764640629;L2;2.016074086
1908;2,2,4-Trimethylpentane;Methanol;303.15;0.785876202;0.765076141;0.764435874;L2;2.68239168
1908;2,2,4-Trimethylpentane;Methanol;303.15;0.7527;0.765076141;0.764435874;L2;1.630861737
1908;2,2,4-Trimethylpentane;Methanol;303.31;0.7699;0.764018506;0.763343848;L2;0.766862427
1908;2,2,4-Trimethylpentane;Methanol;304.8003332;0.72943;0.753973371;0.753172081;L2;3.309364379
1908;2,2,4-Trimethylpentane;Methanol;307.1014124;0.71036;0.737746993;0.737466841;L2;3.78290543
1908;2,2,4-Trimethylpentane;Methanol;308.15;0.6968;0.73004798;0.729811243;L2;4.661183295
1908;2,2,4-Trimethylpentane;Methanol;308.6128076;0.68814;0.726586364;0.726150862;L2;5.436504767
1908;2,2,4-Trimethylpentane;Methanol;308.7;0.7044;0.725929752;0.725461251;L2;3.010687359
1908;2,2,4-Trimethylpentane;Methanol;308.84;0.7;0.72487249;0.72435398;L2;3.491542803
1908;2,2,4-Trimethylpentane;Methanol;310.5600284;0.65934;0.711575452;0.710750144;L2;7.624212367
1908;2,2,4-Trimethylpentane;Methanol;311.12;0.6515;0.707119399;0.706321286;L2;8.192213595
1908;2,2,4-Trimethylpentane;Methanol;312.20537;0.62286;0.698295402;0.697737011;L2;11.43204515
1908;2,2,4-Trimethylpentane;Methanol;313.11;0.6009;0.690744296;0.690582223;L2;13.93411746
1908;2,2,4-Trimethylpentane;Methanol;313.15;0.6184;0.69040614;0.69026586;L2;11.01445355
1908;2,2,4-Trimethylpentane;Methanol;313.43;0.6;0.688028704;0.688005309;L2;13.69009022
1908;2,2,4-Trimethylpentane;Methanol;313.5168839;0.5899;0.687287298;0.687208617;L2;15.27993665
1908;2,2,4-Trimethylpentane;Methanol;314.599559;0.5564;0.677896901;0.677280902;L2;19.75077535
1908;2,2,4-Trimethylpentane;Methanol;314.73;0.544;0.676746154;0.676084808;L2;21.83469993
1908;2,2,4-Trimethylpentane;Methanol;314.89;0.5;0.675328788;0.67461767;L2;30.0591567
1908;2,2,4-Trimethylpentane;Methanol;315.1383973;0.5473;0.673115436;0.672339962;L2;20.69197412
1908;2,2,4-Trimethylpentane;Methanol;315.59;0.4;0.669050444;0.668198939;L2;51.43949125
1908;2,2,4-Trimethylpentane;Methanol;315.82;0.5004;0.66695943;0.666089927;L2;28.73214416
1908;2,2,4-Trimethylpentane;Methanol;315.9501537;0.48573;0.665769849;0.664896468;L2;31.52911245
1908;2,2,4-Trimethylpentane;Methanol;316.1500937;0.4246;0.663933442;0.663063095;L2;44.70343566
1908;2,2,4-Trimethylpentane;Methanol;316.44;0.4641;0.661251093;0.660404765;L2;35.40335899
1908;2,2,4-Trimethylpentane;Methanol;316.58;0.4281;0.659947311;0.659121019;L2;43.28031874
1908;2,2,4-Trimethylpentane;Methanol;316.62;0.3309;0.659573782;0.658754234;L2;68.97776267
1908;2,2,4-Trimethylpentane;Methanol;316.64;0.3322;0.659386847;0.658570842;L2;68.55731856
1908;2,2,4-Trimethylpentane;Methanol;316.71;0.3788;0.658731672;0.657928969;L2;55.33079165
1908;2,2,4-Trimethylpentane;Methanol;316.78;0.3546;0.658075094;0.657287096;L2;61.83286551
2009;Methanol;Octane;275.1488;0.0928;0.07668379;0.077129271;L1;19.07562926
2009;Methanol;Octane;278.15;0.088;0.085670242;0.086462425;L1;2.683128718
2009;Methanol;Octane;283.144;0.0744;0.102381849;0.102713075;L1;31.92534976
2009;Methanol;Octane;283.144;0.074;0.102381849;0.102713075;L1;32.46443463
2009;Methanol;Octane;288.15;0.095;0.121522207;0.122208525;L1;24.6220125
2009;Methanol;Octane;290.0128762;0.12011;0.129300874;0.129463342;L1;7.373405556
2009;Methanol;Octane;292.9954;0.155;0.142541222;0.143316537;L1;8.37938808
2009;Methanol;Octane;293.138;0.158;0.143199271;0.143995641;L1;9.83578708
2009;Methanol;Octane;293.14537;0.155;0.143233344;0.144030739;L1;7.895004069
2009;Methanol;Octane;297.9944;0.1182;0.167041777;0.167123263;L1;34.58658369
2009;Methanol;Octane;297.9944;0.1;0.167041777;0.167123263;L1;51.30737559
2009;Methanol;Octane;298;0.1182;0.167070928;0.167149932;L1;34.60403365
2009;Methanol;Octane;298;0.1182;0.167070928;0.167149932;L1;34.60403365
2009;Methanol;Octane;298.136;0.155;0.167780099;0.167797604;L1;7.922906999
2009;Methanol;Octane;298.14437;0.1182;0.16782382;0.167837464;L1;35.05366344
2009;Methanol;Octane;298.15;0.1182;0.167853234;0.167864276;L1;35.0711884
2009;Methanol;Octane;298.15;0.1182;0.167853234;0.167864276;L1;35.0711884
2009;Methanol;Octane;298.15;0.105;0.167853234;0.167864276;L1;46.91296389
2009;Methanol;Octane;298.76;0.1121;0.171063917;0.171323952;L1;42.26459415
2009;Methanol;Octane;299.45;0.1163;0.174752934;0.175263387;L1;40.72001136
2009;Methanol;Octane;303.143055;0.1411;0.195567003;0.196348241;L1;32.64341865
2009;Methanol;Octane;306;0.137;0.212971673;0.213244578;L1;44.11782415
2009;Methanol;Octane;308.141555;0.1687;0.226815025;0.2276798;L1;29.6012826
2009;Methanol;Octane;309.9032912;0.21384;0.238745066;0.239554841;L1;11.01682412
2009;Methanol;Octane;312.82;0.1844;0.259642443;0.260000375;L1;34.21981558
2009;Methanol;Octane;313.140055;0.2012;0.262027065;0.262521689;L1;26.41483625
2009;Methanol;Octane;318.1285;0.2149;0.301770039;0.301819417;L1;33.94924636
2009;Methanol;Octane;318.138555;0.239;0.30185539;0.301898627;L1;23.34845107
2009;Methanol;Octane;320.64;0.2311;0.323820418;0.324755627;L1;33.73385803
2009;Methanol;Octane;323.137055;0.2823;0.347338541;0.347663403;L1;20.73295914
2009;Methanol;Octane;324.41;0.2712;0.360021652;0.36057255;L1;28.33076179
2009;Methanol;Octane;327.11;0.3028;0.388741464;0.3895625;L1;24.98419845
2009;Methanol;Octane;328.135555;0.3513;0.400399075;0.400573904;L1;13.08211789
2009;Methanol;Octane;332.574165;0.37702;0.457376415;0.457826512;L1;19.32084817
2009;Methanol;Octane;333.13437;0.4158;0.465580996;0.466720251;L1;11.3081704
2009;Methanol;Octane;333.96;0.3953;0.478258794;0.479827842;L1;19.05070267
2009;Methanol;Octane;336.38372;0.4491;0.521243312;0.52344218;L1;14.89713619
2009;Methanol;Octane;336.47;0.4395;0.523001997;0.525305596;L1;17.39475658
2009;Methanol;Octane;337.394;0.44927;0.543449898;0.545261513;L1;19.03134754
2009;Methanol;Octane;337.812;0.54861;0.554002097;0.554289189;L1;0.978066514
2009;Methanol;Octane;337.82;0.4884;0.554216216;0.554461968;L1;12.64201498
2009;Methanol;Octane;338.576;0.6168;0.577055804;0.577378865;L1;6.660584694
2009;Methanol;Octane;339.29;0.551;0.611236537;0.611236537;L1;10.3749206
2009;Methanol;Octane;339.42;0.5834;0.623861112;0.623861112;L1;6.705470924
2009;Methanol;Octane;339.4831;0.651;;;L1;
2009;Methanol;Octane;339.61;0.6155;;;L1;
2009;Methanol;Octane;339.64;0.6148;;;L1;
2009;Methanol;Octane;275.1488;0.95518;0.926601252;0.926480503;L2;3.037648028
2009;Methanol;Octane;278.147;0.959232771;0.92319259;0.922975922;L2;3.829589915
2009;Methanol;Octane;278.15;0.957;0.923189075;0.922972416;L2;3.596932962
2009;Methanol;Octane;283.144;0.95071;0.917027328;0.916928514;L2;3.607180103
2009;Methanol;Octane;283.144;0.954516134;0.917027328;0.916928514;L2;4.006727327
2009;Methanol;Octane;288.141;0.949155916;0.910173112;0.909963816;L2;4.193826594
2009;Methanol;Octane;288.15;0.952;0.910160078;0.909951272;L2;4.494454123
2009;Methanol;Octane;288.91;0.9475;0.909049897;0.908892002;L2;4.142695175
2009;Methanol;Octane;290.25;0.9466;0.907045549;0.907024342;L2;4.268394906
2009;Methanol;Octane;290.9703014;0.94568;0.905942576;0.905865573;L2;4.292832282
2009;Methanol;Octane;292.9954;0.96;0.902741163;0.90247666;L2;6.14974136
2009;Methanol;Octane;293.138;0.94311;0.90250995;0.902238025;L2;4.400320946
2009;Methanol;Octane;293.138;0.944109106;0.90250995;0.902238025;L2;4.50620225
2009;Methanol;Octane;293.14537;0.96;0.902497979;0.902225692;L2;6.176683328
2009;Methanol;Octane;295.047236;0.94157;0.899337305;0.899043003;L2;4.589053019
2009;Methanol;Octane;297.9944;0.937;0.894140006;0.894111055;L2;4.682091346
2009;Methanol;Octane;298;0.9396;0.894129761;0.894101683;L2;4.960334145
2009;Methanol;Octane;298.136;0.938427539;0.893880519;0.893874093;L2;4.863352523
2009;Methanol;Octane;298.136;0.93675;0.893880519;0.893874093;L2;4.684431924
2009;Methanol;Octane;298.14437;0.9396;0.893865151;0.893860087;L2;4.989932653
2009;Methanol;Octane;298.15;0.9396;0.893854813;0.893850665;L2;4.991089291
2009;Methanol;Octane;298.15;0.939;0.893854813;0.893850665;L2;4.927211933
2009;Methanol;Octane;298.15;0.9396;0.893854813;0.893850665;L2;4.991089291
2009;Methanol;Octane;299.455472;0.93692;0.891416826;0.891214225;L2;4.978576356
2009;Methanol;Octane;302.17;0.9326;0.886072859;0.885714335;L2;5.117720347
2009;Methanol;Octane;303.134;0.931188169;0.884079207;0.88376118;L2;5.191471254
2009;Methanol;Octane;303.143055;0.9314;0.884060229;0.883742834;L2;5.216363815
2009;Methanol;Octane;304.0166468;0.93173;0.882206645;0.881972855;L2;5.461675279
2009;Methanol;Octane;305.4940556;0.9295;0.878966044;0.878951618;L2;5.590054031
2009;Methanol;Octane;307.0734236;0.92572;0.875345078;0.875035508;L2;5.595362908
2009;Methanol;Octane;308.132;0.92335666;0.872821065;0.872410723;L2;5.6285004
2009;Methanol;Octane;308.141555;0.9181;0.872797912;0.872387031;L2;5.06022749
2009;Methanol;Octane;309.951272;0.92025;0.868286711;0.867899761;L2;5.812339996
2009;Methanol;Octane;312.39;0.916;0.861778546;0.861697662;L2;6.101803423
2009;Methanol;Octane;313.0080488;0.91424;0.860043369;0.859797177;L2;6.111030211
2009;Methanol;Octane;313.13;0.913737499;0.859696626;0.859422181;L2;6.096376295
2009;Methanol;Octane;313.140055;0.9098;0.859667972;0.859391262;L2;5.667855952
2009;Methanol;Octane;313.5;0.9136;0.858635606;0.85828444;L2;6.204821419
2009;Methanol;Octane;315.989142;0.90876;0.851122383;0.850630392;L2;6.55251034
2009;Methanol;Octane;318.1285;0.91399;0.844080608;0.84405192;L2;7.957163338
2009;Methanol;Octane;318.138555;0.902;0.844046091;0.844021002;L2;6.640741666
2009;Methanol;Octane;318.6643392;0.90331;0.84222147;0.842036867;L2;7.0022786
2009;Methanol;Octane;320.69;0.8977;0.83480421;0.834174451;L2;7.263871825
2009;Methanol;Octane;321.6184527;0.89528;0.831178422;0.830570748;L2;7.429203868
2009;Methanol;Octane;322.64;0.8909;0.82700519;0.826605707;L2;7.442121685
2009;Methanol;Octane;322.98;0.8904;0.825570431;0.825286028;L2;7.559622106
2009;Methanol;Octane;323.137055;0.8808;0.824899583;0.824676434;L2;6.556892352
2009;Methanol;Octane;323.24;0.8896;0.824457033;0.824276862;L2;7.604689578
2009;Methanol;Octane;323.6558413;0.8894;0.822646064;0.822624723;L2;7.802102636
2009;Methanol;Octane;325.2;0.8822;0.815570513;0.814877684;L2;7.85309031
2009;Methanol;Octane;326.456001;0.87884;0.809358059;0.808576331;L2;8.236144251
2009;Methanol;Octane;327.64;0.8728;0.803064544;0.802636212;L2;8.327134485
2009;Methanol;Octane;328.135555;0.86;0.800288333;0.800150015;L2;7.19603104
2009;Methanol;Octane;329.435107;0.86928;0.792552348;0.791752439;L2;9.2406725
2009;Methanol;Octane;331.4954887;0.85524;0.778637458;0.77791749;L2;9.383658805
2009;Methanol;Octane;333.13437;0.8374;0.765628539;0.764567798;L2;8.960473754
2009;Methanol;Octane;333.988;0.8381;0.757921847;0.756452736;L2;10.05571491
2009;Methanol;Octane;334.03;0.8351;0.75752256;0.756053462;L2;9.749815884
2009;Methanol;Octane;335.18396;0.8248;0.745654459;0.745083304;L2;10.08786312
2009;Methanol;Octane;337.62;0.7889;0.71127944;0.710176963;L2;10.35741931
2009;Methanol;Octane;338.161;0.74173;0.700151679;0.699683475;L2;5.768829928
2009;Methanol;Octane;338.45;0.7621;0.693082507;0.693008576;L2;9.492873105
2009;Methanol;Octane;339.18316;0.716;0.666493519;0.666493519;L2;7.164975132
2009;Methanol;Octane;339.19;0.7128;0.666187625;0.666187625;L2;6.762952607
2009;Methanol;Octane;339.32;0.6842;0.657212788;0.657212788;L2;4.024242826
2009;Methanol;Octane;339.66;0.6643;;;L2;
2010;Methanol;Pentane;270;0.04;0.084261074;0.084984628;L1;74.50405541
2010;Methanol;Pentane;275;0.08;0.103928279;0.104897093;L1;26.16743979
2010;Methanol;Pentane;278.15;0.2262;0.118357538;0.118837321;L1;64.77095412
2010;Methanol;Pentane;280;0.14;0.127678006;0.128235699;L1;9.213090282
2010;Methanol;Pentane;280.2637292;0.22333;0.129061936;0.129745834;L1;54.83580851
2010;Methanol;Pentane;281.6478982;0.24506;0.136564609;0.137671698;L1;58.4705251
2010;Methanol;Pentane;282.8281896;0.26682;0.143295264;0.144430143;L1;62.16669893
2010;Methanol;Pentane;283.15;0.275;0.145186336;0.146272855;L1;63.87531047
2010;Methanol;Pentane;284.288313;0.29008;0.152077303;0.152790928;L1;64.57677859
2010;Methanol;Pentane;285;0.24;0.156552245;0.156866105;L1;42.72491329
2010;Methanol;Pentane;285.2697238;0.3241;0.158283137;0.158410566;L1;71.66666762
2010;Methanol;Pentane;286.4050422;0.36371;0.165788393;0.166517448;L1;78.56446151
2010;Methanol;Pentane;286.8737608;0.39117;0.168994664;0.169980732;L1;83.92751068
2010;Methanol;Pentane;287.0876324;0.42019;0.170479403;0.171560994;L1;90.20925021
2010;Methanol;Pentane;287.1535928;0.463;0.17094011;0.172048364;L1;99.64137955
2010;Methanol;Pentane;287.251534;0.44973;0.171626641;0.172772036;L1;96.33259778
2010;Methanol;Pentane;270;0.803;0.793820099;0.793356912;L2;1.149785439
2010;Methanol;Pentane;273.6816808;0.77669;0.781114568;0.780658867;L2;0.56805329
2010;Methanol;Pentane;275;0.78;0.776242294;0.775592921;L2;0.482921338
2010;Methanol;Pentane;276.0462612;0.76109;0.772242067;0.77157242;L2;1.454644339
2010;Methanol;Pentane;277.927132;0.74657;0.764731379;0.764344739;L2;2.403525065
2010;Methanol;Pentane;278.147;0.745183432;0.763825064;0.763499845;L2;2.470838369
2010;Methanol;Pentane;278.15;0.752;0.763812655;0.763488317;L2;1.558621942
2010;Methanol;Pentane;280;0.76;0.7559332;0.755535038;L2;0.536542109
2010;Methanol;Pentane;280.3386842;0.71873;0.754439403;0.753926547;L2;4.848919557
2010;Methanol;Pentane;282.6752814;0.696;0.743659672;0.742829498;L2;6.623384016
2010;Methanol;Pentane;283.144;0.689973881;0.7413907;0.740603444;L2;7.187400296
2010;Methanol;Pentane;283.15;0.6863;0.741361409;0.740574948;L2;7.717338853
2010;Methanol;Pentane;283.9894924;0.66626;0.737200286;0.736588002;L2;10.11796285
2010;Methanol;Pentane;284.4452188;0.65805;0.734887392;0.73442365;L2;11.04363625
2010;Methanol;Pentane;285;0.69;0.73201821;0.731788864;L2;5.91137927
2010;Methanol;Pentane;285.557551;0.63242;0.729073199;0.72899267;L2;14.22204068
2010;Methanol;Pentane;286.4600092;0.58847;0.724168629;0.723576212;L2;20.74983302
2010;Methanol;Pentane;286.9257296;0.53897;0.721567693;0.720781007;L2;29.17662859
2010;Methanol;Pentane;287.2405406;0.49153;0.719781356;0.718891545;L2;38.1424518
2010;Methanol;Pentane;287.49675;0.483;0.718310275;0.717353804;L2;39.68849603
2025;Methanol;Nonane;275.1488;0.0723;0.073733079;0.073795589;L1;1.962739974
2025;Methanol;Nonane;278.15;0.063;0.0822489;0.082956116;L1;26.66152864
2025;Methanol;Nonane;278.15;0.063;0.0822489;0.082956116;L1;26.66152864
2025;Methanol;Nonane;283.144;0.0965;0.098014509;0.098199242;L1;1.557250553
2025;Methanol;Nonane;288.15;0.082;0.11595712;0.116760394;L1;34.65012197
2025;Methanol;Nonane;288.15;0.082;0.11595712;0.116760394;L1;34.65012197
2025;Methanol;Nonane;293.138;0.1034;0.136127265;0.13649758;L1;27.49852569
2025;Methanol;Nonane;297.9944;0.0999;0.158121496;0.158754914;L1;45.91940148
2025;Methanol;Nonane;298;0.0999;0.158148262;0.158780579;L1;45.93632722
2025;Methanol;Nonane;298.14437;0.0999;0.158839428;0.15944224;L1;46.3724119
2025;Methanol;Nonane;298.15;0.098;0.158866426;0.159468043;L1;48.30962819
2025;Methanol;Nonane;298.15;0.0999;0.158866426;0.159468043;L1;46.3894075
2025;Methanol;Nonane;298.15;0.0999;0.158866426;0.159468043;L1;46.3894075
2025;Methanol;Nonane;298.15;0.098;0.158866426;0.159468043;L1;48.30962819
2025;Methanol;Nonane;303.143055;0.1209;0.184159046;0.184938216;L1;42.08360058
2025;Methanol;Nonane;308.141555;0.1298;0.212310149;0.212537541;L1;49.20533702
2025;Methanol;Nonane;308.15;0.115;0.212360227;0.212590759;L1;61.33518899
2025;Methanol;Nonane;313.13;0.1356;0.243450321;0.243973433;L1;58.52035253
2025;Methanol;Nonane;313.140055;0.1575;0.243516335;0.244036797;L1;43.57585666
2025;Methanol;Nonane;318.138555;0.1846;0.278055913;0.278810621;L1;40.96308987
2025;Methanol;Nonane;323.137055;0.2138;0.316309463;0.316994239;L1;39.16800478
2025;Methanol;Nonane;328.135555;0.2554;0.358852997;0.359403928;L1;34.00818823
2025;Methanol;Nonane;333.124;0.2786;0.406564158;0.407129084;L1;37.7964685
2025;Methanol;Nonane;333.13437;0.3109;0.406669873;0.407238605;L1;26.85304168
2025;Methanol;Nonane;275.1488;0.96145;0.946131329;0.946118612;L2;1.606117698
2025;Methanol;Nonane;278.147;0.974600042;0.943638673;0.94349113;L2;3.22838427
2025;Methanol;Nonane;278.15;0.974;0.943636107;0.943488501;L2;3.167069213
2025;Methanol;Nonane;278.15;0.974;0.943636107;0.943488501;L2;3.167069213
2025;Methanol;Nonane;283.144;0.971208055;0.939151246;0.939111994;L2;3.356417681
2025;Methanol;Nonane;283.144;0.96154;0.939151246;0.939111994;L2;2.355962851
2025;Methanol;Nonane;284.8939494;0.98088;0.937472652;0.937383212;L2;4.526254221
2025;Methanol;Nonane;285.9613086;0.97715;0.93641956;0.93627419;L2;4.25765473
2025;Methanol;Nonane;287.486393;0.97641;0.934874808;0.934689575;L2;4.346995546
2025;Methanol;Nonane;288.141;0.968094449;0.93419685;0.934009417;L2;3.564247736
2025;Methanol;Nonane;288.15;0.969;0.934187465;0.934000065;L2;3.658748131
2025;Methanol;Nonane;288.15;0.968;0.934187465;0.934000065;L2;3.55549567
2025;Methanol;Nonane;289.24034;0.97462;0.933037501;0.932867165;L2;4.360225789
2025;Methanol;Nonane;291.9097374;0.97166;0.93010901;0.930093571;L2;4.370415425
2025;Methanol;Nonane;293.138;0.964670357;0.92870478;0.92860737;L2;3.799553843
2025;Methanol;Nonane;293.138;0.95618;0.92870478;0.92860737;L2;2.915527426
2025;Methanol;Nonane;293.867708;0.96779;0.927852765;0.927704125;L2;4.214205949
2025;Methanol;Nonane;297.0204464;0.96375;0.924010811;0.923801611;L2;4.210815306
2025;Methanol;Nonane;298;0.9664;0.922761032;0.922589102;L2;4.620752987
2025;Methanol;Nonane;298.136;0.960643207;0.92258531;0.922420759;L2;4.042321923
2025;Methanol;Nonane;298.14437;0.9664;0.922574477;0.922410399;L2;4.640972049
2025;Methanol;Nonane;298.15;0.9664;0.92256719;0.92240343;L2;4.641761962
2025;Methanol;Nonane;298.15;0.9664;0.92256719;0.92240343;L2;4.641761962
2025;Methanol;Nonane;298.15;0.963;0.92256719;0.92240343;L2;4.289320424
2025;Methanol;Nonane;298.15;0.963;0.92256719;0.92240343;L2;4.289320424
2025;Methanol;Nonane;298.7247644;0.964;0.92181826;0.921691976;L2;4.474320562
2025;Methanol;Nonane;301.2927368;0.96157;0.918347822;0.918211761;L2;4.599115497
2025;Methanol;Nonane;303.134;0.956601207;0.915726703;0.915480689;L2;4.366863167
2025;Methanol;Nonane;303.143055;0.9608;0.915713524;0.915467258;L2;4.806270176
2025;Methanol;Nonane;305.3611088;0.95687;0.912395427;0.912177307;L2;4.759406291
2025;Methanol;Nonane;308.132;0.952543725;0.907981896;0.907898418;L2;4.791157112
2025;Methanol;Nonane;308.141555;0.9557;0.907966125;0.90788131;L2;5.123698531
2025;Methanol;Nonane;308.15;0.955;0.907952183;0.907866189;L2;5.051962497
2025;Methanol;Nonane;309.53144;0.95215;0.905629269;0.905392755;L2;5.009255798
2025;Methanol;Nonane;312.9390764;0.94909;0.899513785;0.899291466;L2;5.364925288
2025;Methanol;Nonane;313.13;0.94097;0.89915366;0.898949622;L2;4.545731522
2025;Methanol;Nonane;313.13;0.947888525;0.89915366;0.898949622;L2;5.27829628
2025;Methanol;Nonane;313.140055;0.9454;0.899134639;0.898931618;L2;5.017532931
2025;Methanol;Nonane;315.5332788;0.94665;0.894446198;0.894274473;L2;5.672468336
2025;Methanol;Nonane;318.138555;0.9377;0.888944785;0.888591898;L2;5.339494346
2025;Methanol;Nonane;319.5760656;0.93992;0.885710821;0.88545643;L2;5.940425519
2025;Methanol;Nonane;322.0423255;0.937;0.879791196;0.879556076;L2;6.299868023
2025;Methanol;Nonane;323.137055;0.9348;0.876997582;0.876614117;L2;6.382836723
2025;Methanol;Nonane;325.3223412;0.9314;0.871076431;0.870741413;L2;6.69591065
2025;Methanol;Nonane;327.8915702;0.92846;0.863442978;0.863130037;L2;7.25994403
2025;Methanol;Nonane;328.135555;0.9234;0.8626755;0.862310239;L2;6.802390348
2025;Methanol;Nonane;330.3578301;0.92401;0.855297209;0.854843313;L2;7.727387306
2025;Methanol;Nonane;333.124;0.93589;0.84497387;0.844540871;L2;10.21922446
2025;Methanol;Nonane;333.13437;0.9091;0.844932401;0.844496442;L2;7.319847339
2025;Methanol;Nonane;334.018;0.9153;0.841313165;0.840710625;L2;8.428791719
2111;4-Methyl-2-pentanone;Water;273.15;0.0055;0.001521084;0.001525237;L1;128.5324589
2111;4-Methyl-2-pentanone;Water;273.15;0.005380784;0.001521084;0.001525237;L1;126.3410585
2111;4-Methyl-2-pentanone;Water;278.15;0.004389725;0.001513484;0.001525957;L1;106.485253
2111;4-Methyl-2-pentanone;Water;282.65;0.004048291;0.001510685;0.001526604;L1;98.57315564
2111;4-Methyl-2-pentanone;Water;283.144;0.00414;0.001510596;0.001526675;L1;100.8191228
2111;4-Methyl-2-pentanone;Water;283.148055;0.003490004;0.001510596;0.001526676;L1;83.73986899
2111;4-Methyl-2-pentanone;Water;288.15;0.003766018;0.001511995;0.001527396;L1;91.25880536
2111;4-Methyl-2-pentanone;Water;288.15;0.003630203;0.001511995;0.001527396;L1;87.58584133
2111;4-Methyl-2-pentanone;Water;292.25;0.003360138;0.001516096;0.001527986;L1;79.58431991
2111;4-Methyl-2-pentanone;Water;292.55;0.003508568;0.001516496;0.001528029;L1;83.88056304
2111;4-Methyl-2-pentanone;Water;293.138;0.005173301;0.001517317;0.001528114;L1;122.6567065
2111;4-Methyl-2-pentanone;Water;293.138;0.003490004;0.001517317;0.001528114;L1;83.29589708
2111;4-Methyl-2-pentanone;Water;293.138;0.003731585;0.001517317;0.001528114;L1;89.98891648
2111;4-Methyl-2-pentanone;Water;293.14537;0.003947593;0.001517328;0.001528115;L1;95.61551165
2111;4-Methyl-2-pentanone;Water;293.15;0.0033;0.001517335;0.001528115;L1;77.69671599
2111;4-Methyl-2-pentanone;Water;293.15;0.0039;0.001517335;0.001528115;L1;94.40212446
2111;4-Methyl-2-pentanone;Water;293.2;0.0047;0.001517407;0.001528123;L1;113.0559565
2111;4-Methyl-2-pentanone;Water;297.74445;0.003471442;0.001525469;0.001528777;L1;82.22681825
2111;4-Methyl-2-pentanone;Water;298.136;0.0031;0.001526299;0.001528833;L1;70.8556413
2111;4-Methyl-2-pentanone;Water;298.136;0.003285997;0.001526299;0.001528833;L1;76.68244082
2111;4-Methyl-2-pentanone;Water;298.136;0.003490004;0.001526299;0.001528833;L1;82.70571839
2111;4-Methyl-2-pentanone;Water;298.136;0.0028;0.001526299;0.001528833;L1;60.67737187
2111;4-Methyl-2-pentanone;Water;298.14437;0.003471442;0.001526317;0.001528834;L1;82.17125992
2111;4-Methyl-2-pentanone;Water;298.14437;0.0037;0.001526317;0.001528834;L1;88.54753493
2111;4-Methyl-2-pentanone;Water;298.15;0.00311936;0.001526329;0.001528835;L1;71.47624605
2111;4-Methyl-2-pentanone;Water;298.15;0.003360138;0.001526329;0.001528835;L1;78.91166524
2111;4-Methyl-2-pentanone;Water;298.15;0.003248945;0.001526329;0.001528835;L1;75.54649361
2111;4-Methyl-2-pentanone;Water;298.15;0.003304528;0.001526329;0.001528835;L1;77.24282571
2111;4-Methyl-2-pentanone;Water;298.15;0.003471442;0.001526329;0.001528835;L1;82.17046775
2111;4-Methyl-2-pentanone;Water;298.15;0.0032;0.001526329;0.001528835;L1;74.02854177
2111;4-Methyl-2-pentanone;Water;298.15;0.003471442;0.001526329;0.001528835;L1;82.17046775
2111;4-Methyl-2-pentanone;Water;298.15;0.002823732;0.001526329;0.001528835;L1;61.51940222
2111;4-Methyl-2-pentanone;Water;298.15;0.002952973;0.001526329;0.001528835;L1;65.99470674
2111;4-Methyl-2-pentanone;Water;298.15;0.00311936;0.001526329;0.001528835;L1;71.47624605
2111;4-Methyl-2-pentanone;Water;298.15;0.002234828;0.001526329;0.001528835;L1;38.12988755
2111;4-Methyl-2-pentanone;Water;298.15;0.003172349;0.001526329;0.001528835;L1;73.16069308
2111;4-Methyl-2-pentanone;Water;298.19436;0.00323;0.001526424;0.001528842;L1;74.9554231
2111;4-Methyl-2-pentanone;Water;298.2;0.00311936;0.001526436;0.001528842;L1;71.46919858
2111;4-Methyl-2-pentanone;Water;298.2;0.003582858;0.001526436;0.001528842;L1;85.32249392
2111;4-Methyl-2-pentanone;Water;298.2;0.00311936;0.001526436;0.001528842;L1;71.46919858
2111;4-Methyl-2-pentanone;Water;298.2;0.003471442;0.001526436;0.001528842;L1;82.16342029
2111;4-Methyl-2-pentanone;Water;298.2;0.003824641;0.001526436;0.001528842;L1;91.85287399
2111;4-Methyl-2-pentanone;Water;302.8;0.002916032;0.001537768;0.001543109;L1;63.9891676
2111;4-Methyl-2-pentanone;Water;303.09307;0.0029;0.001538585;0.001544289;L1;63.38478784
2111;4-Methyl-2-pentanone;Water;303.1;0.002916032;0.001538604;0.001544317;L1;63.93482952
2111;4-Methyl-2-pentanone;Water;303.134;0.00298;0.001538699;0.001544454;L1;66.09857651
2111;4-Methyl-2-pentanone;Water;303.134;0.002879;0.001538699;0.001544454;L1;62.65054762
2111;4-Methyl-2-pentanone;Water;303.134;0.003248945;0.001538699;0.001544454;L1;74.73927928
2111;4-Methyl-2-pentanone;Water;303.143055;0.004088409;0.001538725;0.00154449;L1;97.72018223
2111;4-Methyl-2-pentanone;Water;303.15;0.0033;0.001538744;0.001544518;L1;76.29557043
2111;4-Methyl-2-pentanone;Water;303.15;0.0033;0.001538744;0.001544518;L1;76.29557043
2111;4-Methyl-2-pentanone;Water;303.15;0.004778261;0.001538744;0.001544518;L1;113.3109909
2111;4-Methyl-2-pentanone;Water;303.15;0.003174878;0.001538744;0.001544518;L1;72.43024422
2111;4-Methyl-2-pentanone;Water;303.15;0.003285997;0.001538744;0.001544518;L1;75.87033425
2111;4-Methyl-2-pentanone;Water;303.95;0.003026892;0.001541035;0.001547739;L1;67.50819762
2111;4-Methyl-2-pentanone;Water;308.15;0.002793354;0.001554391;0.001564648;L1;58.6159077
2111;4-Methyl-2-pentanone;Water;308.15;0.003;0.001554391;0.001564648;L1;65.75283413
2111;4-Methyl-2-pentanone;Water;308.15;0.002897566;0.001554391;0.001564648;L1;62.27871269
2111;4-Methyl-2-pentanone;Water;308.15;0.003082364;0.001554391;0.001564648;L1;68.46128877
2111;4-Methyl-2-pentanone;Water;308.2;0.00319339;0.001554563;0.00156485;L1;71.98883
2111;4-Methyl-2-pentanone;Water;308.2;0.003137863;0.001554563;0.00156485;L1;70.23472466
2111;4-Methyl-2-pentanone;Water;312.65;0.002584113;0.001571108;0.001582766;L1;49.76013326
2111;4-Methyl-2-pentanone;Water;312.75;0.002676213;0.001571507;0.001583168;L1;53.23677895
2111;4-Methyl-2-pentanone;Water;313.15;0.0018;0.001573115;0.001584779;L1;13.47289984
2111;4-Methyl-2-pentanone;Water;313.15;0.002694642;0.001573115;0.001584779;L1;53.82076905
2111;4-Methyl-2-pentanone;Water;313.15;0.002639364;0.001573115;0.001584779;L1;51.74803125
2111;4-Methyl-2-pentanone;Water;313.15;0.002694642;0.001573115;0.001584779;L1;53.82076905
2111;4-Methyl-2-pentanone;Water;313.2;0.002694642;0.001573317;0.00158498;L1;53.80790783
2111;4-Methyl-2-pentanone;Water;313.2;0.002694642;0.001573317;0.00158498;L1;53.80790783
2111;4-Methyl-2-pentanone;Water;313.2;0.0034;0.001573317;0.00158498;L1;77.05891529
2111;4-Methyl-2-pentanone;Water;318.15;0.0027;0.001594792;0.001604909;L1;52.65086899
2111;4-Methyl-2-pentanone;Water;318.15;0.002657787;0.001594792;0.001604909;L1;51.07507386
2111;4-Methyl-2-pentanone;Water;318.15;0.002545679;0.001594792;0.001604909;L1;46.7654329
2111;4-Methyl-2-pentanone;Water;318.15;0.00276839;0.001594792;0.001604909;L1;55.15228407
2111;4-Methyl-2-pentanone;Water;318.15;0.00276839;0.001594792;0.001604909;L1;55.15228407
2111;4-Methyl-2-pentanone;Water;318.2;0.002639364;0.001595023;0.00160511;L1;50.36498533
2111;4-Methyl-2-pentanone;Water;322.4;0.002547294;0.001615465;0.001622019;L1;45.54089569
2111;4-Methyl-2-pentanone;Water;323.127;0.00253;0.001619204;0.001624946;L1;44.6284651
2111;4-Methyl-2-pentanone;Water;323.15;0.002473693;0.001619323;0.001625039;L1;42.37038742
2111;4-Methyl-2-pentanone;Water;323.15;0.002473693;0.001619323;0.001625039;L1;42.37038742
2111;4-Methyl-2-pentanone;Water;323.15;0.002473693;0.001619323;0.001625039;L1;42.37038742
2111;4-Methyl-2-pentanone;Water;323.2;0.002473693;0.001619583;0.00162524;L1;42.35436594
2111;4-Methyl-2-pentanone;Water;323.2;0.002473693;0.001619583;0.00162524;L1;42.35436594
2111;4-Methyl-2-pentanone;Water;323.25;0.002510487;0.001619842;0.001625441;L1;43.81478814
2111;4-Methyl-2-pentanone;Water;323.25;0.002510487;0.001619842;0.001625441;L1;43.81478814
2111;4-Methyl-2-pentanone;Water;328.15;0.00251383;0.001646634;0.00164833;L1;42.30744877
2111;4-Methyl-2-pentanone;Water;328.15;0.002620943;0.001646634;0.00164833;L1;46.48011778
2111;4-Methyl-2-pentanone;Water;333.15;0.00230827;0.001676666;0.001683721;L1;31.96910543
2111;4-Methyl-2-pentanone;Water;333.55;0.002345009;0.001679185;0.001686552;L1;33.39807983
2111;4-Methyl-2-pentanone;Water;338.15;0.002492089;0.00170938;0.001719112;L1;37.69907519
2111;4-Methyl-2-pentanone;Water;343.132055;0.003100861;0.001744617;0.001754376;L1;57.51445299
2111;4-Methyl-2-pentanone;Water;343.15;0.002198125;0.001744749;0.001754503;L1;23.09939697
2111;4-Methyl-2-pentanone;Water;343.35;0.002253184;0.001746219;0.001755919;L1;25.48915177
2111;4-Methyl-2-pentanone;Water;343.35;0.002234828;0.001746219;0.001755919;L1;24.67114583
2111;4-Methyl-2-pentanone;Water;348.1235;0.00246;0.001782553;0.001789707;L1;32.21149164
2111;4-Methyl-2-pentanone;Water;353.25;0.002143093;0.001824254;0.001825993;L1;16.10787979
2111;4-Methyl-2-pentanone;Water;360.9768;0.003;0.001892378;0.001899249;L1;46.07778929
2111;4-Methyl-2-pentanone;Water;363.55;0.002216475;0.001916482;0.001925202;L1;14.5426762
2111;4-Methyl-2-pentanone;Water;401;0.003285997;0.00235124;0.002360912;L1;33.47273714
2111;4-Methyl-2-pentanone;Water;273.15;0.912281968;0.928176594;0.927959782;L2;1.727289224
2111;4-Methyl-2-pentanone;Water;282.65;0.902784993;0.929122202;0.928275977;L2;2.875585005
2111;4-Methyl-2-pentanone;Water;292.25;0.88108244;0.929206652;0.9285955;L2;5.317996312
2111;4-Methyl-2-pentanone;Water;292.55;0.870765105;0.929197577;0.928605485;L2;6.49491375
2111;4-Methyl-2-pentanone;Water;293.138;0.879274115;0.929177909;0.928625056;L2;5.520352866
2111;4-Methyl-2-pentanone;Water;293.15;0.9009;0.929177482;0.928625455;L2;3.090550306
2111;4-Methyl-2-pentanone;Water;293.15;0.8981;0.929177482;0.928625455;L2;3.401834604
2111;4-Methyl-2-pentanone;Water;293.15;0.8778;0.929177482;0.928625455;L2;5.688098946
2111;4-Methyl-2-pentanone;Water;293.2;0.9085;0.929175691;0.928627119;L2;2.250295155
2111;4-Methyl-2-pentanone;Water;297.74445;0.879725639;0.928941203;0.928778375;L2;5.443536068
2111;4-Methyl-2-pentanone;Water;298.136;0.894837012;0.928914605;0.928791408;L2;3.737522106
2111;4-Methyl-2-pentanone;Water;298.136;0.907;0.928914605;0.928791408;L2;2.387436314
2111;4-Methyl-2-pentanone;Water;298.136;0.902784993;0.928914605;0.928791408;L2;2.853239118
2111;4-Methyl-2-pentanone;Water;298.136;0.893;0.928914605;0.928791408;L2;3.943023237
2111;4-Methyl-2-pentanone;Water;298.14437;0.8801;0.928914026;0.928791686;L2;5.398065231
2111;4-Methyl-2-pentanone;Water;298.14437;0.893446101;0.928914026;0.928791686;L2;3.893018035
2111;4-Methyl-2-pentanone;Water;298.15;0.897162941;0.928913636;0.928791874;L2;3.477827336
2111;4-Methyl-2-pentanone;Water;298.15;0.88108244;0.928913636;0.928791874;L2;5.286457294
2111;4-Methyl-2-pentanone;Water;298.15;0.877471723;0.928913636;0.928791874;L2;5.697103966
2111;4-Methyl-2-pentanone;Water;298.15;0.9027;0.928913636;0.928791874;L2;2.862549768
2111;4-Methyl-2-pentanone;Water;298.15;0.891135617;0.928913636;0.928791874;L2;4.151914646
2111;4-Methyl-2-pentanone;Water;298.15;0.900904695;0.928913636;0.928791874;L2;3.061629488
2111;4-Methyl-2-pentanone;Water;298.15;0.899030689;0.928913636;0.928791874;L2;3.269859927
2111;4-Methyl-2-pentanone;Water;298.15;0.899030689;0.928913636;0.928791874;L2;3.269859927
2111;4-Methyl-2-pentanone;Water;298.15;0.900904695;0.928913636;0.928791874;L2;3.061629488
2111;4-Methyl-2-pentanone;Water;298.15;0.900904695;0.928913636;0.928791874;L2;3.061629488
2111;4-Methyl-2-pentanone;Water;298.15;0.902784993;0.928913636;0.928791874;L2;2.853134791
2111;4-Methyl-2-pentanone;Water;298.2;0.901844056;0.928910165;0.928793538;L2;2.957041486
2111;4-Methyl-2-pentanone;Water;298.2;0.905144261;0.928910165;0.928793538;L2;2.591769764
2111;4-Methyl-2-pentanone;Water;298.2;0.900904695;0.928910165;0.928793538;L2;3.061255796
2111;4-Methyl-2-pentanone;Water;298.2;0.900904695;0.928910165;0.928793538;L2;3.061255796
2111;4-Methyl-2-pentanone;Water;298.2;0.902784993;0.928910165;0.928793538;L2;2.852761098
2111;4-Methyl-2-pentanone;Water;302.8;0.902784993;0.92852497;0.928304432;L2;2.811285094
2111;4-Methyl-2-pentanone;Water;303.09307;0.8533;0.92849616;0.928260481;L2;8.445505954
2111;4-Methyl-2-pentanone;Water;303.1;0.902784993;0.928495473;0.928259441;L2;2.808108285
2111;4-Methyl-2-pentanone;Water;303.134;0.888834707;0.928492097;0.928254342;L2;4.365058241
2111;4-Methyl-2-pentanone;Water;303.134;0.9239;0.928492097;0.928254342;L2;0.495802857
2111;4-Methyl-2-pentanone;Water;303.134;0.88199;0.928492097;0.928254342;L2;5.138115118
2111;4-Methyl-2-pentanone;Water;303.15;0.901844056;0.928490506;0.928251943;L2;2.911853766
2111;4-Methyl-2-pentanone;Water;303.15;0.898096035;0.928490506;0.928251943;L2;3.328315007
2111;4-Methyl-2-pentanone;Water;303.15;0.8628;0.928490506;0.928251943;L2;7.337724135
2111;4-Methyl-2-pentanone;Water;303.15;0.862824641;0.928490506;0.928251943;L2;7.334868241
2111;4-Methyl-2-pentanone;Water;303.15;0.8859;0.928490506;0.928251943;L2;4.695607844
2111;4-Methyl-2-pentanone;Water;303.95;0.875227033;0.928409097;0.928131967;L2;5.898915361
2111;4-Methyl-2-pentanone;Water;308.15;0.8865;0.927923485;0.927502096;L2;4.56681523
2111;4-Methyl-2-pentanone;Water;308.15;0.888834707;0.927923485;0.927502096;L2;4.303799097
2111;4-Methyl-2-pentanone;Water;308.15;0.880629801;0.927923485;0.927502096;L2;5.231194337
2111;4-Methyl-2-pentanone;Water;308.2;0.883351236;0.927917132;0.927494597;L2;4.921953455
2111;4-Methyl-2-pentanone;Water;308.2;0.889294126;0.927917132;0.927494597;L2;4.251440063
2111;4-Methyl-2-pentanone;Water;312.65;0.877022049;0.927300502;0.926827233;L2;5.574554549
2111;4-Methyl-2-pentanone;Water;312.75;0.875227033;0.927285509;0.926812236;L2;5.777819138
2111;4-Methyl-2-pentanone;Water;313.15;0.887;0.92722505;0.926752248;L2;4.43513264
2111;4-Methyl-2-pentanone;Water;313.15;0.877921766;0.92722505;0.926752248;L2;5.463882383
2111;4-Methyl-2-pentanone;Water;313.15;0.872545504;0.92722505;0.926752248;L2;6.078150241
2111;4-Methyl-2-pentanone;Water;313.15;0.877921766;0.92722505;0.926752248;L2;5.463882383
2111;4-Methyl-2-pentanone;Water;313.2;0.877921766;0.927217438;0.92674475;L2;5.463061445
2111;4-Methyl-2-pentanone;Water;313.2;0.877921766;0.927217438;0.92674475;L2;5.463061445
2111;4-Methyl-2-pentanone;Water;313.2;0.862;0.927217438;0.92674475;L2;7.293282867
2111;4-Methyl-2-pentanone;Water;318.15;0.8783;0.926405366;0.926002401;L2;5.332367776
2111;4-Methyl-2-pentanone;Water;318.15;0.862824641;0.926405366;0.926002401;L2;7.110042523
2111;4-Methyl-2-pentanone;Water;318.15;0.864140009;0.926405366;0.926002401;L2;6.957709555
2111;4-Methyl-2-pentanone;Water;318.15;0.882442596;0.926405366;0.926002401;L2;4.861815902
2111;4-Methyl-2-pentanone;Water;318.2;0.865898814;0.926396586;0.925994903;L2;6.753436271
2111;4-Methyl-2-pentanone;Water;322.4;0.875227033;0.925619551;0.925365031;L2;5.597997892
2111;4-Methyl-2-pentanone;Water;323.15;0.862824641;0.925472739;0.925252554;L2;7.00932029
2111;4-Methyl-2-pentanone;Water;323.15;0.862824641;0.925472739;0.925252554;L2;7.00932029
2111;4-Methyl-2-pentanone;Water;323.15;0.862824641;0.925472739;0.925252554;L2;7.00932029
2111;4-Methyl-2-pentanone;Water;323.2;0.862824641;0.925462867;0.925245055;L2;7.008253532
2111;4-Methyl-2-pentanone;Water;323.2;0.862824641;0.925462867;0.925245055;L2;7.008253532
2111;4-Methyl-2-pentanone;Water;323.25;0.867663339;0.925452984;0.925237557;L2;6.44795485
2111;4-Methyl-2-pentanone;Water;323.25;0.857594956;0.925452984;0.925237557;L2;7.615142086
2111;4-Methyl-2-pentanone;Water;328.15;0.874779197;0.924433973;0.92438262;L2;5.521012132
2111;4-Methyl-2-pentanone;Water;333.15;0.855430809;0.923294641;0.923052922;L2;7.634319208
2111;4-Methyl-2-pentanone;Water;333.55;0.857594956;0.923199292;0.922946546;L2;7.371322053
2111;4-Methyl-2-pentanone;Water;338.15;0.838844378;0.922059301;0.921723224;L2;9.458433542
2111;4-Methyl-2-pentanone;Water;343.132055;0.811911643;0.920736598;0.920398298;L2;12.57824791
2111;4-Methyl-2-pentanone;Water;343.15;0.84431601;0.920731672;0.920393526;L2;8.664180518
2111;4-Methyl-2-pentanone;Water;343.35;0.840521952;0.920676691;0.920340338;L2;9.108586361
2111;4-Methyl-2-pentanone;Water;343.35;0.848137331;0.920676691;0.920340338;L2;8.206636429
2111;4-Methyl-2-pentanone;Water;353.25;0.840521952;0.917780055;0.917707536;L2;8.793470055
2111;4-Methyl-2-pentanone;Water;360.9768;0.7955;0.91528711;0.915071238;L2;14.02669492
2111;4-Methyl-2-pentanone;Water;363.55;0.819927171;0.914412814;0.914144505;L2;10.90666051
2111;4-Methyl-2-pentanone;Water;401;0.741509983;0.899255471;0.89899903;L2;19.28785418
2118;2-Methyl-1-propanol;Water;262.55848;0.03687;0.00380688;0.003823231;L1;227.0588144
2118;2-Methyl-1-propanol;Water;264.55688;0.03539;0.003882532;0.003900739;L1;220.9941805
2118;2-Methyl-1-propanol;Water;269.55288;0.0326;0.004077768;0.00409451;L1;207.8762498
2118;2-Methyl-1-propanol;Water;270.25232;0.03207;0.004105807;0.004121638;L1;205.5518674
2118;2-Methyl-1-propanol;Water;270.75192;0.03184;0.004125942;0.004141015;L1;204.3428913
2118;2-Methyl-1-propanol;Water;273.15;0.032;0.004223845;0.004234025;L1;202.4989965
2118;2-Methyl-1-propanol;Water;273.15;0.030906697;0.004223845;0.004234025;L1;199.0226954
2118;2-Methyl-1-propanol;Water;280.1458;0.02748;0.00452153;0.004533052;L1;180.4608012
2118;2-Methyl-1-propanol;Water;282.948115;0.026436885;0.004645937;0.004663494;L1;173.8767162
2118;2-Methyl-1-propanol;Water;288.04106;0.0241;0.004879813;0.004900562;L1;159.7105031
2118;2-Methyl-1-propanol;Water;288.2;0.021497166;0.004887275;0.00490796;L1;148.1286155
2118;2-Methyl-1-propanol;Water;291.1392;0.026294587;0.005027099;0.005044775;L1;165.4520121
2118;2-Methyl-1-propanol;Water;291.9956;0.02133124;0.005068493;0.005084639;L1;143.7129128
2118;2-Methyl-1-propanol;Water;292.08863;0.023;0.005073008;0.005088969;L1;151.1560364
2118;2-Methyl-1-propanol;Water;292.84543;0.023025675;0.005109864;0.005124197;L1;150.5437032
2118;2-Methyl-1-propanol;Water;293.138;0.023;0.005124175;0.005137816;L1;150.1524603
2118;2-Methyl-1-propanol;Water;293.138;0.022;0.005124175;0.005137816;L1;145.707284
2118;2-Methyl-1-propanol;Water;293.14537;0.029162875;0.005124536;0.005138159;L1;173.8856444
2118;2-Methyl-1-propanol;Water;293.15;0.022329211;0.005124763;0.005138374;L1;147.1811429
2118;2-Methyl-1-propanol;Water;293.15;0.022;0.005124763;0.005138374;L1;145.695815
2118;2-Methyl-1-propanol;Water;294.73736;0.0219;0.005203028;0.005212263;L1;143.7245876
2118;2-Methyl-1-propanol;Water;297.9944;0.021;0.005366884;0.005369976;L1;136.4274923
2118;2-Methyl-1-propanol;Water;298.136;0.024314579;0.005374109;0.005377792;L1;150.9483425
2118;2-Methyl-1-propanol;Water;298.136;0.0195;0.005374109;0.005377792;L1;128.8821761
2118;2-Methyl-1-propanol;Water;298.136;0.0211;0.005374109;0.005377792;L1;136.7680336
2118;2-Methyl-1-propanol;Water;298.136;0.026294587;0.005374109;0.005377792;L1;158.7770396
2118;2-Methyl-1-propanol;Water;298.14437;0.025;0.005374536;0.005378254;L1;153.7203613
2118;2-Methyl-1-propanol;Water;298.15;0.021;0.005374823;0.005378564;L1;136.2796747
2118;2-Methyl-1-propanol;Water;298.15;0.0209;0.005374823;0.005378564;L1;135.8023468
2118;2-Methyl-1-propanol;Water;298.15;0.022079173;0.005374823;0.005378564;L1;141.2909075
2118;2-Methyl-1-propanol;Water;298.15;0.020972286;0.005374823;0.005378564;L1;136.1476161
2118;2-Methyl-1-propanol;Water;298.15;0.020972286;0.005374823;0.005378564;L1;136.1476161
2118;2-Methyl-1-propanol;Water;298.19436;0.0197;0.005377088;0.005381013;L1;129.8471584
2118;2-Methyl-1-propanol;Water;298.2;0.021;0.005377377;0.005381324;L1;136.2321816
2118;2-Methyl-1-propanol;Water;298.2;0.0183;0.005377377;0.005381324;L1;122.4700438
2118;2-Methyl-1-propanol;Water;298.2;0.020311575;0.005377377;0.005381324;L1;132.8990298
2118;2-Methyl-1-propanol;Water;300.53504;0.0207;0.005497796;0.005510199;L1;132.5786463
2118;2-Methyl-1-propanol;Water;302.943115;0.0218;0.005624424;0.005643105;L1;135.4791492
2118;2-Methyl-1-propanol;Water;302.943115;0.0218;0.005624424;0.005643105;L1;135.4791492
2118;2-Methyl-1-propanol;Water;303.134;0.019;0.005634568;0.00565364;L1;121.5518427
2118;2-Methyl-1-propanol;Water;303.134;0.0202;0.005634568;0.00565364;L1;127.6762052
2118;2-Methyl-1-propanol;Water;303.15;0.020806869;0.005635419;0.005654523;L1;130.621159
2118;2-Methyl-1-propanol;Water;303.15;0.0211;0.005635419;0.005654523;L1;132.0201458
2118;2-Methyl-1-propanol;Water;303.2;0.024;0.00563808;0.005657282;L1;144.8510297
2118;2-Methyl-1-propanol;Water;303.742875;0.020339053;0.005667034;0.005687245;L1;127.7877033
2118;2-Methyl-1-propanol;Water;307.59172;0.0192;0.00587602;0.005899669;L1;118.4030632
2118;2-Methyl-1-propanol;Water;308.2;0.017721117;0.00590965;0.005933241;L1;109.8170364
2118;2-Methyl-1-propanol;Water;309.43148;0.0193;0.005978244;0.006001209;L1;117.1978256
2118;2-Methyl-1-propanol;Water;312.840145;0.0196;0.006171697;0.006189339;L1;115.5555684
2118;2-Methyl-1-propanol;Water;312.840145;0.0196;0.006171697;0.006189339;L1;115.5555684
2118;2-Methyl-1-propanol;Water;313.040085;0.0185;0.00618321;0.006200374;L1;109.5933177
2118;2-Methyl-1-propanol;Water;313.15;0.019571319;0.006189547;0.00620644;L1;115.1203298
2118;2-Methyl-1-propanol;Water;313.15;0.0242;0.006189547;0.00620644;L1;136.3490753
2118;2-Methyl-1-propanol;Water;313.539935;0.018779797;0.006212073;0.006227961;L1;110.628705
2118;2-Methyl-1-propanol;Water;317.9886;0.0183;0.0064741;0.006475506;L1;103.909145
2118;2-Methyl-1-propanol;Water;318.2;0.017504767;0.006486785;0.00648922;L1;99.27062888
2118;2-Methyl-1-propanol;Water;322.737175;0.0166;0.006764223;0.006783556;L1;89.77553121
2118;2-Methyl-1-propanol;Water;322.737175;0.0166;0.006764223;0.006783556;L1;89.77553121
2118;2-Methyl-1-propanol;Water;322.78716;0.0182;0.006767335;0.006786798;L1;98.93141938
2118;2-Methyl-1-propanol;Water;323.15;0.019270653;0.006789965;0.006810337;L1;104.3137612
2118;2-Methyl-1-propanol;Water;323.2;0.0177;0.006793088;0.00681358;L1;95.76589732
2118;2-Methyl-1-propanol;Water;323.2;0.024;0.006793088;0.00681358;L1;126.2148164
2118;2-Methyl-1-propanol;Water;323.237025;0.018181781;0.006795402;0.006815982;L1;98.41738387
2118;2-Methyl-1-propanol;Water;332.63447;0.0174;0.007405019;0.007425613;L1;85.43121786
2118;2-Methyl-1-propanol;Water;332.63447;0.0174;0.007405019;0.007425613;L1;85.43121786
2118;2-Methyl-1-propanol;Water;333.17;0.0182;0.007441131;0.007460354;L1;89.43987396
2118;2-Methyl-1-propanol;Water;333.33433;0.018100396;0.007452242;0.007471014;L1;88.74188265
2118;2-Methyl-1-propanol;Water;333.88422;0.0193;0.007489528;0.007506687;L1;94.65993078
2118;2-Methyl-1-propanol;Water;343.18;0.0186;0.00814461;0.008166865;L1;82.58051757
2118;2-Methyl-1-propanol;Water;343.2;0.019;0.008146071;0.008168381;L1;84.69032054
2118;2-Methyl-1-propanol;Water;343.431965;0.017775248;0.008163033;0.008185967;L1;77.81911155
2118;2-Methyl-1-propanol;Water;343.531935;0.0203;0.008170353;0.008193547;L1;91.01088184
2118;2-Methyl-1-propanol;Water;352.329295;0.0191;0.008837129;0.008860525;L1;77.07262479
2118;2-Methyl-1-propanol;Water;352.329295;0.0191;0.008837129;0.008860525;L1;77.07262479
2118;2-Methyl-1-propanol;Water;353.2;0.0192;0.008905618;0.008926539;L1;76.82280025
2118;2-Methyl-1-propanol;Water;353.323;0.0193;0.00891533;0.008935864;L1;77.23328562
2118;2-Methyl-1-propanol;Water;353.428965;0.0217;0.008923704;0.008943898;L1;88.86011433
2118;2-Methyl-1-propanol;Water;353.628905;0.018807029;0.008939524;0.008959056;L1;74.37483482
2118;2-Methyl-1-propanol;Water;360.123;0.0207;0.009466815;0.009480576;L1;78.23411284
2118;2-Methyl-1-propanol;Water;362.22655;0.0199;0.009643337;0.00966584;L1;72.4452566
2118;2-Methyl-1-propanol;Water;362.27654;0.0232;0.009647566;0.009670243;L1;87.744659
2118;2-Methyl-1-propanol;Water;362.92641;0.0191;0.009702701;0.009727478;L1;67.72840287
2118;2-Methyl-1-propanol;Water;363.14;0.0196;0.009720882;0.009746289;L1;70.12531972
2118;2-Methyl-1-propanol;Water;363.52304;0.0207;0.009753562;0.009780024;L1;75.25011735
2118;2-Methyl-1-propanol;Water;363.52304;0.0207;0.009753562;0.009780024;L1;75.25011735
2118;2-Methyl-1-propanol;Water;363.82623;0.019899925;0.009779497;0.009806727;L1;71.04279034
2118;2-Methyl-1-propanol;Water;365.72326;0.0219;0.00994315;0.009973802;L1;78.96027891
2118;2-Methyl-1-propanol;Water;367.22341;0.023;0.010074262;0.010105923;L1;82.55103216
2118;2-Methyl-1-propanol;Water;372.12457;0.026;0.010513297;0.010537578;L1;90.54556947
2118;2-Methyl-1-propanol;Water;372.12457;0.026;0.010513297;0.010537578;L1;90.54556947
2118;2-Methyl-1-propanol;Water;372.22391;0.0241;0.010522368;0.010546327;L1;82.8708605
2118;2-Methyl-1-propanol;Water;373.16;0.0201;0.01060818;0.010628771;L1;63.90944167
2118;2-Methyl-1-propanol;Water;378.42506;0.02748;0.01110249;0.011111405;L1;90.62890996
2118;2-Methyl-1-propanol;Water;380.82554;0.028;0.011334576;0.011356318;L1;90.43466213
2118;2-Methyl-1-propanol;Water;381.1256;0.028;0.011363889;0.011386933;L1;90.17638102
2118;2-Methyl-1-propanol;Water;382.02259;0.0295;0.01145192;0.01147845;L1;94.62328514
2118;2-Methyl-1-propanol;Water;382.02259;0.0295;0.01145192;0.01147845;L1;94.62328514
2118;2-Methyl-1-propanol;Water;386.1263;0.031491836;0.011862492;0.011897138;L1;97.63468199
2118;2-Methyl-1-propanol;Water;390.22671;0.03536;0.012285891;0.012315489;L1;105.712973
2118;2-Methyl-1-propanol;Water;391.82063;0.0396;0.01245412;0.012478111;L1;115.6777664
2118;2-Methyl-1-propanol;Water;391.82063;0.0396;0.01245412;0.012478111;L1;115.6777664
2118;2-Methyl-1-propanol;Water;395.02757;0.04121;0.012798927;0.012805305;L1;116.9319574
2118;2-Methyl-1-propanol;Water;396.1279;0.042056135;0.012919216;0.012921491;L1;118.0289452
2118;2-Methyl-1-propanol;Water;396.81963;0.049;0.012995362;0.013002896;L1;132.7227809
2118;2-Methyl-1-propanol;Water;396.81963;0.049;0.012995362;0.013002896;L1;132.7227809
2118;2-Methyl-1-propanol;Water;398.71925;0.057;0.013206581;0.013226448;L1;146.2336039
2118;2-Methyl-1-propanol;Water;398.71925;0.057;0.013206581;0.013226448;L1;146.2336039
2118;2-Methyl-1-propanol;Water;399.32886;0.04741;0.013275024;0.013298188;L1;127.2948787
2118;2-Methyl-1-propanol;Water;399.82901;0.0452;0.01333142;0.013357047;L1;122.0973417
2118;2-Methyl-1-propanol;Water;399.82901;0.0452;0.01333142;0.013357047;L1;122.0973417
2118;2-Methyl-1-propanol;Water;400.1291;0.055265937;0.013365363;0.013392363;L1;141.9490247
2118;2-Methyl-1-propanol;Water;400.72928;0.049;0.013433486;0.013462993;L1;129.4069777
2118;2-Methyl-1-propanol;Water;400.82931;0.049;0.01344487;0.013474765;L1;129.3222652
2118;2-Methyl-1-propanol;Water;401.32946;0.05529;0.013501926;0.013533624;L1;140.9759699
2118;2-Methyl-1-propanol;Water;401.71865;0.0635;0.013546478;0.013579425;L1;154.4913347
2118;2-Methyl-1-propanol;Water;401.71865;0.0635;0.013546478;0.013579425;L1;154.4913347
2118;2-Methyl-1-propanol;Water;402.1297;0.065521947;0.013593678;0.013627798;L1;157.2780354
2118;2-Methyl-1-propanol;Water;403.43006;0.0602;0.013743991;0.013780828;L1;147.7070619
2118;2-Methyl-1-propanol;Water;403.71825;0.0724;0.01377751;0.013814743;L1;165.9168723
2118;2-Methyl-1-propanol;Water;403.73012;0.0602;0.013778893;0.01381614;L1;147.4534458
2118;2-Methyl-1-propanol;Water;404.6303;0.103609878;0.013884086;0.013922075;L1;200.988937
2118;2-Methyl-1-propanol;Water;404.93036;0.06742;0.013919315;0.013957387;L1;157.7664289
2118;2-Methyl-1-propanol;Water;405.03038;0.06375;0.013931076;0.013969158;L1;152.0847169
2118;2-Methyl-1-propanol;Water;405.6305;0.09366;0.014001835;0.014039781;L1;190.0482805
2118;2-Methyl-1-propanol;Water;405.71785;0.0888;0.014012162;0.014050061;L1;184.6460984
2118;2-Methyl-1-propanol;Water;405.73052;0.10313;0.01401366;0.014051552;L1;199.5957726
2118;2-Methyl-1-propanol;Water;405.73052;0.1161;0.01401366;0.014051552;L1;211.4419286
2118;2-Methyl-1-propanol;Water;405.83054;0.12554;0.014025495;0.014063322;L1;219.1747688
2118;2-Methyl-1-propanol;Water;406.03058;0.11072;0.014049192;0.014086864;L1;206.4439615
2118;2-Methyl-1-propanol;Water;406.1306;0.0813;0.014061054;0.014098634;L1;175.4737157
2118;2-Methyl-1-propanol;Water;406.1306;0.0813;0.014061054;0.014098634;L1;175.4737157
2118;2-Methyl-1-propanol;Water;407.21755;0.118;0.014190563;0.014226549;L1;211.8107444
2118;2-Methyl-1-propanol;Water;258.46176;0.6132;0.697059491;0.696808433;L2;12.81796127
2118;2-Methyl-1-propanol;Water;262.35864;0.6062;0.696828119;0.696352762;L2;13.93288148
2118;2-Methyl-1-propanol;Water;265.25632;0.5994;0.696552937;0.696013929;L2;15.02146391
2118;2-Methyl-1-propanol;Water;267.25472;0.5946;0.696313613;0.695780252;L2;15.79112419
2118;2-Methyl-1-propanol;Water;270.25232;0.5889;0.695881028;0.695429735;L2;16.69223189
2118;2-Methyl-1-propanol;Water;273.15;0.526;0.695381324;0.695090903;L2;27.91591503
2118;2-Methyl-1-propanol;Water;273.15;0.57934373;0.695381324;0.695090903;L2;18.25644001
2118;2-Methyl-1-propanol;Water;274.1494;0.5853;0.695190849;0.69497404;L2;17.20618738
2118;2-Methyl-1-propanol;Water;280.24574;0.5776;0.693834558;0.693577239;L2;18.33519555
2118;2-Methyl-1-propanol;Water;282.54436;0.5711;0.693239208;0.692879763;L2;19.38107917
2118;2-Methyl-1-propanol;Water;282.948115;0.568019514;0.693130025;0.692757251;L2;19.9061834
2118;2-Methyl-1-propanol;Water;286.04226;0.5646;0.692248459;0.691818386;L2;20.38274205
2118;2-Methyl-1-propanol;Water;288.2;0.563016022;0.69158756;0.691163657;L2;20.56816807
2118;2-Methyl-1-propanol;Water;291.33908;0.5589;0.690560159;0.690211157;L2;21.15325261
2118;2-Methyl-1-propanol;Water;291.9956;0.552815869;0.690335581;0.690011948;L2;22.21528496
2118;2-Methyl-1-propanol;Water;292.84543;0.553356335;0.690039961;0.689754082;L2;22.07473487
2118;2-Methyl-1-propanol;Water;293.138;0.553;0.689936912;0.689665306;L2;22.12421602
2118;2-Methyl-1-propanol;Water;293.138;0.55;0.689936912;0.689665306;L2;22.66818835
2118;2-Methyl-1-propanol;Water;293.14537;0.592925407;0.689934308;0.68966307;L2;15.15277852
2118;2-Methyl-1-propanol;Water;293.15;0.546382;0.689932672;0.689661665;L2;23.32756506
2118;2-Methyl-1-propanol;Water;293.15;0.517;0.689932672;0.689661665;L2;28.85511409
2118;2-Methyl-1-propanol;Water;296.23676;0.5538;0.688805815;0.688725041;L2;21.81557845
2118;2-Methyl-1-propanol;Water;296.456672;0.544788308;0.68872282;0.688658313;L2;23.44416027
2118;2-Methyl-1-propanol;Water;297.03644;0.5504;0.688502299;0.688482392;L2;22.38733706
2118;2-Methyl-1-propanol;Water;297.9944;0.547;0.688132515;0.68808416;L2;22.95326261
2118;2-Methyl-1-propanol;Water;298.136;0.54249662;0.688077286;0.688019628;L2;23.77193111
2118;2-Methyl-1-propanol;Water;298.136;0.537427849;0.688077286;0.688019628;L2;24.71066495
2118;2-Methyl-1-propanol;Water;298.136;0.551;0.688077286;0.688019628;L2;22.21663569
2118;2-Methyl-1-propanol;Water;298.14437;0.537;0.688074017;0.688015814;L2;24.78983204
2118;2-Methyl-1-propanol;Water;298.15;0.551557375;0.688071818;0.688013248;L2;22.11473509
2118;2-Methyl-1-propanol;Water;298.15;0.548;0.688071818;0.688013248;L2;22.76179317
2118;2-Methyl-1-propanol;Water;298.15;0.548;0.688071818;0.688013248;L2;22.76179317
2118;2-Methyl-1-propanol;Water;298.15;0.553356335;0.688071818;0.688013248;L2;21.78910575
2118;2-Methyl-1-propanol;Water;298.15;0.547981569;0.688071818;0.688013248;L2;22.76515655
2118;2-Methyl-1-propanol;Water;298.19436;0.5553;0.688054481;0.687993032;L2;21.43595142
2118;2-Methyl-1-propanol;Water;298.2;0.5579;0.688052276;0.687990461;L2;20.96850826
2118;2-Methyl-1-propanol;Water;298.2;0.538820178;0.688052276;0.687990461;L2;24.44829237
2118;2-Methyl-1-propanol;Water;298.2;0.546;0.688052276;0.687990461;L2;23.12458417
2118;2-Methyl-1-propanol;Water;299.275544;0.541443004;0.68762752;0.687500299;L2;23.90094906
2118;2-Methyl-1-propanol;Water;299.645396;0.541793923;0.687479523;0.687331745;L2;23.81463316
2118;2-Methyl-1-propanol;Water;299.83532;0.5449;0.687403141;0.68724519;L2;23.23186429
2118;2-Methyl-1-propanol;Water;301.6346;0.541;0.686666715;0.686425196;L2;23.84297651
2118;2-Methyl-1-propanol;Water;302.6342;0.5381;0.686247656;0.685969644;L2;24.31941603
2118;2-Methyl-1-propanol;Water;302.943115;0.522;0.686116726;0.685828861;L2;27.33801793
2118;2-Methyl-1-propanol;Water;303.03404;0.5355;0.68607806;0.685787423;L2;24.77905221
2118;2-Methyl-1-propanol;Water;303.134;0.534;0.686035488;0.685741868;L2;25.05335189
2118;2-Methyl-1-propanol;Water;303.15;0.541;0.686028667;0.685734576;L2;23.75001362
2118;2-Methyl-1-propanol;Water;303.15;0.544434949;0.686028667;0.685734576;L2;23.11709491
2118;2-Methyl-1-propanol;Water;303.2;0.55;0.686007339;0.68571179;L2;22.09700481
2118;2-Methyl-1-propanol;Water;303.742875;0.539168966;0.685774653;0.685464383;L2;24.05200774
2118;2-Methyl-1-propanol;Water;306.23276;0.5351;0.684681248;0.684329657;L2;24.64997526
2118;2-Methyl-1-propanol;Water;307.59172;0.5449;0.684066532;0.683710332;L2;22.74528908
2118;2-Methyl-1-propanol;Water;308.2;0.526957798;0.683787321;0.683433118;L2;26.05264701
2118;2-Methyl-1-propanol;Water;308.83172;0.5308;0.68349471;0.683145221;L2;25.28336143
2118;2-Methyl-1-propanol;Water;309.73136;0.53;0.683073377;0.682735224;L2;25.37252805
2118;2-Methyl-1-propanol;Water;311.53064;0.52;0.682214549;0.68191523;L2;27.15153849
2118;2-Methyl-1-propanol;Water;311.83052;0.5207;0.682069332;0.681778565;L2;26.99572518
2118;2-Methyl-1-propanol;Water;312.03044;0.52;0.681972191;0.681687454;L2;27.11600692
2118;2-Methyl-1-propanol;Water;312.1304;0.525;0.681923522;0.681641899;L2;26.15192507
2118;2-Methyl-1-propanol;Water;312.840145;0.526;0.681576077;0.681318444;L2;25.91066645
2118;2-Methyl-1-propanol;Water;313.040085;0.5315;0.681477605;0.681227325;L2;24.85601919
2118;2-Methyl-1-propanol;Water;313.15;0.528;0.68142336;0.681177232;L2;25.50875035
2118;2-Methyl-1-propanol;Water;313.15;0.531731837;0.68142336;0.681177232;L2;24.80444907
2118;2-Methyl-1-propanol;Water;313.15;0.521399422;0.68142336;0.681177232;L2;26.76673943
2118;2-Methyl-1-propanol;Water;313.539935;0.522069281;0.681230287;0.680999526;L2;26.61001075
2118;2-Methyl-1-propanol;Water;313.82979;0.5225;0.681086126;0.680867429;L2;26.50637843
2118;2-Methyl-1-propanol;Water;314.1297;0.5178;0.680936392;0.680730749;L2;27.38798312
2118;2-Methyl-1-propanol;Water;317.9886;0.5201;0.678958246;0.678945216;L2;26.65385318
2118;2-Methyl-1-propanol;Water;318.2;0.514265093;0.678847143;0.67882156;L2;27.76571032
2118;2-Methyl-1-propanol;Water;318.72832;0.5033;0.678568244;0.678512525;L2;29.87986405
2118;2-Methyl-1-propanol;Water;322.737175;0.517;0.67639524;0.676167593;L2;26.87347058
2118;2-Methyl-1-propanol;Water;322.78716;0.5076;0.676367519;0.676138355;L2;28.70428592
2118;2-Methyl-1-propanol;Water;323.15;0.499399546;0.67616583;0.675926116;L2;30.30318885
2118;2-Methyl-1-propanol;Water;323.15;0.517900054;0.67616583;0.675926116;L2;26.66560795
2118;2-Methyl-1-propanol;Water;323.2;0.512;0.676137974;0.675896869;L2;27.80725337
2118;2-Methyl-1-propanol;Water;323.2;0.505;0.676137974;0.675896869;L2;29.18387295
2118;2-Methyl-1-propanol;Water;323.237025;0.504028;0.676117336;0.675875212;L2;29.37348136
2118;2-Methyl-1-propanol;Water;326.22607;0.5014;0.674423756;0.674126805;L2;29.64544463
2118;2-Methyl-1-propanol;Water;332.63447;0.507;0.670612756;0.670378287;L2;27.96808527
2118;2-Methyl-1-propanol;Water;333.17;0.493;0.670283359;0.670065035;L2;30.71913726
2118;2-Methyl-1-propanol;Water;333.33433;0.483677342;0.670181947;0.669968912;L2;32.61312029
2118;2-Methyl-1-propanol;Water;333.88422;0.4863;0.669841462;0.669647261;L2;32.0215343
2118;2-Methyl-1-propanol;Water;336.924;0.4749;0.667927837;0.667869177;L2;34.10758841
2118;2-Methyl-1-propanol;Water;340.424;0.4585;0.665659284;0.665541256;L2;37.28176627
2118;2-Methyl-1-propanol;Water;341.424;0.4598;0.664998448;0.664842487;L2;36.89930947
2118;2-Methyl-1-propanol;Water;343.18;0.48;0.663824504;0.663615449;L2;32.42317098
2118;2-Methyl-1-propanol;Water;343.2;0.458;0.663811035;0.663601473;L2;37.11283387
2118;2-Methyl-1-propanol;Water;343.431965;0.458532331;0.66365465;0.663439384;L2;36.9731105
2118;2-Methyl-1-propanol;Water;343.531935;0.4588;0.663587162;0.663369528;L2;36.90458275
2118;2-Methyl-1-propanol;Water;349.82333;0.432;0.659229323;0.658973297;L2;42.26458726
2118;2-Methyl-1-propanol;Water;352.329295;0.449;0.657433565;0.657222207;L2;38.13208296
2118;2-Methyl-1-propanol;Water;353.2;0.461;0.656801718;0.656613786;L2;35.39841301
2118;2-Methyl-1-propanol;Water;353.428965;0.4286;0.656634889;0.656453792;L2;42.66040562
2118;2-Methyl-1-propanol;Water;353.628905;0.433566061;0.656488979;0.656314081;L2;41.48617316
2118;2-Methyl-1-propanol;Water;358.123;0.4242;0.653153201;0.653134438;L2;43.16066702
2118;2-Methyl-1-propanol;Water;360.023;0.411;0.651710795;0.651610021;L2;46.10076826
2118;2-Methyl-1-propanol;Water;360.923;0.4077;0.651020933;0.650887929;L2;46.8010187
2118;2-Methyl-1-propanol;Water;362.22655;0.418;0.650014234;0.649842059;L2;44.15128286
2118;2-Methyl-1-propanol;Water;362.27654;0.404;0.649975451;0.649801951;L2;47.5519717
2118;2-Methyl-1-propanol;Water;362.92641;0.4095;0.649470093;0.649280544;L2;46.12198852
2118;2-Methyl-1-propanol;Water;363.14;0.426;0.649303518;0.649109176;L2;42.14609314
2118;2-Methyl-1-propanol;Water;363.82623;0.401430455;0.648766736;0.648558597;L2;48.00389267
2118;2-Methyl-1-propanol;Water;367.72346;0.3868;0.645671984;0.645431754;L2;51.23838464
2118;2-Methyl-1-propanol;Water;368.02349;0.3858;0.645430484;0.645191033;L2;51.45984102
2118;2-Methyl-1-propanol;Water;372.12457;0.381;0.642083163;0.641900636;L2;52.19184571
2118;2-Methyl-1-propanol;Water;372.92398;0.3703;0.641420672;0.64125925;L2;54.93720284
2118;2-Methyl-1-propanol;Water;373.16;0.387;0.641224454;0.641069885;L2;50.49548645
2118;2-Methyl-1-propanol;Water;374.1242;0.365192689;0.640419912;0.640296284;L2;56.16989449
2118;2-Methyl-1-propanol;Water;376.6247;0.354266167;0.638311496;0.638290072;L2;58.87778882
2118;2-Methyl-1-propanol;Water;380.1254;0.3405;0.635306582;0.63518619;L2;62.36925628
2118;2-Methyl-1-propanol;Water;382.02259;0.338;0.63365232;0.633480829;L2;62.8454517
2118;2-Methyl-1-propanol;Water;387.02639;0.3146;0.629202772;0.628982975;L2;69.31515866
2118;2-Methyl-1-propanol;Water;387.62645;0.3129;0.628660785;0.628443588;L2;69.77081674
2118;2-Methyl-1-propanol;Water;388.22651;0.3091;0.628117005;0.627904201;L2;70.90616141
2118;2-Methyl-1-propanol;Water;390.32672;0.3044;0.626199669;0.626016348;L2;72.13266539
2118;2-Methyl-1-propanol;Water;391.82063;0.287;0.624822504;0.624673491;L2;77.79854003
2118;2-Methyl-1-propanol;Water;392.42693;0.2842;0.624260426;0.624128495;L2;78.68894149
2118;2-Methyl-1-propanol;Water;393.82721;0.2837;0.622955317;0.622869801;L2;78.65574528
2118;2-Methyl-1-propanol;Water;394.62745;0.2709;0.622205107;0.622150475;L2;83.15200435
2118;2-Methyl-1-propanol;Water;396.81963;0.257;0.620133751;0.620093502;L2;88.08590973
2118;2-Methyl-1-propanol;Water;398.1285;0.240676977;0.618885698;0.6187969;L2;94.44649105
2118;2-Methyl-1-propanol;Water;398.71925;0.238;0.618319627;0.618211687;L2;95.47348456
2118;2-Methyl-1-propanol;Water;399.52892;0.25;0.617540984;0.617409606;L2;90.42845197
2118;2-Methyl-1-propanol;Water;399.62895;0.242168867;0.617444563;0.617310514;L2;93.59540073
2118;2-Methyl-1-propanol;Water;399.62895;0.25;0.617444563;0.617310514;L2;90.41283698
2118;2-Methyl-1-propanol;Water;401.71865;0.211;0.615418968;0.615240401;L2;107.0445151
2118;2-Methyl-1-propanol;Water;401.92964;0.221;0.615213254;0.615031388;L2;102.380626
2118;2-Methyl-1-propanol;Water;402.22973;0.2152;0.61492029;0.614734111;L2;104.9924821
2118;2-Methyl-1-propanol;Water;402.42979;0.2384;0.614724735;0.614535926;L2;94.72246475
2118;2-Methyl-1-propanol;Water;403.71825;0.189;0.613460559;0.613259543;L2;117.7368959
2118;2-Methyl-1-propanol;Water;404.33024;0.1954;0.612857242;0.612653289;L2;114.3083284
2118;2-Methyl-1-propanol;Water;404.6303;0.147472953;0.612560759;0.612356041;L2;142.4003346
2118;2-Methyl-1-propanol;Water;404.83034;0.1761;0.612362858;0.612157876;L2;124.6272996
2118;2-Methyl-1-propanol;Water;404.93036;0.1848;0.612263833;0.612058794;L2;119.788913
2118;2-Methyl-1-propanol;Water;405.1304;0.1655;0.612065636;0.611860629;L2;130.7868331
2118;2-Methyl-1-propanol;Water;405.53048;0.19;0.611668652;0.611464299;L2;116.9166645
2118;2-Methyl-1-propanol;Water;405.53048;0.1756;0.611668652;0.611464299;L2;124.7982036
2118;2-Methyl-1-propanol;Water;405.71785;0.162;0.61148246;0.611278685;L2;132.8289936
2118;2-Methyl-1-propanol;Water;405.73052;0.1553;0.611469864;0.611266134;L2;137.0506941
2118;2-Methyl-1-propanol;Water;405.93056;0.1397;0.611270881;0.611067969;L2;147.6042935
2118;2-Methyl-1-propanol;Water;405.93056;0.1302;0.611270881;0.611067969;L2;154.6468471
2118;2-Methyl-1-propanol;Water;405.93056;0.19;0.611270881;0.611067969;L2;116.8516129
2118;2-Methyl-1-propanol;Water;407.21755;0.13;0.609985971;0.609793042;L2;154.5901508
2155;Nitromethane;Water;268.154;0.025237257;0.078920186;0.079111505;L1;114.0115679
2155;Nitromethane;Water;273.15;0.02836127;0.080418669;0.080564216;L1;104.2221866
2155;Nitromethane;Water;280.1458;0.031;0.082607278;0.082617844;L1;98.01105834
2155;Nitromethane;Water;282.65;0.030729035;0.083417189;0.083500719;L1;99.86464215
2155;Nitromethane;Water;291.1392;0.033569233;0.086271448;0.086493652;L1;94.38887377
2155;Nitromethane;Water;292.85;0.033122015;0.086867668;0.087096808;L1;96.41877395
2155;Nitromethane;Water;293.138;0.0342;0.08696875;0.087198344;L1;93.33232173
2155;Nitromethane;Water;293.14537;0.034;0.08697134;0.087200943;L1;93.92181108
2155;Nitromethane;Water;293.14537;0.02836127;0.08697134;0.087200943;L1;112.0554153
2155;Nitromethane;Water;293.14537;0.028;0.08697134;0.087200943;L1;113.3374125
2155;Nitromethane;Water;293.14537;0.02836127;0.08697134;0.087200943;L1;112.0554153
2155;Nitromethane;Water;294.09518;0.0342;0.087306189;0.087535806;L1;93.71957101
2155;Nitromethane;Water;294.14517;0.034;0.087323875;0.08755343;L1;94.32633885
2155;Nitromethane;Water;294.19516;0.034;0.087341568;0.087571054;L1;94.34659784
2155;Nitromethane;Water;296.14477;0.035;0.088036509;0.088258404;L1;92.24035394
2155;Nitromethane;Water;296.4947;0.035;0.088162266;0.088381775;L1;92.38309862
2155;Nitromethane;Water;298.136;0.0353;0.088756321;0.088960428;L1;92.20116822
2155;Nitromethane;Water;298.136;0.031751487;0.088756321;0.088960428;L1;102.7955087
2155;Nitromethane;Water;298.136;0.025;0.088756321;0.088960428;L1;126.7018821
2155;Nitromethane;Water;298.14437;0.0356;0.088759368;0.088963379;L1;91.35833415
2155;Nitromethane;Water;298.15;0.035888241;0.088761418;0.088965364;L1;90.55423807
2155;Nitromethane;Water;299.83532;0.030389249;0.08937876;0.089559536;L1;107.8794179
2155;Nitromethane;Water;303.09307;0.038;0.090593453;0.090708081;L1;86.87957875
2155;Nitromethane;Water;303.134;0.037;0.090608895;0.090722511;L1;89.56344752
2155;Nitromethane;Water;303.143055;0.038;0.090612312;0.090725704;L1;86.90039401
2155;Nitromethane;Water;303.15;0.038688548;0.090614933;0.090728152;L1;85.1075386
2155;Nitromethane;Water;303.15;0.038688548;0.090614933;0.090728152;L1;85.1075386
2155;Nitromethane;Water;303.15;0.038;0.090614933;0.090728152;L1;86.90328652
2155;Nitromethane;Water;303.15;0.037985242;0.090614933;0.090728152;L1;86.9421309
2155;Nitromethane;Water;303.15;0.038688548;0.090614933;0.090728152;L1;85.1075386
2155;Nitromethane;Water;303.19304;0.038;0.090631179;0.090743326;L1;86.9212135
2155;Nitromethane;Water;304.15;0.037634399;0.090993699;0.09108071;L1;88.28717585
2155;Nitromethane;Water;304.83332;0.04;0.091254092;0.09132162;L1;82.47683845
2155;Nitromethane;Water;305.59232;0.039;0.091544837;0.091589211;L1;85.32672284
2155;Nitromethane;Water;310.1312;0.040633856;0.093317321;0.093432861;L1;83.14041328
2155;Nitromethane;Water;312.79016;0.042;0.094383248;0.094571992;L1;80.96939845
2155;Nitromethane;Water;313.09007;0.0433;0.094504785;0.094700477;L1;78.04978308
2155;Nitromethane;Water;313.13;0.0415;0.094520986;0.094717583;L1;82.31284617
2155;Nitromethane;Water;313.140055;0.043;0.094525067;0.094721891;L1;78.76649436
2155;Nitromethane;Water;313.140055;0.043;0.094525067;0.094721891;L1;78.76649436
2155;Nitromethane;Water;313.140055;0.031751487;0.094525067;0.094721891;L1;109.09255
2155;Nitromethane;Water;313.140055;0.031751487;0.094525067;0.094721891;L1;109.09255
2155;Nitromethane;Water;313.140055;0.032;0.094525067;0.094721891;L1;108.3129156
2155;Nitromethane;Water;313.15;0.041880419;0.094529103;0.094726152;L1;81.40893679
2155;Nitromethane;Water;313.15;0.042;0.094529103;0.094726152;L1;81.12381403
2155;Nitromethane;Water;313.19004;0.043;0.094545357;0.094743305;L1;78.78795698
2155;Nitromethane;Water;313.55;0.041523568;0.09469169;0.094897517;L1;82.43650725
2155;Nitromethane;Water;319.38818;0.046;0.097120152;0.097398665;L1;74.73074946
2155;Nitromethane;Water;320.1279;0.048;0.097435423;0.09771557;L1;70.79888144
2155;Nitromethane;Water;321.62745;0.047593011;0.098079897;0.098357995;L1;72.30965025
2155;Nitromethane;Water;323.127;0.048;0.098731645;0.099000421;L1;72.1204507
2155;Nitromethane;Water;323.137055;0.049;0.09873604;0.099004729;L1;70.06297336
2155;Nitromethane;Water;323.15;0.048767292;0.098741699;0.099010275;L1;70.54474994
2155;Nitromethane;Water;323.15;0.047;0.098741699;0.099010275;L1;74.23597399
2155;Nitromethane;Water;323.15;0.046935068;0.098741699;0.099010275;L1;74.3742227
2155;Nitromethane;Water;330.1249;0.053524158;0.101872558;0.101998407;L1;64.35894952
2155;Nitromethane;Water;333.124;0.06;0.103270765;0.103283259;L1;54.30097589
2155;Nitromethane;Water;333.124;0.0561;0.103270765;0.103283259;L1;61.02185085
2155;Nitromethane;Water;333.13437;0.057;0.103275655;0.103287701;L1;59.43504103
2155;Nitromethane;Water;333.15;0.055106169;0.103283027;0.103294397;L1;62.82113891
2155;Nitromethane;Water;333.15;0.051;0.103283027;0.103294397;L1;70.56474263
2155;Nitromethane;Water;333.15;0.050985084;0.103283027;0.103294397;L1;70.59399397
2155;Nitromethane;Water;333.65;0.049873564;0.10351933;0.103532161;L1;73.02672723
2155;Nitromethane;Water;340.15;0.05891587;0.106676109;0.106938026;L1;59.3686727
2155;Nitromethane;Water;341.15;0.062008025;0.107176152;0.107462005;L1;54.72099467
2155;Nitromethane;Water;341.624;0.06462868;0.107414551;0.107710371;L1;50.80373832
2155;Nitromethane;Water;343.124;0.0663;0.108174883;0.10849634;L1;48.95593064
2155;Nitromethane;Water;343.62395;0.069;0.108430314;0.108758303;L1;45.20011907
2155;Nitromethane;Water;343.65;0.057384661;0.108443651;0.108771953;L1;63.64536517
2155;Nitromethane;Water;348.15;0.07274624;0.110789595;0.111129859;L1;42.06556373
2155;Nitromethane;Water;348.62345;0.074951709;0.111041364;0.111377937;L1;39.30587501
2155;Nitromethane;Water;349.03;0.075;0.111258325;0.111590961;L1;39.43666351
2155;Nitromethane;Water;349.62335;0.078214128;0.111576255;0.111901864;L1;35.52579598
2155;Nitromethane;Water;353.123;0.0781;0.113482851;0.113735608;L1;37.36616745
2155;Nitromethane;Water;353.35;0.067119077;0.113608405;0.113854551;L1;52.62891777
2155;Nitromethane;Water;353.9;0.084;0.11391358;0.11414274;L1;30.46232924
2155;Nitromethane;Water;355.123;0.088;0.114597126;0.114783566;L1;26.40859143
2155;Nitromethane;Water;355.8;0.087617147;0.114978472;0.1151383;L1;27.17681924
2155;Nitromethane;Water;356.723;0.098;0.115501827;0.115621933;L1;16.43188654
2155;Nitromethane;Water;358.123;0.0848;0.11630331;0.116355504;L1;31.59059768
2155;Nitromethane;Water;358.623;0.093599573;0.116591817;0.116617494;L1;21.9653271
2155;Nitromethane;Water;360.7;0.095729186;0.117803228;0.117903993;L1;20.74924441
2155;Nitromethane;Water;363.15;0.09662176;0.119259566;0.119487851;L1;21.04983711
2155;Nitromethane;Water;364.07;0.107;0.119814255;0.120082606;L1;11.3113834
2155;Nitromethane;Water;366.6;0.113711574;0.121362197;0.121718182;L1;6.511424706
2155;Nitromethane;Water;367.1234;0.122048004;0.12168669;0.122056545;L1;0.296481624
2155;Nitromethane;Water;368.09;0.124;0.122289677;0.122681426;L1;1.388892996
2155;Nitromethane;Water;369.7;0.120722147;0.123305243;0.123722247;L1;2.117133023
2155;Nitromethane;Water;371.82387;0.134;0.124666804;0.125095271;L1;7.219519285
2155;Nitromethane;Water;372.59;0.156;0.125164168;0.125590553;L1;22.02297886
2155;Nitromethane;Water;372.62395;0.159808008;0.125186285;0.125612501;L1;24.41702349
2155;Nitromethane;Water;374.63;0.181;0.126504928;0.126909357;L1;35.82157677
2155;Nitromethane;Water;375.1244;0.195774258;0.126833509;0.127228973;L1;43.40869735
2155;Nitromethane;Water;376.16;0.208;0.127526452;0.12789846;L1;48.92142714
2155;Nitromethane;Water;376.42371;0.29;0.127703924;0.128068942;L1;82.01664322
2155;Nitromethane;Water;376.42371;0.29;0.127703924;0.128068942;L1;82.01664322
2155;Nitromethane;Water;376.51;0.221;0.127762087;0.128124726;L1;54.79928657
2155;Nitromethane;Water;376.72472;0.303328239;0.12790701;0.128263536;L1;86.35120042
2155;Nitromethane;Water;376.87;0.242;0.128005222;0.128357456;L1;63.68666665
2155;Nitromethane;Water;377.05;0.261;0.128127082;0.128473821;L1;71.14978058
2155;Nitromethane;Water;377.07;0.273;0.128140634;0.128486751;L1;75.63434285
2155;Nitromethane;Water;377.1;0.14290715;0.128160967;0.128506145;L1;10.89080898
2155;Nitromethane;Water;377.11;0.284;0.128167746;0.128512609;L1;79.5634318
2155;Nitromethane;Water;377.12;0.297;0.128174525;0.128519074;L1;84.03393255
2155;Nitromethane;Water;377.16;0.295;0.128201649;0.128544933;L1;83.33709513
2155;Nitromethane;Water;377.32484;0.351;0.128313525;0.128651498;L1;100.6309538
2155;Nitromethane;Water;377.6249;0.228;0.128517602;0.128845478;L1;57.32797565
2155;Nitromethane;Water;377.6249;0.283;0.128517602;0.128845478;L1;78.93810252
2155;Nitromethane;Water;377.6249;0.283;0.128517602;0.128845478;L1;78.93810252
2155;Nitromethane;Water;380.1;0.424229761;0.13022206;0.130445563;L1;118.1034048
2155;Nitromethane;Water;381.3;0.187620524;0.131062217;0.13122133;L1;35.87492823
2155;Nitromethane;Water;382.1;0.341684874;0.131627425;0.131738508;L1;95.39134954
2155;Nitromethane;Water;383.4;0.256928447;0.132554724;0.132578923;L1;66.18020594
2155;Nitromethane;Water;384.7;0.311763161;0.133493131;0.133574278;L1;84.81937753
2155;Nitromethane;Water;384.7;0.387615528;0.133493131;0.133574278;L1;106.5963916
2155;Nitromethane;Water;273.15;0.963682929;0.987542361;0.987220143;L2;2.445706439
2155;Nitromethane;Water;274.1494;0.966907469;0.987255145;0.986966883;L2;2.082570983
2155;Nitromethane;Water;282.65;0.952830869;0.984607686;0.984408221;L2;3.280585794
2155;Nitromethane;Water;289.1404;0.956004924;0.982325296;0.981832003;L2;2.71594481
2155;Nitromethane;Water;292.85;0.938107036;0.980912442;0.980359562;L2;4.461914816
2155;Nitromethane;Water;293.09538;0.932;0.980816105;0.980262164;L2;5.105217088
2155;Nitromethane;Water;293.138;0.9353;0.980799336;0.980245247;L2;4.750055439
2155;Nitromethane;Water;293.14537;0.935;0.980796435;0.980242321;L2;4.781840079
2155;Nitromethane;Water;293.14537;0.935323568;0.980796435;0.980242321;L2;4.747239862
2155;Nitromethane;Water;293.14537;0.936;0.980796435;0.980242321;L2;4.67494536
2155;Nitromethane;Water;293.14537;0.935323568;0.980796435;0.980242321;L2;4.747239862
2155;Nitromethane;Water;294.09518;0.932;0.980419825;0.979865316;L2;5.064805854
2155;Nitromethane;Water;294.14517;0.932;0.980399852;0.979845473;L2;5.062768638
2155;Nitromethane;Water;294.19516;0.932;0.980379864;0.979825631;L2;5.06072983
2155;Nitromethane;Water;296.14477;0.931;0.979588378;0.979051777;L2;5.087318378
2155;Nitromethane;Water;298.136;0.918;0.97875563;0.978261404;L2;6.408460895
2155;Nitromethane;Water;298.136;0.938417016;0.97875563;0.978261404;L2;4.20875694
2155;Nitromethane;Water;298.136;0.9268;0.97875563;0.978261404;L2;5.454420701
2155;Nitromethane;Water;298.136;0.935323568;0.97875563;0.978261404;L2;4.538946811
2155;Nitromethane;Water;298.136;0.92673646;0.97875563;0.978261404;L2;5.461276784
2155;Nitromethane;Water;298.14437;0.928;0.978752077;0.978258081;L2;5.32466366
2155;Nitromethane;Water;298.15;0.926127261;0.978749687;0.978255847;L2;5.526427122
2155;Nitromethane;Water;302.19334;0.92;0.976980554;0.976650934;L2;6.009307786
2155;Nitromethane;Water;303.09307;0.908;0.97657237;0.976293807;L2;7.280448035
2155;Nitromethane;Water;303.134;0.9205;0.976553673;0.976277561;L2;5.911271296
2155;Nitromethane;Water;303.143055;0.916;0.976549535;0.976273967;L2;6.400911184
2155;Nitromethane;Water;303.15;0.950933462;0.976546361;0.97627121;L2;2.657813259
2155;Nitromethane;Water;303.15;0.908104383;0.976546361;0.97627121;L2;7.266289509
2155;Nitromethane;Water;303.15;0.909;0.976546361;0.97627121;L2;7.167713216
2155;Nitromethane;Water;304.15;0.920065477;0.976085986;0.975874283;L2;5.910584513
2155;Nitromethane;Water;306.1328;0.917;0.975153208;0.975087255;L2;6.148712235
2155;Nitromethane;Water;307.6322;0.919763822;0.974429971;0.974360428;L2;5.77357329
2155;Nitromethane;Water;309.29121;0.905;0.973611515;0.973394335;L2;7.307742471
2155;Nitromethane;Water;313.09007;0.893;0.971663602;0.971182141;L2;8.442307497
2155;Nitromethane;Water;313.13;0.8975;0.971642572;0.971158889;L2;7.937489218
2155;Nitromethane;Water;313.140055;0.876286988;0.971637275;0.971153033;L2;10.32889113
2155;Nitromethane;Water;313.140055;0.876;0.971637275;0.971153033;L2;10.36164695
2155;Nitromethane;Water;313.140055;0.893;0.971637275;0.971153033;L2;8.439597957
2155;Nitromethane;Water;313.140055;0.893;0.971637275;0.971153033;L2;8.439597957
2155;Nitromethane;Water;313.140055;0.876286988;0.971637275;0.971153033;L2;10.32889113
2155;Nitromethane;Water;313.15;0.896355125;0.971632034;0.971147242;L2;8.06404879
2155;Nitromethane;Water;313.15;0.895;0.971632034;0.971147242;L2;8.215344895
2155;Nitromethane;Water;313.55;0.886243907;0.971420663;0.97091431;L2;9.17673982
2155;Nitromethane;Water;315.18944;0.888;0.970541977;0.969959613;L2;8.888291171
2155;Nitromethane;Water;319.68809;0.876;0.968026624;0.967339909;L2;9.989350049
2155;Nitromethane;Water;323.127;0.8661;0.965997603;0.965337325;L2;10.91609777
2155;Nitromethane;Water;323.137055;0.865;0.965991532;0.96533147;L2;11.04255614
2155;Nitromethane;Water;323.15;0.818822698;0.965983715;0.965323932;L2;16.52794016
2155;Nitromethane;Water;323.15;0.87;0.965983715;0.965323932;L2;10.46537644
2155;Nitromethane;Water;323.15;0.870665244;0.965983715;0.965323932;L2;10.38894083
2155;Nitromethane;Water;327.18584;0.851;0.963479849;0.962973737;L2;12.41394448
2155;Nitromethane;Water;327.62565;0.851;0.963198834;0.962717622;L2;12.38477351
2155;Nitromethane;Water;333.124;0.8264;0.959546146;0.959515762;L2;14.93814903
2155;Nitromethane;Water;333.13437;0.827;0.959539008;0.959509723;L2;14.86482744
2155;Nitromethane;Water;333.15;0.849;0.959528248;0.959500621;L2;12.23825693
2155;Nitromethane;Water;333.15;0.84865803;0.959528248;0.959500621;L2;12.2785442
2155;Nitromethane;Water;333.65;0.774333064;0.959182894;0.959152256;L2;21.40796738
2155;Nitromethane;Water;335.124;0.815736646;0.958151804;0.957951863;L2;16.09146593
2155;Nitromethane;Water;338.88322;0.815;0.955432775;0.954890438;L2;15.89762925
2155;Nitromethane;Water;340.15;0.772419257;0.954487002;0.9538588;L2;21.16465438
2155;Nitromethane;Water;341.15;0.772419257;0.953729699;0.953044422;L2;21.08528155
2155;Nitromethane;Water;343.124;0.7783;0.952206689;0.951436841;L2;20.16700674
2155;Nitromethane;Water;343.65;0.768135561;0.9517945;0.951008478;L2;21.43829206
2155;Nitromethane;Water;346.62365;0.768;0.949413054;0.948586804;L2;21.20542225
2155;Nitromethane;Water;348.15;0.737639055;0.94815635;0.947343778;L2;25.10647956
2155;Nitromethane;Water;348.22;0.752;0.94809815;0.947286772;L2;23.17217069
2155;Nitromethane;Water;353.123;0.741931786;0.94389553;0.943293877;L2;24.07581866
2155;Nitromethane;Water;353.123;0.722;0.94389553;0.943293877;L2;26.79903541
2155;Nitromethane;Water;353.35;0.717294424;0.943694835;0.943109013;L2;27.43164568
2155;Nitromethane;Water;355.17;0.706;0.94206573;0.941626846;L2;28.84598114
2155;Nitromethane;Water;356.723;0.635;0.940647167;0.940362117;L2;39.29431151
2155;Nitromethane;Water;358.123;0.6906;0.939345568;0.939221988;L2;30.76226432
2155;Nitromethane;Water;361.1;0.656;0.936504627;0.936223686;L2;35.59936741
2155;Nitromethane;Water;361.623;0.658579268;0.935995091;0.93564903;L2;35.15253412
2155;Nitromethane;Water;363.15;0.625808429;0.934489264;0.933971211;L2;40.09558382
2155;Nitromethane;Water;364.1231;0.62324344;0.933515427;0.932901999;L2;40.40202922
2155;Nitromethane;Water;365.13;0.611;0.932495974;0.93179565;L2;42.27678753
2155;Nitromethane;Water;365.32322;0.626;0.932298965;0.931583346;L2;39.83031696
2155;Nitromethane;Water;367.6;0.589467181;0.929943671;0.929081692;L2;45.59049692
2155;Nitromethane;Water;368.89;0.57;0.928581151;0.927664281;L2;48.80214159
2155;Nitromethane;Water;369.1236;0.57330429;0.928332224;0.927407609;L2;48.19730453
2155;Nitromethane;Water;371.1238;0.527330162;0.926172919;0.925209853;L2;56.32341094
2155;Nitromethane;Water;372.5;0.512;0.924657935;0.923697728;L2;59.1099244
2155;Nitromethane;Water;374.96;0.44;0.921889188;0.920994758;L2;73.96503029
2155;Nitromethane;Water;375.02438;0.47;0.92181567;0.920924019;L2;67.36125847
2155;Nitromethane;Water;375.5;0.534464817;0.921270853;0.920401423;L2;54.44881744
2155;Nitromethane;Water;375.6245;0.380778674;0.921127747;0.920264626;L2;88.33804334
2155;Nitromethane;Water;375.81;0.413;0.920914146;0.920060805;L2;80.19192207
2155;Nitromethane;Water;376.1246;0.358;0.920550846;0.919715132;L2;94.44392504
2155;Nitromethane;Water;376.42;0.384;0.920208523;0.919390556;L2;87.39577475
2155;Nitromethane;Water;376.76;0.359;0.919813078;0.919016975;L2;94.08480848
2155;Nitromethane;Water;376.92;0.335;0.919626452;0.918841172;L2;100.9837026
2155;Nitromethane;Water;377.05;0.319;0.919474567;0.918698332;L2;105.8611281
2155;Nitromethane;Water;377.09;0.308;0.919427787;0.918654382;L2;109.3651723
2165;Nitromethane;1-Heptanol;288.29651;0.175;0.301226444;0.301589925;L1;54.30763121
2165;Nitromethane;1-Heptanol;288.29651;0.17459478;0.301226444;0.301589925;L1;54.53945399
2165;Nitromethane;1-Heptanol;290;0.19;0.309964792;0.310016804;L1;48.94346436
2165;Nitromethane;1-Heptanol;299.624074;0.25147083;0.363679617;0.364119281;L1;36.89463079
2165;Nitromethane;1-Heptanol;299.64407;0.251;0.363799421;0.364239899;L1;37.11497362
2165;Nitromethane;1-Heptanol;300;0.252;0.365938;0.366386904;L1;37.30348313
2165;Nitromethane;1-Heptanol;305;0.31;0.397239674;0.397619692;L1;24.79675151
2165;Nitromethane;1-Heptanol;306.39208;0.322462843;0.406395554;0.406840105;L1;23.13390412
2165;Nitromethane;1-Heptanol;306.39208;0.322;0.406395554;0.406840105;L1;23.27754097
2165;Nitromethane;1-Heptanol;310;0.381;0.43110039;0.43136415;L1;12.35416102
2165;Nitromethane;1-Heptanol;310.440865;0.380587516;0.434220946;0.434566821;L1;13.18373436
2165;Nitromethane;1-Heptanol;310.440865;0.388;0.434220946;0.434566821;L1;11.25481574
2165;Nitromethane;1-Heptanol;312.980103;0.4493048;0.452657941;0.453013157;L1;0.743524383
2165;Nitromethane;1-Heptanol;312.9901;0.449;0.452732146;0.45308578;L1;0.827777284
2165;Nitromethane;1-Heptanol;314.539635;0.506;0.464395476;0.464447991;L1;8.580016055
2165;Nitromethane;1-Heptanol;314.559629;0.506194351;0.464548115;0.464607499;L1;8.585555119
2165;Nitromethane;1-Heptanol;315.419371;0.559307676;0.471165037;0.471466332;L1;17.14912955
2165;Nitromethane;1-Heptanol;315.439365;0.559;0.471320179;0.47162584;L1;17.06118245
2165;Nitromethane;1-Heptanol;315.829248;0.609008686;0.474357102;0.474736241;L1;24.98721126
2165;Nitromethane;1-Heptanol;315.839245;0.609;0.474435265;0.474815995;L1;24.9693086
2165;Nitromethane;1-Heptanol;316.009194;0.655615987;0.475766309;0.476171811;L1;32.06484461
2165;Nitromethane;1-Heptanol;316.039185;0.656;0.476001645;0.476411072;L1;32.07394799
2165;Nitromethane;1-Heptanol;316.08917;0.686;0.476394169;0.476809842;L1;36.46320302
2165;Nitromethane;1-Heptanol;316.08917;0.686;0.476394169;0.476809842;L1;36.46320302
2165;Nitromethane;1-Heptanol;290;0.95;0.981487124;0.98146979;L2;3.260691078
2165;Nitromethane;1-Heptanol;297.24455;0.945;0.975455199;0.975416035;L2;3.171930483
2165;Nitromethane;1-Heptanol;297.264546;0.944853805;0.975436179;0.975394808;L2;3.18545225
2165;Nitromethane;1-Heptanol;300;0.933;0.972692738;0.972490969;L2;4.166304337
2165;Nitromethane;1-Heptanol;305;0.9152;0.966858199;0.966660879;L2;5.490922372
2165;Nitromethane;1-Heptanol;305.39238;0.915166766;0.966349341;0.966131317;L2;5.441909915
2165;Nitromethane;1-Heptanol;305.39238;0.915;0.966349341;0.966131317;L2;5.460134047
2165;Nitromethane;1-Heptanol;310;0.884;0.959715568;0.959558704;L2;8.217989446
2165;Nitromethane;1-Heptanol;310.430868;0.883922595;0.95902675;0.958821226;L2;8.154947138
2165;Nitromethane;1-Heptanol;310.440865;0.884;0.959010615;0.958804115;L2;8.144508131
2165;Nitromethane;1-Heptanol;313.29001;0.851;0.954110842;0.953927492;L2;11.43677223
2165;Nitromethane;1-Heptanol;313.310004;0.850995479;0.954074206;0.95389327;L2;11.43346363
2165;Nitromethane;1-Heptanol;314.9895;0.81624568;0.950873476;0.950743127;L2;15.2665622
2165;Nitromethane;1-Heptanol;314.9895;0.816;0.950873476;0.950743127;L2;15.29666551
2165;Nitromethane;1-Heptanol;315.719281;0.779517548;0.949402492;0.949157757;L2;19.71576305
2165;Nitromethane;1-Heptanol;315.739275;0.78;0.949361469;0.949114322;L2;19.64957007
2165;Nitromethane;1-Heptanol;315.979203;0.74063719;0.948866118;0.948593104;L2;24.77568282
2165;Nitromethane;1-Heptanol;315.9892;0.741;0.948845354;0.948571387;L2;24.72452035
2165;Nitromethane;1-Heptanol;316.059179;0.699409719;0.94869973;0.948419365;L2;30.48556207
2165;Nitromethane;1-Heptanol;316.08917;0.699;0.948637169;0.948354213;L2;30.53756532
2183;Nitromethane;3-Pentanol;282.459;0.172;0.469589532;0.4704971;L1;100.43645
2183;Nitromethane;3-Pentanol;284.507;0.2;0.491410619;0.491914157;L1;89.89627022
2183;Nitromethane;3-Pentanol;285.848;0.219;0.50682408;0.508012936;L1;83.90922305
2183;Nitromethane;3-Pentanol;286.853;0.24;0.519083044;0.520078017;L1;77.14249551
2183;Nitromethane;3-Pentanol;287.782;0.262;0.531052687;0.531230713;L1;70.65167345
2183;Nitromethane;3-Pentanol;288.519;0.281;0.541058125;0.541956038;L1;65.51720434
2183;Nitromethane;3-Pentanol;289.139;0.301;0.549881136;0.551335485;L1;60.25918737
2183;Nitromethane;3-Pentanol;289.689;0.315;0.55806613;0.559655963;L1;57.19048292
2183;Nitromethane;3-Pentanol;290.12;0.335;0.564747892;0.566176191;L1;52.22488901
2183;Nitromethane;3-Pentanol;290.16;0.371;0.565381119;0.566781317;L1;42.12979877
2183;Nitromethane;3-Pentanol;290.437;0.357;0.569831621;0.570971812;L1;46.76051341
2183;Nitromethane;3-Pentanol;290.46;0.385;0.570206472;0.571319759;L1;39.27551922
2183;Nitromethane;3-Pentanol;290.641;0.365;0.573186235;0.574057953;L1;45.1313328
2183;Nitromethane;3-Pentanol;290.79;0.378;0.575680451;0.576312046;L1;42.06585379
2183;Nitromethane;3-Pentanol;290.898;0.388;0.57751277;0.577945885;L1;39.7725215
2183;Nitromethane;3-Pentanol;290.95;0.413;0.578402578;0.578732548;L1;33.68225346
2183;Nitromethane;3-Pentanol;290.999;0.394;0.579245669;0.579473827;L1;38.53757769
2183;Nitromethane;3-Pentanol;291.091;0.404;0.580840956;0.580865616;L1;36.30620997
2183;Nitromethane;3-Pentanol;291.15;0.427;0.581872798;0.582038354;L1;30.94678501
2183;Nitromethane;3-Pentanol;291.179;0.414;0.582382502;0.582645642;L1;34.12614786
2183;Nitromethane;3-Pentanol;291.256;0.424;0.583744169;0.584258095;L1;31.97293649
2183;Nitromethane;3-Pentanol;291.326;0.431;0.58499275;0.585723962;L1;30.54913639
2183;Nitromethane;3-Pentanol;291.385;0.441;0.58605324;0.586959479;L1;28.43657626
2183;Nitromethane;3-Pentanol;291.435;0.452;0.586957898;0.588006526;L1;26.1270913
2183;Nitromethane;3-Pentanol;291.46;0.454;0.587412304;0.58853005;L1;25.7629767
2183;Nitromethane;3-Pentanol;291.475;0.462;0.58768562;0.588844165;L1;24.06272535
2183;Nitromethane;3-Pentanol;291.506;0.469;0.588252085;0.589493334;L1;22.65528038
2183;Nitromethane;3-Pentanol;291.534;0.476;0.588765617;0.590079681;L1;21.26103166
2183;Nitromethane;3-Pentanol;291.562;0.487;0.589280958;0.590666028;L1;19.06389561
2183;Nitromethane;3-Pentanol;291.58;0.494;0.589613209;0.591042965;L1;17.69312273
2183;Nitromethane;3-Pentanol;291.594;0.501;0.589872158;0.591336138;L1;16.32997301
2183;Nitromethane;3-Pentanol;291.607;0.508;0.590113023;0.591608371;L1;14.98326357
2183;Nitromethane;3-Pentanol;291.618;0.515;0.590317148;0.591838721;L1;13.6493031
2183;Nitromethane;3-Pentanol;291.625;0.522;0.590447196;0.591985308;L1;12.32126208
2183;Nitromethane;3-Pentanol;291.629;0.529;0.590521562;0.592069072;L1;11.00177178
2183;Nitromethane;3-Pentanol;291.635;0.543;0.590633181;0.592194718;L1;8.40858292
2183;Nitromethane;3-Pentanol;291.65;0.514;0.590912612;0.592508832;L1;13.94448764
2183;Nitromethane;3-Pentanol;291.66;0.512;0.591100022;0.592718241;L1;14.36606206
2183;Nitromethane;3-Pentanol;282.459;0.864;0.885852967;0.885090601;L2;2.497821635
2183;Nitromethane;3-Pentanol;284.507;0.847;0.874568786;0.874119102;L2;3.203025474
2183;Nitromethane;3-Pentanol;285.848;0.83;0.866197044;0.865128999;L2;4.268671585
2183;Nitromethane;3-Pentanol;286.853;0.816;0.859290018;0.85839145;L2;5.169213265
2183;Nitromethane;3-Pentanol;287.782;0.803;0.852324778;0.852163407;L2;5.961293471
2183;Nitromethane;3-Pentanol;288.519;0.786;0.846328696;0.845481178;L2;7.395102179
2183;Nitromethane;3-Pentanol;289.139;0.771;0.840905411;0.839528866;L2;8.679080846
2183;Nitromethane;3-Pentanol;289.689;0.754;0.835757484;0.83424859;L2;10.29461116
2183;Nitromethane;3-Pentanol;290.06;0.754;0.832080467;0.830686804;L2;9.853678325
2183;Nitromethane;3-Pentanol;290.12;0.742;0.831468878;0.830110773;L2;11.3844626
2183;Nitromethane;3-Pentanol;290.437;0.728;0.828153384;0.827067414;L2;12.8897335
2183;Nitromethane;3-Pentanol;290.641;0.719;0.825940125;0.825108912;L2;13.86609256
2183;Nitromethane;3-Pentanol;290.66;0.734;0.825730626;0.824926502;L2;11.77595733
2183;Nitromethane;3-Pentanol;290.75;0.725;0.824730203;0.824062457;L2;12.88846519
2183;Nitromethane;3-Pentanol;290.79;0.71;0.824281227;0.823678437;L2;14.92467963
2183;Nitromethane;3-Pentanol;290.898;0.705;0.823055266;0.822641582;L2;15.48255474
2183;Nitromethane;3-Pentanol;290.999;0.701;0.821890105;0.821671932;L2;15.90988066
2183;Nitromethane;3-Pentanol;291.091;0.693;0.820812489;0.820788685;L2;16.92646912
2183;Nitromethane;3-Pentanol;291.16;0.7;0.819993785;0.819798558;L2;15.82164259
2183;Nitromethane;3-Pentanol;291.179;0.686;0.819766724;0.81950917;L2;17.81421897
2183;Nitromethane;3-Pentanol;291.256;0.678;0.818839229;0.818336386;L2;18.87404746
2183;Nitromethane;3-Pentanol;291.326;0.671;0.817985663;0.817270218;L2;19.80756732
2183;Nitromethane;3-Pentanol;291.385;0.667;0.817258337;0.816371592;L2;20.31652005
2183;Nitromethane;3-Pentanol;291.435;0.659;0.816636169;0.815610044;L2;21.44701352
2183;Nitromethane;3-Pentanol;291.46;0.675;0.816323057;0.815229269;L2;19.00974884
2183;Nitromethane;3-Pentanol;291.475;0.652;0.816134532;0.815000805;L2;22.45346472
2183;Nitromethane;3-Pentanol;291.506;0.646;0.815743338;0.814528645;L2;23.33002653
2183;Nitromethane;3-Pentanol;291.534;0.642;0.815388156;0.814102178;L2;23.90759614
2183;Nitromethane;3-Pentanol;291.56;0.662;0.815056757;0.813706173;L2;20.79921949
2183;Nitromethane;3-Pentanol;291.562;0.635;0.8150312;0.813675711;L2;24.96013963
2183;Nitromethane;3-Pentanol;291.58;0.631;0.814800783;0.813401554;L2;25.56377829
2183;Nitromethane;3-Pentanol;291.594;0.625;0.814621053;0.813188321;L2;26.49713899
2183;Nitromethane;3-Pentanol;291.607;0.621;0.814453753;0.812990318;L2;27.11865651
2183;Nitromethane;3-Pentanol;291.625;0.614;0.814221457;0.812716161;L2;28.22374612
2183;Nitromethane;3-Pentanol;291.635;0.608;0.814092074;0.812563851;L2;29.18985908
2183;Nitromethane;3-Pentanol;291.65;0.618;0.813897558;0.812335387;L2;27.53460505
2183;Nitromethane;3-Pentanol;291.66;0.637;0.813767759;0.812183077;L2;24.4905361
2183;Nitromethane;3-Pentanol;291.75;0.586;0.812587235;0.810812291;L2;32.69034847
2183;Nitromethane;3-Pentanol;291.76;0.593;0.812454841;0.810659981;L2;31.48659329
2243;Octane;Phenol;306.18;0.1378;0.136426434;0.136956744;L1;1.001783339
2243;Octane;Phenol;310.25;0.1519;0.149299197;0.149576579;L1;1.727008437
2243;Octane;Phenol;310.99;0.1528;0.151779517;0.151871094;L1;0.670095339
2243;Octane;Phenol;313.45;0.1648;0.160363704;0.160920981;L1;2.728823073
2243;Octane;Phenol;316.55;0.1809;0.171989315;0.17258362;L1;5.051203794
2243;Octane;Phenol;317.1;0.1799;0.174154474;0.174652798;L1;3.245845115
2243;Octane;Phenol;319.75;0.2;0.185062783;0.185452356;L1;7.76222316
2243;Octane;Phenol;320.16;0.2051;0.186825072;0.187343488;L1;9.332493124
2243;Octane;Phenol;322.35;0.2192;0.196607543;0.197444902;L1;10.87749823
2243;Octane;Phenol;324.6;0.2375;0.207364474;0.207823067;L1;13.56896322
2243;Octane;Phenol;325.22;0.2549;0.210466771;0.210682828;L1;19.15435281
2243;Octane;Phenol;325.45;0.2507;0.211633742;0.211743707;L1;16.93998563
2243;Octane;Phenol;326.35;0.2694;0.216287051;0.216664686;L1;21.95907989
2243;Octane;Phenol;327.28;0.3021;0.221247329;0.222006867;L1;31.14768784
2243;Octane;Phenol;327.65;0.2978;0.223265765;0.224132251;L1;28.80592891
2243;Octane;Phenol;328.55;0.3255;0.228287756;0.229302104;L1;35.47555411
2243;Octane;Phenol;328.72;0.3507;0.229254821;0.230278632;L1;42.50970184
2243;Octane;Phenol;329.05;0.3499;0.23114937;0.232174245;L1;41.45832755
2243;Octane;Phenol;329.34;0.4009;0.232833493;0.233840087;L1;54.33884421
2243;Octane;Phenol;329.45;0.3797;0.233477086;0.234471958;L1;48.62975281
2243;Octane;Phenol;329.53;0.4563;0.233946825;0.2349315;L1;66.80566408
2243;Octane;Phenol;329.54;0.4543;0.234005642;0.234988943;L1;66.34125456
2243;Octane;Phenol;329.8;0.4092;0.235542714;0.236482456;L1;55.23117619
2243;Octane;Phenol;329.95;0.4423;0.236436418;0.237344098;L1;62.63090582
2243;Octane;Phenol;301.85;0.8768;0.92903748;0.928638358;L2;5.787016582
2243;Octane;Phenol;305.55;0.859;0.918773229;0.918161451;L2;6.727041114
2243;Octane;Phenol;306.67;0.8514;0.915423951;0.914673914;L2;7.250523898
2243;Octane;Phenol;307.9;0.8466;0.911607545;0.910843852;L2;7.398124596
2243;Octane;Phenol;310.05;0.832;0.904571752;0.904149028;L2;8.362918881
2243;Octane;Phenol;312.55;0.8141;0.895767111;0.895284331;L2;9.559724934
2243;Octane;Phenol;314.69;0.8057;0.887653968;0.886771803;L2;9.687052701
2243;Octane;Phenol;314.85;0.7964;0.887024752;0.886135352;L2;10.77713146
2243;Octane;Phenol;316.45;0.7814;0.880550778;0.879770845;L2;11.94604137
2243;Octane;Phenol;318.2;0.7639;0.873073613;0.872809665;L2;13.35829833
2243;Octane;Phenol;319.85;0.7436;0.865618085;0.865094545;L2;15.19405449
2243;Octane;Phenol;323.33;0.704;0.848467711;0.847526494;L2;18.66536736
2243;Octane;Phenol;323.45;0.7041;0.847838956;0.8469207;L2;18.57703155
2243;Octane;Phenol;324.3;0.6927;0.843308727;0.842629653;L2;19.67361104
2243;Octane;Phenol;326.08;0.6521;0.833366228;0.833085858;L2;24.52752705
2243;Octane;Phenol;327.3;0.6371;0.826170111;0.825267439;L2;25.98740691
2243;Octane;Phenol;327.46;0.601;0.825201953;0.824242073;L2;31.70332135
2243;Octane;Phenol;328.05;0.6121;0.821581057;0.820461034;L2;29.43349338
2243;Octane;Phenol;328.3;0.5824;0.820022178;0.818858899;L2;34.21738888
2243;Octane;Phenol;328.7;0.5826;0.817496737;0.816295483;L2;33.87460663
2243;Octane;Phenol;329.2;0.547;0.814284568;0.813091213;L2;39.78610946
2243;Octane;Phenol;329.34;0.5065;0.813373892;0.812194017;L2;47.3666572
2243;Octane;Phenol;329.85;0.5052;0.810013692;0.808925662;L2;47.20967611
2243;Octane;Phenol;330;0.4744;0.809012409;0.807964381;L2;53.3763408
2246;Octane;Water;273.1000159;2.13E-07;;;L1;
2246;Octane;Water;278.1492701;2.60E-07;;;L1;
2246;Octane;Water;278.15;2.09E-07;;;L1;
2246;Octane;Water;283.15;1.71E-07;;;L1;
2246;Octane;Water;288.146555;1.40E-07;;;L1;
2246;Octane;Water;288.146555;1.03E-07;;;L1;
2246;Octane;Water;288.15;1.34E-07;;;L1;
2246;Octane;Water;293.14537;9.90E-08;;;L1;
2246;Octane;Water;293.14537;2.00E-07;;;L1;
2246;Octane;Water;293.14537;2.00E-07;;;L1;
2246;Octane;Water;293.15;1.17E-07;;;L1;
2246;Octane;Water;298.136;3.00E-06;;;L1;
2246;Octane;Water;298.136;1.04E-07;;;L1;
2246;Octane;Water;298.136;1.04E-07;;;L1;
2246;Octane;Water;298.14437;1.75E-07;;;L1;
2246;Octane;Water;298.14437;1.08E-07;;;L1;
2246;Octane;Water;298.14437;9.70E-08;;;L1;
2246;Octane;Water;298.14437;1.04E-07;;;L1;
2246;Octane;Water;298.14437;6.80E-08;;;L1;
2246;Octane;Water;298.14437;1.34E-07;;;L1;
2246;Octane;Water;298.14437;1.00E-07;;;L1;
2246;Octane;Water;298.15;1.16E-07;;;L1;
2246;Octane;Water;303.05;1.22E-07;;;L1;
2246;Octane;Water;303.143055;9.60E-08;;;L1;
2246;Octane;Water;303.45;1.20E-07;;;L1;
2246;Octane;Water;308.141555;9.80E-08;;;L1;
2246;Octane;Water;308.15;1.87E-07;;;L1;
2246;Octane;Water;310.89073;1.20E-07;;;L1;
2246;Octane;Water;313.240025;8.26E-08;;;L1;
2246;Octane;Water;318.138555;2.90E-07;;;L1;
2246;Octane;Water;318.15;3.01E-07;;;L1;
2246;Octane;Water;323.15;3.96E-07;5.85E-07;6.05E-07;L1;38.98782386
2246;Octane;Water;328.15;5.01E-07;6.73E-07;7.18E-07;L1;29.55006826
2246;Octane;Water;333.15;6.55E-07;7.73E-07;8.30E-07;L1;16.57709597
2246;Octane;Water;338.15;8.28E-07;8.86E-07;9.43E-07;L1;6.726252773
2246;Octane;Water;342.35;2.39E-07;9.91E-07;1.04E-06;L1;142.212456
2246;Octane;Water;342.832145;1.43E-07;1.00E-06;1.05E-06;L1;194.8532655
2246;Octane;Water;343.15;9.97E-07;1.01E-06;1.06E-06;L1;1.504623596
2246;Octane;Water;343.15;3.52E-07;1.01E-06;1.06E-06;L1;105.616583
2246;Octane;Water;348.15;1.19E-06;1.15E-06;1.17E-06;L1;3.065983886
2246;Octane;Water;366.4757;4.80E-07;1.83E-06;1.94E-06;L1;134.0101908
2246;Octane;Water;372.22455;1.77E-07;2.11E-06;2.20E-06;L1;247.7402088
2246;Octane;Water;373.05;4.80E-07;2.15E-06;2.23E-06;L1;149.9614081
2246;Octane;Water;374.25;5.38E-07;2.21E-06;2.29E-06;L1;141.4305813
2246;Octane;Water;394.42011;7.29E-07;3.53E-06;3.71E-06;L1;157.8664606
2246;Octane;Water;397.15;1.23E-06;3.76E-06;3.94E-06;L1;111.6821732
2246;Octane;Water;397.15;1.42E-06;3.76E-06;3.94E-06;L1;97.31790294
2246;Octane;Water;404.15;1.77E-06;4.39E-06;4.50E-06;L1;90.77578725
2246;Octane;Water;404.15;1.93E-06;4.39E-06;4.50E-06;L1;82.12174161
2246;Octane;Water;409.71705;1.34E-06;4.95E-06;4.96E-06;L1;130.7104124
2246;Octane;Water;421.9646;3.80E-06;6.42E-06;6.69E-06;L1;52.4646488
2246;Octane;Water;422.61447;1.86E-06;6.51E-06;6.79E-06;L1;125.26227
2246;Octane;Water;424.35;3.92E-06;6.75E-06;7.03E-06;L1;54.31840814
2246;Octane;Water;438.25;6.90E-06;8.96E-06;9.02E-06;L1;26.08758434
2246;Octane;Water;438.55;6.82E-06;9.01E-06;9.07E-06;L1;27.85375037
2246;Octane;Water;456.15;1.34E-05;1.27E-05;1.32E-05;L1;5.262687808
2246;Octane;Water;479.46;4.00E-05;1.96E-05;2.02E-05;L1;71.22689774
2246;Octane;Water;536.06061;0.00035;5.14E-05;5.24E-05;L1;191.7423264
2246;Octane;Water;273.1000159;0.999854176;;;L2;
2246;Octane;Water;278.15;0.999760995;;;L2;
2246;Octane;Water;283.144;0.9996767;;;L2;
2246;Octane;Water;283.15;0.9996767;;;L2;
2246;Octane;Water;288.15;0.999529689;;;L2;
2246;Octane;Water;293.138;0.999100809;;;L2;
2246;Octane;Water;293.138;0.999397916;;;L2;
2246;Octane;Water;293.14537;0.99957;;;L2;
2246;Octane;Water;293.14537;0.99957;;;L2;
2246;Octane;Water;293.15;0.999341542;;;L2;
2246;Octane;Water;293.15;0.99911;;;L2;
2246;Octane;Water;298.136;0.9991;;;L2;
2246;Octane;Water;298.14437;0.999499277;;;L2;
2246;Octane;Water;298.15;0.999;;;L2;
2246;Octane;Water;298.15;0.999117364;;;L2;
2246;Octane;Water;298.15;0.9992;;;L2;
2246;Octane;Water;298.15;0.9995;;;L2;
2246;Octane;Water;303.134;0.998935677;;;L2;
2246;Octane;Water;308.15;0.998575001;;;L2;
2246;Octane;Water;310.89073;0.999;;;L2;
2246;Octane;Water;318.15;0.997706483;;;L2;
2246;Octane;Water;323.15;0.997037316;0.999985193;0.9999828;L2;0.295227399
2246;Octane;Water;328.15;0.996395375;0.999980839;0.999976133;L2;0.359197649
2246;Octane;Water;333.15;0.995575359;0.999975431;0.999969466;L2;0.440988949
2246;Octane;Water;333.15;0.998;0.999975431;0.999969466;L2;0.197743346
2246;Octane;Water;338.15;0.994865219;0.999968767;0.9999628;L2;0.511677583
2246;Octane;Water;343.15;0.994152165;0.999960619;0.999956133;L2;0.58256187
2246;Octane;Water;348.15;0.993586105;0.999950729;0.999949466;L2;0.638528035
2246;Octane;Water;366.4757;0.9938;0.999894557;0.999879994;L2;0.611385147
2246;Octane;Water;421.9646;0.9606;0.999329188;0.999279662;L2;3.952615252
2246;Octane;Water;477.56;0.874;0.99733172;0.997242043;L2;13.20030568
2246;Octane;Water;533.06031;0.613;0.992212567;0.992130079;L2;48.15724299
2246;Octane;Water;539.06091;0.473;0.991377741;0.991195067;L2;74.00002452
2262;Octane;Perfluorohexane;292.01;0.0941;;;L1;
2262;Octane;Perfluorohexane;293.9;0.1057;;;L1;
2262;Octane;Perfluorohexane;299.2;0.116;;;L1;
2262;Octane;Perfluorohexane;299.95;0.126;;;L1;
2262;Octane;Perfluorohexane;304.04;0.1468;;;L1;
2262;Octane;Perfluorohexane;308.02;0.1702;;;L1;
2262;Octane;Perfluorohexane;311.56;0.1883;;;L1;
2262;Octane;Perfluorohexane;314.1;0.2056;;;L1;
2262;Octane;Perfluorohexane;316.62;0.217;;;L1;
2262;Octane;Perfluorohexane;319.7;0.215;;;L1;
2262;Octane;Perfluorohexane;322.07;0.2421;;;L1;
2262;Octane;Perfluorohexane;325.2;0.295;;;L1;
2262;Octane;Perfluorohexane;325.3;0.3003;;;L1;
2262;Octane;Perfluorohexane;326.68;0.2947;;;L1;
2262;Octane;Perfluorohexane;328.76;0.3144;;;L1;
2262;Octane;Perfluorohexane;329.315201;0.3188;;;L1;
2262;Octane;Perfluorohexane;329.8;0.4016;;;L1;
2262;Octane;Perfluorohexane;331;0.3694;;;L1;
2262;Octane;Perfluorohexane;331.1;0.5002;;;L1;
2262;Octane;Perfluorohexane;331.304736;0.3444;;;L1;
2262;Octane;Perfluorohexane;331.5;0.3917;;;L1;
2262;Octane;Perfluorohexane;333.16;0.4299;;;L1;
2262;Octane;Perfluorohexane;333.82;0.445;;;L1;
2262;Octane;Perfluorohexane;334.054186;0.4108;;;L1;
2262;Octane;Perfluorohexane;334.42;0.4794;;;L1;
2262;Octane;Perfluorohexane;334.57;0.512;;;L1;
2262;Octane;Perfluorohexane;334.73;0.5499;;;L1;
2262;Octane;Perfluorohexane;334.82;0.5941;;;L1;
2262;Octane;Perfluorohexane;334.83;0.5676;;;L1;
2262;Octane;Perfluorohexane;334.954006;0.4367;;;L1;
2262;Octane;Perfluorohexane;335.203956;0.4718;;;L1;
2262;Octane;Perfluorohexane;335.393918;0.485;;;L1;
2262;Octane;Perfluorohexane;335.493898;0.5065;;;L1;
2262;Octane;Perfluorohexane;335.623872;0.5287;;;L1;
2262;Octane;Perfluorohexane;335.63387;0.5452;;;L1;
2262;Octane;Perfluorohexane;335.663864;0.5614;;;L1;
2262;Octane;Perfluorohexane;281.67;0.9487;;;L2;
2262;Octane;Perfluorohexane;282.3;0.9497;;;L2;
2262;Octane;Perfluorohexane;286.1;0.952;;;L2;
2262;Octane;Perfluorohexane;288.07;0.9439;;;L2;
2262;Octane;Perfluorohexane;288.43;0.9433;;;L2;
2262;Octane;Perfluorohexane;292.54;0.9369;;;L2;
2262;Octane;Perfluorohexane;298.87;0.9238;;;L2;
2262;Octane;Perfluorohexane;303.16;0.9136;;;L2;
2262;Octane;Perfluorohexane;305.5;0.917;;;L2;
2262;Octane;Perfluorohexane;306.5;0.9001;;;L2;
2262;Octane;Perfluorohexane;306.9;0.9008;;;L2;
2262;Octane;Perfluorohexane;314;0.8774;;;L2;
2262;Octane;Perfluorohexane;314.5;0.882;;;L2;
2262;Octane;Perfluorohexane;319.66;0.8574;;;L2;
2262;Octane;Perfluorohexane;322.16;0.8325;;;L2;
2262;Octane;Perfluorohexane;323.4;0.7997;;;L2;
2262;Octane;Perfluorohexane;325.2;0.775;;;L2;
2262;Octane;Perfluorohexane;325.2;0.814;;;L2;
2262;Octane;Perfluorohexane;326.05;0.8205;;;L2;
2262;Octane;Perfluorohexane;328.72;0.7955;;;L2;
2262;Octane;Perfluorohexane;329.4;0.7021;;;L2;
2262;Octane;Perfluorohexane;329.63;0.7772;;;L2;
2262;Octane;Perfluorohexane;331.3;0.6009;;;L2;
2262;Octane;Perfluorohexane;332.04;0.7437;;;L2;
2262;Octane;Perfluorohexane;332.054586;0.7738;;;L2;
2262;Octane;Perfluorohexane;332.81;0.7085;;;L2;
2262;Octane;Perfluorohexane;333.794238;0.7395;;;L2;
2262;Octane;Perfluorohexane;333.87;0.6766;;;L2;
2262;Octane;Perfluorohexane;334.48;0.6496;;;L2;
2262;Octane;Perfluorohexane;334.62;0.6258;;;L2;
2262;Octane;Perfluorohexane;334.954006;0.696;;;L2;
2262;Octane;Perfluorohexane;335.303936;0.6712;;;L2;
2262;Octane;Perfluorohexane;335.393918;0.6585;;;L2;
2262;Octane;Perfluorohexane;335.553886;0.6452;;;L2;
2262;Octane;Perfluorohexane;335.623872;0.6323;;;L2;
2262;Octane;Perfluorohexane;335.63387;0.6191;;;L2;
2262;Octane;Perfluorohexane;335.663864;0.606;;;L2;
2302;Octane;Perfluoro-n-octane;295.1;0.101;;;L1;
2302;Octane;Perfluoro-n-octane;299.71;0.1081;;;L1;
2302;Octane;Perfluoro-n-octane;304.97;0.1266;;;L1;
2302;Octane;Perfluoro-n-octane;311;0.1583;;;L1;
2302;Octane;Perfluoro-n-octane;318.34;0.1776;;;L1;
2302;Octane;Perfluoro-n-octane;322.3;0.2032;;;L1;
2302;Octane;Perfluoro-n-octane;327.71;0.236;;;L1;
2302;Octane;Perfluoro-n-octane;328.9;0.239;;;L1;
2302;Octane;Perfluoro-n-octane;330.43;0.2513;;;L1;
2302;Octane;Perfluoro-n-octane;336.01;0.2755;;;L1;
2302;Octane;Perfluoro-n-octane;336.2;0.3006;;;L1;
2302;Octane;Perfluoro-n-octane;337.4;0.3058;;;L1;
2302;Octane;Perfluoro-n-octane;339.43;0.3311;;;L1;
2302;Octane;Perfluoro-n-octane;340.89;0.3526;;;L1;
2302;Octane;Perfluoro-n-octane;342.05;0.3619;;;L1;
2302;Octane;Perfluoro-n-octane;344.16;0.4011;;;L1;
2302;Octane;Perfluoro-n-octane;344.6;0.4099;;;L1;
2302;Octane;Perfluoro-n-octane;346.09;0.4036;;;L1;
2302;Octane;Perfluoro-n-octane;346.19;0.4411;;;L1;
2302;Octane;Perfluoro-n-octane;346.98;0.4624;;;L1;
2302;Octane;Perfluoro-n-octane;347.92;0.5022;;;L1;
2302;Octane;Perfluoro-n-octane;348.2;0.5093;;;L1;
2302;Octane;Perfluoro-n-octane;348.4;0.5336;;;L1;
2302;Octane;Perfluoro-n-octane;349.14;0.5732;;;L1;
2302;Octane;Perfluoro-n-octane;349.18;0.5842;;;L1;
2302;Octane;Perfluoro-n-octane;349.2;0.602;;;L1;
2302;Octane;Perfluoro-n-octane;349.27;0.601;;;L1;
2302;Octane;Perfluoro-n-octane;349.44;0.6279;;;L1;
2302;Octane;Perfluoro-n-octane;349.5;0.6461;;;L1;
2302;Octane;Perfluoro-n-octane;349.7;0.5016;;;L1;
2302;Octane;Perfluoro-n-octane;350.44;0.5974;;;L1;
2302;Octane;Perfluoro-n-octane;314.35;0.9497;;;L2;
2302;Octane;Perfluoro-n-octane;315.3;0.9491;;;L2;
2302;Octane;Perfluoro-n-octane;321.68;0.9365;;;L2;
2302;Octane;Perfluoro-n-octane;325.46;0.9276;;;L2;
2302;Octane;Perfluoro-n-octane;325.6;0.9305;;;L2;
2302;Octane;Perfluoro-n-octane;329.75;0.9162;;;L2;
2302;Octane;Perfluoro-n-octane;334.24;0.9009;;;L2;
2302;Octane;Perfluoro-n-octane;334.59;0.8998;;;L2;
2302;Octane;Perfluoro-n-octane;335.1;0.9005;;;L2;
2302;Octane;Perfluoro-n-octane;338.45;0.8812;;;L2;
2302;Octane;Perfluoro-n-octane;340.43;0.8673;;;L2;
2302;Octane;Perfluoro-n-octane;341.2;0.8722;;;L2;
2302;Octane;Perfluoro-n-octane;342.69;0.851;;;L2;
2302;Octane;Perfluoro-n-octane;344.65;0.8323;;;L2;
2302;Octane;Perfluoro-n-octane;345.48;0.8331;;;L2;
2302;Octane;Perfluoro-n-octane;345.72;0.814;;;L2;
2302;Octane;Perfluoro-n-octane;346.4;0.802;;;L2;
2302;Octane;Perfluoro-n-octane;346.43;0.8026;;;L2;
2302;Octane;Perfluoro-n-octane;347.89;0.7779;;;L2;
2302;Octane;Perfluoro-n-octane;348.81;0.7444;;;L2;
2302;Octane;Perfluoro-n-octane;348.9;0.699;;;L2;
2302;Octane;Perfluoro-n-octane;349.16;0.7626;;;L2;
2302;Octane;Perfluoro-n-octane;349.27;0.7104;;;L2;
2302;Octane;Perfluoro-n-octane;349.36;0.696;;;L2;
2302;Octane;Perfluoro-n-octane;349.44;0.6664;;;L2;
2302;Octane;Perfluoro-n-octane;350.52;0.6987;;;L2;
2375;2-Methylphenol;Water;293.138;0.004;0.002748674;0.002751851;L1;37.51758993
2375;2-Methylphenol;Water;298.15;0.0042;0.002837885;0.002846309;L1;39.20256106
2375;2-Methylphenol;Water;298.15;0.004844093;0.002837885;0.002846309;L1;53.47011098
2375;2-Methylphenol;Water;303.15;0.0044;0.002930154;0.002940541;L1;40.65494437
2375;2-Methylphenol;Water;308.15;0.0046;0.003025785;0.003034772;L1;41.88857452
2375;2-Methylphenol;Water;308.43188;0.005143372;0.003031278;0.003040085;L1;52.87244826
2375;2-Methylphenol;Water;313.13;0.0045;0.003124471;0.003128627;L1;36.48124785
2375;2-Methylphenol;Water;313.15;0.0047;0.003124874;0.003129004;L1;40.81685005
2375;2-Methylphenol;Water;318.1285;0.005301239;0.003227075;0.003230933;L1;49.63642974
2375;2-Methylphenol;Water;318.15;0.0048;0.003227525;0.003231415;L1;39.69004693
2375;2-Methylphenol;Water;323.15;0.005469899;0.003333844;0.003343475;L1;49.51341742
2375;2-Methylphenol;Water;323.15;0.0051;0.003333844;0.003343475;L1;42.5114562
2375;2-Methylphenol;Water;323.32694;0.005512107;0.003337675;0.003347441;L1;50.16724905
2375;2-Methylphenol;Water;331.42451;0.005635314;0.003518157;0.003528923;L1;47.11156424
2375;2-Methylphenol;Water;333.124;0.0055;0.003557344;0.003567012;L1;43.57339785
2375;2-Methylphenol;Water;333.2;0.00527;0.003559107;0.003568715;L1;39.25207121
2375;2-Methylphenol;Water;334.824;0.005952811;0.003597007;0.003605112;L1;50.37613639
2375;2-Methylphenol;Water;343.2;0.00585;0.003799392;0.003804297;L1;43.16006371
2375;2-Methylphenol;Water;343.72394;0.006448649;0.003812445;0.003818216;L1;52.55999858
2375;2-Methylphenol;Water;349.05;0.007647653;0.003947841;0.003959712;L1;66.12298974
2375;2-Methylphenol;Water;350.82323;0.007071817;0.003994032;0.00400682;L1;57.13162901
2375;2-Methylphenol;Water;353.123;0.0065;0.004054782;0.004067917;L1;47.19051952
2375;2-Methylphenol;Water;357.723;0.007806617;0.004179211;0.004190123;L1;62.48491942
2375;2-Methylphenol;Water;361.85;0.008697777;0.004294234;0.004299763;L1;70.57941924
2375;2-Methylphenol;Water;371.65;0.009513121;0.004580744;0.004593206;L1;73.08106391
2375;2-Methylphenol;Water;373.124;0.008;0.004625522;0.004639365;L1;54.78524193
2375;2-Methylphenol;Water;373.15;0.009788178;0.004626315;0.00464018;L1;74.94145902
2375;2-Methylphenol;Water;379.52528;0.008511;0.004825296;0.004839825;L1;56.74874047
2375;2-Methylphenol;Water;383.126;0.00869;0.004941563;0.004952583;L1;56.44912331
2375;2-Methylphenol;Water;393.127;0.0096;0.00527988;0.005290761;L1;59.78596997
2375;2-Methylphenol;Water;393.127;0.012;0.00527988;0.005290761;L1;82.1003251
2375;2-Methylphenol;Water;403.13;0.0135;0.005642137;0.005658462;L1;87.24267352
2375;2-Methylphenol;Water;403.13;0.01071;0.005642137;0.005658462;L1;64.09149342
2375;2-Methylphenol;Water;403.73012;0.01148576;0.005664666;0.005680521;L1;70.68600959
2375;2-Methylphenol;Water;413.132;0.0129;0.006029915;0.006033513;L1;76.04943398
2375;2-Methylphenol;Water;413.132;0.018;0.006029915;0.006033513;L1;109.3638786
2375;2-Methylphenol;Water;414.88235;0.01371;0.006100538;0.006108877;L1;80.97485942
2375;2-Methylphenol;Water;415.03238;0.014854466;0.00610663;0.006115336;L1;88.89254495
2375;2-Methylphenol;Water;421.83374;0.019089385;0.006389485;0.006408177;L1;109.4478679
2375;2-Methylphenol;Water;423.134;0.025;0.006445072;0.006464161;L1;135.5560004
2375;2-Methylphenol;Water;423.134;0.01689;0.006445072;0.006464161;L1;96.34059101
2375;2-Methylphenol;Water;428.48614;0.02003;0.006679149;0.006694603;L1;109.8240611
2375;2-Methylphenol;Water;431.83748;0.038456663;0.00683014;0.006838899;L1;172.8186777
2375;2-Methylphenol;Water;432.03756;0.033221295;0.006839265;0.006847513;L1;158.0510886
2375;2-Methylphenol;Water;433.138;0.04;0.006889672;0.006894894;L1;175.8855922
2375;2-Methylphenol;Water;433.138;0.0388;0.006889672;0.006894894;L1;172.8396714
2375;2-Methylphenol;Water;434.83851;0.066815722;0.006968318;0.006968111;L1;226.0564544
2375;2-Methylphenol;Water;435.1386;0.046;0.006982292;0.006982731;L1;188.5264184
2375;2-Methylphenol;Water;435.93884;0.052078005;0.007019696;0.007023019;L1;200.4022741
2375;2-Methylphenol;Water;435.93884;0.103332189;0.007019696;0.007023019;L1;268.9228985
2375;2-Methylphenol;Water;437.1392;0.059;0.007076189;0.007083452;L1;212.0802018
2375;2-Methylphenol;Water;437.1392;0.056934478;0.007076189;0.007083452;L1;208.5165672
2375;2-Methylphenol;Water;437.73938;0.099210533;0.007104609;0.007113668;L1;263.6500411
2375;2-Methylphenol;Water;437.73938;0.03953;0.007104609;0.007113668;L1;171.6316101
2375;2-Methylphenol;Water;437.93944;0.080831636;0.007114109;0.00712374;L1;243.0288436
2375;2-Methylphenol;Water;437.93944;0.073006238;0.007114109;0.00712374;L1;232.8464902
2375;2-Methylphenol;Water;437.989455;0.20214;0.007116486;0.007126259;L1;334.654648
2375;2-Methylphenol;Water;439.1398;0.115;0.007171381;0.007184173;L1;277.4833922
2375;2-Methylphenol;Water;439.1398;0.083;0.007171381;0.007184173;L1;244.8742401
2375;2-Methylphenol;Water;439.63995;0.1;0.007195383;0.007209354;L1;263.173057
2375;2-Methylphenol;Water;439.63995;0.1;0.007195383;0.007209354;L1;263.173057
2375;2-Methylphenol;Water;442.04067;0.06561;0.007311748;0.007330219;L1;219.4245704
2375;2-Methylphenol;Water;442.290745;0.13599;0.00732398;0.00734281;L1;292.142743
2375;2-Methylphenol;Water;442.390775;0.08402;0.007328879;0.007347846;L1;243.9232317
2375;2-Methylphenol;Water;442.84091;0.0981;0.007350964;0.007370508;L1;259.1155862
2375;2-Methylphenol;Water;442.84091;0.0981;0.007350964;0.007370508;L1;259.1155862
2375;2-Methylphenol;Water;293.138;0.524;0.831458026;0.831398254;L2;46.16891329
2375;2-Methylphenol;Water;298.15;0.5152;0.829629642;0.829475062;L2;47.64242124
2375;2-Methylphenol;Water;298.15;0.509733584;0.829629642;0.829475062;L2;48.70911823
2375;2-Methylphenol;Water;298.15;0.5093;0.829629642;0.829475062;L2;48.79421533
2375;2-Methylphenol;Water;298.73576;0.508685363;0.829411939;0.829250296;L2;48.88872639
2375;2-Methylphenol;Water;303.15;0.5102;0.827744451;0.827556475;L2;48.3901667
2375;2-Methylphenol;Water;306.73256;0.4993889;0.826356345;0.826181785;L2;50.36409398
2375;2-Methylphenol;Water;308.15;0.5046;0.825798557;0.825637888;L2;49.258483
2375;2-Methylphenol;Water;313.13;0.505;0.823800296;0.823726975;L2;48.93697116
2375;2-Methylphenol;Water;313.15;0.499;0.82379215;0.823719301;L2;50.13121566
2375;2-Methylphenol;Water;313.15;0.4998;0.82379215;0.823719301;L2;49.9710234
2375;2-Methylphenol;Water;318.1285;0.485598763;0.821734242;0.821672038;L2;52.60343443
2375;2-Methylphenol;Water;318.15;0.4944;0.821725225;0.821662493;L2;50.80611567
2375;2-Methylphenol;Water;323.15;0.4917;0.819597608;0.819442652;L2;51.09447235
2375;2-Methylphenol;Water;323.15;0.4846;0.819597608;0.819442652;L2;52.54896895
2375;2-Methylphenol;Water;323.15;0.485207156;0.819597608;0.819442652;L2;52.42375724
2375;2-Methylphenol;Water;329.72502;0.477467902;0.816706831;0.816523553;L2;53.67832579
2375;2-Methylphenol;Water;333.124;0.485;0.815170707;0.815014515;L2;51.9248657
2375;2-Methylphenol;Water;333.15;0.483;0.815158846;0.815002971;L2;52.33663443
2375;2-Methylphenol;Water;333.2;0.4866;0.815136033;0.814980773;L2;51.59125804
2375;2-Methylphenol;Water;338.124;0.452413975;0.812858838;0.812794674;L2;58.59598286
2375;2-Methylphenol;Water;343.15;0.4728;0.810471695;0.81039591;L2;53.89439511
2375;2-Methylphenol;Water;343.2;0.4614;0.810447625;0.810370623;L2;56.33213733
2375;2-Methylphenol;Water;353.123;0.456;0.80554393;0.805352019;L2;56.90249289
2375;2-Methylphenol;Water;360.623;0.437675174;0.801667138;0.801558858;L2;60.52164583
2375;2-Methylphenol;Water;363.15;0.4438;0.800327178;0.800280816;L2;58.96466057
2375;2-Methylphenol;Water;365.1232;0.441597187;0.799268896;0.79925405;L2;59.32993052
2375;2-Methylphenol;Water;373.124;0.417;0.794868694;0.794685135;L2;64.50907141
2375;2-Methylphenol;Water;393.127;0.373;0.783074399;0.782942348;L2;74.16492896
2375;2-Methylphenol;Water;402.72988;0.347090811;0.776991477;0.776789368;L2;80.58429323
2375;2-Methylphenol;Water;403.13;0.337;0.776731885;0.776532994;L2;83.50122957
2375;2-Methylphenol;Water;403.13;0.3392;0.776731885;0.776532994;L2;82.85053221
2375;2-Methylphenol;Water;403.38005;0.33862;0.776569403;0.776372776;L2;83.00074837
2375;2-Methylphenol;Water;405.43046;0.334418212;0.775229713;0.77505899;L2;84.07670479
2375;2-Methylphenol;Water;413.132;0.2999;0.770079395;0.770037211;L2;94.3044534
2375;2-Methylphenol;Water;413.132;0.3;0.770079395;0.770037211;L2;94.27111451
2375;2-Methylphenol;Water;418.83314;0.273280926;0.766144272;0.765961135;L2;103.0870198
2375;2-Methylphenol;Water;423.134;0.2659;0.763105264;0.7628862;L2;105.4275685
2375;2-Methylphenol;Water;423.134;0.253;0.763105264;0.7628862;L2;110.4006494
2375;2-Methylphenol;Water;425.43492;0.25881;0.761454214;0.761241139;L2;107.9135843
2375;2-Methylphenol;Water;426.93552;0.246010861;0.760367888;0.760168273;L2;112.8426694
2375;2-Methylphenol;Water;430.83708;0.198597481;0.757507841;0.757378821;L2;133.8753821
2375;2-Methylphenol;Water;433.138;0.143487385;0.755796837;0.75573376;L2;166.1525484
2375;2-Methylphenol;Water;433.138;0.192;0.755796837;0.75573376;L2;137.0277234
2375;2-Methylphenol;Water;433.138;0.1902;0.755796837;0.75573376;L2;137.9696456
2375;2-Methylphenol;Water;435.1386;0.172;0.754294365;0.754285148;L2;147.828822
2375;2-Methylphenol;Water;435.63875;0.167469967;0.753916586;0.753888351;L2;150.44777
2375;2-Methylphenol;Water;437.03917;0.128265654;0.752854188;0.75277732;L2;176.9768033
2375;2-Methylphenol;Water;437.1392;0.147;0.752778042;0.752697961;L2;163.3337832
2384;Pentane;Water;273.1000159;1.64E-05;;;L1;
2384;Pentane;Water;273.2;1.27E-05;;;L1;
2384;Pentane;Water;277.1494161;1.02E-05;;;L1;
2384;Pentane;Water;283.148055;1.07E-05;1.26E-05;1.28E-05;L1;16.36550223
2384;Pentane;Water;283.2;1.02E-05;1.26E-05;1.29E-05;L1;21.26974039
2384;Pentane;Water;286.65;1.10E-05;1.36E-05;1.41E-05;L1;21.5430427
2384;Pentane;Water;288.19654;1.07E-05;1.41E-05;1.47E-05;L1;27.78051967
2384;Pentane;Water;293.14537;9.80E-06;1.58E-05;1.65E-05;L1;47.5355381
2384;Pentane;Water;293.19536;1.03E-05;1.58E-05;1.65E-05;L1;42.6690977
2384;Pentane;Water;295.45;1.03E-05;1.66E-05;1.73E-05;L1;47.59493777
2384;Pentane;Water;298.136;9.61E-06;1.76E-05;1.83E-05;L1;60.34084143
2384;Pentane;Water;298.136;1.50E-05;1.76E-05;1.83E-05;L1;15.81624362
2384;Pentane;Water;298.136;9.61E-06;1.76E-05;1.83E-05;L1;60.34084143
2384;Pentane;Water;298.136;1.24E-05;1.76E-05;1.83E-05;L1;34.85161647
2384;Pentane;Water;298.14437;9.86E-06;1.76E-05;1.83E-05;L1;57.79066315
2384;Pentane;Water;298.14437;1.01E-05;1.76E-05;1.83E-05;L1;55.38573762
2384;Pentane;Water;298.14437;1.19E-05;1.76E-05;1.83E-05;L1;38.98544
2384;Pentane;Water;298.14437;9.62E-06;1.76E-05;1.83E-05;L1;60.25485354
2384;Pentane;Water;298.14437;9.70E-06;1.76E-05;1.83E-05;L1;59.42669146
2384;Pentane;Water;298.14437;1.02E-05;1.76E-05;1.83E-05;L1;54.40050798
2384;Pentane;Water;298.14437;1.02E-05;1.76E-05;1.83E-05;L1;54.40050798
2384;Pentane;Water;298.19436;1.01E-05;1.76E-05;1.83E-05;L1;55.49332806
2384;Pentane;Water;298.19436;1.00E-05;1.76E-05;1.83E-05;L1;56.48836115
2384;Pentane;Water;298.2;1.06E-05;1.76E-05;1.83E-05;L1;50.67360765
2384;Pentane;Water;298.28;1.00E-05;1.76E-05;1.83E-05;L1;56.6726301
2384;Pentane;Water;298.28;1.00E-05;1.76E-05;1.83E-05;L1;56.6726301
2384;Pentane;Water;303.143055;1.01E-05;1.95E-05;2.01E-05;L1;66.04210227
2384;Pentane;Water;303.19304;1.01E-05;1.96E-05;2.01E-05;L1;66.14763331
2384;Pentane;Water;303.31;1.10E-05;1.96E-05;2.02E-05;L1;57.85850204
2384;Pentane;Water;303.31;1.10E-05;1.96E-05;2.02E-05;L1;57.85850204
2384;Pentane;Water;308.19154;1.01E-05;2.17E-05;2.19E-05;L1;76.60020298
2384;Pentane;Water;310.9187216;1.39E-05;2.30E-05;2.31E-05;L1;50.28533164
2384;Pentane;Water;311.4735551;1.15E-05;2.32E-05;2.35E-05;L1;70.37598117
2384;Pentane;Water;313.19;1.21E-05;2.41E-05;2.45E-05;L1;68.79114897
2384;Pentane;Water;313.19;1.21E-05;2.41E-05;2.45E-05;L1;68.79114897
2384;Pentane;Water;313.2;1.24E-05;2.41E-05;2.45E-05;L1;66.36237867
2384;Pentane;Water;313.240025;9.94E-06;2.41E-05;2.45E-05;L1;88.55669393
2384;Pentane;Water;323.34;1.32E-05;2.95E-05;3.06E-05;L1;80.34853097
2384;Pentane;Water;323.34;1.32E-05;2.95E-05;3.06E-05;L1;80.34853097
2384;Pentane;Water;328.835345;1.04E-05;3.28E-05;3.38E-05;L1;114.8531437
2384;Pentane;Water;333.21;1.35E-05;3.57E-05;3.64E-05;L1;97.10750866
2384;Pentane;Water;333.21;1.35E-05;3.57E-05;3.64E-05;L1;97.10750866
2384;Pentane;Water;343.15;1.45E-05;4.29E-05;4.35E-05;L1;108.4577938
2384;Pentane;Water;343.15;1.45E-05;4.29E-05;4.35E-05;L1;108.4577938
2384;Pentane;Water;343.2;1.66E-05;4.29E-05;4.35E-05;L1;95.02386592
2384;Pentane;Water;367.5694812;2.35E-05;6.59E-05;6.64E-05;L1;103.1262571
2384;Pentane;Water;372.22455;1.73E-05;7.13E-05;7.18E-05;L1;141.5767705
2384;Pentane;Water;373.2;2.68E-05;7.24E-05;7.32E-05;L1;99.43219284
2384;Pentane;Water;393.2;4.20E-05;0.000100066;0.000101422;L1;86.81632739
2384;Pentane;Water;394.42011;2.75E-05;0.000101998;0.000103142;L1;131.0766145
2384;Pentane;Water;410.41691;5.02E-05;0.000130295;0.000132553;L1;95.37837707
2384;Pentane;Water;413.2;7.13E-05;0.000135821;0.000138307;L1;64.44392895
2384;Pentane;Water;422.61447;7.44E-05;0.000155967;0.000157771;L1;74.01854414
2384;Pentane;Water;423.3365256;6.99E-05;0.000157608;0.000159264;L1;81.30464344
2384;Pentane;Water;453.2;0.000189;0.000239209;0.000241942;L1;23.55906102
2384;Pentane;Water;273.1000159;0.999895877;;;L2;
2384;Pentane;Water;278.6467;0.999856021;;;L2;
2384;Pentane;Water;288.141;0.99975506;0.99999856;0.999997643;L2;0.024352975
2384;Pentane;Water;293.15;0.99952;0.999997983;0.999996808;L2;0.047809863
2384;Pentane;Water;297.93608;0.999523227;0.999997253;0.999996011;L2;0.047414014
2384;Pentane;Water;297.93608;0.999519231;0.999997253;0.999996011;L2;0.047813805
2384;Pentane;Water;298.136;0.99952;0.999997218;0.999995977;L2;0.047733373
2384;Pentane;Water;298.14437;0.999595613;0.999997217;0.999995976;L2;0.040168581
2384;Pentane;Water;310.9187216;0.999436;0.999994002;0.999993357;L2;0.055816148
2384;Pentane;Water;311.4735551;0.999598;0.99999381;0.999992968;L2;0.039589031
2384;Pentane;Water;367.5694812;0.99586;0.999913935;0.999911421;L2;0.406252515
2384;Pentane;Water;423.3365256;0.9678;0.999457264;0.999432075;L2;3.218694175
2415;1-Pentanol;Water;273.15;0.0064;0.001935676;0.001940098;L1;119.5841335
2415;1-Pentanol;Water;273.35;0.009006655;0.001939357;0.001943648;L1;153.5607464
2415;1-Pentanol;Water;278.0992774;0.006947532;0.002028854;0.002029135;L1;123.0915404
2415;1-Pentanol;Water;278.1492701;0.0044;0.002029818;0.002030177;L1;77.36585649
2415;1-Pentanol;Water;283.1;0.0057;0.002127531;0.002133296;L1;98.55041271
2415;1-Pentanol;Water;283.144;0.0055;0.00212842;0.002134213;L1;94.93683443
2415;1-Pentanol;Water;283.148055;0.0039;0.002128502;0.002134297;L1;60.555831
2415;1-Pentanol;Water;283.15;0.006869128;0.002128541;0.002134338;L1;117.1600462
2415;1-Pentanol;Water;283.15;0.0032;0.002128541;0.002134338;L1;40.77141023
2415;1-Pentanol;Water;283.347995;0.005404489;0.002132545;0.002138462;L1;92.99136158
2415;1-Pentanol;Water;288.146555;0.004774301;0.002231876;0.002238411;L1;76.04051464
2415;1-Pentanol;Water;291.9956;0.004237883;0.002314774;0.002318584;L1;60.47519058
2415;1-Pentanol;Water;293.138;0.00491537;0.002339942;0.002342379;L1;74.22410503
2415;1-Pentanol;Water;293.138;0.0046;0.002339942;0.002342379;L1;67.59303233
2415;1-Pentanol;Water;293.138;0.004153443;0.002339942;0.002342379;L1;57.38116486
2415;1-Pentanol;Water;293.138;0.0049;0.002339942;0.002342379;L1;73.91092249
2415;1-Pentanol;Water;293.138;0.0031;0.002339942;0.002342379;L1;28.12761313
2415;1-Pentanol;Water;293.14537;0.0037;0.002340105;0.002342532;L1;45.81370909
2415;1-Pentanol;Water;293.15;0.005064039;0.002340207;0.002342629;L1;77.19248399
2415;1-Pentanol;Water;293.15;0.0049;0.002340207;0.002342629;L1;73.89956588
2415;1-Pentanol;Water;293.15;0.005;0.002340207;0.002342629;L1;75.91983661
2415;1-Pentanol;Water;293.15;0.005000303;0.002340207;0.002342629;L1;75.92589643
2415;1-Pentanol;Water;293.15;0.004724472;0.002340207;0.002342629;L1;70.25162624
2415;1-Pentanol;Water;293.15;0.005770946;0.002340207;0.002342629;L1;90.25964723
2415;1-Pentanol;Water;293.15;0.0049;0.002340207;0.002342629;L1;73.89956588
2415;1-Pentanol;Water;293.15;0.004512689;0.002340207;0.002342629;L1;65.66536601
2415;1-Pentanol;Water;293.34533;0.004682087;0.002344537;0.002346697;L1;69.16559179
2415;1-Pentanol;Water;298;0.004470373;0.002450003;0.002455209;L1;60.13826233
2415;1-Pentanol;Water;298.136;0.004555018;0.002453151;0.002458499;L1;61.88561002
2415;1-Pentanol;Water;298.136;0.0046;0.002453151;0.002458499;L1;62.86829213
2415;1-Pentanol;Water;298.136;0.0046;0.002453151;0.002458499;L1;62.86829213
2415;1-Pentanol;Water;298.136;0.005298004;0.002453151;0.002458499;L1;76.99567636
2415;1-Pentanol;Water;298.136;0.004593126;0.002453151;0.002458499;L1;62.71874558
2415;1-Pentanol;Water;298.14437;0.002425944;0.002453345;0.002458702;L1;1.123168457
2415;1-Pentanol;Water;298.14437;0.004962286;0.002453345;0.002458702;L1;70.44141101
2415;1-Pentanol;Water;298.14437;0.005371781;0.002453345;0.002458702;L1;78.37070993
2415;1-Pentanol;Water;298.15;0.004;0.002453475;0.002458838;L1;48.87887914
2415;1-Pentanol;Water;298.15;0.004;0.002453475;0.002458838;L1;48.87887914
2415;1-Pentanol;Water;298.15;0.005;0.002453475;0.002458838;L1;71.19323428
2415;1-Pentanol;Water;298.15;0.005343342;0.002453475;0.002458838;L1;77.83457302
2415;1-Pentanol;Water;298.15;0.004385783;0.002453475;0.002458838;L1;58.08626035
2415;1-Pentanol;Water;298.15;0.003690001;0.002453475;0.002458838;L1;40.81211594
2415;1-Pentanol;Water;298.15;0.005064039;0.002453475;0.002458838;L1;72.46588166
2415;1-Pentanol;Water;298.15;0.005343342;0.002453475;0.002458838;L1;77.83457302
2415;1-Pentanol;Water;298.15;0.004;0.002453475;0.002458838;L1;48.87887914
2415;1-Pentanol;Water;298.19436;0.0034;0.002454503;0.002459911;L1;32.58510228
2415;1-Pentanol;Water;298.2;0.006391546;0.002454634;0.002460047;L1;95.69985197
2415;1-Pentanol;Water;298.2;0.00548974;0.002454634;0.002460047;L1;80.49032356
2415;1-Pentanol;Water;298.2;0.004322377;0.002454634;0.002460047;L1;56.58278224
2415;1-Pentanol;Water;298.2;0.002559408;0.002454634;0.002460047;L1;4.179832176
2415;1-Pentanol;Water;298.2;0.004;0.002454634;0.002460047;L1;48.83167011
2415;1-Pentanol;Water;298.3;0.003837281;0.002456953;0.002462466;L1;44.58422438
2415;1-Pentanol;Water;303.134;0.004216768;0.002571531;0.002579398;L1;49.45673838
2415;1-Pentanol;Water;303.134;0.0044;0.002571531;0.002579398;L1;53.71029669
2415;1-Pentanol;Water;303.134;0.00415;0.002571531;0.002579398;L1;47.86067602
2415;1-Pentanol;Water;303.143055;0.00342;0.002571751;0.002579617;L1;28.5053713
2415;1-Pentanol;Water;303.15;0.004322377;0.002571919;0.002579785;L1;51.91532488
2415;1-Pentanol;Water;303.15;0.00520553;0.002571919;0.002579785;L1;70.50692884
2415;1-Pentanol;Water;303.15;0.0047;0.002571919;0.002579785;L1;60.29102751
2415;1-Pentanol;Water;303.15;0.0037;0.002571919;0.002579785;L1;36.3680586
2415;1-Pentanol;Water;303.15;0.003690001;0.002571919;0.002579785;L1;36.09744954
2415;1-Pentanol;Water;303.15;0.0045;0.002571919;0.002579785;L1;55.94251632
2415;1-Pentanol;Water;303.15;0.005;0.002571919;0.002579785;L1;66.47856788
2415;1-Pentanol;Water;303.15;0.005;0.002571919;0.002579785;L1;66.47856788
2415;1-Pentanol;Water;303.2;0.004005806;0.00257313;0.002580995;L1;44.26217729
2415;1-Pentanol;Water;303.742875;0.004195656;0.002586314;0.002594127;L1;48.38158274
2415;1-Pentanol;Water;308.15;0.002;0.002695711;0.002700733;L1;29.85146476
2415;1-Pentanol;Water;308.2;0.002788918;0.002696976;0.002701942;L1;3.352252688
2415;1-Pentanol;Water;308.2;0.004894145;0.002696976;0.002701942;L1;59.59084126
2415;1-Pentanol;Water;313.13;0.0039;0.002824503;0.002827211;L1;32.26441577
2415;1-Pentanol;Water;313.140055;0.0044;0.002824769;0.002827494;L1;44.31780749
2415;1-Pentanol;Water;313.140055;0.0035;0.002824769;0.002827494;L1;21.43365025
2415;1-Pentanol;Water;313.15;0.004763077;0.002825031;0.002827774;L1;52.23743812
2415;1-Pentanol;Water;313.15;0.004280123;0.002825031;0.002827774;L1;41.54622407
2415;1-Pentanol;Water;313.15;0.0042;0.002825031;0.002827774;L1;39.65650185
2415;1-Pentanol;Water;313.15;0.004132342;0.002825031;0.002827774;L1;38.03248097
2415;1-Pentanol;Water;313.15;0.004;0.002825031;0.002827774;L1;34.77748544
2415;1-Pentanol;Water;313.15;0.0044;0.002825031;0.002827774;L1;44.30850342
2415;1-Pentanol;Water;313.339995;0.003879392;0.002830057;0.002833113;L1;31.53815602
2415;1-Pentanol;Water;318.15;0.008;0.00296007;0.00296828;L1;99.422856
2415;1-Pentanol;Water;318.2;0.002997916;0.00296145;0.002969685;L1;1.22383283
2415;1-Pentanol;Water;318.2;0.004936598;0.00296145;0.002969685;L1;51.09973777
2415;1-Pentanol;Water;322.2;0.003437908;0.003073778;0.003082091;L1;11.19557446
2415;1-Pentanol;Water;323.127;0.0036;0.003100361;0.003108141;L1;14.94151614
2415;1-Pentanol;Water;323.137055;0.003795184;0.003100651;0.003108423;L1;20.21208396
2415;1-Pentanol;Water;323.15;0.003921516;0.003101024;0.003108787;L1;23.47460523
2415;1-Pentanol;Water;323.15;0.0042;0.003101024;0.003108787;L1;30.33522639
2415;1-Pentanol;Water;323.15;0.004;0.003101024;0.003108787;L1;25.45620997
2415;1-Pentanol;Water;323.15;0.0041;0.003101024;0.003108787;L1;27.92547123
2415;1-Pentanol;Water;323.15;0.0036;0.003101024;0.003108787;L1;14.92015841
2415;1-Pentanol;Water;323.15;0.004;0.003101024;0.003108787;L1;25.45620997
2415;1-Pentanol;Water;323.15;0.004568814;0.003101024;0.003108787;L1;38.75213912
2415;1-Pentanol;Water;323.15;0.0024;0.003101024;0.003108787;L1;25.6263524
2415;1-Pentanol;Water;323.15;0.004;0.003101024;0.003108787;L1;25.45620997
2415;1-Pentanol;Water;333.124;0.0036;0.003400692;0.003408187;L1;5.695503263
2415;1-Pentanol;Water;333.13437;0.0041;0.003401016;0.003408523;L1;18.69126449
2415;1-Pentanol;Water;333.13437;0.0038;0.003401016;0.003408523;L1;11.09267379
2415;1-Pentanol;Water;333.15;0.004763077;0.003401506;0.00340903;L1;33.66755959
2415;1-Pentanol;Water;333.15;0.003984728;0.003401506;0.00340903;L1;15.82507619
2415;1-Pentanol;Water;333.15;0.0041;0.003401506;0.00340903;L1;18.67686817
2415;1-Pentanol;Water;333.2;0.005610626;0.003403073;0.003410651;L1;49.99834855
2415;1-Pentanol;Water;333.43431;0.003795184;0.003410424;0.00341825;L1;10.6896244
2415;1-Pentanol;Water;336.13377;0.003312044;0.003496163;0.003505797;L1;5.410069174
2415;1-Pentanol;Water;343.124;0.0038;0.003727349;0.003732498;L1;1.930376636
2415;1-Pentanol;Water;343.132055;0.004047971;0.003727623;0.003732759;L1;8.244490499
2415;1-Pentanol;Water;343.15;0.005126189;0.003728234;0.003733341;L1;31.84277537
2415;1-Pentanol;Water;343.15;0.0041;0.003728234;0.003733341;L1;9.50522293
2415;1-Pentanol;Water;343.15;0.0041;0.003728234;0.003733341;L1;9.50522293
2415;1-Pentanol;Water;343.2;0.006120597;0.003729937;0.003734962;L1;49.52682882
2415;1-Pentanol;Water;353.123;0.0039;0.004082125;0.004092644;L1;4.564114656
2415;1-Pentanol;Water;353.129055;0.0046;0.004082349;0.00409287;L1;11.93837859
2415;1-Pentanol;Water;353.129055;0.004132342;0.004082349;0.00409287;L1;1.217179891
2415;1-Pentanol;Water;353.15;0.00520553;0.004083123;0.004093652;L1;24.28593849
2415;1-Pentanol;Water;353.15;0.0044;0.004083123;0.004093652;L1;7.474240374
2415;1-Pentanol;Water;353.15;0.0042;0.004083123;0.004093652;L1;2.822238811
2415;1-Pentanol;Water;358.15;0.0042;0.004271773;0.004280372;L1;1.694451825
2415;1-Pentanol;Water;358.15;0.0042;0.004271773;0.004280372;L1;1.694451825
2415;1-Pentanol;Water;363.123;0.0041;0.00446718;0.004467582;L1;8.577028534
2415;1-Pentanol;Water;363.15;0.005871593;0.004468262;0.00446874;L1;27.31263973
2415;1-Pentanol;Water;363.15;0.0047;0.004468262;0.00446874;L1;5.056292908
2415;1-Pentanol;Water;363.82623;0.004597361;0.004495454;0.004497746;L1;2.241575554
2415;1-Pentanol;Water;367.12557;0.004153443;0.004630281;0.00463927;L1;10.8679913
2415;1-Pentanol;Water;368.15;0.0042;0.004672881;0.004683212;L1;10.6691369
2415;1-Pentanol;Water;368.15;0.0042;0.004672881;0.004683212;L1;10.6691369
2415;1-Pentanol;Water;368.42353;0.024;0.004684316;0.004694945;L1;163.3833955
2415;1-Pentanol;Water;369.15;0.005;0.004714808;0.004726107;L1;5.872981685
2415;1-Pentanol;Water;371.15;0.006311726;0.004799682;0.004811896;L1;27.38595238
2415;1-Pentanol;Water;373.124;0.0047;0.004884806;0.00489657;L1;3.856705599
2415;1-Pentanol;Water;373.15;0.0057;0.004885936;0.004897685;L1;15.41052567
2415;1-Pentanol;Water;378.15;0.0058;0.005107746;0.005112158;L1;12.70997137
2415;1-Pentanol;Water;383.126;0.0054;0.005337515;0.005346419;L1;1.163883215
2415;1-Pentanol;Water;383.15;0.0062;0.005338645;0.005347596;L1;14.95773758
2415;1-Pentanol;Water;388.15;0.0063;0.005578984;0.005592734;L1;12.15428896
2415;1-Pentanol;Water;393.127;0.0063;0.005827957;0.005836744;L1;7.788313542
2415;1-Pentanol;Water;393.15;0.0064;0.005829131;0.005837871;L1;9.343012025
2415;1-Pentanol;Water;403.13;0.0075;0.006359299;0.006373663;L1;16.49848729
2415;1-Pentanol;Water;413.132;0.0092;0.006934706;0.006935744;L1;28.26648396
2415;1-Pentanol;Water;423.134;0.0114;0.007557892;0.007572778;L1;41.10210683
2415;1-Pentanol;Water;433.138;0.0149;0.008233054;0.008246849;L1;59.32041396
2415;1-Pentanol;Water;443.141;0.0211;0.008964507;0.008970418;L1;85.59998779
2415;1-Pentanol;Water;453.145;0.0416;0.009757425;0.009776501;L1;145.0071623
2415;1-Pentanol;Water;273.15;0.7526;0.561406623;0.561040029;L2;29.30884178
2415;1-Pentanol;Water;273.15;0.659615025;0.561406623;0.561040029;L2;16.1210909
2415;1-Pentanol;Water;278.1492701;0.6279;0.563944359;0.563900775;L2;10.74253249
2415;1-Pentanol;Water;279.1464;0.681;0.564412283;0.564278233;L2;18.7777324
2415;1-Pentanol;Water;283.1;0.6609;0.566145542;0.565774845;L2;15.4751356
2415;1-Pentanol;Water;283.144;0.737;0.566163749;0.565791501;L2;26.37045473
2415;1-Pentanol;Water;283.148055;0.6355;0.566165425;0.565793036;L2;11.55257842
2415;1-Pentanol;Water;283.15;0.6526;0.56616623;0.565793773;L2;14.20766574
2415;1-Pentanol;Water;283.347995;0.654183849;0.566247853;0.565868723;L2;14.43565409
2415;1-Pentanol;Water;285.147455;0.643;0.566967896;0.566549898;L2;12.58420429
2415;1-Pentanol;Water;288.141;0.67;0.568079931;0.567683087;L2;16.50155796
2415;1-Pentanol;Water;288.146555;0.638;0.568081896;0.56768519;L2;11.60726913
2415;1-Pentanol;Water;291.9956;0.651875858;0.569357421;0.569142223;L2;13.53457492
2415;1-Pentanol;Water;293.138;0.68;0.56970332;0.569574672;L2;17.69770632
2415;1-Pentanol;Water;293.138;0.716538746;0.56970332;0.569574672;L2;22.93165876
2415;1-Pentanol;Water;293.138;0.7175;0.56970332;0.569574672;L2;23.06572127
2415;1-Pentanol;Water;293.14537;0.635;0.569705504;0.569577462;L2;10.85054312
2415;1-Pentanol;Water;293.14537;0.67;0.569705504;0.569577462;L2;16.21581447
2415;1-Pentanol;Water;293.14537;0.6291;0.569705504;0.569577462;L2;9.917065884
2415;1-Pentanol;Water;293.15;0.6562;0.569706875;0.569579215;L2;14.13436455
2415;1-Pentanol;Water;293.15;0.647548072;0.569706875;0.569579215;L2;12.80710583
2415;1-Pentanol;Water;293.15;0.663;0.569706875;0.569579215;L2;15.16530152
2415;1-Pentanol;Water;293.15;0.652900186;0.569706875;0.569579215;L2;13.63022881
2415;1-Pentanol;Water;293.15;0.664;0.569706875;0.569579215;L2;15.31601745
2415;1-Pentanol;Water;293.15;0.6561;0.569706875;0.569579215;L2;14.11912413
2415;1-Pentanol;Water;293.15;0.640010523;0.569706875;0.569579215;L2;11.63626434
2415;1-Pentanol;Water;293.34533;0.64250904;0.569764513;0.569653156;L2;12.01577456
2415;1-Pentanol;Water;298;0.641008262;0.571012325;0.570764336;L2;11.56315516
2415;1-Pentanol;Water;298.136;0.72;0.571045201;0.570790087;L2;23.17828444
2415;1-Pentanol;Water;298.136;0.643;0.571045201;0.570790087;L2;11.86763566
2415;1-Pentanol;Water;298.136;0.717126084;0.571045201;0.570790087;L2;22.77833069
2415;1-Pentanol;Water;298.136;0.656;0.571045201;0.570790087;L2;13.86924213
2415;1-Pentanol;Water;298.14437;0.633;0.571047218;0.570791672;L2;10.29985228
2415;1-Pentanol;Water;298.15;0.635;0.571048574;0.570792738;L2;10.61507248
2415;1-Pentanol;Water;298.15;0.6392;0.571048574;0.570792738;L2;11.27431204
2415;1-Pentanol;Water;298.15;0.637;0.571048574;0.570792738;L2;10.92953815
2415;1-Pentanol;Water;298.15;0.629666593;0.571048574;0.570792738;L2;9.771618774
2415;1-Pentanol;Water;298.15;0.635;0.571048574;0.570792738;L2;10.61507248
2415;1-Pentanol;Water;298.15;0.644266302;0.571048574;0.570792738;L2;12.0637879
2415;1-Pentanol;Water;298.19436;0.6365;0.571059247;0.570801137;L2;10.84914536
2415;1-Pentanol;Water;298.2;0.629179974;0.571060602;0.570802205;L2;9.692200497
2415;1-Pentanol;Water;298.2;0.613415881;0.571060602;0.570802205;L2;7.154780347
2415;1-Pentanol;Water;298.2;0.613415881;0.571060602;0.570802205;L2;7.154780347
2415;1-Pentanol;Water;298.2;0.623141993;0.571060602;0.570802205;L2;8.727907296
2415;1-Pentanol;Water;298.2;0.6542;0.571060602;0.570802205;L2;13.59177771
2415;1-Pentanol;Water;298.3;0.646535754;0.571084578;0.57082114;L2;12.40911787
2415;1-Pentanol;Water;298.3;0.644266302;0.571084578;0.57082114;L2;12.05748311
2415;1-Pentanol;Water;302.143355;0.647801506;0.571924665;0.571548868;L2;12.45770536
2415;1-Pentanol;Water;303.134;0.711574827;0.572115797;0.571736444;L2;21.81391662
2415;1-Pentanol;Water;303.134;0.6988;0.572115797;0.571736444;L2;20.00231645
2415;1-Pentanol;Water;303.143055;0.6662;0.572117497;0.571738159;L2;15.22455413
2415;1-Pentanol;Water;303.143055;0.631;0.572117497;0.571738159;L2;9.796147808
2415;1-Pentanol;Water;303.15;0.642008224;0.5721188;0.571739474;L2;11.52544517
2415;1-Pentanol;Water;303.15;0.623381931;0.5721188;0.571739474;L2;8.58127204
2415;1-Pentanol;Water;303.15;0.656;0.5721188;0.571739474;L2;13.6814127
2415;1-Pentanol;Water;303.15;0.658;0.5721188;0.571739474;L2;13.98582694
2415;1-Pentanol;Water;303.15;0.6296;0.5721188;0.571739474;L2;9.573803519
2415;1-Pentanol;Water;303.15;0.6485;0.5721188;0.571739474;L2;12.53153418
2415;1-Pentanol;Water;303.15;0.6234;0.5721188;0.571739474;L2;8.584170542
2415;1-Pentanol;Water;303.15;0.6484;0.5721188;0.571739474;L2;12.51611279
2415;1-Pentanol;Water;303.2;0.656245261;0.572128166;0.571748941;L2;13.71715605
2415;1-Pentanol;Water;303.742875;0.633824544;0.572228177;0.571851733;L2;10.22343486
2415;1-Pentanol;Water;305.1332;0.648;0.572470354;0.572114987;L2;12.39297457
2415;1-Pentanol;Water;308.141555;0.623;0.572926506;0.572684611;L2;8.378907156
2415;1-Pentanol;Water;308.15;0.652;0.572927658;0.57268621;L2;12.92851053
2415;1-Pentanol;Water;308.15;0.6363;0.572927658;0.57268621;L2;10.49106936
2415;1-Pentanol;Water;308.2;0.614355296;0.572934459;0.572695677;L2;6.980209096
2415;1-Pentanol;Water;308.2;0.604131973;0.572934459;0.572695677;L2;5.302134461
2415;1-Pentanol;Water;309.1316;0.643;0.573056592;0.572872073;L2;11.51602476
2415;1-Pentanol;Water;313.13;0.6767;0.573483005;0.57337088;L2;16.54997409
2415;1-Pentanol;Water;313.140055;0.636;0.57348388;0.573371095;L2;10.34687357
2415;1-Pentanol;Water;313.140055;0.5632;0.57348388;0.573371095;L2;1.809502284
2415;1-Pentanol;Water;313.140055;0.635;0.57348388;0.573371095;L2;10.18951712
2415;1-Pentanol;Water;313.15;0.638;0.573484744;0.573371308;L2;10.66069487
2415;1-Pentanol;Water;313.15;0.628451045;0.573484744;0.573371308;L2;9.152679853
2415;1-Pentanol;Water;313.15;0.609678396;0.573484744;0.573371308;L2;6.12002638
2415;1-Pentanol;Water;313.15;0.6409;0.573484744;0.573371308;L2;11.11421038
2415;1-Pentanol;Water;313.15;0.6408;0.573484744;0.573371308;L2;11.09860611
2415;1-Pentanol;Water;313.339995;0.620988415;0.57350107;0.573375371;L2;7.955262332
2415;1-Pentanol;Water;314.639605;0.630397526;0.573603396;0.57340316;L2;9.441240419
2415;1-Pentanol;Water;318.15;0.653;0.573799164;0.573478222;L2;12.92976824
2415;1-Pentanol;Water;318.2;0.595268911;0.573801112;0.573479291;L2;3.673041263
2415;1-Pentanol;Water;318.2;0.61553242;0.573801112;0.573479291;L2;7.020477479
2415;1-Pentanol;Water;322.2;0.660656885;0.57388189;0.573564822;L2;14.08110112
2415;1-Pentanol;Water;323.127;0.6543;0.573879688;0.573584644;L2;13.11461904
2415;1-Pentanol;Water;323.137055;0.607590133;0.573879621;0.573584859;L2;5.708087583
2415;1-Pentanol;Water;323.15;0.6086;0.573879534;0.573585135;L2;5.874173371
2415;1-Pentanol;Water;323.15;0.6245;0.573879534;0.573585135;L2;8.453182581
2415;1-Pentanol;Water;323.15;0.617659278;0.573879534;0.573585135;L2;7.351747157
2415;1-Pentanol;Water;323.15;0.616;0.573879534;0.573585135;L2;7.082745978
2415;1-Pentanol;Water;323.15;0.62;0.573879534;0.573585135;L2;7.729997429
2415;1-Pentanol;Water;323.15;0.6245;0.573879534;0.573585135;L2;8.453182581
2415;1-Pentanol;Water;323.15;0.616;0.573879534;0.573585135;L2;7.082745978
2415;1-Pentanol;Water;329.135255;0.611309588;0.573679334;0.573649538;L2;6.353293367
2415;1-Pentanol;Water;333.124;0.6317;0.573372638;0.573140025;L2;9.687876499
2415;1-Pentanol;Water;333.13437;0.5297;0.573371664;0.573138701;L2;7.922332569
2415;1-Pentanol;Water;333.13437;0.5986;0.573371664;0.573138701;L2;4.305946118
2415;1-Pentanol;Water;333.15;0.558468806;0.573370194;0.573136704;L2;2.633280717
2415;1-Pentanol;Water;333.15;0.6091;0.573370194;0.573136704;L2;6.04508869
2415;1-Pentanol;Water;333.43431;0.593025645;0.5733431;0.573100387;L2;3.375332819
2415;1-Pentanol;Water;339.13317;0.59079416;0.572658101;0.572372428;L2;3.117880917
2415;1-Pentanol;Water;343.124;0.6057;0.572020866;0.571862649;L2;5.720934453
2415;1-Pentanol;Water;343.132055;0.575925373;0.572019451;0.57186162;L2;0.680509531
2415;1-Pentanol;Water;343.15;0.6018;0.572016297;0.571859328;L2;5.075768111
2415;1-Pentanol;Water;343.15;0.596;0.572016297;0.571859328;L2;4.107318398
2415;1-Pentanol;Water;346.631005;0.577647512;0.571356714;0.571307021;L2;1.095010967
2415;1-Pentanol;Water;353.123;0.5788;0.569877356;0.569613779;L2;1.553582276
2415;1-Pentanol;Water;353.129055;0.4838;0.569875827;0.5696122;L2;16.37468921
2415;1-Pentanol;Water;353.129055;0.556414878;0.569875827;0.5696122;L2;2.390429081
2415;1-Pentanol;Water;353.15;0.5695;0.569870539;0.569606737;L2;0.065042716
2415;1-Pentanol;Water;353.15;0.5778;0.569870539;0.569606737;L2;1.381857799
2415;1-Pentanol;Water;358.15;0.6;0.568515446;0.568302637;L2;5.390117288
2415;1-Pentanol;Water;358.15;0.6;0.568515446;0.568302637;L2;5.390117288
2415;1-Pentanol;Water;359.627105;0.548502478;0.568080258;0.567917378;L2;3.507091102
2415;1-Pentanol;Water;363.123;0.5497;0.566988116;0.566973206;L2;3.096566854
2415;1-Pentanol;Water;363.15;0.5453;0.566979345;0.566962927;L2;3.898677229
2415;1-Pentanol;Water;363.82623;0.537015997;0.566757967;0.566705473;L2;5.390446225
2415;1-Pentanol;Water;368.15;0.565;0.565267155;0.565059333;L2;0.047272865
2415;1-Pentanol;Water;368.15;0.565;0.565267155;0.565059333;L2;0.047272865
2415;1-Pentanol;Water;368.42353;0.481;0.5651685;0.564955195;L2;16.12566473
2415;1-Pentanol;Water;369.15;0.5265;0.564904;0.564678614;L2;7.040447416
2415;1-Pentanol;Water;373.124;0.5205;0.563393739;0.563165637;L2;7.918885375
2415;1-Pentanol;Water;373.15;0.5185;0.563383508;0.563155739;L2;8.302055449
2415;1-Pentanol;Water;378.15;0.5056;0.561332724;0.561252145;L2;10.45679783
2415;1-Pentanol;Water;383.126;0.489;0.559129865;0.558988457;L2;13.40192735
2415;1-Pentanol;Water;383.15;0.4913;0.559118855;0.558976709;L2;12.93071323
2415;1-Pentanol;Water;388.15;0.4804;0.55674569;0.556529232;L2;14.74894747
2415;1-Pentanol;Water;393.127;0.4561;0.554228767;0.554093014;L2;19.48654545
2415;1-Pentanol;Water;393.15;0.4725;0.554216782;0.554081755;L2;15.95181674
2415;1-Pentanol;Water;403.13;0.4217;0.548716444;0.548526331;L2;26.32876522
2415;1-Pentanol;Water;413.132;0.3846;0.542618621;0.542603547;L2;34.42028837
2415;1-Pentanol;Water;423.134;0.3451;0.535955907;0.535793376;L2;44.02176639
2415;1-Pentanol;Water;433.138;0.3029;0.528745385;0.528617152;L2;55.7104285
2415;1-Pentanol;Water;443.141;0.2548;0.521005342;0.520951909;L2;71.52813714
2415;1-Pentanol;Water;453.145;0.1714;0.512748362;0.51260279;L2;109.5785197
2444;Phenol;Water;273.15;0.015;0.01912292;0.019140856;L1;24.28374204
2444;Phenol;Water;273.15;0.012706672;0.01912292;0.019140856;L1;40.87604117
2444;Phenol;Water;273.15;0.014213985;0.01912292;0.019140856;L1;29.66612824
2444;Phenol;Water;273.15;0.0147;0.01912292;0.019140856;L1;26.30401278
2444;Phenol;Water;274.1494;0.014461588;0.019190248;0.019206526;L1;28.29062204
2444;Phenol;Water;274.44922;0.013773813;0.019210586;0.019226227;L1;33.26923242
2444;Phenol;Water;275.74844;0.013988338;0.019299463;0.019311598;L1;32.18533107
2444;Phenol;Water;276.24814;0.013773813;0.019333969;0.019344433;L1;33.90944415
2444;Phenol;Water;278.077042;0.01486742;0.019461793;0.019464609;L1;26.92809477
2444;Phenol;Water;279.34628;0.013773813;0.019551916;0.019555267;L1;35.0304083
2444;Phenol;Water;281.04526;0.013773813;0.019674371;0.019684906;L1;35.65476385
2444;Phenol;Water;281.74484;0.013988338;0.019725401;0.019738286;L1;34.36831999
2444;Phenol;Water;283.074042;0.015183493;0.019823335;0.01983971;L1;26.66509144
2444;Phenol;Water;283.144;0.01506;0.019828525;0.019845048;L1;27.50793199
2444;Phenol;Water;283.144;0.0155;0.019828525;0.019845048;L1;24.62815184
2444;Phenol;Water;283.144;0.01420323;0.019828525;0.019845048;L1;33.36521387
2444;Phenol;Water;283.148055;0.015935724;0.019828826;0.019845357;L1;21.85733377
2444;Phenol;Water;283.15;0.0156;0.01982897;0.019845506;L1;23.98730847
2444;Phenol;Water;283.74364;0.01420323;0.019873156;0.019890803;L1;33.59004672
2444;Phenol;Water;285.1428;0.015174823;0.019978314;0.019997564;L1;27.50096913
2444;Phenol;Water;286.1422;0.015443875;0.020054301;0.020073823;L1;26.12311619
2444;Phenol;Water;286.34208;0.01420323;0.020069586;0.020089074;L1;34.57361394
2444;Phenol;Water;288.141;0.0162;0.020208471;0.020226339;L1;22.10906542
2444;Phenol;Water;288.141;0.014418492;0.020208471;0.020226339;L1;33.75903471
2444;Phenol;Water;288.34088;0.014;0.02022405;0.020241591;L1;36.78151583
2444;Phenol;Water;290.93932;0.01694;0.020429255;0.020439862;L1;18.72902734
2444;Phenol;Water;291.23914;0.014634123;0.020453255;0.02046274;L1;33.47860358
2444;Phenol;Water;293.138;0.017;0.020606806;0.02060763;L1;19.24080563
2444;Phenol;Water;293.138;0.0172;0.020606806;0.02060763;L1;18.07120166
2444;Phenol;Water;293.138;0.016;0.020606806;0.02060763;L1;25.30326781
2444;Phenol;Water;293.138;0.017157;0.020606806;0.02060763;L1;18.32151468
2444;Phenol;Water;293.138;0.0166;0.020606806;0.02060763;L1;21.6218705
2444;Phenol;Water;293.14537;0.016153969;0.020607407;0.020608193;L1;24.34847976
2444;Phenol;Water;294.83732;0.014850124;0.020746508;0.020754294;L1;33.43697366
2444;Phenol;Water;295.73696;0.015283243;0.020821348;0.020832723;L1;30.92217985
2444;Phenol;Water;297.03644;0.015935724;0.02093053;0.020946008;L1;27.26454615
2444;Phenol;Water;298.136;0.017250875;0.021023916;0.021041864;L1;19.77977766
2444;Phenol;Water;298.136;0.0179;0.021023916;0.021041864;L1;16.08599305
2444;Phenol;Water;298.136;0.018298178;0.021023916;0.021041864;L1;13.88591513
2444;Phenol;Water;298.136;0.017819;0.021023916;0.021041864;L1;16.53953396
2444;Phenol;Water;298.136;0.017277318;0.021023916;0.021041864;L1;19.62661004
2444;Phenol;Water;298.14437;0.0153;0.02102463;0.021042594;L1;31.7841795
2444;Phenol;Water;298.14437;0.008733132;0.02102463;0.021042594;L1;87.8570555
2444;Phenol;Water;298.15;0.017;0.021025111;0.021043084;L1;21.25041364
2444;Phenol;Water;298.15;0.0174;0.021025111;0.021043084;L1;18.92472742
2444;Phenol;Water;298.15;0.015600362;0.021025111;0.021043084;L1;29.84233613
2444;Phenol;Water;298.15;0.0172;0.021025111;0.021043084;L1;20.08080966
2444;Phenol;Water;298.2;0.016964765;0.02102938;0.021047443;L1;21.47819555
2444;Phenol;Water;298.5;0.018;0.021055034;0.021073596;L1;15.67679038
2444;Phenol;Water;298.53584;0.017250875;0.021058103;0.021076721;L1;19.94225635
2444;Phenol;Water;299.33552;0.015283243;0.021126844;0.021146435;L1;32.37874674
2444;Phenol;Water;301.43468;0.015283243;0.021309627;0.021329434;L1;33.24019539
2444;Phenol;Water;302.73416;0.015283243;0.021424486;0.021442718;L1;33.77774784
2444;Phenol;Water;302.93408;0.0164;0.021442273;0.021460147;L1;26.80830248
2444;Phenol;Water;303.134;0.0176;0.021460091;0.021477575;L1;19.8296097
2444;Phenol;Water;303.134;0.015954817;0.021460091;0.021477575;L1;29.64342092
2444;Phenol;Water;303.134;0.018;0.021460091;0.021477575;L1;17.58232412
2444;Phenol;Water;303.134;0.0183;0.021460091;0.021477575;L1;15.92939392
2444;Phenol;Water;303.134;0.0184;0.021460091;0.021477575;L1;15.38443345
2444;Phenol;Water;303.134;0.018135275;0.021460091;0.021477575;L1;16.83360624
2444;Phenol;Water;303.134;0.019064;0.021460091;0.021477575;L1;11.83932593
2444;Phenol;Water;303.143055;0.017250875;0.021460899;0.021478365;L1;21.83697728
2444;Phenol;Water;303.15;0.0184;0.021461519;0.02147897;L1;15.39108457
2444;Phenol;Water;303.18398;0.0176;0.021464551;0.021481933;L1;19.85038776
2444;Phenol;Water;303.83372;0.015283243;0.021522701;0.021538575;L1;34.23512438
2444;Phenol;Water;305.633;0.016372592;0.02168546;0.021695431;L1;28.10332949
2444;Phenol;Water;306.03284;0.01902;0.021721976;0.021730288;L1;13.28333922
2444;Phenol;Water;306.03284;0.019025855;0.021721976;0.021730288;L1;13.25256057
2444;Phenol;Water;307.1324;0.0207;0.021823046;0.021826144;L1;5.283285903
2444;Phenol;Water;307.23236;0.015500362;0.021832281;0.021834859;L1;34.25262966
2444;Phenol;Water;307.43228;0.015500362;0.021850777;0.021852287;L1;34.33730821
2444;Phenol;Water;307.5;0.019;0.021857049;0.021858191;L1;14.00844889
2444;Phenol;Water;308.132;0.0193;0.021915762;0.021917812;L1;12.71009968
2444;Phenol;Water;308.132;0.019042;0.021915762;0.021917812;L1;14.05590268
2444;Phenol;Water;308.132;0.0195;0.021915762;0.021917812;L1;11.67916271
2444;Phenol;Water;308.15;0.0195;0.021917439;0.021919588;L1;11.686814
2444;Phenol;Water;308.73176;0.015717855;0.021971776;0.021976998;L1;33.49613985
2444;Phenol;Water;310.93088;0.020825819;0.022179632;0.022194013;L1;6.298087226
2444;Phenol;Water;310.93088;0.020825819;0.022179632;0.022194013;L1;6.298087226
2444;Phenol;Water;311.1308;0.01959;0.022198722;0.022213741;L1;12.50154867
2444;Phenol;Water;311.33072;0.0197;0.022217845;0.02223347;L1;12.02771428
2444;Phenol;Water;311.620604;0.01979;0.02224563;0.022262076;L1;11.69688313
2444;Phenol;Water;311.83052;0.015935724;0.022265794;0.022282791;L1;33.4488196
2444;Phenol;Water;311.93048;0.015935724;0.022275408;0.022292656;L1;33.49198909
2444;Phenol;Water;313.13;0.02;0.022391416;0.022411027;L1;11.29453858
2444;Phenol;Water;313.13;0.0205;0.022391416;0.022411027;L1;8.825277321
2444;Phenol;Water;313.13;0.021735335;0.022391416;0.022411027;L1;2.973838211
2444;Phenol;Water;313.13;0.0203;0.022391416;0.022411027;L1;9.805677331
2444;Phenol;Water;313.15;0.0214;0.02239336;0.022413001;L1;4.537356358
2444;Phenol;Water;313.15;0.019821475;0.02239336;0.022413001;L1;12.19985397
2444;Phenol;Water;313.15;0.0207;0.02239336;0.022413001;L1;7.863078534
2444;Phenol;Water;313.4;0.02;0.022417691;0.022437672;L1;11.41181366
2444;Phenol;Water;313.52988;0.020825819;0.022430351;0.022450489;L1;7.422149763
2444;Phenol;Water;313.52988;0.0208;0.022430351;0.022450489;L1;7.546202594
2444;Phenol;Water;314.62955;0.0211;0.022538104;0.022559007;L1;6.593436057
2444;Phenol;Water;315.4;0.020803163;0.022614195;0.022635037;L1;8.347275885
2444;Phenol;Water;315.52928;0.0208;0.022627011;0.022647795;L1;8.419138931
2444;Phenol;Water;316.878875;0.0218;0.022761637;0.022780976;L1;4.316657433
2444;Phenol;Water;316.92886;0.021;0.022766653;0.022785909;L1;8.077442978
2444;Phenol;Water;317.52868;0.02269;0.022827002;0.022845101;L1;0.601983884
2444;Phenol;Water;317.52868;0.0214;0.022827002;0.022845101;L1;6.455321561
2444;Phenol;Water;317.52868;0.02274;0.022827002;0.022845101;L1;0.381864931
2444;Phenol;Water;317.62865;0.017913598;0.02283709;0.022854966;L1;24.28258718
2444;Phenol;Water;317.92856;0.02184;0.022867404;0.022884562;L1;4.596932359
2444;Phenol;Water;318.1285;0.021279776;0.022887655;0.022904292;L1;7.284054116
2444;Phenol;Water;318.1285;0.0222;0.022887655;0.022904292;L1;3.050539038
2444;Phenol;Water;318.15;0.0217;0.022889835;0.022906414;L1;5.338064877
2444;Phenol;Water;318.82829;0.020147872;0.022958801;0.02297335;L1;13.06026957
2444;Phenol;Water;319.1282;0.02276;0.02298942;0.023002945;L1;1.00295057
2444;Phenol;Water;319.1282;0.022;0.02298942;0.023002945;L1;4.39916616
2444;Phenol;Water;319.32814;0.018579788;0.023009875;0.023022676;L1;21.38491489
2444;Phenol;Water;319.62805;0.02345;0.023040621;0.023052272;L1;1.761168541
2444;Phenol;Water;319.8;0.0226;0.023058284;0.02306924;L1;2.007519654
2444;Phenol;Water;319.82799;0.0238;0.023061162;0.023072003;L1;3.153569159
2444;Phenol;Water;319.92796;0.02368;0.023071445;0.023081868;L1;2.603512018
2444;Phenol;Water;321.1276;0.026381001;0.02319551;0.023200251;L1;12.86853763
2444;Phenol;Water;321.62745;0.02333;0.023247568;0.023249578;L1;0.353957672
2444;Phenol;Water;322.62715;0.019697886;0.023352335;0.023355739;L1;17.01856549
2444;Phenol;Water;322.92706;0.0254;0.023383935;0.023389024;L1;8.269992188
2444;Phenol;Water;323.127;0.024;0.023405046;0.023411214;L1;2.510220323
2444;Phenol;Water;323.127;0.0254;0.023405046;0.023411214;L1;8.179754691
2444;Phenol;Water;323.127;0.024269951;0.023405046;0.023411214;L1;3.628737367
2444;Phenol;Water;323.127;0.0256;0.023405046;0.023411214;L1;8.964072437
2444;Phenol;Water;323.127;0.023;0.023405046;0.023411214;L1;1.745741119
2444;Phenol;Water;323.146994;0.02553;0.023407159;0.023413433;L1;8.681232918
2444;Phenol;Water;323.15;0.0242;0.023407476;0.023413767;L1;3.329715805
2444;Phenol;Water;323.15;0.024754823;0.023407476;0.023413767;L1;5.596486361
2444;Phenol;Water;323.42691;0.0254;0.023436774;0.023444499;L1;8.044286042
2444;Phenol;Water;324.52658;0.026617672;0.023553792;0.023566545;L1;12.22885163
2444;Phenol;Water;324.52658;0.0266;0.023553792;0.023566545;L1;12.1624376
2444;Phenol;Water;324.8;0.0258;0.023583053;0.02359689;L1;8.984614573
2444;Phenol;Water;325.02643;0.0267;0.023607334;0.02362202;L1;12.31061229
2444;Phenol;Water;326.22607;0.02785;0.023736738;0.023755161;L1;15.98089977
2444;Phenol;Water;326.32604;0.02737;0.023747579;0.023766256;L1;14.19669233
2444;Phenol;Water;326.62595;0.02821;0.023780157;0.023799541;L1;17.08250323
2444;Phenol;Water;326.72592;0.02828;0.023791034;0.023810636;L1;17.28460569
2444;Phenol;Water;326.92586;0.02842;0.023812815;0.023832826;L1;17.68692446
2444;Phenol;Water;327.1258;0.0279;0.023834632;0.023855016;L1;15.74870519
2444;Phenol;Water;328.1255;0.0299;0.023944254;0.023965967;L1;22.21301114
2444;Phenol;Water;328.1255;0.023805421;0.023944254;0.023965967;L1;0.581504114
2444;Phenol;Water;328.135555;0.029733598;0.023945361;0.023967083;L1;21.65030454
2444;Phenol;Water;328.52538;0.03004;0.023988355;0.024010347;L1;22.49613224
2444;Phenol;Water;328.62535;0.025438556;0.023999403;0.024021442;L1;5.823703042
2444;Phenol;Water;328.62535;0.024269951;0.023999403;0.024021442;L1;1.121005535
2444;Phenol;Water;329.02523;0.0327;0.024043685;0.024065822;L1;30.75026948
2444;Phenol;Water;329.62505;0.0314;0.02411038;0.024132393;L1;26.41654224
2444;Phenol;Water;329.72502;0.031688008;0.024121528;0.024143488;L1;27.28335832
2444;Phenol;Water;330.32484;0.02975;0.024188607;0.024210058;L1;20.69474052
2444;Phenol;Water;330.42481;0.03234;0.024199819;0.024221153;L1;28.99597193
2444;Phenol;Water;330.42481;0.03279;0.024199819;0.024221153;L1;30.3778456
2444;Phenol;Water;330.42481;0.032676004;0.024199819;0.024221153;L1;30.02958511
2444;Phenol;Water;330.52478;0.032;0.024211039;0.024232248;L1;27.8927202
2444;Phenol;Water;330.72472;0.03284;0.024233509;0.024254438;L1;30.39109484
2444;Phenol;Water;331.5;0.029;0.024320983;0.024340482;L1;17.59563532
2444;Phenol;Water;331.52448;0.032;0.024323754;0.024343199;L1;27.42824939
2444;Phenol;Water;331.72442;0.03459;0.024346408;0.024365389;L1;35.11803096
2444;Phenol;Water;331.82439;0.03434;0.024357748;0.024376484;L1;34.34608452
2444;Phenol;Water;331.9;0.032676004;0.024366332;0.024384876;L1;29.34386483
2444;Phenol;Water;331.92436;0.03558;0.024369098;0.024387579;L1;37.84678121
2444;Phenol;Water;332.82409;0.037727126;0.024471665;0.024487435;L1;43.28634346
2444;Phenol;Water;332.92406;0.029249434;0.024483108;0.02449853;L1;17.78768126
2444;Phenol;Water;333.02403;0.030219527;0.02449456;0.024509625;L1;21.00372511
2444;Phenol;Water;333.124;0.0354;0.024506022;0.02452072;L1;36.77929548
2444;Phenol;Water;333.124;0.033446718;0.024506022;0.02452072;L1;31.10347999
2444;Phenol;Water;333.124;0.033;0.024506022;0.02452072;L1;29.75886962
2444;Phenol;Water;333.124;0.038;0.024506022;0.02452072;L1;43.86672944
2444;Phenol;Water;333.15;0.038240092;0.024509004;0.024523605;L1;44.48439346
2444;Phenol;Water;333.224;0.0377;0.024517496;0.024531818;L1;43.02731149
2444;Phenol;Water;333.224;0.03462;0.024517496;0.024531818;L1;34.50445702
2444;Phenol;Water;333.624;0.030219527;0.024563487;0.024576212;L1;20.72272518
2444;Phenol;Water;333.824;0.0388;0.024586538;0.024598408;L1;45.62211813
2444;Phenol;Water;333.914214;0.0415;0.024596948;0.024608421;L1;52.30710406
2444;Phenol;Water;334.224;0.03867;0.024632754;0.024642802;L1;45.09870785
2444;Phenol;Water;334.224;0.03823;0.024632754;0.024642802;L1;43.95435206
2444;Phenol;Water;334.824;0.04;0.024702361;0.024709392;L1;48.19806307
2444;Phenol;Water;334.924;0.032676004;0.024713998;0.024720491;L1;27.92712009
2444;Phenol;Water;335.024;0.05678;0.024725641;0.024731589;L1;83.13433606
2444;Phenol;Water;335.124;0.047313116;0.024737294;0.024742687;L1;64.84755866
2444;Phenol;Water;335.124;0.0395;0.024737294;0.024742687;L1;46.79887075
2444;Phenol;Water;335.124;0.036;0.024737294;0.024742687;L1;37.52069741
2444;Phenol;Water;335.124;0.04232;0.024737294;0.024742687;L1;53.69478232
2444;Phenol;Water;335.124;0.032676004;0.024737294;0.024742687;L1;27.83290215
2444;Phenol;Water;335.424;0.045669219;0.024772309;0.024775983;L1;61.16980652
2444;Phenol;Water;335.424;0.04168;0.024772309;0.024775983;L1;52.02949366
2444;Phenol;Water;335.424;0.045669219;0.024772309;0.024775983;L1;61.16980652
2444;Phenol;Water;335.524;0.04198;0.024784;0.024787081;L1;52.69950357
2444;Phenol;Water;335.624;0.04339;0.0247957;0.024798179;L1;55.95587348
2444;Phenol;Water;335.624;0.04184;0.0247957;0.024798179;L1;52.31825548
2444;Phenol;Water;335.813834;0.0446;0.024817938;0.024819248;L1;58.61671563
2444;Phenol;Water;335.864;0.0439;0.02482382;0.024824815;L1;57.01106247
2444;Phenol;Water;336.024;0.0457;0.024842598;0.024842573;L1;60.95384679
2444;Phenol;Water;336.024;0.045669219;0.024842598;0.024842573;L1;60.88646961
2444;Phenol;Water;336.224;0.058483292;0.024866104;0.024866786;L1;85.52355183
2444;Phenol;Water;336.324;0.0457;0.024877871;0.024879219;L1;60.81195869
2444;Phenol;Water;336.424;0.04607;0.024889649;0.024891652;L1;61.57099827
2444;Phenol;Water;336.524;0.04509;0.024901435;0.024904085;L1;59.37350547
2444;Phenol;Water;336.524;0.04755;0.024901435;0.024904085;L1;64.68563512
2444;Phenol;Water;336.524;0.059979225;0.024901435;0.024904085;L1;87.90728145
2444;Phenol;Water;336.7;0.035;0.024922203;0.024925967;L1;33.9588962
2444;Phenol;Water;336.9;0.045750962;0.024945839;0.024950832;L1;60.65057675
2444;Phenol;Water;336.924;0.04941;0.024948678;0.024953816;L1;68.33319838
2444;Phenol;Water;337.124;0.041;0.024972358;0.024978682;L1;49.58025473
2444;Phenol;Water;337.124;0.0457;0.024972358;0.024978682;L1;60.43287785
2444;Phenol;Water;337.493498;0.0533;0.025016203;0.025024621;L1;75.64126019
2444;Phenol;Water;337.524;0.0526;0.025019828;0.025028414;L1;74.30474757
2444;Phenol;Water;337.724;0.075483573;0.025043623;0.025053279;L1;110.3295851
2444;Phenol;Water;337.724;0.055;0.025043623;0.025053279;L1;78.67139798
2444;Phenol;Water;338.124;0.052;0.025091327;0.025103011;L1;72.87214658
2444;Phenol;Water;338.124;3.26E-05;0.025091327;0.025103011;L1;664.5965243
2444;Phenol;Water;338.124;0.041641537;0.025091327;0.025103011;L1;50.65759019
2444;Phenol;Water;338.124;0.041641537;0.025091327;0.025103011;L1;50.65759019
2444;Phenol;Water;338.13337;0.056414151;0.025092446;0.025104176;L1;81.01531688
2444;Phenol;Water;338.194;0.05751;0.025099691;0.025111714;L1;82.91032957
2444;Phenol;Water;338.324;0.065492441;0.025115238;0.025127877;L1;95.84599934
2444;Phenol;Water;338.324;0.06142;0.025115238;0.025127877;L1;89.4260777
2444;Phenol;Water;338.324;0.066117694;0.025115238;0.025127877;L1;96.79616583
2444;Phenol;Water;338.324;0.0906;0.025115238;0.025127877;L1;128.2979475
2444;Phenol;Water;338.38332;0.0636;0.025122337;0.025135252;L1;92.88561024
2444;Phenol;Water;338.424;0.073367144;0.025127207;0.02514031;L1;107.1524986
2444;Phenol;Water;338.424;0.080868775;0.025127207;0.02514031;L1;116.8876559
2444;Phenol;Water;338.524;0.089285994;0.025139187;0.025152743;L1;126.7416772
2444;Phenol;Water;338.524;0.091184785;0.025139187;0.025152743;L1;128.846019
2444;Phenol;Water;338.524;0.082635672;0.025139187;0.025152743;L1;119.001359
2444;Phenol;Water;338.524;0.045669219;0.025139187;0.025152743;L1;59.69966643
2444;Phenol;Water;338.524;0.0693;0.025139187;0.025152743;L1;101.4017044
2444;Phenol;Water;338.524;0.0592;0.025139187;0.025152743;L1;85.64936801
2444;Phenol;Water;338.624;0.093;0.025151176;0.025165175;L1;130.7694836
2444;Phenol;Water;338.624;0.093;0.025151176;0.025165175;L1;130.7694836
2444;Phenol;Water;338.624;0.097206559;0.025151176;0.025165175;L1;135.1933532
2444;Phenol;Water;338.63327;0.093440597;0.025152288;0.025166328;L1;131.2377044
2444;Phenol;Water;338.674;0.0821;0.025157174;0.025171392;L1;118.2794899
2444;Phenol;Water;338.703256;0.0827;0.025160685;0.025175029;L1;118.9936938
2444;Phenol;Water;338.724;0.059979225;0.025163175;0.025177608;L1;86.86166345
2444;Phenol;Water;338.724;0.075816878;0.025163175;0.025177608;L1;110.2939315
2444;Phenol;Water;338.803236;0.0914;0.025172689;0.02518746;L1;128.9485823
2444;Phenol;Water;338.824;0.089758627;0.025175184;0.025190041;L1;127.1265407
2444;Phenol;Water;338.914;0.06853;0.025186;0.025201231;L1;100.0983323
2444;Phenol;Water;338.914;0.07649;0.025186;0.025201231;L1;111.0871731
2444;Phenol;Water;338.924;0.06319;0.025187202;0.025202474;L1;91.98100433
2444;Phenol;Water;338.924;0.093440597;0.025187202;0.025202474;L1;131.0989891
2444;Phenol;Water;338.964;0.08341;0.025192012;0.025207447;L1;119.7241232
2444;Phenol;Water;338.964;0.0906;0.025192012;0.025207447;L1;127.9927239
2444;Phenol;Water;338.974;0.0897;0.025193215;0.025208691;L1;126.9896052
2444;Phenol;Water;338.974;0.0897;0.025193215;0.025208691;L1;126.9896052
2444;Phenol;Water;338.984;0.08538;0.025194418;0.025209934;L1;122.048942
2444;Phenol;Water;339.0071952;0.0976;0.025197208;0.025212818;L1;135.4144281
2444;Phenol;Water;339.0071952;0.0976;0.025197208;0.025212818;L1;135.4144281
2444;Phenol;Water;339.024;0.058;0.02519923;0.025214907;L1;83.36295542
2444;Phenol;Water;339.024;0.08036;0.02519923;0.025214907;L1;115.9703084
2444;Phenol;Water;339.024;0.0882;0.02519923;0.025214907;L1;125.2793507
2444;Phenol;Water;339.124;0.06847;0.025211268;0.02522734;L1;99.91046446
2444;Phenol;Water;339.124;0.052;0.025211268;0.02522734;L1;72.395267
2444;Phenol;Water;339.124;0.0588;0.025211268;0.02522734;L1;84.68508064
2444;Phenol;Water;339.124;0.0922;0.025211268;0.02522734;L1;129.6669082
2444;Phenol;Water;339.124;0.0922;0.025211268;0.02522734;L1;129.6669082
2444;Phenol;Water;339.134;0.07292;0.025212473;0.025228583;L1;106.2024133
2444;Phenol;Water;339.184;0.09419;0.025218496;0.0252348;L1;131.7736335
2444;Phenol;Water;339.184;0.09419;0.025218496;0.0252348;L1;131.7736335
2444;Phenol;Water;339.184;0.07895;0.025218496;0.0252348;L1;114.1237057
2444;Phenol;Water;339.224;0.07276;0.025223316;0.025239773;L1;105.9397548
2444;Phenol;Water;339.424;0.044313771;0.025247441;0.025264639;L1;56.25706879
2444;Phenol;Water;339.574;0.0942;0.02526556;0.025283288;L1;131.5977971
2444;Phenol;Water;339.574;0.0942;0.02526556;0.025283288;L1;131.5977971
2444;Phenol;Water;339.924;0.09158929;0.025307924;0.025326803;L1;128.6196785
2444;Phenol;Water;340.124;0.061;0.025332186;0.025351669;L1;87.87980873
2444;Phenol;Water;341.124;0.081;0.025454089;0.025475998;L1;115.7572773
2444;Phenol;Water;341.424;0.099;0.025490852;0.025513296;L1;135.6800199
2444;Phenol;Water;273.15;0.37;0.507688746;0.507521887;L2;31.63655495
2444;Phenol;Water;273.15;0.37;0.507688746;0.507521887;L2;31.63655495
2444;Phenol;Water;274.44922;0.377396873;0.507447038;0.507301971;L2;29.60950002
2444;Phenol;Water;275.74844;0.37228693;0.507194483;0.507082054;L2;30.92296508
2444;Phenol;Water;276.24814;0.371022704;0.507094482;0.506997471;L2;31.24340838
2444;Phenol;Water;278.2;0.361;0.506688783;0.506667083;L2;33.90190166
2444;Phenol;Water;279.34628;0.362317975;0.506439432;0.506410403;L2;33.48825245
2444;Phenol;Water;281.04526;0.35745489;0.506054892;0.505967421;L2;34.76359735
2444;Phenol;Water;281.74484;0.37228693;0.505891423;0.505785017;L2;30.6657193
2444;Phenol;Water;283.144;0.35625143;0.505555577;0.505420208;L2;35.00212319
2444;Phenol;Water;283.144;0.351;0.505555577;0.505420208;L2;36.4871754
2444;Phenol;Water;283.144;0.3449;0.505555577;0.505420208;L2;38.24034576
2444;Phenol;Water;283.15;0.3699;0.505554112;0.505418644;L2;31.24223795
2444;Phenol;Water;283.74364;0.352670125;0.505408031;0.505263862;L2;35.98329548
2444;Phenol;Water;285.1428;0.329857455;0.50505539;0.504899053;L2;42.60075003
2444;Phenol;Water;285.34268;0.343;0.505004063;0.504846938;L2;38.68360278
2444;Phenol;Water;285.84238;0.364779492;0.504874705;0.504716649;L2;32.50172499
2444;Phenol;Water;286.34208;0.347961804;0.504743873;0.50458636;L2;37.19584033
2444;Phenol;Water;288.141;0.337638259;0.50426073;0.504117321;L2;40.11183727
2444;Phenol;Water;288.141;0.341;0.50426073;0.504117321;L2;39.12109781
2444;Phenol;Water;288.141;0.337638259;0.50426073;0.504117321;L2;40.11183727
2444;Phenol;Water;288.141;0.338;0.50426073;0.504117321;L2;40.00475599
2444;Phenol;Water;290.2;0.339;0.503684617;0.50358047;L2;39.59502048
2444;Phenol;Water;291.1392;0.335912;0.503413709;0.503335589;L2;40.45630944
2444;Phenol;Water;291.23914;0.335393451;0.503384586;0.503309531;L2;40.60501392
2444;Phenol;Water;293.138;0.3276;0.502820403;0.502814434;L2;42.84397027
2444;Phenol;Water;293.138;0.33251;0.502820403;0.502814434;L2;41.35631198
2444;Phenol;Water;293.138;0.3276;0.502820403;0.502814434;L2;42.84397027
2444;Phenol;Water;293.138;0.33;0.502820403;0.502814434;L2;42.11404002
2444;Phenol;Water;293.138;0.327;0.502820403;0.502814434;L2;43.02728837
2444;Phenol;Water;293.138;0.329528701;0.502820403;0.502814434;L2;42.25695998
2444;Phenol;Water;293.138;0.3315;0.502820403;0.502814434;L2;41.6605245
2444;Phenol;Water;293.73776;0.32336;0.502637964;0.502619813;L2;44.11039042
2444;Phenol;Water;294.83732;0.332058948;0.502298204;0.502242469;L2;41.38814676
2444;Phenol;Water;295.73696;0.329857455;0.502015183;0.501933732;L2;41.99697584
2444;Phenol;Water;296.93648;0.3173;0.501630803;0.501522083;L2;45.80166986
2444;Phenol;Water;297.03644;0.321219304;0.50159841;0.501487779;L2;44.56757401
2444;Phenol;Water;298.136;0.32314;0.501238442;0.501110435;L2;43.89962533
2444;Phenol;Water;298.136;0.322;0.501238442;0.501110435;L2;44.25303736
2444;Phenol;Water;298.136;0.322284642;0.501238442;0.501110435;L2;44.16467827
2444;Phenol;Water;298.14437;0.325505203;0.501235676;0.501107562;L2;43.16979551
2444;Phenol;Water;298.14437;0.3189;0.501235676;0.501107562;L2;45.21988272
2444;Phenol;Water;298.15;0.3123;0.501233815;0.50110563;L2;47.3108425
2444;Phenol;Water;298.15;0.317585352;0.501233815;0.50110563;L2;45.63260819
2444;Phenol;Water;298.15;0.3269;0.501233815;0.50110563;L2;42.74183755
2444;Phenol;Water;298.15;0.328;0.501233815;0.50110563;L2;42.40590809
2444;Phenol;Water;298.2;0.314807667;0.501217286;0.501088471;L2;46.50778398
2444;Phenol;Water;298.53584;0.322284642;0.501105891;0.500973218;L2;44.13823008
2444;Phenol;Water;299.33552;0.316998253;0.500838149;0.500698786;L2;45.73867307
2444;Phenol;Water;299.6;0.311;0.500748826;0.500608022;L2;47.63117175
2444;Phenol;Water;301.43468;0.310785083;0.500118681;0.4999784;L2;47.57438111
2444;Phenol;Water;302.53424;0.308744895;0.499732256;0.499601056;L2;48.15571131
2444;Phenol;Water;302.53424;0.308744895;0.499732256;0.499601056;L2;48.15571131
2444;Phenol;Water;302.73416;0.315952951;0.499661293;0.499532448;L2;45.83371415
2444;Phenol;Water;302.93408;0.309;0.499590114;0.49946384;L2;48.0446714
2444;Phenol;Water;303.134;0.302615174;0.49951872;0.499395231;L2;50.11831296
2444;Phenol;Water;303.134;0.302;0.49951872;0.499395231;L2;50.32180578
2444;Phenol;Water;303.134;0.30222;0.49951872;0.499395231;L2;50.24898461
2444;Phenol;Water;303.134;0.3007;0.49951872;0.499395231;L2;50.75319851
2444;Phenol;Water;303.134;0.30471;0.49951872;0.499395231;L2;49.42845705
2444;Phenol;Water;303.134;0.3077;0.49951872;0.499395231;L2;48.45197928
2444;Phenol;Water;303.134;0.30824;0.49951872;0.499395231;L2;48.27663748
2444;Phenol;Water;303.18398;0.30471;0.49950084;0.499378079;L2;49.42487749
2444;Phenol;Water;303.18398;0.30222;0.49950084;0.499378079;L2;50.24540506
2444;Phenol;Water;303.33392;0.301;0.499447112;0.499326623;L2;50.63914468
2444;Phenol;Water;303.83372;0.303710331;0.499267147;0.499155103;L2;49.70669285
2444;Phenol;Water;305.633;0.298767852;0.498608178;0.49853763;L2;51.21537151
2444;Phenol;Water;307.23236;0.293914953;0.498007929;0.497988765;L2;52.73255492
2444;Phenol;Water;307.43228;0.291998332;0.497931935;0.497920157;L2;53.37153018
2444;Phenol;Water;308.132;0.29181;0.497664314;0.497650029;L2;53.38228758
2444;Phenol;Water;308.132;0.292;0.497664314;0.497650029;L2;53.3171979
2444;Phenol;Water;308.132;0.2856;0.497664314;0.497650029;L2;55.53335508
2444;Phenol;Water;308.4;0.293;0.497561135;0.497537615;L2;52.95458246
2444;Phenol;Water;308.73176;0.289149221;0.497432892;0.497398457;L2;54.25177664
2444;Phenol;Water;309.33152;0.2826;0.497199507;0.497146886;L2;56.49588976
2444;Phenol;Water;311.33072;0.28;0.496408018;0.496308314;L2;57.26086026
2444;Phenol;Water;311.6306;0.276;0.496287488;0.496182529;L2;58.67545065
2444;Phenol;Water;311.6306;0.276249402;0.496287488;0.496182529;L2;58.58512841
2444;Phenol;Water;311.83052;0.278053351;0.496206874;0.496098671;L2;57.9179919
2444;Phenol;Water;311.93048;0.276249402;0.496166489;0.496056743;L2;58.56074447
2444;Phenol;Water;313.13;0.279;0.495677805;0.4955536;L2;57.47143473
2444;Phenol;Water;313.13;0.27815;0.495677805;0.4955536;L2;57.77655926
2444;Phenol;Water;313.13;0.275;0.495677805;0.4955536;L2;58.91550314
2444;Phenol;Water;313.13;0.2717;0.495677805;0.4955536;L2;60.12276127
2444;Phenol;Water;313.13;0.278053351;0.495677805;0.4955536;L2;57.81131238
2444;Phenol;Water;313.15;0.2755;0.495669594;0.495545211;L2;58.73219341
2444;Phenol;Water;313.15;0.2756;0.495669594;0.495545211;L2;58.69590235
2444;Phenol;Water;313.15;0.275683774;0.495669594;0.495545211;L2;58.66551002
2444;Phenol;Water;313.7;0.275;0.495442962;0.495314511;L2;58.86811367
2444;Phenol;Water;314.1297;0.268;0.49526481;0.495134272;L2;61.4105608
2444;Phenol;Water;314.22967;0.265;0.495223225;0.495092339;L2;62.52787938
2444;Phenol;Water;314.52958;0.2655;0.495098159;0.494966541;L2;62.31412034
2444;Phenol;Water;315.1294;0.2648;0.494846633;0.494714945;L2;62.52730583
2444;Phenol;Water;315.42931;0.2643;0.494720171;0.494589146;L2;62.69074708
2444;Phenol;Water;315.52928;0.271;0.494677914;0.494547213;L2;60.17880516
2444;Phenol;Water;315.82919;0.25973;0.494550833;0.494421415;L2;64.40073132
2444;Phenol;Water;315.979145;0.2647;0.494487121;0.494358516;L2;62.49239966
2444;Phenol;Water;315.989142;0.2626;0.494482869;0.494354323;L2;63.28805456
2444;Phenol;Water;316.65;0.262430701;0.494200661;0.494077123;L2;63.29545806
2444;Phenol;Water;317.52868;0.267;0.493821957;0.493708558;L2;61.49263834
2444;Phenol;Water;317.62865;0.262260551;0.493778619;0.493666625;L2;63.27487987
2444;Phenol;Water;318.1285;0.26243;0.493561162;0.493456961;L2;63.16624074
2444;Phenol;Water;318.1285;0.261157395;0.493561162;0.493456961;L2;63.65235156
2444;Phenol;Water;318.15;0.26;0.49355178;0.493447943;L2;64.09461466
2444;Phenol;Water;318.82829;0.257209436;0.49325457;0.493163432;L2;65.11347301
2444;Phenol;Water;319.1282;0.251;0.493122404;0.493037634;L2;67.53044884
2444;Phenol;Water;319.32814;0.253898456;0.493034038;0.492953768;L2;66.36438071
2444;Phenol;Water;319.52808;0.262260551;0.492945468;0.492869902;L2;63.10600759
2444;Phenol;Water;319.52808;0.262260551;0.492945468;0.492869902;L2;63.10600759
2444;Phenol;Water;319.62805;0.257;0.492901106;0.49282797;L2;65.12324727
2444;Phenol;Water;321.1276;0.245812005;0.492229589;0.492198978;L2;69.4378216
2444;Phenol;Water;321.1276;0.2434;0.492229589;0.492198978;L2;70.42390719
2444;Phenol;Water;321.62745;0.2417;0.492003171;0.491989314;L2;71.07878734
2444;Phenol;Water;321.62745;0.2428;0.492003171;0.491989314;L2;70.6247102
2444;Phenol;Water;321.72742;0.2486;0.491957737;0.491947381;L2;68.25476326
2444;Phenol;Water;322.62715;0.244226597;0.491546579;0.491525951;L2;69.94602333
2444;Phenol;Water;323.127;0.2349;0.491316408;0.491280224;L2;73.7928445
2444;Phenol;Water;323.127;0.243;0.491316408;0.491280224;L2;70.40268934
2444;Phenol;Water;323.127;0.237987788;0.491316408;0.491280224;L2;72.48689753
2444;Phenol;Water;323.127;0.238;0.491316408;0.491280224;L2;72.4817663
2444;Phenol;Water;323.15;0.242;0.491305787;0.491268917;L2;70.81289924
2444;Phenol;Water;323.15;0.238241937;0.491305787;0.491268917;L2;72.37800192
2444;Phenol;Water;323.42691;0.246;0.491177631;0.491132788;L2;69.1474301
2444;Phenol;Water;323.72682;0.2349;0.491038445;0.490985352;L2;73.73625315
2444;Phenol;Water;324.1267;0.2341;0.490852156;0.49078877;L2;74.03945993
2444;Phenol;Water;324.1267;0.2377;0.490852156;0.49078877;L2;72.51335994
2444;Phenol;Water;324.22667;0.2366;0.490805456;0.490739625;L2;72.96768786
2444;Phenol;Water;325.42631;0.2272;0.490241126;0.49014988;L2;76.90666775
2444;Phenol;Water;325.72622;0.2285;0.490098907;0.490002444;L2;76.30710118
2444;Phenol;Water;325.8;0.231;0.490063851;0.489966173;L2;75.21179797
2444;Phenol;Water;326.1261;0.231533988;0.489908578;0.489805862;L2;74.94921191
2444;Phenol;Water;326.62595;0.223148863;0.48966953;0.489560135;L2;78.58916393
2444;Phenol;Water;326.82589;0.223;0.489573558;0.489461844;L2;78.63629516
2444;Phenol;Water;327.52568;0.2119;0.489236074;0.489117826;L2;83.67306772
2444;Phenol;Water;327.955551;0.2175;0.48902754;0.488906501;L2;81.02199556
2444;Phenol;Water;328.1255;0.219494073;0.488944842;0.488822954;L2;80.09244548
2444;Phenol;Water;328.1255;0.2181;0.488944842;0.488822954;L2;80.72960115
2444;Phenol;Water;328.135555;0.217371206;0.488939944;0.488818011;L2;81.06331494
2444;Phenol;Water;328.15;0.2165;0.488932907;0.48881091;L2;81.46347291
2444;Phenol;Water;328.62535;0.223076637;0.488700764;0.488577227;L2;78.42349923
2444;Phenol;Water;328.62535;0.217371206;0.488700764;0.488577227;L2;81.01438496
2444;Phenol;Water;329.32514;0.223076637;0.488356951;0.488233209;L2;78.35312184
2444;Phenol;Water;329.32514;0.223076637;0.488356951;0.488233209;L2;78.35312184
2444;Phenol;Water;329.62505;0.223;0.488208849;0.488085773;L2;78.35715112
2444;Phenol;Water;331.22457;0.1986;0.487411359;0.487299446;L2;89.78156954
2444;Phenol;Water;331.92436;0.1894;0.487058431;0.486955429;L2;94.45229172
2444;Phenol;Water;332.32424;0.1943;0.486855657;0.486758847;L2;91.85643312
2444;Phenol;Water;332.494498;0.1891;0.486769081;0.486675148;L2;94.55138692
2444;Phenol;Water;332.674135;0.1901;0.486677577;0.486586838;L2;94.00515941
2444;Phenol;Water;332.92406;0.20704647;0.48655;0.486463975;L2;85.43964108
2444;Phenol;Water;333.02403;0.195898413;0.486498882;0.486414829;L2;90.96383802
2444;Phenol;Water;333.02403;0.1872;0.486498882;0.486414829;L2;95.505704
2444;Phenol;Water;333.124;0.191;0.486447714;0.486365684;L2;93.48559948
2444;Phenol;Water;333.124;0.198;0.486447714;0.486365684;L2;89.88623921
2444;Phenol;Water;333.124;0.1902;0.486447714;0.486365684;L2;93.90532727
2444;Phenol;Water;333.15;0.20325173;0.486434399;0.486352902;L2;87.26567888
2444;Phenol;Water;333.15;0.1932;0.486434399;0.486352902;L2;92.33761271
2444;Phenol;Water;333.224;0.202;0.486396481;0.486316524;L2;87.87563989
2444;Phenol;Water;333.324;0.18264;0.486345198;0.486267363;L2;97.94016538
2444;Phenol;Water;333.524;0.195770592;0.486242482;0.486169043;L2;90.97639094
2444;Phenol;Water;333.624;0.192725383;0.486191052;0.486119883;L2;92.53353674
2444;Phenol;Water;333.624;0.187;0.486191052;0.486119883;L2;95.54930401
2444;Phenol;Water;333.624;0.1853;0.486191052;0.486119883;L2;96.46255237
2444;Phenol;Water;333.65;0.189350378;0.486177671;0.486107101;L2;94.29749845
2444;Phenol;Water;334;0.2051;0.485997218;0.485935041;L2;86.27052337
2444;Phenol;Water;334.024;0.1754;0.485984821;0.485923242;L2;101.9108312
2444;Phenol;Water;334.424;0.1795;0.485777793;0.485726602;L2;99.55760949
2444;Phenol;Water;334.724;0.189598558;0.485622;0.485579121;L2;94.05215592
2444;Phenol;Water;334.924;0.183479542;0.485517936;0.485480801;L2;97.3113056
2444;Phenol;Water;335.124;0.180485433;0.485413609;0.485382481;L2;98.93512579
2444;Phenol;Water;335.124;0.188;0.485413609;0.485382481;L2;94.8559366
2444;Phenol;Water;335.124;0.1763;0.485413609;0.485382481;L2;101.2814239
2444;Phenol;Water;335.324;0.165027218;0.485309085;0.48528416;L2;107.8675558
2444;Phenol;Water;335.624;0.161746346;0.48515193;0.48513668;L2;109.8432758
2444;Phenol;Water;335.674;0.171;0.485125695;0.4851121;L2;104.2744466
2444;Phenol;Water;335.88382;0.1657;0.48501547;0.485008952;L2;107.4001863
2444;Phenol;Water;336.324;0.1587;0.484783523;0.484775114;L2;111.668682
2444;Phenol;Water;336.324;0.16417;0.484783523;0.484775114;L2;108.2799971
2444;Phenol;Water;336.524;0.160664598;0.484677822;0.4846629;L2;110.4165437
2444;Phenol;Water;336.524;0.161;0.484677822;0.4846629;L2;110.2080022
2444;Phenol;Water;337.024;0.160664598;0.484412714;0.484382362;L2;110.3618309
2444;Phenol;Water;337.024;0.160664598;0.484412714;0.484382362;L2;110.3618309
2444;Phenol;Water;337.124;0.176;0.484359548;0.484326255;L2;101.2343503
2444;Phenol;Water;337.124;0.1596;0.484359548;0.484326255;L2;111.0156813
2444;Phenol;Water;337.393518;0.1471;0.484215934;0.484175036;L2;119.1418324
2444;Phenol;Water;337.4;0.160988505;0.484212477;0.484171399;L2;110.1190847
2444;Phenol;Water;337.524;0.1424;0.484146298;0.484101825;L2;122.3747131
2444;Phenol;Water;337.524;0.15;0.484146298;0.484101825;L2;117.1751836
2444;Phenol;Water;337.624;0.130737518;0.484092873;0.484045718;L2;130.908514
2444;Phenol;Water;337.853426;0.1408;0.483970113;0.483916993;L2;123.4682711
2444;Phenol;Water;337.924;0.1386;0.483932298;0.483877396;L2;125.035293
2444;Phenol;Water;338.124;0.1359;0.483824999;0.483765181;L2;126.9803949
2444;Phenol;Water;338.124;0.160664598;0.483824999;0.483765181;L2;110.240432
2444;Phenol;Water;338.124;0.120427042;0.483824999;0.483765181;L2;139.0679161
2444;Phenol;Water;338.124;0.160664598;0.483824999;0.483765181;L2;110.240432
2444;Phenol;Water;338.124;0.154609071;0.483824999;0.483765181;L2;114.0823461
2444;Phenol;Water;338.13337;0.139231418;0.483819968;0.483759924;L2;124.5575443
2444;Phenol;Water;338.324;0.14583;0.483717504;0.483652966;L2;119.9059508
2444;Phenol;Water;338.324;0.1385;0.483717504;0.483652966;L2;125.0630742
2444;Phenol;Water;338.364;0.1311;0.483695981;0.483630523;L2;130.549618
2444;Phenol;Water;338.394;0.13541;0.483679833;0.483613691;L2;127.3115973
2444;Phenol;Water;338.424;0.09916;0.483663681;0.483596859;L2;158.4655084
2444;Phenol;Water;338.424;0.093068667;0.483663681;0.483596859;L2;164.8052216
2444;Phenol;Water;338.513294;0.1241;0.483615578;0.483546758;L2;136.0202639
2444;Phenol;Water;338.524;0.135408367;0.483609808;0.483540751;L2;127.2983247
2444;Phenol;Water;338.524;0.155342774;0.483609808;0.483540751;L2;113.5644279
2444;Phenol;Water;338.624;0.1366;0.483555885;0.483484644;L2;126.4109946
2444;Phenol;Water;338.624;0.098276473;0.483555885;0.483484644;L2;159.3382234
2444;Phenol;Water;338.624;0.1178;0.483555885;0.483484644;L2;141.2178622
2444;Phenol;Water;338.624;0.1153;0.483555885;0.483484644;L2;143.3629466
2444;Phenol;Water;338.703256;0.1132;0.483513113;0.483440176;L2;145.192227
2444;Phenol;Water;338.724;0.134;0.483501913;0.483428537;L2;128.3215472
2444;Phenol;Water;338.724;0.1416;0.483501913;0.483428537;L2;122.804909
2444;Phenol;Water;338.774;0.0942;0.483474908;0.483400483;L2;163.5579236
2444;Phenol;Water;338.793238;0.1031;0.483464515;0.483389689;L2;154.5278528
2444;Phenol;Water;338.8;0.1501;0.483460861;0.483385895;L2;116.9668623
2444;Phenol;Water;338.803236;0.1031;0.483459112;0.483384079;L2;154.5267354
2444;Phenol;Water;338.824;0.1361;0.483447891;0.483372429;L2;126.7553625
2444;Phenol;Water;338.824;0.113170566;0.483447891;0.483372429;L2;145.204742
2444;Phenol;Water;338.824;0.113;0.483447891;0.483372429;L2;145.3555716
2444;Phenol;Water;338.824;0.113170566;0.483447891;0.483372429;L2;145.204742
2444;Phenol;Water;338.824;0.107;0.483447891;0.483372429;L2;150.81147
2444;Phenol;Water;338.824;0.113170566;0.483447891;0.483372429;L2;145.204742
2444;Phenol;Water;338.824;0.107;0.483447891;0.483372429;L2;150.81147
2444;Phenol;Water;338.924;0.1027;0.483393819;0.483316322;L2;154.9019566
2444;Phenol;Water;339.024;0.1229;0.483339698;0.483260214;L2;136.9348698
2444;Phenol;Water;339.034;0.11511;0.483334283;0.483254604;L2;143.4820319
2444;Phenol;Water;339.094;0.0977;0.483301783;0.483220939;L2;159.873971
2444;Phenol;Water;339.124;0.155;0.483285527;0.483204107;L2;113.7182515
2444;Phenol;Water;339.124;0.134;0.483285527;0.483204107;L2;128.2767832
2444;Phenol;Water;339.15;0.135266515;0.483271434;0.483189519;L2;127.3331454
2444;Phenol;Water;339.224;0.1217;0.483231306;0.483148;L2;137.8936434
2444;Phenol;Water;339.224;0.1215;0.483231306;0.483148;L2;138.0581171
2444;Phenol;Water;339.4;0.064095018;0.483135759;0.483049251;L2;201.993105
2444;Phenol;Water;339.424;0.15481842;0.483122718;0.483035785;L2;113.8017749
2444;Phenol;Water;339.524;0.0921;0.483068348;0.482979677;L2;165.7283208
2444;Phenol;Water;339.524;0.0996;0.483068348;0.482979677;L2;157.8995986
2444;Phenol;Water;339.524;0.0965;0.483068348;0.482979677;L2;161.0615142
2444;Phenol;Water;339.524;0.0978;0.483068348;0.482979677;L2;159.7233574
2444;Phenol;Water;339.524;0.111;0.483068348;0.482979677;L2;147.062795
2444;Phenol;Water;339.724;0.09503;0.482959459;0.482867463;L2;162.5740084
2444;Phenol;Water;339.724;0.1013;0.482959459;0.482867463;L2;156.1846304
2444;Phenol;Water;339.724;0.0897;0.482959459;0.482867463;L2;168.3461946
2444;Phenol;Water;339.724;0.0922;0.482959459;0.482867463;L2;165.5972584
2444;Phenol;Water;339.724;0.0916;0.482959459;0.482867463;L2;166.2501443
2444;Phenol;Water;339.724;0.08728;0.482959459;0.482867463;L2;171.0811373
2444;Phenol;Water;339.724;0.07778;0.482959459;0.482867463;L2;182.6048386
2444;Phenol;Water;339.724;0.11273;0.482959459;0.482867463;L2;145.4937136
2444;Phenol;Water;339.724;0.08649;0.482959459;0.482867463;L2;171.9903915
2444;Phenol;Water;339.724;0.0977;0.482959459;0.482867463;L2;159.8031156
2444;Phenol;Water;339.724;0.1047;0.482959459;0.482867463;L2;152.8833597
2444;Phenol;Water;339.724;0.0897;0.482959459;0.482867463;L2;168.3461946
2444;Phenol;Water;340.124;0.09989426;0.482741086;0.482643033;L2;157.536823
2444;Phenol;Water;340.124;0.139;0.482741086;0.482643033;L2;124.5006523
2444;Phenol;Water;340.124;0.063478081;0.482741086;0.482643033;L2;202.8785791
2444;Phenol;Water;340.124;0.071052551;0.482741086;0.482643033;L2;191.6060698
2444;Phenol;Water;340.4;0.113254222;0.482589945;0.482488177;L2;144.9532275
2444;Phenol;Water;340.65;0.076552659;0.482452718;0.482347908;L2;184.0904066
2444;Phenol;Water;340.65;0.093403366;0.482452718;0.482347908;L2;164.195554
2444;Phenol;Water;341.124;0.096;0.48219168;0.482081959;L2;161.399352
2444;Phenol;Water;341.124;0.096;0.48219168;0.482081959;L2;161.399352
2444;Phenol;Water;341.124;0.116;0.48219168;0.482081959;L2;142.475152
2444;Phenol;Water;341.424;0.099;0.482025889;0.481913637;L2;158.2877975
2444;Phenol;Water;341.794;0.08956;0.481820799;0.481706039;L2;168.2663468
2554;Tetradecane;Carbonic acid dimethyl ester;277.13;0.0257;0.04956111;0.049671547;L1;65.67154661
2554;Tetradecane;Carbonic acid dimethyl ester;290;0.0442;0.065875565;0.066120253;L1;39.90428006
2554;Tetradecane;Carbonic acid dimethyl ester;297.965;0.062;0.079563075;0.079719898;L1;24.94157134
2554;Tetradecane;Carbonic acid dimethyl ester;298.25;0.0661;0.080121496;0.080237673;L1;19.23754322
2554;Tetradecane;Carbonic acid dimethyl ester;299.162;0.066;0.081945508;0.081999209;L1;21.63997478
2554;Tetradecane;Carbonic acid dimethyl ester;299.26;0.0704;0.082144949;0.082218606;L1;15.42920886
2554;Tetradecane;Carbonic acid dimethyl ester;300.39;0.072;0.084494779;0.08474839;L1;16.00236307
2554;Tetradecane;Carbonic acid dimethyl ester;301.41;0.0809;0.086698585;0.087031911;L1;6.922374366
2554;Tetradecane;Carbonic acid dimethyl ester;301.595;0.078;0.087107089;0.087446079;L1;11.04294386
2554;Tetradecane;Carbonic acid dimethyl ester;302.799;0.086;0.089834866;0.09014153;L1;4.362587079
2554;Tetradecane;Carbonic acid dimethyl ester;303.16;0.0953;0.090676973;0.090949717;L1;4.97263647
2554;Tetradecane;Carbonic acid dimethyl ester;303.811;0.093;0.092225125;0.092407141;L1;0.836689477
2554;Tetradecane;Carbonic acid dimethyl ester;304.602;0.1;0.094159417;0.09417799;L1;6.018091336
2554;Tetradecane;Carbonic acid dimethyl ester;305.05;0.1118;0.095281921;0.095383161;L1;15.98714747
2554;Tetradecane;Carbonic acid dimethyl ester;305.256;0.108;0.095804833;0.095955902;L1;11.98180941
2554;Tetradecane;Carbonic acid dimethyl ester;305.857;0.115;0.097355456;0.097626858;L1;16.65633527
2554;Tetradecane;Carbonic acid dimethyl ester;306.259;0.123;0.09841405;0.098744536;L1;22.30007818
2554;Tetradecane;Carbonic acid dimethyl ester;306.559;0.129;0.09921557;0.099578624;L1;26.25174479
2554;Tetradecane;Carbonic acid dimethyl ester;306.765;0.134;0.099771776;0.100151364;L1;29.49544647
2554;Tetradecane;Carbonic acid dimethyl ester;306.84;0.1424;0.099975473;0.100359886;L1;35.37151145
2554;Tetradecane;Carbonic acid dimethyl ester;306.924;0.139;0.100204378;0.100593431;L1;32.72620566
2554;Tetradecane;Carbonic acid dimethyl ester;307.075;0.143;0.100617906;0.101013255;L1;35.15143927
2554;Tetradecane;Carbonic acid dimethyl ester;307.188;0.147;0.100929102;0.101327428;L1;37.60142737
2554;Tetradecane;Carbonic acid dimethyl ester;307.271;0.151;0.101158634;0.101558193;L1;40.05899229
2554;Tetradecane;Carbonic acid dimethyl ester;307.347;0.155;0.101369526;0.101769495;L1;42.46526049
2554;Tetradecane;Carbonic acid dimethyl ester;307.411;0.157;0.101547646;0.101947434;L1;43.57176976
2554;Tetradecane;Carbonic acid dimethyl ester;307.468;0.162;0.101706696;0.102105911;L1;46.55031968
2554;Tetradecane;Carbonic acid dimethyl ester;307.5;0.178;0.101796157;0.10219488;L1;55.88111956
2554;Tetradecane;Carbonic acid dimethyl ester;307.514;0.165;0.101835335;0.102233804;L1;48.25883256
2554;Tetradecane;Carbonic acid dimethyl ester;307.554;0.169;0.101947402;0.102345016;L1;50.5441697
2554;Tetradecane;Carbonic acid dimethyl ester;307.585;0.171;0.102034387;0.102431205;L1;51.63536708
2554;Tetradecane;Carbonic acid dimethyl ester;307.61;0.2175;0.102104621;0.102500712;L1;75.62008693
2554;Tetradecane;Carbonic acid dimethyl ester;307.613;0.175;0.102113054;0.102509053;L1;53.87054032
2554;Tetradecane;Carbonic acid dimethyl ester;307.639;0.178;0.102186187;0.102581341;L1;55.4987043
2554;Tetradecane;Carbonic acid dimethyl ester;307.65;0.1956;0.102217152;0.102611924;L1;64.89722669
2554;Tetradecane;Carbonic acid dimethyl ester;307.661;0.18;0.102248132;0.102642507;L1;56.55543247
2554;Tetradecane;Carbonic acid dimethyl ester;307.68;0.184;0.102301678;0.102695333;L1;58.70096841
2554;Tetradecane;Carbonic acid dimethyl ester;307.697;0.188;0.102349624;0.102742598;L1;60.80473206
2554;Tetradecane;Carbonic acid dimethyl ester;307.711;0.191;0.102389136;0.102781522;L1;62.34928122
2554;Tetradecane;Carbonic acid dimethyl ester;307.722;0.197;0.102420198;0.102812105;L1;65.41197886
2554;Tetradecane;Carbonic acid dimethyl ester;307.731;0.201;0.102445623;0.102837128;L1;67.39727547
2554;Tetradecane;Carbonic acid dimethyl ester;307.741;0.21;0.102473885;0.102864931;L1;71.74995438
2554;Tetradecane;Carbonic acid dimethyl ester;279.85;0.709;0.777540129;0.777155303;L2;9.227972851
2554;Tetradecane;Carbonic acid dimethyl ester;283.09;0.6837;0.759703012;0.759131474;L2;10.54083588
2554;Tetradecane;Carbonic acid dimethyl ester;286.87;0.6562;0.737662326;0.737344061;L2;11.70205469
2554;Tetradecane;Carbonic acid dimethyl ester;288.88;0.633;0.725380621;0.724795839;L2;13.62260895
2554;Tetradecane;Carbonic acid dimethyl ester;292.82;0.5892;0.700117615;0.700042223;L2;17.2482658
2554;Tetradecane;Carbonic acid dimethyl ester;297.965;0.533;0.664592453;0.664296358;L2;22.06525762
2554;Tetradecane;Carbonic acid dimethyl ester;298.52;0.5227;0.660576551;0.66044039;L2;23.41053304
2554;Tetradecane;Carbonic acid dimethyl ester;299.162;0.517;0.655884124;0.655794477;L2;23.79412581
2554;Tetradecane;Carbonic acid dimethyl ester;300.18;0.4992;0.648337987;0.647960297;L2;26.1405329
2554;Tetradecane;Carbonic acid dimethyl ester;300.39;0.497;0.64676493;0.646344208;L2;26.33928793
2554;Tetradecane;Carbonic acid dimethyl ester;301.595;0.478;0.637627531;0.63707094;L2;28.81435732
2554;Tetradecane;Carbonic acid dimethyl ester;302.799;0.455;0.628303454;0.627805368;L2;32.27258379
2554;Tetradecane;Carbonic acid dimethyl ester;303.47;0.4385;0.623019823;0.622641581;L2;35.12185248
2554;Tetradecane;Carbonic acid dimethyl ester;303.811;0.434;0.620310131;0.620017362;L2;35.71750305
2554;Tetradecane;Carbonic acid dimethyl ester;304.602;0.416;0.613959404;0.613930096;L2;38.92435479
2554;Tetradecane;Carbonic acid dimethyl ester;304.87;0.4118;0.611786636;0.611708443;L2;39.58457926
2554;Tetradecane;Carbonic acid dimethyl ester;305.256;0.399;0.60863813;0.608420143;L2;42.2262471
2554;Tetradecane;Carbonic acid dimethyl ester;305.57;0.3919;0.606060064;0.605745205;L2;43.59723923
2554;Tetradecane;Carbonic acid dimethyl ester;305.857;0.381;0.603690273;0.603300277;L2;46.02618983
2554;Tetradecane;Carbonic acid dimethyl ester;306.259;0.368;0.600349069;0.599875675;L2;48.94283294
2554;Tetradecane;Carbonic acid dimethyl ester;306.559;0.355;0.597838777;0.597320002;L2;52.12033243
2554;Tetradecane;Carbonic acid dimethyl ester;306.72;0.3378;0.596485568;0.595948457;L2;56.86010422
2554;Tetradecane;Carbonic acid dimethyl ester;306.765;0.347;0.596106584;0.595565106;L2;54.10947035
2554;Tetradecane;Carbonic acid dimethyl ester;306.924;0.337;0.594764842;0.594210599;L2;56.80831731
2554;Tetradecane;Carbonic acid dimethyl ester;307.075;0.329;0.593486739;0.592924244;L2;58.99571194
2554;Tetradecane;Carbonic acid dimethyl ester;307.11;0.31;0.593189949;0.592626082;L2;64.89423689
2554;Tetradecane;Carbonic acid dimethyl ester;307.188;0.322;0.592527795;0.591961607;L2;60.98462383
2554;Tetradecane;Carbonic acid dimethyl ester;307.271;0.319;0.591822077;0.591254537;L2;61.80149414
2554;Tetradecane;Carbonic acid dimethyl ester;307.347;0.312;0.591174861;0.5906071;L2;63.91086595
2554;Tetradecane;Carbonic acid dimethyl ester;307.41;0.2859;0.590637615;0.590070409;L2;72.55605572
2554;Tetradecane;Carbonic acid dimethyl ester;307.411;0.306;0.590629082;0.59006189;L2;65.76031071
2554;Tetradecane;Carbonic acid dimethyl ester;307.468;0.301;0.590142413;0.589576312;L2;67.3253621
2554;Tetradecane;Carbonic acid dimethyl ester;307.514;0.297;0.589749261;0.589184442;L2;68.59653258
2554;Tetradecane;Carbonic acid dimethyl ester;307.554;0.293;0.589407096;0.588843685;L2;69.89445013
2554;Tetradecane;Carbonic acid dimethyl ester;307.585;0.289;0.589141732;0.588579599;L2;71.22400973
2554;Tetradecane;Carbonic acid dimethyl ester;307.613;0.286;0.588901906;0.58834107;L2;72.22678157
2554;Tetradecane;Carbonic acid dimethyl ester;307.639;0.281;0.588679091;0.588119578;L2;73.95265287
2554;Tetradecane;Carbonic acid dimethyl ester;307.661;0.277;0.588490465;0.587932162;L2;75.35432175
2554;Tetradecane;Carbonic acid dimethyl ester;307.68;0.274;0.588327493;0.587770303;L2;76.4155648
2554;Tetradecane;Carbonic acid dimethyl ester;307.697;0.268;0.588181624;0.587625481;L2;78.60488048
2554;Tetradecane;Carbonic acid dimethyl ester;307.711;0.265;0.58806146;0.587506216;L2;79.710164
2554;Tetradecane;Carbonic acid dimethyl ester;307.722;0.261;0.587967021;0.587412508;L2;81.21504526
2554;Tetradecane;Carbonic acid dimethyl ester;307.73;0.2335;0.587898325;0.587344357;L2;92.33719399
2554;Tetradecane;Carbonic acid dimethyl ester;307.731;0.257;0.587889738;0.587335838;L2;82.74633245
2554;Tetradecane;Carbonic acid dimethyl ester;307.737;0.254;0.587838208;0.587284725;L2;83.91174859
2554;Tetradecane;Carbonic acid dimethyl ester;307.741;0.252;0.587803851;0.587250649;L2;84.69642177
2554;Tetradecane;Carbonic acid dimethyl ester;307.751;0.243;0.587717947;0.58716546;L2;88.31857071
2596;Tetrachloromethane;Water;273.15;0.000114881;;;L1;
2596;Tetrachloromethane;Water;273.15;0.000104323;;;L1;
2596;Tetrachloromethane;Water;273.15;0.000113708;;;L1;
2596;Tetrachloromethane;Water;277.09763;9.70E-05;;;L1;
2596;Tetrachloromethane;Water;283.144;9.73E-05;4.14E-05;4.19E-05;L1;85.38031511
2596;Tetrachloromethane;Water;283.15;7.38E-05;4.14E-05;4.19E-05;L1;57.72584944
2596;Tetrachloromethane;Water;288.141;9.19E-05;4.52E-05;4.62E-05;L1;71.0374173
2596;Tetrachloromethane;Water;293.138;0.000117228;4.92E-05;5.05E-05;L1;86.86836149
2596;Tetrachloromethane;Water;293.138;9.02E-05;4.92E-05;5.05E-05;L1;60.65922855
2596;Tetrachloromethane;Water;293.138;9.38E-05;4.92E-05;5.05E-05;L1;64.57277145
2596;Tetrachloromethane;Water;293.14537;0.000159173;4.92E-05;5.05E-05;L1;117.4429883
2596;Tetrachloromethane;Water;293.14537;9.05E-05;4.92E-05;5.05E-05;L1;60.97880727
2596;Tetrachloromethane;Water;293.14537;9.38E-05;4.92E-05;5.05E-05;L1;64.56030781
2596;Tetrachloromethane;Water;293.14537;9.19E-05;4.92E-05;5.05E-05;L1;62.51392514
2596;Tetrachloromethane;Water;293.15;8.21E-05;4.92E-05;5.05E-05;L1;51.22979404
2596;Tetrachloromethane;Water;293.65;7.03E-05;4.96E-05;5.09E-05;L1;34.86822786
2596;Tetrachloromethane;Water;298.136;9.00E-05;5.35E-05;5.48E-05;L1;52.04455644
2596;Tetrachloromethane;Water;298.136;9.38E-05;5.35E-05;5.48E-05;L1;56.18007501
2596;Tetrachloromethane;Water;298.14437;8.20E-05;5.35E-05;5.48E-05;L1;42.72155857
2596;Tetrachloromethane;Water;298.14437;8.90E-05;5.35E-05;5.48E-05;L1;50.91327082
2596;Tetrachloromethane;Water;298.15;0.000291233;5.35E-05;5.48E-05;L1;169.4526104
2596;Tetrachloromethane;Water;298.19436;9.40E-05;5.35E-05;5.48E-05;L1;56.29576906
2596;Tetrachloromethane;Water;299.14417;1.14E-05;5.44E-05;5.57E-05;L1;156.2536534
2596;Tetrachloromethane;Water;303.134;9.55E-05;5.81E-05;5.91E-05;L1;49.70130539
2596;Tetrachloromethane;Water;303.134;9.55E-05;5.81E-05;5.91E-05;L1;49.70130539
2596;Tetrachloromethane;Water;303.134;9.96E-05;5.81E-05;5.91E-05;L1;53.90489711
2596;Tetrachloromethane;Water;303.15;7.64E-05;5.81E-05;5.91E-05;L1;27.36064653
2596;Tetrachloromethane;Water;304.15;8.44E-05;5.91E-05;6.00E-05;L1;35.67747833
2596;Tetrachloromethane;Water;313.140055;2.93E-05;6.83E-05;6.90E-05;L1;84.67479777
2596;Tetrachloromethane;Water;313.15;7.64E-05;6.83E-05;6.90E-05;L1;11.14882035
2596;Tetrachloromethane;Water;314.45;7.97E-05;6.98E-05;7.06E-05;L1;13.30284572
2596;Tetrachloromethane;Water;325.65;9.14E-05;8.32E-05;8.48E-05;L1;9.428776215
2596;Tetrachloromethane;Water;337.15;0.000112535;9.91E-05;9.94E-05;L1;12.73012019
2596;Tetrachloromethane;Water;348.15;0.00013483;0.000116573;0.000118223;L1;14.55011222
2596;Tetrachloromethane;Water;273.15;0.999572;;;L2;
2596;Tetrachloromethane;Water;273.15;0.999266213;;;L2;
2596;Tetrachloromethane;Water;283.144;0.999393321;0.999996279;0.999995638;L2;0.060314237
2596;Tetrachloromethane;Water;283.15;0.999129799;0.999996278;0.999995635;L2;0.086685778
2596;Tetrachloromethane;Water;285.0947708;0.999655172;0.999995824;0.999994792;L2;0.034071136
2596;Tetrachloromethane;Water;287.646705;0.999462365;0.999995155;0.999993686;L2;0.053293495
2596;Tetrachloromethane;Water;287.646705;0.999459806;0.999995155;0.999993686;L2;0.053549533
2596;Tetrachloromethane;Water;288.141;0.999662048;0.999995016;0.999993472;L2;0.033302476
2596;Tetrachloromethane;Water;290.8623267;0.999542551;0.999994182;0.999992293;L2;0.045173547
2596;Tetrachloromethane;Water;291.14577;0.99939413;0.999994088;0.99999217;L2;0.060014198
2596;Tetrachloromethane;Water;291.14577;0.999385602;0.999994088;0.99999217;L2;0.060867519
2596;Tetrachloromethane;Water;291.14577;0.999402659;0.999994088;0.99999217;L2;0.059160785
2596;Tetrachloromethane;Water;291.14577;0.99939413;0.999994088;0.99999217;L2;0.060014198
2596;Tetrachloromethane;Water;293.138;0.999589341;0.999993394;0.999991307;L2;0.040413739
2596;Tetrachloromethane;Water;293.138;0.999146849;0.999993394;0.999991307;L2;0.084690919
2596;Tetrachloromethane;Water;293.138;0.999279917;0.999993394;0.999991307;L2;0.071373643
2596;Tetrachloromethane;Water;293.65;0.998942284;0.999993205;0.999991085;L2;0.105148035
2596;Tetrachloromethane;Water;294.7955399;0.999448717;0.999992764;0.999990588;L2;0.054419852
2596;Tetrachloromethane;Water;295.14497;0.999291794;0.999992624;0.999990437;L2;0.070108101
2596;Tetrachloromethane;Water;295.14497;0.999240633;0.999992624;0.999990437;L2;0.075227958
2596;Tetrachloromethane;Water;295.14497;0.999240633;0.999992624;0.999990437;L2;0.075227958
2596;Tetrachloromethane;Water;295.14497;0.999244896;0.999992624;0.999990437;L2;0.074801335
2596;Tetrachloromethane;Water;297.1364;0.999146934;0.999991785;0.999989574;L2;0.084521453
2596;Tetrachloromethane;Water;297.14457;0.999138324;0.999991781;0.99998957;L2;0.085382831
2596;Tetrachloromethane;Water;297.14457;0.999221875;0.999991781;0.99998957;L2;0.077020875
2596;Tetrachloromethane;Water;297.15;0.99932;0.999991778;0.999989568;L2;0.067200976
2596;Tetrachloromethane;Water;298.136;0.999496368;0.999991333;0.999989141;L2;0.049509154
2596;Tetrachloromethane;Water;298.136;0.99917;0.999991333;0.999989141;L2;0.082167731
2596;Tetrachloromethane;Water;298.136;0.998891298;0.999991333;0.999989141;L2;0.110064974
2596;Tetrachloromethane;Water;298.136;0.999165503;0.999991333;0.999989141;L2;0.082617806
2596;Tetrachloromethane;Water;298.136;0.999009;0.999991333;0.999989141;L2;0.098282404
2596;Tetrachloromethane;Water;298.14437;0.998815779;0.999991329;0.999989137;L2;0.117625154
2596;Tetrachloromethane;Water;298.14437;0.999146849;0.999991329;0.999989137;L2;0.084484394
2596;Tetrachloromethane;Water;299.0448899;0.999315671;0.999990903;0.999988747;L2;0.067546663
2596;Tetrachloromethane;Water;299.14417;0.998976373;0.999990855;0.999988704;L2;0.101500665
2596;Tetrachloromethane;Water;299.14417;0.999087177;0.999990855;0.999988704;L2;0.090409526
2596;Tetrachloromethane;Water;299.14417;0.999095701;0.999990855;0.999988704;L2;0.089556351
2596;Tetrachloromethane;Water;301.6346;0.998891299;0.999989578;0.999987625;L2;0.109889387
2596;Tetrachloromethane;Water;302.569827;0.999162194;0.99998906;0.999987219;L2;0.082721688
2596;Tetrachloromethane;Water;303.134;0.99865;0.999988737;0.999986975;L2;0.133964864
2596;Tetrachloromethane;Water;303.134;0.99907023;0.999988737;0.999986975;L2;0.091893907
2596;Tetrachloromethane;Water;303.143055;0.99884855;0.999988731;0.999986971;L2;0.114084474
2596;Tetrachloromethane;Water;304.15;0.998669646;0.999988134;0.999986535;L2;0.131937349
2596;Tetrachloromethane;Water;311.3226004;0.998797429;0.999983031;0.999982058;L2;0.11863253
2596;Tetrachloromethane;Water;313.13;0.998703915;0.999981481;0.999979407;L2;0.127840671
2596;Tetrachloromethane;Water;313.140055;0.99832052;0.999981472;0.999979392;L2;0.166236403
2596;Tetrachloromethane;Water;314.45;0.998346058;0.999980274;0.999977471;L2;0.163558529
2596;Tetrachloromethane;Water;316.1044654;0.998354571;0.999978667;0.999975044;L2;0.162545054
2596;Tetrachloromethane;Water;320.4314669;0.998065198;0.999973921;0.999968697;L2;0.19105971
2596;Tetrachloromethane;Water;323.127;0.997980594;0.999970531;0.999964744;L2;0.199197804
2596;Tetrachloromethane;Water;323.137055;0.997401901;0.999970517;0.999964729;L2;0.257199688
2596;Tetrachloromethane;Water;325.609813;0.997639918;0.999967082;0.999961102;L2;0.232995243
2596;Tetrachloromethane;Water;325.65;0.997758964;0.999967023;0.999961043;L2;0.221057338
2596;Tetrachloromethane;Water;332.1554658;0.996662988;0.999956296;0.999951501;L2;0.329888728
2596;Tetrachloromethane;Water;337.15;0.997580405;0.999946168;0.999944175;L2;0.236869366
2596;Tetrachloromethane;Water;340.2523192;0.995459018;0.999938927;0.99993895;L2;0.449024836
2596;Tetrachloromethane;Water;346.3076021;0.993278081;0.999922401;0.999914119;L2;0.666701055
2596;Tetrachloromethane;Water;348.15;0.9974104;0.99991668;0.999906564;L2;0.250963567
2596;Tetrachloromethane;Water;353.2338236;0.991441836;0.999899022;0.999885717;L2;0.849401207
2596;Tetrachloromethane;Water;358.0644739;0.988338944;0.999879428;0.999865908;L2;1.160899998
2596;Tetrachloromethane;Water;364.4244103;0.984837437;0.999848856;0.999839828;L2;1.512753506
2596;Tetrachloromethane;Water;372.2554438;0.977735502;0.999802565;0.999795635;L2;2.231863898
2650;Tetrahydrofuran;Water;345.231425;0.21033214;0.01467266;0.014684505;L1;266.2701999
2650;Tetrahydrofuran;Water;345.331395;0.187400689;0.014674806;0.014686186;L1;254.7116929
2650;Tetrahydrofuran;Water;345.38138;0.188011508;0.014675881;0.014687027;L1;255.0297781
2650;Tetrahydrofuran;Water;345.431365;0.204411894;0.014676958;0.014687868;L1;263.3858266
2650;Tetrahydrofuran;Water;346.531035;0.165205496;0.014701087;0.014706365;L1;241.9268692
2650;Tetrahydrofuran;Water;348.530435;0.146892337;0.014747079;0.014752737;L1;229.8654874
2650;Tetrahydrofuran;Water;350;0.130884;0.014782622;0.014795987;L1;218.0859103
2650;Tetrahydrofuran;Water;351.729475;0.123686596;0.014826331;0.014846885;L1;212.1346191
2650;Tetrahydrofuran;Water;352.029385;0.118575904;0.014834117;0.014855712;L1;207.8623586
2650;Tetrahydrofuran;Water;356.428065;0.106068681;0.014955275;0.014985165;L1;195.9022755
2650;Tetrahydrofuran;Water;360;0.10166;0.015063204;0.015090287;L1;190.9378973
2650;Tetrahydrofuran;Water;361.02679;0.099649183;0.015095803;0.015120506;L1;188.7239098
2650;Tetrahydrofuran;Water;362.62647;0.097550858;0.015147985;0.015167584;L1;186.2506334
2650;Tetrahydrofuran;Water;366.02579;0.092596958;0.015264497;0.015267627;L1;180.2726621
2650;Tetrahydrofuran;Water;370;0.0901277;0.015410371;0.015429439;L1;176.6186814
2650;Tetrahydrofuran;Water;375.62387;0.088955697;0.015634501;0.015666612;L1;173.8658355
2650;Tetrahydrofuran;Water;380;0.0866351;0.015823208;0.015851165;L1;170.0227311
2650;Tetrahydrofuran;Water;383.62227;0.088955697;0.015988861;0.016003926;L1;171.6246177
2650;Tetrahydrofuran;Water;390;0.089732;0.016301344;0.016321649;L1;170.5579895
2650;Tetrahydrofuran;Water;392.42051;0.092596958;0.016426904;0.016455655;L1;172.933581
2650;Tetrahydrofuran;Water;400;0.102023;0.01684499;0.016875276;L1;180.1144976
2650;Tetrahydrofuran;Water;400.91881;0.099649183;0.016898251;0.016926144;L1;177.4445736
2650;Tetrahydrofuran;Water;406.01779;0.118575904;0.017204032;0.017208438;L1;193.0409507
2650;Tetrahydrofuran;Water;409.21715;0.145340892;0.017404784;0.017420613;L1;212.2336865
2650;Tetrahydrofuran;Water;409.61707;0.150551805;0.017430363;0.017448274;L1;215.6093576
2650;Tetrahydrofuran;Water;344.931515;0.22536813;0.641726953;0.64093641;L2;104.6427708
2650;Tetrahydrofuran;Water;345.231425;0.239039814;0.64231973;0.641607558;L2;98.84560776
2650;Tetrahydrofuran;Water;345.431365;0.251082985;0.642712965;0.642054989;L2;93.99147228
2650;Tetrahydrofuran;Water;345.931215;0.270950059;0.643689264;0.643173569;L2;86.52815805
2650;Tetrahydrofuran;Water;346.531035;0.291336781;0.644848079;0.644515864;L2;79.45348315
2650;Tetrahydrofuran;Water;347.930615;0.315034382;0.647498299;0.64736419;L2;72.04343851
2650;Tetrahydrofuran;Water;350;0.338862;0.65128119;0.650565373;L2;65.33485392
2650;Tetrahydrofuran;Water;351.329595;0.348879506;0.653627716;0.652622156;L2;62.78113399
2650;Tetrahydrofuran;Water;351.429565;0.35309513;0.653801525;0.652776802;L2;61.60663163
2650;Tetrahydrofuran;Water;353.029085;0.363865801;0.656533199;0.655251139;L2;59.01881415
2650;Tetrahydrofuran;Water;356.128155;0.37952559;0.661566827;0.660045167;L2;55.56889768
2650;Tetrahydrofuran;Water;360;0.394337;0.667392541;0.666034619;L2;52.61725168
2650;Tetrahydrofuran;Water;370;0.406819;0.680233539;0.679470258;L2;51.40678098
2650;Tetrahydrofuran;Water;380;0.395514;0.690239469;0.689161884;L2;55.68524086
2650;Tetrahydrofuran;Water;386.12177;0.37952559;0.695138792;0.695094874;L2;60.51895005
2650;Tetrahydrofuran;Water;390;0.367748;0.697807674;0.697201735;L2;64.05456057
2650;Tetrahydrofuran;Water;399.31913;0.329542647;0.702968431;0.702069251;L2;75.76062101
2650;Tetrahydrofuran;Water;400;0.325208;0.703280742;0.70242488;L2;77.12911832
2650;Tetrahydrofuran;Water;404.01819;0.301147861;0.704956111;0.704523638;L2;85.05341697
2650;Tetrahydrofuran;Water;408.71725;0.248024905;0.70656699;0.706284095;L2;104.6888853
2650;Tetrahydrofuran;Water;409.81703;0.226776405;0.706892168;0.706484249;L2;113.6913602
2650;Tetrahydrofuran;Water;409.91701;0.219805176;0.70692078;0.706502445;L2;116.8177019
2650;Tetrahydrofuran;Water;410.11697;0.199895697;0.706977533;0.706538836;L2;126.3203171
2650;Tetrahydrofuran;Water;410.21695;0.199256714;0.707005673;0.706557032;L2;126.6444677
2658;Toluene;Water;273.2;0.000114;0.000124279;0.000125232;L1;8.633117258
2658;Toluene;Water;273.65;0.00011;0.00012493;0.000125967;L1;12.7271807
2658;Toluene;Water;277.6493431;0.00012;0.000130855;0.0001325;L1;8.659841423
2658;Toluene;Water;278.15;0.000108;0.000131615;0.000133318;L1;19.77497725
2658;Toluene;Water;278.1592686;0.0001243;0.000131629;0.000133333;L1;5.729018502
2658;Toluene;Water;278.2;0.0001111;0.000131691;0.000133399;L1;17.00285037
2658;Toluene;Water;279.4490803;0.000118;0.000133606;0.00013544;L1;12.42115753
2658;Toluene;Water;280.248925;0.000115;0.000134846;0.000136746;L1;15.92012673
2658;Toluene;Water;282.148355;0.000115;0.000137833;0.000139849;L1;18.11134988
2658;Toluene;Water;283.058082;0.0001236;0.000139286;0.000141335;L1;11.947789
2658;Toluene;Water;283.144;7.19E-05;0.000139424;0.000141476;L1;66.22418013
2658;Toluene;Water;283.148055;0.000121065;0.00013943;0.000141482;L1;14.12371761
2658;Toluene;Water;283.148055;0.000112473;0.00013943;0.000141482;L1;21.48515747
2658;Toluene;Water;283.15;0.000114;0.000139433;0.000141485;L1;20.13887214
2658;Toluene;Water;283.19804;0.000152;0.000139511;0.000141564;L1;8.574004428
2658;Toluene;Water;283.19804;0.0001483;0.000139511;0.000141564;L1;6.109677258
2658;Toluene;Water;283.19804;0.0001119;0.000139511;0.000141564;L1;22.05348612
2658;Toluene;Water;283.2;0.000109;0.000139514;0.000141567;L1;24.68151684
2658;Toluene;Water;284.747575;0.000124;0.000142021;0.000144095;L1;13.569403
2658;Toluene;Water;284.947515;0.000112;0.000142348;0.000144422;L1;23.97763521
2658;Toluene;Water;285.247425;0.000113;0.00014284;0.000144912;L1;23.43361185
2658;Toluene;Water;287.746675;0.000123694;0.000146999;0.000148994;L1;17.26183641
2658;Toluene;Water;288.146555;0.000101;0.000147675;0.000149647;L1;37.98957584
2658;Toluene;Water;288.15;0.000106;0.000147681;0.000149653;L1;33.16166929
2658;Toluene;Water;288.15;0.000111635;0.000147681;0.000149653;L1;27.98211662
2658;Toluene;Water;288.2;0.000108;0.000147766;0.000149735;L1;31.34980115
2658;Toluene;Water;288.246525;0.000111;0.000147845;0.000149811;L1;28.66326118
2658;Toluene;Water;288.5;0.000137;0.000148275;0.000150225;L1;7.908849834
2658;Toluene;Water;289.1404;9.78E-05;0.000149368;0.000151271;L1;42.34855032
2658;Toluene;Water;289.1404;9.19E-05;0.000149368;0.000151271;L1;48.57090508
2658;Toluene;Water;289.146255;9.19E-05;0.000149378;0.000151281;L1;48.57761456
2658;Toluene;Water;289.446165;0.000122325;0.000149892;0.00015177;L1;20.32320657
2658;Toluene;Water;291.04579;0.000113;0.000152662;0.000154384;L1;30.08387305
2658;Toluene;Water;292.54549;0.000122181;0.000155302;0.000156833;L1;23.98685833
2658;Toluene;Water;292.6;0.000138;0.000155399;0.000156922;L1;11.87412148
2658;Toluene;Water;292.95;0.000156513;0.000156021;0.000157494;L1;0.31462273
2658;Toluene;Water;293.055388;0.0001292;0.000156209;0.000157666;L1;18.98348266
2658;Toluene;Water;293.14537;0.00011762;0.00015637;0.000157813;L1;28.47648646
2658;Toluene;Water;293.14537;0.000111;0.00015637;0.000157813;L1;34.26937523
2658;Toluene;Water;293.14537;0.000112865;0.00015637;0.000157813;L1;32.60315394
2658;Toluene;Water;293.19536;0.0001149;0.000156459;0.000157895;L1;30.87325881
2658;Toluene;Water;293.19536;0.0001432;0.000156459;0.000157895;L1;8.855251841
2658;Toluene;Water;293.19536;0.0001446;0.000156459;0.000157895;L1;7.882346321
2658;Toluene;Water;293.2;0.000108;0.000156467;0.000157903;L1;37.07165271
2658;Toluene;Water;293.24535;0.000111;0.000156548;0.000157977;L1;34.38353653
2658;Toluene;Water;293.34533;0.000123892;0.000156727;0.00015814;L1;23.50968588
2658;Toluene;Water;294.14517;9.36E-05;0.000158164;0.000159446;L1;52.46050727
2658;Toluene;Water;295.1372;9.62E-05;0.000159964;0.000161067;L1;50.85187429
2658;Toluene;Water;295.15;0.000103276;0.000159987;0.000161088;L1;43.76889832
2658;Toluene;Water;295.7;0.0001123;0.000160993;0.000161986;L1;36.01876146
2658;Toluene;Water;297.24455;0.000123766;0.000163849;0.000164509;L1;28.05527481
2658;Toluene;Water;297.64;0.000116;0.000164588;0.000165155;L1;34.98532423
2658;Toluene;Water;297.8;0.000107;0.000164887;0.000165417;L1;43.24340319
2658;Toluene;Water;297.9944;0.000195673;0.000165252;0.000165734;L1;16.89717786
2658;Toluene;Water;298.136;0.0001;0.000165518;0.000165966;L1;50.39126184
2658;Toluene;Water;298.136;0.000104;0.000165518;0.000165966;L1;46.46919052
2658;Toluene;Water;298.136;9.80E-05;0.000165518;0.000165966;L1;52.41153257
2658;Toluene;Water;298.136;0.000105;0.000165518;0.000165966;L1;45.51224542
2658;Toluene;Water;298.136;0.000105176;0.000165518;0.000165966;L1;45.3447667
2658;Toluene;Water;298.136;0.00010068;0.000165518;0.000165966;L1;49.71356341
2658;Toluene;Water;298.136;9.58E-05;0.000165518;0.000165966;L1;54.68201194
2658;Toluene;Water;298.14437;0.000107;0.000165534;0.000165979;L1;43.63491122
2658;Toluene;Water;298.14437;0.0001015;0.000165534;0.000165979;L1;48.91191482
2658;Toluene;Water;298.14437;0.00011;0.000165534;0.000165979;L1;40.86975809
2658;Toluene;Water;298.14437;0.000103;0.000165534;0.000165979;L1;47.44489585
2658;Toluene;Water;298.14437;9.52E-05;0.000165534;0.000165979;L1;55.31980049
2658;Toluene;Water;298.14437;0.000102;0.000165534;0.000165979;L1;48.42051334
2658;Toluene;Water;298.14437;0.000108364;0.000165534;0.000165979;L1;42.36820162
2658;Toluene;Water;298.14437;0.000104923;0.000165534;0.000165979;L1;45.59511989
2658;Toluene;Water;298.14437;0.00011353;0.000165534;0.000165979;L1;37.71108275
2658;Toluene;Water;298.14437;4.50E-05;0.000165534;0.000165979;L1;130.2515457
2658;Toluene;Water;298.14437;0.000112082;0.000165534;0.000165979;L1;38.99472004
2658;Toluene;Water;298.15;0.00011191;0.000165545;0.000165989;L1;39.1546966
2658;Toluene;Water;298.15;0.00012;0.000165545;0.000165989;L1;32.17502001
2658;Toluene;Water;298.15;0.000111;0.000165545;0.000165989;L1;39.97117416
2658;Toluene;Water;298.15;0.000109;0.000165545;0.000165989;L1;41.78940606
2658;Toluene;Water;298.15;9.78E-05;0.000165545;0.000165989;L1;52.63173658
2658;Toluene;Water;298.15;0.0001127;0.000165545;0.000165989;L1;38.45125218
2658;Toluene;Water;298.15;0.000115396;0.000165545;0.000165989;L1;36.08722514
2658;Toluene;Water;298.154368;0.0001232;0.000165553;0.000165996;L1;29.54825425
2658;Toluene;Water;298.19436;0.000102;0.000165628;0.000166061;L1;48.47733576
2658;Toluene;Water;298.19436;0.0001209;0.000165628;0.000166061;L1;31.47824133
2658;Toluene;Water;298.19436;0.000113;0.000165628;0.000166061;L1;38.23583522
2658;Toluene;Water;298.19436;0.0001027;0.000165628;0.000166061;L1;47.7934054
2658;Toluene;Water;300.743775;0.000124396;0.000170492;0.000170676;L1;31.52197163
2658;Toluene;Water;301.8;0.000151;0.000172545;0.000173035;L1;13.33810392
2658;Toluene;Water;302.85;0.000156513;0.000174609;0.000175381;L1;10.94105727
2658;Toluene;Water;303.134;0.000111681;0.000175171;0.000176015;L1;45.01166506
2658;Toluene;Water;303.143055;0.000131829;0.000175189;0.000176036;L1;28.43600631
2658;Toluene;Water;303.143055;0.000176092;0.000175189;0.000176036;L1;0.514089444
2658;Toluene;Water;303.143055;0.000115018;0.000175189;0.000176036;L1;42.07770534
2658;Toluene;Water;303.143055;0.000430897;0.000175189;0.000176036;L1;90.00033911
2658;Toluene;Water;303.15;0.000117;0.000175203;0.000176051;L1;40.37703311
2658;Toluene;Water;303.15;0.001;0.000175203;0.000176051;L1;174.1811013
2658;Toluene;Water;303.15;0.000104;0.000175203;0.000176051;L1;52.15533668
2658;Toluene;Water;303.19304;0.00018;0.000175288;0.000176147;L1;2.652564898
2658;Toluene;Water;303.19304;0.0001475;0.000175288;0.000176147;L1;17.26030261
2658;Toluene;Water;303.2;0.000117366;0.000175302;0.000176163;L1;40.12126852
2658;Toluene;Water;303.2;0.0001121;0.000175302;0.000176163;L1;44.71186124
2658;Toluene;Water;303.542935;0.000126755;0.000175983;0.000176929;L1;32.81329314
2658;Toluene;Water;305.35;0.00012;0.000179614;0.000180965;L1;40.33168009
2658;Toluene;Water;307.441765;0.000129025;0.000183902;0.000185638;L1;35.43947943
2658;Toluene;Water;308.141555;0.000107;0.000185357;0.000187201;L1;54.94542504
2658;Toluene;Water;308.15;0.0001178;0.000185375;0.00018722;L1;45.33899016
2658;Toluene;Water;308.15;0.000116;0.000185375;0.00018722;L1;46.87879818
2658;Toluene;Water;308.15;0.000114197;0.000185375;0.00018722;L1;48.44531457
2658;Toluene;Water;308.2;0.0001151;0.000185479;0.000187332;L1;47.7139825
2658;Toluene;Water;308.251522;0.0001314;0.000185587;0.000187447;L1;34.52751108
2658;Toluene;Water;308.95;0.000116933;0.000187051;0.000189007;L1;46.9781252
2658;Toluene;Water;312.56;0.000135;0.000194791;0.000197071;L1;36.66516998
2658;Toluene;Water;312.75;0.000195673;0.000195206;0.000197496;L1;0.238849563
2658;Toluene;Water;313.15;0.000119;0.000196083;0.000198389;L1;49.94156539
2658;Toluene;Water;313.15;0.0001203;0.000196083;0.000198389;L1;48.85505241
2658;Toluene;Water;313.15;0.000123;0.000196083;0.000198389;L1;46.63547917
2658;Toluene;Water;313.15;0.000156513;0.000196083;0.000198389;L1;22.54000734
2658;Toluene;Water;313.2;0.0001201;0.000196193;0.000198501;L1;49.0774637
2658;Toluene;Water;313.25;0.000123885;0.000196303;0.000198613;L1;46.03058379
2658;Toluene;Water;318.138555;0.000114;0.000207327;0.000209533;L1;59.80975627
2658;Toluene;Water;318.138555;0.000141;0.000207327;0.000209533;L1;38.55361208
2658;Toluene;Water;318.15;0.000125;0.000207353;0.000209558;L1;50.61098755
2658;Toluene;Water;318.15;0.000120891;0.000207353;0.000209558;L1;53.95342996
2658;Toluene;Water;318.2;0.0001251;0.000207469;0.00020967;L1;50.58676341
2658;Toluene;Water;318.25;0.000129835;0.000207584;0.000209782;L1;46.92740489
2658;Toluene;Water;318.448462;0.0001313;0.000208044;0.000210225;L1;46.02658994
2658;Toluene;Water;323.15;0.000140999;0.00021921;0.000220727;L1;44.12760233
2658;Toluene;Water;323.15;0.0001257;0.00021921;0.000220727;L1;55.61307058
2658;Toluene;Water;323.15;0.001;0.00021921;0.000220727;L1;151.7726458
2658;Toluene;Water;323.15;0.000127;0.00021921;0.000220727;L1;54.5841735
2658;Toluene;Water;323.15;0.000195673;0.00021921;0.000220727;L1;11.35839228
2658;Toluene;Water;323.15;0.000176092;0.00021921;0.000220727;L1;21.90222357
2658;Toluene;Water;323.2;0.0001322;0.000219331;0.000220839;L1;50.62675288
2658;Toluene;Water;324;0.000131;0.000221286;0.000222626;L1;52.4256454
2658;Toluene;Water;328.135555;0.000168;0.000231642;0.000231864;L1;32.12293208
2658;Toluene;Water;328.15;0.00014;0.000231679;0.000231896;L1;50.37103018
2658;Toluene;Water;333.13437;0.000313228;0.000244746;0.000245551;L1;24.67090907
2658;Toluene;Water;333.15;0.00016;0.000244788;0.000245598;L1;42.52200711
2658;Toluene;Water;333.15;0.000144;0.000244788;0.000245598;L1;53.05805868
2658;Toluene;Water;333.15;0.000152;0.000244788;0.000245598;L1;47.65133655
2658;Toluene;Water;333.25;0.000195673;0.000245057;0.000245902;L1;22.50469208
2658;Toluene;Water;343.132055;0.000144661;0.000272989;0.000275889;L1;63.50367298
2658;Toluene;Water;343.15;0.000171;0.000273042;0.000275943;L1;46.79612444
2658;Toluene;Water;343.18;0.000182;0.000273131;0.000276034;L1;40.59440967
2658;Toluene;Water;343.55;0.000176092;0.000274231;0.000277157;L1;44.29638077
2658;Toluene;Water;348.15;0.000189;0.000288246;0.000291116;L1;42.20669931
2658;Toluene;Water;350.6;0.000178;0.000295971;0.00029855;L1;50.84794859
2658;Toluene;Water;353.129055;0.000156388;0.000304142;0.000306225;L1;66.51539524
2658;Toluene;Water;353.15;0.000198;0.00030421;0.000306289;L1;42.94522382
2658;Toluene;Water;354.15;0.000254436;0.000307497;0.000309323;L1;18.94169577
2658;Toluene;Water;363.12637;0.000168115;0.000338468;0.000339719;L1;69.9780601
2658;Toluene;Water;363.15;0.000232;0.000338553;0.000339814;L1;37.79429161
2658;Toluene;Water;363.35;0.000234845;0.000339274;0.000340621;L1;36.78822676
2658;Toluene;Water;372.52449;0.000286;0.000373877;0.000377653;L1;26.79356536
2658;Toluene;Water;372.76;0.000288;0.000374806;0.000378603;L1;26.34476302
2658;Toluene;Water;373.07438;0.000185705;0.000376049;0.000379872;L1;70.55591371
2658;Toluene;Water;373.15;0.000284;0.000376348;0.000380177;L1;28.15404065
2658;Toluene;Water;373.15;0.000268;0.000376348;0.000380177;L1;33.95276642
2658;Toluene;Water;376.1;0.000277;0.0003882;0.000392085;L1;33.75043971
2658;Toluene;Water;383.12237;0.000211112;0.000417775;0.000420429;L1;68.25551915
2658;Toluene;Water;388.12137;0.000230655;0.000440046;0.000440607;L1;64.59551544
2658;Toluene;Water;392.84;0.000406;0.000462038;0.000463419;L1;12.92943862
2658;Toluene;Water;393.12037;0.000254106;0.000463375;0.000464917;L1;60.07861237
2658;Toluene;Water;394.261;0.000355;0.000468852;0.000471009;L1;27.81686927
2658;Toluene;Water;397.91941;0.000463;0.00048681;0.000490548;L1;5.01464667
2658;Toluene;Water;398.11937;0.000277555;0.000487809;0.000491616;L1;56.39046242
2658;Toluene;Water;398.15;0.000445;0.000487962;0.000491779;L1;9.216346922
2658;Toluene;Water;401.6;0.000449;0.000505497;0.000510205;L1;11.85187071
2658;Toluene;Water;403.11837;0.000308819;0.000513391;0.000518315;L1;50.82828694
2658;Toluene;Water;413.11637;0.000375249;0.000568192;0.000571713;L1;41.48691939
2658;Toluene;Water;413.15;0.00066;0.000568385;0.000571892;L1;14.94414959
2658;Toluene;Water;420.11497;0.000445577;0.000609609;0.000609427;L1;31.34483239
2658;Toluene;Water;422.51449;0.000794;0.000624419;0.000626188;L1;24.02612436
2658;Toluene;Water;423.15;0.000828;0.000628395;0.000630627;L1;27.5843717
2658;Toluene;Water;264.1572;0.9999;0.999992152;0.999990752;L2;0.009215691
2658;Toluene;Water;269.6528;0.9997;0.999989332;0.999989103;L2;0.028937663
2658;Toluene;Water;273.15;0.998620568;0.999987118;0.999985216;L2;0.136750231
2658;Toluene;Water;283.144;0.997825882;0.99997851;0.999973222;L2;0.215499452
2658;Toluene;Water;283.144;0.99829;0.99997851;0.999973222;L2;0.168997341
2658;Toluene;Water;283.144;0.998385859;0.99997851;0.999973222;L2;0.159395482
2658;Toluene;Water;283.15;0.99831;0.999978504;0.999973215;L2;0.166993299
2658;Toluene;Water;283.15;0.998352592;0.999978504;0.999973215;L2;0.16272698
2658;Toluene;Water;283.6437;0.999;0.999977975;0.999972622;L2;0.097847489
2658;Toluene;Water;288.141;0.998611083;0.999972627;0.999967225;L2;0.13625094
2658;Toluene;Water;291.1392;0.9983;0.999968482;0.999963627;L2;0.166992781
2658;Toluene;Water;292.95;0.995566099;0.999965729;0.999961453;L2;0.440948854
2658;Toluene;Water;293.138;0.997651691;0.999965432;0.999961228;L2;0.231650217
2658;Toluene;Water;293.138;0.9977;0.999965432;0.999961228;L2;0.226808063
2658;Toluene;Water;293.138;0.998244895;0.999965432;0.999961228;L2;0.172207857
2658;Toluene;Water;293.138;0.9977;0.999965432;0.999961228;L2;0.226808063
2658;Toluene;Water;293.138;0.9977;0.999965432;0.999961228;L2;0.226808063
2658;Toluene;Water;293.15;0.997565373;0.999965413;0.999961213;L2;0.240300805
2658;Toluene;Water;293.15;0.9977;0.999965413;0.999961213;L2;0.226806159
2658;Toluene;Water;293.7;0.99772;0.999964531;0.999960553;L2;0.224713362
2658;Toluene;Water;295.1372;0.997316896;0.999962136;0.999958828;L2;0.264884522
2658;Toluene;Water;297.9944;0.996989646;0.999956967;0.999955399;L2;0.297185984
2658;Toluene;Water;298;0.999;0.999956956;0.999955393;L2;0.095745525
2658;Toluene;Water;298;0.9977;0.999956956;0.999955393;L2;0.225960398
2658;Toluene;Water;298;0.999;0.999956956;0.999955393;L2;0.095745525
2658;Toluene;Water;298.136;0.99714;0.999956696;0.999955229;L2;0.282079226
2658;Toluene;Water;298.136;0.997640015;0.999956696;0.999955229;L2;0.23194688
2658;Toluene;Water;298.136;0.997447909;0.999956696;0.999955229;L2;0.251204778
2658;Toluene;Water;298.136;0.9975;0.999956696;0.999955229;L2;0.245982486
2658;Toluene;Water;298.136;0.998027987;0.999956696;0.999955229;L2;0.193065462
2658;Toluene;Water;298.136;0.997810039;0.999956696;0.999955229;L2;0.214905711
2658;Toluene;Water;298.14437;0.997228919;0.99995668;0.999955219;L2;0.273160613
2658;Toluene;Water;298.15;0.99727;0.999956669;0.999955212;L2;0.269040102
2658;Toluene;Water;298.15;0.99727;0.999956669;0.999955212;L2;0.269040102
2658;Toluene;Water;298.15;0.997;0.999956669;0.999955212;L2;0.296117679
2658;Toluene;Water;298.15;0.998467487;0.999956669;0.999955212;L2;0.149035627
2658;Toluene;Water;298.15;0.99541377;0.999956669;0.999955212;L2;0.455344679
2658;Toluene;Water;298.15;0.997447909;0.999956669;0.999955212;L2;0.251202091
2658;Toluene;Water;298.5;0.997;0.999955992;0.999954792;L2;0.29605005
2658;Toluene;Water;302.85;0.995312238;0.999946816;0.999942714;L2;0.464559823
2658;Toluene;Water;303.134;0.9973;0.999946164;0.999941692;L2;0.264981446
2658;Toluene;Water;303.134;0.99715802;0.999946164;0.999941692;L2;0.279218898
2658;Toluene;Water;303.134;0.99686241;0.999946164;0.999941692;L2;0.308868544
2658;Toluene;Water;303.134;0.99694;0.999946164;0.999941692;L2;0.301085426
2658;Toluene;Water;303.143055;0.998605258;0.999946143;0.999941659;L2;0.134185757
2658;Toluene;Water;303.143055;0.998385859;0.999946143;0.999941659;L2;0.156158714
2658;Toluene;Water;303.143055;0.997412255;0.999946143;0.999941659;L2;0.253724101
2658;Toluene;Water;303.143055;0.986842587;0.999946143;0.999941659;L2;1.31908806
2658;Toluene;Water;303.143055;0.994906277;0.999946143;0.999941659;L2;0.505288224
2658;Toluene;Water;303.15;0.99709;0.999946127;0.999941634;L2;0.286036827
2658;Toluene;Water;303.15;0.99652;0.999946127;0.999941634;L2;0.343219528
2658;Toluene;Water;303.15;0.9885;0.999946127;0.999941634;L2;1.151276236
2658;Toluene;Water;303.15;0.9967;0.999946127;0.999941634;L2;0.3251583
2658;Toluene;Water;303.15;0.996532406;0.999946127;0.999941634;L2;0.341974603
2658;Toluene;Water;303.2;0.996938748;0.999946012;0.999941454;L2;0.301195778
2658;Toluene;Water;303.3;0.99701;0.999945781;0.999941094;L2;0.294025806
2658;Toluene;Water;305.35;0.99666;0.999940848;0.999933712;L2;0.32864364
2658;Toluene;Water;308.132;0.99649547;0.999933555;0.999923695;L2;0.344423764
2658;Toluene;Water;308.2;0.99675;0.999933367;0.99992345;L2;0.318865778
2658;Toluene;Water;310.928;0.99613;0.999925478;0.999913627;L2;0.380298301
2658;Toluene;Water;311.6306;0.9964;0.999923324;0.999911097;L2;0.352981644
2658;Toluene;Water;312.75;0.9943992;0.999919784;0.999907067;L2;0.5536324
2658;Toluene;Water;313.13;0.99617579;0.999918552;0.999905698;L2;0.375008922
2658;Toluene;Water;313.13;0.99626;0.999918552;0.999905698;L2;0.366555952
2658;Toluene;Water;313.15;0.995921679;0.999918486;0.999905626;L2;0.400514296
2658;Toluene;Water;313.15;0.99584;0.999918486;0.999905626;L2;0.40871598
2658;Toluene;Water;313.15;0.995074066;0.999918486;0.999905626;L2;0.485658934
2658;Toluene;Water;313.15;0.99568;0.999918486;0.999905626;L2;0.424784109
2658;Toluene;Water;313.5;0.99624;0.999917336;0.999904366;L2;0.368441955
2658;Toluene;Water;317.6;0.99557;0.999902823;0.999889603;L2;0.434265961
2658;Toluene;Water;318.15;0.994229054;0.999900723;0.999887622;L2;0.568838034
2658;Toluene;Water;321.1276;0.9951;0.999888685;0.999876901;L2;0.480072332
2658;Toluene;Water;323.127;0.995083852;0.999879937;0.999869701;L2;0.48082017
2658;Toluene;Water;323.127;0.99515;0.999879937;0.999869701;L2;0.474172911
2658;Toluene;Water;323.15;0.996989646;0.999879833;0.999869619;L2;0.289472003
2658;Toluene;Water;323.15;0.99541377;0.999879833;0.999869619;L2;0.447660482
2658;Toluene;Water;323.15;0.99325;0.999879833;0.999869619;L2;0.665271009
2658;Toluene;Water;323.15;0.992880457;0.999879833;0.999869619;L2;0.702483369
2658;Toluene;Water;323.15;0.993083911;0.999879833;0.999869619;L2;0.681994179
2658;Toluene;Water;323.15;0.9947;0.999879833;0.999869619;L2;0.519392063
2658;Toluene;Water;323.15;0.9876;0.999879833;0.999869619;L2;1.235734731
2658;Toluene;Water;324.2;0.99507;0.99987501;0.999865838;L2;0.481719514
2658;Toluene;Water;324.3;0.9945;0.999874543;0.999865478;L2;0.538971563
2658;Toluene;Water;327.6;0.99448;0.999858273;0.999853595;L2;0.539355461
2658;Toluene;Water;333.13437;0.978883267;0.999827058;0.999817607;L2;2.116992381
2658;Toluene;Water;333.15;0.99208;0.999826963;0.999817471;L2;0.777847742
2658;Toluene;Water;333.15;0.99289;0.999826963;0.999817471;L2;0.696234414
2658;Toluene;Water;333.15;0.993;0.999826963;0.999817471;L2;0.685156257
2658;Toluene;Water;333.25;0.992324519;0.99982635;0.999816601;L2;0.753142379
2658;Toluene;Water;333.624;0.9922;0.999824042;0.999813346;L2;0.765460537
2658;Toluene;Water;334.1;0.99333;0.999821067;0.999809203;L2;0.651339534
2658;Toluene;Water;341.124;0.9898;0.999772096;0.99974807;L2;1.002444668
2658;Toluene;Water;343.15;0.99054;0.999756073;0.999730437;L2;0.92610734
2658;Toluene;Water;343.55;0.989552312;0.999752802;0.999726956;L2;1.025541986
2658;Toluene;Water;348.15;0.9878;0.999712509;0.99968692;L2;1.198749883
2658;Toluene;Water;349.1234;0.9871;0.999703325;0.999678448;L2;1.268720823
2658;Toluene;Water;350.9;0.9885;0.999685938;0.999662986;L2;1.125252514
2658;Toluene;Water;353.15;0.9872;0.999662723;0.999643403;L2;1.254529188
2658;Toluene;Water;354.15;0.987493838;0.999651962;0.9996347;L2;1.223692319
2658;Toluene;Water;357.123;0.9842;0.999618288;0.999608825;L2;1.554436605
2658;Toluene;Water;363.15;0.9838;0.999541793;0.999525754;L2;1.587434276
2658;Toluene;Water;363.35;0.985792019;0.999539054;0.999522084;L2;1.384882888
2658;Toluene;Water;366.1233;0.9792;0.999499676;0.999471203;L2;2.051891809
2658;Toluene;Water;372.52449;0.98077;0.99939821;0.99935376;L2;1.88153307
2658;Toluene;Water;373.15;0.9774;0.999387456;0.999342284;L2;2.224656292
2658;Toluene;Water;373.15;0.9761;0.999387456;0.999342284;L2;2.357750757
2658;Toluene;Water;373.15;0.9774;0.999387456;0.999342284;L2;2.224656292
2658;Toluene;Water;373.25;0.9776;0.999385723;0.999340449;L2;2.204022462
2658;Toluene;Water;376.6;0.9778;0.999325292;0.999278987;L2;2.177519294
2658;Toluene;Water;394.261;0.9763;0.998921466;0.998886458;L2;2.29062463
2658;Toluene;Water;397.91941;0.96589;0.998817374;0.998761163;L2;3.352199656
2658;Toluene;Water;398.15;0.9575;0.998810551;0.998753266;L2;4.223940064
2658;Toluene;Water;398.15;0.9573;0.998810551;0.998753266;L2;4.244829974
2658;Toluene;Water;401.5;0.9589;0.998707797;0.998638534;L2;4.067544637
2658;Toluene;Water;401.75;0.959;0.998699851;0.998629972;L2;4.056320954
2658;Toluene;Water;413.15;0.9402;0.998293477;0.99823954;L2;5.99546799
2658;Toluene;Water;422.51449;0.94211;0.997888541;0.997855449;L2;5.751954721
2658;Toluene;Water;423.15;0.9308;0.997858506;0.997818218;L2;6.956705723
2658;Toluene;Water;423.45;0.927;0.99784421;0.997800642;L2;7.364359596
2658;Toluene;Water;446.95;0.893;0.996463834;0.996423879;L2;10.96262656
2790;Triethylamine;Water;291.528966;0.0542;1.59E-05;1.64E-05;L1;813.2831827
2790;Triethylamine;Water;291.5711057;0.044329;1.59E-05;1.64E-05;L1;793.1050858
2790;Triethylamine;Water;291.668882;0.05405785;1.60E-05;1.64E-05;L1;812.7751712
2790;Triethylamine;Water;291.698864;0.045445409;1.60E-05;1.64E-05;L1;795.3682976
2790;Triethylamine;Water;291.858768;0.05829;1.60E-05;1.64E-05;L1;819.9798108
2790;Triethylamine;Water;291.878756;0.030459453;1.60E-05;1.65E-05;L1;755.0413555
2790;Triethylamine;Water;291.918732;0.0341;1.60E-05;1.65E-05;L1;766.2613801
2790;Triethylamine;Water;291.9409846;0.030301;1.60E-05;1.65E-05;L1;754.4107082
2790;Triethylamine;Water;292.1386;0.029536431;1.61E-05;1.65E-05;L1;751.5087665
2790;Triethylamine;Water;292.15;0.024536478;1.61E-05;1.65E-05;L1;732.9424379
2790;Triethylamine;Water;292.19556;0.030459453;1.61E-05;1.65E-05;L1;754.486163
2790;Triethylamine;Water;292.748234;0.0245;1.63E-05;1.67E-05;L1;731.7460626
2790;Triethylamine;Water;293.138;0.019608528;1.64E-05;1.68E-05;L1;708.7932926
2790;Triethylamine;Water;293.15;0.022047064;1.64E-05;1.68E-05;L1;720.4937925
2790;Triethylamine;Water;293.19536;0.019396997;1.64E-05;1.68E-05;L1;707.6083485
2790;Triethylamine;Water;294.15;0.019884087;1.67E-05;1.71E-05;L1;708.4205641
2790;Triethylamine;Water;295.15;0.020011484;1.70E-05;1.74E-05;L1;707.3152058
2790;Triethylamine;Water;295.19496;0.017094917;1.70E-05;1.74E-05;L1;691.4843573
2790;Triethylamine;Water;295.222166;0.0178;1.70E-05;1.74E-05;L1;695.4786881
2790;Triethylamine;Water;296.28674;0.01619;1.73E-05;1.77E-05;L1;684.1454187
2790;Triethylamine;Water;297.15;0.017115643;1.76E-05;1.79E-05;L1;688.2056134
2790;Triethylamine;Water;297.19456;0.015244541;1.76E-05;1.79E-05;L1;676.5511305
2790;Triethylamine;Water;298.14437;0.014099834;1.79E-05;1.82E-05;L1;667.0981705
2790;Triethylamine;Water;299.15;0.015244541;1.82E-05;1.85E-05;L1;673.1633267
2790;Triethylamine;Water;299.19416;0.013423239;1.82E-05;1.85E-05;L1;660.363563
2790;Triethylamine;Water;301.004852;0.0125;1.88E-05;1.90E-05;L1;650.1121285
2790;Triethylamine;Water;301.15;0.012244723;1.88E-05;1.90E-05;L1;647.7986893
2790;Triethylamine;Water;301.19364;0.012224853;1.88E-05;1.90E-05;L1;647.5611079
2790;Triethylamine;Water;303.134;0.009089371;1.95E-05;1.96E-05;L1;614.5884167
2790;Triethylamine;Water;303.19304;0.010646296;1.95E-05;1.96E-05;L1;630.2977342
2790;Triethylamine;Water;303.903692;0.01047;1.97E-05;1.98E-05;L1;627.4093278
2790;Triethylamine;Water;308.19154;0.008318882;2.12E-05;2.15E-05;L1;597.0935967
2790;Triethylamine;Water;313.15;0.006604372;2.31E-05;2.35E-05;L1;565.6287605
2790;Triethylamine;Water;313.19004;0.006415483;2.31E-05;2.35E-05;L1;562.6596257
2790;Triethylamine;Water;319.098209;0.005626;2.55E-05;2.60E-05;L1;539.6445143
2790;Triethylamine;Water;323.15;0.004711174;2.73E-05;2.76E-05;L1;515.1873906
2790;Triethylamine;Water;333.15;0.003546448;3.21E-05;3.18E-05;L1;470.457677
2790;Triethylamine;Water;342.324;0.003069;3.72E-05;3.76E-05;L1;441.3039006
2790;Triethylamine;Water;343.15;0.002886379;3.77E-05;3.81E-05;L1;433.8592949
2790;Triethylamine;Water;353.15;0.002484948;4.41E-05;4.47E-05;L1;403.200135
2790;Triethylamine;Water;291.15;0.235078223;0.966033195;0.965320643;L2;141.3279875
2790;Triethylamine;Water;291.15;0.029031703;0.966033195;0.965320643;L2;350.4809758
2790;Triethylamine;Water;291.2466955;0.13189;0.966056203;0.965344877;L2;199.1253772
2790;Triethylamine;Water;291.2983245;0.115123;0.966068462;0.965357817;L2;212.7233582
2790;Triethylamine;Water;291.3093409;0.058685;0.966071076;0.965360578;L2;280.1053251
2790;Triethylamine;Water;291.3278627;0.070521;0.966075468;0.96536522;L2;261.7331418
2790;Triethylamine;Water;291.3596237;0.101534;0.966082994;0.96537318;L2;225.2856028
2790;Triethylamine;Water;291.3810258;0.077644;0.966088062;0.965378544;L2;252.1120715
2790;Triethylamine;Water;291.3812677;0.09463;0.96608812;0.965378604;L2;232.3280501
2790;Triethylamine;Water;291.3982415;0.093753;0.966092137;0.965382858;L2;233.2595545
2790;Triethylamine;Water;291.4396886;0.084;0.966101938;0.965393246;L2;244.2452556
2790;Triethylamine;Water;291.4404571;0.090466;0.96610212;0.965393439;L2;236.8295453
2790;Triethylamine;Water;291.469002;0.0856;0.966108863;0.965400593;L2;242.3591239
2790;Triethylamine;Water;291.469002;0.0636;0.966108863;0.965400593;L2;272.0663052
2790;Triethylamine;Water;291.4700014;0.0977;0.966109099;0.965400843;L2;229.1375208
2790;Triethylamine;Water;291.4700014;0.0934;0.966109099;0.965400843;L2;233.6385421
2790;Triethylamine;Water;291.4729996;0.0936;0.966109807;0.965401595;L2;233.4247116
2790;Triethylamine;Water;291.4809948;0.0599;0.966111694;0.965403598;L2;278.0602948
2790;Triethylamine;Water;291.4849924;0.0715;0.966112638;0.9654046;L2;260.358298
2790;Triethylamine;Water;291.4869912;0.1008;0.96611311;0.965405101;L2;226.0142563
2790;Triethylamine;Water;291.4969852;0.0771;0.966115468;0.965407606;L2;252.8180079
2790;Triethylamine;Water;291.4979846;0.0687;0.966115704;0.965407856;L2;264.3534404
2790;Triethylamine;Water;291.5009828;0.0765;0.966116411;0.965408608;L2;253.5993595
2790;Triethylamine;Water;291.508978;0.0557;0.966118298;0.965410612;L2;285.3306141
2790;Triethylamine;Water;291.528966;0.1179;0.966123011;0.965415621;L2;210.3454359
2790;Triethylamine;Water;291.53896;0.0816;0.966125367;0.965418126;L2;247.1464343
2790;Triethylamine;Water;291.53896;0.0781;0.966125367;0.965418126;L2;251.5303548
2790;Triethylamine;Water;291.5399594;0.0748;0.966125602;0.965418376;L2;255.8475964
2790;Triethylamine;Water;291.553951;0.0814;0.966128899;0.965421883;L2;247.3921988
2790;Triethylamine;Water;291.5649444;0.083;0.966131488;0.965424638;L2;245.4459334
2790;Triethylamine;Water;291.6608868;0.1371;0.966154053;0.965448684;L2;195.261271
2790;Triethylamine;Water;291.668882;0.115444545;0.966155931;0.965450687;L2;212.4534956
2790;Triethylamine;Water;291.698864;0.120542321;0.966162968;0.965458202;L2;208.1331621
2790;Triethylamine;Water;291.73884;0.1502;0.966172342;0.965468221;L2;186.1374487
2790;Triethylamine;Water;291.878756;0.164414585;0.966205069;0.965503287;L2;177.0984903
2790;Triethylamine;Water;291.88875;0.0956;0.966207402;0.965505792;L2;231.3205693
2790;Triethylamine;Water;292.1386;0.168873419;0.966265507;0.96556841;L2;174.4289214
2790;Triethylamine;Water;292.15;0.302118384;0.966268149;0.965571267;L2;116.2622442
2790;Triethylamine;Water;292.19556;0.196035983;0.966278697;0.965582686;L2;159.515407
2790;Triethylamine;Water;292.608318;0.1607;0.966373648;0.965686133;L2;179.4011286
2790;Triethylamine;Water;292.728246;0.2486;0.96640103;0.965716189;L2;135.7733714
2790;Triethylamine;Water;293.138;0.253448168;0.966493893;0.965818884;L2;133.8515643
2790;Triethylamine;Water;293.19536;0.287626829;0.966506807;0.965833259;L2;121.2024434
2790;Triethylamine;Water;293.607812;0.2805;0.966599056;0.96593663;L2;123.7210057
2790;Triethylamine;Water;293.6378;0.4824;0.966605721;0.965944146;L2;69.50170326
2790;Triethylamine;Water;294.15;0.412450573;0.9667187;0.966072515;L2;85.17911782
2790;Triethylamine;Water;294.157592;0.3773;0.966720363;0.966074418;L2;94.08686464
2790;Triethylamine;Water;295.067228;0.4603;0.96691698;0.966302395;L2;74.22341874
2790;Triethylamine;Water;295.15;0.470338616;0.966934621;0.966323139;L2;72.06779879
2790;Triethylamine;Water;295.19496;0.406942962;0.966944186;0.966334407;L2;86.54677417
2790;Triethylamine;Water;297.15;0.579985789;0.96734852;0.966824387;L2;51.15552422
2790;Triethylamine;Water;297.19456;0.512133339;0.967357476;0.966835555;L2;63.59830832
2790;Triethylamine;Water;299.15;0.644829322;0.967739464;0.967325635;L2;40.59772371
2790;Triethylamine;Water;299.19416;0.600234393;0.967747845;0.967336703;L2;47.76513287
2790;Triethylamine;Water;301.15;0.68153096;0.968108551;0.967826884;L2;35.10025414
2790;Triethylamine;Water;301.19364;0.645674995;0.968116369;0.967837821;L2;40.50560224
2790;Triethylamine;Water;303.134;0.665889798;0.968454106;0.968324122;L2;37.45769071
2790;Triethylamine;Water;303.19304;0.706060701;0.968464085;0.968338918;L2;31.60101869
2790;Triethylamine;Water;308.19154;0.790712248;0.969248586;0.969076496;L2;20.35869983
2790;Triethylamine;Water;313.15;0.81194466;0.96991749;0.969595537;L2;17.77788209
2790;Triethylamine;Water;313.19004;0.810341241;0.96992248;0.969599728;L2;17.97607069
2790;Triethylamine;Water;323.15;0.859405435;0.97097943;0.970642315;L2;12.2064488
2790;Triethylamine;Water;333.15;0.868265552;0.971715848;0.971689093;L2;11.25658213
2790;Triethylamine;Water;343.15;0.884587003;0.972180017;0.971971825;L2;9.442011697
2790;Triethylamine;Water;353.15;0.928617806;0.972410681;0.972208177;L2;4.608097625
2801;Tetrachloroethylene;Water;273.15;1.56E-05;;;L1;
2801;Tetrachloroethylene;Water;273.15;2.97E-05;;;L1;
2801;Tetrachloroethylene;Water;282.65;2.93E-05;1.32E-05;1.34E-05;L1;79.92551055
2801;Tetrachloroethylene;Water;283.148055;1.08E-05;1.33E-05;1.35E-05;L1;20.8985399
2801;Tetrachloroethylene;Water;288.146555;8.15E-06;1.47E-05;1.52E-05;L1;59.19723817
2801;Tetrachloroethylene;Water;292.65;3.11E-05;1.61E-05;1.67E-05;L1;65.71883978
2801;Tetrachloroethylene;Water;293.14537;1.48E-05;1.63E-05;1.69E-05;L1;9.521656645
2801;Tetrachloroethylene;Water;293.14537;1.63E-05;1.63E-05;1.69E-05;L1;0.132136059
2801;Tetrachloroethylene;Water;293.14537;9.50E-06;1.63E-05;1.69E-05;L1;53.85519486
2801;Tetrachloroethylene;Water;293.15;2.81E-05;1.63E-05;1.69E-05;L1;54.58340785
2801;Tetrachloroethylene;Water;294.9444101;9.52E-06;1.69E-05;1.75E-05;L1;57.19982139
2801;Tetrachloroethylene;Water;297.1956598;1.01E-05;1.76E-05;1.82E-05;L1;55.70581063
2801;Tetrachloroethylene;Water;297.9944;2.17E-05;1.79E-05;1.85E-05;L1;19.21118936
2801;Tetrachloroethylene;Water;298;2.17E-05;1.79E-05;1.85E-05;L1;19.20026121
2801;Tetrachloroethylene;Water;298.136;1.63E-05;1.80E-05;1.85E-05;L1;9.679792711
2801;Tetrachloroethylene;Water;298.14437;5.28E-05;1.80E-05;1.85E-05;L1;107.8384893
2801;Tetrachloroethylene;Water;298.14437;4.35E-05;1.80E-05;1.85E-05;L1;88.463464
2801;Tetrachloroethylene;Water;298.14437;2.17E-05;1.80E-05;1.85E-05;L1;18.91859625
2801;Tetrachloroethylene;Water;299.14417;1.64E-06;1.83E-05;1.89E-05;L1;241.290096
2801;Tetrachloroethylene;Water;302.8719364;1.25E-05;1.97E-05;2.01E-05;L1;45.3929491
2801;Tetrachloroethylene;Water;303.143055;1.26E-05;1.98E-05;2.02E-05;L1;45.11695465
2801;Tetrachloroethylene;Water;304.25;2.40E-05;2.02E-05;2.06E-05;L1;17.1968547
2801;Tetrachloroethylene;Water;305.5449342;1.75E-05;2.07E-05;2.10E-05;L1;16.86142354
2801;Tetrachloroethylene;Water;308.4920498;2.15E-05;2.19E-05;2.20E-05;L1;1.867543508
2801;Tetrachloroethylene;Water;312.2134331;2.71E-05;2.35E-05;2.37E-05;L1;14.29245254
2801;Tetrachloroethylene;Water;313.13;1.81E-05;2.39E-05;2.42E-05;L1;27.77867239
2801;Tetrachloroethylene;Water;313.140055;1.80E-05;2.39E-05;2.42E-05;L1;28.35141155
2801;Tetrachloroethylene;Water;313.15;2.31E-05;2.39E-05;2.42E-05;L1;3.423841345
2801;Tetrachloroethylene;Water;321.2830114;3.68E-05;2.78E-05;2.86E-05;L1;28.18589004
2801;Tetrachloroethylene;Water;323.25;2.97E-05;2.88E-05;2.96E-05;L1;3.188048466
2801;Tetrachloroethylene;Water;333.124;2.23E-05;3.43E-05;3.49E-05;L1;43.04317477
2801;Tetrachloroethylene;Water;334.45;3.30E-05;3.51E-05;3.56E-05;L1;6.172970408
2801;Tetrachloroethylene;Water;337.1310705;6.28E-05;3.68E-05;3.71E-05;L1;53.50410271
2801;Tetrachloroethylene;Water;341.1989351;7.40E-05;3.95E-05;3.96E-05;L1;62.90097153
2801;Tetrachloroethylene;Water;343.124;2.61E-05;4.08E-05;4.12E-05;L1;44.60328743
2801;Tetrachloroethylene;Water;344.15;4.10E-05;4.15E-05;4.20E-05;L1;1.186496832
2801;Tetrachloroethylene;Water;345.121458;8.04E-05;4.22E-05;4.28E-05;L1;64.50831612
2801;Tetrachloroethylene;Water;353.35;4.13E-05;4.84E-05;4.96E-05;L1;15.90095497
2801;Tetrachloroethylene;Water;356.0934654;0.000119622;5.07E-05;5.19E-05;L1;85.91609523
2801;Tetrachloroethylene;Water;364.95;5.68E-05;5.85E-05;5.92E-05;L1;2.963402486
2801;Tetrachloroethylene;Water;366.5020947;0.000155554;6.00E-05;6.05E-05;L1;95.2933703
2801;Tetrachloroethylene;Water;273.15;0.999585943;;;L2;
2801;Tetrachloroethylene;Water;279.8716186;0.999625495;;;L2;
2801;Tetrachloroethylene;Water;282.4763566;0.999576745;0.999997143;0.999997092;L2;0.042048781
2801;Tetrachloroethylene;Water;282.65;0.999503168;0.999997112;0.999997028;L2;0.049406767
2801;Tetrachloroethylene;Water;288.141;0.999633299;0.999995967;0.999995015;L2;0.036273516
2801;Tetrachloroethylene;Water;289.146255;0.999475579;0.999995719;0.999994646;L2;0.052027755
2801;Tetrachloroethylene;Water;289.146255;0.999472821;0.999995719;0.999994646;L2;0.0523037
2801;Tetrachloroethylene;Water;289.146255;0.999493972;0.999995719;0.999994646;L2;0.050187507
2801;Tetrachloroethylene;Water;289.4282704;0.999436957;0.999995647;0.999994543;L2;0.055884867
2801;Tetrachloroethylene;Water;291.14577;0.999482017;0.999995186;0.999993913;L2;0.05133033
2801;Tetrachloroethylene;Water;291.14577;0.999415808;0.999995186;0.999993913;L2;0.05795488
2801;Tetrachloroethylene;Water;291.14577;0.999447992;0.999995186;0.999993913;L2;0.054734651
2801;Tetrachloroethylene;Water;292.65;0.999310075;0.999994748;0.999993362;L2;0.068491107
2801;Tetrachloroethylene;Water;293.138;0.999520905;0.999994599;0.999993183;L2;0.047380836
2801;Tetrachloroethylene;Water;294.44511;0.999340414;0.99999418;0.999992703;L2;0.065398363
2801;Tetrachloroethylene;Water;294.44511;0.999310075;0.99999418;0.999992703;L2;0.068434311
2801;Tetrachloroethylene;Water;294.6656659;0.999247564;0.999994107;0.999992623;L2;0.074682589
2801;Tetrachloroethylene;Water;295.14497;0.999364318;0.999993945;0.999992447;L2;0.062982865
2801;Tetrachloroethylene;Water;296.14477;0.999282495;0.999993594;0.99999208;L2;0.071135628
2801;Tetrachloroethylene;Water;296.14477;0.999272383;0.999993594;0.99999208;L2;0.07214756
2801;Tetrachloroethylene;Water;296.14477;0.999268706;0.999993594;0.99999208;L2;0.072515528
2801;Tetrachloroethylene;Water;297.9944;0.999080288;0.999992898;0.999991402;L2;0.09130333
2801;Tetrachloroethylene;Water;298.136;0.999034444;0.999992842;0.99999135;L2;0.09588647
2801;Tetrachloroethylene;Water;298.136;0.999384594;0.999992842;0.99999135;L2;0.060843769
2801;Tetrachloroethylene;Water;298.14437;0.999080288;0.999992839;0.999991347;L2;0.091297413
2801;Tetrachloroethylene;Water;298.74445;0.999097749;0.999992598;0.999991127;L2;0.089525613
2801;Tetrachloroethylene;Water;299.14417;0.999218149;0.999992433;0.99999098;L2;0.07745902
2801;Tetrachloroethylene;Water;302.143355;0.999130833;0.999991095;0.999989881;L2;0.086063996
2801;Tetrachloroethylene;Water;302.143355;0.999138186;0.999991095;0.999989881;L2;0.085328059
2801;Tetrachloroethylene;Water;302.143355;0.999207303;0.999991095;0.999989881;L2;0.078410637
2801;Tetrachloroethylene;Water;303.143055;0.999043531;0.999990606;0.999989514;L2;0.094753225
2801;Tetrachloroethylene;Water;304.25;0.999163001;0.999990037;0.999989108;L2;0.082738602
2801;Tetrachloroethylene;Water;305.3014073;0.998722009;0.999989469;0.999988723;L2;0.126827706
2801;Tetrachloroethylene;Water;313.140055;0.998474104;0.999984281;0.999982813;L2;0.151134269
2801;Tetrachloroethylene;Water;313.15;0.999043531;0.999984274;0.999982799;L2;0.094120026
2801;Tetrachloroethylene;Water;313.3624883;0.998152909;0.999984107;0.999982516;L2;0.183290567
2801;Tetrachloroethylene;Water;321.414372;0.997621048;0.999976554;0.99997178;L2;0.235834018
2801;Tetrachloroethylene;Water;323.137055;0.997410277;0.99997459;0.999969483;L2;0.256767153
2801;Tetrachloroethylene;Water;323.25;0.998924087;0.999974456;0.999969332;L2;0.105094802
2801;Tetrachloroethylene;Water;323.5962172;0.997108005;0.999974043;0.999968871;L2;0.287022748
2801;Tetrachloroethylene;Water;329.5825208;0.996229598;0.999965938;0.999960888;L2;0.374346573
2801;Tetrachloroethylene;Water;333.7161536;0.995407342;0.99995916;0.999955377;L2;0.456239536
2801;Tetrachloroethylene;Water;334.45;0.998694459;0.999957843;0.999954398;L2;0.126423649
2801;Tetrachloroethylene;Water;338.8493268;0.994312881;0.999949172;0.999948532;L2;0.565252338
2801;Tetrachloroethylene;Water;344.15;0.998116213;0.999936756;0.999931223;L2;0.182231806
2801;Tetrachloroethylene;Water;344.6021139;0.992311927;0.999935588;0.999929505;L2;0.765336452
2801;Tetrachloroethylene;Water;353.35;0.998033655;0.999909109;0.99989626;L2;0.18773859
2801;Tetrachloroethylene;Water;364.95;0.997749382;0.999860351;0.999852175;L2;0.211349536
2846;Water;Propyl acetate;273.15;0.062385194;0.035095061;0.035371767;L1;57.52675606
2846;Water;Propyl acetate;282.648205;0.072499006;0.037713206;0.037844457;L1;65.35625312
2846;Water;Propyl acetate;288.15;0.076992501;0.039337367;0.039391227;L1;67.15331449
2846;Water;Propyl acetate;288.15;0.074000778;0.039337367;0.039391227;L1;63.19007241
2846;Water;Propyl acetate;288.2;0.0805;0.039352488;0.039408028;L1;71.5697981
2846;Water;Propyl acetate;291.29574;0.0747;0.040301365;0.040448251;L1;61.70947614
2846;Water;Propyl acetate;293.138;0.089;0.040877868;0.041067283;L1;77.80475689
2846;Water;Propyl acetate;293.138;0.089290844;0.040877868;0.041067283;L1;78.1310151
2846;Water;Propyl acetate;293.14537;0.083912502;0.040880192;0.04106976;L1;71.91289602
2846;Water;Propyl acetate;293.14537;0.114;0.040880192;0.04106976;L1;102.5552795
2846;Water;Propyl acetate;293.14537;0.114;0.040880192;0.04106976;L1;102.5552795
2846;Water;Propyl acetate;293.15;0.052;0.040881653;0.041071315;L1;24.05623497
2846;Water;Propyl acetate;293.15;0.089;0.040881653;0.041071315;L1;77.79550009
2846;Water;Propyl acetate;293.9952;0.0907;0.041149127;0.041355318;L1;79.0354642
2846;Water;Propyl acetate;298.15;0.081450762;0.042491066;0.042751404;L1;65.07048564
2846;Water;Propyl acetate;298.2;0.1445;0.04250749;0.042768205;L1;122.3599221
2846;Water;Propyl acetate;298.2;0.077986256;0.04250749;0.042768205;L1;60.68523193
2846;Water;Propyl acetate;298.2;0.066958497;0.04250749;0.042768205;L1;45.4392693
2846;Water;Propyl acetate;303.134;0.084403567;0.044160459;0.044426116;L1;64.77798599
2846;Water;Propyl acetate;303.134;0.074500491;0.044160459;0.044426116;L1;52.29759121
2846;Water;Propyl acetate;303.143055;0.097982211;0.044163552;0.044429159;L1;79.68861135
2846;Water;Propyl acetate;303.15;0.082;0.044165924;0.044431493;L1;61.87657116
2846;Water;Propyl acetate;303.15;0.1;0.044165924;0.044431493;L1;81.72166504
2846;Water;Propyl acetate;303.2;0.1033;0.044183004;0.044448293;L1;84.9297179
2846;Water;Propyl acetate;303.2;0.075498604;0.044183004;0.044448293;L1;53.57739688
2846;Water;Propyl acetate;308.132;0.113106398;0.045900317;0.046105533;L1;90.18569279
2846;Water;Propyl acetate;308.2;0.090748793;0.045924445;0.046128382;L1;68.10976183
2846;Water;Propyl acetate;310.29091;0.1098;0.046672377;0.046830965;L1;85.55080399
2846;Water;Propyl acetate;313.140055;0.14;0.047710357;0.047788328;L1;107.6493918
2846;Water;Propyl acetate;313.140055;0.111705938;0.047710357;0.047788328;L1;85.07213599
2846;Water;Propyl acetate;313.15;0.11636034;0.047714018;0.04779167;L1;89.14665142
2846;Water;Propyl acetate;313.15;0.114968151;0.047714018;0.04779167;L1;87.94299008
2846;Water;Propyl acetate;313.15;0.13;0.047714018;0.04779167;L1;100.2309209
2846;Water;Propyl acetate;313.15;0.11;0.047714018;0.04779167;L1;83.52551245
2846;Water;Propyl acetate;313.15;0.082;0.047714018;0.04779167;L1;54.14940059
2846;Water;Propyl acetate;317.52868;0.136;0.049351976;0.049431373;L1;101.3677081
2846;Water;Propyl acetate;318.2;0.107011902;0.049607697;0.049709054;L1;76.87940646
2846;Water;Propyl acetate;323.127;0.104;0.051522225;0.051747034;L1;70.23776392
2846;Water;Propyl acetate;323.137055;0.117286508;0.0515262;0.051751193;L1;82.25293118
2846;Water;Propyl acetate;323.176985;0.1037;0.05154199;0.051767709;L1;69.91053057
2846;Water;Propyl acetate;323.576865;0.104;0.051700359;0.051933114;L1;69.892617
2846;Water;Propyl acetate;331.28474;0.1461;0.054840049;0.05512136;L1;97.98705796
2846;Water;Propyl acetate;333.13437;0.162;0.05561834;0.055886432;L1;106.9083332
2846;Water;Propyl acetate;333.23435;0.124183271;0.055660687;0.055927787;L1;80.248437
2846;Water;Propyl acetate;338.124;0.14;0.057766642;0.057950317;L1;88.52309381
2846;Water;Propyl acetate;338.174;0.1404;0.057788533;0.057970999;L1;88.77051337
2846;Water;Propyl acetate;339.424;0.144;0.058338148;0.058488043;L1;90.35570853
2846;Water;Propyl acetate;343.631905;0.146997111;0.060221828;0.06022858;L1;89.23780574
2846;Water;Propyl acetate;345.88123;0.1731;0.061250116;0.061333217;L1;103.8903715
2846;Water;Propyl acetate;349.62335;0.172;0.062994225;0.063193608;L1;100.4451416
2846;Water;Propyl acetate;353.123;0.183;0.064663485;0.064933456;L1;104.028948
2846;Water;Propyl acetate;353.129055;0.149618461;0.064666406;0.064936466;L1;83.88466261
2846;Water;Propyl acetate;353.173;0.183;0.064687604;0.064958313;L1;103.9916564
2846;Water;Propyl acetate;355.883;0.19;0.066006273;0.066305587;L1;105.7274284
2846;Water;Propyl acetate;357.123;0.219;0.066617181;0.066922052;L1;119.0109208
2846;Water;Propyl acetate;362.67646;0.2116;0.069411878;0.069682949;L1;111.4639695
2846;Water;Propyl acetate;363.65;0.1374;0.069911776;0.070166944;L1;67.5662273
2846;Water;Propyl acetate;273.15;0.99392;0.996066998;0.995974142;L2;0.215780225
2846;Water;Propyl acetate;273.15;0.994184198;0.996066998;0.995974142;L2;0.189202342
2846;Water;Propyl acetate;273.35;0.99380435;0.996071036;0.995978574;L2;0.227821955
2846;Water;Propyl acetate;282.648205;0.994981518;0.996224601;0.996184605;L2;0.124857348
2846;Water;Propyl acetate;283.144;0.99537;0.99623109;0.99619559;L2;0.086472129
2846;Water;Propyl acetate;283.15;0.995145201;0.996231167;0.996195723;L2;0.109066931
2846;Water;Propyl acetate;288.15;0.996047861;0.996288218;0.996279161;L2;0.024128206
2846;Water;Propyl acetate;288.2;0.9954;0.996288716;0.996279365;L2;0.089242443
2846;Water;Propyl acetate;293.138;0.996047861;0.996331266;0.99629948;L2;0.02844891
2846;Water;Propyl acetate;293.138;0.99586;0.996331266;0.99629948;L2;0.047311328
2846;Water;Propyl acetate;293.138;0.996613559;0.996331266;0.99629948;L2;0.028329227
2846;Water;Propyl acetate;293.138;0.996;0.996331266;0.99629948;L2;0.033254115
2846;Water;Propyl acetate;293.14537;0.995938031;0.99633132;0.99629951;L2;0.039481534
2846;Water;Propyl acetate;293.14537;0.996;0.99633132;0.99629951;L2;0.033259553
2846;Water;Propyl acetate;293.15;0.996191239;0.996331354;0.996299529;L2;0.014064108
2846;Water;Propyl acetate;293.15;0.997;0.996331354;0.996299529;L2;0.06708827
2846;Water;Propyl acetate;293.15;0.995929515;0.996331354;0.996299529;L2;0.040340026
2846;Water;Propyl acetate;295.1372;0.997049508;0.996344998;0.996307624;L2;0.070684488
2846;Water;Propyl acetate;298.09438;0.996070219;0.996361887;0.99631967;L2;0.029277565
2846;Water;Propyl acetate;298.14437;0.996324066;0.996362138;0.996319874;L2;0.003821221
2846;Water;Propyl acetate;298.14437;0.996191239;0.996362138;0.996319874;L2;0.017153816
2846;Water;Propyl acetate;298.15;0.995666902;0.996362167;0.996319897;L2;0.069804681
2846;Water;Propyl acetate;298.15;0.996321953;0.996362167;0.996319897;L2;0.004036138
2846;Water;Propyl acetate;298.15;0.996148259;0.996362167;0.996319897;L2;0.02147118
2846;Water;Propyl acetate;298.15;0.995994271;0.996362167;0.996319897;L2;0.036930716
2846;Water;Propyl acetate;298.15;0.996132722;0.996362167;0.996319897;L2;0.023030899
2846;Water;Propyl acetate;298.2;0.9959;0.996362417;0.996320101;L2;0.046421319
2846;Water;Propyl acetate;298.2;0.996148;0.996362417;0.996320101;L2;0.021522321
2846;Water;Propyl acetate;298.2;0.99612102;0.996362417;0.996320101;L2;0.02423079
2846;Water;Propyl acetate;298.2;0.996413164;0.996362417;0.996320101;L2;0.005093073
2846;Water;Propyl acetate;300.19394;0.99618;0.996371523;0.996328223;L2;0.019223897
2846;Water;Propyl acetate;303.134;0.996777245;0.996381909;0.9963402;L2;0.039669322
2846;Water;Propyl acetate;303.134;0.99632;0.996381909;0.9963402;L2;0.006213538
2846;Water;Propyl acetate;303.134;0.996777245;0.996381909;0.9963402;L2;0.039669322
2846;Water;Propyl acetate;303.143055;0.996449627;0.996381935;0.996340237;L2;0.006793528
2846;Water;Propyl acetate;303.15;0.994;0.996381956;0.996340265;L2;0.239346694
2846;Water;Propyl acetate;303.15;0.996289506;0.996381956;0.996340265;L2;0.009278957
2846;Water;Propyl acetate;303.2;0.9962;0.996382102;0.996340469;L2;0.018277948
2846;Water;Propyl acetate;303.2;0.996356;0.996382102;0.996340469;L2;0.002619668
2846;Water;Propyl acetate;303.2;0.996449627;0.996382102;0.996340469;L2;0.006776833
2846;Water;Propyl acetate;303.25;0.996496183;0.996382247;0.996340672;L2;0.011434359
2846;Water;Propyl acetate;307.89163;0.99649;0.996391508;0.99635958;L2;0.009884335
2846;Water;Propyl acetate;308.132;0.996777245;0.996391769;0.996360559;L2;0.038679756
2846;Water;Propyl acetate;308.2;0.995110767;0.996391838;0.996360836;L2;0.128653764
2846;Water;Propyl acetate;308.2;0.99651;0.996391838;0.996360836;L2;0.011858251
2846;Water;Propyl acetate;311.49055;0.99656;0.996393249;0.996374241;L2;0.016734037
2846;Water;Propyl acetate;313.140055;0.996;0.996392547;0.99638096;L2;0.03940459
2846;Water;Propyl acetate;313.140055;0.996649955;0.996392547;0.99638096;L2;0.025830653
2846;Water;Propyl acetate;313.15;0.996556142;0.99639254;0.996381001;L2;0.01641808
2846;Water;Propyl acetate;313.15;0.994;0.99639254;0.996381001;L2;0.240408979
2846;Water;Propyl acetate;313.15;0.99;0.99639254;0.996381001;L2;0.643635332
2846;Water;Propyl acetate;313.15;0.996558942;0.99639254;0.996381001;L2;0.016699048
2846;Water;Propyl acetate;313.2;0.996629;0.996392504;0.996381204;L2;0.023732376
2846;Water;Propyl acetate;313.25;0.996807511;0.996392468;0.996381408;L2;0.041645924
2846;Water;Propyl acetate;314.18974;0.99667;0.996391626;0.996385236;L2;0.027934321
2846;Water;Propyl acetate;317.52868;0.9969;0.996386317;0.996378022;L2;0.051541304
2846;Water;Propyl acetate;318.2;0.993474747;0.996384824;0.996374315;L2;0.292490854
2846;Water;Propyl acetate;318.2;0.996757;0.996384824;0.996374315;L2;0.037345707
2846;Water;Propyl acetate;322.38728;0.99676;0.996372408;0.996351196;L2;0.038892722
2846;Water;Propyl acetate;323.127;0.9968;0.996369673;0.996347112;L2;0.043180127
2846;Water;Propyl acetate;323.137055;0.996922537;0.996369635;0.996347057;L2;0.05547625
2846;Water;Propyl acetate;323.15;0.996745534;0.996369586;0.996346985;L2;0.037724683
2846;Water;Propyl acetate;323.176985;0.9968;0.996369483;0.996346836;L2;0.043199251
2846;Water;Propyl acetate;323.25;0.99696183;0.996369203;0.996346433;L2;0.059460952
2846;Water;Propyl acetate;323.576865;0.9968;0.996367932;0.996344628;L2;0.043354856
2846;Water;Propyl acetate;333.13437;0.996;0.996317618;0.996291859;L2;0.031884282
2846;Water;Propyl acetate;333.15;0.996766458;0.996317516;0.996291773;L2;0.045050016
2846;Water;Propyl acetate;333.23435;0.997067634;0.996316962;0.996291307;L2;0.075316327
2846;Water;Propyl acetate;333.25;0.997050942;0.996316859;0.996291221;L2;0.073652535
2846;Water;Propyl acetate;336.38372;0.99676;0.996294977;0.996273919;L2;0.046664304
2846;Water;Propyl acetate;338.124;0.9968;0.996281749;0.99626431;L2;0.052005029
2846;Water;Propyl acetate;338.174;0.9968;0.996281357;0.996264034;L2;0.052044304
2846;Water;Propyl acetate;339.424;0.9968;0.996271373;0.996257133;L2;0.05304644
2846;Water;Propyl acetate;343.25;0.997024761;0.996238432;0.996236009;L2;0.078898665
2846;Water;Propyl acetate;343.631905;0.996922537;0.996234949;0.9962339;L2;0.068994822
2846;Water;Propyl acetate;345.58132;0.99672;0.996216629;0.996210859;L2;0.050515498
2846;Water;Propyl acetate;349.62335;0.9967;0.996175787;0.996160762;L2;0.052608731
2846;Water;Propyl acetate;351.57952;0.99667;0.996154657;0.996136517;L2;0.051719876
2846;Water;Propyl acetate;353.123;0.9967;0.996137365;0.996117388;L2;0.056465773
2846;Water;Propyl acetate;353.129055;0.997031378;0.996137296;0.996117312;L2;0.089714682
2846;Water;Propyl acetate;353.173;0.9966;0.996136795;0.996116768;L2;0.046489309
2846;Water;Propyl acetate;355.57832;0.9966;0.996108739;0.996086956;L2;0.049305868
2846;Water;Propyl acetate;355.883;0.9967;0.996105092;0.99608318;L2;0.059705637
2846;Water;Propyl acetate;357.77766;0.99656;0.996081942;0.996059698;L2;0.047982368
2846;Water;Propyl acetate;361.4767;0.99649;0.996034431;0.996013852;L2;0.045727825
2846;Water;Propyl acetate;363.32633;0.997591993;0.996009535;0.995990927;L2;0.15875377
2846;Water;Propyl acetate;363.65;0.9969;0.9960051;0.995986916;L2;0.089808583
2846;Water;Propyl acetate;367.1234;0.995;0.995956061;0.995943867;L2;0.096040391
2865;Water;3-Methyl-1-butanol;273.15;0.326;0.388579479;0.389074336;L1;17.5600347
2865;Water;3-Methyl-1-butanol;273.15;0.333834253;0.388579479;0.389074336;L1;15.18531071
2865;Water;3-Methyl-1-butanol;283.144;0.326117116;0.385444253;0.385788259;L1;16.71400046
2865;Water;3-Methyl-1-butanol;283.248025;0.335940649;0.385418218;0.385768266;L1;13.7394522
2865;Water;3-Methyl-1-butanol;288.141;0.335336046;0.384340015;0.384827894;L1;13.63944658
2865;Water;3-Methyl-1-butanol;288.2;0.346586783;0.384328734;0.384816555;L1;10.33650217
2865;Water;3-Methyl-1-butanol;291.9956;0.339864341;0.383686722;0.384087086;L1;12.12798517
2865;Water;3-Methyl-1-butanol;292.94541;0.342461613;0.383551471;0.383904544;L1;11.33142532
2865;Water;3-Methyl-1-butanol;293.138;0.342383909;0.383525268;0.38386753;L1;11.34728589
2865;Water;3-Methyl-1-butanol;293.138;0.338560164;0.383525268;0.38386753;L1;12.47036937
2865;Water;3-Methyl-1-butanol;293.15;0.359241381;0.383523649;0.383865224;L1;6.540675268
2865;Water;3-Methyl-1-butanol;293.15;0.338;0.383523649;0.383865224;L1;12.63553902
2865;Water;3-Methyl-1-butanol;293.15;0.340124732;0.383523649;0.383865224;L1;12.00888765
2865;Water;3-Methyl-1-butanol;293.15;0.119548568;0.383523649;0.383865224;L1;116.567857
2865;Water;3-Methyl-1-butanol;293.2;0.3283;0.38351692;0.383855614;L1;15.54559157
2865;Water;3-Methyl-1-butanol;298;0.35974025;0.382997594;0.383052276;L1;6.264646413
2865;Water;3-Methyl-1-butanol;298.136;0.326117116;0.382986477;0.383052785;L1;16.0743112
2865;Water;3-Methyl-1-butanol;298.136;0.3459;0.382986477;0.383052785;L1;10.18499644
2865;Water;3-Methyl-1-butanol;298.136;0.33;0.382986477;0.383052785;L1;14.89070259
2865;Water;3-Methyl-1-butanol;298.136;0.326;0.382986477;0.383052785;L1;16.1102299
2865;Water;3-Methyl-1-butanol;298.136;0.349273758;0.382986477;0.383052785;L1;9.214365875
2865;Water;3-Methyl-1-butanol;298.136;0.347099814;0.382986477;0.383052785;L1;9.838729334
2865;Water;3-Methyl-1-butanol;298.136;0.342202548;0.382986477;0.383052785;L1;11.2596873
2865;Water;3-Methyl-1-butanol;298.15;0.3302;0.382985344;0.383052838;L1;14.82981897
2865;Water;3-Methyl-1-butanol;298.19436;0.3414;0.382981766;0.383053004;L1;11.49325699
2865;Water;3-Methyl-1-butanol;298.2;0.3207;0.382981313;0.383053025;L1;17.74800899
2865;Water;3-Methyl-1-butanol;298.2;0.347356112;0.382981313;0.383053025;L1;9.76356835
2865;Water;3-Methyl-1-butanol;298.2;0.305827613;0.382981313;0.383053025;L1;22.49646096
2865;Water;3-Methyl-1-butanol;303.134;0.346073173;0.382711249;0.383071493;L1;10.06305499
2865;Water;3-Methyl-1-butanol;303.134;0.356236473;0.382711249;0.383071493;L1;7.168602494
2865;Water;3-Methyl-1-butanol;303.15;0.373003221;0.382710778;0.383071553;L1;2.569250056
2865;Water;3-Methyl-1-butanol;303.15;0.299;0.382710778;0.383071553;L1;24.68359822
2865;Water;3-Methyl-1-butanol;303.15;0.353969556;0.382710778;0.383071553;L1;7.806864612
2865;Water;3-Methyl-1-butanol;303.15;0.3766;0.382710778;0.383071553;L1;1.609593933
2865;Water;3-Methyl-1-butanol;303.342995;0.359241381;0.382705304;0.383072275;L1;6.327071995
2865;Water;3-Methyl-1-butanol;308.2;0.341683977;0.382689207;0.383090454;L1;11.33369234
2865;Water;3-Methyl-1-butanol;308.2;0.363958358;0.382689207;0.383090454;L1;5.018372946
2865;Water;3-Methyl-1-butanol;313.13;0.362226303;0.382905321;0.383108907;L1;5.551859078
2865;Water;3-Methyl-1-butanol;313.140055;0.363958358;0.382905994;0.383108945;L1;5.075005232
2865;Water;3-Methyl-1-butanol;313.140055;0.37;0.382905994;0.383108945;L1;3.428650667
2865;Water;3-Methyl-1-butanol;313.15;0.308;0.382906661;0.383108982;L1;21.76914711
2865;Water;3-Methyl-1-butanol;313.15;0.37996535;0.382906661;0.383108982;L1;0.771118974
2865;Water;3-Methyl-1-butanol;313.15;0.357991776;0.382906661;0.383108982;L1;6.728124002
2865;Water;3-Methyl-1-butanol;313.2;0.3461;0.382910026;0.383109169;L1;10.10722913
2865;Water;3-Methyl-1-butanol;318.2;0.393565669;0.383361617;0.383524163;L1;2.626922585
2865;Water;3-Methyl-1-butanol;318.2;0.392178335;0.383361617;0.383524163;L1;2.273796011
2865;Water;3-Methyl-1-butanol;322.62715;0.389;0.383946501;0.384279888;L1;1.307612094
2865;Water;3-Methyl-1-butanol;323.037085;0.389856175;0.384009216;0.384349865;L1;1.51113364
2865;Water;3-Methyl-1-butanol;323.15;0.387521509;0.384026743;0.38436914;L1;0.905916149
2865;Water;3-Methyl-1-butanol;332.93441;0.399526364;0.385947085;0.386039364;L1;3.457948183
2865;Water;3-Methyl-1-butanol;333.13437;0.4;0.3859944;0.386073498;L1;3.564168508
2865;Water;3-Methyl-1-butanol;343.132055;0.419755883;0.388752491;0.389059871;L1;7.673044102
2865;Water;3-Methyl-1-butanol;353.129055;0.433000494;0.392244994;0.392278808;L1;9.885224055
2865;Water;3-Methyl-1-butanol;363.12637;0.452500812;0.396426246;0.396686418;L1;13.22995452
2865;Water;3-Methyl-1-butanol;368.06;0.446;0.398731172;0.398861553;L1;11.2031516
2865;Water;3-Methyl-1-butanol;273.15;0.99167;0.998072477;0.998065682;L2;0.643550554
2865;Water;3-Methyl-1-butanol;273.15;0.992143945;0.998072477;0.998065682;L2;0.595769358
2865;Water;3-Methyl-1-butanol;283.144;0.994147324;0.997867921;0.997862046;L2;0.373551524
2865;Water;3-Methyl-1-butanol;283.15;0.99137618;0.997867793;0.997861911;L2;0.652673659
2865;Water;3-Methyl-1-butanol;283.248025;0.993418432;0.99786569;0.997859709;L2;0.446673073
2865;Water;3-Methyl-1-butanol;288.141;0.993545206;0.997758252;0.997749799;L2;0.42314519
2865;Water;3-Methyl-1-butanol;288.141;0.993534468;0.997758252;0.997749799;L2;0.424225972
2865;Water;3-Methyl-1-butanol;288.141;0.993794102;0.997758252;0.997749799;L2;0.398097026
2865;Water;3-Methyl-1-butanol;288.2;0.994723283;0.997756927;0.997748474;L2;0.304509544
2865;Water;3-Methyl-1-butanol;291.9956;0.994552892;0.997670151;0.997663214;L2;0.31294306
2865;Water;3-Methyl-1-butanol;292.94541;0.994488938;0.997647964;0.997641879;L2;0.317149745
2865;Water;3-Methyl-1-butanol;293.138;0.994025409;0.997643442;0.997637552;L2;0.363317094
2865;Water;3-Methyl-1-butanol;293.138;0.994040387;0.997643442;0.997637552;L2;0.361810303
2865;Water;3-Methyl-1-butanol;293.138;0.99445;0.997643442;0.997637552;L2;0.320611914
2865;Water;3-Methyl-1-butanol;293.138;0.994031829;0.997643442;0.997637552;L2;0.362671237
2865;Water;3-Methyl-1-butanol;293.138;0.994249902;0.997643442;0.997637552;L2;0.340735412
2865;Water;3-Methyl-1-butanol;293.138;0.994787123;0.997643442;0.997637552;L2;0.286717211
2865;Water;3-Methyl-1-butanol;293.15;0.994680706;0.99764316;0.997637283;L2;0.297386978
2865;Water;3-Methyl-1-butanol;293.15;0.994531578;0.99764316;0.997637283;L2;0.312380652
2865;Water;3-Methyl-1-butanol;293.15;0.994;0.99764316;0.997637283;L2;0.365845029
2865;Water;3-Methyl-1-butanol;293.15;0.992736406;0.99764316;0.997637283;L2;0.49304803
2865;Water;3-Methyl-1-butanol;293.15;0.994083173;0.99764316;0.997637283;L2;0.357477874
2865;Water;3-Methyl-1-butanol;293.15;0.994083173;0.99764316;0.997637283;L2;0.357477874
2865;Water;3-Methyl-1-butanol;293.15;0.992630647;0.99764316;0.997637283;L2;0.503701879
2865;Water;3-Methyl-1-butanol;293.2;0.9941;0.997641984;0.99763616;L2;0.355667348
2865;Water;3-Methyl-1-butanol;298;0.995508471;0.997526638;0.997525867;L2;0.20252208
2865;Water;3-Methyl-1-butanol;298.136;0.994999697;0.997523297;0.997522259;L2;0.253307158
2865;Water;3-Methyl-1-butanol;298.136;0.994552892;0.997523297;0.997522259;L2;0.298222282
2865;Water;3-Methyl-1-butanol;298.136;0.99483;0.997523297;0.997522259;L2;0.270363593
2865;Water;3-Methyl-1-butanol;298.136;0.994337457;0.997523297;0.997522259;L2;0.319886121
2865;Water;3-Methyl-1-butanol;298.136;0.994354534;0.997523297;0.997522259;L2;0.318168711
2865;Water;3-Methyl-1-butanol;298.136;0.9944;0.997523297;0.997522259;L2;0.313596402
2865;Water;3-Methyl-1-butanol;298.136;0.9945;0.997523297;0.997522259;L2;0.303540592
2865;Water;3-Methyl-1-butanol;298.136;0.994424953;0.997523297;0.997522259;L2;0.311087081
2865;Water;3-Methyl-1-butanol;298.136;0.994999697;0.997523297;0.997522259;L2;0.253307158
2865;Water;3-Methyl-1-butanol;298.15;0.99492538;0.997522953;0.997521888;L2;0.260741983
2865;Water;3-Methyl-1-butanol;298.15;0.99492538;0.997522953;0.997521888;L2;0.260741983
2865;Water;3-Methyl-1-butanol;298.19436;0.9943;0.997521862;0.997520711;L2;0.323509372
2865;Water;3-Methyl-1-butanol;298.2;0.9938;0.997521724;0.997520562;L2;0.373794748
2865;Water;3-Methyl-1-butanol;298.2;0.994893453;0.997521724;0.997520562;L2;0.263827763
2865;Water;3-Methyl-1-butanol;298.2;0.995444982;0.997521724;0.997520562;L2;0.208407137
2865;Water;3-Methyl-1-butanol;303.134;0.994576334;0.997397666;0.997389682;L2;0.283270192
2865;Water;3-Methyl-1-butanol;303.134;0.994586988;0.997397666;0.997389682;L2;0.282198988
2865;Water;3-Methyl-1-butanol;303.134;0.994806269;0.997397666;0.997389682;L2;0.260153975
2865;Water;3-Methyl-1-butanol;303.134;0.994723283;0.997397666;0.997389682;L2;0.268496248
2865;Water;3-Methyl-1-butanol;303.134;0.99498;0.997397666;0.997389682;L2;0.242691697
2865;Water;3-Methyl-1-butanol;303.15;0.994339592;0.997397255;0.997389258;L2;0.307035101
2865;Water;3-Methyl-1-butanol;303.15;0.995317913;0.997397255;0.997389258;L2;0.208694449
2865;Water;3-Methyl-1-butanol;303.15;0.993356469;0.997397255;0.997389258;L2;0.405955967
2865;Water;3-Methyl-1-butanol;303.15;0.993484885;0.997397255;0.997389258;L2;0.393029318
2865;Water;3-Methyl-1-butanol;303.15;0.995;0.997397255;0.997389258;L2;0.240640401
2865;Water;3-Methyl-1-butanol;303.23396;0.99464;0.997395097;0.997387031;L2;0.276611425
2865;Water;3-Methyl-1-butanol;303.342995;0.995233131;0.997392291;0.997384138;L2;0.216715162
2865;Water;3-Methyl-1-butanol;308.2;0.995804344;0.99726454;0.997255301;L2;0.146527468
2865;Water;3-Methyl-1-butanol;308.2;0.99508463;0.99726454;0.997255301;L2;0.218828239
2865;Water;3-Methyl-1-butanol;313.13;0.995423813;0.997129209;0.997124528;L2;0.171177014
2865;Water;3-Methyl-1-butanol;313.140055;0.99475;0.997128927;0.997124261;L2;0.238862723
2865;Water;3-Methyl-1-butanol;313.140055;0.995466149;0.997128927;0.997124261;L2;0.166895763
2865;Water;3-Methyl-1-butanol;313.15;0.995;0.997128648;0.997123997;L2;0.213705967
2865;Water;3-Methyl-1-butanol;313.15;0.993916254;0.997128648;0.997123997;L2;0.322684523
2865;Water;3-Methyl-1-butanol;313.15;0.993842104;0.997128648;0.997123997;L2;0.330145188
2865;Water;3-Methyl-1-butanol;313.15;0.994808396;0.997128648;0.997123997;L2;0.232964505
2865;Water;3-Methyl-1-butanol;313.15;0.995402639;0.997128648;0.997123997;L2;0.173247921
2865;Water;3-Methyl-1-butanol;313.2;0.995;0.997127245;0.997122671;L2;0.2135653
2865;Water;3-Methyl-1-butanol;318.2;0.996183769;0.996983887;0.996979158;L2;0.080286112
2865;Water;3-Methyl-1-butanol;318.2;0.995190719;0.996983887;0.996979158;L2;0.180021253
2865;Water;3-Methyl-1-butanol;322.62715;0.99473;0.996851728;0.996841426;L2;0.213069703
2865;Water;3-Methyl-1-butanol;323.037085;0.995783232;0.996839237;0.996828672;L2;0.105991451
2865;Water;3-Methyl-1-butanol;323.15;0.995529627;0.996835788;0.99682516;L2;0.131116664
2865;Water;3-Methyl-1-butanol;323.15;0.994229054;0.996835788;0.99682516;L2;0.26184339
2865;Water;3-Methyl-1-butanol;323.15;0.994059345;0.996835788;0.99682516;L2;0.278914254
2865;Water;3-Methyl-1-butanol;332.93441;0.995444982;0.996524154;0.996520758;L2;0.108352282
2865;Water;3-Methyl-1-butanol;333.13437;0.99543;0.996517515;0.996514537;L2;0.109191092
2865;Water;3-Methyl-1-butanol;333.15;0.994024204;0.996516995;0.996514051;L2;0.250463782
2865;Water;3-Methyl-1-butanol;333.15;0.994162342;0.996516995;0.996514051;L2;0.236567902
2865;Water;3-Methyl-1-butanol;343.132055;0.995614217;0.996171091;0.99615861;L2;0.055917045
2865;Water;3-Methyl-1-butanol;343.15;0.994059345;0.996170443;0.996157961;L2;0.212146218
2865;Water;3-Methyl-1-butanol;353.129055;0.995423813;0.995794967;0.995793719;L2;0.037279065
2865;Water;3-Methyl-1-butanol;353.15;0.993484885;0.995794146;0.995792839;L2;0.232170767
2865;Water;3-Methyl-1-butanol;363.12637;0.995275528;0.995386946;0.99537371;L2;0.011194093
2865;Water;3-Methyl-1-butanol;368.06;0.995;0.995173126;0.995166437;L2;0.01739807
2865;Water;3-Methyl-1-butanol;371.15;0.992788161;0.995034827;0.995033467;L2;0.226043001
2883;Water;1-Hexanol;273.15;0.2089;0.368570622;0.369130192;L1;56.77766729
2883;Water;1-Hexanol;273.15;0.282791361;0.368570622;0.369130192;L1;26.4922956
2883;Water;1-Hexanol;278.1492701;0.3367;0.366154459;0.366591583;L1;8.386293709
2883;Water;1-Hexanol;283.144;0.228;0.364045634;0.36405528;L1;46.79336
2883;Water;1-Hexanol;283.148055;0.3319;0.364044042;0.364053221;L1;9.244113726
2883;Water;1-Hexanol;283.15;0.2795;0.364043279;0.364052233;L1;26.42704661
2883;Water;1-Hexanol;283.15;0.2809;0.364043279;0.364052233;L1;25.92740246
2883;Water;1-Hexanol;283.347995;0.289418333;0.363965786;0.363977521;L1;22.91867085
2883;Water;1-Hexanol;283.38;0.2941;0.363953303;0.363968347;L1;21.31057244
2883;Water;1-Hexanol;285.147455;0.303;0.36328232;0.363461706;L1;18.14474668
2883;Water;1-Hexanol;288.146555;0.303;0.36222532;0.362602015;L1;17.85336442
2883;Water;1-Hexanol;288.15;0.328;0.362224164;0.362601028;L1;9.924964992
2883;Water;1-Hexanol;293.09538;0.293;0.360698985;0.361183437;L1;20.78711661
2883;Water;1-Hexanol;293.138;0.2476;0.360686988;0.36117122;L1;37.6195973
2883;Water;1-Hexanol;293.138;0.26;0.360686988;0.36117122;L1;32.73288828
2883;Water;1-Hexanol;293.14537;0.3329;0.360684916;0.361169107;L1;8.016262381
2883;Water;1-Hexanol;293.14537;0.293349437;0.360684916;0.361169107;L1;20.66402522
2883;Water;1-Hexanol;293.14537;0.309;0.360684916;0.361169107;L1;15.46634915
2883;Water;1-Hexanol;293.35;0.3016;0.360627609;0.36111045;L1;17.87442357
2883;Water;1-Hexanol;294.09518;0.276;0.360422671;0.360896844;L1;26.68765642
2883;Water;1-Hexanol;294.14517;0.276;0.360409134;0.360882515;L1;26.68390025
2883;Water;1-Hexanol;296.14477;0.283;0.359889103;0.36030933;L1;24.03490379
2883;Water;1-Hexanol;298.136;0.30558034;0.359412412;0.359738545;L1;16.22577863
2883;Water;1-Hexanol;298.136;0.33;0.359412412;0.359738545;L1;8.537785463
2883;Water;1-Hexanol;298.136;0.31;0.359412412;0.359738545;L1;14.78982116
2883;Water;1-Hexanol;298.136;0.288;0.359412412;0.359738545;L1;22.1510029
2883;Water;1-Hexanol;298.14437;0.311;0.359410494;0.359736146;L1;14.46722603
2883;Water;1-Hexanol;298.14437;0.316561631;0.359410494;0.359736146;L1;12.69472231
2883;Water;1-Hexanol;298.14437;0.304;0.359410494;0.359736146;L1;16.74374711
2883;Water;1-Hexanol;298.15;0.328187485;0.359409204;0.359734532;L1;9.087653823
2883;Water;1-Hexanol;298.15;0.3237;0.359409204;0.359734532;L1;10.4644423
2883;Water;1-Hexanol;298.19436;0.306232287;0.359399053;0.359721816;L1;16.00894182
2883;Water;1-Hexanol;298.2;0.302073363;0.359397764;0.359720199;L1;17.37598412
2883;Water;1-Hexanol;298.2;0.337509024;0.359397764;0.359720199;L1;6.283750523
2883;Water;1-Hexanol;298.3;0.28345833;0.35937496;0.359691535;L1;23.7301172
2883;Water;1-Hexanol;298.3;0.282123436;0.35937496;0.359691535;L1;24.20216087
2883;Water;1-Hexanol;298.36;0.3039;0.359361326;0.359674336;L1;16.76296624
2883;Water;1-Hexanol;302.843145;0.296923698;0.35844471;0.358492857;L1;18.82992248
2883;Water;1-Hexanol;303.09307;0.299;0.358399455;0.358468269;L1;18.12045879
2883;Water;1-Hexanol;303.134;0.299183815;0.358392102;0.358464242;L1;18.05694947
2883;Water;1-Hexanol;303.134;0.2674;0.358392102;0.358464242;L1;29.28819804
2883;Water;1-Hexanol;303.134;0.29;0.358392102;0.358464242;L1;21.17467221
2883;Water;1-Hexanol;303.143055;0.313;0.358390478;0.358463351;L1;13.54199217
2883;Water;1-Hexanol;303.15;0.3047;0.358389232;0.358462668;L1;16.22919513
2883;Water;1-Hexanol;308;0.3656;0.357632566;0.35798552;L1;2.20337317
2883;Water;1-Hexanol;308.141555;0.317;0.357613825;0.357971594;L1;12.05519298
2883;Water;1-Hexanol;308.15;0.3961;0.357612713;0.357970763;L1;10.22161109
2883;Water;1-Hexanol;308.15;0.3052;0.357612713;0.357970763;L1;15.84832943
2883;Water;1-Hexanol;312.940115;0.312201126;0.357087592;0.357499507;L1;13.43334929
2883;Water;1-Hexanol;313.09007;0.302;0.357074513;0.357484754;L1;16.75174637
2883;Water;1-Hexanol;313.13;0.2894;0.357071065;0.357480826;L1;21.01250088
2883;Water;1-Hexanol;313.140055;0.299;0.357070199;0.357479837;L1;17.74888238
2883;Water;1-Hexanol;313.140055;0.3385;0.357070199;0.357479837;L1;5.34083048
2883;Water;1-Hexanol;313.140055;0.309;0.357070199;0.357479837;L1;14.45911203
2883;Water;1-Hexanol;313.140055;0.305;0.357070199;0.357479837;L1;15.76206205
2883;Water;1-Hexanol;313.15;0.3142;0.357069343;0.357478858;L1;12.79002746
2883;Water;1-Hexanol;313.2;0.306532112;0.357065052;0.357473939;L1;15.25954625
2883;Water;1-Hexanol;313.26;0.3208;0.357059934;0.357468036;L1;10.70857735
2883;Water;1-Hexanol;318;0.3375;0.356755909;0.357001711;L1;5.548631059
2883;Water;1-Hexanol;321.7;0.267872292;0.356653086;0.356667678;L1;28.62532157
2883;Water;1-Hexanol;322;0.277420995;0.356649795;0.356686513;L1;25.1218143
2883;Water;1-Hexanol;323.127;0.3102;0.356644109;0.356757271;L1;13.95211416
2883;Water;1-Hexanol;323.137055;0.317490544;0.356644106;0.356757903;L1;11.62903475
2883;Water;1-Hexanol;323.15;0.3175;0.356644103;0.356758715;L1;11.62605554
2883;Water;1-Hexanol;323.15;0.3268;0.356644103;0.356758715;L1;8.739001072
2883;Water;1-Hexanol;323.15;0.3252;0.356644103;0.356758715;L1;9.229799603
2883;Water;1-Hexanol;333.02;0.3424;0.357033484;0.357378397;L1;4.184992575
2883;Water;1-Hexanol;333.124;0.3312;0.357041647;0.357384927;L1;7.51300115
2883;Water;1-Hexanol;333.13437;0.3564;0.357042466;0.357385578;L1;0.18010314
2883;Water;1-Hexanol;333.13437;0.362;0.357042466;0.357385578;L1;1.378948483
2883;Water;1-Hexanol;333.13437;0.333589982;0.357042466;0.357385578;L1;6.794208694
2883;Water;1-Hexanol;343.124;0.3536;0.358203361;0.358339025;L1;1.293454108
2883;Water;1-Hexanol;343.431965;0.350558421;0.358250678;0.358401341;L1;2.170558811
2883;Water;1-Hexanol;353.123;0.3772;0.360076158;0.360362287;L1;4.645999158
2883;Water;1-Hexanol;353.129055;0.375;0.360077498;0.360363512;L1;4.060674546
2883;Water;1-Hexanol;353.15;0.3769;0.360082135;0.36036775;L1;4.564774209
2883;Water;1-Hexanol;353.428965;0.364670023;0.360144173;0.360424198;L1;1.248846709
2883;Water;1-Hexanol;363.123;0.3982;0.362614528;0.362766217;L1;9.361402884
2883;Water;1-Hexanol;363.42631;0.374276812;0.362701481;0.362864729;L1;3.141553196
2883;Water;1-Hexanol;373.124;0.4194;0.365778828;0.366014434;L1;13.67962639
2883;Water;1-Hexanol;383.126;0.4418;0.369534629;0.369699467;L1;17.86128369
2883;Water;1-Hexanol;393.127;0.4652;0.373851056;0.374037495;L1;21.86099477
2883;Water;1-Hexanol;403.13;0.4902;0.378703196;0.378878021;L1;25.80606978
2883;Water;1-Hexanol;413.132;0.5164;0.384066654;0.384200173;L1;29.60655436
2883;Water;1-Hexanol;423.134;0.546;0.389921643;0.390101812;L1;33.66731729
2883;Water;1-Hexanol;433.138;0.5763;0.396251572;0.396323495;L1;37.45790658
2883;Water;1-Hexanol;443.141;0.6083;0.40303868;0.403215723;L1;41.16356435
2883;Water;1-Hexanol;453.145;0.6466;0.410270045;0.410275027;L1;45.49122752
2883;Water;1-Hexanol;463.149;0.6901;0.417932115;0.418090341;L1;50.15174992
2883;Water;1-Hexanol;473.153;0.7398;0.426013146;0.4260882;L1;55.19096742
2883;Water;1-Hexanol;483.157;0.7992;0.434502367;0.434617676;L1;60.9409836
2883;Water;1-Hexanol;493.161;0.8755;0.443389805;0.443507761;L1;68.03458471
2883;Water;1-Hexanol;273.15;0.9986;0.999467443;0.999464419;L2;0.086828163
2883;Water;1-Hexanol;273.15;0.998286751;0.999467443;0.999464419;L2;0.1182019
2883;Water;1-Hexanol;273.15;0.998615876;0.999467443;0.999464419;L2;0.085238349
2883;Water;1-Hexanol;278.1492701;0.99899;0.999434852;0.999432474;L2;0.044520222
2883;Water;1-Hexanol;278.6591956;0.998602;0.999431426;0.999429215;L2;0.083024201
2883;Water;1-Hexanol;279.999;0.998642;0.999422333;0.999420654;L2;0.078108863
2883;Water;1-Hexanol;281.828451;0.998692;0.999409701;0.999408964;L2;0.071838268
2883;Water;1-Hexanol;283.144;0.9988;0.999400462;0.999400557;L2;0.060100235
2883;Water;1-Hexanol;283.144;0.998812156;0.999400462;0.999400557;L2;0.058883182
2883;Water;1-Hexanol;283.148055;0.99906;0.999400433;0.999400531;L2;0.034069515
2883;Water;1-Hexanol;283.15;0.999;0.999400419;0.999400519;L2;0.040073964
2883;Water;1-Hexanol;283.15;0.9987;0.999400419;0.999400519;L2;0.070108504
2883;Water;1-Hexanol;283.347995;0.998653375;0.999399017;0.999399081;L2;0.074636897
2883;Water;1-Hexanol;283.38;0.9987;0.99939879;0.999398829;L2;0.069945514
2883;Water;1-Hexanol;284.147755;0.998748;0.999393324;0.999392787;L2;0.064592382
2883;Water;1-Hexanol;286.087173;0.998791;0.999379312;0.999377526;L2;0.058885077
2883;Water;1-Hexanol;287.826651;0.998821;0.999366496;0.999363837;L2;0.05459907
2883;Water;1-Hexanol;288.146555;0.998803527;0.999364113;0.99936132;L2;0.056110005
2883;Water;1-Hexanol;288.15;0.9974;0.999364087;0.999361293;L2;0.196727085
2883;Water;1-Hexanol;290.185962;0.998861;0.99934873;0.999345271;L2;0.048816743
2883;Water;1-Hexanol;293.138;0.9989;0.99932587;0.999322041;L2;0.04262485
2883;Water;1-Hexanol;293.138;0.998883442;0.99932587;0.999322041;L2;0.044282487
2883;Water;1-Hexanol;293.138;0.99875;0.99932587;0.999322041;L2;0.057642496
2883;Water;1-Hexanol;293.138;0.998954681;0.99932587;0.999322041;L2;0.037150878
2883;Water;1-Hexanol;293.138;0.9991;0.99932587;0.999322041;L2;0.02260483
2883;Water;1-Hexanol;293.14537;0.998819287;0.999325812;0.999321983;L2;0.050699564
2883;Water;1-Hexanol;293.14537;0.99915;0.999325812;0.999321983;L2;0.017594651
2883;Water;1-Hexanol;293.15;0.998919068;0.999325776;0.999321947;L2;0.040706524
2883;Water;1-Hexanol;293.35;0.9989;0.999324201;0.999320373;L2;0.042457828
2883;Water;1-Hexanol;293.855228;0.998915;0.999320209;0.999316397;L2;0.040556653
2883;Water;1-Hexanol;294.09518;0.999;0.999318305;0.999314509;L2;0.031857289
2883;Water;1-Hexanol;296.134772;0.99894;0.99930193;0.999298459;L2;0.036224893
2883;Water;1-Hexanol;298.136;0.998894131;0.999285524;0.999282711;L2;0.03917492
2883;Water;1-Hexanol;298.136;0.99894;0.999285524;0.999282711;L2;0.034583047
2883;Water;1-Hexanol;298.136;0.9989;0.999285524;0.999282711;L2;0.038587372
2883;Water;1-Hexanol;298.136;0.999646795;0.999285524;0.999282711;L2;0.036146433
2883;Water;1-Hexanol;298.136;0.9991;0.999285524;0.999282711;L2;0.018567352
2883;Water;1-Hexanol;298.14437;0.999249298;0.999285454;0.999282645;L2;0.003618281
2883;Water;1-Hexanol;298.14437;0.998365547;0.999285454;0.999282645;L2;0.092098907
2883;Water;1-Hexanol;298.14437;0.998662424;0.999285454;0.999282645;L2;0.062367024
2883;Water;1-Hexanol;298.14437;0.998781149;0.999285454;0.999282645;L2;0.050479329
2883;Water;1-Hexanol;298.15;0.9988;0.999285408;0.999282601;L2;0.048587279
2883;Water;1-Hexanol;298.15;0.998726647;0.999285408;0.999282601;L2;0.055931662
2883;Water;1-Hexanol;298.15;0.998726647;0.999285408;0.999282601;L2;0.055931662
2883;Water;1-Hexanol;298.15;0.999025873;0.999285408;0.999282601;L2;0.025975399
2883;Water;1-Hexanol;298.154368;0.998966;0.999285371;0.999282566;L2;0.031965095
2883;Water;1-Hexanol;298.2;0.998919068;0.999284993;0.999282207;L2;0.03662542
2883;Water;1-Hexanol;298.3;0.998972483;0.999284164;0.99928142;L2;0.031195291
2883;Water;1-Hexanol;298.36;0.9989;0.999283666;0.999280948;L2;0.038401474
2883;Water;1-Hexanol;300.133958;0.998979;0.999268802;0.999266988;L2;0.02900562
2883;Water;1-Hexanol;302.083373;0.99899;0.999252153;0.999251648;L2;0.026238349
2883;Water;1-Hexanol;302.843145;0.999011638;0.999245574;0.99924476;L2;0.023413959
2883;Water;1-Hexanol;303.09307;0.999;0.999243398;0.999242381;L2;0.024361211
2883;Water;1-Hexanol;303.134;0.998847805;0.999243041;0.999241991;L2;0.0395614
2883;Water;1-Hexanol;303.134;0.9993;0.999243041;0.999241991;L2;0.005700017
2883;Water;1-Hexanol;303.134;0.999034768;0.999243041;0.999241991;L2;0.020845285
2883;Water;1-Hexanol;303.134;0.999;0.999243041;0.999241991;L2;0.024325505
2883;Water;1-Hexanol;303.134;0.99897;0.999243041;0.999241991;L2;0.027328553
2883;Water;1-Hexanol;303.15;0.999;0.999242902;0.999241839;L2;0.024311543
2883;Water;1-Hexanol;304.062779;0.999001;0.999234905;0.999233148;L2;0.023411144
2883;Water;1-Hexanol;306.232128;0.999015;0.999215599;0.999212495;L2;0.020077687
2883;Water;1-Hexanol;308;0.9991;0.99919955;0.999195663;L2;0.009963499
2883;Water;1-Hexanol;308.15;0.9989;0.999198175;0.999194235;L2;0.029845917
2883;Water;1-Hexanol;308.15;0.9977;0.999198175;0.999194235;L2;0.150050279
2883;Water;1-Hexanol;312.940115;0.999089905;0.999153164;0.99914863;L2;0.00633146
2883;Water;1-Hexanol;313.09007;0.999;0.99915172;0.999147202;L2;0.015186022
2883;Water;1-Hexanol;313.13;0.999;0.999151335;0.999146822;L2;0.015147499
2883;Water;1-Hexanol;313.13;0.999079235;0.999151335;0.999146822;L2;0.007216382
2883;Water;1-Hexanol;313.140055;0.9992;0.999151238;0.999146726;L2;0.004880221
2883;Water;1-Hexanol;313.140055;0.99899;0.999151238;0.999146726;L2;0.016138802
2883;Water;1-Hexanol;313.15;0.999;0.999151142;0.999146631;L2;0.015128198
2883;Water;1-Hexanol;313.2;0.999043663;0.99915066;0.999146155;L2;0.010709354
2883;Water;1-Hexanol;313.26;0.999;0.999150081;0.999145584;L2;0.015021974
2883;Water;1-Hexanol;318;0.9991;0.999103232;0.999100456;L2;0.000323455
2883;Water;1-Hexanol;321.7;0.999008079;0.999065114;0.999064857;L2;0.00570895
2883;Water;1-Hexanol;322;0.998919068;0.999061962;0.999061402;L2;0.014303843
2883;Water;1-Hexanol;323.127;0.9991;0.99905004;0.99904842;L2;0.005000578
2883;Water;1-Hexanol;323.127;0.999088127;0.99905004;0.99904842;L2;0.003812201
2883;Water;1-Hexanol;323.137055;0.999120129;0.999049934;0.999048304;L2;0.007025976
2883;Water;1-Hexanol;323.15;0.9993;0.999049796;0.999048155;L2;0.02504108
2883;Water;1-Hexanol;323.15;0.9991;0.999049796;0.999048155;L2;0.005025067
2883;Water;1-Hexanol;323.15;0.9991;0.999049796;0.999048155;L2;0.005025067
2883;Water;1-Hexanol;333.02;0.9989;0.998939633;0.998934461;L2;0.003967586
2883;Water;1-Hexanol;333.124;0.999061451;0.998938416;0.998933263;L2;0.012315828
2883;Water;1-Hexanol;333.124;0.9991;0.998938416;0.998933263;L2;0.016174275
2883;Water;1-Hexanol;333.13437;0.99886;0.998938294;0.998933144;L2;0.007838075
2883;Water;1-Hexanol;333.13437;0.999082792;0.998938294;0.998933144;L2;0.014464065
2883;Water;1-Hexanol;333.13437;0.9991;0.998938294;0.998933144;L2;0.01618643
2883;Water;1-Hexanol;343.124;0.999;0.998815617;0.998812784;L2;0.018458422
2883;Water;1-Hexanol;343.124;0.998999181;0.998815617;0.998812784;L2;0.01837644
2883;Water;1-Hexanol;343.431965;0.998977823;0.99881165;0.99880854;L2;0.016635723
2883;Water;1-Hexanol;353.123;0.998901256;0.998680826;0.998674988;L2;0.02206971
2883;Water;1-Hexanol;353.123;0.9989;0.998680826;0.998674988;L2;0.021943972
2883;Water;1-Hexanol;353.129055;0.9988;0.99868074;0.998674905;L2;0.011941015
2883;Water;1-Hexanol;353.15;0.9988;0.998680445;0.998674616;L2;0.011970614
2883;Water;1-Hexanol;353.428965;0.99889235;0.998676502;0.998670772;L2;0.021611059
2883;Water;1-Hexanol;363.123;0.998794327;0.998533084;0.998529092;L2;0.026159223
2883;Water;1-Hexanol;363.123;0.9988;0.998533084;0.998529092;L2;0.026727207
2883;Water;1-Hexanol;363.42631;0.998869189;0.998528391;0.998524123;L2;0.034124237
2883;Water;1-Hexanol;373.124;0.9986;0.99837139;0.998365241;L2;0.02289572
2883;Water;1-Hexanol;373.124;0.998606946;0.99837139;0.998365241;L2;0.023591291
2883;Water;1-Hexanol;383.126;0.9984;0.998194661;0.998189469;L2;0.020568959
2883;Water;1-Hexanol;383.126;0.998419238;0.998194661;0.998189469;L2;0.022495823
2883;Water;1-Hexanol;393.127;0.9981;0.998001773;0.997995892;L2;0.009841837
2883;Water;1-Hexanol;403.13;0.9979;0.997791417;0.997784782;L2;0.010881761
2883;Water;1-Hexanol;413.132;0.9976;0.997562301;0.997556882;L2;0.00377906
2883;Water;1-Hexanol;423.134;0.9973;0.997312946;0.997304329;L2;0.001298068
2883;Water;1-Hexanol;433.138;0.9963;0.997041715;0.997038161;L2;0.074419265
2883;Water;1-Hexanol;443.141;0.995;0.996746974;0.996736589;L2;0.175421288
2883;Water;1-Hexanol;453.145;0.9934;0.996426802;0.996426093;L2;0.304227882
2883;Water;1-Hexanol;463.149;0.991;0.996079203;0.996067749;L2;0.51122407
2883;Water;1-Hexanol;473.153;0.9872;0.995701969;0.995695478;L2;0.857533169
2883;Water;1-Hexanol;483.157;0.9811;0.995292689;0.995282648;L2;1.436246234
2883;Water;1-Hexanol;493.161;0.9658;0.99484872;0.994836784;L2;2.963391176
2887;Water;2-Methylpropanoic acid;283.09807;0.6401;0.571108009;0.571451229;L1;11.40460645
2887;Water;2-Methylpropanoic acid;288.146555;0.6958;0.569590809;0.569730451;L1;20.01440385
2887;Water;2-Methylpropanoic acid;290.84;0.7304;0.568996427;0.569306625;L1;24.9718174
2887;Water;2-Methylpropanoic acid;293.14537;0.7482;0.568600774;0.568943864;L1;27.44917608
2887;Water;2-Methylpropanoic acid;294.007652;0.76581;0.568478851;0.56880818;L1;29.79699868
2887;Water;2-Methylpropanoic acid;294.3;0.7658;0.568440683;0.568762178;L1;29.80240711
2887;Water;2-Methylpropanoic acid;295.14497;0.7699;0.568339305;0.568629218;L1;30.35420275
2887;Water;2-Methylpropanoic acid;296.14477;0.7826;0.568236341;0.568471895;L1;32.00842845
2887;Water;2-Methylpropanoic acid;296.59;0.794;0.568196353;0.568401836;L1;33.46164097
2887;Water;2-Methylpropanoic acid;298.01;0.8164;0.568092535;0.568178393;L1;36.26201123
2887;Water;2-Methylpropanoic acid;298.14437;0.812;0.56808462;0.568157249;L1;35.72299531
2887;Water;2-Methylpropanoic acid;298.275944;0.8358;0.568077175;0.568136545;L1;38.61320687
2887;Water;2-Methylpropanoic acid;299.074184;0.8447;0.568038416;0.568062228;L1;39.67924837
2887;Water;2-Methylpropanoic acid;299.09;0.8436;0.568037759;0.568063093;L1;39.54905546
2887;Water;2-Methylpropanoic acid;299.374124;0.8468;0.568026682;0.568078632;L1;39.92961469
2887;Water;2-Methylpropanoic acid;299.42;0.8626;0.568025023;0.568081141;L1;41.77856122
2887;Water;2-Methylpropanoic acid;299.54409;0.8516;0.568020716;0.568087927;L1;40.49590425
2887;Water;2-Methylpropanoic acid;299.614076;0.8612;0.568018404;0.568091755;L1;41.61729461
2887;Water;2-Methylpropanoic acid;299.684062;0.8655;0.568016175;0.568095582;L1;42.11574788
2887;Water;2-Methylpropanoic acid;299.714056;0.8716;0.568015246;0.568097223;L1;42.81823435
2887;Water;2-Methylpropanoic acid;283.09807;0.959;0.970980706;0.970942555;L2;1.241552288
2887;Water;2-Methylpropanoic acid;288.146555;0.9551;0.970636074;0.970619602;L2;1.61355564
2887;Water;2-Methylpropanoic acid;290.749434;0.9514;0.970435034;0.970399011;L2;1.980987569
2887;Water;2-Methylpropanoic acid;291.41;0.9517;0.970381549;0.970343029;L2;1.943948416
2887;Water;2-Methylpropanoic acid;293.14537;0.948;0.970236346;0.970195959;L2;2.318519494
2887;Water;2-Methylpropanoic acid;293.36;0.948;0.970217918;0.97017777;L2;2.316620191
2887;Water;2-Methylpropanoic acid;295.14497;0.9438;0.970060698;0.970026496;L2;2.744436595
2887;Water;2-Methylpropanoic acid;295.45;0.9435;0.970033126;0.970000645;L2;2.773385703
2887;Water;2-Methylpropanoic acid;296.1368;0.93856;0.969970298;0.96994244;L2;3.291866462
2887;Water;2-Methylpropanoic acid;296.14477;0.9407;0.969969563;0.969941764;L2;3.064041349
2887;Water;2-Methylpropanoic acid;296.95;0.9373;0.969894571;0.969873522;L2;3.418397392
2887;Water;2-Methylpropanoic acid;298.14437;0.9305;0.969780732;0.969772301;L2;4.134792015
2887;Water;2-Methylpropanoic acid;298.67;0.9247;0.969729658;0.969727755;L2;4.75479694
2887;Water;2-Methylpropanoic acid;298.875704;0.9073;0.969709507;0.969709184;L2;6.652339279
2887;Water;2-Methylpropanoic acid;298.905692;0.87559;0.969706561;0.969705857;L2;10.20955667
2887;Water;2-Methylpropanoic acid;298.93568;0.89564;0.969703614;0.969702529;L2;7.945192548
2887;Water;2-Methylpropanoic acid;298.93568;0.8861;0.969703614;0.969702529;L2;9.016066095
2887;Water;2-Methylpropanoic acid;298.93568;0.8861;0.969703614;0.969702529;L2;9.016066095
2887;Water;2-Methylpropanoic acid;299.124174;0.9264;0.969685043;0.969681615;L2;4.566521402
2887;Water;2-Methylpropanoic acid;299.1321724;0.89;0.969684253;0.969680728;L2;8.574904367
2887;Water;2-Methylpropanoic acid;299.1321724;0.89;0.969684253;0.969680728;L2;8.574904367
2887;Water;2-Methylpropanoic acid;299.214156;0.9249;0.96967615;0.969671631;L2;4.727652659
2887;Water;2-Methylpropanoic acid;299.2301528;0.886;0.969674568;0.969669856;L2;9.024356729
2887;Water;2-Methylpropanoic acid;299.2301528;0.886;0.969674568;0.969669856;L2;9.024356729
2887;Water;2-Methylpropanoic acid;299.24415;0.905;0.969673182;0.969668303;L2;6.902414551
2887;Water;2-Methylpropanoic acid;299.24415;0.905;0.969673182;0.969668303;L2;6.902414551
2887;Water;2-Methylpropanoic acid;299.264146;0.885;0.969671202;0.969666084;L2;9.136940245
2887;Water;2-Methylpropanoic acid;299.264146;0.885;0.969671202;0.969666084;L2;9.136940245
2887;Water;2-Methylpropanoic acid;299.33;0.9122;0.969664676;0.969658778;L2;6.10910526
2887;Water;2-Methylpropanoic acid;299.54409;0.9174;0.969643394;0.969635023;L2;5.538478686
2887;Water;2-Methylpropanoic acid;299.58;0.8976;0.969639815;0.969631039;L2;7.720014273
2887;Water;2-Methylpropanoic acid;299.59;0.8805;0.969638817;0.969629929;L2;9.643372105
2887;Water;2-Methylpropanoic acid;299.64407;0.889;0.969633421;0.96962393;L2;8.682084843
2887;Water;2-Methylpropanoic acid;299.64407;0.889;0.969633421;0.96962393;L2;8.682084843
2887;Water;2-Methylpropanoic acid;299.714056;0.9127;0.969626428;0.969616165;L2;6.050363154
2887;Water;2-Methylpropanoic acid;299.764046;0.9008;0.969621433;0.969610618;L2;7.362246233
2887;Water;2-Methylpropanoic acid;299.804038;0.8855;0.969617428;0.969606181;L2;9.074913249
2887;Water;2-Methylpropanoic acid;299.814036;0.8939;0.969616426;0.969605071;L2;8.130664445
2913;Water;1-Heptanol;273.15;0.2074;0.316435364;0.316972104;L1;42.24697023
2913;Water;1-Heptanol;273.15;0.271419661;0.316435364;0.316972104;L1;15.34528105
2913;Water;1-Heptanol;278.1492701;0.3036;0.31417691;0.314258633;L1;3.424519037
2913;Water;1-Heptanol;278.15;0.3338;0.314176603;0.314258237;L1;6.058675434
2913;Water;1-Heptanol;282.848145;0.299634449;0.312326245;0.312690106;L1;4.148507014
2913;Water;1-Heptanol;283.144;0.2247;0.312218235;0.312601299;L1;32.89362343
2913;Water;1-Heptanol;283.148055;0.2989;0.312216761;0.312600082;L1;4.358862473
2913;Water;1-Heptanol;285.147455;0.282;0.311512716;0.311999921;L1;9.953308818
2913;Water;1-Heptanol;288.146555;0.282;0.31053937;0.311099679;L1;9.640361885
2913;Water;1-Heptanol;292.84543;0.314142588;0.309207388;0.309689215;L1;1.583477317
2913;Water;1-Heptanol;293.138;0.2433;0.309132036;0.309601395;L1;23.94732373
2913;Water;1-Heptanol;293.14537;0.2993;0.309130149;0.309599182;L1;3.231596838
2913;Water;1-Heptanol;293.14537;0.285;0.309130149;0.309599182;L1;8.127320297
2913;Water;1-Heptanol;293.15;0.3083;0.309128964;0.309597792;L1;0.268521468
2913;Water;1-Heptanol;298.136;0.267;0.307977483;0.308101142;L1;14.27780156
2913;Water;1-Heptanol;298.14437;0.286;0.307975756;0.30809863;L1;7.402925601
2913;Water;1-Heptanol;298.14437;0.284;0.307975756;0.30809863;L1;8.104682867
2913;Water;1-Heptanol;298.15;0.309594285;0.307974595;0.30809694;L1;0.524538579
2913;Water;1-Heptanol;298.2;0.242568816;0.307964296;0.308081931;L1;23.86984075
2913;Water;1-Heptanol;298.2;0.242568816;0.307964296;0.308081931;L1;23.86984075
2913;Water;1-Heptanol;303.043085;0.282769595;0.307079755;0.307357223;L1;8.247508875
2913;Water;1-Heptanol;303.134;0.2613;0.307065256;0.307348023;L1;16.13911125
2913;Water;1-Heptanol;303.134;0.27;0.307065256;0.307348023;L1;12.86383261
2913;Water;1-Heptanol;303.143055;0.288;0.307063816;0.307347107;L1;6.409511561
2913;Water;1-Heptanol;303.15;0.3035;0.307062712;0.307346404;L1;1.167039028
2913;Water;1-Heptanol;308.141555;0.292;0.306382672;0.306841284;L1;4.8081079
2913;Water;1-Heptanol;308.15;0.285748693;0.30638171;0.306840429;L1;6.971901363
2913;Water;1-Heptanol;308.15;0.295296108;0.30638171;0.306840429;L1;3.685313352
2913;Water;1-Heptanol;308.2;0.251453928;0.306376029;0.306835369;L1;19.75534158
2913;Water;1-Heptanol;313.13;0.2823;0.305922242;0.306336478;L1;8.036062263
2913;Water;1-Heptanol;313.140055;0.3043;0.305921528;0.30633546;L1;0.531456843
2913;Water;1-Heptanol;313.140055;0.293;0.305921528;0.30633546;L1;4.315601632
2913;Water;1-Heptanol;313.140055;0.288;0.305921528;0.30633546;L1;6.03681452
2913;Water;1-Heptanol;313.15;0.2995;0.305920823;0.306334454;L1;2.121190347
2913;Water;1-Heptanol;313.240025;0.28686078;0.30591448;0.306325344;L1;6.430857414
2913;Water;1-Heptanol;318.15;0.304998138;0.305670073;0.305828479;L1;0.220065733
2913;Water;1-Heptanol;318.2;0.258599707;0.305668595;0.305823419;L1;16.722016
2913;Water;1-Heptanol;323.127;0.3023;0.305619998;0.305817148;L1;1.092259201
2913;Water;1-Heptanol;333.124;0.325;0.306087428;0.306453756;L1;5.995440954
2913;Water;1-Heptanol;333.13437;0.3093;0.30608829;0.306454416;L1;1.043808888
2913;Water;1-Heptanol;333.23435;0.311699401;0.306096646;0.306460783;L1;1.81383778
2913;Water;1-Heptanol;343.124;0.3465;0.307263976;0.307391454;L1;12.01755832
2913;Water;1-Heptanol;343.132055;0.317954335;0.307265195;0.307393089;L1;3.419656931
2913;Water;1-Heptanol;353.123;0.3701;0.309097154;0.309421039;L1;18.01175986
2913;Water;1-Heptanol;353.129055;0.3211;0.309098453;0.309422268;L1;3.809275551
2913;Water;1-Heptanol;353.129055;0.332539473;0.309098453;0.309422268;L1;7.309872325
2913;Water;1-Heptanol;363.123;0.3924;0.311542628;0.311616545;L1;23.07455523
2913;Water;1-Heptanol;363.62627;0.422324057;0.311681164;0.311779195;L1;30.37921717
2913;Water;1-Heptanol;373.124;0.4132;0.314562282;0.314848736;L1;27.27496459
2913;Water;1-Heptanol;383.126;0.4371;0.318123407;0.318158761;L1;31.77226224
2913;Water;1-Heptanol;393.127;0.4595;0.322196981;0.32245141;L1;35.49758418
2913;Water;1-Heptanol;403.13;0.4829;0.326759831;0.32677239;L1;39.05841524
2913;Water;1-Heptanol;413.132;0.5069;0.331789407;0.332017295;L1;42.38132929
2913;Water;1-Heptanol;423.134;0.5303;0.337267564;0.337272142;L1;45.25663106
2913;Water;1-Heptanol;433.138;0.555;0.343179162;0.343384536;L1;48.07154645
2913;Water;1-Heptanol;443.141;0.5802;0.349507962;0.349517636;L1;50.68465294
2913;Water;1-Heptanol;453.145;0.6059;0.356242184;0.356427853;L1;53.1104164
2913;Water;1-Heptanol;463.149;0.6329;0.363369387;0.363396532;L1;55.48925193
2913;Water;1-Heptanol;473.153;0.6608;0.370878706;0.37104519;L1;57.757615
2913;Water;1-Heptanol;483.157;0.6916;0.378760049;0.378812479;L1;60.21048643
2913;Water;1-Heptanol;493.161;0.7269;0.387003909;0.387147579;L1;63.03541217
2913;Water;1-Heptanol;503.164;0.7666;0.39560035;0.395680473;L1;66.15606681
2913;Water;1-Heptanol;513.168;0.8206;0.404542355;0.404654089;L1;70.72793406
2913;Water;1-Heptanol;518.1695;0.8627;0.409139483;0.409140449;L1;74.60108738
2913;Water;1-Heptanol;273.15;0.99947;0.999858493;0.999857162;L2;0.038862349
2913;Water;1-Heptanol;273.15;0.9996334;0.999858493;0.999857162;L2;0.022515021
2913;Water;1-Heptanol;278.1492701;0.999766;0.999847659;0.999847287;L2;0.008167477
2913;Water;1-Heptanol;278.15;0.9995;0.999847657;0.999847286;L2;0.034777079
2913;Water;1-Heptanol;279.1491241;0.999658;0.999845405;0.999845103;L2;0.01874517
2913;Water;1-Heptanol;283.144;0.99954;0.999836101;0.999834814;L2;0.029619316
2913;Water;1-Heptanol;283.148055;0.999766;0.999836091;0.999834804;L2;0.007010502
2913;Water;1-Heptanol;283.347995;0.999687;0.999835613;0.999834289;L2;0.014864805
2913;Water;1-Heptanol;283.647905;0.999606936;0.999834893;0.999833516;L2;0.022802014
2913;Water;1-Heptanol;283.687893;0.99969;0.999834796;0.999833413;L2;0.014483069
2913;Water;1-Heptanol;288.146555;0.999693018;0.999823752;0.99982193;L2;0.013076516
2913;Water;1-Heptanol;288.226531;0.99971;0.999823548;0.999821724;L2;0.011357414
2913;Water;1-Heptanol;291.085782;0.999722;0.99981612;0.99981436;L2;0.009414131
2913;Water;1-Heptanol;293.138;0.99969;0.99981062;0.999809074;L2;0.012065035
2913;Water;1-Heptanol;293.138;0.999733;0.99981062;0.999809074;L2;0.007763794
2913;Water;1-Heptanol;293.14537;0.999765089;0.9998106;0.999809055;L2;0.004552088
2913;Water;1-Heptanol;293.14537;0.999784;0.9998106;0.999809055;L2;0.002660561
2913;Water;1-Heptanol;293.15;0.9994;0.999810588;0.999809043;L2;0.041074978
2913;Water;1-Heptanol;293.15;0.999782702;0.999810588;0.999809043;L2;0.002789132
2913;Water;1-Heptanol;293.175364;0.999728;0.999810519;0.999808978;L2;0.008253782
2913;Water;1-Heptanol;293.34533;0.999714302;0.999810057;0.99980854;L2;0.009577749
2913;Water;1-Heptanol;295.04499;0.999734;0.999805382;0.999804163;L2;0.007139797
2913;Water;1-Heptanol;297.104578;0.999739;0.999799582;0.999798858;L2;0.006059584
2913;Water;1-Heptanol;298.134372;0.99974;0.999796626;0.999796206;L2;0.005663906
2913;Water;1-Heptanol;298.136;0.99974;0.999796621;0.999796202;L2;0.005663435
2913;Water;1-Heptanol;298.136;0.999719434;0.999796621;0.999796202;L2;0.007720591
2913;Water;1-Heptanol;298.14437;0.999795587;0.999796597;0.99979618;L2;0.000101026
2913;Water;1-Heptanol;298.14437;0.999692665;0.999796597;0.99979618;L2;0.01039586
2913;Water;1-Heptanol;298.15;0.999782702;0.999796581;0.999796166;L2;0.001388171
2913;Water;1-Heptanol;298.2;0.999751618;0.999796436;0.999796037;L2;0.004482841
2913;Water;1-Heptanol;298.214356;0.999742;0.999796395;0.999796;L2;0.005440732
2913;Water;1-Heptanol;299.184162;0.999744;0.999793574;0.999793502;L2;0.004958508
2913;Water;1-Heptanol;301.163649;0.999746;0.99978771;0.999787069;L2;0.004171936
2913;Water;1-Heptanol;303.134;0.9998;0.99978173;0.999780521;L2;0.001827416
2913;Water;1-Heptanol;303.134;0.99975;0.99978173;0.999780521;L2;0.00317371
2913;Water;1-Heptanol;303.134;0.99974;0.99978173;0.999780521;L2;0.004173965
2913;Water;1-Heptanol;303.143055;0.999764461;0.999781702;0.999780491;L2;0.001724477
2913;Water;1-Heptanol;303.15;0.9997;0.999781681;0.999780468;L2;0.008170169
2913;Water;1-Heptanol;303.283013;0.999748;0.999781272;0.999780026;L2;0.003327937
2913;Water;1-Heptanol;303.303007;0.999748;0.99978121;0.999779959;L2;0.003321782
2913;Water;1-Heptanol;303.742875;0.999760944;0.999779852;0.999778497;L2;0.00189128
2913;Water;1-Heptanol;306.042185;0.99975;0.999772637;0.999770856;L2;0.002264232
2913;Water;1-Heptanol;308.041585;0.999751;0.999766197;0.999764211;L2;0.001520095
2913;Water;1-Heptanol;308.15;0.999968989;0.999765844;0.999763851;L2;0.020317229
2913;Water;1-Heptanol;308.2;0.999736071;0.99976568;0.999763685;L2;0.002961678
2913;Water;1-Heptanol;312.940115;0.99974229;0.999749752;0.999747931;L2;0.000746364
2913;Water;1-Heptanol;313.13;0.9998;0.999749095;0.9997473;L2;0.005091675
2913;Water;1-Heptanol;313.140055;0.999800068;0.99974906;0.999747267;L2;0.005101961
2913;Water;1-Heptanol;313.140055;0.999748;0.99974906;0.999747267;L2;0.000106016
2913;Water;1-Heptanol;313.15;0.9997;0.999749025;0.999747234;L2;0.004903895
2913;Water;1-Heptanol;318.15;0.999968989;0.99973118;0.999730617;L2;0.023784516
2913;Water;1-Heptanol;318.2;0.999720523;0.999730996;0.999730451;L2;0.001047556
2913;Water;1-Heptanol;323.127;0.99982;0.999712347;0.999711237;L2;0.01076778
2913;Water;1-Heptanol;323.137055;0.99978099;0.999712308;0.999711194;L2;0.006869919
2913;Water;1-Heptanol;323.237025;0.999748509;0.999711919;0.999710767;L2;0.003660023
2913;Water;1-Heptanol;333.124;0.99982;0.9996711;0.999668509;L2;0.014893821
2913;Water;1-Heptanol;333.13437;0.999761599;0.999671054;0.999668465;L2;0.009057027
2913;Water;1-Heptanol;333.13437;0.999723633;0.999671054;0.999668465;L2;0.00525945
2913;Water;1-Heptanol;333.13437;0.999712;0.999671054;0.999668465;L2;0.004095821
2913;Water;1-Heptanol;343.124;0.99977;0.999624917;0.999623462;L2;0.014512657
2913;Water;1-Heptanol;343.232025;0.999683195;0.99962439;0.999622885;L2;0.005882541
2913;Water;1-Heptanol;353.123;0.9997;0.999573367;0.999570052;L2;0.012667942
2913;Water;1-Heptanol;353.129055;0.999585;0.999573334;0.999570019;L2;0.001167125
2913;Water;1-Heptanol;353.229025;0.999662969;0.999572789;0.999569485;L2;0.009021399
2913;Water;1-Heptanol;363.123;0.99964;0.999515953;0.999514854;L2;0.012409905
2913;Water;1-Heptanol;363.62627;0.999622504;0.9995129;0.999511515;L2;0.010965156
2913;Water;1-Heptanol;373.124;0.99953;0.999452156;0.999448506;L2;0.007788329
2913;Water;1-Heptanol;383.126;0.99945;0.999381416;0.999380994;L2;0.006862396
2913;Water;1-Heptanol;393.127;0.99933;0.999303148;0.999298819;L2;0.002686997
2913;Water;1-Heptanol;403.13;0.99913;0.999216686;0.999216124;L2;0.008675758
2913;Water;1-Heptanol;413.132;0.999;0.999121363;0.99911649;L2;0.012147747
2913;Water;1-Heptanol;423.134;0.9988;0.999016432;0.999016612;L2;0.021666838
2913;Water;1-Heptanol;433.138;0.9985;0.998901071;0.998895685;L2;0.040159305
2913;Water;1-Heptanol;443.141;0.9981;0.998774459;0.998774131;L2;0.067551453
2913;Water;1-Heptanol;453.145;0.9975;0.998635649;0.998629334;L2;0.113784775
2913;Water;1-Heptanol;463.149;0.9968;0.998483664;0.998482379;L2;0.168764374
2913;Water;1-Heptanol;473.153;0.9958;0.998317436;0.998310322;L2;0.252486318
2913;Water;1-Heptanol;483.157;0.9944;0.998135815;0.998133002;L2;0.374981375
2913;Water;1-Heptanol;493.161;0.9924;0.99793756;0.997930493;L2;0.556445727
2913;Water;1-Heptanol;503.164;0.989;0.997721352;0.997716917;L2;0.877969917
2913;Water;1-Heptanol;513.168;0.9829;0.997485696;0.997478768;L2;1.473042281
2913;Water;1-Heptanol;518.1695;0.9755;0.997360108;0.997359705;L2;2.216173626
2914;Water;1-Octanol;273.15;0.2028;0.277789289;0.278189432;L1;31.46426015
2914;Water;1-Octanol;275.56;0.268493729;0.276803615;0.277347903;L1;3.048072598
2914;Water;1-Octanol;277.31;0.268621842;0.276129682;0.276736835;L1;2.756601716
2914;Water;1-Octanol;278.1492701;0.288;0.275818716;0.276443776;L1;4.321665569
2914;Water;1-Octanol;280.148955;0.156374277;0.275109214;0.275745522;L1;56.49158142
2914;Water;1-Octanol;283.144;0.2244;0.274127531;0.274699706;L1;20.01632672
2914;Water;1-Octanol;283.148055;0.237925276;0.274126267;0.27469829;L1;14.16321701
2914;Water;1-Octanol;283.148055;0.284;0.274126267;0.27469829;L1;3.538541011
2914;Water;1-Octanol;283.148055;0.247918896;0.274126267;0.27469829;L1;10.04871676
2914;Water;1-Octanol;283.54;0.268664538;0.274004859;0.27456143;L1;1.968230778
2914;Water;1-Octanol;287.77;0.268835281;0.272795363;0.27308439;L1;1.46230745
2914;Water;1-Octanol;287.9966;0.268403319;0.272735685;0.273005265;L1;1.601236718
2914;Water;1-Octanol;288.146555;0.262;0.272696473;0.272952903;L1;4.001485199
2914;Water;1-Octanol;288.15;0.271;0.272695575;0.2729517;L1;0.623724107
2914;Water;1-Octanol;292.14557;0.24742097;0.271732056;0.271864743;L1;9.372527564
2914;Water;1-Octanol;292.9954;0.268403319;0.271546937;0.271747522;L1;1.164423474
2914;Water;1-Octanol;293.138;0.2451;0.271516544;0.271727853;L1;10.23567813
2914;Water;1-Octanol;293.14537;0.265;0.271514978;0.271726836;L1;2.428747964
2914;Water;1-Octanol;293.14537;0.2843;0.271514978;0.271726836;L1;4.601271303
2914;Water;1-Octanol;293.14537;0.257207282;0.271514978;0.271726836;L1;5.413500107
2914;Water;1-Octanol;293.15;0.273;0.271513995;0.271726198;L1;0.545811109
2914;Water;1-Octanol;293.15;0.2671;0.271513995;0.271726198;L1;1.639056398
2914;Water;1-Octanol;293.16;0.269986094;0.271511872;0.271724818;L1;0.563541071
2914;Water;1-Octanol;293.47;0.269517603;0.271446523;0.271682058;L1;0.713144511
2914;Water;1-Octanol;295.67;0.270156332;0.27100848;0.271378602;L1;0.314931273
2914;Water;1-Octanol;296.14477;0.207728041;0.270919803;0.271313114;L1;26.55931198
2914;Water;1-Octanol;298.13;0.270496613;0.270571156;0.271039282;L1;0.027554198
2914;Water;1-Octanol;298.136;0.26;0.270570156;0.271038455;L1;3.984979206
2914;Water;1-Octanol;298.14437;0.266;0.270568762;0.2710373;L1;1.702996054
2914;Water;1-Octanol;298.15;0.268;0.270567824;0.271036523;L1;0.953582347
2914;Water;1-Octanol;298.15;0.2345;0.270567824;0.271036523;L1;14.30672161
2914;Water;1-Octanol;298.15;0.274;0.270567824;0.271036523;L1;1.26053024
2914;Water;1-Octanol;298.15;0.2691;0.270567824;0.271036523;L1;0.543974625
2914;Water;1-Octanol;298.15;0.268;0.270567824;0.271036523;L1;0.953582347
2914;Water;1-Octanol;298.15;0.289;0.270567824;0.271036523;L1;6.590388413
2914;Water;1-Octanol;298.19436;0.267209655;0.270560447;0.271030405;L1;1.246196101
2914;Water;1-Octanol;298.2;0.260652091;0.27055951;0.271029627;L1;3.730554028
2914;Water;1-Octanol;298.2;0.231947377;0.27055951;0.271029627;L1;15.3981551
2914;Water;1-Octanol;298.2;0.277483386;0.27055951;0.271029627;L1;2.526898741
2914;Water;1-Octanol;298.28;0.270879119;0.270546253;0.271018592;L1;0.122959118
2914;Water;1-Octanol;299.99;0.272913609;0.270276459;0.270782723;L1;0.970993815
2914;Water;1-Octanol;302.9931;0.268403319;0.269864386;0.270368491;L1;0.542878731
2914;Water;1-Octanol;303.06;0.271897528;0.269856088;0.270359263;L1;0.753645171
2914;Water;1-Octanol;303.134;0.268;0.269846953;0.270349056;L1;0.686797744
2914;Water;1-Octanol;303.134;0.2649;0.269846953;0.270349056;L1;1.850256168
2914;Water;1-Octanol;303.143055;0.277384368;0.269845839;0.270347807;L1;2.755332685
2914;Water;1-Octanol;303.143055;0.267;0.269845839;0.270347807;L1;1.060216921
2914;Water;1-Octanol;303.15;0.270113779;0.269844984;0.270346849;L1;0.099561248
2914;Water;1-Octanol;303.15;0.276;0.269844984;0.270346849;L1;2.255320426
2914;Water;1-Octanol;303.15;0.2711;0.269844984;0.270346849;L1;0.464009505
2914;Water;1-Octanol;303.15;0.2674;0.269844984;0.270346849;L1;0.910199679
2914;Water;1-Octanol;303.2;0.272744423;0.269838845;0.270339953;L1;1.071026578
2914;Water;1-Octanol;303.642905;0.253201923;0.269785389;0.270278861;L1;6.343950354
2914;Water;1-Octanol;304.23;0.272702117;0.269717084;0.27019788;L1;1.100648031
2914;Water;1-Octanol;306.05;0.273716359;0.269523646;0.269946838;L1;1.543625854
2914;Water;1-Octanol;307.9916;0.268403319;0.269347375;0.269679024;L1;0.351113191
2914;Water;1-Octanol;308.141555;0.231484329;0.269335037;0.26965834;L1;15.14439178
2914;Water;1-Octanol;308.141555;0.271;0.269335037;0.26965834;L1;0.616272513
2914;Water;1-Octanol;308.15;0.3065;0.269334348;0.269657175;L1;12.92642193
2914;Water;1-Octanol;308.15;0.2684;0.269334348;0.269657175;L1;0.347513094
2914;Water;1-Octanol;308.15;0.278;0.269334348;0.269657175;L1;3.166757765
2914;Water;1-Octanol;308.2;0.268408299;0.269330278;0.269650278;L1;0.342909965
2914;Water;1-Octanol;308.81;0.276367753;0.269282244;0.269566138;L1;2.597235258
2914;Water;1-Octanol;313.13;0.29;0.269026518;0.269073742;L1;7.507096768
2914;Water;1-Octanol;313.140055;0.267553107;0.269026093;0.269074069;L1;0.549029705
2914;Water;1-Octanol;313.140055;0.273;0.269026093;0.269074069;L1;1.466342066
2914;Water;1-Octanol;313.140055;0.295060234;0.269026093;0.269074069;L1;9.237114402
2914;Water;1-Octanol;313.140055;0.2885;0.269026093;0.269074069;L1;6.988671142
2914;Water;1-Octanol;313.140055;0.28;0.269026093;0.269074069;L1;3.998122864
2914;Water;1-Octanol;313.15;0.2735;0.269025673;0.269074392;L1;1.649480797
2914;Water;1-Octanol;313.15;0.281;0.269025673;0.269074392;L1;4.354785544
2914;Water;1-Octanol;313.15;0.279795119;0.269025673;0.269074392;L1;3.925080358
2914;Water;1-Octanol;313.2;0.284804315;0.269023574;0.269076018;L1;5.700332
2914;Water;1-Octanol;315.89;0.281913403;0.268938753;0.269163492;L1;4.711627329
2914;Water;1-Octanol;318.15;0.2581;0.268909534;0.269236984;L1;4.102791023
2914;Water;1-Octanol;318.15;0.2679;0.268909534;0.269236984;L1;0.376124041
2914;Water;1-Octanol;318.15;0.283;0.268909534;0.269236984;L1;5.107188069
2914;Water;1-Octanol;318.2;0.285174624;0.268909315;0.26923861;L1;5.872750573
2914;Water;1-Octanol;320.49;0.283774033;0.268918841;0.269313077;L1;5.376863667
2914;Water;1-Octanol;323.127;0.3118;0.268976539;0.269398828;L1;14.77377964
2914;Water;1-Octanol;323.137055;0.27223648;0.268976853;0.269399155;L1;1.204577138
2914;Water;1-Octanol;323.15;0.2793;0.268977259;0.269399575;L1;3.765963547
2914;Water;1-Octanol;323.15;0.285174624;0.268977259;0.269399575;L1;5.847487094
2914;Water;1-Octanol;323.15;0.286;0.268977259;0.269399575;L1;6.136497334
2914;Water;1-Octanol;323.2;0.289553314;0.268978837;0.269401201;L1;7.370673369
2914;Water;1-Octanol;324.81;0.287103384;0.269039009;0.269453556;L1;6.498599047
2914;Water;1-Octanol;325.136455;0.275611831;0.26905341;0.269464172;L1;2.408355691
2914;Water;1-Octanol;329.81;0.291908551;0.269339371;0.269616148;L1;8.046838679
2914;Water;1-Octanol;333.124;0.3326;0.269630485;0.269723913;L1;20.98881183
2914;Water;1-Octanol;333.13437;0.2929;0.269631509;0.26972425;L1;8.277500947
2914;Water;1-Octanol;333.13437;0.315;0.269631509;0.26972425;L1;15.55163945
2914;Water;1-Octanol;333.2;0.301124207;0.269638002;0.269726385;L1;11.04424996
2914;Water;1-Octanol;333.33433;0.289268198;0.269651379;0.269730753;L1;7.02243419
2914;Water;1-Octanol;335.45;0.296099991;0.269877379;0.269940796;L1;9.272950231
2914;Water;1-Octanol;343.124;0.3558;0.270932465;0.271273178;L1;27.2499191
2914;Water;1-Octanol;343.232025;0.293323662;0.270949886;0.271291934;L1;7.934276727
2914;Water;1-Octanol;347.130855;0.31573754;0.271624993;0.27196886;L1;15.04888846
2914;Water;1-Octanol;353.123;0.3761;0.272834439;0.273009233;L1;32.09899049
2914;Water;1-Octanol;353.129055;0.2965;0.272835764;0.273010284;L1;8.317720115
2914;Water;1-Octanol;353.229025;0.290894927;0.272857671;0.273027641;L1;6.401181806
2914;Water;1-Octanol;355.65;0.315239264;0.273405163;0.273447978;L1;14.23771115
2914;Water;1-Octanol;363.123;0.397;0.275296381;0.27555927;L1;36.6088015
2914;Water;1-Octanol;363.62627;0.298140662;0.275434436;0.275707145;L1;7.92157754
2914;Water;1-Octanol;369.65;0.329306304;0.277188663;0.277477082;L1;17.22899649
2914;Water;1-Octanol;373.124;0.4198;0.27828419;0.278497838;L1;41.11355492
2914;Water;1-Octanol;383.126;0.4356;0.281768879;0.281960688;L1;43.56372334
2914;Water;1-Octanol;393.127;0.4628;0.285724907;0.28595051;L1;48.22655098
2914;Water;1-Octanol;403.13;0.4843;0.290132239;0.29026108;L1;51.23677343
2914;Water;1-Octanol;413.132;0.5068;0.294971284;0.2951941;L1;54.12384402
2914;Water;1-Octanol;423.134;0.53;0.300226557;0.300304227;L1;56.83396281
2914;Water;1-Octanol;433.138;0.5526;0.305885305;0.306096527;L1;59.14242015
2914;Water;1-Octanol;443.141;0.5756;0.311933579;0.311971914;L1;61.26226971
2914;Water;1-Octanol;453.145;0.5985;0.318361559;0.318557037;L1;63.12388094
2914;Water;1-Octanol;463.149;0.622;0.325158648;0.325172852;L1;64.86268821
2914;Water;1-Octanol;473.153;0.645;0.332315614;0.332495168;L1;66.31651557
2914;Water;1-Octanol;483.157;0.6689;0.339823809;0.339830457;L1;67.72072978
2914;Water;1-Octanol;493.161;0.6941;0.347674999;0.347838774;L1;69.13479096
2914;Water;1-Octanol;503.164;0.7231;0.355860389;0.355872551;L1;70.90090358
2914;Water;1-Octanol;513.168;0.7555;0.364373801;0.364521482;L1;72.91995149
2914;Water;1-Octanol;523.171;0.7909;0.373205773;0.373235744;L1;75.10416007
2914;Water;1-Octanol;278.1492701;0.999839654;0.999957251;0.999956862;L2;0.011760895
2914;Water;1-Octanol;278.1492701;0.999944;0.999957251;0.999956862;L2;0.001325166
2914;Water;1-Octanol;283.148055;0.999945;0.999953335;0.99995293;L2;0.0008335
2914;Water;1-Octanol;288.146555;0.999926053;0.999949105;0.999948998;L2;0.002305348
2914;Water;1-Octanol;288.15;0.999946;0.999949102;0.999948995;L2;0.000310218
2914;Water;1-Octanol;293.138;0.999916958;0.999944549;0.999944306;L2;0.002759313
2914;Water;1-Octanol;293.138;0.999942;0.999944549;0.999944306;L2;0.000254937
2914;Water;1-Octanol;293.14537;0.999946;0.999944542;0.999944297;L2;0.000145784
2914;Water;1-Octanol;293.15;0.999937727;0.999944538;0.999944292;L2;0.000681125
2914;Water;1-Octanol;293.15;0.999944;0.999944538;0.999944292;L2;5.38E-05
2914;Water;1-Octanol;293.15;0.9998;0.999944538;0.999944292;L2;0.014455632
2914;Water;1-Octanol;293.29534;0.999941577;0.9999444;0.999944133;L2;0.000282315
2914;Water;1-Octanol;293.64527;0.999932189;0.999944067;0.999943748;L2;0.001187858
2914;Water;1-Octanol;298.136;0.999918897;0.999939634;0.999938812;L2;0.002073871
2914;Water;1-Octanol;298.136;0.999931307;0.999939634;0.999938812;L2;0.000832778
2914;Water;1-Octanol;298.136;0.999933;0.999939634;0.999938812;L2;0.000663466
2914;Water;1-Octanol;298.136;0.999919;0.999939634;0.999938812;L2;0.00206357
2914;Water;1-Octanol;298.14437;0.9999257;0.999939626;0.999938803;L2;0.001392664
2914;Water;1-Octanol;298.14437;0.999880653;0.999939626;0.999938803;L2;0.0058978
2914;Water;1-Octanol;298.15;0.999068;0.99993962;0.999938797;L2;0.087205272
2914;Water;1-Octanol;298.15;0.999941;0.99993962;0.999938797;L2;0.000138012
2914;Water;1-Octanol;298.19436;0.999942789;0.999939575;0.999938748;L2;0.000321451
2914;Water;1-Octanol;298.19436;0.9999322;0.999939575;0.999938748;L2;0.000737515
2914;Water;1-Octanol;298.2;0.999792235;0.999939569;0.999938742;L2;0.014735368
2914;Water;1-Octanol;298.2;0.999930805;0.999939569;0.999938742;L2;0.000876449
2914;Water;1-Octanol;303.134;0.999895;0.999934344;0.999933319;L2;0.003934778
2914;Water;1-Octanol;303.134;0.9999;0.999934344;0.999933319;L2;0.003434727
2914;Water;1-Octanol;303.143055;0.999885919;0.999934334;0.999933309;L2;0.004841984
2914;Water;1-Octanol;303.15;0.999938;0.999934327;0.999933302;L2;0.000367337
2914;Water;1-Octanol;303.15;0.999930805;0.999934327;0.999933302;L2;0.00035221
2914;Water;1-Octanol;303.15;0.9999;0.999934327;0.999933302;L2;0.003432971
2914;Water;1-Octanol;303.2;0.999928036;0.999934272;0.999933247;L2;0.000623639
2914;Water;1-Octanol;303.742875;0.999911419;0.999933673;0.99993265;L2;0.002225603
2914;Water;1-Octanol;308.141555;0.999891182;0.999928646;0.999927815;L2;0.003746748
2914;Water;1-Octanol;308.15;0.999935;0.999928636;0.999927806;L2;0.000636429
2914;Water;1-Octanol;308.19154;0.999941201;0.999928587;0.999927761;L2;0.001261469
2914;Water;1-Octanol;308.2;0.999792235;0.999928577;0.999927751;L2;0.013636118
2914;Water;1-Octanol;313.140055;0.999898263;0.999922537;0.999922099;L2;0.002427615
2914;Water;1-Octanol;313.140055;0.99992;0.999922537;0.999922099;L2;0.000253718
2914;Water;1-Octanol;313.140055;0.999928;0.999922537;0.999922099;L2;0.000546343
2914;Water;1-Octanol;313.15;0.999889259;0.999922524;0.999922085;L2;0.003326852
2914;Water;1-Octanol;313.15;0.999931;0.999922524;0.999922085;L2;0.000847623
2914;Water;1-Octanol;313.15;0.9999;0.999922524;0.999922085;L2;0.002252639
2914;Water;1-Octanol;313.2;0.999910034;0.999922461;0.999922012;L2;0.00124281
2914;Water;1-Octanol;313.240025;0.999910034;0.99992241;0.999921953;L2;0.001237737
2914;Water;1-Octanol;318.138555;0.999901709;0.999915983;0.999914804;L2;0.001427502
2914;Water;1-Octanol;318.15;0.999926;0.999915967;0.999914788;L2;0.001003361
2914;Water;1-Octanol;318.2;0.999681207;0.999915899;0.999914715;L2;0.023473956
2914;Water;1-Octanol;323.137055;0.999908803;0.999908958;0.999907509;L2;1.55E-05
2914;Water;1-Octanol;323.137055;0.999854621;0.999908958;0.999907509;L2;0.005434331
2914;Water;1-Octanol;323.15;0.9999;0.999908939;0.99990749;L2;0.000893991
2914;Water;1-Octanol;323.15;0.999922;0.999908939;0.99990749;L2;0.001306205
2914;Water;1-Octanol;323.15;0.99986155;0.999908939;0.99990749;L2;0.004739449
2914;Water;1-Octanol;323.2;0.999876791;0.999908866;0.999907417;L2;0.003207874
2914;Water;1-Octanol;328.135555;0.999904938;0.999901436;0.999900214;L2;0.000350241
2914;Water;1-Octanol;333.08438;0.999928341;0.999893472;0.999892992;L2;0.003487224
2914;Water;1-Octanol;333.13437;0.99991;0.999893389;0.999892919;L2;0.001661293
2914;Water;1-Octanol;333.13437;0.99992;0.999893389;0.999892919;L2;0.002661378
2914;Water;1-Octanol;333.2;0.999784626;0.999893279;0.999892823;L2;0.010867093
2914;Water;1-Octanol;333.2;0.999853235;0.999893279;0.999892823;L2;0.004004951
2914;Water;1-Octanol;333.43431;0.999878176;0.999892889;0.999892481;L2;0.001471422
2914;Water;1-Octanol;343.132055;0.999841493;0.999875603;0.999873954;L2;0.003411502
2914;Water;1-Octanol;343.28201;0.999928299;0.999875318;0.99987366;L2;0.005298586
2914;Water;1-Octanol;343.431965;0.999893414;0.999875033;0.999873365;L2;0.00183832
2914;Water;1-Octanol;353.129055;0.999874;0.999855358;0.999854329;L2;0.001864427
2914;Water;1-Octanol;353.229025;0.999879562;0.999855142;0.999854132;L2;0.002442274
2914;Water;1-Octanol;363.42631;0.999880947;0.999831652;0.99982982;L2;0.004930197
2915;Water;1-Decanol;273.15;0.1935;0.222562057;0.223276342;L1;13.99284568
2915;Water;1-Decanol;278.1492701;0.2743;0.221047398;0.221572362;L1;21.58452493
2915;Water;1-Decanol;283.144;0.215;0.219782098;0.219869929;L1;2.199856494
2915;Water;1-Decanol;283.148055;0.264;0.219781168;0.219868547;L1;18.33167447
2915;Water;1-Decanol;288.146555;0.257;0.218748268;0.219086245;L1;16.11544763
2915;Water;1-Decanol;288.15;0.232894925;0.218747634;0.219085819;L1;6.266867891
2915;Water;1-Decanol;292.94541;0.251322608;0.217963402;0.218493449;L1;14.24102386
2915;Water;1-Decanol;293.138;0.236;0.217935967;0.218469659;L1;7.963051606
2915;Water;1-Decanol;293.14537;0.261;0.217934923;0.218468749;L1;18.03239075
2915;Water;1-Decanol;293.14537;0.2641;0.217934923;0.218468749;L1;19.21313195
2915;Water;1-Decanol;298.14437;0.259;0.217328756;0.21785123;L1;17.54168498
2915;Water;1-Decanol;298.15;0.194819143;0.217328186;0.217850534;L1;10.93369318
2915;Water;1-Decanol;298.19436;0.25653946;0.217323702;0.217845054;L1;16.58945381
2915;Water;1-Decanol;298.2;0.1765;0.217323133;0.217844358;L1;20.80644602
2915;Water;1-Decanol;298.2;0.1784;0.217323133;0.217844358;L1;19.73571164
2915;Water;1-Decanol;298.2;0.276297584;0.217323133;0.217844358;L1;24.00931512
2915;Water;1-Decanol;302.743175;0.233447961;0.216944366;0.217283146;L1;7.33182464
2915;Water;1-Decanol;303.134;0.2575;0.216919078;0.217234868;L1;17.14953489
2915;Water;1-Decanol;303.143055;0.257;0.216918506;0.217233749;L1;16.95543525
2915;Water;1-Decanol;308.141555;0.255;0.216693842;0.216754791;L1;16.27780549
2915;Water;1-Decanol;313.13;0.2795;0.216645309;0.216977696;L1;25.47407987
2915;Water;1-Decanol;313.140055;0.252;0.216645382;0.216978145;L1;15.11672541
2915;Water;1-Decanol;313.140055;0.2641;0.216645382;0.216978145;L1;19.80659859
2915;Water;1-Decanol;313.439965;0.240575766;0.216647888;0.216991547;L1;10.47616749
2915;Water;1-Decanol;318.2;0.244;0.216767085;0.217204245;L1;11.83447894
2915;Water;1-Decanol;323.127;0.3015;0.217043052;0.217424405;L1;32.86742861
2915;Water;1-Decanol;323.137055;0.246518901;0.217043769;0.217424854;L1;12.73396331
2915;Water;1-Decanol;333.124;0.3235;0.218053008;0.218183957;L1;39.44609228
2915;Water;1-Decanol;333.13437;0.2644;0.218054356;0.218185827;L1;19.27187363
2915;Water;1-Decanol;333.43431;0.245981906;0.218093597;0.218239892;L1;12.03336653
2915;Water;1-Decanol;343.124;0.345;0.219626555;0.219986512;L1;45.16157919
2915;Water;1-Decanol;343.331995;0.245981906;0.21966496;0.220024004;L1;11.31545051
2915;Water;1-Decanol;353.123;0.3665;0.221722438;0.221788886;L1;50.25722008
2915;Water;1-Decanol;353.129055;0.2687;0.221723858;0.221789977;L1;19.21627893
2915;Water;1-Decanol;353.328995;0.250791449;0.221770859;0.221826017;L1;12.29770315
2915;Water;1-Decanol;363.123;0.3885;0.224307212;0.224599642;L1;54.9276577
2915;Water;1-Decanol;363.52629;0.2586919;0.224421286;0.224718332;L1;14.21127508
2915;Water;1-Decanol;373.124;0.41;0.227352866;0.227543003;L1;58.96538738
2915;Water;1-Decanol;383.126;0.432;0.230836076;0.231035424;L1;62.6717758
2915;Water;1-Decanol;393.127;0.454;0.234736545;0.234976042;L1;65.9633396
2915;Water;1-Decanol;403.13;0.4765;0.239039058;0.239131075;L1;68.98407611
2915;Water;1-Decanol;413.132;0.498;0.243728505;0.243972086;L1;71.45451551
2915;Water;1-Decanol;423.134;0.5195;0.24879349;0.248813097;L1;73.62436155
2915;Water;1-Decanol;433.138;0.541;0.254224988;0.254444687;L1;75.51996263
2915;Water;1-Decanol;443.141;0.563;0.26001258;0.26011561;L1;77.25496146
2915;Water;1-Decanol;453.145;0.585;0.266149576;0.266329369;L1;78.75533806
2915;Water;1-Decanol;463.149;0.607;0.272628327;0.272775517;L1;80.04193616
2915;Water;1-Decanol;473.153;0.629;0.279442275;0.279575987;L1;81.1335515
2915;Water;1-Decanol;483.157;0.6515;0.286585211;0.286750299;L1;82.12414839
2915;Water;1-Decanol;493.161;0.6745;0.29405112;0.294140998;L1;83.02180466
2915;Water;1-Decanol;503.164;0.6975;0.301833245;0.301999136;L1;83.76278193
2915;Water;1-Decanol;513.168;0.722;0.309927123;0.309981553;L1;84.56879574
2915;Water;1-Decanol;523.171;0.766;0.318324951;0.318481909;L1;87.81094495
2915;Water;1-Decanol;533.174;0.773;0.327021112;0.327053298;L1;86.02543178
2915;Water;1-Decanol;288.146555;0.999996394;0.999995947;0.999995638;L2;4.47E-05
2915;Water;1-Decanol;293.138;0.999996;0.99999545;0.999995211;L2;5.50E-05
2915;Water;1-Decanol;293.15;0.999995675;0.999995448;0.99999521;L2;2.27E-05
2915;Water;1-Decanol;298.136;0.999994;0.999994898;0.999994784;L2;8.98E-05
2915;Water;1-Decanol;298.136;0.999996;0.999994898;0.999994784;L2;0.000110173
2915;Water;1-Decanol;298.2;0.9998;0.999994891;0.999994779;L2;0.019491084
2915;Water;1-Decanol;302.743175;0.999976095;0.999994338;0.999994391;L2;0.001824371
2915;Water;1-Decanol;313.439965;0.999970402;0.999992825;0.999992958;L2;0.002242361
2915;Water;1-Decanol;323.137055;0.999970402;0.999991158;0.999991307;L2;0.002075621
2915;Water;1-Decanol;333.43431;0.999968124;0.999989026;0.999989219;L2;0.002090198
2915;Water;1-Decanol;343.331995;0.999974956;0.999986567;0.999986267;L2;0.001161117
2915;Water;1-Decanol;353.328995;0.999972679;0.999983611;0.999983285;L2;0.001093229
2915;Water;1-Decanol;363.52629;0.999973818;0.99998003;0.999979436;L2;0.000621254
2934;Water;Isobutyl acetate;273.15;0.044673;0.026056599;0.026251482;L1;53.90982511
2934;Water;Isobutyl acetate;283.148055;0.050612257;0.028058485;0.028073636;L1;58.99026884
2934;Water;Isobutyl acetate;290.79584;0.0596;0.02972075;0.029875338;L1;69.58101046
2934;Water;Isobutyl acetate;292.84543;0.058241305;0.03018558;0.030366309;L1;65.72304822
2934;Water;Isobutyl acetate;293.138;0.102479967;0.030252602;0.030436393;L1;122.0085137
2934;Water;Isobutyl acetate;293.14537;0.0754;0.030254293;0.030438158;L1;91.31691988
2934;Water;Isobutyl acetate;293.15;0.083874232;0.030255355;0.030439268;L1;101.9645259
2934;Water;Isobutyl acetate;293.2;0.0646;0.030266827;0.030451245;L1;75.81621322
2934;Water;Isobutyl acetate;297.59448;0.0683;0.031294249;0.031503925;L1;78.04754318
2934;Water;Isobutyl acetate;298.14437;0.0822;0.031425487;0.031635649;L1;96.15360474
2934;Water;Isobutyl acetate;298.2;0.122543389;0.031438797;0.031648975;L1;136.0422455
2934;Water;Isobutyl acetate;298.2;0.083874232;0.031438797;0.031648975;L1;98.12757301
2934;Water;Isobutyl acetate;298.2;0.1;0.031438797;0.031648975;L1;115.7127477
2934;Water;Isobutyl acetate;303.043085;0.068064076;0.032621067;0.032809117;L1;73.54912498
2934;Water;Isobutyl acetate;303.143055;0.0888;0.032645963;0.032833064;L1;100.0665455
2934;Water;Isobutyl acetate;303.15;0.0715;0.032647693;0.032834728;L1;78.39232547
2934;Water;Isobutyl acetate;303.15;0.07149012;0.032647693;0.032834728;L1;78.37850633
2934;Water;Isobutyl acetate;303.2;0.1;0.032660153;0.032846705;L1;111.901442
2934;Water;Isobutyl acetate;304.15;0.1262;0.032897839;0.033074274;L1;134.4460985
2934;Water;Isobutyl acetate;308.2;0.1;0.033931467;0.034044435;L1;108.082737
2934;Water;Isobutyl acetate;308.2;0.094895565;0.033931467;0.034044435;L1;102.8434155
2934;Water;Isobutyl acetate;308.741375;0.0777;0.034072144;0.03417412;L1;82.43750991
2934;Water;Isobutyl acetate;312.840145;0.073195262;0.035156574;0.035157954;L1;73.33190668
2934;Water;Isobutyl acetate;313.140055;0.1008;0.035237272;0.035247754;L1;105.1033966
2934;Water;Isobutyl acetate;313.2;0.076;0.035253424;0.035265703;L1;76.81706814
2934;Water;Isobutyl acetate;313.2;0.0916;0.035253424;0.035265703;L1;95.48686128
2934;Water;Isobutyl acetate;318.2;0.105698171;0.036626806;0.03676281;L1;105.9807205
2934;Water;Isobutyl acetate;323.137055;0.076025574;0.038034209;0.03824107;L1;69.25837986
2934;Water;Isobutyl acetate;323.137055;0.1131;0.038034209;0.03824107;L1;108.9786398
2934;Water;Isobutyl acetate;324.78656;0.0992;0.038515952;0.038734968;L1;94.60655174
2934;Water;Isobutyl acetate;328.2;0.121506004;0.039531413;0.039757025;L1;112.2868062
2934;Water;Isobutyl acetate;332.15;0.1713;0.040738085;0.04093974;L1;143.6253004
2934;Water;Isobutyl acetate;333.13437;0.1251;0.041044131;0.041234481;L1;111.4465574
2934;Water;Isobutyl acetate;333.63427;0.077716847;0.041200373;0.041384162;L1;63.46247511
2934;Water;Isobutyl acetate;334.63407;0.1019;0.041514521;0.041683524;L1;89.79486652
2934;Water;Isobutyl acetate;342.38228;0.1235;0.044025286;0.04404697;L1;103.1477012
2934;Water;Isobutyl acetate;343.132055;0.1368;0.044275503;0.044321126;L1;112.8088453
2934;Water;Isobutyl acetate;343.232025;0.081643133;0.044308964;0.04435768;L1;61.11707176
2934;Water;Isobutyl acetate;353.129055;0.1483;0.04773737;0.047976544;L1;113.3522718
2934;Water;Isobutyl acetate;353.17904;0.1441;0.047755276;0.047994821;L1;110.4417952
2934;Water;Isobutyl acetate;353.328995;0.097616466;0.04780903;0.048049653;L1;71.38316646
2934;Water;Isobutyl acetate;358.127555;0.1488;0.04955798;0.049804253;L1;109.9459824
2934;Water;Isobutyl acetate;359.67709;0.1603;0.050134805;0.050370843;L1;116.2331581
2934;Water;Isobutyl acetate;363.32633;0.088861322;0.051516865;0.051705193;L1;54.5167753
2934;Water;Isobutyl acetate;366.15;0.2251;0.052609273;0.052737673;L1;145.3652352
2934;Water;Isobutyl acetate;372.82443;0.1854;0.055272839;0.055359376;L1;121.0234017
2934;Water;Isobutyl acetate;378.82323;0.2034;0.057766663;0.057997805;L1;125.8762637
2934;Water;Isobutyl acetate;395.51989;0.2376;0.06522777;0.065341432;L1;129.2703295
2934;Water;Isobutyl acetate;413.41631;0.2782;0.074126063;0.074430708;L1;132.2573086
2934;Water;Isobutyl acetate;273.15;0.998388572;0.99917502;0.999162937;L2;0.07874077
2934;Water;Isobutyl acetate;283.148055;0.99870368;0.999173311;0.999172495;L2;0.047013029
2934;Water;Isobutyl acetate;287.746675;0.99881;0.999169223;0.999165036;L2;0.03595862
2934;Water;Isobutyl acetate;292.84543;0.998970681;0.999162487;0.999155059;L2;0.019198537
2934;Water;Isobutyl acetate;293.138;0.998750854;0.999162033;0.999154487;L2;0.041160892
2934;Water;Isobutyl acetate;293.138;0.998954996;0.999162033;0.999154487;L2;0.020723249
2934;Water;Isobutyl acetate;293.138;0.997420821;0.999162033;0.999154487;L2;0.17441929
2934;Water;Isobutyl acetate;293.138;0.998954996;0.999162033;0.999154487;L2;0.020723249
2934;Water;Isobutyl acetate;293.14537;0.99839;0.999162022;0.999154472;L2;0.0772968
2934;Water;Isobutyl acetate;293.15;0.998750854;0.999162015;0.999154463;L2;0.041159014
2934;Water;Isobutyl acetate;293.2;0.9989;0.999161936;0.999154366;L2;0.026219037
2934;Water;Isobutyl acetate;293.29534;0.9989;0.999161786;0.999154179;L2;0.026204033
2934;Water;Isobutyl acetate;295.1372;0.99922;0.999158743;0.999150575;L2;0.006130704
2934;Water;Isobutyl acetate;298.04439;0.99888;0.999153377;0.999144886;L2;0.027364629
2934;Water;Isobutyl acetate;298.09438;0.998918469;0.999153279;0.999144789;L2;0.023503664
2934;Water;Isobutyl acetate;298.14437;0.99842;0.999153181;0.999144691;L2;0.073407143
2934;Water;Isobutyl acetate;298.15;0.999015837;0.99915317;0.99914468;L2;0.013745842
2934;Water;Isobutyl acetate;298.15;0.998796371;0.99915317;0.99914468;L2;0.035716476
2934;Water;Isobutyl acetate;298.2;0.999;0.999153071;0.999144582;L2;0.015321246
2934;Water;Isobutyl acetate;298.2;0.998750854;0.999153071;0.999144582;L2;0.040263896
2934;Water;Isobutyl acetate;298.2;0.998656483;0.999153071;0.999144582;L2;0.049713245
2934;Water;Isobutyl acetate;298.2;0.9990158;0.999153071;0.999144582;L2;0.013739677
2934;Water;Isobutyl acetate;303.043085;0.999049063;0.999142596;0.999135105;L2;0.009361737
2934;Water;Isobutyl acetate;303.143055;0.99845;0.999142361;0.99913491;L2;0.069319502
2934;Water;Isobutyl acetate;303.15;0.9984;0.999142344;0.999134896;L2;0.074325751
2934;Water;Isobutyl acetate;303.15;0.998435907;0.999142344;0.999134896;L2;0.070729361
2934;Water;Isobutyl acetate;303.2;0.9990542;0.999142226;0.999134798;L2;0.008810564
2934;Water;Isobutyl acetate;303.2;0.999;0.999142226;0.999134798;L2;0.014235842
2934;Water;Isobutyl acetate;304.09277;0.99902;0.999140088;0.999133051;L2;0.012019885
2934;Water;Isobutyl acetate;304.15;0.9964;0.999139949;0.999132939;L2;0.274607472
2934;Water;Isobutyl acetate;308.2;0.999;0.999129486;0.999125015;L2;0.012960735
2934;Water;Isobutyl acetate;308.2;0.998593515;0.999129486;0.999125015;L2;0.053658205
2934;Water;Isobutyl acetate;308.2;0.9990918;0.999129486;0.999125015;L2;0.003771968
2934;Water;Isobutyl acetate;312.840145;0.999158687;0.999116025;0.999115865;L2;0.004269899
2934;Water;Isobutyl acetate;313.140055;0.99851;0.999115102;0.999114652;L2;0.060582098
2934;Water;Isobutyl acetate;313.2;0.9989;0.999114916;0.99911441;L2;0.02151298
2934;Water;Isobutyl acetate;313.2;0.9991303;0.999114916;0.99911441;L2;0.001539724
2934;Water;Isobutyl acetate;316.88893;0.9991;0.999103023;0.999099485;L2;0.000302608
2934;Water;Isobutyl acetate;318.2;0.998435907;0.999098566;0.999094181;L2;0.06634771
2934;Water;Isobutyl acetate;318.2;0.9991462;0.999098566;0.999094181;L2;0.004767568
2934;Water;Isobutyl acetate;321.037685;0.99891;0.999088509;0.9990827;L2;0.017868799
2934;Water;Isobutyl acetate;323.137055;0.99858;0.99908071;0.999074207;L2;0.050129661
2934;Water;Isobutyl acetate;323.137055;0.99923691;0.99908071;0.999074207;L2;0.015633124
2934;Water;Isobutyl acetate;328.2;0.998119884;0.999060657;0.999053723;L2;0.094210136
2934;Water;Isobutyl acetate;332.15;0.9966;0.999043797;0.999037742;L2;0.244913261
2934;Water;Isobutyl acetate;333.13437;0.99864;0.99903943;0.99903376;L2;0.03998939
2934;Water;Isobutyl acetate;333.58428;0.9991;0.999037412;0.99903194;L2;0.006264635
2934;Water;Isobutyl acetate;333.63427;0.999111722;0.999037187;0.999031737;L2;0.007460413
2934;Water;Isobutyl acetate;340.732775;0.99888;0.999003501;0.999003018;L2;0.012363194
2934;Water;Isobutyl acetate;342.58222;0.99902;0.99899416;0.998993801;L2;0.002586558
2934;Water;Isobutyl acetate;343.132055;0.99869;0.998991338;0.998990462;L2;0.030168765
2934;Water;Isobutyl acetate;343.232025;0.999174337;0.998990823;0.998989855;L2;0.018368298
2934;Water;Isobutyl acetate;348.030585;0.99881;0.998965277;0.998960718;L2;0.015545018
2934;Water;Isobutyl acetate;348.330495;0.99881;0.998963628;0.998958897;L2;0.015379913
2934;Water;Isobutyl acetate;352.07937;0.9989;0.998942484;0.998936133;L2;0.004253002
2934;Water;Isobutyl acetate;353.129055;0.99875;0.998936388;0.99892976;L2;0.018660405
2934;Water;Isobutyl acetate;353.328995;0.999143035;0.998935218;0.998928546;L2;0.020801659
2934;Water;Isobutyl acetate;357.927615;0.99874;0.998907533;0.998900622;L2;0.016773027
2934;Water;Isobutyl acetate;366.15;0.9968;0.99885426;0.998850695;L2;0.205873416
2934;Water;Isobutyl acetate;366.32573;0.99868;0.998853068;0.998849628;L2;0.01732816
2934;Water;Isobutyl acetate;384.62207;0.99849;0.998716162;0.998707906;L2;0.022647821
2934;Water;Isobutyl acetate;388.82123;0.99843;0.998681034;0.998673377;L2;0.025139694
2934;Water;Isobutyl acetate;420.21495;0.99811;0.998369879;0.998362845;L2;0.026033695
3021;Water;1-Dodecanol;293.14537;0.067959922;0.182937972;0.18348636;L1;99.02289974
3021;Water;1-Dodecanol;294.64507;0.067959922;0.182824052;0.183350981;L1;98.96060785
3021;Water;1-Dodecanol;296.84463;0.119902073;0.182686088;0.183152426;L1;42.10939645
3021;Water;1-Dodecanol;297.34453;0.128058385;0.182659486;0.183107299;L1;35.51373941
3021;Water;1-Dodecanol;298.15;0.224002861;0.182620276;0.183034589;L1;20.42498216
3021;Water;1-Dodecanol;299.14417;0.136081015;0.182578046;0.182944845;L1;29.39273244
3021;Water;1-Dodecanol;302.643205;0.234087061;0.182482555;0.182628985;L1;24.90385215
3021;Water;1-Dodecanol;303.143055;0.248;0.18247555;0.182583863;L1;30.68125568
3021;Water;1-Dodecanol;303.2;0.05783847;0.182474855;0.182578723;L1;114.8958259
3021;Water;1-Dodecanol;304.142755;0.151738164;0.182466426;0.18249362;L1;18.44097583
3021;Water;1-Dodecanol;308.141555;0.246;0.182493876;0.182719748;L1;29.86149213
3021;Water;1-Dodecanol;313.140055;0.244;0.182667285;0.183065603;L1;28.95018418
3021;Water;1-Dodecanol;313.140055;0.232798835;0.182667285;0.183065603;L1;24.25083281
3021;Water;1-Dodecanol;313.15;0.230600103;0.18266778;0.183066291;L1;23.30159636
3021;Water;1-Dodecanol;313.2;0.080562763;0.182670275;0.183069751;L1;81.86462057
3021;Water;1-Dodecanol;314.639605;0.1815849;0.182748421;0.18316936;L1;0.638714732
3021;Water;1-Dodecanol;323.15;0.236076325;0.183451793;0.18375821;L1;25.22032368
3021;Water;1-Dodecanol;323.2;0.093730903;0.18345711;0.18376167;L1;67.15529651
3021;Water;1-Dodecanol;323.336995;0.222354517;0.183471745;0.183771149;L1;19.22123514
3021;Water;1-Dodecanol;333.15;0.255726166;0.184776419;0.184979524;L1;32.49606587
3021;Water;1-Dodecanol;333.63427;0.238566106;0.184853535;0.185074597;L1;25.50826384
3021;Water;1-Dodecanol;343.15;0.250742616;0.18660005;0.186942744;L1;29.54594202
3021;Water;1-Dodecanol;343.631905;0.223014592;0.186699923;0.187037352;L1;17.77345649
3021;Water;1-Dodecanol;353.428965;0.235371495;0.188959028;0.18896073;L1;21.96348888
3021;Water;1-Dodecanol;363.92621;0.239837403;0.191844255;0.192142594;L1;22.32773378
3021;Water;1-Dodecanol;289.1404;0.99999984;0.999999673;0.999999626;L2;1.67E-05
3021;Water;1-Dodecanol;298.136;0.999999584;0.999999574;0.999999259;L2;9.74E-07
3021;Water;1-Dodecanol;298.15;0.99993325;0.999999574;0.999999258;L2;0.006632631
3021;Water;1-Dodecanol;302.643205;0.999961315;0.999999516;0.999999074;L2;0.003820138
3021;Water;1-Dodecanol;307.1324;0.99999972;0.99999945;0.999999;L2;2.70E-05
3021;Water;1-Dodecanol;313.140055;0.999951639;0.99999935;0.999999;L2;0.00477123
3021;Water;1-Dodecanol;313.15;0.999918728;0.99999935;0.999999;L2;0.008062526
3021;Water;1-Dodecanol;322.1273;0.99999965;0.99999917;0.999999;L2;4.80E-05
3021;Water;1-Dodecanol;323.15;0.999904202;0.999999147;0.999999;L2;0.009494954
3021;Water;1-Dodecanol;323.336995;0.999912918;0.999999143;0.999999;L2;0.008622846
3021;Water;1-Dodecanol;333.63427;0.999854785;0.999998875;0.99999881;L2;0.014410065
3021;Water;1-Dodecanol;343.15;0.999903234;0.999998564;0.999998421;L2;0.009533497
3021;Water;1-Dodecanol;343.631905;0.999912918;0.999998547;0.999998402;L2;0.008563248
3021;Water;1-Dodecanol;353.428965;0.999864479;0.999998145;0.999998001;L2;0.013367507
3021;Water;1-Dodecanol;363.92621;0.999825695;0.999997608;0.99999757;L2;0.017192798
3095;Water;tert-Pentanol;273.649927;0.626145126;0.368484346;0.369001402;L1;53.0183944
3095;Water;tert-Pentanol;282.948115;0.609709078;0.364529058;0.364673402;L1;51.43756531
3095;Water;tert-Pentanol;283.1;0.631;0.364472637;0.364602705;L1;54.8854385
3095;Water;tert-Pentanol;293.138;0.610486498;0.361293801;0.361747268;L1;52.45646969
3095;Water;tert-Pentanol;293.14537;0.6105;0.361291853;0.361745366;L1;52.45922042
3095;Water;tert-Pentanol;293.15;0.6042;0.36129063;0.361744172;L1;51.42225655
3095;Water;tert-Pentanol;293.15;0.592256695;0.36129063;0.361744172;L1;49.42574439
3095;Water;tert-Pentanol;293.15;0.614856836;0.36129063;0.361744172;L1;53.17067503
3095;Water;tert-Pentanol;293.15;0.618411808;0.36129063;0.361744172;L1;53.74718881
3095;Water;tert-Pentanol;293.94521;0.55786532;0.361083739;0.361538997;L1;43.50076766
3095;Water;tert-Pentanol;298;0.6248;0.360126752;0.360492807;L1;55.09755395
3095;Water;tert-Pentanol;298.136;0.600098455;0.360097453;0.360457718;L1;51.07190354
3095;Water;tert-Pentanol;298.14437;0.597550063;0.360095656;0.360455558;L1;50.64683609
3095;Water;tert-Pentanol;298.14437;0.6;0.360095656;0.360455558;L1;51.05599484
3095;Water;tert-Pentanol;298.15;0.624;0.360094447;0.360454105;L1;54.97840178
3095;Water;tert-Pentanol;298.15;0.569766632;0.360094447;0.360454105;L1;45.88605089
3095;Water;tert-Pentanol;298.15;0.619;0.360094447;0.360454105;L1;54.17389221
3095;Water;tert-Pentanol;298.15;0.6;0.360094447;0.360454105;L1;51.05633047
3095;Water;tert-Pentanol;298.2;0.578430011;0.360083727;0.360441205;L1;47.39809751
3095;Water;tert-Pentanol;298.3;0.577001318;0.360062358;0.360415403;L1;47.15673165
3095;Water;tert-Pentanol;302.643205;0.536014939;0.359226666;0.359294799;L1;40.02084624
3095;Water;tert-Pentanol;303;0.5708;0.35916593;0.359202741;L1;46.32544044
3095;Water;tert-Pentanol;303;0.571225861;0.35916593;0.359202741;L1;46.40002037
3095;Water;tert-Pentanol;303.134;0.58950904;0.359143426;0.359168167;L1;49.55682323
3095;Water;tert-Pentanol;303.15;0.591023055;0.35914075;0.359164039;L1;49.8140655
3095;Water;tert-Pentanol;303.15;0.59471031;0.35914075;0.359164039;L1;50.43600412
3095;Water;tert-Pentanol;303.15;0.57470285;0.35914075;0.359164039;L1;47.01387528
3095;Water;tert-Pentanol;303.15;0.5883;0.35914075;0.359164039;L1;49.352265
3095;Water;tert-Pentanol;303.2;0.589922636;0.359132403;0.359151138;L1;49.63002725
3095;Water;tert-Pentanol;303.2;0.589646963;0.359132403;0.359151138;L1;49.58328596
3095;Water;tert-Pentanol;308;0.6364;0.358437836;0.358729528;L1;57.40720519
3095;Water;tert-Pentanol;312.640205;0.542396066;0.357962126;0.358355965;L1;41.55692959
3095;Water;tert-Pentanol;313.140055;0.5894;0.357922057;0.358315724;L1;49.87898252
3095;Water;tert-Pentanol;313.15;0.559375482;0.357921282;0.358314924;L1;44.65078721
3095;Water;tert-Pentanol;313.15;0.5763;0.357921282;0.358314924;L1;47.63152798
3095;Water;tert-Pentanol;313.15;0.560879133;0.357921282;0.358314924;L1;44.91923545
3095;Water;tert-Pentanol;313.15;0.574991008;0.357921282;0.358314924;L1;47.40413238
3095;Water;tert-Pentanol;313.2;0.573547779;0.357917396;0.358310898;L1;47.1539022
3095;Water;tert-Pentanol;313.2;0.572678905;0.357917396;0.358310898;L1;47.00229621
3095;Water;tert-Pentanol;318;0.5414;0.357642847;0.35792447;L1;41.46235233
3095;Water;tert-Pentanol;322.137355;0.524569338;0.357559072;0.357591389;L1;38.32770338
3095;Water;tert-Pentanol;322.4;0.537620883;0.357558421;0.357570245;L1;40.7854868
3095;Water;tert-Pentanol;323.12;0.547;0.357559458;0.357599409;L1;42.51471371
3095;Water;tert-Pentanol;323.127;0.567124307;0.357559489;0.35759992;L1;46.12767658
3095;Water;tert-Pentanol;323.15;0.544602852;0.357559591;0.357601597;L1;42.07547804
3095;Water;tert-Pentanol;323.15;0.5624;0.357559591;0.357601597;L1;45.29113038
3095;Water;tert-Pentanol;323.2;0.563271537;0.357559828;0.357605242;L1;45.44591155
3095;Water;tert-Pentanol;323.2;0.56386707;0.357559828;0.357605242;L1;45.55158322
3095;Water;tert-Pentanol;332.63447;0.566829461;0.357951758;0.358293168;L1;45.96602612
3095;Water;tert-Pentanol;333.13437;0.540811399;0.357991345;0.358329619;L1;41.2561793
3095;Water;tert-Pentanol;333.15;0.551;0.357992612;0.358330759;L1;43.12224589
3095;Water;tert-Pentanol;333.15;0.5514;0.357992612;0.358330759;L1;43.19481483
3095;Water;tert-Pentanol;343.07;0.558;0.35915362;0.35923293;L1;44.06087547
3095;Water;tert-Pentanol;343.15;0.5378;0.359165814;0.359249508;L1;40.37025836
3095;Water;tert-Pentanol;343.331995;0.511035365;0.359193721;0.359287224;L1;35.25769396
3095;Water;tert-Pentanol;352.529235;0.584085238;0.360896964;0.361193188;L1;48.14544297
3095;Water;tert-Pentanol;352.529235;0.511035365;0.360896964;0.361193188;L1;34.78462973
3095;Water;tert-Pentanol;353.11;0.565;0.361023424;0.361313541;L1;44.78828896
3095;Water;tert-Pentanol;353.15;0.535;0.361032215;0.36132183;L1;39.32995555
3095;Water;tert-Pentanol;353.229025;0.512754407;0.361049613;0.361338207;L1;35.07816108
3095;Water;tert-Pentanol;363.13;0.571;0.363545772;0.363660356;L1;45.14840005
3095;Water;tert-Pentanol;363.32633;0.509308362;0.3636015;0.363724495;L1;33.69951641
3095;Water;tert-Pentanol;370.7;0.531153787;0.3658647;0.366133371;L1;37.27880037
3095;Water;tert-Pentanol;370.7;0.526226627;0.3658647;0.366133371;L1;36.34683764
3095;Water;tert-Pentanol;373.12;0.577;0.36667856;0.366923952;L1;45.33566617
3095;Water;tert-Pentanol;382.02259;0.600499033;0.369966197;0.370066283;L1;48.43493887
3095;Water;tert-Pentanol;391.82063;0.612293234;0.374102314;0.374326029;L1;49.26819826
3095;Water;tert-Pentanol;401;0.542396066;0.378451763;0.37855094;L1;35.99078627
3095;Water;tert-Pentanol;401.71865;0.617400126;0.378811199;0.378934688;L1;48.84793909
3095;Water;tert-Pentanol;273.649927;0.963067093;0.998145154;0.998138253;L2;3.577563006
3095;Water;tert-Pentanol;282.948115;0.965716609;0.997979638;0.997977718;L2;3.286244748
3095;Water;tert-Pentanol;283.1;0.9716;0.997976818;0.997975096;L2;2.678585017
3095;Water;tert-Pentanol;293.138;0.975363383;0.997781809;0.997773861;L2;2.272452236
3095;Water;tert-Pentanol;293.138;0.972512105;0.997781809;0.997773861;L2;2.565210171
3095;Water;tert-Pentanol;293.14537;0.9725;0.99778166;0.99777371;L2;2.566439906
3095;Water;tert-Pentanol;293.15;0.969628034;0.997781566;0.997773615;L2;2.862185255
3095;Water;tert-Pentanol;293.15;0.9764;0.997781566;0.997773615;L2;2.166204188
3095;Water;tert-Pentanol;293.15;0.973882931;0.997781566;0.997773615;L2;2.424327802
3095;Water;tert-Pentanol;293.15;0.973435755;0.997781566;0.997773615;L2;2.47025516
3095;Water;tert-Pentanol;293.94521;0.974130754;0.997765374;0.99775735;L2;2.397261327
3095;Water;tert-Pentanol;298;0.9785;0.997681067;0.997674414;L2;1.941286613
3095;Water;tert-Pentanol;298.136;0.975363383;0.997678188;0.997671632;L2;2.262066546
3095;Water;tert-Pentanol;298.14437;0.9754;0.997678011;0.997671461;L2;2.258294657
3095;Water;tert-Pentanol;298.14437;0.97560862;0.997678011;0.997671461;L2;2.236908795
3095;Water;tert-Pentanol;298.15;0.977313389;0.997677892;0.997671346;L2;2.062310308
3095;Water;tert-Pentanol;298.15;0.99168;0.997677892;0.997671346;L2;0.602999572
3095;Water;tert-Pentanol;298.2;0.97585343;0.997676832;0.997670323;L2;2.211700758
3095;Water;tert-Pentanol;298.3;0.97560862;0.997674712;0.997668278;L2;2.23657817
3095;Water;tert-Pentanol;302.643205;0.977941337;0.997580877;0.997579443;L2;1.988353938
3095;Water;tert-Pentanol;303;0.979236564;0.997573014;0.997572145;L2;1.85520912
3095;Water;tert-Pentanol;303;0.987;0.997573014;0.997572145;L2;1.065530351
3095;Water;tert-Pentanol;303.134;0.978;0.997570055;0.997569404;L2;1.981270653
3095;Water;tert-Pentanol;303.134;0.977555241;0.997570055;0.997569404;L2;2.026757377
3095;Water;tert-Pentanol;303.15;0.979236564;0.997569701;0.997569077;L2;1.85487704
3095;Water;tert-Pentanol;303.15;0.976000112;0.997569701;0.997569077;L2;2.185932098
3095;Water;tert-Pentanol;303.15;0.9794;0.997569701;0.997569077;L2;1.838188288
3095;Water;tert-Pentanol;303.15;0.977917237;0.997569701;0.997569077;L2;1.989698044
3095;Water;tert-Pentanol;303.2;0.977796676;0.997568596;0.997568054;L2;2.001916361
3095;Water;tert-Pentanol;303.2;0.978877987;0.997568596;0.997568054;L2;1.891390975
3095;Water;tert-Pentanol;308;0.9823;0.997460311;0.997453483;L2;1.531559883
3095;Water;tert-Pentanol;312.640205;0.982189114;0.997351433;0.997342044;L2;1.531932813
3095;Water;tert-Pentanol;313.140055;0.9775;0.997339453;0.99733004;L2;2.009289489
3095;Water;tert-Pentanol;313.15;0.980826979;0.997339214;0.997329801;L2;1.669487533
3095;Water;tert-Pentanol;313.15;0.9829;0.997339214;0.997329801;L2;1.458356169
3095;Water;tert-Pentanol;313.15;0.981720934;0.997339214;0.997329801;L2;1.578386056
3095;Water;tert-Pentanol;313.15;0.982772104;0.997339214;0.997329801;L2;1.471369123
3095;Water;tert-Pentanol;313.2;0.982772104;0.997338013;0.9973286;L2;1.471248687
3095;Water;tert-Pentanol;313.2;0.982841897;0.997338013;0.9973286;L2;1.464147293
3095;Water;tert-Pentanol;318;0.9846;0.997220376;0.997213323;L2;1.273631773
3095;Water;tert-Pentanol;322.137355;0.984322383;0.997115214;0.997113961;L2;1.291285603
3095;Water;tert-Pentanol;322.4;0.984161234;0.997108419;0.997107653;L2;1.306976967
3095;Water;tert-Pentanol;323.12;0.9822;0.997089715;0.997088105;L2;1.504579727
3095;Water;tert-Pentanol;323.15;0.9853;0.997088933;0.997087266;L2;1.189380358
3095;Water;tert-Pentanol;323.15;0.983999895;0.997088933;0.997087266;L2;1.321417656
3095;Water;tert-Pentanol;323.2;0.985399467;0.99708763;0.997085866;L2;1.179155065
3095;Water;tert-Pentanol;323.2;0.985536355;0.99708763;0.997085866;L2;1.165264405
3095;Water;tert-Pentanol;332.63447;0.982772104;0.996832111;0.996821809;L2;1.420510572
3095;Water;tert-Pentanol;333.13437;0.986558628;0.996818027;0.996807817;L2;1.034547894
3095;Water;tert-Pentanol;333.15;0.9831;0.996817586;0.99680738;L2;1.38569459
3095;Water;tert-Pentanol;333.15;0.9868;0.996817586;0.99680738;L2;1.010040562
3095;Water;tert-Pentanol;343.07;0.9839;0.996526237;0.996523564;L2;1.275120245
3095;Water;tert-Pentanol;343.15;0.9874;0.996523794;0.996520954;L2;0.919779071
3095;Water;tert-Pentanol;343.331995;0.987190831;0.99651823;0.996515017;L2;0.940406792
3095;Water;tert-Pentanol;352.529235;0.982072219;0.996226512;0.996214987;L2;1.430980495
3095;Water;tert-Pentanol;353.11;0.9849;0.996207382;0.996196041;L2;1.141533783
3095;Water;tert-Pentanol;353.15;0.988;0.996206062;0.996194736;L2;0.827142753
3095;Water;tert-Pentanol;353.229025;0.98779766;0.996203451;0.996192158;L2;0.847362568
3095;Water;tert-Pentanol;363.13;0.9855;0.995863482;0.995857671;L2;1.046105547
3095;Water;tert-Pentanol;363.32633;0.988312439;0.995856476;0.995850269;L2;0.760426512
3095;Water;tert-Pentanol;370.7;0.987123236;0.995585584;0.995572262;L2;0.853620026
3095;Water;tert-Pentanol;373.12;0.9861;0.995493312;0.995481022;L2;0.948063571
3095;Water;tert-Pentanol;382.02259;0.979475102;0.995138921;0.995132826;L2;1.586552903
3095;Water;tert-Pentanol;391.82063;0.977796676;0.994720373;0.994706642;L2;1.7159915
3095;Water;tert-Pentanol;401;0.985764194;0.994299337;0.994292112;L2;0.862113314
3095;Water;tert-Pentanol;401.71865;0.976097815;0.994265138;0.994256206;L2;1.844110765
3214;Water;Methyl tert-butyl ether (MTBE);273.15;0.054;0.112366169;0.114074762;L1;73.27788547
3214;Water;Methyl tert-butyl ether (MTBE);273.15;0.053411354;0.112366169;0.114074762;L1;74.37395562
3214;Water;Methyl tert-butyl ether (MTBE);275.5;0.056976;0.109463073;0.109652585;L1;65.29571287
3214;Water;Methyl tert-butyl ether (MTBE);282.85;0.057880798;0.101757332;0.103686592;L1;56.42051893
3214;Water;Methyl tert-butyl ether (MTBE);283.15;0.065579;0.101482059;0.103455362;L1;43.66264999
3214;Water;Methyl tert-butyl ether (MTBE);288.15;0.0902;0.09728464;0.099601532;L1;7.56116888
3214;Water;Methyl tert-butyl ether (MTBE);288.15;0.0783;0.09728464;0.099601532;L1;21.70935129
3214;Water;Methyl tert-butyl ether (MTBE);288.15;0.0488;0.09728464;0.099601532;L1;68.9910803
3214;Water;Methyl tert-butyl ether (MTBE);292.95;0.059215165;0.093873817;0.095901854;L1;46.07738362
3214;Water;Methyl tert-butyl ether (MTBE);293;0.061875008;0.09384114;0.095863316;L1;41.64870033
3214;Water;Methyl tert-butyl ether (MTBE);293.138;0.091300969;0.09375124;0.09575695;L1;2.648348792
3214;Water;Methyl tert-butyl ether (MTBE);293.14537;0.0818;0.09374645;0.095751269;L1;13.63165587
3214;Water;Methyl tert-butyl ether (MTBE);293.15;0.064;0.093743442;0.095747701;L1;38.16786305
3214;Water;Methyl tert-butyl ether (MTBE);293.15;0.067;0.093743442;0.095747701;L1;33.58690944
3214;Water;Methyl tert-butyl ether (MTBE);293.15;0.0566;0.093743442;0.095747701;L1;50.45527286
3214;Water;Methyl tert-butyl ether (MTBE);297.14457;0.0853;0.09131783;0.092668821;L1;6.817160071
3214;Water;Methyl tert-butyl ether (MTBE);298;0.0574;0.090840237;0.092009485;L1;45.90580216
3214;Water;Methyl tert-butyl ether (MTBE);298.15;0.068596;0.090757933;0.09189387;L1;27.99616614
3214;Water;Methyl tert-butyl ether (MTBE);298.15;0.0574;0.090757933;0.09189387;L1;45.81515821
3214;Water;Methyl tert-butyl ether (MTBE);298.15;0.0511;0.090757933;0.09189387;L1;57.44113882
3214;Water;Methyl tert-butyl ether (MTBE);298.15;0.058548353;0.090757933;0.09189387;L1;43.83429255
3214;Water;Methyl tert-butyl ether (MTBE);298.15;0.0537;0.090757933;0.09189387;L1;52.47828839
3214;Water;Methyl tert-butyl ether (MTBE);298.15;0.0789;0.090757933;0.09189387;L1;14.00146575
3214;Water;Methyl tert-butyl ether (MTBE);298.15;0.0789;0.090757933;0.09189387;L1;14.00146575
3214;Water;Methyl tert-butyl ether (MTBE);298.15;0.0508;0.090757933;0.09189387;L1;58.02995308
3214;Water;Methyl tert-butyl ether (MTBE);298.15;0.107;0.090757933;0.09189387;L1;16.46329491
3214;Water;Methyl tert-butyl ether (MTBE);298.15;0.066;0.090757933;0.09189387;L1;31.85411434
3214;Water;Methyl tert-butyl ether (MTBE);298.15;0.054710919;0.090757933;0.09189387;L1;50.61325798
3214;Water;Methyl tert-butyl ether (MTBE);298.15;0.054710919;0.090757933;0.09189387;L1;50.61325798
3214;Water;Methyl tert-butyl ether (MTBE);298.15;0.066;0.090757933;0.09189387;L1;31.85411434
3214;Water;Methyl tert-butyl ether (MTBE);298.15;0.0741;0.090757933;0.09189387;L1;20.27803531
3214;Water;Methyl tert-butyl ether (MTBE);298.15;0.0671;0.090757933;0.09189387;L1;30.20118414
3214;Water;Methyl tert-butyl ether (MTBE);298.2;0.0586;0.090730593;0.091855332;L1;43.7159902
3214;Water;Methyl tert-butyl ether (MTBE);298.2;0.059215165;0.090730593;0.091855332;L1;42.6716924
3214;Water;Methyl tert-butyl ether (MTBE);298.2;0.065403142;0.090730593;0.091855332;L1;32.73242985
3214;Water;Methyl tert-butyl ether (MTBE);298.3;0.064963265;0.090676054;0.091778255;L1;33.3471356
3214;Water;Methyl tert-butyl ether (MTBE);298.3;0.064963265;0.090676054;0.091778255;L1;33.3471356
3214;Water;Methyl tert-butyl ether (MTBE);298.3;0.060546565;0.090676054;0.091778255;L1;40.38805738
3214;Water;Methyl tert-butyl ether (MTBE);302.75;0.063200504;0.088431245;0.088480152;L1;33.59130835
3214;Water;Methyl tert-butyl ether (MTBE);303;0.062;0.088315199;0.088406894;L1;35.37778417
3214;Water;Methyl tert-butyl ether (MTBE);303.143055;0.0925;0.088249254;0.088364975;L1;4.704339856
3214;Water;Methyl tert-butyl ether (MTBE);303.15;0.068;0.088246061;0.088362939;L1;26.06213582
3214;Water;Methyl tert-butyl ether (MTBE);303.15;0.07;0.088246061;0.088362939;L1;23.16338214
3214;Water;Methyl tert-butyl ether (MTBE);307.8;0.073699546;0.086276068;0.087000339;L1;15.75556033
3214;Water;Methyl tert-butyl ether (MTBE);307.9;0.064963265;0.086237219;0.086971036;L1;28.32798976
3214;Water;Methyl tert-butyl ether (MTBE);307.9;0.064963265;0.086237219;0.086971036;L1;28.32798976
3214;Water;Methyl tert-butyl ether (MTBE);308.15;0.0511;0.086140713;0.086897778;L1;52.21976613
3214;Water;Methyl tert-butyl ether (MTBE);308.15;0.058;0.086140713;0.086897778;L1;39.55391479
3214;Water;Methyl tert-butyl ether (MTBE);308.15;0.0584;0.086140713;0.086897778;L1;38.86662686
3214;Water;Methyl tert-butyl ether (MTBE);308.15;0.082;0.086140713;0.086897778;L1;4.926291121
3214;Water;Methyl tert-butyl ether (MTBE);308.2;0.081453417;0.086121517;0.086883126;L1;5.572800637
3214;Water;Methyl tert-butyl ether (MTBE);308.2;0.066720827;0.086121517;0.086883126;L1;25.52421396
3214;Water;Methyl tert-butyl ether (MTBE);308.2;0.059659294;0.086121517;0.086883126;L1;36.71093474
3214;Water;Methyl tert-butyl ether (MTBE);308.2;0.0596;0.086121517;0.086883126;L1;36.81037186
3214;Water;Methyl tert-butyl ether (MTBE);312.45;0.068035601;0.08461299;0.085637738;L1;21.80566883
3214;Water;Methyl tert-butyl ether (MTBE);313.15;0.068035601;0.084386818;0.085432616;L1;21.53800939
3214;Water;Methyl tert-butyl ether (MTBE);313.15;0.073699546;0.084386818;0.085432616;L1;13.54145671
3214;Water;Methyl tert-butyl ether (MTBE);313.15;0.068035601;0.084386818;0.085432616;L1;21.53800939
3214;Water;Methyl tert-butyl ether (MTBE);313.15;0.0466;0.084386818;0.085432616;L1;59.38106651
3214;Water;Methyl tert-butyl ether (MTBE);313.15;0.074;0.084386818;0.085432616;L1;13.1346113
3214;Water;Methyl tert-butyl ether (MTBE);313.15;0.068035601;0.084386818;0.085432616;L1;21.53800939
3214;Water;Methyl tert-butyl ether (MTBE);318.15;0.0611;0.082939016;0.083967454;L1;30.55937256
3214;Water;Methyl tert-butyl ether (MTBE);318.15;0.0532;0.082939016;0.083967454;L1;44.40471954
3214;Water;Methyl tert-butyl ether (MTBE);321.75;0.072831685;0.082064811;0.082912537;L1;11.93582168
3214;Water;Methyl tert-butyl ether (MTBE);323.15;0.072831685;0.081759799;0.082502292;L1;11.56345699
3214;Water;Methyl tert-butyl ether (MTBE);323.15;0.079;0.081759799;0.082502292;L1;3.433781151
3214;Water;Methyl tert-butyl ether (MTBE);333.15;0.091;0.08008772;0.080358927;L1;12.77369686
3214;Water;Methyl tert-butyl ether (MTBE);273.15;0.981838128;0.999258627;0.999256184;L2;1.758717491
3214;Water;Methyl tert-butyl ether (MTBE);273.15;0.9791;0.999258627;0.999256184;L2;2.037984821
3214;Water;Methyl tert-butyl ether (MTBE);275.5;0.987459;0.999252211;0.999251536;L2;1.187223337
3214;Water;Methyl tert-butyl ether (MTBE);282.85;0.989136441;0.999229823;0.99922502;L2;1.015252427
3214;Water;Methyl tert-butyl ether (MTBE);283.15;0.988122;0.999228835;0.999223919;L2;1.11776445
3214;Water;Methyl tert-butyl ether (MTBE);288.15;0.991448897;0.999211528;0.999205569;L2;0.779909053
3214;Water;Methyl tert-butyl ether (MTBE);288.15;0.9844;0.999211528;0.999205569;L2;1.493417755
3214;Water;Methyl tert-butyl ether (MTBE);288.15;0.9885;0.999211528;0.999205569;L2;1.077785346
3214;Water;Methyl tert-butyl ether (MTBE);292.95;0.991119818;0.999193425;0.999187953;L2;0.811294501
3214;Water;Methyl tert-butyl ether (MTBE);293;0.993804819;0.999193228;0.99918777;L2;0.540735359
3214;Water;Methyl tert-butyl ether (MTBE);293.138;0.99241601;0.999192686;0.999187263;L2;0.680525471
3214;Water;Methyl tert-butyl ether (MTBE);293.14537;0.9942;0.999192657;0.999187236;L2;0.500921632
3214;Water;Methyl tert-butyl ether (MTBE);293.15;0.989;0.999192639;0.999187219;L2;1.025326012
3214;Water;Methyl tert-butyl ether (MTBE);293.15;0.9895;0.999192639;0.999187219;L2;0.97478267
3214;Water;Methyl tert-butyl ether (MTBE);293.15;0.990116591;0.999192639;0.999187219;L2;0.912488686
3214;Water;Methyl tert-butyl ether (MTBE);297.14457;0.9881;0.999176418;0.999172559;L2;1.114745022
3214;Water;Methyl tert-butyl ether (MTBE);298;0.9921;0.999172814;0.99916942;L2;0.710384186
3214;Water;Methyl tert-butyl ether (MTBE);298.15;0.9913;0.999172177;0.999168869;L2;0.790990026
3214;Water;Methyl tert-butyl ether (MTBE);298.15;0.991099;0.999172177;0.999168869;L2;0.811268487
3214;Water;Methyl tert-butyl ether (MTBE);298.15;0.9934;0.999172177;0.999168869;L2;0.579371063
3214;Water;Methyl tert-butyl ether (MTBE);298.15;0.993094282;0.999172177;0.999168869;L2;0.610150714
3214;Water;Methyl tert-butyl ether (MTBE);298.15;0.992252431;0.999172177;0.999168869;L2;0.694957165
3214;Water;Methyl tert-butyl ether (MTBE);298.15;0.991302223;0.999172177;0.999168869;L2;0.790765775
3214;Water;Methyl tert-butyl ether (MTBE);298.15;0.992252431;0.999172177;0.999168869;L2;0.694957165
3214;Water;Methyl tert-butyl ether (MTBE);298.15;0.990258757;0.999172177;0.999168869;L2;0.896083362
3214;Water;Methyl tert-butyl ether (MTBE);298.15;0.992;0.999172177;0.999168869;L2;0.720400602
3214;Water;Methyl tert-butyl ether (MTBE);298.15;0.9933;0.999172177;0.999168869;L2;0.589438008
3214;Water;Methyl tert-butyl ether (MTBE);298.15;0.992235086;0.999172177;0.999168869;L2;0.696705224
3214;Water;Methyl tert-butyl ether (MTBE);298.15;0.9921;0.999172177;0.999168869;L2;0.710320464
3214;Water;Methyl tert-butyl ether (MTBE);298.15;0.991;0.999172177;0.999168869;L2;0.821257897
3214;Water;Methyl tert-butyl ether (MTBE);298.15;0.9931;0.999172177;0.999168869;L2;0.609574939
3214;Water;Methyl tert-butyl ether (MTBE);298.15;0.9911;0.999172177;0.999168869;L2;0.811167589
3214;Water;Methyl tert-butyl ether (MTBE);298.15;0.9891;0.999172177;0.999168869;L2;1.013167455
3214;Water;Methyl tert-butyl ether (MTBE);298.2;0.9942;0.999171965;0.999168686;L2;0.498850692
3214;Water;Methyl tert-butyl ether (MTBE);298.2;0.991425705;0.999171965;0.999168686;L2;0.778288735
3214;Water;Methyl tert-butyl ether (MTBE);298.2;0.991447527;0.999171965;0.999168686;L2;0.776087687
3214;Water;Methyl tert-butyl ether (MTBE);298.3;0.991119818;0.999171539;0.999168319;L2;0.80910415
3214;Water;Methyl tert-butyl ether (MTBE);302.75;0.993504394;0.999151967;0.999151515;L2;0.566840108
3214;Water;Methyl tert-butyl ether (MTBE);303;0.982;0.99915083;0.99915017;L2;1.731444002
3214;Water;Methyl tert-butyl ether (MTBE);303.143055;0.9859;0.999150178;0.9991494;L2;1.335016617
3214;Water;Methyl tert-butyl ether (MTBE);303.15;0.992114194;0.999150146;0.999149363;L2;0.706684845
3214;Water;Methyl tert-butyl ether (MTBE);303.15;0.9921;0.999150146;0.999149363;L2;0.708115538
3214;Water;Methyl tert-butyl ether (MTBE);303.25;0.992988046;0.99914969;0.999148825;L2;0.618598131
3214;Water;Methyl tert-butyl ether (MTBE);307.8;0.993289384;0.999128247;0.999124341;L2;0.58611005
3214;Water;Methyl tert-butyl ether (MTBE);307.9;0.993504394;0.999127761;0.999123803;L2;0.564417499
3214;Water;Methyl tert-butyl ether (MTBE);308.15;0.994;0.999126544;0.999122457;L2;0.514423443
3214;Water;Methyl tert-butyl ether (MTBE);308.15;0.994094077;0.999126544;0.999122457;L2;0.504959404
3214;Water;Methyl tert-butyl ether (MTBE);308.15;0.9936;0.999126544;0.999122457;L2;0.55467299
3214;Water;Methyl tert-butyl ether (MTBE);308.15;0.9928;0.999126544;0.999122457;L2;0.635220719
3214;Water;Methyl tert-butyl ether (MTBE);308.15;0.9944;0.999126544;0.999122457;L2;0.474190089
3214;Water;Methyl tert-butyl ether (MTBE);308.2;0.992274117;0.9991263;0.999122188;L2;0.688180015
3214;Water;Methyl tert-butyl ether (MTBE);308.2;0.992274117;0.9991263;0.999122188;L2;0.688180015
3214;Water;Methyl tert-butyl ether (MTBE);308.2;0.9938;0.9991263;0.999122188;L2;0.534521771
3214;Water;Methyl tert-butyl ether (MTBE);308.2;0.993804819;0.9991263;0.999122188;L2;0.534036866
3214;Water;Methyl tert-butyl ether (MTBE);312.45;0.994787123;0.999104982;0.999099319;L2;0.433109277
3214;Water;Methyl tert-butyl ether (MTBE);313.15;0.994787123;0.999101361;0.999095552;L2;0.432746832
3214;Water;Methyl tert-butyl ether (MTBE);313.15;0.993268023;0.999101361;0.999095552;L2;0.585569584
3214;Water;Methyl tert-butyl ether (MTBE);313.15;0.990197912;0.999101361;0.999095552;L2;0.895140159
3214;Water;Methyl tert-butyl ether (MTBE);313.15;0.9931;0.999101361;0.999095552;L2;0.602487194
3214;Water;Methyl tert-butyl ether (MTBE);313.15;0.9943;0.999101361;0.999095552;L2;0.481726387
3214;Water;Methyl tert-butyl ether (MTBE);313.15;0.994787123;0.999101361;0.999095552;L2;0.432746832
3214;Water;Methyl tert-butyl ether (MTBE);313.15;0.994787123;0.999101361;0.999095552;L2;0.432746832
3214;Water;Methyl tert-butyl ether (MTBE);313.25;0.994570427;0.999100841;0.999095014;L2;0.454480324
3214;Water;Methyl tert-butyl ether (MTBE);318.15;0.9945;0.999074584;0.999068646;L2;0.458933607
3214;Water;Methyl tert-butyl ether (MTBE);318.15;0.995512547;0.999074584;0.999068646;L2;0.357170722
3214;Water;Methyl tert-butyl ether (MTBE);318.15;0.9943;0.999074584;0.999068646;L2;0.479046238
3214;Water;Methyl tert-butyl ether (MTBE);321.75;0.996057416;0.999054307;0.999049274;L2;0.300423593
3214;Water;Methyl tert-butyl ether (MTBE);323.15;0.996057416;0.999046194;0.999041741;L2;0.299611516
3214;Water;Methyl tert-butyl ether (MTBE);323.15;0.9954;0.999046194;0.999041741;L2;0.365635124
3214;Water;Methyl tert-butyl ether (MTBE);323.25;0.995532438;0.999045609;0.999041203;L2;0.35227251
3214;Water;Methyl tert-butyl ether (MTBE);333.15;0.9962;0.998984477;0.998981625;L2;0.279119899
3214;Water;Methyl tert-butyl ether (MTBE);333.25;0.996248017;0.998983826;0.998980899;L2;0.274234832
3345;Water;1-Octanamine;313.15;0.9079;0.371205;0.371210425;L1;89.437977
3345;Water;1-Octanamine;323.15;0.8172;0.368456472;0.368570572;L1;79.65612807
3345;Water;1-Octanamine;333.15;0.7825;0.36596609;0.365997854;L1;75.99532429
3345;Water;1-Octanamine;343.15;0.737;0.363737103;0.363852656;L1;70.61565291
3345;Water;1-Octanamine;353.15;0.7017;0.361774386;0.361828815;L1;66.24851889
3345;Water;1-Octanamine;363.15;0.673;0.360083949;0.360200628;L1;62.54081329
3345;Water;1-Octanamine;313.15;0.999791;0.99996358;0.99996385;L2;0.017260111
3345;Water;1-Octanamine;323.15;0.999651;0.999957156;0.999956957;L2;0.030621638
3345;Water;1-Octanamine;333.15;0.999623;0.999949805;0.999949786;L2;0.032687492
3345;Water;1-Octanamine;343.15;0.99951;0.99994142;0.999940844;L2;0.043153834
3345;Water;1-Octanamine;353.15;0.999637;0.999931885;0.999931423;L2;0.029494835
3345;Water;1-Octanamine;363.15;0.999777;0.999921072;0.999920447;L2;0.014409409
4787;N-Methyl-2-pyrrolidone;Cyclooctane;265.87;0.0392;;;L1;
4787;N-Methyl-2-pyrrolidone;Cyclooctane;279.89;0.1308;;;L1;
4787;N-Methyl-2-pyrrolidone;Cyclooctane;285.17;0.1826;;;L1;
4787;N-Methyl-2-pyrrolidone;Cyclooctane;286.349;0.173;;;L1;
4787;N-Methyl-2-pyrrolidone;Cyclooctane;287.666;0.217;;;L1;
4787;N-Methyl-2-pyrrolidone;Cyclooctane;288.66;0.2512;;;L1;
4787;N-Methyl-2-pyrrolidone;Cyclooctane;288.694;0.232;;;L1;
4787;N-Methyl-2-pyrrolidone;Cyclooctane;289.489;0.244;;;L1;
4787;N-Methyl-2-pyrrolidone;Cyclooctane;289.9;0.3173;;;L1;
4787;N-Methyl-2-pyrrolidone;Cyclooctane;290.059;0.287;;;L1;
4787;N-Methyl-2-pyrrolidone;Cyclooctane;290.24;0.3805;;;L1;
4787;N-Methyl-2-pyrrolidone;Cyclooctane;290.35;0.4404;;;L1;
4787;N-Methyl-2-pyrrolidone;Cyclooctane;290.472;0.315;;;L1;
4787;N-Methyl-2-pyrrolidone;Cyclooctane;290.788;0.321;;;L1;
4787;N-Methyl-2-pyrrolidone;Cyclooctane;291.025;0.336;;;L1;
4787;N-Methyl-2-pyrrolidone;Cyclooctane;291.13;0.1589;;;L1;
4787;N-Methyl-2-pyrrolidone;Cyclooctane;291.156;0.357;;;L1;
4787;N-Methyl-2-pyrrolidone;Cyclooctane;291.246;0.375;;;L1;
4787;N-Methyl-2-pyrrolidone;Cyclooctane;291.347;0.38;;;L1;
4787;N-Methyl-2-pyrrolidone;Cyclooctane;291.395;0.395;;;L1;
4787;N-Methyl-2-pyrrolidone;Cyclooctane;291.419;0.407;;;L1;
4787;N-Methyl-2-pyrrolidone;Cyclooctane;291.44;0.2048;;;L1;
4787;N-Methyl-2-pyrrolidone;Cyclooctane;291.443;0.408;;;L1;
4787;N-Methyl-2-pyrrolidone;Cyclooctane;291.45;0.1972;;;L1;
4787;N-Methyl-2-pyrrolidone;Cyclooctane;291.486;0.422;;;L1;
4787;N-Methyl-2-pyrrolidone;Cyclooctane;291.53;0.457;;;L1;
4787;N-Methyl-2-pyrrolidone;Cyclooctane;291.57;0.3552;;;L1;
4787;N-Methyl-2-pyrrolidone;Cyclooctane;291.61;0.3038;;;L1;
4787;N-Methyl-2-pyrrolidone;Cyclooctane;291.62;0.4381;;;L1;
4787;N-Methyl-2-pyrrolidone;Cyclooctane;291.8;0.405;;;L1;
4787;N-Methyl-2-pyrrolidone;Cyclooctane;291.85;0.3598;;;L1;
4787;N-Methyl-2-pyrrolidone;Cyclooctane;291.87;0.2832;;;L1;
4787;N-Methyl-2-pyrrolidone;Cyclooctane;291.98;0.3355;;;L1;
4787;N-Methyl-2-pyrrolidone;Cyclooctane;268.64;0.8661;;;L2;
4787;N-Methyl-2-pyrrolidone;Cyclooctane;277.78;0.8034;;;L2;
4787;N-Methyl-2-pyrrolidone;Cyclooctane;278.16;0.8059;;;L2;
4787;N-Methyl-2-pyrrolidone;Cyclooctane;279.68;0.7587;;;L2;
4787;N-Methyl-2-pyrrolidone;Cyclooctane;284.07;0.7109;;;L2;
4787;N-Methyl-2-pyrrolidone;Cyclooctane;285.34;0.7053;;;L2;
4787;N-Methyl-2-pyrrolidone;Cyclooctane;285.79;0.7012;;;L2;
4787;N-Methyl-2-pyrrolidone;Cyclooctane;286.21;0.686;;;L2;
4787;N-Methyl-2-pyrrolidone;Cyclooctane;286.349;0.681;;;L2;
4787;N-Methyl-2-pyrrolidone;Cyclooctane;287.03;0.6619;;;L2;
4787;N-Methyl-2-pyrrolidone;Cyclooctane;287.666;0.666;;;L2;
4787;N-Methyl-2-pyrrolidone;Cyclooctane;288.694;0.649;;;L2;
4787;N-Methyl-2-pyrrolidone;Cyclooctane;288.72;0.6089;;;L2;
4787;N-Methyl-2-pyrrolidone;Cyclooctane;289.34;0.5998;;;L2;
4787;N-Methyl-2-pyrrolidone;Cyclooctane;289.489;0.631;;;L2;
4787;N-Methyl-2-pyrrolidone;Cyclooctane;289.65;0.5548;;;L2;
4787;N-Methyl-2-pyrrolidone;Cyclooctane;289.79;0.6037;;;L2;
4787;N-Methyl-2-pyrrolidone;Cyclooctane;290.01;0.4986;;;L2;
4787;N-Methyl-2-pyrrolidone;Cyclooctane;290.059;0.613;;;L2;
4787;N-Methyl-2-pyrrolidone;Cyclooctane;290.23;0.553;;;L2;
4787;N-Methyl-2-pyrrolidone;Cyclooctane;290.472;0.597;;;L2;
4787;N-Methyl-2-pyrrolidone;Cyclooctane;290.57;0.5551;;;L2;
4787;N-Methyl-2-pyrrolidone;Cyclooctane;290.788;0.584;;;L2;
4787;N-Methyl-2-pyrrolidone;Cyclooctane;291.025;0.569;;;L2;
4787;N-Methyl-2-pyrrolidone;Cyclooctane;291.11;0.5059;;;L2;
4787;N-Methyl-2-pyrrolidone;Cyclooctane;291.156;0.558;;;L2;
4787;N-Methyl-2-pyrrolidone;Cyclooctane;291.246;0.544;;;L2;
4787;N-Methyl-2-pyrrolidone;Cyclooctane;291.3;0.4964;;;L2;
4787;N-Methyl-2-pyrrolidone;Cyclooctane;291.347;0.54;;;L2;
4787;N-Methyl-2-pyrrolidone;Cyclooctane;291.395;0.533;;;L2;
4787;N-Methyl-2-pyrrolidone;Cyclooctane;291.419;0.534;;;L2;
4787;N-Methyl-2-pyrrolidone;Cyclooctane;291.42;0.4871;;;L2;
4787;N-Methyl-2-pyrrolidone;Cyclooctane;291.443;0.526;;;L2;
4787;N-Methyl-2-pyrrolidone;Cyclooctane;291.486;0.501;;;L2;
5109;Acetophenone;Formamide;265.98;0.1578;0.138410939;0.138429136;L1;13.11013271
5109;Acetophenone;Formamide;268.31;0.1622;0.141885897;0.141978896;L1;13.38069502
5109;Acetophenone;Formamide;270.66;0.1659;0.14559298;0.14562373;L1;13.05702771
5109;Acetophenone;Formamide;273.98;0.1707;0.151213721;0.151266197;L1;12.12134208
5109;Acetophenone;Formamide;276.72;0.1759;0.156232337;0.156341869;L1;11.85714141
5109;Acetophenone;Formamide;279.18;0.1805;0.161070256;0.161118378;L1;11.38901381
5109;Acetophenone;Formamide;281.26;0.1875;0.165436757;0.165545249;L1;12.51898545
5109;Acetophenone;Formamide;283.25;0.1928;0.169879701;0.169954953;L1;12.65628343
5109;Acetophenone;Formamide;284.45;0.1973;0.172697354;0.17282713;L1;13.31847503
5109;Acetophenone;Formamide;286.22;0.2025;0.177063632;0.177064056;L1;13.42307177
5109;Acetophenone;Formamide;288.1;0.2086;0.182006327;0.182147829;L1;13.63770902
5109;Acetophenone;Formamide;290.02;0.2172;0.18742399;0.187495612;L1;14.744521
5109;Acetophenone;Formamide;291.76;0.2287;0.192705878;0.192842479;L1;17.12460211
5109;Acetophenone;Formamide;292.69;0.2348;0.195693843;0.195700287;L1;18.21826757
5109;Acetophenone;Formamide;293.68;0.2421;0.199015535;0.19916934;L1;19.59679761
5109;Acetophenone;Formamide;294.51;0.249;0.201922887;0.202090118;L1;20.9567017
5109;Acetophenone;Formamide;295.77;0.2628;0.206574256;0.206622889;L1;24.07333453
5109;Acetophenone;Formamide;296.55;0.2762;0.20961358;0.209796172;L1;27.58595029
5109;Acetophenone;Formamide;297.11;0.2897;0.211879269;0.212074426;L1;31.28292782
5109;Acetophenone;Formamide;297.64;0.3094;0.214093382;0.214230631;L1;36.82226528
5109;Acetophenone;Formamide;298.04;0.3416;0.215812117;0.215857955;L1;45.92322627
5109;Acetophenone;Formamide;298.32;0.3721;0.217041261;0.217085404;L1;53.90751584
5109;Acetophenone;Formamide;298.55;0.3935;0.218067714;0.218180943;L1;59.02754382
5109;Acetophenone;Formamide;265.31;0.7052;0.594523521;0.59448157;L2;17.07211709
5109;Acetophenone;Formamide;266.91;0.7;0.589350408;0.589252851;L2;17.20594078
5109;Acetophenone;Formamide;269.58;0.6925;0.580438662;0.58036928;L2;17.65241072
5109;Acetophenone;Formamide;271.76;0.6849;0.572887483;0.572768653;L2;17.85835087
5109;Acetophenone;Formamide;273.25;0.6785;0.567574941;0.567458334;L2;17.85116845
5109;Acetophenone;Formamide;274.58;0.6728;0.562723357;0.562718251;L2;17.8659975
5109;Acetophenone;Formamide;276.24;0.6659;0.556515528;0.556383582;L2;17.9444435
5109;Acetophenone;Formamide;277.82;0.6595;0.550440763;0.550343606;L2;18.07626274
5109;Acetophenone;Formamide;278.5;0.6568;0.547773937;0.547744123;L2;18.15168796
5109;Acetophenone;Formamide;279.78;0.6498;0.542664347;0.542550409;L2;18.017364
5109;Acetophenone;Formamide;281.16;0.6427;0.537018144;0.536881825;L2;17.96461715
5109;Acetophenone;Formamide;282.42;0.6352;0.531730985;0.531706162;L2;17.78022158
5109;Acetophenone;Formamide;284.23;0.6266;0.523899521;0.523748681;L2;17.90084668
5109;Acetophenone;Formamide;285.49;0.6189;0.51827083;0.51817092;L2;17.74457643
5109;Acetophenone;Formamide;286.8;0.609;0.51225216;0.512161636;L2;17.3001263
5109;Acetophenone;Formamide;287.88;0.5986;0.507153147;0.506990331;L2;16.57805716
5109;Acetophenone;Formamide;288.68;0.5933;0.503290865;0.503159736;L2;16.453191
5109;Acetophenone;Formamide;289.36;0.5858;0.499947708;0.499903729;L2;15.84749256
5109;Acetophenone;Formamide;290.32;0.5781;0.495128147;0.495005929;L2;15.4930253
5109;Acetophenone;Formamide;291.05;0.5711;0.491380662;0.491206342;L2;15.03452195
5109;Acetophenone;Formamide;292.69;0.5562;0.482678129;0.482670283;L2;14.17779108
5109;Acetophenone;Formamide;293.2;0.5495;0.479885747;0.479782148;L2;13.54607254
5109;Acetophenone;Formamide;294.13;0.5403;0.474677299;0.474485982;L2;12.94893389
5109;Acetophenone;Formamide;295.39;0.5217;0.467362372;0.46731053;L2;10.9987797
5109;Acetophenone;Formamide;296.23;0.5054;0.462302315;0.46214913;L2;8.913115705
5109;Acetophenone;Formamide;296.78;0.4942;0.458901885;0.458692295;L2;7.410386469
5109;Acetophenone;Formamide;297.26;0.4849;0.455873516;0.455675421;L2;6.172729132
5109;Acetophenone;Formamide;297.77;0.4721;0.452590477;0.452469992;L2;4.2203136
5109;Acetophenone;Formamide;298.37;0.4462;0.448633602;0.448569347;L2;0.543924232
5109;Acetophenone;Formamide;298.57;0.4258;0.447291584;0.447166013;L2;4.924094287
5214;Carbonic acid dimethyl ester;Hexadecane;286.12;0.3209;0.261737075;0.261872607;L1;20.37890805
5214;Carbonic acid dimethyl ester;Hexadecane;291.22;0.3597;0.292183608;0.292627471;L1;20.78879511
5214;Carbonic acid dimethyl ester;Hexadecane;295.56;0.3944;0.319798524;0.320190545;L1;20.9674439
5214;Carbonic acid dimethyl ester;Hexadecane;297.87;0.415;0.335161245;0.335567453;L1;21.36667752
5214;Carbonic acid dimethyl ester;Hexadecane;303.28;0.4748;0.373045786;0.3734709;L1;24.11925001
5214;Carbonic acid dimethyl ester;Hexadecane;304.67;0.4906;0.383233327;0.383520778;L1;24.69851184
5214;Carbonic acid dimethyl ester;Hexadecane;304.94;0.4944;0.385234754;0.385472912;L1;24.94920067
5214;Carbonic acid dimethyl ester;Hexadecane;306.84;0.517;0.399532254;0.399764269;L1;25.77483779
5214;Carbonic acid dimethyl ester;Hexadecane;306.98;0.5218;0.400600827;0.400859616;L1;26.4318884
5214;Carbonic acid dimethyl ester;Hexadecane;307.849;0.531;0.407281126;0.40765859;L1;26.52583463
5214;Carbonic acid dimethyl ester;Hexadecane;309.257;0.547;0.418282801;0.41867465;L1;26.82910404
5214;Carbonic acid dimethyl ester;Hexadecane;309.52;0.5546;0.420362836;0.420732338;L1;27.71288991
5214;Carbonic acid dimethyl ester;Hexadecane;310.451;0.571;0.427791175;0.428016394;L1;28.87540409
5214;Carbonic acid dimethyl ester;Hexadecane;311.549;0.592;0.436686234;0.436760353;L1;30.42916983
5214;Carbonic acid dimethyl ester;Hexadecane;312.557;0.61;0.444985151;0.445292366;L1;31.54180439
5214;Carbonic acid dimethyl ester;Hexadecane;312.72;0.6184;0.446339466;0.446672047;L1;32.60557002
5214;Carbonic acid dimethyl ester;Hexadecane;313.341;0.627;0.451531418;0.451928377;L1;32.83015839
5214;Carbonic acid dimethyl ester;Hexadecane;313.49;0.6352;0.452784861;0.453189557;L1;33.85228171
5214;Carbonic acid dimethyl ester;Hexadecane;313.97;0.642;0.456843478;0.457252421;L1;34.02474702
5214;Carbonic acid dimethyl ester;Hexadecane;314.41;0.6597;0.460592077;0.460976712;L1;35.92723995
5214;Carbonic acid dimethyl ester;Hexadecane;314.546;0.659;0.461756287;0.462127857;L1;35.56862996
5214;Carbonic acid dimethyl ester;Hexadecane;314.59;0.6707;0.46213351;0.462500286;L1;37.24681104
5214;Carbonic acid dimethyl ester;Hexadecane;314.953;0.673;0.465256278;0.465572827;L1;36.91569404
5214;Carbonic acid dimethyl ester;Hexadecane;315.254;0.684;0.467860301;0.468120581;L1;37.97881679
5214;Carbonic acid dimethyl ester;Hexadecane;315.4;0.6991;0.469128225;0.469356368;L1;39.89176622
5214;Carbonic acid dimethyl ester;Hexadecane;315.462;0.692;0.469667624;0.469881155;L1;38.7560695
5214;Carbonic acid dimethyl ester;Hexadecane;315.625;0.699;0.471088485;0.471260835;L1;39.46047993
5214;Carbonic acid dimethyl ester;Hexadecane;315.775;0.707;0.47239959;0.47253048;L1;40.32054494
5214;Carbonic acid dimethyl ester;Hexadecane;315.892;0.714;0.473424642;0.473520803;L1;41.08902139
5214;Carbonic acid dimethyl ester;Hexadecane;315.92;0.7274;0.473670266;0.473757804;L1;42.89650951
5214;Carbonic acid dimethyl ester;Hexadecane;315.977;0.719;0.47417066;0.474240269;L1;41.62940592
5214;Carbonic acid dimethyl ester;Hexadecane;316.049;0.723;0.474803456;0.474849698;L1;42.05082809
5214;Carbonic acid dimethyl ester;Hexadecane;316.115;0.728;0.475384227;0.475408342;L1;42.61776722
5214;Carbonic acid dimethyl ester;Hexadecane;316.16;0.766;0.475780594;0.475789235;L1;47.62253596
5214;Carbonic acid dimethyl ester;Hexadecane;316.173;0.735;0.475895162;0.475899271;L1;43.4672917
5214;Carbonic acid dimethyl ester;Hexadecane;316.219;0.738;0.476300755;0.476312445;L1;43.78943317
5214;Carbonic acid dimethyl ester;Hexadecane;316.24;0.7902;0.476486017;0.476505444;L1;50.58476999
5214;Carbonic acid dimethyl ester;Hexadecane;316.26;0.743;0.476662555;0.476689252;L1;44.38872364
5214;Carbonic acid dimethyl ester;Hexadecane;316.293;0.747;0.476953946;0.476992535;L1;44.86452484
5214;Carbonic acid dimethyl ester;Hexadecane;316.32;0.749;0.477192484;0.477240676;L1;45.08190427
5214;Carbonic acid dimethyl ester;Hexadecane;316.344;0.753;0.477404615;0.477461246;L1;45.57008462
5214;Carbonic acid dimethyl ester;Hexadecane;316.364;0.756;0.477581461;0.477645054;L1;45.93066324
5214;Carbonic acid dimethyl ester;Hexadecane;316.387;0.763;0.477784911;0.477856434;L1;46.80973766
5214;Carbonic acid dimethyl ester;Hexadecane;316.403;0.765;0.477926491;0.47800348;L1;47.04188967
5214;Carbonic acid dimethyl ester;Hexadecane;316.415;0.767;0.478032703;0.478113765;L1;47.28076542
5214;Carbonic acid dimethyl ester;Hexadecane;316.426;0.77;0.478130084;0.47821486;L1;47.65076766
5214;Carbonic acid dimethyl ester;Hexadecane;316.439;0.777;0.478245196;0.478334335;L1;48.53167879
5214;Carbonic acid dimethyl ester;Hexadecane;316.444;0.78;0.478289476;0.478380287;L1;48.90777714
5214;Carbonic acid dimethyl ester;Hexadecane;316.447;0.782;0.478316047;0.478407858;L1;49.15830409
5214;Carbonic acid dimethyl ester;Hexadecane;316.451;0.788;0.478351476;0.47844462;L1;49.91523219
5214;Carbonic acid dimethyl ester;Hexadecane;292.72;0.9714;0.951298463;0.951220294;L2;2.091047509
5214;Carbonic acid dimethyl ester;Hexadecane;304.36;0.9513;0.935350033;0.935168735;L2;1.69086442
5214;Carbonic acid dimethyl ester;Hexadecane;306.84;0.947;0.931097368;0.930953466;L2;1.693523743
5214;Carbonic acid dimethyl ester;Hexadecane;307.849;0.944;0.929257152;0.929020739;L2;1.574066091
5214;Carbonic acid dimethyl ester;Hexadecane;309.257;0.938;0.926572539;0.926323731;L2;1.225761288
5214;Carbonic acid dimethyl ester;Hexadecane;310.451;0.933;0.924181394;0.924036638;L2;0.949683503
5214;Carbonic acid dimethyl ester;Hexadecane;310.9;0.9288;0.923253235;0.923176584;L2;0.598987263
5214;Carbonic acid dimethyl ester;Hexadecane;311.549;0.926;0.921882244;0.921829263;L2;0.445673704
5214;Carbonic acid dimethyl ester;Hexadecane;312.557;0.92;0.919680663;0.919459845;L2;0.034716605
5214;Carbonic acid dimethyl ester;Hexadecane;312.67;0.9157;0.919428159;0.919194226;L2;0.406311069
5214;Carbonic acid dimethyl ester;Hexadecane;313.16;0.9116;0.918319435;0.918042425;L2;0.734400098
5214;Carbonic acid dimethyl ester;Hexadecane;313.341;0.913;0.917904108;0.917616964;L2;0.535704722
5214;Carbonic acid dimethyl ester;Hexadecane;313.46;0.9066;0.917629318;0.917337242;L2;1.209217716
5214;Carbonic acid dimethyl ester;Hexadecane;313.97;0.907;0.916435788;0.916138429;L2;1.034955253
5214;Carbonic acid dimethyl ester;Hexadecane;314.37;0.8994;0.915481236;0.915198184;L2;1.772199362
5214;Carbonic acid dimethyl ester;Hexadecane;314.546;0.899;0.915055955;0.914784476;L2;1.770218188
5214;Carbonic acid dimethyl ester;Hexadecane;314.953;0.894;0.91405983;0.913827776;L2;2.219025323
5214;Carbonic acid dimethyl ester;Hexadecane;315.254;0.888;0.913311505;0.913120242;L2;2.810526787
5214;Carbonic acid dimethyl ester;Hexadecane;315.462;0.884;0.912788473;0.912631314;L2;3.204710815
5214;Carbonic acid dimethyl ester;Hexadecane;315.61;0.8737;0.912413321;0.912283423;L2;4.335602274
5214;Carbonic acid dimethyl ester;Hexadecane;315.625;0.88;0.912375158;0.912248164;L2;3.61293557
5214;Carbonic acid dimethyl ester;Hexadecane;315.775;0.875;0.911992099;0.911895572;L2;4.140744081
5214;Carbonic acid dimethyl ester;Hexadecane;315.892;0.872;0.911691492;0.91162055;L2;4.451223221
5214;Carbonic acid dimethyl ester;Hexadecane;315.96;0.8579;0.911516039;0.911460709;L2;6.062164771
5214;Carbonic acid dimethyl ester;Hexadecane;315.977;0.868;0.91147209;0.911420748;L2;4.886925958
5214;Carbonic acid dimethyl ester;Hexadecane;316.049;0.865;0.911285574;0.911251504;L2;5.212681455
5214;Carbonic acid dimethyl ester;Hexadecane;316.115;0.863;0.911114058;0.911096364;L2;5.425339875
5214;Carbonic acid dimethyl ester;Hexadecane;316.13;0.8338;0.911075002;0.911061104;L2;8.863165797
5214;Carbonic acid dimethyl ester;Hexadecane;316.173;0.859;0.910962899;0.910960028;L2;5.873324926
5214;Carbonic acid dimethyl ester;Hexadecane;316.21;0.8105;0.910866259;0.910859741;L2;11.67447383
5214;Carbonic acid dimethyl ester;Hexadecane;316.219;0.855;0.910842726;0.910833551;L2;6.3268775
5214;Carbonic acid dimethyl ester;Hexadecane;316.26;0.853;0.910735401;0.91071424;L2;6.549285875
5214;Carbonic acid dimethyl ester;Hexadecane;316.293;0.85;0.910648869;0.910618209;L2;6.892103833
5214;Carbonic acid dimethyl ester;Hexadecane;316.32;0.848;0.910577971;0.910539638;L2;7.119889468
5214;Carbonic acid dimethyl ester;Hexadecane;316.344;0.846;0.910514876;0.910469798;L2;7.349087723
5214;Carbonic acid dimethyl ester;Hexadecane;316.364;0.843;0.910462243;0.910411597;L2;7.698547139
5214;Carbonic acid dimethyl ester;Hexadecane;316.387;0.838;0.910401654;0.910344667;L2;8.286777969
5214;Carbonic acid dimethyl ester;Hexadecane;316.403;0.836;0.910359467;0.910298106;L2;8.521092733
5214;Carbonic acid dimethyl ester;Hexadecane;316.415;0.834;0.910327806;0.910263186;L2;8.757135915
5214;Carbonic acid dimethyl ester;Hexadecane;316.426;0.831;0.910298769;0.910231175;L2;9.114306784
5214;Carbonic acid dimethyl ester;Hexadecane;316.439;0.821;0.910264432;0.910193345;L2;10.32120322
5214;Carbonic acid dimethyl ester;Hexadecane;316.444;0.815;0.91025122;0.910178795;L2;11.05325139
6154;Aniline;2,2,3-Trimethylbutane;344.52386;0.4;;;L1;
6154;Aniline;2,2,3-Trimethylbutane;344.52386;0.4;;;L1;
6154;Aniline;2,2,3-Trimethylbutane;344.52386;0.4;;;L1;
6154;Aniline;2,2,3-Trimethylbutane;344.62385;0.4;;;L1;
6154;Aniline;2,2,3-Trimethylbutane;344.62385;0.4;;;L1;
6154;Aniline;2,2,3-Trimethylbutane;344.72384;0.41;;;L1;
6154;Aniline;2,2,3-Trimethylbutane;345.22379;0.44;;;L1;
6154;Aniline;2,2,3-Trimethylbutane;345.22379;0.44;;;L1;
6154;Aniline;2,2,3-Trimethylbutane;345.22379;0.44;;;L1;
6154;Aniline;2,2,3-Trimethylbutane;345.22379;0.44;;;L1;
6154;Aniline;2,2,3-Trimethylbutane;345.32378;0.46;;;L1;
6154;Aniline;2,2,3-Trimethylbutane;345.32378;0.46;;;L1;
6154;Aniline;2,2,3-Trimethylbutane;345.32378;0.46;;;L1;
6154;Aniline;2,2,3-Trimethylbutane;345.42377;0.48;;;L1;
6154;Aniline;2,2,3-Trimethylbutane;345.42377;0.48;;;L1;
6154;Aniline;2,2,3-Trimethylbutane;345.42377;0.48;;;L1;
6154;Aniline;2,2,3-Trimethylbutane;345.42377;0.48;;;L1;
6154;Aniline;2,2,3-Trimethylbutane;345.42377;0.47;;;L1;
6154;Aniline;2,2,3-Trimethylbutane;345.52376;0.5;;;L1;
6154;Aniline;2,2,3-Trimethylbutane;345.52376;0.51;;;L1;
6154;Aniline;2,2,3-Trimethylbutane;345.52376;0.51;;;L1;
6154;Aniline;2,2,3-Trimethylbutane;345.52376;0.52;;;L1;
6154;Aniline;2,2,3-Trimethylbutane;345.52376;0.52;;;L1;
6154;Aniline;2,2,3-Trimethylbutane;345.52376;0.52;;;L1;
6154;Aniline;2,2,3-Trimethylbutane;342.024;0.75;;;L2;
6154;Aniline;2,2,3-Trimethylbutane;343.42397;0.7;;;L2;
6154;Aniline;2,2,3-Trimethylbutane;343.42397;0.7;;;L2;
6154;Aniline;2,2,3-Trimethylbutane;343.52396;0.7;;;L2;
6154;Aniline;2,2,3-Trimethylbutane;343.52396;0.7;;;L2;
6154;Aniline;2,2,3-Trimethylbutane;343.62395;0.7;;;L2;
6154;Aniline;2,2,3-Trimethylbutane;343.82393;0.69;;;L2;
6154;Aniline;2,2,3-Trimethylbutane;344.52386;0.66;;;L2;
6154;Aniline;2,2,3-Trimethylbutane;344.62385;0.66;;;L2;
6154;Aniline;2,2,3-Trimethylbutane;344.72384;0.66;;;L2;
6154;Aniline;2,2,3-Trimethylbutane;344.82383;0.65;;;L2;
6154;Aniline;2,2,3-Trimethylbutane;344.92382;0.64;;;L2;
6154;Aniline;2,2,3-Trimethylbutane;344.92382;0.64;;;L2;
6154;Aniline;2,2,3-Trimethylbutane;344.92382;0.65;;;L2;
6154;Aniline;2,2,3-Trimethylbutane;345.1238;0.62;;;L2;
6154;Aniline;2,2,3-Trimethylbutane;345.1238;0.61;;;L2;
6154;Aniline;2,2,3-Trimethylbutane;345.1238;0.62;;;L2;
6154;Aniline;2,2,3-Trimethylbutane;345.22379;0.6;;;L2;
6154;Aniline;2,2,3-Trimethylbutane;345.32378;0.58;;;L2;
6154;Aniline;2,2,3-Trimethylbutane;345.42377;0.54;;;L2;
6154;Aniline;2,2,3-Trimethylbutane;345.52376;0.53;;;L2;
6155;Aniline;3-Methylhexane;342.624;0.4;0.318822425;0.320773172;L1;22.68302608
6155;Aniline;3-Methylhexane;342.624;0.4;0.318822425;0.320773172;L1;22.68302608
6155;Aniline;3-Methylhexane;342.724;0.4;0.320141382;0.32219501;L1;22.27018293
6155;Aniline;3-Methylhexane;342.724;0.4;0.320141382;0.32219501;L1;22.27018293
6155;Aniline;3-Methylhexane;342.724;0.4;0.320141382;0.32219501;L1;22.27018293
6155;Aniline;3-Methylhexane;342.824;0.41;0.321472237;0.323616847;L1;24.32459755
6155;Aniline;3-Methylhexane;343.22399;0.44;0.326920187;0.329304056;L1;29.70586627
6155;Aniline;3-Methylhexane;343.32398;0.44;0.328314769;0.330725752;L1;29.28019184
6155;Aniline;3-Methylhexane;343.32398;0.44;0.328314769;0.330725752;L1;29.28019184
6155;Aniline;3-Methylhexane;343.32398;0.44;0.328314769;0.330725752;L1;29.28019184
6155;Aniline;3-Methylhexane;343.42397;0.46;0.329723088;0.332147447;L1;33.29733152
6155;Aniline;3-Methylhexane;343.42397;0.46;0.329723088;0.332147447;L1;33.29733152
6155;Aniline;3-Methylhexane;343.42397;0.46;0.329723088;0.332147447;L1;33.29733152
6155;Aniline;3-Methylhexane;343.52396;0.48;0.3311455;0.333569143;L1;37.12282492
6155;Aniline;3-Methylhexane;343.52396;0.48;0.3311455;0.333569143;L1;37.12282492
6155;Aniline;3-Methylhexane;343.52396;0.48;0.3311455;0.333569143;L1;37.12282492
6155;Aniline;3-Methylhexane;343.52396;0.48;0.3311455;0.333569143;L1;37.12282492
6155;Aniline;3-Methylhexane;343.52396;0.47;0.3311455;0.333569143;L1;35.017484
6155;Aniline;3-Methylhexane;343.62395;0.5;0.332582376;0.334990838;L1;40.77205213
6155;Aniline;3-Methylhexane;343.62395;0.51;0.332582376;0.334990838;L1;42.75231486
6155;Aniline;3-Methylhexane;343.62395;0.51;0.332582376;0.334990838;L1;42.75231486
6155;Aniline;3-Methylhexane;343.62395;0.52;0.332582376;0.334990838;L1;44.69412345
6155;Aniline;3-Methylhexane;343.62395;0.52;0.332582376;0.334990838;L1;44.69412345
6155;Aniline;3-Methylhexane;343.62395;0.52;0.332582376;0.334990838;L1;44.69412345
6155;Aniline;3-Methylhexane;340.724;0.75;0.681444814;0.680472456;L2;9.585793577
6155;Aniline;3-Methylhexane;341.824;0.7;0.669267395;0.668552801;L2;4.48966612
6155;Aniline;3-Methylhexane;341.824;0.7;0.669267395;0.668552801;L2;4.48966612
6155;Aniline;3-Methylhexane;341.924;0.7;0.668106457;0.667206296;L2;4.663280715
6155;Aniline;3-Methylhexane;341.924;0.7;0.668106457;0.667206296;L2;4.663280715
6155;Aniline;3-Methylhexane;342.024;0.7;0.666935747;0.66585979;L2;4.838662474
6155;Aniline;3-Methylhexane;342.124;0.69;0.665755061;0.664513285;L2;3.576977146
6155;Aniline;3-Methylhexane;342.724;0.66;0.658448994;0.656434253;L2;0.235277512
6155;Aniline;3-Methylhexane;342.824;0.66;0.657192069;0.655087748;L2;0.426351641
6155;Aniline;3-Methylhexane;342.924;0.65;0.655923229;0.653741243;L2;0.907139062
6155;Aniline;3-Methylhexane;342.924;0.65;0.655923229;0.653741243;L2;0.907139062
6155;Aniline;3-Methylhexane;342.924;0.66;0.655923229;0.653741243;L2;0.619608152
6155;Aniline;3-Methylhexane;343.124;0.64;0.653348639;0.651048232;L2;2.064271456
6155;Aniline;3-Methylhexane;343.124;0.64;0.653348639;0.651048232;L2;2.064271456
6155;Aniline;3-Methylhexane;343.32398;0.6;0.650723041;0.648355491;L2;8.115445948
6155;Aniline;3-Methylhexane;343.42397;0.6;0.649390194;0.64700912;L2;7.910410359
6155;Aniline;3-Methylhexane;343.52396;0.56;0.648043513;0.64566275;L2;14.60210599
6155;Aniline;3-Methylhexane;343.62395;0.53;0.646682627;0.644316379;L2;19.89786377
6156;Aniline;2,2-Dimethylpentane;349.82333;0.4;;;L1;
6156;Aniline;2,2-Dimethylpentane;349.82333;0.4;;;L1;
6156;Aniline;2,2-Dimethylpentane;349.82333;0.4;;;L1;
6156;Aniline;2,2-Dimethylpentane;349.82333;0.4;;;L1;
6156;Aniline;2,2-Dimethylpentane;349.82333;0.4;;;L1;
6156;Aniline;2,2-Dimethylpentane;349.92332;0.41;;;L1;
6156;Aniline;2,2-Dimethylpentane;350.22329;0.44;;;L1;
6156;Aniline;2,2-Dimethylpentane;350.32328;0.44;;;L1;
6156;Aniline;2,2-Dimethylpentane;350.32328;0.44;;;L1;
6156;Aniline;2,2-Dimethylpentane;350.32328;0.44;;;L1;
6156;Aniline;2,2-Dimethylpentane;350.52326;0.46;;;L1;
6156;Aniline;2,2-Dimethylpentane;350.52326;0.46;;;L1;
6156;Aniline;2,2-Dimethylpentane;350.62325;0.46;;;L1;
6156;Aniline;2,2-Dimethylpentane;350.72324;0.48;;;L1;
6156;Aniline;2,2-Dimethylpentane;350.72324;0.48;;;L1;
6156;Aniline;2,2-Dimethylpentane;350.72324;0.48;;;L1;
6156;Aniline;2,2-Dimethylpentane;350.72324;0.48;;;L1;
6156;Aniline;2,2-Dimethylpentane;350.72324;0.5;;;L1;
6156;Aniline;2,2-Dimethylpentane;350.72324;0.51;;;L1;
6156;Aniline;2,2-Dimethylpentane;350.72324;0.51;;;L1;
6156;Aniline;2,2-Dimethylpentane;350.72324;0.52;;;L1;
6156;Aniline;2,2-Dimethylpentane;350.72324;0.52;;;L1;
6156;Aniline;2,2-Dimethylpentane;350.72324;0.47;;;L1;
6156;Aniline;2,2-Dimethylpentane;350.72324;0.52;;;L1;
6156;Aniline;2,2-Dimethylpentane;348.92342;0.75;;;L2;
6156;Aniline;2,2-Dimethylpentane;349.42337;0.7;;;L2;
6156;Aniline;2,2-Dimethylpentane;349.42337;0.7;;;L2;
6156;Aniline;2,2-Dimethylpentane;349.52336;0.7;;;L2;
6156;Aniline;2,2-Dimethylpentane;349.52336;0.7;;;L2;
6156;Aniline;2,2-Dimethylpentane;349.52336;0.7;;;L2;
6156;Aniline;2,2-Dimethylpentane;349.62335;0.69;;;L2;
6156;Aniline;2,2-Dimethylpentane;349.82333;0.66;;;L2;
6156;Aniline;2,2-Dimethylpentane;349.92332;0.66;;;L2;
6156;Aniline;2,2-Dimethylpentane;350.02331;0.65;;;L2;
6156;Aniline;2,2-Dimethylpentane;350.02331;0.65;;;L2;
6156;Aniline;2,2-Dimethylpentane;350.1233;0.64;;;L2;
6156;Aniline;2,2-Dimethylpentane;350.1233;0.64;;;L2;
6156;Aniline;2,2-Dimethylpentane;350.32328;0.62;;;L2;
6156;Aniline;2,2-Dimethylpentane;350.42327;0.61;;;L2;
6156;Aniline;2,2-Dimethylpentane;350.52326;0.6;;;L2;
6156;Aniline;2,2-Dimethylpentane;350.62325;0.54;;;L2;
6156;Aniline;2,2-Dimethylpentane;350.72324;0.53;;;L2;
6157;Aniline;3,3-Dimethylpentane;341.924;0.4;;;L1;
6157;Aniline;3,3-Dimethylpentane;341.924;0.4;;;L1;
6157;Aniline;3,3-Dimethylpentane;342.024;0.4;;;L1;
6157;Aniline;3,3-Dimethylpentane;342.024;0.4;;;L1;
6157;Aniline;3,3-Dimethylpentane;342.024;0.4;;;L1;
6157;Aniline;3,3-Dimethylpentane;342.124;0.41;;;L1;
6157;Aniline;3,3-Dimethylpentane;342.624;0.44;;;L1;
6157;Aniline;3,3-Dimethylpentane;342.624;0.44;;;L1;
6157;Aniline;3,3-Dimethylpentane;342.624;0.44;;;L1;
6157;Aniline;3,3-Dimethylpentane;342.724;0.44;;;L1;
6157;Aniline;3,3-Dimethylpentane;342.724;0.46;;;L1;
6157;Aniline;3,3-Dimethylpentane;342.824;0.46;;;L1;
6157;Aniline;3,3-Dimethylpentane;342.824;0.46;;;L1;
6157;Aniline;3,3-Dimethylpentane;342.924;0.48;;;L1;
6157;Aniline;3,3-Dimethylpentane;342.924;0.48;;;L1;
6157;Aniline;3,3-Dimethylpentane;342.924;0.48;;;L1;
6157;Aniline;3,3-Dimethylpentane;342.924;0.48;;;L1;
6157;Aniline;3,3-Dimethylpentane;342.924;0.5;;;L1;
6157;Aniline;3,3-Dimethylpentane;342.924;0.51;;;L1;
6157;Aniline;3,3-Dimethylpentane;342.924;0.51;;;L1;
6157;Aniline;3,3-Dimethylpentane;342.924;0.52;;;L1;
6157;Aniline;3,3-Dimethylpentane;342.924;0.52;;;L1;
6157;Aniline;3,3-Dimethylpentane;342.924;0.47;;;L1;
6157;Aniline;3,3-Dimethylpentane;342.924;0.52;;;L1;
6157;Aniline;3,3-Dimethylpentane;339.724;0.75;;;L2;
6157;Aniline;3,3-Dimethylpentane;340.924;0.7;;;L2;
6157;Aniline;3,3-Dimethylpentane;340.924;0.7;;;L2;
6157;Aniline;3,3-Dimethylpentane;340.924;0.7;;;L2;
6157;Aniline;3,3-Dimethylpentane;341.024;0.7;;;L2;
6157;Aniline;3,3-Dimethylpentane;341.024;0.7;;;L2;
6157;Aniline;3,3-Dimethylpentane;341.224;0.69;;;L2;
6157;Aniline;3,3-Dimethylpentane;341.724;0.66;;;L2;
6157;Aniline;3,3-Dimethylpentane;341.824;0.66;;;L2;
6157;Aniline;3,3-Dimethylpentane;341.924;0.66;;;L2;
6157;Aniline;3,3-Dimethylpentane;342.024;0.65;;;L2;
6157;Aniline;3,3-Dimethylpentane;342.124;0.65;;;L2;
6157;Aniline;3,3-Dimethylpentane;342.324;0.64;;;L2;
6157;Aniline;3,3-Dimethylpentane;342.324;0.64;;;L2;
6157;Aniline;3,3-Dimethylpentane;342.524;0.62;;;L2;
6157;Aniline;3,3-Dimethylpentane;342.524;0.62;;;L2;
6157;Aniline;3,3-Dimethylpentane;342.624;0.61;;;L2;
6157;Aniline;3,3-Dimethylpentane;342.724;0.6;;;L2;
6157;Aniline;3,3-Dimethylpentane;342.824;0.57;;;L2;
6157;Aniline;3,3-Dimethylpentane;342.924;0.53;;;L2;
6158;Aniline;3-Ethylpentane;337.5;0.32;0.248740119;0.249244669;L1;25.19123432
6158;Aniline;3-Ethylpentane;338;0.35;0.253136116;0.254106373;L1;32.40058017
6158;Aniline;3-Ethylpentane;338.5;0.37;0.25765292;0.258968077;L1;36.18895984
6158;Aniline;3-Ethylpentane;338.824;0.4;0.260647785;0.262118461;L1;42.82945336
6158;Aniline;3-Ethylpentane;338.824;0.4;0.260647785;0.262118461;L1;42.82945336
6158;Aniline;3-Ethylpentane;338.824;0.4;0.260647785;0.262118461;L1;42.82945336
6158;Aniline;3-Ethylpentane;338.824;0.4;0.260647785;0.262118461;L1;42.82945336
6158;Aniline;3-Ethylpentane;338.824;0.4;0.260647785;0.262118461;L1;42.82945336
6158;Aniline;3-Ethylpentane;338.924;0.41;0.261583337;0.263090802;L1;44.94042391
6158;Aniline;3-Ethylpentane;339;0.42;0.262297968;0.263829781;L1;47.07735726
6158;Aniline;3-Ethylpentane;339.124;0.44;0.263470726;0.265035484;L1;51.28324613
6158;Aniline;3-Ethylpentane;339.224;0.44;0.264422704;0.266007825;L1;50.92257512
6158;Aniline;3-Ethylpentane;339.224;0.44;0.264422704;0.266007825;L1;50.92257512
6158;Aniline;3-Ethylpentane;339.224;0.44;0.264422704;0.266007825;L1;50.92257512
6158;Aniline;3-Ethylpentane;339.324;0.51;0.265380302;0.266980165;L1;65.32468284
6158;Aniline;3-Ethylpentane;339.324;0.52;0.265380302;0.266980165;L1;67.26649142
6158;Aniline;3-Ethylpentane;339.324;0.52;0.265380302;0.266980165;L1;67.26649142
6158;Aniline;3-Ethylpentane;339.324;0.46;0.265380302;0.266980165;L1;55.00625921
6158;Aniline;3-Ethylpentane;339.324;0.46;0.265380302;0.266980165;L1;55.00625921
6158;Aniline;3-Ethylpentane;339.324;0.46;0.265380302;0.266980165;L1;55.00625921
6158;Aniline;3-Ethylpentane;339.324;0.47;0.265380302;0.266980165;L1;57.15687973
6158;Aniline;3-Ethylpentane;339.324;0.52;0.265380302;0.266980165;L1;67.26649142
6158;Aniline;3-Ethylpentane;339.324;0.48;0.265380302;0.266980165;L1;59.26222065
6158;Aniline;3-Ethylpentane;339.324;0.48;0.265380302;0.266980165;L1;59.26222065
6158;Aniline;3-Ethylpentane;339.324;0.48;0.265380302;0.266980165;L1;59.26222065
6158;Aniline;3-Ethylpentane;339.324;0.5;0.265380302;0.266980165;L1;63.34442011
6158;Aniline;3-Ethylpentane;339.324;0.51;0.265380302;0.266980165;L1;65.32468284
6158;Aniline;3-Ethylpentane;339.324;0.48;0.265380302;0.266980165;L1;59.26222065
6158;Aniline;3-Ethylpentane;335.624;0.75;0.725537526;0.724572529;L2;3.316041162
6158;Aniline;3-Ethylpentane;337.124;0.7;0.71369619;0.713620305;L2;1.937703223
6158;Aniline;3-Ethylpentane;337.124;0.7;0.71369619;0.713620305;L2;1.937703223
6158;Aniline;3-Ethylpentane;337.224;0.7;0.712874924;0.712684199;L2;1.822564787
6158;Aniline;3-Ethylpentane;337.224;0.7;0.712874924;0.712684199;L2;1.822564787
6158;Aniline;3-Ethylpentane;337.324;0.7;0.712049463;0.711748092;L2;1.706704386
6158;Aniline;3-Ethylpentane;337.5;0.7;0.710586233;0.710100545;L2;1.500997411
6158;Aniline;3-Ethylpentane;337.524;0.69;0.71038566;0.709875879;L2;2.911640806
6158;Aniline;3-Ethylpentane;338;0.67;0.706354621;0.705420013;L2;5.283969571
6158;Aniline;3-Ethylpentane;338.224;0.66;0.704421715;0.703323135;L2;6.513736828
6158;Aniline;3-Ethylpentane;338.324;0.66;0.703551139;0.702387028;L2;6.39007307
6158;Aniline;3-Ethylpentane;338.424;0.66;0.702675744;0.701450922;L2;6.265570444
6158;Aniline;3-Ethylpentane;338.5;0.65;0.702007184;0.700739481;L2;7.697127505
6158;Aniline;3-Ethylpentane;338.524;0.65;0.70179547;0.700514815;L2;7.666964573
6158;Aniline;3-Ethylpentane;338.524;0.65;0.70179547;0.700514815;L2;7.666964573
6158;Aniline;3-Ethylpentane;338.724;0.64;0.700020035;0.698642602;L2;8.964078004
6158;Aniline;3-Ethylpentane;338.724;0.64;0.700020035;0.698642602;L2;8.964078004
6158;Aniline;3-Ethylpentane;339;0.6;0.697536522;0.696058949;L2;15.06252183
6158;Aniline;3-Ethylpentane;339.024;0.61;0.697318693;0.695834283;L2;13.37835843
6158;Aniline;3-Ethylpentane;339.024;0.62;0.697318693;0.695834283;L2;11.75230635
6158;Aniline;3-Ethylpentane;339.024;0.62;0.697318693;0.695834283;L2;11.75230635
6158;Aniline;3-Ethylpentane;339.124;0.6;0.696407792;0.694898177;L2;14.9005742
6158;Aniline;3-Ethylpentane;339.324;0.53;0.694569888;0.693025964;L2;27.04157817
6158;Aniline;3-Ethylpentane;339.424;0.54;0.693642738;0.692089858;L2;25.03879021
6158;Aniline;3-Ethylpentane;339.424;0.54;0.693642738;0.692089858;L2;25.03879021
