#DDB;#CAS;NAME_DDB;NAME_UD;disp. e/kB [K];Mainclass
1;75-07-0;Acetaldehyde;ACETALDEHYDE;74.03746667;Carbonyl
2;60-35-5;Acetamide;ACETAMIDE;86.65738333;Amide
3;75-05-8;Acetonitrile;ACETONITRILE;97.1445;(Iso)Nitril
4;67-64-1;Acetone;ACETONE;84.453675;Carbonyl
5;107-15-3;Ethylenediamine;ETHYLENEDIAMINE;103.38355;Amine
6;106-93-4;1,2-Dibromoethane;1,2-DIBROMOETHANE;;HalogenatedHydrocarbon
7;74-96-4;Ethyl bromide;BROMOETHANE;;HalogenatedHydrocarbon
8;107-21-1;1,2-Ethanediol;ETHYLENE_GLYCOL;76.88946667;Alcohol
9;75-03-6;Ethyl iodide;ETHYL_IODIDE;;HalogenatedHydrocarbon
11;64-17-5;Ethanol;ETHANOL;86.592675;Alcohol
12;60-29-7;Diethyl ether;DIETHYL_ETHER;111.68552;Ether
13;75-21-8;Ethylene oxide;ETHYLENE_OXIDE;109.0076667;Epoxy
14;107-18-6;2-Propen-1-ol;ALLYL_ALCOHOL;93.11968;Alcohol
15;64-18-6;Formic acid;FORMIC_ACID;55.34405;Acids
16;109-94-4;Formic acid ethyl ester;ETHYL_FORMATE;86.68662;Ester
17;62-53-3;Aniline;ANILINE;111.4024333;Amine
18;100-66-3;Methoxybenzene;ANISOLE;114.5138375;Ether
19;109-06-8;2-Methylpyridine;2-METHYLPYRIDINE;112.5220143;Aromatics
20;80-56-8;.alpha.-Pinene;ALPHA-PINENE;116.05484;Alkene
21;141-78-6;Ethyl acetate;ETHYL_ACETATE;91.52256667;Ester
22;78-92-2;2-Butanol;2-BUTANOL;96.29588333;Alcohol
23;513-85-9;2,3-Butanediol;2,3-BUTANEDIOL;86.592675;Alcohol
24;100-51-6;Benzyl alcohol;BENZYL_ALCOHOL;103.9398222;Alcohol
25;100-41-4;Ethylbenzene;ETHYLBENZENE;117.024325;Alkane
26;108-86-1;Bromobenzene;BROMOBENZENE;;Aromatics
27;108-90-7;Chlorobenzene;MONOCHLOROBENZENE;115.5776286;Aromatics
28;106-46-7;p-Dichlorobenzene;P-DICHLOROBENZENE;114.1621;Aromatics
29;100-47-0;Benzonitrile;BENZONITRILE;110.06515;(Iso)Nitril
30;98-95-3;Nitrobenzene;NITROBENZENE;77.57447778;otherNitrogenCompounds
31;71-43-2;Benzene;BENZENE;117.465;Aromatics
32;74-90-8;Hydrogen cyanide;HYDROGEN_CYANIDE;87.8656;no_class_defined_in_mainclasses.txt
33;513-86-0;3-Hydroxy-2-butanone;3-Hydroxy-2-butanone;81.21187143;Carbonyl
34;127-91-3;.beta.-Pinene;BETA-PINENE;116.05484;Alkene
36;109-65-9;Butyl bromide;1-BROMOBUTANE;;HalogenatedHydrocarbon
37;7726-95-6;Bromine;BROMINE;;Halogen
38;111-76-2;2-Butoxyethanol;2-BUTOXYETHANOL;100.5331444;no_class_defined_in_mainclasses.txt
39;71-36-3;1-Butanol;1-BUTANOL;96.29588333;Alcohol
40;78-93-3;2-Butanone;METHYL_ETHYL_KETONE;90.7034;Carbonyl
41;106-97-8;n-Butane;N-BUTANE;115.7023;Alkane
42;156-59-2;cis-1,2-Dichloroethylene;CIS-1,2-DICHLOROETHYLENE;110.8592;no_class_defined_in_mainclasses.txt
43;107-07-3;2-Chloroethanol;2-CHLOROETHANOL;90.12482;no_class_defined_in_mainclasses.txt
44;513-36-0;1-Chloro-2-methylpropane;ISOBUTYL_CHLORIDE;113.41252;HalogenatedHydrocarbon
45;96-29-7;Methyl ethyl ketoxime;Methyl_ethyl_ketoxime;94.88068571;Other
46;109-69-3;Butyl chloride;N-BUTYL_CHLORIDE;113.41252;HalogenatedHydrocarbon
47;67-66-3;Chloroform;CHLOROFORM;107.115625;HalogenatedHydrocarbon
49;108-39-4;3-Methylphenol;M-CRESOL;103.9398222;Aromatics
50;110-82-7;Cyclohexane;CYCLOHEXANE;115.7023;Alkane
51;287-92-3;Cyclopentane;CYCLOPENTANE;115.7023;Alkane
52;110-83-8;Cyclohexene;CYCLOHEXENE;116.2898667;Alkene
53;108-87-2;Methylcyclohexane;METHYLCYCLOHEXANE;115.7023;Alkane
54;583-60-8;2-Methylcyclohexanone;2-Methylcyclohexanone;100.0779875;Carbonyl
55;96-37-7;Methylcyclopentane;METHYLCYCLOPENTANE;115.7023;Alkane
56;111-44-4;Bis(2-chloroethyl) ether;DI(2-CHLOROETHYL)ETHER;109.5620571;no_class_defined_in_mainclasses.txt
57;142-96-1;Dibutyl ether;DI-N-BUTYL_ETHER;113.4707556;Ether
58;110-45-2;Isoamyl formate;Formic_acid_isopentyl_ester;97.5675;Acids
59;1321-74-0;Divinylbenzene;;;
60;124-18-5;Decane;N-DECANE;115.7023;Alkane
61;109-89-7;N,N-Diethylamine;DIETHYLAMINE;103.2450333;Amine
62;431-03-8;2,3-Butanedione;2,3-Butanedione;74.03746667;Carbonyl
63;121-69-7;N,N-Dimethylaniline;N,N-DIMETHYLANILINE;105.7427444;Amine
65;78-75-1;1,2-Dibromopropane;;;
67;75-34-3;1,1-Dichloroethane [R150a];1,1-DICHLOROETHANE;109.97785;HalogenatedHydrocarbon
68;107-06-2;1,2-Dichloroethane;1,2-DICHLOROETHANE;109.97785;HalogenatedHydrocarbon
69;156-60-5;trans-1,2-Dichloroethene;TRANS-1,2-DICHLOROETHYLENE;110.8592;no_class_defined_in_mainclasses.txt
70;75-09-2;Dichloromethane;DICHLOROMETHANE;108.0697;HalogenatedHydrocarbon
71;78-87-5;1,2-Dichloropropane;1,2-DICHLOROPROPANE;111.12274;HalogenatedHydrocarbon
72;68-12-2;N,N-Dimethylformamide (DMF);N,N-DIMETHYLFORMAMIDE;70.66096;Amide
73;109-87-5;Dimethoxymethane;METHYLAL;107.66874;Ether
74;108-08-7;2,4-Dimethylpentane;2,4-DIMETHYLPENTANE;115.7023;Alkane
75;123-91-1;1,4-Dioxane;1,4-DIOXANE;109.0076667;Ether
76;1003-78-7;2,4-Dimethylsulfolane;2,4-Dimethylsulfolane;;Alcohol
77;108-48-5;2,6-Dimethylpyridine;2,6-DIMETHYLPYRIDINE;112.91955;Aromatics
78;112-40-3;Dodecane;N-DODECANE;115.7023;Alkane
79;100-52-7;Benzaldehyde;BENZALDEHYDE;101.4000125;Carbonyl
80;123-86-4;Butyl acetate;N-BUTYL_ACETATE;97.5675;Ester
81;622-45-7;Cyclohexyl acetate;CYCLOHEXYL_ACETATE;101.19446;Ester
82;79-20-9;Methyl acetate;METHYL_ACETATE;86.68662;Ester
83;108-84-9;4-Methyl-2-amyl acetate;;;
84;64-19-7;Acetic acid;ACETIC_ACID;67.4157;Acids
85;98-01-1;Furfural;FURFURAL;95.98407143;no_class_defined_in_mainclasses.txt
86;142-84-7;Dipropylamine;DI-N-PROPYLAMINE;106.35935;Amine
87;10035-10-6;Hydrogen bromide;HYDROGEN_BROMIDE;;Acids
88;629-73-2;1-Hexadecene;1-HEXADECENE;115.9226375;Alkene
89;110-54-3;Hexane;N-HEXANE;115.7023;Alkane
90;7664-39-3;Hydrogen fluoride;HYDROGEN_FLUORIDE;52.9318;Acids
91;142-82-5;Heptane;N-HEPTANE;115.7023;Alkane
92;110-43-0;2-Heptanone;2-HEPTANONE;100.0779875;Carbonyl
93;302-01-2;Hydrazine;HYDRAZINE;99.2773;otherNitrogenCompounds
94;78-78-4;2-Methylbutane;ISOPENTANE;115.7023;Alkane
95;67-63-0;2-Propanol;ISOPROPANOL;92.4146;Alcohol
96;108-20-3;Diisopropyl ether;DIISOPROPYL_ETHER;112.8331714;Ether
97;540-84-1;2,2,4-Trimethylpentane;2,2,4-TRIMETHYLPENTANE;115.7023;Alkane
98;78-79-5;Isoprene;ISOPRENE;117.11246;Alkene
99;74-88-4;Methyl iodide;METHYL_IODIDE;;HalogenatedHydrocarbon
100;592-41-6;1-Hexene;1-HEXENE;116.2898667;Alkene
101;1114-92-7;2,3-Butanediol diacetate;2,3-BUTANEDIOLDIACETATE;91.52256667;Ester
103;108-18-9;Diisopropylamine;DIISOPROPYLAMINE;106.35935;Amine
105;111-26-2;Hexylamine;N-HEXYLAMINE;110.2273;Amine
106;616-39-7;Methyl diethyl amine;Methyl_diethyl_amine;99.00026667;Amine
107;12655-16-2;Methyldihydropyran <Isomer not specified>;Methyldihydropyran;113.3368;Other
108;90-12-0;1-Methylnaphthalene;1-METHYLNAPHTHALENE;117.3047545;Alkane
109;91-57-6;2-Methylnaphthalene;2-METHYLNAPHTHALENE;117.3047545;Alkane
110;67-56-1;Methanol;METHANOL;76.88946667;Alcohol
111;107-83-5;2-Methylpentane;2-METHYLPENTANE;115.7023;Alkane
112;96-14-0;3-Methylpentane;3-METHYLPENTANE;115.7023;Alkane
113;109-86-4;2-Methoxyethanol;2-METHOXYETHANOL;92.94856667;no_class_defined_in_mainclasses.txt
114;110-91-8;Morpholine;MORPHOLINE;102.1555143;no_class_defined_in_mainclasses.txt
115;123-42-2;Diacetone alcohol;DIACETONE_ALCOHOL;88.87641111;no_class_defined_in_mainclasses.txt
116;104-51-8;Butylbenzene;N-BUTYLBENZENE;116.75992;Alkane
117;108-10-1;4-Methyl-2-pentanone;METHYL_ISOBUTYL_KETONE;97.84594286;Carbonyl
118;108-99-6;3-Methylpyridine;3-METHYLPYRIDINE;112.5220143;Aromatics
119;108-89-4;4-Methylpyridine;4-METHYLPYRIDINE;112.5220143;Aromatics
120;78-83-1;2-Methyl-1-propanol;2-METHYL-1-PROPANOL;96.29588333;Alcohol
121;98-83-9;alpha-Methyl styrene;ALPHA-METHYLSTYRENE;117.2691444;Alkene
123;91-20-3;Naphthalene;NAPHTHALENE;117.465;Aromatics
124;54-11-5;L-Nicotine;L-Nicotine;105.4961167;Other
125;75-52-5;Nitromethane;NITROMETHANE;27.27065;otherNitrogenCompounds
126;108-03-2;1-Nitropropane;1-NITROPROPANE;56.74786667;otherNitrogenCompounds
127;143-08-8;1-Nonanol;1-NONANOL;105.1169818;Alcohol
128;111-65-9;Octane;N-OCTANE;115.7023;Alkane
129;111-66-0;1-Octene;1-OCTENE;116.142975;Alkene
130;95-48-7;2-Methylphenol;O-CRESOL;103.9398222;Aromatics
131;112-88-9;1-Octadecene;1-OCTADECENE;115.8981556;Alkene
132;106-44-5;4-Methylphenol;P-CRESOL;103.9398222;Aromatics
134;109-66-0;Pentane;N-PENTANE;115.7023;Alkane
136;71-41-0;1-Pentanol;1-PENTANOL;99.06822857;Alcohol
137;107-87-9;2-Pentanone;2-PENTANONE;94.86988333;Carbonyl
138;108-95-2;Phenol;PHENOL;102.4695125;Aromatics
140;71-23-8;1-Propanol;1-PROPANOL;92.4146;Alcohol
141;79-09-4;Propionic acid;PROPIONIC_ACID;75.46346667;Acids
142;107-03-9;1-Propanethiol;N-PROPYL_MERCAPTAN;;Thiol
143;75-56-9;1,2-Propylene oxide;1,2-PROPYLENE_OXIDE;110.681325;Epoxy
144;110-86-1;Pyridine;PYRIDINE;111.9919667;Aromatics
145;7697-37-2;Nitric acid;NITRIC_ACID;21.66928;otherNitrogenCompounds
146;7647-01-0;Hydrogen chloride;HYDROGEN_CHLORIDE;104.2534;Acids
147;119-36-8;Salicylic acid methyl ester;METHYL_SALICYLATE;94.790575;no_class_defined_in_mainclasses.txt
148;7664-93-9;Sulfuric acid;;;
149;75-15-0;Carbon disulfide;CARBON_DISULFIDE;;no_class_defined_in_mainclasses.txt
150;100-42-5;Styrene;STYRENE;117.465;Alkene
151;67-68-5;Dimethyl sulfoxide;DIMETHYL_SULFOXIDE;;Sulfoxide&Sulfonyl
152;631-36-7;Tetraethylsilane;Tetraethylsilane;;Other
153;75-65-0;tert-Butanol;2-METHYL-2-PROPANOL;96.29588333;Alcohol
154;629-59-4;Tetradecane;N-TETRADECANE;115.7023;Alkane
155;493-02-7;trans-Decahydronaphthalene;TRANS-DECAHYDRONAPHTHALENE;115.7023;Alkane
156;119-64-2;1,2,3,4-Tetrahydronaphthalene;1,2,3,4-TETRAHYDRONAPHTHALENE;116.75992;Alkane
157;56-23-5;Tetrachloromethane;CARBON_TETRACHLORIDE;106.54318;no_class_defined_in_mainclasses.txt
158;97-99-4;Tetrahydrofurfuryl alcohol;TETRAHYDROFURFURYL_ALCOHOL;98.637;no_class_defined_in_mainclasses.txt
159;109-99-9;Tetrahydrofuran;TETRAHYDROFURAN;111.68552;Ether
161;108-88-3;Toluene;TOLUENE;117.2131857;Alkane
162;121-44-8;Triethylamine;TRIETHYLAMINE;101.3862714;Amine
163;79-00-5;1,1,2-Trichloroethane;1,1,2-TRICHLOROETHANE;108.83296;HalogenatedHydrocarbon
164;127-18-4;Tetrachloroethylene;TETRACHLOROETHYLENE;108.6572667;no_class_defined_in_mainclasses.txt
167;71-55-6;1,1,1-Trichloroethane [R140a];1,1,1-TRICHLOROETHANE;108.83296;HalogenatedHydrocarbon
168;79-01-6;Trichloroethylene;TRICHLOROETHYLENE;109.53804;no_class_defined_in_mainclasses.txt
169;98-08-8;1',1',1'-Trifluorotoluene;BENZOTRIFLUORIDE;97.92877;HalogenatedHydrocarbon
170;3522-94-9;2,2,5-Trimethylhexane;2,2,5-TRIMETHYLHEXANE;115.7023;Alkane
171;464-06-2;2,2,3-Trimethylbutane;2,2,3-TRIMETHYLBUTANE;115.7023;Alkane
173;108-05-4;Vinyl acetate;VINYL_ACETATE;92.11013333;no_class_defined_in_mainclasses.txt
174;7732-18-5;Water;WATER;70.75953333;H2O
175;108-38-3;m-Xylene;M-XYLENE;117.024325;Alkane
176;106-42-3;p-Xylene;P-XYLENE;117.024325;Alkane
177;79-24-3;Nitroethane;NITROETHANE;44.95698;otherNitrogenCompounds
178;74-89-5;Methylamine;METHYLAMINE;103.38355;Amine
179;124-40-3;Dimethylamine;DIMETHYLAMINE;97.0164;Amine
180;75-33-2;2-Propanethiol;ISOPROPYL_MERCAPTAN;;Thiol
181;91-66-7;N,N-Diethylaniline;N,N-DIETHYLANILINE;107.5535727;Amine
182;96-41-3;Cyclopentanol;CYCLOPENTANOL;99.06822857;Alcohol
183;462-06-6;Fluorobenzene;FLUOROBENZENE;108.2459714;Aromatics
184;620-02-0;5-Methylfurfural;5-Methylfurfural;98.44885;Other
185;10026-04-7;Tetrachlorosilane;Tetrachlorosilane;;HalogenatedHydrocarbon
186;7550-45-0;Titanium tetrachloride;Titanium_tetrachloride;;HalogenatedHydrocarbon
187;7719-12-2;Phosphorous trichloride;PHOSPHORUS_TRICHLORIDE;;no_class_defined_in_mainclasses.txt
189;10025-91-9;Antimony trichloride;;;
190;110-88-3;1,3,5-Trioxane;TRIOXANE;105.66035;Ether
191;534-15-6;1,1-Dimethoxyethane;1,1-Dimethoxyethane;109.0076667;Other
192;592-77-8;2-Heptene;;;
196;628-28-4;Methyl butyl ether;METHYL_N-BUTYL_ETHER;112.3549833;Ether
200;79-34-5;1,1,2,2-Tetrachloroethane;1,1,2,2-TETRACHLOROETHANE;108.0697;HalogenatedHydrocarbon
203;7646-78-8;Tin tetrachloride;;;
205;105-37-3;Propanoic acid ethyl ester;ETHYL_PROPIONATE;94.97681429;Ester
206;123-92-2;Isoamyl acetate;ISOPENTYL_ACETATE;99.58247778;Ester
207;590-01-2;Propanoic acid butyl ester;N-BUTYL_PROPIONATE;99.58247778;Ester
210;7664-41-7;Ammonia;AMMONIA;109.7507;Amine
211;75-01-4;Vinyl chloride;VINYL_CHLORIDE;113.0611333;no_class_defined_in_mainclasses.txt
213;110-71-4;1,2-Dimethoxyethane;1,2-DIMETHOXYETHANE;109.0076667;Ether
214;7778-85-0;1,2-Dimethoxypropane;;;
218;678-26-2;Perfluoropentane;Perfluoropentane;71.39371176;HalogenatedHydrocarbon
219;507-20-0;tert-Butyl chloride;TERT-BUTYL_CHLORIDE;113.41252;HalogenatedHydrocarbon
220;76-13-1;1,1,2-Trichloro-1,2,2-trifluoroethane [R113];1,1,2-TRICHLOROTRIFLUOROETHANE;87.870025;HalogenatedHydrocarbon
221;1599-41-3;1,1,1,3,3-Pentafluoro-2,2,3-trichloropropane;;;
222;7722-84-1;Hydrogen peroxide;HYDROGEN_PEROXIDE;57.48305;PeroxyNoAcid
223;111-49-9;Hexamethylene imine;HEXAMETHYLENEIMINE;106.35935;Amine
225;50-00-0;Formaldehyde;FORMALDEHYDE;53.20505;no_class_defined_in_mainclasses.txt
226;123-39-7;N-Methylformamide;N-METHYLFORMAMIDE;75.75468;Amide
227;127-19-5;N,N-Dimethylacetamide;N,N-DIMETHYLACETAMIDE;78.16785;Amide
228;107-13-1;Acrylonitrile;ACRYLONITRILE;102.6653;no_class_defined_in_mainclasses.txt
229;107-02-8;Acrolein;ACROLEIN;85.335025;Carbonyl
230;56-81-5;Glycerol;GLYCEROL;76.88946667;Alcohol
231;78-94-4;Methyl vinyl ketone;Methyl_vinyl_ketone;91.40848;Carbonyl
232;79-41-4;Methacrylic acid;METHACRYLIC_ACID;81.7155;Acids
233;108-24-7;Acetic anhydride;ACETIC_ANHYDRIDE;77.12045714;Anhydride
234;115-18-4;2-Methyl-3-buten-2-ol;2-Methyl-3-buten-2-ol;99.57185714;Alcohol
235;107-92-6;Butyric acid;N-BUTYRIC_ACID;81.21187143;Acids
237;74-98-6;Propane;PROPANE;115.7023;Alkane
238;109-60-4;Propyl acetate;N-PROPYL_ACETATE;94.97681429;Ester
239;57-10-3;Palmitic acid;N-HEXADECANOIC_ACID;102.9953;Acids
240;109-73-9;Butylamine;N-BUTYLAMINE;108.6630143;Amine
241;120-92-3;Cyclopentanone;CYCLOPENTANONE;94.86988333;Carbonyl
242;112-80-1;Oleic acid;OLEIC_ACID;104.3733667;no_class_defined_in_mainclasses.txt
243;110-89-4;Piperidine;PIPERIDINE;105.0246429;Amine
244;75-45-6;Chlorodifluoromethane [R22];CHLORODIFLUOROMETHANE;81.454825;HalogenatedHydrocarbon
245;75-71-8;Dichlorodifluoromethane [R12];DICHLORODIFLUOROMETHANE;86.01454;HalogenatedHydrocarbon
246;116-15-4;Perfluoropropylene;HEXAFLUOROPROPYLENE;74.24701111;no_class_defined_in_mainclasses.txt
247;115-25-3;Perfluorocyclobutane [RC318];OCTAFLUOROCYCLOBUTANE;73.8553;HalogenatedHydrocarbon
248;124-10-7;Methyl myristate;Tetradecanoic_acid_methyl_ester;107.1682765;Acids
249;100-63-0;Phenylhydrazine;PHENYLHYDRAZINE;105.3893545;otherNitrogenCompounds
250;108-94-1;Cyclohexanone;CYCLOHEXANONE;97.84594286;Carbonyl
251;105-60-2;epsilon-Caprolactam;EPSILON-CAPROLACTAM;93.50917778;Amide
252;108-93-0;Cyclohexanol;CYCLOHEXANOL;101.1474875;Alcohol
253;112-39-0;Methyl palmitate;Hexadecanoic_acid_methyl_ester;108.0665947;Acids
254;141-22-0;Ricinoleic acid;;;
255;108-47-4;2,4-Dimethylpyridine;2,4-Dimethylpyridine;112.91955;Other
256;79-46-9;2-Nitropropane;2-NITROPROPANE;56.74786667;otherNitrogenCompounds
257;109-67-1;1-Pentene;1-PENTENE;116.40738;Alkene
259;865-49-6;Deutero chloroform;;;
260;75-25-2;Tribromomethane [R20B3];TRIBROMOMETHANE;;HalogenatedHydrocarbon
262;80-62-6;Methacrylic acid methyl ester;METHYL_METHACRYLATE;95.48044286;Ester
263;513-35-9;2-Methyl-2-butene;2-METHYL-2-BUTENE;116.40738;Alkene
264;563-46-2;2-Methyl-1-butene;2-METHYL-1-BUTENE;116.40738;Alkene
265;57-11-4;Stearic acid;N-OCTADECANOIC_ACID;104.2054905;Acids
266;123-51-3;3-Methyl-1-butanol;3-METHYL-1-BUTANOL;99.06822857;Alcohol
268;142-62-1;Hexanoic acid;N-HEXANOIC_ACID;88.87641111;Acids
269;124-07-2;Caprylic acid;N-OCTANOIC_ACID;93.75384545;Acids
273;110-80-5;2-Ethoxyethanol;2-ETHOXYETHANOL;96.1991;no_class_defined_in_mainclasses.txt
274;78-81-9;2-Methylpropylamine;ISOBUTYLAMINE;108.6630143;Amine
275;98-00-0;Furfuryl alcohol;FURFURYL_ALCOHOL;99.51835;no_class_defined_in_mainclasses.txt
276;111-85-3;1-Chlorooctane;1-CHLOROOCTANE;114.4302;HalogenatedHydrocarbon
277;526-75-0;2,3-Dimethylphenol;2,3-XYLENOL;105.11607;Aromatics
278;105-67-9;2,4-Dimethylphenol;2,4-XYLENOL;105.11607;Aromatics
279;576-26-1;2,6-Dimethylphenol;2,6-XYLENOL;105.11607;Aromatics
280;108-68-9;3,5-Dimethylphenol;3,5-XYLENOL;105.11607;Aromatics
281;126-98-7;Methacrylonitrile;METHACRYLONITRILE;105.2727;no_class_defined_in_mainclasses.txt
282;57-55-6;1,2-Propanediol;1,2-PROPYLENE_GLYCOL;82.43415714;Alcohol
283;110-02-1;Thiophene;THIOPHENE;;no_class_defined_in_mainclasses.txt
284;872-50-4;N-Methyl-2-pyrrolidone;N-METHYL-2-PYRROLIDONE;83.52991429;Amide
285;96-22-0;3-Pentanone;3-PENTANONE;94.86988333;Carbonyl
286;589-38-8;3-Hexanone;3-HEXANONE;97.84594286;Carbonyl
287;123-19-3;4-Heptanone;4-HEPTANONE;100.0779875;Carbonyl
288;592-84-7;Formic acid butyl ester;N-BUTYL_FORMATE;94.97681429;Ester
289;534-22-5;2-Methylfuran;2-Methylfuran;113.5301167;Other
290;590-86-3;3-Methylbutyraldehyde;;;
291;1072-96-4;4-Vinyl-1,3-dioxane;;;
292;107-31-3;Methyl formate;METHYL_FORMATE;79.4327;Ester
293;79-16-3;N-Methylacetamide;N-METHYLACETAMIDE;82.41261667;Amide
294;96-47-9;2-Methyltetrahydrofuran;2-Methyltetrahydrofuran;112.3549833;Other
295;79-11-8;Chloroacetic acid;CHLOROACETIC_ACID;73.55531667;no_class_defined_in_mainclasses.txt
296;111-27-3;1-Hexanol;1-HEXANOL;101.1474875;Alcohol
297;392-56-3;Hexafluorobenzene;HEXAFLUOROBENZENE;85.1984;Aromatics
298;79-10-7;Acrylic acid;ACRYLIC_ACID;76.05103333;Acids
302;108-91-8;Cyclohexylamine;CYCLOHEXYLAMINE;110.2273;Amine
303;335-57-9;Perfluoro-n-heptane;Perfluoroheptane;72.03586522;HalogenatedHydrocarbon
304;565-59-3;2,3-Dimethylpentane;2,3-DIMETHYLPENTANE;115.7023;Alkane
305;311-89-7;Perfluorotributylamine;Perfluorotributylamine;70.8269075;Amine
307;79-31-2;2-Methylpropanoic acid;ISOBUTYRIC_ACID;81.21187143;Acids
308;107-41-5;2-Methyl-2,4-pentanediol;HEXYLENE_GLYCOL;92.4146;Alcohol
309;4170-30-3;Crotonaldehyde;;;
310;93-58-3;Benzoic acid methyl ester;METHYL_BENZOATE;102.25208;Ester
313;123-72-8;Butyraldehyde;BUTANAL;90.7034;Carbonyl
314;542-92-7;1,3-Cyclopentadiene;CYCLOPENTADIENE;117.11246;Alkene
315;493-01-6;cis-Decahydronaphthalene;CIS-DECAHYDRONAPHTHALENE;115.7023;Alkane
316;75-28-5;2-Methylpropane;ISOBUTANE;115.7023;Alkane
317;141-32-2;2-Propenoic acid butyl ester;N-BUTYL_ACRYLATE;99.97418889;Ester
318;140-88-5;2-Propenoic acid ethyl ester;ETHYL_ACRYLATE;95.48044286;Ester
320;75-04-7;Ethylamine;ETHYLAMINE;105.8473;Amine
321;75-00-3;Chloroethane;ETHYL_CHLORIDE;111.886;HalogenatedHydrocarbon
322;95-47-6;o-Xylene;O-XYLENE;117.024325;Alkane
323;112-07-2;2-Butoxyethyl acetate;ETHYLENE_GLYCOL_MONOBUTYL_ETHER_ACETATE;100.6875455;no_class_defined_in_mainclasses.txt
324;109-52-4;Pentanoic acid;N-PENTANOIC_ACID;85.523175;Acids
325;100-61-8;N-Methylaniline;N-METHYLANILINE;108.5725889;Amine
326;107-12-0;Propionitrile;PROPIONITRILE;101.78395;(Iso)Nitril
327;126-99-8;2-Chloro-1,3-butadiene;CHLOROPRENE;114.82268;no_class_defined_in_mainclasses.txt
328;124-11-8;1-Nonene;1-NONENE;116.0940111;Alkene
329;75-29-6;2-Chloropropane;ISOPROPYL_CHLORIDE;112.840075;HalogenatedHydrocarbon
330;107-05-1;3-Chloro-1-propene;3-CHLOROPROPENE;113.721425;no_class_defined_in_mainclasses.txt
331;110-00-9;Furan;FURAN;113.09568;Aromatics
332;540-54-5;1-Chloropropane;N-PROPYL_CHLORIDE;112.840075;HalogenatedHydrocarbon
333;98-85-1;alpha.-Phenylethanol;ALPHA-METHYLBENZYL_ALCOHOL;105.11607;Alcohol
336;111-92-2;Dibutylamine;DI-N-BUTYLAMINE;108.22794;Amine
337;628-32-0;Ethyl propyl ether;ETHYL_PROPYL_ETHER;112.3549833;Ether
338;111-43-3;Di-n-propyl ether;DI-N-PROPYL_ETHER;112.8331714;Ether
339;628-81-9;Ethyl butyl ether;N-BUTYL_ETHYL_ETHER;112.8331714;Ether
340;112-63-0;Methyl linoleate;;;
341;583-59-5;2-Methylcyclohexanol <Isomer not specified>;2-Methylcyclohexanol;102.7646889;Alcohol
343;111-70-6;1-Heptanol;1-HEPTANOL;102.7646889;Alcohol
344;111-87-5;1-Octanol;1-OCTANOL;104.05845;Alcohol
345;112-30-1;1-Decanol;1-DECANOL;105.9990917;Alcohol
346;143-07-7;Lauric acid;N-DODECANOIC_ACID;99.60676667;Acids
347;544-63-8;Myristic acid;N-TETRADECANOIC_ACID;101.5003588;Acids
348;111-82-0;Methyl laurate;METHYL_DODECANOATE;106.0304067;Ester
349;112-61-8;Methyl stearate;Octadecanoic_acid_methyl_ester;108.7938048;Acids
350;556-52-5;2,3-Epoxy-1-propanol;2,3-EPOXY-1-PROPANOL;92.94856667;no_class_defined_in_mainclasses.txt
351;98-82-8;Isopropylbenzene;CUMENE;116.8774333;Alkane
353;135-19-3;2-Naphthol;2-Naphthol;107.4680083;Alcohol
354;872-05-9;1-Decene;1-DECENE;116.05484;Alkene
355;106-95-6;3-Bromo-1-propene;;;
356;563-45-1;3-Methyl-1-butene;3-METHYL-1-BUTENE;116.40738;Alkene
358;625-27-4;2-Methyl-2-pentene;2-METHYL-2-PENTENE;116.2898667;Alkene
360;565-69-5;2-Methyl-3-pentanone;ETHYL_ISOPROPYL_KETONE;97.84594286;Carbonyl
361;565-67-3;2-Methyl-3-pentanol;;;
364;106-99-0;1,3-Butadiene;1,3-BUTADIENE;117.465;Alkene
367;79-29-8;2,3-Dimethylbutane;2,3-DIMETHYLBUTANE;115.7023;Alkane
368;106-98-9;1-Butene;1-BUTENE;116.58365;Alkene
369;103-65-1;Propylbenzene;N-PROPYLBENZENE;116.8774333;Alkane
370;75-83-2;2,2-Dimethylbutane;2,2-DIMETHYLBUTANE;115.7023;Alkane
371;105-54-4;Ethyl butyrate;ETHYL_N-BUTYRATE;97.5675;Ester
372;98-86-2;Acetophenone;ACETOPHENONE;102.9891556;Carbonyl
373;110-19-0;Isobutyl acetate;ISOBUTYL_ACETATE;97.5675;Ester
374;108-31-6;Maleic anhydride;MALEIC_ANHYDRIDE;77.62408571;Anhydride
376;75-31-0;Isopropylamine;ISOPROPYLAMINE;107.4898;Amine
377;107-10-8;N-Propylamine;N-PROPYLAMINE;107.4898;Amine
378;57-06-7;Allyl isothiocyanate;ALLYLISOTHIOCYANATE;;no_classes_defined_in_substances.txt
379;104-76-7;2-Ethyl-1-hexanol;2-ETHYL-1-HEXANOL;104.05845;Alcohol
380;108-21-4;Acetic acid isopropyl ester;ISOPROPYL_ACETATE;94.97681429;Ester
381;646-06-0;1,3-Dioxolane;1,3-Dioxolane;107.66874;Alcohol
382;291-64-5;Cycloheptane;CYCLOHEPTANE;115.7023;Alkane
383;292-64-8;Cyclooctane;CYCLOOCTANE;115.7023;Alkane
384;502-41-0;Cycloheptanol;Cycloheptanol;102.7646889;Alcohol
385;627-08-7;Propyl isopropyl ether;;;
387;95-93-2;1,2,4,5-Tetramethylbenzene;1,2,4,5-TETRAMETHYLBENZENE;116.75992;Alkane
388;629-50-5;Tridecane;N-TRIDECANE;115.7023;Alkane
389;99-87-6;4-Isopropyltoluene;P-CYMENE;116.75992;Alkane
394;97-88-1;Methacrylic acid, butyl ester;N-BUTYL_METHACRYLATE;101.547;Ester
395;100-18-5;1,4-Diisopropylbenzene;P-DIISOPROPYLBENZENE;116.58365;Alkane
396;99-89-8;4-Isopropylphenol;4-Isopropylphenol;106.0784545;Alcohol
397;1978-24-1;Perfluorooxacyclononane;Perfluorooxacyclononane;74.725824;HalogenatedHydrocarbon
398;111-84-2;Nonane;N-NONANE;115.7023;Alkane
399;123-38-6;Propanal;PROPANAL;84.453675;Carbonyl
400;554-12-1;Methyl propanoate;METHYL_PROPIONATE;91.52256667;Ester
401;1678-91-7;Ethylcyclohexane;ETHYLCYCLOHEXANE;115.7023;Alkane
404;112-34-5;Diethylene glycol monobutyl ether;2-(2-BUTOXYETHOXY)ETHANOL;102.651775;no_class_defined_in_mainclasses.txt
405;106-70-7;Hexanoic acid methyl ester;Hexanoic_acid_methyl_ester;99.58247778;Acids
406;111-11-5;Octanoic acid methyl ester;Octanoic_acid_methyl_ester;102.5133545;Acids
407;110-42-9;Decanoic acid methyl ester;METHYL_DECANOATE;104.5424231;Ester
408;90-15-3;1-Naphthol;1-Naphthol;107.4680083;Alcohol
409;19961-27-4;Ethyl isopropyl amine;Ethyl_isopropyl_amine;105.0246429;Amine
410;996-35-0;Dimethyl isopropyl amine;Dimethyl_isopropyl_amine;99.00026667;Amine
411;110-68-9;Methyl butyl amine;Methyl_butyl_amine;105.0246429;Amine
414;25265-71-8;Dipropylene glycol;DIPROPYLENE_GLYCOL;92.70585455;no_class_defined_in_mainclasses.txt
416;628-63-7;Amyl acetate;N-PENTYL_ACETATE;99.58247778;Ester
417;108-83-8;Diisobutyl ketone;DIISOBUTYL_KETONE;103.20285;Carbonyl
418;110-74-7;Formic acid propyl ester;N-PROPYL_FORMATE;91.52256667;Ester
420;352-93-2;Diethyl sulfide;DIETHYL_SULFIDE;;Thioether
421;13360-63-9;Ethyl butyl amine;Ethyl_butyl_amine;106.35935;Amine
422;124-09-4;1,6-Hexanediamine;HEXAMETHYLENEDIAMINE;107.4898;Amine
423;109-21-7;Butanoic acid butyl ester;N-BUTYL_N-BUTYRATE;101.19446;Ester
424;111-69-3;1,4-Dicyanobutane;ADIPONITRILE;101.78395;(Iso)Nitril
425;65-85-0;Benzoic acid;BENZOIC_ACID;92.61662;Acids
426;763-32-6;3-Methyl-3-buten-1-ol;3-Methyl-3-buten-1-ol;99.57185714;Alcohol
427;359-70-6;Perfluorotriethylamine;;;
428;107-46-0;Hexamethyl disiloxane;Hexamethyl_disiloxane;;Other
429;3425-61-4;tert.Pentyl hydroperoxide;tert.Pentyl_hydroperoxide;98.637;Other
430;563-80-4;Methyl isopropyl ketone;METHYL_ISOPROPYL_KETONE;94.86988333;Carbonyl
431;123-04-6;1-Chloro-2-ethylhexane;1-Chloro-2-ethylhexane;114.4302;HalogenatedHydrocarbon
432;106-36-5;Propanoic acid propyl ester;N-PROPYL_PROPIONATE;97.5675;Ester
433;91-22-5;Quinoline;QUINOLINE;114.18118;Aromatics
434;107-19-7;2-Propyn-1-ol;PROPARGYL_ALCOHOL;72.56132;no_classes_defined_in_substances.txt
435;827-52-1;Phenylcyclohexane;CYCLOHEXYLBENZENE;116.58365;Alkane
436;120-83-2;2,4-Dichlorophenol;2,4-Dichlorophenol;102.82629;Alcohol
442;106-89-8;Epichlorohydrin;ALPHA-EPICHLOROHYDRIN;109.39574;no_class_defined_in_mainclasses.txt
443;112-27-6;Triethylene glycol;TRIETHYLENE_GLYCOL;92.94856667;no_class_defined_in_mainclasses.txt
446;75-72-9;Chlorotrifluoromethane [R13];CHLOROTRIFLUOROMETHANE;75.75022;HalogenatedHydrocarbon
447;542-18-7;Chlorocyclohexane;CHLOROCYCLOHEXANE;114.0667429;HalogenatedHydrocarbon
448;111-77-3;Diethylene glycol monomethyl ether;2-(2-METHOXYETHOXY)ETHANOL;98.3016;no_class_defined_in_mainclasses.txt
449;21035-44-9;N-Ethyl-sec.butylamine;N-Ethyl-sec.butylamine;106.35935;Amine
450;624-64-6;trans-2-Butene;TRANS-2-BUTENE;116.58365;Alkene
451;616-38-6;Carbonic acid dimethyl ester;DIMETHYL_CARBONATE;88.17525;Carbonate
453;502-56-7;5-Nonanone;5-NONANONE;103.20285;Carbonyl
454;109-59-1;2-Isopropoxyethanol;2-Isopropoxyethanol;98.637;Alcohol
455;4439-24-1;Ethylene glycol monoisobutyl ether;Ethylene_glycol_monoisobutyl_ether;100.5331444;Alcohol
456;111-90-0;Diethylene glycol ethyl ether;2-(2-ETHOXYETHOXY)ETHANOL;100.04167;no_class_defined_in_mainclasses.txt
457;115-11-7;Isobutylene;ISOBUTENE;116.58365;Alkene
458;110-49-6;Ethylene glycol acetate monomethyl ether;2-METHOXYACETATE-ETHANOL;95.0570125;no_class_defined_in_mainclasses.txt
459;78-84-2;2-Methylpropanal;2-METHYLPROPANAL;90.7034;Carbonyl
460;590-18-1;cis-2-Butene;CIS-2-BUTENE;116.58365;Alkene
461;75-64-9;tert-Butylamine;TERT-BUTYLAMINE;108.6630143;Amine
463;111-46-6;Diethylene glycol;DIETHYLENE_GLYCOL;87.59553333;no_class_defined_in_mainclasses.txt
464;589-34-4;3-Methylhexane;3-METHYLHEXANE;115.7023;Alkane
465;96-33-3;2-Propenoic acid methyl ester;METHYL_ACRYLATE;92.11013333;Ester
466;355-42-0;Perfluorohexane;Perfluorohexane;71.76295;HalogenatedHydrocarbon
467;120-82-1;1,2,4-Trichlorobenzene;1,2,4-TRICHLOROBENZENE;113.0611333;Aromatics
468;463-82-1;2,2-Dimethylpropane;NEOPENTANE;115.7023;Alkane
470;108-11-2;4-Methyl-2-pentanol;4-METHYL-2-PENTANOL;101.1474875;Alcohol
471;92-52-4;Biphenyl;BIPHENYL;117.465;Alkane
472;101-81-5;Diphenylmethane;DIPHENYLMETHANE;117.3294077;Alkane
474;135-98-8;sec-Butylbenzene;SEC-BUTYLBENZENE;116.75992;Alkane
476;763-29-1;2-Methyl-1-pentene;2-METHYL-1-PENTENE;116.2898667;Alkene
477;691-37-2;4-Methyl-1-pentene;4-METHYL-1-PENTENE;116.2898667;Alkene
479;2146-39-6;2-Vinylbicyclo[2.2.1]heptane;2-Vinylbicyclo[2.2.1]heptane;116.0940111;Other
484;77-73-6;Dicyclopentadiene;DICYCLOPENTADIENE;116.40738;Alkene
485;112-95-8;Eicosane;N-EICOSANE;115.7023;Alkane
487;108-67-8;1,3,5-Trimethylbenzene;MESITYLENE;116.8774333;Alkane
488;140-11-4;Acetic acid benzyl ester;BENZYL_ACETATE;103.4748273;Ester
489;88-72-2;o-Nitrotoluene;O-NITROTOLUENE;81.38726;otherNitrogenCompounds
490;99-08-1;m-Nitrotoluene;M-NITROTOLUENE;81.38726;otherNitrogenCompounds
491;99-99-0;p-Nitrotoluene;P-NITROTOLUENE;81.38726;otherNitrogenCompounds
495;104-90-5;5-Ethyl-2-methylpyridine;5-Ethyl-2-methylpyridine;113.2287444;Other
497;112-36-7;Diethylene glycol diethyl ether;DIETHYLENE_GLYCOL_DIETHYL_ETHER;110.2248727;Ether
498;764-99-8;Diethylene glycol divinyl ether;;;
499;334-48-5;Capric acid;N-DECANOIC_ACID;97.13053077;Acids
500;107-51-7;Octamethyltrisiloxane;;;
501;556-67-2;Octamethylcyclotetrasiloxane;;;
502;119-65-3;Isoquinoline;ISOQUINOLINE;114.18118;Aromatics
503;91-63-4;Quinaldine;QUINALDINE;114.3194636;Aromatics
504;118-61-6;Salicylic acid ethyl ester;Salicylic_acid_ethyl_ester;96.39916923;Acids
505;101-84-8;Diphenyl ether;DIPHENYL_ETHER;115.7844923;Ether
506;491-35-0;4-Methylquinoline;4-Methylquinoline;114.3194636;Alcohol
507;612-60-2;7-Methylquinoline;;;
509;13466-78-9;3,7,7-Trimethylbicyclo[4.1.0]hept-3-ene;;;
510;138-86-3;Limonene;;;
513;89-80-5;Menthone (isomeric mixture);;;
514;1490-04-6;Menthol;;;
515;112-42-5;1-Undecanol;1-UNDECANOL;106.7454923;Alcohol
516;544-76-3;Hexadecane;N-HEXADECANE;115.7023;Alkane
518;84-74-2;Phthalic acid dibutyl ester;DI-N-BUTYL_PHTHALATE;101.72327;Ester
519;109-43-3;Decanedioic acid dibutyl ester;DIBUTYL_SEBACATE;102.5133545;Ester
520;514-10-3;Abietic acid;ABIETIC_ACID;105.5117696;Acids
521;92-06-8;m-Terphenyl;M-TERPHENYL;117.465;Alkane
522;95-63-6;1,2,4-Trimethylbenzene;1,2,4-TRIMETHYLBENZENE;116.8774333;Alkane
523;526-73-8;1,2,3-Trimethylbenzene;1,2,3-TRIMETHYLBENZENE;116.8774333;Alkane
526;29911-28-2;Dipropylene glycol butyl ether;;;
529;110-53-2;1-Bromopentane;1-Bromopentane;;HalogenatedHydrocarbon
533;75-50-3;Trimethylamine;TRIMETHYLAMINE;90.64925;Amine
534;1455-13-6;O-Deuteromethanol;;;
535;112-53-8;1-Dodecanol;1-DODECANOL;107.3852643;Alcohol
542;126-33-0;Sulfolane;SULFOLANE;;Sulfoxide&Sulfonyl
543;925-93-9;O-Deuteroethanol;;;
546;141-43-5;Monoethanolamine;MONOETHANOLAMINE;92.02894286;no_class_defined_in_mainclasses.txt
548;1081-77-2;Nonylbenzene;N-NONYLBENZENE;116.40738;Alkane
551;76-14-2;1,2-Dichlorotetrafluoroethane [R114];1,2-DICHLOROTETRAFLUOROETHANE;81.454825;HalogenatedHydrocarbon
552;75-43-4;Dichlorofluoromethane [R21];DICHLOROFLUOROMETHANE;94.285225;HalogenatedHydrocarbon
553;629-78-7;Heptadecane;N-HEPTADECANE;115.7023;Alkane
555;110-05-4;Di-tert.butyl peroxide;DI-T-BUTYL_PEROXIDE;111.68552;PeroxyNoAcid
556;75-91-2;tert.Butyl hydroperoxide;T-BUTYL_HYDROPEROXIDE;96.1991;PeroxyNoAcid
557;141-79-7;4-Methyl-3-penten-2-one;MESITYL_OXIDE;98.34957143;Carbonyl
559;107-39-1;2,4,4-Trimethyl-1-pentene;2,4,4-TRIMETHYL-1-PENTENE;116.142975;Alkene
560;617-84-5;N,N-Diethylformamide;N,N-DIETHYLFORMAMIDE;83.52991429;Amide
562;110-13-4;2,5-Hexanedione;2,5-Hexanedione;84.453675;Carbonyl
563;111-55-7;Ethylene glycol diacetate;ETHYLENE_GLYCOL_DIACETATE;86.68662;Ester
568;17071-47-5;Butyl isobutyl ether;Butyl_isobutyl_ether;113.4707556;Ether
569;628-55-7;Diisobutyl ether;DIISOBUTYL_ETHER;113.4707556;Ether
575;76-37-9;2,2,3,3-Tetrafluoro-1-propanol;2,2,3,3-Tetrafluoro-1-propanol;74.86668889;Alcohol
576;583-58-4;3,4-Dimethylpyridine;;;
577;108-75-8;2,4,6-Trimethylpyridine;2,4,6-TRIMETHYLPYRIDINE;113.2287444;Aromatics
579;74-93-1;Methanethiol;METHYL_MERCAPTAN;;Thiol
580;115-10-6;Dimethyl ether;DIMETHYL_ETHER;109.0076667;Ether
581;74-87-3;Methyl chloride;METHYL_CHLORIDE;109.97785;HalogenatedHydrocarbon
582;920-66-1;1,1,1,3,3,3-Hexafluoro-2-propanol;1,1,1,3,3,3-Hexafluoro-2-propanol;70.87852727;Alcohol
585;84-66-2;Phthalic acid diethyl ester;DIETHYL_PHTHALATE;98.2285125;Ester
586;693-02-7;1-Hexyne;1-HEXYNE;99.1579;Alkyne
587;628-71-7;1-Heptyne;1-HEPTYNE;101.5213857;Alkyne
590;123-75-1;Pyrrolidine;PYRROLIDINE;103.2450333;Amine
597;621-77-2;Tripentylamine;Tripentylamine;109.4390375;Amine
598;76-05-1;Trifluoroacetic acid;TRIFLUOROACETIC_ACID;61.9842375;no_class_defined_in_mainclasses.txt
599;766-15-4;4,4-Dimethyl-1,3-dioxane;;;
600;592-76-7;1-Heptene;1-HEPTENE;116.2059286;Alkene
601;592-42-7;1,5-Hexadiene;1,5-HEXADIENE;116.8774333;Alkene
602;2432-90-8;Phthalic acid didodecyl ester;;;
603;122-32-7;Triolein;;;
604;105-66-8;Butanoic acid propyl ester;N-PROPYL_N-BUTYRATE;99.58247778;Ester
605;627-19-0;1-Pentyne;1-PENTYNE;95.84902;Alkyne
606;629-97-0;Docosane;N-DOCOSANE;115.7023;Alkane
607;1087-49-6;1,6-Diphenylhexane;;;
608;554-84-7;m-Nitrophenol;;;
609;103-73-1;Ethoxybenzene;PHENETOLE;114.6458889;Ether
610;6737-11-7;3-Buten-2-ol acetate;;;
611;1195-79-5;Fenchone;;;
612;112-14-1;Octyl acetate;N-OCTYL_ACETATE;103.6124333;Ester
613;78-59-1;3,5,5-Trimethyl-2-cyclohexen-1-one;ISOPHORONE;103.55539;Carbonyl
614;110-63-4;1,4-Butanediol;1,4-BUTANEDIOL;86.592675;Alcohol
615;537-40-6;Trilinolein;;;
616;591-78-6;2-Hexanone;2-HEXANONE;97.84594286;Carbonyl
617;76-06-2;Nitrotrichloromethane;;;
618;108-64-5;Ethyl isovalerate;ETHYL_ISOVALERATE;99.58247778;Ester
619;100-02-7;p-Nitrophenol;4-NITROPHENOL;73.92149091;no_class_defined_in_mainclasses.txt
620;630-20-6;1,1,1,2-Tetrachloroethane [R130a];1,1,1,2-TETRACHLOROETHANE;108.0697;HalogenatedHydrocarbon
621;76-01-7;Pentachloroethane;PENTACHLOROETHANE;107.5245143;HalogenatedHydrocarbon
622;507-40-4;tert-Butyl hypochlorite;;;
623;111-97-7;2,2'-Dicyano diethyl sulfide;2,2'-Dicyano_diethyl_sulfide;;Other
624;1656-48-0;3,3'-Oxybispropionitrile;BIS(CYANOETHYL)ETHER;101.0988889;no_class_defined_in_mainclasses.txt
625;96-48-0;gamma-Butyrolactone;GAMMA-BUTYROLACTONE;91.52256667;Ester
626;1003-38-9;2,5-Dimethyltetrahydrofuran;2,5-Dimethyltetrahydrofuran;112.8331714;Other
627;589-81-1;3-Methylheptane;3-METHYLHEPTANE;115.7023;Alkane
628;112-49-2;Triethylene glycol dimethyl ether;TRIETHYLENE_GLYCOL_DIMETHYL_ETHER;109.0076667;Ether
629;376-27-2;Pentadecafluorooctanoic acid methyl ester;;;
630;95-53-4;o-Methylaniline;O-TOLUIDINE;111.83242;Amine
631;60-01-5;Butanoic acid-1,2,3-propanetriyl ester;;;
632;117-82-8;Bis(2-methoxyethyl) phthalate;;;
633;117-81-7;Bis(2-ethylhexyl) phthalate;;;
634;79-27-6;1,1,2,2-Tetrabromoethane;1,1,2,2-TETRABROMOETHANE;;HalogenatedHydrocarbon
635;112-62-9;Methyl oleate;METHYL_OLEATE;108.961681;no_class_defined_in_mainclasses.txt
637;123-63-7;2,4,6-Trimethyl-1,3,5-trioxane;PARALDEHYDE;109.0076667;Ether
638;13021-49-3;1-Ethyl-3-propyl glycerol ether;;;
639;13021-50-6;1-Ethyl-3-isopropyl glycerol ether;;;
640;13021-51-7;1-Methyl-3-butyl glycerol ether;;;
641;13021-52-8;1-Ethyl-3-butyl glycerol ether;;;
642;13021-53-9;1-Methyl-3-tert-butyl glycerol ether;;;
643;13021-54-0;1,3-Diisopropyl glycerol ether;;;
644;13021-55-1;1-Methyl-3-pentyl glycerol ether;;;
645;13021-56-2;1-Methyl-3-isopentyl glycerol ether;;;
646;13021-57-3;1-Methyl-3-(2-pentyl) glycerol ether;;;
647;629-92-5;Nonadecane;N-NONADECANE;115.7023;Alkane
648;29911-27-1;Dipropylene glycol propyl ether;;;
649;96077-04-2;Tripropylene glycol propyl ether;;;
650;1331-22-2;Methylcyclohexanone <Isomer not specified>;;;
651;1330-20-7;Xylene <Isomer not specified>;;;
652;84-76-4;Phthalic acid dinonyl ester;DI-N-NONYL_PHTHALATE;106.3829467;Ester
653;50-21-5;Lactic acid;LACTIC_ACID;70.9683625;no_class_defined_in_mainclasses.txt
654;99-14-9;Tricarballylic acid;;;
655;85-68-7;Phthalic acid benzyl butyl ester;;;
656;3452-09-3;1-Nonyne;1-NONYNE;104.6727;Alkyne
657;13423-15-9;3-Methyltetrahydrofuran;;;
658;553-90-2;Dimethyl oxalate;DIMETHYL-OXALATE;79.4327;Ester
659;355-02-2;Perfluoromethylcyclohexane;;;
660;464-40-4;Pentaerythritol tetrakis(perfluorobutyrate);;;
661;565-61-7;3-Methyl-2-pentanone;3-METHYL-2-PENTANONE;97.84594286;Carbonyl
662;75-97-8;3,3-Dimethyl-2-butanone;3,3-DIMETHYL-2-BUTANONE;97.84594286;Carbonyl
663;565-80-0;2,4-Dimethyl-3-pentanone;DIISOPROPYL_KETONE;100.0779875;Carbonyl
664;1122-60-7;Nitrocyclohexane;;;
665;137-32-6;2-Methyl-1-butanol;2-METHYL-1-BUTANOL;99.06822857;Alcohol
666;75-84-3;2,2-Dimethyl-1-propanol;2,2-DIMETHYL-1-PROPANOL;99.06822857;Alcohol
667;6032-29-7;2-Pentanol;2-PENTANOL;99.06822857;Alcohol
668;584-02-1;3-Pentanol;3-PENTANOL;99.06822857;Alcohol
669;598-75-4;3-Methyl-2-butanol;3-METHYL-2-BUTANOL;99.06822857;Alcohol
670;75-85-4;tert-Pentanol;2-METHYL-2-BUTANOL;99.06822857;Alcohol
671;7294-05-5;2,2,3-Trimethyl-3-pentanol;;;
672;1569-50-2;3-Penten-2-ol;;;
673;616-25-1;1-Penten-3-ol;;;
674;821-09-0;4-Pentene-1-ol;;;
675;4798-58-7;4-Hexen-3-ol;;;
676;4798-45-2;2-Methyl-4-penten-3-ol;;;
677;4798-44-1;1-Hexen-3-ol;;;
678;594-83-2;2,3,3-Trimethyl-2-butanol;2,3,3-Trimethyl-2-butanol;102.7646889;Alcohol
679;597-49-9;3-Ethyl-3-pentanol;3-Ethyl-3-pentanol;102.7646889;Alcohol
680;595-41-5;2,3-Dimethyl-3-pentanol;;;
681;4911-70-0;2,3-Dimethyl-2-pentanol;2,3-DIMETHYL-2-PENTANOL;102.7646889;Alcohol
682;625-06-9;2,4-Dimethyl-2-pentanol;;;
683;597-96-6;3-Methyl-3-hexanol;;;
684;625-23-0;2-Methyl-2-hexanol;;;
685;3970-62-5;2,2-Dimethyl-3-pentanol;;;
686;600-36-2;2,4-Dimethyl-3-pentanol;2,4-Dimethyl-3-pentanol;102.7646889;Alcohol
687;77-74-7;3-Methyl-3-pentanol;3-METHYL-3-PENTANOL;101.1474875;Alcohol
688;594-60-5;2,3-Dimethyl-2-butanol;;;
689;590-36-3;2-Methyl-2-pentanol;;;
690;464-07-3;3,3-Dimethyl-2-butanol;;;
691;565-60-6;3-Methyl-2-pentanol;;;
692;623-37-0;3-Hexanol;;;
693;626-93-7;2-Hexanol;2-HEXANOL;101.1474875;Alcohol
694;1185-33-7;2,2-Dimethyl-1-butanol;;;
695;107-04-0;1-Bromo-2-chloroethane;1-Bromo-2-chloroethane;;HalogenatedHydrocarbon
696;142-28-9;1,3-Dichloropropane;1,3-DICHLOROPROPANE;111.12274;HalogenatedHydrocarbon
697;141-28-6;Diethyl adipate;DIETHYL-ADIPATE;94.97681429;Ester
698;74-95-3;Dibromomethane [R30B2];DIBROMOMETHANE;;HalogenatedHydrocarbon
699;91-23-6;2-Methoxynitrobenzene;O-NITROANISOLE;82.681;no_class_defined_in_mainclasses.txt
700;109-64-8;1,3-Dibromopropane;1,3-Dibromopropane;;HalogenatedHydrocarbon
701;75-12-7;Formamide;FORMAMIDE;80.8484;Amide
702;119-61-9;Benzophenone;BENZOPHENONE;108.2850071;Carbonyl
703;122-39-4;Diphenylamine;DIPHENYLAMINE;111.8743571;Amine
704;586-11-8;3,5-Dinitrophenol;;;
705;95-49-8;o-Chlorotoluene;O-CHLOROTOLUENE;115.5932125;Aromatics
706;625-48-9;2-Nitroethanol;;;
707;93-89-0;Ethyl benzoate;ETHYL_BENZOATE;103.4748273;Ester
708;106-94-5;Propyl bromide;1-BROMOPROPANE;;HalogenatedHydrocarbon
709;108-41-8;m-Chlorotoluene;;;
710;2902-96-7;2-Nitro-1-propanol;;;
711;84-78-6;Phthalic acid butyl octyl ester;;;
712;1569-01-3;1-Propoxy-2-propanol;PROPYLENE_GLYCOL_N-PROPYL_ETHER;100.5331444;no_class_defined_in_mainclasses.txt
713;10215-30-2;2-Propoxy-1-propanol;2-PROPOXY-1-PROPANOL;100.5331444;no_class_defined_in_mainclasses.txt
716;302-17-0;2,2,2-Trichloro-1,1-ethanediol;;;
717;79-39-0;2-Methyl propenoic acid amide <Methacrylamide>;2-METHACRYLAMIDE;94.3592875;Amide
718;503-74-2;3-Methylbutanoic acid;ISOVALERIC_ACID;85.523175;Acids
719;141-97-9;Ethyl acetoacetate;ETHYL_ACETOACETATE;85.6942;no_class_defined_in_mainclasses.txt
720;623-42-7;Methyl butanoate;METHYL_N-BUTYRATE;94.97681429;Ester
721;111-29-5;1,5-Pentanediol;1,5-PENTANEDIOL;89.82707778;Alcohol
722;36653-82-4;1-Hexadecanol;1-HEXADECANOL;109.2334944;Alcohol
723;112-92-5;1-Octadecanol;1-OCTADECANOL;109.880375;Alcohol
724;1120-21-4;n-Undecane;N-UNDECANE;115.7023;Alkane
725;3221-61-2;2-Methyloctane;2-METHYLOCTANE;115.7023;Alkane
726;565-75-3;2,3,4-Trimethyl pentane;2,3,4-TRIMETHYLPENTANE;115.7023;Alkane
727;629-62-9;Pentadecane;N-PENTADECANE;115.7023;Alkane
728;108-32-7;Propylene carbonate;PROPYLENE_CARBONATE;92.10768571;Carbonate
729;2189-60-8;Octylbenzene;N-OCTYLBENZENE;116.4577429;Alkane
730;504-63-2;1,3-Propanediol;1,3-PROPYLENE_GLYCOL;82.43415714;Alcohol
731;1634-09-9;1-Butylnaphthalene;1-N-BUTYLNAPHTHALENE;116.9613714;Alkane
732;2876-51-9;1-Octylnaphthalene;;;
733;1127-76-0;1-Ethylnaphthalene;1-ETHYLNAPHTHALENE;117.1712167;Alkane
734;629-11-8;1,6-Hexanediol;1,6-HEXANEDIOL;92.4146;Alcohol
735;505-60-2;2,2'-Dichloro diethyl sulfide;BIS(2-CHLOROETHYL)SULFIDE;;no_class_defined_in_mainclasses.txt
736;79-43-6;Dichloroacetic acid;DICHLOROACETIC_ACID;77.94075714;no_class_defined_in_mainclasses.txt
737;629-05-0;1-Octyne;1-OCTYNE;103.294;Alkyne
738;149-57-5;2-Ethyl hexanoic acid;2-ETHYL_HEXANOIC_ACID;93.75384545;Acids
739;88-09-5;2-Ethyl butyric acid;2-ETHYL_BUTYRIC_ACID;88.87641111;Acids
740;69-72-7;Salicylic acid;SALICYLIC_ACID;86.761025;no_class_defined_in_mainclasses.txt
741;121-92-6;3-Nitro benzoic acid;3-NITROBENZOICACID;70.73434615;no_class_defined_in_mainclasses.txt
743;109-68-2;2-Pentene;;;
744;542-10-9;1,1-Ethanediol diacetate;ETHYLIDENE_DIACETATE;86.68662;Ester
745;111-14-8;Heptanoic acid;N-HEPTANOIC_ACID;91.559;Acids
747;75-26-3;Isopropyl bromide;2-BROMOPROPANE;;HalogenatedHydrocarbon
748;78-77-3;1-Bromo-2-methylpropane;;;
749;107-82-4;1-Bromo-3-methylbutane;;;
750;106-43-4;p-Chlorotoluene;P-CHLOROTOLUENE;115.5932125;Aromatics
751;112-41-4;1-Dodecene;1-DODECENE;115.9960833;Alkene
752;2855-19-8;1,2-Epoxy dodecane;;;
753;110-62-3;Valeraldehyde;PENTANAL;94.86988333;Carbonyl
754;66-25-1;Hexanal;HEXANAL;97.84594286;Carbonyl
755;111-71-7;Heptanal;HEPTANAL;100.0779875;Carbonyl
756;124-13-0;Octanal;OCTANAL;101.8140222;Carbonyl
757;124-19-6;Nonanal;NONANAL;103.20285;Carbonyl
758;6921-35-3;2,2-Dimethyl-1,3-epoxy propane;;;
759;95-13-6;Indene;INDENE;117.2691444;Alkene
760;591-76-4;2-Methylhexane;2-METHYLHEXANE;115.7023;Alkane
761;544-25-2;Cycloheptatriene;;;
762;589-43-5;2,4-Dimethylhexane;2,4-DIMETHYLHEXANE;115.7023;Alkane
763;98-06-6;tert-Butylbenzene;TERT-BUTYLBENZENE;116.75992;Alkane
764;111-48-8;2,2'-Diethyl-dihydroxy sulfide;THIODIGLYCOL;;no_class_defined_in_mainclasses.txt
765;1600-44-8;Tetramethylene sulfoxide;;;
766;120-80-9;1,2-Dihydroxybenzene <Pyrocatechol>;1,2-BENZENEDIOL;93.47222;Aromatics
767;60-24-2;2-Mercapto ethanol;2-MERCAPTOETHANOL;;no_class_defined_in_mainclasses.txt
769;77-77-0;Divinylsulfone;Divinylsulfone;;Carbonyl
770;872-93-5;3-Methyl sulfolane;3-METHYL_SULFOLANE;;Sulfoxide&Sulfonyl
771;1603-91-4;2-Amino-4-methyl thiazole;;;
772;2568-33-4;3-Methyl-1,3-butanediol;3-Methyl-1,3-butanediol;89.82707778;Alcohol
773;108-45-2;m-Phenylenediamine;M-PHENYLENEDIAMINE;108.37115;Amine
774;142-68-7;Tetrahydropyran;OXACYCLOHEXANE;112.3549833;Ether
775;76-03-9;Trichloroacetic acid;TRICHLOROACETIC_ACID;81.2298375;no_class_defined_in_mainclasses.txt
776;60-80-0;Antipyrine;ANTIPYRINE;93.46535;no_classes_defined_in_substances.txt
777;552-89-6;2-Nitrobenzaldehyde;;;
778;99-61-6;3-Nitrobenzaldehyde;M-NITROBENZALDEHYDE;73.14367273;no_class_defined_in_mainclasses.txt
779;555-16-8;4-Nitrobenzaldehyde;;;
780;88-75-5;o-Nitrophenol;o-Nitrophenol;73.92149091;Alcohol
781;1072-05-5;2,6-Dimethylheptane;2,6-DIMETHYLHEPTANE;115.7023;Alkane
782;1653-19-6;2,3-Dichloro-1,3-butadiene;;;
783;110-61-2;1,2-Dicyanoethane;SUCCINONITRILE;97.1445;(Iso)Nitril
784;1072-16-8;2,7-Dimethyloctane;2,7-DIMETHYLOCTANE;115.7023;Alkane
785;2801-86-7;7,8-Dimethyltetradecane;;;
786;1640-89-7;Ethylcyclopentane;ETHYLCYCLOPENTANE;115.7023;Alkane
787;3875-51-2;Isopropylcyclopentane;ISOPROPYLCYCLOPENTANE;115.7023;Alkane
788;2040-95-1;Butylcyclopentane;N-BUTYLCYCLOPENTANE;115.7023;Alkane
789;4457-00-5;Hexylcyclopentane;N-HEXYLCYCLOPENTANE;115.7023;Alkane
790;4810-01-9;2-Cyclopentyloctane;;;
791;2980-70-3;1,4-Dicyclopentylbutane;;;
792;91-17-8;Decalin <Isomer not specified>;;;
793;25340-17-4;Diethylbenzene <Isomer not specified>;;;
794;3982-67-0;1-Ethyl-2,4,6-trimethylbenzene;;;
795;4810-04-2;1-Propyl-2,4,6-trimethylbenzene;;;
796;4810-05-3;1-Allyl-2,4,6-trimethylbenzene;;;
797;4810-06-4;2-Phenyl-2,4,6-trimethylheptane;;;
798;4809-94-3;1-Methyl-2-phenylcyclopentane;;;
799;4810-07-5;1-Ethyl-2-phenylcyclopentane;;;
800;563-78-0;2,3-Dimethyl-1-butene;2,3-DIMETHYL-1-BUTENE;116.2898667;Alkene
801;112-05-0;Nonanoic acid;N-NONANOIC_ACID;95.58288333;Acids
802;95-50-1;o-Dichlorobenzene;O-DICHLOROBENZENE;114.1621;Aromatics
803;108-44-1;m-Methylaniline;M-TOLUIDINE;111.83242;Amine
804;14321-27-8;Benzylethylamine;;;
805;613-84-3;2-Hydroxy-5-methylbenzaldehyde;;;
806;15174-69-3;4-Hydroxy-3-methylbenzaldehyde;;;
807;41438-18-0;4-Hydroxy-2-methylbenzaldehyde;;;
808;90-02-8;Salicylaldehyde;Salicylaldehyde;92.61662;Other
809;90-05-1;2-Methoxyphenol;GUAIACOL;103.10768;no_class_defined_in_mainclasses.txt
810;95-57-8;o-Chlorophenol;O-CHLOROPHENOL;102.6677222;no_class_defined_in_mainclasses.txt
811;108-43-0;m-Chlorophenol;M-CHLOROPHENOL;102.6677222;no_class_defined_in_mainclasses.txt
812;106-48-9;p-Chlorophenol;P-CHLOROPHENOL;102.6677222;no_class_defined_in_mainclasses.txt
813;626-67-5;N-Methylpiperidine;N-Methylpiperidine;101.3862714;Other
814;766-09-6;N-Ethylpiperidine;;;
815;5470-02-0;N-Propylpiperidine;;;
816;123-54-6;2,4-Pentanedione;ACETYLACETONE;79.98958571;Carbonyl
817;108-46-3;1,3-Dihydroxybenzene <Resorcinol>;1,3-BENZENEDIOL;93.47222;Aromatics
818;529-21-5;3-Ethyl-4-methylpyridine;;;
819;141-82-2;Malonic acid;MALONIC_ACID;62.05052222;Acids
820;625-44-5;Methyl isobutyl ether;METHYL_ISOBUTYL_ETHER;112.3549833;Ether
821;6795-87-5;2-Methoxybutane;METHYL_SEC-BUTYL_ETHER;112.3549833;Ether
822;1634-04-4;Methyl tert-butyl ether (MTBE);METHYL_TERT-BUTYL_ETHER;112.3549833;Ether
823;591-93-5;1,4-Pentadiene;1,4-PENTADIENE;117.11246;Alkene
824;625-54-7;Ethyl isopropyl ether;ETHYL_ISOPROPYL_ETHER;112.3549833;Ether
825;557-40-4;Diallyl ether;;;
826;3070-53-9;1,6-Heptadiene;;;
827;557-17-5;Methyl propyl ether;METHYL_N-PROPYL_ETHER;111.68552;Ether
828;598-53-8;Methyl isopropyl ether;METHYL_ISOPROPYL_ETHER;111.68552;Ether
829;544-13-8;Glutaronitrile;GLUTARONITRILE;99.79561429;(Iso)Nitril
830;626-58-4;4-Methylpiperidine;;;
831;626-56-2;3-Methylpiperidine;;;
832;100-75-4;N-Nitrosopiperidine;1-NITROSOPIPERIDINE;83.4466875;otherNitrogenCompounds
833;103-84-4;Acetanilide;ACETANILIDE;98.50576364;Amide
834;2257-35-4;Trichloropropenoic acid;;;
835;111-96-6;Diethylene glycol dimethyl ether;DIETHYLENE_GLYCOL_DIMETHYL_ETHER;109.0076667;Ether
836;112-72-1;1-Tetradecanol;1-TETRADECANOL;108.4248938;Alcohol
837;109-05-7;2-Methylpiperidine;;;
838;1454-85-9;1-Heptadecanol;1-HEPTADECANOL;109.5739579;Alcohol
839;693-65-2;Dipentyl ether;DI-N-PENTYL_ETHER;113.8764909;Ether
841;2216-33-3;3-Methyloctane;3-METHYLOCTANE;115.7023;Alkane
842;2396-63-6;1,6-Heptadiyne;;;
843;2396-65-8;1,8-Nonadiyne;1,8-NONADIYNE;93.6431;Alkyne
844;2207-01-4;cis-1,2-Dimethylcyclohexane;CIS-1,2-DIMETHYLCYCLOHEXANE;115.7023;Alkane
845;142-29-0;Cyclopentene;CYCLOPENTENE;116.40738;Alkene
846;628-92-2;Cycloheptene;CYCLOHEPTENE;116.2059286;Alkene
847;591-49-1;1-Methylcyclohexene;1-Methylcyclohexene;116.2059286;Other
848;628-41-1;1,4-Cyclohexadiene;1,4-CYCLOHEXADIENE;116.8774333;Alkene
849;100-40-3;4-Ethenylcyclohexene;VINYLCYCLOHEXENE;116.58365;Alkene
850;4810-10-0;2-Methyl-1-phenylcyclopentene;;;
851;4810-11-1;5-Methyl-1-phenylcyclopentene;;;
852;4810-12-2;Propylidene cyclopentane;;;
853;121-46-0;Bicyclo[2.2.1]hepta-2,5-diene;;;
854;95-51-2;o-Chloroaniline;O-CHLOROANILINE;110.68753;no_class_defined_in_mainclasses.txt
855;108-42-9;m-Chloroaniline;M-CHLOROANILINE;110.68753;no_class_defined_in_mainclasses.txt
856;106-47-8;p-Chloroaniline;P-CHLOROANILINE;110.68753;no_class_defined_in_mainclasses.txt
857;88-74-4;o-Nitroaniline;O-NITROANILINE;83.00018333;no_class_defined_in_mainclasses.txt
858;99-09-2;m-Nitroaniline;M-NITROANILINE;83.00018333;no_class_defined_in_mainclasses.txt
859;100-01-6;p-Nitroaniline;P-NITROANILINE;83.00018333;no_class_defined_in_mainclasses.txt
860;533-17-5;o-Chloro acetanilide;;;
861;588-07-8;m-Chloro acetanilide;;;
862;539-03-7;p-Chloro acetanilide;;;
863;552-32-9;o-Nitroacetanilide;;;
864;122-28-1;m-Nitroacetanilide;;;
865;104-04-1;p-Nitroacetanilide;;;
866;103-82-2;Phenylacetic acid;;;
867;501-52-0;3-Phenyl propanoic acid;3-PHENYLPROPANOICACID;96.46423333;Acids
868;83-40-9;2-Hydroxy-3-methyl benzoic acid;;;
869;50-85-1;2-Hydroxy-4-methyl benzoic acid;;;
870;89-56-5;2-Hydroxy-5-methyl benzoic acid;;;
871;66-56-8;2,3-Dinitrophenol;;;
872;51-28-5;2,4-Dinitrophenol;;;
873;329-71-5;2,5-Dinitrophenol;;;
874;573-56-8;2,6-Dinitrophenol;;;
875;577-71-9;3,4-Dinitrophenol;;;
876;994-05-8;Methyl tert-amyl ether (TAME);METHYL_TERT-PENTYL_ETHER;112.8331714;Ether
877;13389-42-9;trans-2-Octene;TRANS-2-OCTENE;116.142975;Alkene
878;14919-01-8;trans-3-Octene;TRANS-3-OCTENE;116.142975;Alkene
879;14850-23-8;trans-4-Octene;TRANS-4-OCTENE;116.142975;Alkene
880;6434-78-2;trans-2-Nonene;;;
881;20063-92-7;trans-3-Nonene;;;
882;10405-85-3;trans-4-Nonene;TRANS-4-NONENE;116.0940111;Alkene
883;2738-19-4;2-Methyl-2-hexene;;;
884;627-97-4;2-Methyl-2-heptene;;;
885;95-92-1;Diethyl oxalate;DIETHYL_OXALATE;86.68662;Ester
886;13031-32-8;Nitrotrideuteromethane;;;
887;7789-20-0;Deuterium oxide <Heavy water>;;;
888;5989-27-5;D-(+)-Limonene;D-LIMONENE;116.40738;Alkene
889;142-92-7;Hexyl acetate;N-HEXYL_ACETATE;101.19446;Ester
890;496-11-7;Indane  <Hydrindene>;INDANE;116.8774333;Alkane
891;575-41-7;1,3-Dimethylnaphthalene;;;
892;571-58-4;1,4-Dimethylnaphthalene;;;
893;629-76-5;1-Pentadecanol;1-PENTADECANOL;108.8529765;Alcohol
894;111-42-2;2,2'-Diethanolamine (DEA);DIETHANOLAMINE;84.94024;no_class_defined_in_mainclasses.txt
895;110-67-8;3-Methoxy propionitrile;3-METHOXYPROPIONITRILE;103.0760833;no_class_defined_in_mainclasses.txt
896;624-24-8;Methyl valerate;Methyl_pentanoate;97.5675;Other
897;539-82-2;Ethyl valerate;ETHYL-PENTANOATE;99.58247778;Ester
898;591-68-4;Butyl valerate;N-BUTYL_VALERATE;102.5133545;Ester
899;638-11-9;Isopropyl butyrate;;;
903;5966-51-8;1,3-Bis(dimethylamino)-2-propanol;;;
905;1190-76-7;cis-Crotonitrile;CIS-CROTONITRILE;105.2727;no_class_defined_in_mainclasses.txt
906;109-75-1;Allylcyanide;VINYLACETONITRILE;105.2727;no_class_defined_in_mainclasses.txt
911;75-37-6;1,1-Difluoroethane [R152a];1,1-DIFLUOROETHANE;84.31705;HalogenatedHydrocarbon
913;75-08-1;Ethanethiol;ETHYL_MERCAPTAN;;Thiol
914;354-58-5;1,1,1-Trichloro-2,2,2-trifluoro ethane [R113a];1,1,1-TRICHLOROTRIFLUOROETHANE;87.870025;HalogenatedHydrocarbon
919;17092-80-7;1-Methyl-3-isopropenyl-1-cyclohexene;;;
925;120-12-7;Anthracene;ANTHRACENE;117.465;Aromatics
927;85-01-8;Phenanthrene;PHENANTHRENE;117.465;Aromatics
933;35656-02-1;Methylene tetrahydropyran;Methylene_tetrahydropyran;113.3368;Other
934;589-62-8;4-Octanol;4-Octanol;104.05845;Alcohol
935;589-98-0;3-Octanol;3-Octanol;104.05845;Alcohol
936;123-96-6;2-Octanol;2-OCTANOL;104.05845;Alcohol
945;95-68-1;2,4-Dimethylaniline;;;
946;102-82-9;Tributylamine;Tributylamine;107.9936692;Amine
950;87-68-3;Hexachlorobutadiene (cis and/or trans);HEXACHLORO-1,3-BUTADIENE;109.53804;no_class_defined_in_mainclasses.txt
951;67-72-1;Perchloroethane;HEXACHLOROETHANE;107.115625;no_class_defined_in_mainclasses.txt
952;502-44-3;epsilon-Caprolactone;EPSILON-CAPROLACTONE;97.5675;Ester
953;2765-18-6;1-Propyl naphthalene;1-N-PROPYLNAPHTHALENE;117.0582231;Alkane
954;1077-16-3;Hexylbenzene;N-HEXYLBENZENE;116.58365;Alkane
955;79-06-1;Acrylamide;ACRYLAMIDE;91.31028571;Amide
956;109-74-0;Butanenitrile;N-BUTYRONITRILE;104.56762;(Iso)Nitril
957;2837-89-0;1-Chloro-1,2,2,2-tetrafluoroethane [R124];2-CHLORO-1,1,1,2-TETRAFLUOROETHANE;78.19788571;HalogenatedHydrocarbon
961;87-61-6;1,2,3-Trichlorobenzene;1,2,3-TRICHLOROBENZENE;113.0611333;Aromatics
962;77-76-9;2,2-Dimethoxypropane;2,2-Dimethoxypropane;109.9640429;Other
967;100-60-7;N-Methylcyclohexylamine;N-METHYLCYCLOHEXYLAMINE;107.3974556;Amine
970;112-58-3;Dihexyl ether;DI-N-HEXYL_ETHER;114.1573846;Ether
971;542-55-2;Isobutyl formate;ISOBUTYL_FORMATE;94.97681429;Ester
972;112-06-1;Heptyl acetate;N-HEPTYL_ACETATE;102.5133545;Ester
976;111-13-7;2-Octanone;2-OCTANONE;101.8140222;Carbonyl
977;105-30-6;2-Methyl-1-pentanol;2-METHYL-1-PENTANOL;101.1474875;Alcohol
978;75-11-6;Diiodomethane;DIIODOMETHANE;;HalogenatedHydrocarbon
979;102-69-2;Tripropylamine;TRIPROPYLAMINE;105.68108;Amine
980;108-22-5;Isopropenyl acetate;Isopropenyl_acetate;95.48044286;Other
982;811-98-3;Perdeuteromethanol;;;
984;538-68-1;Pentylbenzene;N-PENTYLBENZENE;116.6637727;Alkane
988;77-90-7;Citric acid,acetyl,tributyl ester;;;
995;123-20-6;Vinyl butyrate;Vinyl_butyrate;98.008175;Other
996;105-38-4;Vinyl propionate;VINYL_PROPIONATE;95.48044286;no_class_defined_in_mainclasses.txt
997;1078-71-3;Heptylbenzene;N-HEPTYLBENZENE;116.5158538;Alkane
998;2876-53-1;1-Hexyl naphthalene;1-N-HEXYLNAPHTHALENE;116.8039875;Alkane
1000;7756-94-7;Triisobutylene;;;
1001;102-71-6;Triethanolamine (TEA);TRIETHANOLAMINE;81.12324615;no_class_defined_in_mainclasses.txt
1002;95-15-8;Benzo(b)thiophene;BENZOTHIOPHENE;;no_class_defined_in_mainclasses.txt
1003;4513-53-5;2-Cyanoethyl methacrylate;;;
1004;109-78-4;Ethylene cyanohydrin;HYDRACRYLONITRILE;87.01698333;no_class_defined_in_mainclasses.txt
1005;77-78-1;Dimethyl sulfate;DIMETHYL_SULFATE;;no_class_defined_in_mainclasses.txt
1006;90-04-0;o-Anisidine;;;
1007;103-83-3;Benzyl dimethylamine;;;
1008;110-15-6;Succinic acid;SUCCINIC_ACID;67.4157;Acids
1009;156-43-4;p-Phenetidine;P-PHENETIDINE;110.8037417;no_class_defined_in_mainclasses.txt
1011;97-53-0;Eugenol;;;
1012;100-71-0;2-Ethylpyridine;;;
1014;75-73-0;Tetrafluoromethane [R14];CARBON_TETRAFLUORIDE;65.4859;HalogenatedHydrocarbon
1015;7688-21-3;cis-2-Hexene;CIS-2-HEXENE;116.2898667;Alkene
1023;111-01-3;Squalane;SQUALANE;115.7023;Alkane
1024;140-29-4;Benzylcyanide;PHENYLACETONITRILE;110.6915;(Iso)Nitril
1030;4050-45-7;trans-2-Hexene;TRANS-2-HEXENE;116.2898667;Alkene
1031;13269-52-8;trans-3-Hexene;TRANS-3-HEXENE;116.2898667;Alkene
1033;14686-13-6;trans-2-Heptene;TRANS-2-HEPTENE;116.2059286;Alkene
1035;271-89-6;Coumarone;;;
1036;407-25-0;Trifluoroacetic anhydride;;;
1037;103-79-7;Phenylacetone;;;
1038;2550-26-7;4-Phenyl-2-butanone;4-Phenyl-2-butanone;105.3006364;Carbonyl
1039;462-95-3;Diethoxymethane;ETHYLAL;109.9640429;Ether
1040;105-57-7;1,1-Diethoxyethane;ACETAL;110.681325;Ether
1049;75-87-6;2,2,2-Trichloroacetaldehyde;TRICHLOROACETALDEHYDE;89.14543333;no_class_defined_in_mainclasses.txt
1050;124-38-9;Carbon dioxide;CARBON_DIOXIDE;14.6531;someGases
1051;74-82-8;Methane;METHANE;115.7023;no_class_defined_in_mainclasses.txt
1052;7782-44-7;Oxygen;;;
1053;74-85-1;Ethylene;ETHYLENE;117.465;Alkene
1054;74-84-0;Ethane;ETHANE;115.7023;Alkane
1055;115-07-1;Propylene;PROPYLENE;116.8774333;Alkene
1056;7727-37-9;Nitrogen;;;
1057;630-08-0;Carbon monoxide;CARBON_MONOXIDE;-11.0549;someGases
1058;7440-37-1;Argon;;;
1060;7439-90-9;Krypton;;;
1061;10024-97-2;Dinitrogen monoxide;;;
1062;7440-63-3;Xenon;;;
1063;1333-74-0;Hydrogen;HYDROGEN;;no_classes_defined_in_substances.txt
1064;74-86-2;Ethyne;ACETYLENE;66.0691;Alkyne
1065;7783-06-4;Hydrogen sulfide;HYDROGEN_SULFIDE;;someGases
1072;420-46-2;1,1,1-Trifluoroethane [R143a];1,1,1-TRIFLUOROETHANE;78.04;HalogenatedHydrocarbon
1073;75-46-7;Fluoroform [R23];TRIFLUOROMETHANE;68.624425;HalogenatedHydrocarbon
1074;625-55-8;Isopropyl formate;;;
1075;120-51-4;Benzyl benzoate;BENZYL_BENZOATE;107.956925;Ester
1079;497-26-7;2-Methyl-1,3-dioxolane;;;
1081;2916-31-6;2,2-Dimethyl-1,3-dioxolane;;;
1084;3710-30-3;1,7-Octadiene;1,7-Octadiene;116.58365;Other
1086;75-89-8;2,2,2-Trifluoroethanol;2,2,2-TRIFLUOROETHANOL;72.16658571;no_class_defined_in_mainclasses.txt
1087;106-35-4;3-Heptanone;3-HEPTANONE;100.0779875;Carbonyl
1090;590-35-2;2,2-Dimethylpentane;2,2-DIMETHYLPENTANE;115.7023;Alkane
1091;75-35-4;1,1-Dichloroethylene;1,1-DICHLOROETHYLENE;110.8592;no_class_defined_in_mainclasses.txt
1094;589-53-7;4-Methylheptane;4-METHYLHEPTANE;115.7023;Alkane
1099;540-88-5;tert-Butyl acetate;TERT-BUTYL_ACETATE;97.5675;Ester
1101;591-22-0;3,5-Dimethylpyridine;3,5-Dimethylpyridine;112.91955;Other
1104;2207-04-7;trans-1,4-Dimethylcyclohexane;TRANS-1,4-DIMETHYLCYCLOHEXANE;115.7023;Alkane
1108;544-01-4;Diisopentyl ether;Diisopentyl_ether;113.8764909;Ether
1112;1116-76-3;Trioctylamine;;;
1118;13475-82-6;2,2,4,6,6-Pentamethylheptane;;;
1119;4390-04-9;2,2,4,4,6,8,8-Heptamethylnonane;2,2,4,4,6,8,8-HEPTAMETHYLNONANE;115.7023;Alkane
1120;372-38-3;1,3,5-Trifluorobenzene;;;
1121;367-11-3;1,2-Difluorobenzene;;;
1122;372-18-9;1,3-Difluorobenzene;;;
1123;540-36-3;1,4-Difluorobenzene;1,4-Difluorobenzene;101.3317;Aromatics
1125;2367-82-0;1,2,3,5-Tetrafluorobenzene;;;
1126;327-54-8;1,2,4,5-Tetrafluorobenzene;;;
1127;363-72-4;Pentafluorobenzene;Pentafluorobenzene;88.13172727;Aromatics
1130;593-45-3;Octadecane;N-OCTADECANE;115.7023;Alkane
1134;110-56-5;1,4-Dichlorobutane;1,4-DICHLOROBUTANE;111.886;HalogenatedHydrocarbon
1135;628-76-2;1,5-Dichloropentane;1,5-DICHLOROPENTANE;112.4311857;HalogenatedHydrocarbon
1136;2163-00-0;1,6-Dichlorohexane;;;
1140;1187-58-2;N-Methyl propanamide;N-Methyl_propanamide;87.16828571;Other
1143;107-88-0;1,3-Butanediol;1,3-BUTANEDIOL;86.592675;Alcohol
1144;108-85-0;Bromocyclohexane;Bromocyclohexane;;HalogenatedHydrocarbon
1145;110-59-8;Pentanenitrile;VALERONITRILE;106.4234;(Iso)Nitril
1146;126-73-8;Tributyl phosphate;;;
1147;111-86-4;1-Octanamine;N-OCTYLAMINE;111.2227545;Amine
1148;2016-57-1;N-Decylamine;N-DECYLAMINE;111.9119154;Amine
1150;75-18-3;Dimethyl sulfide;DIMETHYL_SULFIDE;;Thioether
1151;1076-43-3;Perdeuterobenzene;;;
1152;1735-17-7;Perdeuterocyclohexane;;;
1153;112-70-9;n-Tridecanol;1-TRIDECANOL;107.9397333;Alcohol
1158;75-10-5;Difluoromethane [R32];DIFLUOROMETHANE;73.8553;HalogenatedHydrocarbon
1159;74-97-5;Bromochloromethane [R30B1];BROMOCHLOROMETHANE;;HalogenatedHydrocarbon
1160;616-45-5;2-Pyrrolidone;2-PYRROLIDONE;87.16828571;Amide
1166;3489-42-7;Trichloropentaerythritol butyrate;;;
1167;3843-83-2;Dichloropentaerythritol dibutyrate;;;
1168;106-49-0;p-Methylaniline;P-TOLUIDINE;111.83242;Amine
1169;83-32-9;Acenaphthene;ACENAPHTHENE;117.1712167;Alkane
1170;98-54-4;4-tert-Butylphenol;P-TERT-BUTYLPHENOL;106.8804417;Aromatics
1171;918-02-5;N,N-Dimethyl-tert.butylamine;N,N-Dimethyl-tert.butylamine;101.3862714;Amine
1180;616-23-9;2,3-Dichloro-1-propanol;2,3-DICHLORO-1-PROPANOL;95.79711429;no_class_defined_in_mainclasses.txt
1184;105-53-3;Diethyl malonate;DIETHYL_MALONATE;89.32440909;Ester
1185;123-25-1;Diethyl succinate;DIETHYL_SUCCINATE;91.52256667;Ester
1186;1119-40-0;Dimethyl glutarate;Dimethyl_glutarate;89.32440909;Other
1187;818-38-2;Diethyl glutarate;;;
1188;2050-20-6;Heptanedioic acid,diethyl ester;;;
1189;110-40-7;Diethyl sebacate;;;
1190;90-13-1;1-Chloronaphthalene;1-CHLORONAPHTHALENE;116.2639455;Aromatics
1194;75-69-4;Trichlorofluoromethane [R11];TRICHLOROFLUOROMETHANE;96.27886;HalogenatedHydrocarbon
1195;141-05-9;Diethyl maleate;DIETHYL_MALEATE;91.81635;Ester
1204;111-25-1;1-Bromohexane;;;
1206;95-87-4;2,5-Dimethylphenol;2,5-XYLENOL;105.11607;Aromatics
1207;95-65-8;3,4-Dimethylphenol;3,4-XYLENOL;105.11607;Aromatics
1208;541-73-1;m-Dichlorobenzene;M-DICHLOROBENZENE;114.1621;Aromatics
1209;78-10-4;Tetraethoxysilane;Tetraethoxysilane;;Other
1212;92-94-4;p-Terphenyl;P-TERPHENYL;117.465;Alkane
1213;538-93-2;Isobutylbenzene;ISOBUTYLBENZENE;116.75992;Alkane
1216;40573-09-9;Perfluoro(methoxypropylvinyl)ether;;;
1218;5582-82-1;3-Methyl-3-heptanol;;;
1220;76-16-4;Hexafluoroethane [R116];HEXAFLUOROETHANE;68.624425;HalogenatedHydrocarbon
1222;101-41-7;Methyl phenylacetate;;;
1223;4394-85-8;N-Formylmorpholine;4-FORMYLMORPHOLINE;85.040975;no_class_defined_in_mainclasses.txt
1224;354-33-6;Pentafluoroethane [R125];PENTAFLUOROETHANE;70.86622857;HalogenatedHydrocarbon
1228;117-84-0;Phthalic acid dioctyl ester;Phthalic_acid_dioctyl_ester;105.7172786;Acids
1232;116-09-6;1-Hydroxy-2-propanone;ACETOL;75.46346667;no_class_defined_in_mainclasses.txt
1233;626-38-0;Acetic acid, 1-methylbutyl ester;;;
1236;353-59-3;Bromochlorodifluoromethane [R12B1];BROMOCHLORODIFLUOROMETHANE;;HalogenatedHydrocarbon
1240;638-68-6;Triacontane;;;
1241;592-27-8;2-Methylheptane;2-METHYLHEPTANE;115.7023;Alkane
1242;562-49-2;3,3-Dimethylpentane;3,3-DIMETHYLPENTANE;115.7023;Alkane
1243;630-02-4;Octacosane;;;
1246;78-82-0;Isobutyronitrile;ISOBUTYRONITRILE;104.56762;(Iso)Nitril
1248;627-91-8;Monomethyl adipate;;;
1249;627-93-0;Dimethyl adipate;DIMETHYL-ADIPATE;91.52256667;Ester
1250;111-61-5;Octadecanoic acid ethyl ester;Octadecanoic_acid_ethyl_ester;109.1078273;Acids
1251;110-58-7;1-Aminopentane;N-PENTYLAMINE;109.542925;Amine
1253;666-52-4;Perdeutero-2-propanone;;;
1255;544-40-1;Dibutylsulfide;DI-N-BUTYL_SULFIDE;;Thioether
1260;624-92-0;Dimethyl disulfide;DIMETHYL_DISULFIDE;;no_class_defined_in_mainclasses.txt
1263;103-69-5;N-Ethylaniline;N-ETHYLANILINE;109.28556;Amine
1264;100-46-9;alpha-Aminotoluene;BENZYLAMINE;111.83242;Amine
1267;629-14-1;1,2-Diethoxyethane;1,2-DIETHOXYETHANE;110.681325;Ether
1269;598-56-1;Dimethyl ethyl amine;Dimethyl_ethyl_amine;95.65986;Amine
1270;927-62-8;Butyl dimethyl amine;N,N-DIMETHYL-N-BUTYLAMINE;101.3862714;Amine
1271;543-59-9;1-Chloropentane;1-CHLOROPENTANE;113.79415;HalogenatedHydrocarbon
1272;646-31-1;Tetracosane;N-TETRACOSANE;115.7023;Alkane
1273;630-06-8;Hexatriacontane;;;
1274;544-85-4;Dotriacontane;;;
1276;110-12-3;5-Methyl-2-hexanone;5-METHYL-2-HEXANONE;100.0779875;Carbonyl
1279;590-73-8;2,2-Dimethylhexane;2,2-DIMETHYLHEXANE;115.7023;Alkane
1280;2216-34-4;4-Methyloctane;4-METHYLOCTANE;115.7023;Alkane
1281;16747-26-5;2,2,4-Trimethylhexane;2,2,4-TRIMETHYLHEXANE;115.7023;Alkane
1282;1069-53-0;2,3,5-Trimethylhexane;;;
1283;592-13-2;2,5-Dimethylhexane;2,5-DIMETHYLHEXANE;115.7023;Alkane
1284;23433-07-0;1,3-Nonanediol;;;
1285;112-60-7;Tetraethylene glycol;TETRAETHYLENE_GLYCOL;96.16038667;no_class_defined_in_mainclasses.txt
1286;75-98-9;Pivalic acid;NEOPENTANOIC_ACID;85.523175;Acids
1287;55109-62-1;2-Butyl-1,3-octanediol;;;
1288;6628-65-5;2-Propyl-1,3-heptanediol;;;
1289;69201-96-3;2,4-Dimethyl-2,4-nonanediol;;;
1290;7177-01-7;2,4-Dimethyl-2,4-octanediol;;;
1291;77-99-6;2-Ethyl-2-hydroxymethyl-1,3-propanediol;TRIMETHYLOLPROPANE;86.592675;Alcohol
1292;7440-59-7;Helium;;;
1293;7440-01-9;Neon;;;
1294;2551-62-4;Sulfur hexafluoride;;;
1295;100-00-5;4-Chloronitrobenzene;P-CHLORONITROBENZENE;80.24237;no_class_defined_in_mainclasses.txt
1296;121-73-3;3-Chloronitrobenzene;M-CHLORONITROBENZENE;80.24237;no_class_defined_in_mainclasses.txt
1297;88-73-3;2-Chloronitrobenzene;O-CHLORONITROBENZENE;80.24237;no_class_defined_in_mainclasses.txt
1298;645-62-5;2-Ethyl-2-hexenal;2-ETHYL-2-HEXENAL;102.2057333;Carbonyl
1300;7446-09-5;Sulfur dioxide;SULFUR_DIOXIDE;;someGases
1301;112-12-9;2-Undecanone;;;
1306;512-56-1;Trimethyl phosphate;TRIMETHYL_PHOSPHATE;;no_class_defined_in_mainclasses.txt
1309;661-19-8;1-Docosanol;1-Docosanol;110.8506958;Alcohol
1312;97-95-0;2-Ethyl-1-butanol;2-ETHYL-1-BUTANOL;101.1474875;Alcohol
1315;589-92-4;4-Methylcyclohexanone;4-Methylcyclohexanone;100.0779875;Carbonyl
1317;502-42-1;Cycloheptanone;;;
1319;109-92-2;Ethyl vinyl ether;ETHYL_VINYL_ETHER;112.3906;no_class_defined_in_mainclasses.txt
1325;821-55-6;2-Nonanone;2-NONANONE;103.20285;Carbonyl
1329;109-97-7;Pyrrole;PYRROLE;104.4201667;Aromatics
1336;124-12-9;Octanenitrile;;;
1337;111-34-2;Butyl vinyl ether;BUTYL_VINYL_ETHER;113.3368;no_class_defined_in_mainclasses.txt
1338;698-87-3;1-Phenyl-2-propanol;1-PHENYL-2-PROPANOL;106.0784545;Alcohol
1340;10034-85-2;Hydrogen iodide;HYDROGEN_IODIDE;;Acids
1341;591-50-4;Iodobenzene;IODOBENZENE;;Aromatics
1342;111-83-1;1-Bromooctane;;;
1348;76-19-7;Perfluoropropane [R218];OCTAFLUOROPROPANE;70.05102727;HalogenatedHydrocarbon
1349;98-07-7;1',1',1'-Trichlorotoluene;BENZOTRICHLORIDE;113.32525;HalogenatedHydrocarbon
1352;7782-39-0;Deuterium;;;
1358;2696-92-6;Nitrosylchloride;;;
1365;1484-87-3;3,3,5-Trimethyl-n-hexanol;;;
1366;122-97-4;3-Phenyl-1-propanol;3-PHENYL-1-PROPANOL;106.0784545;Alcohol
1367;105-46-4;sec-Butyl acetate;SEC-BUTYL_ACETATE;97.5675;Ester
1368;122-79-2;Acetic acid phenyl ester;Acetic_acid_phenyl_ester;102.25208;Acids
1372;542-58-5;2-Chloroethyl acetate;;;
1379;105-39-5;Chloroacetic acid ethyl ester;ETHYLCHLOROACETATE;93.34125714;no_class_defined_in_mainclasses.txt
1381;293-96-9;Cyclodecane;;;
1384;95-46-5;2-Bromotoluene;;;
1394;111-15-9;Ethylene glycol monoethyl ether acetate;2-ETHOXYETHYL_ACETATE;97.35093333;no_class_defined_in_mainclasses.txt
1395;39734-93-5;4-Methyl-4-hydroxyethyl-1,3-dioxane;4-Methyl-4-hydroxyethyl-1,3-dioxane;101.4653636;Other
1399;1120-36-1;1-Tetradecene;1-TETRADECENE;115.9541143;Alkene
1400;112-37-8;Undecanoic acid;N-UNDECANOIC_ACID;98.45708571;Acids
1401;126-30-7;2,2-Dimethyl-1,3-propanediol;NEOPENTYL_GLYCOL;89.82707778;Alcohol
1402;1921-70-6;2,6,10,14-Tetramethylpentadecane;;;
1403;583-53-9;o-Dibromobenzene;;;
1404;108-36-1;m-Dibromobenzene;M-DIBROMOBENZENE;;Aromatics
1409;637-92-3;Ethyl tert-butyl ether (ETBE);TERT-BUTYL_ETHYL_ETHER;112.8331714;Ether
1413;353-36-6;Fluoroethane [R161];ETHYL_FLUORIDE;94.7788;HalogenatedHydrocarbon
1414;3132-64-7;Epibromohydrin;;;
1415;95-16-9;Benzothiazole;BENZOTHIAZOLE;;no_class_defined_in_mainclasses.txt
1416;628-90-0;Dimethylene glycol dimethyl ether;;;
1418;75-68-3;1-Chloro-1,1-difluoroethane [R142b];1-CHLORO-1,1-DIFLUOROETHANE;88.30432;HalogenatedHydrocarbon
1419;124-22-1;Dodecylamine;N-DODECYLAMINE;112.4173;Amine
1420;14762-55-1;Helium-3;;;
1422;10544-72-6;Dinitrogen tetroxide;NITROGEN_TETROXIDE;20.839;otherNitrogenCompounds
1426;103-50-4;Dibenzyl ether;DIBENZYL_ETHER;115.7735333;Ether
1435;682-01-9;Propyl silicate;;;
1439;629-04-9;1-Bromoheptane;1-BROMOHEPTANE;;HalogenatedHydrocarbon
1440;593-53-3;Methyl fluoride [R41];METHYL_FLUORIDE;84.31705;HalogenatedHydrocarbon
1450;25414-22-6;2-Methoxyfuran;;;
1465;108-29-2;Tetrahydro-5-methyl-2-furanone;GAMMA-VALEROLACTONE;94.97681429;Ester
1466;298-07-7;Bis(2-ethylhexyl) phosphate;;;
1478;20721-78-2;N-Methyl-3-morpholinone;;;
1479;19836-78-3;N-Methyl-2-oxazolidinone;;;
1481;3672-60-4;N-Acetyloxazolidine;;;
1491;335-99-9;1,1,7-Trihydroperfluoro-1-heptanol;;;
1492;355-80-6;1,1,5-Trihydroperfluoro-1-pentanol;;;
1500;622-97-9;p-Methyl-styrene;P-METHYLSTYRENE;117.2691444;Alkene
1501;611-14-3;1-Ethyl-2-methylbenzene;O-ETHYLTOLUENE;116.8774333;Alkane
1503;622-96-8;1-Ethyl-4-methylbenzene;P-ETHYLTOLUENE;116.8774333;Alkane
1512;141-93-5;1,3-Diethylbenzene;M-DIETHYLBENZENE;116.75992;Alkane
1513;105-05-5;1,4-Diethylbenzene;P-DIETHYLBENZENE;116.75992;Alkane
1514;527-84-4;2-Isopropyltoluene;O-CYMENE;116.75992;Alkane
1515;535-77-3;3-Isopropyltoluene;M-CYMENE;116.75992;Alkane
1528;573-98-8;1,2-Dimethyl naphthalene;1,2-Dimethyl_naphthalene;117.1712167;Other
1531;575-37-1;1,7-Dimethyl naphthalene;;;
1532;581-40-8;2,3-Dimethyl naphthalene;;;
1533;581-42-0;2,6-Dimethyl naphthalene;2,6-DIMETHYLNAPHTHALENE;117.1712167;Alkane
1535;939-27-5;2-Ethyl naphthalene;2-ETHYLNAPHTHALENE;117.1712167;Alkane
1538;591-47-9;4-Methylcyclohexene;;;
1540;2207-03-6;trans-1,3-Dimethyl cyclohexane;TRANS-1,3-DIMETHYLCYCLOHEXANE;115.7023;Alkane
1542;624-29-3;cis-1,4-Dimethyl cyclohexane;CIS-1,4-DIMETHYLCYCLOHEXANE;115.7023;Alkane
1547;583-61-9;2,3-Dimethylpyridine;;;
1548;589-93-5;2,5-Dimethylpyridine;;;
1549;536-78-7;3-Ethylpyridine;3-Ethylpyridine;112.91955;Other
1550;536-75-4;4-Ethylpyridine;;;
1551;620-22-4;m-Toluonitrile <m-Cyanotoluene>;;;
1552;104-85-8;p-Toluonitrile <p-Cyanotoluene>;;;
1553;87-59-2;2,3-Dimethylaniline;;;
1554;108-69-0;3,5-Dimethylaniline;;;
1555;589-16-2;4-Ethyl aniline;;;
1556;776-35-2;9,10-Dihydrophenanthrene;;;
1560;1198-37-4;2,4-Dimethyl quinoline;;;
1562;110-87-2;2,3-Dihydro-4H-pyran;;;
1563;123-07-9;4-Ethylphenol;P-ETHYLPHENOL;105.11607;Aromatics
1564;90-00-6;2-Ethylphenol;O-ETHYLPHENOL;105.11607;Aromatics
1567;554-14-3;2-Methyl thiophene;2-METHYLTHIOPHENE;;no_class_defined_in_mainclasses.txt
1568;616-44-4;3-Methyl thiophene;3-METHYLTHIOPHENE;;no_class_defined_in_mainclasses.txt
1573;108-98-5;Benzenethiol;PHENYL_MERCAPTAN;;Thiol
1585;99-62-7;1,3-Diisopropylbenzene;M-DIISOPROPYLBENZENE;116.58365;Alkane
1594;129-00-0;Pyrene;PYRENE;117.465;Aromatics
1599;84-15-1;o-Terphenyl;O-TERPHENYL;117.465;Alkane
1602;50-32-8;Benzo[a]pyrene;;;
1605;6876-23-9;trans-1,2-Dimethylcyclohexane;TRANS-1,2-DIMETHYLCYCLOHEXANE;115.7023;Alkane
1623;109-08-0;2-Methyl pyrazine;2-Methyl_pyrazine;107.8308429;Other
1624;625-84-3;2,5-Dimethyl pyrrole;;;
1625;102-76-1;1,2,3-Propanetriol-triacetate;GLYCERYL_TRIACETATE;86.68662;Ester
1626;529-19-1;o-Tolunitrile;;;
1627;120-72-9;Indole;INDOLE;109.6381;Aromatics
1631;95-78-3;2,5-Dimethylaniline;;;
1632;87-62-7;2,6-Dimethylaniline;;;
1633;578-54-1;2-Ethylaniline;O-ETHYLANILINE;112.1842273;Amine
1636;635-46-1;1,2,3,4-Tetrahydroquinoline;;;
1637;611-32-5;8-Methylquinoline;;;
1638;134-32-7;1-Aminonaphthalene;1-Naphthylamine;113.2678385;Amine
1641;260-94-6;Acridine;ACRIDINE;115.1194143;Aromatics
1642;123-31-9;1,4-Dihydroxybenzene;P-HYDROQUINONE;93.47222;Aromatics
1643;620-17-7;3-Ethylphenol;M-ETHYLPHENOL;105.11607;Aromatics
1644;60-12-8;2-Phenylethanol;2-PHENYLETHANOL;105.11607;Alcohol
1645;87-66-1;1,2,3-Trihydroxybenzene;1,2,3-BENZENETRIOL;87.474025;Aromatics
1648;644-35-9;2-Propylphenol;;;
1661;698-71-5;3-Ethyl-5-methyl phenol;;;
1662;697-82-5;2,3,5-Trimethylphenol;;;
1666;139-66-2;Phenylsulfide;;;
1670;1470-94-6;2,3-Dihydro-1H-inden-5-ol;;;
1676;1708-29-8;2,5-Dihydrofuran;2,5-DIHYDROFURAN;112.3906;no_class_defined_in_mainclasses.txt
1678;132-65-0;Dibenzothiophene;DIBENZOTHIOPHENE;;no_class_defined_in_mainclasses.txt
1706;109-77-3;Malonic acid dinitrile;MALONONITRILE;93.43294;(Iso)Nitril
1709;105-58-8;Carbonic acid diethyl ester;DIETHYL_CARBONATE;95.0570125;Carbonate
1711;131-11-3;Phthalic acid dimethyl ester;DIMETHYL_PHTHALATE;95.73225714;Ester
1713;96-49-1;Ethylene carbonate;ETHYLENE_CARBONATE;88.17525;Carbonate
1715;3741-38-6;Ethylene sulfite <Glycol sulfite>;;;
1716;107-14-2;Monochloroacetonitrile;;;
1721;93-55-0;Ethyl phenyl ketone;Ethyl_phenyl_ketone;104.26047;Carbonyl
1723;104-92-7;4-Bromoanisole;;;
1726;111-20-6;Decanedioic acid;SEBACIC_ACID;85.523175;Acids
1732;96-23-1;1,3-Dichloro-2-propanol;1,3-Dichloro-2-propanol;95.79711429;Alcohol
1733;632-22-4;1,1,3,3-Tetramethyl urea;1,1,3,3-Tetramethyl_urea;75.0249375;Other
1738;131-16-8;Phthalic acid dipropyl ester;DI-N-PROPYL_PHTHALATE;100.1700444;Ester
1739;84-69-5;Phthalic acid diisobutyl ester;DIISOBUTYL_PHTHALATE;101.72327;Ester
1750;111-02-4;Squalene;;;
1754;106-65-0;Dimethyl succinate;;;
1755;99-35-4;1,3,5-Trinitrobenzene;1,3,5-TRINITROBENZENE;45.66206;otherNitrogenCompounds
1757;624-48-6;Dimethylmaleate;DIMETHYL_MALEATE;87.03916;Ester
1759;623-91-6;Diethyl fumarate;;;
1762;106-32-1;Octanoic acid ethyl ester;ETHYL-OCTANOATE;103.6124333;Ester
1764;112-24-3;Triethylenetetramine;TRIETHYLENETETRAMINE;100.199975;Amine
1769;124-48-1;Dibromochloromethane [R20B2];;;
1777;542-76-7;beta-Chloropropionitrile;;;
1780;1120-71-4;1,3-Propanesultone;1,3-Propanesultone;;Carbonyl
1793;90-11-9;1-Bromonaphthalene;1-BROMONAPHTHALENE;;Aromatics
1810;2244-16-8;(S)-(+)-Carvone;;;
1814;1330-78-5;Tricresyl phosphate <Mixture of o,m,p Isomers>;Tricresyl_phosphate;;Other
1816;605-45-8;Phthalic acid diisopropyl ester;;;
1817;131-17-9;Phthalic acid diallyl ester;;;
1833;100-45-8;4-Cyanocyclohexene;;;
1839;929-06-6;Diglycolamine (DGA);2-AMINOETHOXYETHANOL;97.12256;no_classes_defined_in_substances.txt
1840;141-03-7;Dibutyl succinate;;;
1859;109-76-2;1,3-Diaminopropane;1,3-PROPANEDIAMINE;104.7523;Amine
1862;26761-40-0;Diisodecylphthalate;;;
1874;616-24-0;1-Ethylpropylamine;;;
1877;104-72-3;1-Phenyldecane;N-DECYLBENZENE;116.3633125;Alkane
1878;123-01-3;1-Phenyldodecane;N-DODECYLBENZENE;116.2898667;Alkane
1879;1459-10-5;1-Phenyltetradecane;N-TETRADECYLBENZENE;116.23111;Alkane
1880;2131-18-2;1-Phenylpentadecane;N-PENTADECYLBENZENE;116.2059286;Alkane
1882;131-18-0;Di-n-amylphthalate;;;
1883;105-76-0;Di-n-butylmaleate;DIBUTYL_MALEATE;97.7878375;Ester
1887;2591-86-8;N-Formylpiperidine;;;
1894;111-16-0;Heptanedioic acid;PIMELIC_ACID;78.55876154;Acids
1895;108-59-8;Dimethyl malonate;;;
1896;694-80-4;2-Chlorobromobenzene;;;
1899;103-49-1;Dibenzylamine;;;
1905;589-55-9;4-Heptanol;;;
1906;589-82-2;3-Heptanol;;;
1907;543-49-7;2-Heptanol;2-HEPTANOL;102.7646889;Alcohol
1910;629-06-1;1-Chloroheptane;;;
1912;544-10-5;1-Chlorohexane;1-CHLOROHEXANE;114.0667429;HalogenatedHydrocarbon
1914;375-96-2;Perfluorononane;;;
1915;760-20-3;3-Methyl-1-pentene;3-METHYL-1-PENTENE;116.2898667;Alkene
1917;1678-93-9;n-Butylcyclohexane;N-BUTYLCYCLOHEXANE;115.7023;Alkane
1922;872-55-9;2-Ethylthiophene;2-Ethylthiophene;;Thiol
1931;75-27-4;Bromodichloromethane [R20B1];;;
1932;106-39-8;4-Chlorobromobenzene;;;
1933;108-37-2;3-Chlorobromobenzene;;;
1934;109-79-5;n-Butylmercaptan;N-BUTYL_MERCAPTAN;;Thiol
1936;513-53-1;sec-Butylmercaptan;SEC-BUTYL_MERCAPTAN;;Thiol
1937;75-30-9;2-Iodopropane;ISOPROPYL_IODIDE;;HalogenatedHydrocarbon
1938;536-74-3;Phenylacetylene;ETHYNYLBENZENE;104.616025;Alkyne
1947;121-14-2;2,4-Dinitrotoluene;2,4-DINITROTOLUENE;62.09637692;otherNitrogenCompounds
1948;97-00-7;2,4-Dinitrochlorobenzene;1-CHLORO-2,4-DINITROBENZENE;61.21569231;no_class_defined_in_mainclasses.txt
1951;118-96-7;2,4,6-Trinitrotoluene;2,4,6-TRINITROTOLUENE;50.039575;otherNitrogenCompounds
1952;103-33-3;Azobenzene;;;
1953;104-94-9;p-Anisidine;;;
1968;504-29-0;2-Aminopyridine;2-AMINOPYRIDINE;107.7537444;no_class_defined_in_mainclasses.txt
1990;2556-73-2;N-Methylcaprolactam;N-Methylcaprolactam;90.67933333;Alcohol
1995;646-04-8;trans-2-Pentene;TRANS-2-PENTENE;116.40738;Alkene
2002;26637-68-3;Perfluorodimethylcyclohexane <Isomer not spec.>;;;
2013;111-31-9;Hexylmercaptan;N-HEXYL_MERCAPTAN;;Thiol
2017;3452-97-9;3,5,5-Trimethyl-1-hexanol;;;
2018;7446-11-9;Sulfur trioxide;Sulfur_trioxide;;Thiol
2023;638-49-3;Amyl formate;N-PENTYL_FORMATE;97.5675;Ester
2024;112-32-3;Formic acid octyl ester;N-OCTYL_FORMATE;102.5133545;Ester
2025;112-73-2;Diethylene glycol dibutyl ether;DIETHYLENE_GLYCOL_DI-N-BUTYL_ETHER;111.68552;Ether
2036;96-09-3;1,2-Epoxyethylbenzene;;;
2044;20441-64-9;Oxalic acid,didecyl ester;;;
2046;100-64-1;Cyclohexanone oxime;CYCLOHEXANONE_OXIME;99.50771111;otherNitrogenCompounds
2047;1653-30-1;2-Undecanol;;;
2068;7637-07-2;Boron trifluoride;;;
2069;10028-15-6;Ozone;;;
2077;111-68-2;Heptylamine;N-HEPTYLAMINE;110.7748;Amine
2087;33577-16-1;Methyl methylthiomethylsulfoxide;;;
2090;107-40-4;2,4,4-Trimethyl-2-pentene;2,4,4-TRIMETHYL-2-PENTENE;116.142975;Alkene
2092;13536-94-2;Deuterium sulfide;;;
2100;112-31-2;n-Decanal;DECANAL;104.3391636;Carbonyl
2101;374-07-2;1,1-Dichloro tetrafluoro ethane [R114a];1,1-DICHLOROTETRAFLUOROETHANE;81.454825;HalogenatedHydrocarbon
2102;107-08-4;1-Iodopropane;N-PROPYL_IODIDE;;HalogenatedHydrocarbon
2103;542-69-8;1-Iodobutane;N-BUTYL_IODIDE;;HalogenatedHydrocarbon
2105;4282-40-0;1-Iodoheptane;;;
2109;1731-84-6;Nonanoic acid methyl ester;;;
2125;78-70-6;Linalool (racemic mixture);Linalool;106.5866583;Alcohol
2126;106-25-2;cis-3,7-Dimethyl-2,6-octadien-1-ol;;;
2128;106-22-9;Citronellol;;;
2130;106-23-0;3,7-Dimethyl-6-octenal;;;
2131;106-24-1;trans-3,7-Dimethyl-2,6-octadien-1-ol;;;
2132;115-95-7;3,7-Dimethyl-1,6-octadien-3-ol-acetate;;;
2134;547-63-7;2-Methylpropanoic acid methyl ester;METHYL_ISOBUTYRATE;94.97681429;Ester
2139;78-46-6;Butanephosphonic acid,dibutyl ester;;;
2165;122-78-1;Phenylacetaldehyde;;;
2166;104-53-0;Benzylacetaldehyde;;;
2179;617-94-7;2-Phenyl-2-propanol;2-PHENYL-2-PROPANOL;106.0784545;Alcohol
2182;423-55-2;Perfluorooctyl bromide;;;
2185;123-66-0;Hexanoic acid ethyl ester;ETHYL-HEXANOATE;101.19446;Ester
2186;110-97-4;Diisopropanolamine (DIPA);DIISOPROPANOLAMINE;90.06725;no_class_defined_in_mainclasses.txt
2187;105-59-9;Methyldiethanolamine (MDEA);METHYL_DIETHANOLAMINE;82.39338;no_class_defined_in_mainclasses.txt
2188;122-96-3;N,N'-Bis(2-hydroxyethyl)-piperazine;;;
2190;80-73-9;1,3-Dimethylimidazolidin-2-one;1,3-Dimethylimidazolidin-2-one;75.0249375;Alcohol
2201;57-13-6;Urea;Urea;87.7592375;Other
2211;1000-63-1;Butyl tert-butyl ether;Butyl_tert-butyl_ether;113.4707556;Ether
2215;593-70-4;Chlorofluoromethane [R31];CHLOROFLUOROMETHANE;90.9625;HalogenatedHydrocarbon
2218;6742-54-7;1-Phenylundecane;N-UNDECYLBENZENE;116.3244294;Alkane
2232;556-82-1;3-Methyl-2-buten-1-ol;3-Methyl-2-buten-1-ol;99.57185714;Alcohol
2235;107-98-2;1-Methoxy-2-propanol;PROPYLENE_GLYCOL_MONOMETHYL_ETHER;96.1991;no_class_defined_in_mainclasses.txt
2241;91-16-7;1,2-Dimethoxybenzene;1,2-Dimethoxybenzene;112.74314;Aromatics
2242;143-24-8;Tetraethylene glycol dimethyl ether;TETRAETHYLENE_GLYCOL_DIMETHYL_ETHER;109.0076667;Ether
2245;7664-38-2;Phosphoric acid;PHOSPHORIC_ACID;;no_classes_defined_in_substances.txt
2247;10038-98-9;Tetrachlorogermane;;;
2248;638-53-9;Tridecanoic acid;N-TRIDECANOIC_ACID;100.6127375;Acids
2258;127-17-3;Pyruvic acid [2-oxo-Propionic acid];PYRUVIC_ACID;63.35551429;no_class_defined_in_mainclasses.txt
2268;926-63-6;N,N-Dimethyl propyl amine;;;
2272;931-88-4;Cyclooctene <Isomer not specified>;CYCLOOCTENE;116.142975;Alkene
2281;17455-13-9;18-Crown-6 (18C6);;;
2285;1589-47-5;2-Methoxy-1-propanol;2-METHOXY_PROPANOL-1;96.1991;no_class_defined_in_mainclasses.txt
2289;624-16-8;4-Decanone;;;
2290;547-64-8;Methyl lactate;METHYL_LACTATE;83.0126875;no_class_defined_in_mainclasses.txt
2291;97-64-3;Ethyl lactate;ETHYL_LACTATE;86.64486667;no_class_defined_in_mainclasses.txt
2293;76-09-5;2,3-Dimethyl-2,3-butanediol;;;
2294;470-82-6;1,8-Cineole;1,8-Cineole;113.8764909;Alcohol
2295;4516-69-2;1,1,3-Trimethylcyclopentane;1,1,3-TRIMETHYLCYCLOPENTANE;115.7023;Alkane
2296;96-34-4;Methyl chloroacetate;METHYL_CHLOROACETATE;89.61441667;no_class_defined_in_mainclasses.txt
2307;97-62-1;Ethyl isobutyrate;ETHYL_ISOBUTYRATE;97.5675;Ester
2317;540-42-1;Isobutyl propionate;;;
2319;97-85-8;Isobutyl isobutyrate;ISOBUTYL_ISOBUTYRATE;101.19446;Ester
2325;105-68-0;Isoamyl propionate;Isoamyl_propionate;101.19446;Other
2326;106-27-4;Isoamyl butyrate;;;
2331;104-57-4;Benzyl formate;BENZYL_FORMATE;102.25208;Ester
2341;98-55-5;p-Menth-1-en-8-ol;;;
2343;79-05-0;Propionamide;;;
2344;99-85-4;.gamma.-Terpinene;GAMMA-TERPINENE;116.40738;Alkene
2345;103-36-6;(cis/trans)-Ethyl cinnamate;;;
2347;89-83-8;Thymol;;;
2351;106-37-6;p-Dibromobenzene;;;
2357;541-31-1;3-Methyl-1-butanethiol;;;
2360;93-15-2;4-Allyl-1,2-dimethoxybenzene;;;
2365;94-70-2;o-Phenetidine;;;
2367;814-78-8;Methyl isopropenyl ketone;METHYL_ISOPROPENYL_KETONE;95.45745;Carbonyl
2368;104-93-8;4-Methoxy-toluene;;;
2375;21368-68-3;DL-Camphor;;;
2378;79-08-3;Bromoacetic acid;;;
2381;2807-30-9;Ethylene glycol monopropyl ether;ETHYLENE_GLYCOL_MONOPROPYL_ETHER;98.637;no_class_defined_in_mainclasses.txt
2382;542-59-6;Glycol monoacetate;Glycol_monoacetate;83.0126875;Alcohol
2384;4435-53-4;3-Methoxy-butyl acetate;;;
2385;6915-15-7;DL-Malic acid;MALIC_ACID;65.76025833;no_class_defined_in_mainclasses.txt
2386;100-83-4;3-Hydroxybenzaldehyde;;;
2387;123-08-0;4-Hydroxybenzaldehyde;P-HYDROXYBENZALDEHYDE;92.61662;no_class_defined_in_mainclasses.txt
2393;811-97-2;1,1,1,2-Tetrafluoroethane [R134a];1,1,1,2-TETRAFLUOROETHANE;73.8553;HalogenatedHydrocarbon
2394;7787-71-5;Bromine trifluoride;;;
2395;97-87-0;Butyl isobutyrate;;;
2397;7154-80-5;3,3,5-Trimethylheptane;3,3,5-TRIMETHYLHEPTANE;115.7023;Alkane
2406;123-95-5;n-Butyl octadecanoate;N-BUTYL_STEARATE;109.6573667;Ester
2422;7783-81-5;Uranium hexafluoride;;;
2423;7790-91-2;Chlorine trifluoride;Chlorine_trifluoride;65.7622;HalogenatedHydrocarbon
2425;7446-70-0;Aluminum chloride;;;
2431;51-79-6;Ethyl carbamate <Urethane>;;;
2433;499-75-2;Carvacrol;;;
2446;2021-28-5;Ethyl 3-phenylpropionate;;;
2451;919-94-8;Ethyl tert-amyl ether;ETHYL_TERT-PENTYL_ETHER;113.1918125;Ether
2452;504-03-0;2,6-Dimethylpiperidine;;;
2465;104-54-1;Cinnamic alcohol;;;
2467;622-08-2;Ethylene glycol monobenzyl ether;;;
2472;106-30-9;Ethyl heptanoate;;;
2473;123-29-5;Nonanoic acid ethyl ester;ETHYL-NONANOATE;104.5424231;Ester
2475;107-11-9;3-Amino-1-propene;ALLYLAMINE;108.0773667;no_class_defined_in_mainclasses.txt
2476;106-73-0;Methyl heptanoate;Methyl_heptanoate;101.19446;Other
2477;123-76-2;Levulinic acid;LEVULINIC_ACID;74.98813333;no_class_defined_in_mainclasses.txt
2481;637-78-5;Isopropyl propionate;Isopropyl_propionate;97.5675;Other
2485;1717-00-6;1,1-Dichloro-1-fluoroethane [R141b];1,1-DICHLORO-1-FLUOROETHANE;98.56864;HalogenatedHydrocarbon
2487;1806-54-8;Trioctyl phosphate;;;
2491;589-35-5;3-Methyl-1-pentanol;3-METHYL-1-PENTANOL;101.1474875;Alcohol
2492;626-89-1;4-Methyl-1-pentanol;;;
2494;624-95-3;3,3-Dimethyl-1-butanol;;;
2499;95-64-7;3,4-Dimethylaniline;;;
2504;110-96-3;Diisobutylamine;DIISOBUTYLAMINE;108.22794;Amine
2506;150-19-6;3-Methoxyphenol;;;
2518;2037-26-5;Octadeuterotoluene;;;
2520;569-41-5;1,8-Dimethylnaphthalene;;;
2527;2131-41-1;1,4,5-Trimethylnaphthalene;;;
2537;99-49-0;Carvone <Mixture of isomers>;;;
2568;589-91-3;4-Methylcyclohexanol <Isomer not specified>;;;
2574;645-56-7;4-Propylphenol;;;
2575;88-69-7;2-Isopropylphenol;;;
2577;527-60-6;2,4,6-Trimethylphenol;2,4,6-Trimethylphenol;106.0784545;Alcohol
2578;1638-22-8;4-Butylphenol;;;
2587;94-96-2;2-Ethyl-1,3-hexanediol;;;
2593;922-63-4;2-Ethylpropenal;;;
2594;529-20-4;o-Tolylaldehyde;O-TOLUALDEHYDE;102.9891556;Carbonyl
2601;122-57-6;4-Phenyl-3-buten-2-one;;;
2602;693-54-9;2-Decanone;;;
2610;118-90-1;o-Toluic acid;O-TOLUIC_ACID;94.71531818;Acids
2611;99-04-7;m-Toluic acid;M-TOLUIC_ACID;94.71531818;Acids
2612;99-94-5;p-Toluic acid;P-TOLUIC_ACID;94.71531818;Acids
2628;60-33-3;Linoleic acid;LINOLEIC_ACID;104.5412429;no_class_defined_in_mainclasses.txt
2631;115702-75-5;Tripropylene glycol dibutyl ether;;;
2641;97-86-9;Isobutyl methacrylate;ISOBUTYL_METHACRYLATE;101.547;Ester
2658;5162-44-7;4-Bromo-1-butene;;;
2661;2051-61-8;3-Chlorobiphenyl;3-CHLOROBIPHENYL(PCB_2);116.4487231;Aromatics
2664;124-02-7;Diallyl amine;DIALLYLAMINE;107.2407;no_class_defined_in_mainclasses.txt
2667;123-82-0;2-Aminoheptane;;;
2676;104-75-6;1-Amino-2-ethylhexane;;;
2689;102-70-5;Triallyl amine;TRIALLYLAMINE;106.7387;no_class_defined_in_mainclasses.txt
2746;542-54-1;4-Methylpentanenitrile;;;
2748;645-59-0;3-Phenylpropionitrile;;;
2754;103-70-8;N-Phenylformamide;FORMANILIDE;96.78611;Amide
2770;102-09-0;Diphenyl carbonate;;;
2773;634-66-2;1,2,3,4-Tetrachlorobenzene;1,2,3,4-TETRACHLOROBENZENE;112.18036;Aromatics
2779;34883-39-1;2,5-Dichlorobiphenyl;2,5-DICHLOROBIPHENYL(PCB_9);115.5776286;Aromatics
2818;78-88-6;2,3-Dichloropropene;2,3-DICHLOROPROPENE;111.82782;no_class_defined_in_mainclasses.txt
2820;95-94-3;1,2,4,5-Tetrachlorobenzene;;;
2824;112-26-5;1,8-Dichloro-3,6-dioxaoctane;;;
2840;1739-84-0;1,2-Dimethyl imidazole;;;
2843;598-99-2;Methyl trichloroacetate;;;
2845;112-15-2;Diethylene glycol monoethyl ether acetate;DIETHYLENE_GLYCOL_ETHYL_ETHER_ACETATE;100.2651167;no_class_defined_in_mainclasses.txt
2850;766-51-8;Methoxy 2-chlorobenzene;;;
2851;2845-89-8;Methoxy 3-chlorobenzene;;;
2852;578-57-4;2-Bromoanisole;;;
2855;124-17-4;Diethylene glycol monobutyl ether acetate;DIETHYLENE_GLYCOL_MONOBUTYL_ETHER_ACETATE;102.4704286;no_class_defined_in_mainclasses.txt
2867;591-23-1;3-Methylcyclohexanol <Isomer not specified>;;;
2874;589-90-2;1,4-Dimethylcyclohexane <Isomer not specified>;;;
2881;108-82-7;2,6-Dimethyl-4-heptanol;2,6-DIMETHYL-4-HEPTANOL;105.1169818;Alcohol
2882;2430-22-0;7-Methyl-1-octanol;;;
2883;89-72-5;2-sec-Butylphenol;;;
2886;111-40-0;Diethylenetriamine;DIETHYLENETRIAMINE;101.2611667;Amine
2887;3445-11-2;N-(2-Hydroxyethyl)-2-pyrrolidone;;;
2888;52788-79-1;Diethylene glycol tert-butyl methyl ether;;;
2890;88917-22-0;Dipropylene glycol methyl ether acetate;DIPROPYLENE_GLYCOL_MONOMETHYL_ETHER_ACETATE;101.4525923;no_class_defined_in_mainclasses.txt
2891;122-99-6;2-Phenoxy-ethanol;;;
2892;112-25-4;Ethylene glycol monohexyl ether;2-HEXOXYETHANOL;103.2911727;no_class_defined_in_mainclasses.txt
2895;29387-86-8;Propylene glycol monobutyl ether (Isomer not specified);;;
2896;30136-13-1;Propylene glycol mono-n-propyl ether <Isomer not specified>;;;
2897;1623-05-8;Perfluoro (propyl vinyl) ether;;;
2901;630-01-3;Hexacosane;N-HEXACOSANE;115.7023;Alkane
2909;7787-20-4;(-)-Fenchone;;;
2925;7601-90-3;Perchloric acid;Perchloric_acid;31.00913333;Acids
2929;558-30-5;2,2-Dimethyloxirane;1,2-EPOXY-2-METHYLPROPANE;111.68552;Epoxy
2938;355-25-9;Perfluorobutane;DECAFLUOROBUTANE;70.86622857;HalogenatedHydrocarbon
2939;150-76-5;p-Methoxyphenol;P-METHOXYPHENOL;103.10768;no_class_defined_in_mainclasses.txt
2940;99-76-3;Methyl p-hydroxybenzoate;METHYL-P-HYDROXYBENZOATE;94.790575;no_class_defined_in_mainclasses.txt
2941;120-47-8;Ethyl p-hydroxybenzoate;ETHYL-4-HYDROXYBENZOATE;96.39916923;no_class_defined_in_mainclasses.txt
2945;591-27-5;3-Hydroxyaniline;;;
2947;82-68-8;Pentachloronitrobenzene;;;
2960;87-86-5;Pentachlorophenol;;;
2967;109-70-6;1-Bromo-3-chloropropane;;;
2968;345-35-7;o-Fluorobenzylchloride;;;
2969;456-42-8;m-Fluorobenzylchloride;;;
2970;112-48-1;Ethylene glycol di-n-butyl ether;;;
2971;112-59-4;Diethylene glycol n-hexyl ether;2-(2-HEXOXYETHOXY)ETHANOL;104.5161357;no_class_defined_in_mainclasses.txt
2978;122-80-5;p-Aminoacetanilide;;;
2992;2162-98-3;1,10-Dichlorodecane;;;
3013;111-24-0;1,5-Dibromopentane;;;
3014;629-03-8;1,6-Dibromohexane;;;
3016;110-52-1;1,4-Dibromobutane;;;
3021;109-04-6;2-Bromopyridine;;;
3028;525-66-6;Propanolol;;;
3030;5153-63-9;Pyridine acetate <C5H5N*C2H4O2>;;;
3031;927-56-0;Valeric acid,4-oxo,nitrile;;;
3032;629-41-4;1,8-Octanediol;;;
3037;623-12-1;4-Chlorophenyl methyl ether;;;
3051;306-83-2;1,1-Dichloro-2,2,2-trifluoroethane [R123];2,2-DICHLORO-1,1,1-TRIFLUOROETHANE;85.52954286;HalogenatedHydrocarbon
3053;106-33-2;Dodecanoic acid ethyl ester;ETHYL-DODECANOATE;106.6349;Ester
3054;822-06-0;Hexamethylene diisocyanate;Hexamethylene_diisocyanate;81.12465;Other
3055;1320-67-8;Propylene glycol monomethyl ether (Isomer not specified);;;
3061;1563-90-2;N,N-Dibutylacetamide;;;
3062;16238-16-7;N,N-Dipentylacetamide;;;
3064;88-14-2;2-Furancarboxylic acid;;;
3065;110-94-1;1,5-Pentanedioic acid;GLUTARIC_ACID;71.80539091;Acids
3066;88-99-3;Phthalic acid;PHTHALIC_ACID;81.96731429;Acids
3069;124-04-9;Adipic acid;ADIPIC_ACID;75.46346667;Acids
3072;1002-84-2;n-Pentadecanoic acid;N-PENTADECANOIC_ACID;102.2893556;Acids
3073;506-12-7;Margarinic acid;N-HEPTADECANOIC_ACID;103.63065;Acids
3074;505-48-6;Octanedioic acid;SUBERIC_ACID;81.21187143;Acids
3075;123-99-9;1,9-Nonanedioic acid;AZELAIC_ACID;83.51123333;Acids
3076;1731-94-8;Nonadecanoic acid methyl ester;;;
3079;58-08-2;Caffeine;CAFFEINE;74.52994286;no_classes_defined_in_substances.txt
3083;103-11-7;2-Ethylhexyl acrylate;2-ETHYLHEXYL_ACRYLATE;104.8136077;Ester
3092;123-32-0;2,5-Dimethylpyrazine;;;
3094;308-48-5;Perfluoro-di-n-butylether;;;
3095;142-04-1;Aniline hydrochloride;;;
3098;24800-44-0;Tripropylene glycol;TRIPROPYLENE_GLYCOL;97.49931333;no_class_defined_in_mainclasses.txt
3102;2639-63-6;Butanoic acid hexyl ester;;;
3103;5870-93-9;Butanoic acid heptyl ester;;;
3104;1551-44-6;Butanoic acid cyclohexyl ester;;;
3105;5451-92-3;Formic acid nonyl ester;N-NONYL_FORMATE;103.6124333;Ester
3106;63283-80-7;2,2'-Oxybis(dichloro)propane;;;
3107;4091-39-8;3-Chloro-2-butanone;;;
3108;5891-21-4;5-Chloro-2-pentanone;5-Chloro-2-pentanone;96.21038571;Carbonyl
3109;623-56-3;5-Methyl-3-hexanone;;;
3110;541-85-5;5-Methyl-3-heptanone;;;
3111;106-68-3;3-Octanone;;;
3112;925-78-0;3-Nonanone;;;
3113;123-18-2;2,6,8-Trimethyl-4-nonanone;;;
3114;26093-63-0;3-Methyl tetrahydropyran;;;
3115;696-59-3;2,5-Dimethoxy tetrahydrofuran;;;
3116;7452-79-1;2-Methylbutanoic acid ethyl ester;;;
3118;5756-43-4;Ethyl hexyl ether;ETHYL_N-HEXYL_ETHER;113.4707556;Ether
3120;627-42-9;2-Chloroethyl methyl ether;;;
3123;629-96-9;1-Eicosanol;1-EICOSANOL;110.4096409;Alcohol
3124;128-37-0;2,6-Di-tert.butyl-4-methylphenol;2,6-DI-TERT-BUTYL-P-CRESOL;109.4751059;Aromatics
3125;2409-55-4;2-tert-Butyl-4-methylphenol;;;
3126;99-06-9;3-Hydroxy benzoic acid;3-HYDROXYBENZOIC-ACID;86.761025;no_class_defined_in_mainclasses.txt
3127;306-94-5;Perfluorodecalin <Isomer not specified>;Perfluorodecalin;75.34983571;HalogenatedHydrocarbon
3131;61836-76-8;1,4-Butanediol diformate;;;
3143;78-85-3;Methacrolein;METHACROLEIN;91.40848;Carbonyl
3146;545-06-2;Trichloroacetonitrile;;;
3148;470-67-7;1,4-Cineole;;;
3168;3073-66-3;1,1,3-Trimethylcyclohexane;;;
3169;929-37-3;Diethylene glycol monovinyl ether;;;
3208;496-15-1;2,3-Dihydroindole;;;
3209;138-22-7;n-Butyl lactate;N-BUTYL-LACTATE;91.92803636;no_class_defined_in_mainclasses.txt
3210;91009-00-6;Butyl diacetone ether;;;
3213;107-01-7;(cis/trans)-2-Butene;;;
3214;116-11-0;2-Methoxypropene;;;
3215;121-33-5;4-Hydroxy-3-methoxybenzaldehyde;VANILLIN;94.790575;no_classes_defined_in_substances.txt
3216;542-75-6;1,3-Dichloropropylene <Isomer not specified>;;;
3221;88-89-1;Picric acid;2,4,6-TRINITROPHENOL;47.05276471;no_class_defined_in_mainclasses.txt
3224;106-91-2;2,3-Epoxypropenyl methacrylate;;;
3225;135-01-3;1,2-Diethylbenzene;O-DIETHYLBENZENE;116.75992;Alkane
3233;51422-54-9;Ethylene glycol ethyl tert-butyl ether;Ethylene_glycol_ethyl_tert-butyl_ether;111.68552;Alcohol
3236;83-13-6;Diethyl phenylmalonate;;;
3237;609-08-5;Diethyl methylmalonate;;;
3245;17348-59-3;Isopropyl tert-butyl ether;Isopropyl_tert-butyl_ether;113.1918125;Ether
3250;626-23-3;Di-sec-butylamine;;;
3256;543-82-8;6-Methylheptan-2-amine;;;
3264;1643-19-2;Tetra-n-butylammonium bromide;;;
3265;428-59-1;1,2-Epoxy-perfluoropropylene;;;
3270;621-70-5;Hexanoic acid 1,2,3-propanetriyl ester;;;
3272;621-71-6;Decanoic acid 1,2,3-propanetriyl ester;;;
3273;538-24-9;Trilaurin;;;
3274;555-45-3;Tetradecanoic acid 1,2,3-propanetriyl ester;;;
3276;555-44-2;Tripalmitin;;;
3277;555-43-1;Tristearin;;;
3292;624-54-4;Amyl propionate;n-Pentyl_propanoate;101.19446;Other
3293;540-18-1;Amyl butyrate;;;
3310;7087-68-5;N,N-Diisopropylethylamine;;;
3312;124-06-1;Tetradecanoic acid ethyl ester;ETHYL-TETRADECANOATE;107.6423889;Ester
3313;628-97-7;Hexadecanoic acid ethyl ester;ETHYL-HEXADECANOATE;108.44838;Ester
3316;2050-23-9;Diethyl suberate;;;
3317;624-17-9;Diethyl azelate;;;
3318;116-54-1;Methyl dichloroacetate;;;
3326;107-45-9;1,1,3,3-Tetramethylbutylamine;;;
3330;1116-40-1;Triisobutylamine;;;
3336;288-32-4;1H-Imidazole;;;
3337;1888-71-7;Hexachloropropene;;;
3338;1732-09-8;Octanedioic acid dimethyl ester;;;
3339;134-81-6;Benzil;DIPHENYLGLYOXAL;101.4000125;Carbonyl
3340;115-17-3;Tribromoacetaldehyde;;;
3344;99-65-0;m-Dinitrobenzene;M-DINITROBENZENE;57.62921667;otherNitrogenCompounds
3345;7235-40-7;All-trans-beta-carotene;BETA-CAROTENE;116.671785;Alkene
3347;57-50-1;D-(+)-Saccharose;;;
3349;57-48-7;D-(-)-Fructose;D-(-)-Fructose;74.10306471;Other
3351;84-65-1;Anthraquinone;ANTHRAQUINONE;101.4000125;Carbonyl
3353;526-83-0;Tartaric acid;TARTARIC_ACID;64.5778;no_class_defined_in_mainclasses.txt
3354;25639-42-3;Methylcyclohexanol <Isomer not specified>;;;
3355;13127-88-3;Perdeuterophenol;;;
3363;10025-67-9;Sulfur monochloride;;;
3364;79-77-6;trans-beta-Ionone;;;
3366;7439-97-6;Mercury;;;
3369;497-39-2;4,6-Di-tert.butyl-3-methylphenol;;;
3410;717-74-8;1,3,5-Triisopropylbenzene;;;
3417;693-21-0;Diethylene glycol dinitrate;;;
3421;593-08-8;2-Tridecanone;;;
3435;2528-38-3;Tri-n-amyl phosphate;;;
3446;7378-99-6;N,N-Dimethyloctylamine;N,N-Dimethyloctylamine;106.5921;Amine
3450;7789-24-4;Lithium fluoride;;;
3464;609-36-9;DL-Proline;;;
3465;302-72-7;alpha-DL-Alanine;;;
3469;696-71-9;Cyclooctanol;;;
3470;87-69-4;L-(+)-Tartaric acid;;;
3471;7440-23-5;Sodium;;;
3472;7439-92-1;Lead;;;
3473;7681-82-5;Sodium iodide;;;
3474;13465-09-3;Indium tribromide;;;
3477;6192-44-5;2-Phenoxyethylacetate;;;
3501;6837-24-7;N-Cyclohexyl-2-pyrrolidone;;;
3505;111-62-6;(Z)-9-Octadecenoic acid ethyl ester;;;
3509;100-54-9;3-Cyanopyridine;NICOTINONITRILE;105.960375;no_class_defined_in_mainclasses.txt
3510;109-09-1;2-Chloropyridine;;;
3512;143-16-8;Dihexylamine;;;
3513;141-62-8;Decamethyltetrasiloxane;;;
3528;354-23-4;1,2-Dichloro-1,2,2-trifluoroethane [R123a];1,2-DICHLORO-1,1,2-TRIFLUOROETHANE;85.52954286;HalogenatedHydrocarbon
3530;13021-58-4;3-(1,3-Dimethylbutoxy)-1,2-propanediol;;;
3531;7429-90-5;Aluminum;;;
3532;591-21-9;1,3-Dimethylcyclohexane <Isomer not specified>;;;
3537;111-67-1;2-Octene;;;
3541;492-62-6;alpha-D-Glucose;;;
3542;623-84-7;1,2-Propyleneglycol diacetate;1,2-Propyleneglycol_diacetate;89.32440909;Alcohol
3544;134-20-3;Anthranilic acid methyl ester;;;
3558;108-65-6;Propylene glycol monomethyl ether acetate;PROPYLENE_GLYCOL_MONOMETHYL_ETHER_ACETATE;97.35093333;no_class_defined_in_mainclasses.txt
3559;770-35-4;1-Phenoxy-2-propanol;;;
3560;57018-52-7;1-tert-Butoxy-2-propanol;PROPYLENE_GLYCOL_1-TERT-BUTYL_ETHER;102.05006;no_class_defined_in_mainclasses.txt
3561;5131-66-8;1,2-Propylene glycol 1-monobutylether;;;
3565;105-72-6;Glycol dibutyrate;;;
3567;66728-50-5;Ethylene glycol tert-butyl methyl ether;;;
3570;140-66-9;4-(2,4,4-Trimethylpentan-2-yl)phenol;P-TERT-OCTYLPHENOL;109.0859063;Aromatics
3596;533-73-3;1,2,4-Trihydroxybenzene;;;
3597;108-73-6;1,3,5-Trihydroxybenzene;;;
3623;50-69-1;D-Ribose;;;
3656;10043-35-3;Boric acid;;;
3665;96-31-1;1,3-Dimethylurea;;;
3667;5343-92-0;1,2-Pentanediol;;;
3679;2040-96-2;Propylcyclopentane;N-PROPYLCYCLOPENTANE;115.7023;Alkane
3681;5911-04-6;3-Methylnonane;3-METHYLNONANE;115.7023;Alkane
3685;118-55-8;Salicylic acid phenyl ester;;;
3686;79-14-1;Glycolic acid;GLYCOLIC_ACID;64.5778;no_class_defined_in_mainclasses.txt
3705;696-30-0;4-Isopropylpyridine;;;
3706;597-64-8;Tetraethylstannane;;;
3708;3978-81-2;4-tert-Butylpyridine;;;
3709;702-16-9;5-Butyl-2-methyl-pyridine;;;
3710;1122-62-9;1-(2-Pyridinyl)ethanone;;;
3711;1193-12-0;3,3-Dimethylpiperidine;;;
3712;35794-11-7;3,5-Dimethylpiperidine;;;
3713;1484-80-6;2-Ethylpiperidine;;;
3715;98-11-3;Benzenesulfonic acid;;;
3717;104-15-4;p-Toluenesulfonic acid;;;
3724;56-41-7;L-Alanine;L-Alanine;83.40141111;Other
3725;56-45-1;L-Serine;;;
3728;112-99-2;Dioctadecylamine;;;
3729;56-40-6;Glycine;;;
3734;124-30-1;Octadecylamine;;;
3754;18720-62-2;2-Methyl-heptanol-3;;;
3755;2050-92-2;Dipentylamine;DIAMYLAMINE;109.4736667;Amine
3787;25167-70-8;2,4,4-Trimethylpentene;;;
3789;583-57-3;1,2-Dimethylcyclohexane <Isomer not specified>;;;
3797;1073-23-0;2,6-Dimethylpicoline-N-oxide;;;
3798;25961-89-1;2-(2-(2-(Hexyloxy)ethoxy)ethoxy)ethanol;;;
3803;584-03-2;1,2-Butanediol;1,2-BUTANEDIOL;86.592675;Alcohol
3808;10031-24-0;Tin bromide <SnBr2>;;;
3814;7704-34-9;Sulfur;;;
3820;6920-22-5;1,2-Hexanediol;;;
3829;625-30-9;(1-Methylbutyl)amine;;;
3834;20193-20-8;N-Ethylpropylamine;;;
3835;96-17-3;2-Methylbutyraldehyde;;;
3836;97-96-1;2-Ethylbutyraldehyde;;;
3837;123-15-9;2-Methylvaleraldehyde;;;
3838;19780-25-7;2-Ethylcrotonaldehyde;;;
3839;1070-66-2;2-Butylacrolein;;;
3840;123-05-7;2-Ethylhexanaldehyde;2-ETHYLHEXANAL;101.8140222;Carbonyl
3841;104-87-0;4-Methylbenzaldehyde;P-TOLUALDEHYDE;102.9891556;Carbonyl
3842;5435-64-3;3,5,5-Trimethylhexanaldehyde;;;
3843;112-44-7;Undecanaldehyde;UNDECANAL;105.2860917;Carbonyl
3844;112-54-9;Lauric aldehyde;DODECANAL;106.0873385;Carbonyl
3845;7003-32-9;(2-Methylcyclohexyl)amine;;;
3846;15901-42-5;(3,3,5-Trimethylcyclohexyl)amine;;;
3847;5400-88-4;(4-tert-Butylcyclohexyl)amine;;;
3848;10315-98-7;N-Isobutylmorpholine;;;
3849;4402-32-8;1-Diethylamino-2-propanol;;;
3850;3710-84-7;N-Hydroxydiethylamine;N,N-DIETHYLHYDROXYLAMINE;84.7522;otherNitrogenCompounds
3851;643-28-7;2-Isopropyl aniline;;;
3852;24549-06-2;6-Ethyl-toluidine;;;
3853;96-80-0;2-(Diisopropylamino)-ethanol;;;
3854;3529-09-7;1,2-Ethanediamine, N,N-dibutyl;;;
3855;102-83-0;1,3-Propanediamine, N,N-dibutyl-;;;
3856;111-18-2;1,6-Hexanediamine, N,N,N',N'-tetramethyl-;;;
3857;6728-26-3;trans-2-Hexenal;;;
3858;98-94-2;N,N-Dimethylcyclohexylamine;;;
3859;5459-93-8;Cyclohexanamine, N-ethyl-;;;
3861;91-65-6;Cyclohexanamine, N,N-diethyl-;;;
3865;110-85-0;Piperazine;PIPERAZINE;97.0164;Amine
3866;7553-56-2;Iodine;IODINE;;Halogen
3870;118-91-2;o-Chloro benzoic acid;O-CHLOROBENZOIC_ACID;93.67450909;no_class_defined_in_mainclasses.txt
3871;535-80-8;3-Chlorobenzoic acid;;;
3875;99-96-7;4-Hydroxy benzoic acid;4-HYDROXYBENZOIC-ACID;86.761025;no_class_defined_in_mainclasses.txt
3876;100-25-4;p-Dinitrobenzene;P-DINITROBENZENE;57.62921667;otherNitrogenCompounds
3880;552-16-9;2-Nitro benzoic acid;;;
3882;586-30-1;3-Hydroxy-4-methyl benzoic acid;;;
3885;18328-90-0;N-Ethyl(2-methylallyl)amine;N-ETHYL-2-METHYLALLYLAMINE;106.800025;no_class_defined_in_mainclasses.txt
3891;629-32-3;Methyl heptyl ether;;;
3898;628-77-3;1,5-Diiodopentane;;;
3900;144-62-7;Oxalic acid;Oxalic_acid;55.34405;Acids
3901;307-34-6;Perfluoro-n-octane;Perfluoro-n-octane;72.2458;HalogenatedHydrocarbon
3910;102-81-8;2-(Dibutylamino)ethanol;;;
3945;3822-68-2;Difluoromethoxytrifluoromethane;;;
3946;421-14-7;Trifluoromethoxymethane;;;
3948;628-99-9;2-Nonanol;2-NONANOL;105.1169818;Alcohol
3949;624-51-1;3-Nonanol;;;
3950;5932-79-6;4-Nonanol;;;
3957;14979-39-6;4-Methyl-3-heptanol;;;
3958;18720-65-5;5-Methyl-3-heptanol;;;
3967;2425-54-9;1-Chlorotetradecane;1-CHLOROTETRADECANE;114.93904;HalogenatedHydrocarbon
4018;3391-86-4;1-Octen-3-ol;;;
4024;90-43-7;2-Phenylphenol;;;
4098;1190-22-3;1,3-Dichlorobutane;;;
4101;598-98-1;Methyl 2,2-dimethylpropanoate;;;
4122;590-67-0;1-Methylcyclohexanol;1-METHYLCYCLOHEXANOL;102.7646889;Alcohol
4128;1310-58-3;Potassium hydroxide;;;
4135;693-98-1;2-Methyl-1H-imidazole;2-Methyl-1H-imidazole;101.3407286;Alcohol
4157;5500-21-0;Cyclopropyl cyanide;;;
4160;557-99-3;Acetyl fluoride;;;
4165;4635-87-4;1-Cyano-2-butene <Isomer not specified>;;;
4166;533-67-5;2-Deoxy-D-ribose;;;
4170;10102-44-0;Nitrogen dioxide;;;
4195;1007-26-7;1-Phenyl-2,2-dimethylpropane;;;
4198;616-21-7;1,2-Dichlorobutane;1,2-DICHLOROBUTANE;111.886;HalogenatedHydrocarbon
4214;7782-49-2;Selenium;;;
4215;12185-10-3;White Phosphorus;;;
4216;7758-95-4;Lead dichloride;;;
4232;13494-80-9;Tellurium;;;
4237;623-93-8;5-Nonanol;;;
4250;2049-95-8;2-Methyl-2-phenylbutane;;;
4259;359-13-7;2,2-Difluoroethanol;;;
4280;498-66-8;2-Norbornene;2-NORBORNENE;116.2059286;Alkene
4292;111109-77-4;Dipropylene glycol dimethyl ether;;;
4293;1838-08-0;Octadecylammonium chloride;;;
4295;7440-66-6;Zinc;;;
4296;77-92-9;Citric acid;CITRIC_ACID;66.24715294;no_class_defined_in_mainclasses.txt
4345;1484-84-0;2-Piperidineethanol (2pe);;;
4430;7440-50-8;Copper;;;
4440;626-26-6;Di-sec-butylsulfide;;;
4451;598-55-0;Methylcarbamate;Methylcarbamate;87.93752857;Other
4453;6135-31-5;N-Ethyl-methylcarbamate;;;
4468;7439-93-2;Lithium;;;
4474;625-25-2;2-Methyl-2-heptanol;;;
4475;56298-90-9;4-Methyl-2-heptanol;;;
4477;7212-53-5;5-Methyl-1-heptanol;;;
4478;54630-50-1;5-Methyl-2-heptanol;;;
4479;31367-46-1;3-Methyl-2-heptanol;;;
4480;21570-35-4;2-Methyl-4-heptanol;;;
4481;60435-70-3;2-Methyl-1-heptanol;;;
4482;4730-22-7;6-Methyl-2-heptanol;;;
4487;18720-66-6;6-Methyl-3-heptanol;;;
4489;590-29-4;Formic acid potassium salt;;;
4490;333-20-0;Potassium thiocyanate;;;
4491;7447-41-8;Lithium chloride;;;
4503;2168-93-6;Dibutyl sulfoxide;;;
4537;519-73-3;Triphenylmethane;TRIPHENYLMETHANE;117.3722263;Alkane
4543;104-55-2;Cinnamaldehyde <Isomer not specified>;Cinnamaldehyde;104.61301;Other
4558;1314-13-2;Zinc oxide;;;
4573;110-17-8;trans-2-Butenedioic acid;FUMARIC_ACID;67.76824;Acids
4574;110-16-7;Maleic acid;MALEIC_ACID;67.76824;Acids
4577;;Potassium chloride;;;
4590;7487-94-7;Mercury chloride;;;
4591;10108-64-2;Cadmium chloride;;;
4592;7718-54-9;Nickel chloride;;;
4618;7647-15-6;Sodium bromide;;;
4658;7440-09-7;Potassium;;;
4659;7440-17-7;Rubidium;;;
4680;110-38-3;Decanoic acid ethyl ester;ETHYL-DECANOATE;105.3395571;Ester
4681;434-64-0;Perfluorotoluene;;;
4684;3238-40-2;2,5-Furandicarboxylic acid;;;
4690;92-86-4;4,4'-Dibromobiphenyl;;;
4700;118-92-3;Anthranilic acid;2-Amino_benzoic_acid;94.1537;Acids
4736;90-14-2;1-Iodonaphthalene;;;
4744;71-00-1;L-Histidine;;;
4745;147-85-3;L-Proline;;;
4774;2445-76-3;Hexylpropanoate;;;
4775;99-34-3;3,5-Dinitro benzoic acid;;;
4776;50-78-2;Acetylsalicylic acid;ACETYLSALICYLIC_ACID;88.84978571;no_class_defined_in_mainclasses.txt
4777;100-09-4;4-Methoxy benzoic acid;P-ANISIC-ACID;94.790575;no_class_defined_in_mainclasses.txt
4782;120-61-6;Dimethyl terephthalate;DIMETHYL_TEREPHTHALATE;95.73225714;Ester
4790;3938-95-2;2,2-Dimethylpropanoic acid ethyl ester;;;
4792;7631-99-4;Sodium nitrate;;;
4793;7757-79-1;Potassium nitrate;;;
4795;3458-28-4;D-Mannose;;;
4797;88-12-0;1-Ethenyl-2-pyrrolidinone;;;
4801;58-86-6;D-Xylose;;;
4822;79-33-4;L(+)-Lactic acid;;;
4829;530-48-3;1,1-Diphenylethylene;;;
4855;88-06-2;2,4,6-Trichlorophenol;2,4,6-Trichlorophenol;102.9560273;Alcohol
4870;10102-03-1;Dinitrogen pentoxide;Dinitrogen_pentoxide;32.98715556;Other
4878;7789-67-5;Tin tetrabromide;;;
4881;13450-90-3;Gallium trichloride;;;
4882;504-60-9;1,3-Pentadiene;;;
4883;16302-35-5;4-Methyl-5,6-dihydro-2H-pyran;4-Methyl-5,6-dihydro-2H-pyran;113.3368;Other
4906;10191-41-0;DL-.alpha.-Tocopherol;;;
4907;10043-52-4;Calcium chloride;;;
4910;7773-01-5;Manganese dichloride;;;
4911;;Sodium chloride;;;
4913;764-47-6;n-Propyl-vinyl-ether;;;
4915;10476-85-4;Strontium dichloride;;;
4916;10361-37-2;Barium dichloride;;;
4918;13718-50-8;Barium diiodide;;;
4919;10022-31-8;Barium dinitrate;;;
4921;10553-31-8;Barium dibromide;;;
4923;7787-46-4;Beryllium dibromide;;;
4924;7787-47-5;Beryllium dichloride;;;
4928;7789-41-5;Calcium dibromide;;;
4935;7787-69-1;Cesium bromide;;;
4937;534-17-8;Cesium carbonate;;;
4938;;Cesium chloride;;;
4940;13400-13-0;Cesium fluoride;;;
4941;7789-17-5;Cesium iodide;;;
4942;10294-54-9;Cesium sulfate;;;
4946;7447-39-4;Copper-II-chloride <Cupric chloride>;;;
4951;7758-98-7;Copper-II-sulfate <Cupric sulfate>;;;
4953;7789-48-2;Magnesium bromide;;;
4955;7786-30-3;Magnesium chloride;;;
4959;10377-58-9;Magnesium iodide;;;
4960;7487-88-9;Magnesium sulfate;;;
4961;;Potassium bromide;;;
4962;584-08-7;Potassium carbonate;;;
4964;;Potassium fluoride;;;
4966;7778-80-5;Potassium sulfate;;;
4967;7550-35-8;Lithium bromide;;;
4969;1310-65-2;Lithium hydroxide;;;
4970;10377-51-2;Lithium iodide;;;
4971;7790-69-4;Lithium nitrate;;;
4972;10377-48-7;Lithium sulfate;;;
4979;7786-81-4;Nickel sulfate;;;
4981;7789-00-6;Potassium chromate;;;
4984;7789-39-1;Rubidium bromide;;;
4985;584-09-8;Rubidium carbonate;;;
4986;7791-11-9;Rubidium chloride;;;
4989;;Rubidium fluoride;;;
4990;7790-29-6;Rubidium iodide;;;
4991;13126-12-0;Rubidium nitrate;;;
4992;7488-54-2;Rubidium sulfate;;;
4995;7785-23-1;Silver bromide;;;
4999;7761-88-8;Silver nitrate;;;
5000;2798-72-3;5-Oxa-1-nonyne-3-ene;;;
5091;52663-66-8;2,2',3,3',4,5'-Hexachlorobiphenyl;2,2',3,3',4,5'-HEXACHLOROBIPHENYL(PCB_130);113.0611333;Aromatics
5093;52744-13-5;2,2',3,3',5,6'-Hexachlorobiphenyl;2,2',3,3',5,6'-HEXACHLOROBIPHENYL(PCB_135);113.0611333;Aromatics
5155;999-81-5;Halloween <Chlorocholine chloride>;;;
5177;10061-01-5;cis-1,3-Dichloro-1-propene;cis-1,3-Dichloro-1-propene;111.82782;HalogenatedHydrocarbon
5179;10061-02-6;trans-1,3-Dichloro-1-propene;trans-1,3-Dichloro-1-propene;111.82782;HalogenatedHydrocarbon
5220;73-24-5;Adenine;;;
5242;77-47-4;Perchlorocyclopentadiene;HEXACHLOROCYCLOPENTADIENE;110.0984273;no_class_defined_in_mainclasses.txt
5249;12057-24-8;Lithium oxide;;;
5287;1303-86-2;Boric oxide;;;
5303;51630-58-1;Fenkill;;;
5323;301-00-8;(Z,Z,Z)-9,12,15-Octadecatrienoic acid methyl ester;;;
5324;89-86-1;2,4-Dihydroxy benzoic acid;;;
5353;536-90-3;3-Methoxyaniline <m-Anisidine>;;;
5465;58-15-1;Aminopyrin;AMINOPYRINE;91.49468235;no_classes_defined_in_substances.txt
5470;25322-68-3;Polyethylene glycol 2000;;;
5498;112-38-9;10-Undecenoic acid;;;
5565;94-26-8;Butyl 4-hydroxybenzoate;BUTYL-4-HYDROXYBENZOATE;98.97292;no_class_defined_in_mainclasses.txt
5603;15687-27-1;(R,S)-Ibuprofen;IBUPROFEN;101.27375;Acids
5606;628-20-6;Butanenitrile, 4-chloro-;;;
5957;321-14-2;5-Chloro-2-hydroxy benzoic acid;;;
5961;76-57-3;Methylmorphine;CODEINE;105.1493913;no_classes_defined_in_substances.txt
6102;2404-73-1;Methyl-phosphonic acid dibutyl ester;;;
6185;615-42-9;o-Diiodobenzene;;;
6187;624-38-4;p-Diiodobenzene;;;
6189;615-41-8;Iodobenzene, 2-chloro-;;;
6190;625-99-0;Iodobenzene, 3-chloro-;;;
6220;2868-37-3;Methyl ester cyclopropanecarboxylic acid;;;
6259;3681-78-5;Dodecanoic acid, propyl ester;;;
6266;3376-35-0;o-Methyloxime 2-propanone;;;
6297;77078-19-4;Ethylene glycol-ethyl-sec.-butyl ether;;;
6304;497-19-8;Sodium carbonate;;;
6305;7775-11-3;Sodium chromate;;;
6307;;Sodium fluoride;;;
6308;1310-73-2;Sodium hydroxide;;;
6309;7440-31-5;Tin;;;
6311;7757-82-6;Sodium sulfate;;;
6312;1313-82-2;Sodium sulfide;;;
6315;7705-08-0;Iron(III) chloride;;;
6318;12124-97-9;Ammonium bromide;;;
6319;12125-02-9;Ammonium chloride;;;
6321;12027-06-4;Ammonium iodide;;;
6322;6484-52-2;Ammonium nitrate;;;
6324;1762-95-4;Ammonium thiocyanate;;;
6325;7783-20-2;Ammonium sulfate;;;
6326;10099-74-8;Lead nitrate;;;
6329;7681-11-0;Potassium iodide;;;
6330;127-08-2;Potassium acetate;;;
6331;127-09-3;Sodium acetate;;;
6332;546-89-4;Lithium acetate;;;
6337;7774-29-0;Mercury(II) iodide;;;
6340;10476-81-0;Strontium bromide;;;
6342;10476-86-5;Strontium iodide;;;
6343;10042-76-9;Strontium nitrate;;;
6345;10124-37-5;Calcium nitrate;;;
6346;7646-85-7;Zinc chloride;;;
6348;10139-47-6;Zinc iodide;;;
6351;7733-02-0;Zinc sulfate;;;
6353;7601-89-0;Sodium perchlorate;;;
6356;7778-77-0;Potassium dihydrogen phosphate;;;
6357;7558-80-7;Sodium dihydrogen phosphate;;;
6361;10377-60-3;Magnesium nitrate;;;
6362;7785-87-7;Manganese sulfate;;;
6363;7646-79-9;Cobalt(II) chloride;;;
6368;7790-80-9;Cadmium iodide;;;
6370;10124-36-4;Cadmium sulfate;;;
6371;7778-53-2;Potassium phosphate;;;
6372;540-72-7;Sodium thiocyanate;;;
6374;7772-98-7;Sodium thiosulfate (Na2S2O3);;;
6378;7789-18-6;Cesium nitrate;;;
6379;7791-12-0;Thallium(I) chloride;;;
6386;583-52-8;Potassium oxalate;;;
6389;13823-29-5;Thorium nitrate;;;
6394;87-25-2;2-Aminobenzoic acid ethyl ester;;;
6396;87-91-2;L-(+)-Tartaric acid diethylester;;;
6403;88-88-0;Picryl chloride;;;
6404;489-98-5;2,4,6-Trinitroaniline;;;
6446;92-59-1;N-Benzyl-N-ethylaniline;;;
6448;2644-70-4;Hydrazinium monochloride;;;
6470;544-35-4;(Z,Z)-9,12-Octadecadienoic acid ethyl ester;;;
6472;7790-47-8;Tin tetraiodide;;;
6476;63231-67-4;Silicon dioxide;;;
6495;41051-88-1;Perdeutero-p-xylene;;;
6605;71-91-0;Tetraethylammonium bromide;;;
6609;1941-30-6;Tetrapropylammonium bromide;;;
6613;627-31-6;1,3-Diiodopropane;;;
6614;628-21-7;1,4-Diiodobutane;;;
6616;6174-95-4;Tetraethyl ester ethenetetracarboxylic acid;;;
6644;7727-15-3;Aluminum bromide;;;
6646;7789-61-9;Antimony tribromide;;;
6654;3741-00-2;Pentylcyclopentane;;;
6667;149-32-6;(R*,S*)-1,2,3,4-Butanetetrol;;;
6673;1003-66-3;o-Deuterophenol;;;
6674;7163-67-9;Methyl-dibutylphosphinate;;;
6675;7100-92-7;Ethyl-dibutylphosphinate;;;
6676;7100-93-8;Propyl-dibutylphosphinate;;;
6677;61836-77-9;Hexamethylene diformate;;;
6678;29803-25-6;Octamethylene diformate;;;
6679;628-67-1;Tetramethylene diacetate;;;
6680;2745-17-7;2-Furyloxirane;;;
6681;624-41-9;2-Methylbutyl acetate;;;
6682;4786-20-3;Crotonitrile <Isomer not specified>;;;
6683;3764-88-3;4,4'-Diantipyrylmethane dithiocyanate;;;
6753;63-42-3;Lactose;;;
6756;464-49-3;D-(+)-Camphor;;;
6764;104-40-5;4-Nonylphenol;;;
6765;41528-70-5;Methyl di(n-pentyl) phosphine oxide;;;
6788;2404-44-6;1,2-Epoxydecane;;;
6808;7790-99-0;Iodine monochloride;;;
6872;777-22-0;2-Phenyloctane;;;
6930;1712-64-7;Isopropyl nitrate;;;
6984;6237-59-8;Benzenehexacarboxylic acid methyl ester;;;
7036;6052-13-7;N-Ethyl-N,2,4,6-tetranitrobenzeneamine;;;
7091;106-18-3;Dodecanoic acid butyl ester;;;
7217;2216-69-5;1-Methoxynaphthalene;;;
7218;629-33-4;Hexyl formate;N-HEXYL_FORMATE;99.58247778;Ester
7290;137-40-6;Sodium propanoate;;;
7292;554-68-7;Triethylammonium chloride;;;
7294;141-53-7;Sodium formate;;;
7423;294-93-9;12-Crown-4 (12C4);;;
7447;112-57-2;Tetraethylenepentamine;TETRAETHYLENEPENTAMINE;99.56326;Amine
7452;76-22-2;Camphor;CAMPHOR;104.3391636;Carbonyl
7545;533-98-2;1,2-Dibromobutane;;;
7553;90162-24-6;2,4-Octanediol;;;
7554;24892-56-6;2,4-Decanediol;;;
7555;79388-51-5;2,4-Dodecanediol;;;
7556;24892-55-5;3,5-Octanediol;;;
7557;127324-99-6;3,5-Decanediol;;;
7558;111261-05-3;3,5-Dodecanediol;;;
7559;115-76-4;2,2-Diethyl-1,3-propanediol;;;
7560;56548-45-9;3,7-Dimethyl-3,5-octanediol;;;
7561;80220-07-1;5-Methyl-2-(1-methylethyl)-1,3-hexanediol;;;
7562;125033-76-3;2,2,5,9-Tetramethyl-4,8-decadiene-1,3-diol;;;
7563;134998-48-4;3-Methyl-2,3-nonanediol;;;
7564;110668-49-0;2-Methoxy-2-methyl-3,5-nonanediol;;;
7565;129393-35-7;2-Methoxy-2-methyl-3,5-undecanediol;;;
7566;129393-36-8;2-Methoxy-2-methyl-3,5-dodecanediol;;;
7567;129393-37-9;2-Methoxy-2-methyl-3,5-tridecanediol;;;
7568;137353-93-6;2-Methoxy-2,6-dimethyl-3,5-decanediol;;;
7569;84022-33-3;6-Methoxy-2,6-dimethyl-3,5-dodecanediol;;;
7570;84022-35-5;6-Methoxy-2,2,6-trimethyl-3,5-dodecanediol;;;
7572;84022-38-8;5-Methoxy-5-methyl-2,4-undecanediol;;;
7573;84022-30-0;4-Methoxy-4-methyl-1-phenyl-1,3-decanediol;;;
7587;120-57-0;Piperonal;;;
7605;103-09-3;2-Ethylhexylacetate;2-ETHYLHEXYL_ACETATE;103.6124333;Ester
7635;85-98-3;N,N'-Diethyl-N,N'-diphenylurea;;;
7658;7440-55-3;Gallium;;;
7659;7440-74-6;Indium;;;
7660;7440-28-0;Thallium;;;
7661;7440-69-9;Bismuth;;;
7663;7439-89-6;Iron;;;
7666;375-01-9;2,2,3,3,4,4,4-Heptafluorobutanol;;;
7670;2994-71-0;Perfluoro-1,2-dimethylcyclobutane (isomer not specified);;;
7678;5392-40-5;Citral <Isomer not spec.>;;;
7710;2772-46-5;1,2-Dimethoxy-4,5-dichlorobenzene;;;
7711;16766-29-3;1,2-Dimethoxy-3,4,5-trichlorobenzene;;;
7712;944-61-6;1,2-Dimethoxy-3,4,5,6-tetrachlorobenzene;;;
7714;1984-59-4;2,3-Dichloroanisole;;;
7715;1984-65-2;2,6-Dichloroanisole;;;
7716;54135-80-7;2,3,4-Trichloroanisole;;;
7717;87-40-1;2,4,6-Trichloroanisole;;;
7718;938-86-3;2,3,4,5-Tetrachloroanisole;;;
7719;6936-40-9;2,3,5,6-Tetrachloroanisole;;;
7720;7789-68-6;Titanium bromide;;;
7721;5633-87-4;Octane sultone;;;
7731;5204-64-8;3-Pentenoic acid <Isomer not specified>;3-Pentenoic_acid;85.96385;Acids
7732;818-58-6;3-Pentenoic acid methyl ester <Isomer not spec.>;3-Pentenoic_acid_methyl_ester;98.008175;Acids
7761;98-89-5;Cyclohexane carboxylic acid;;;
7796;116-53-0;2-Methyl butanoic acid;2-METHYLBUTYRIC_ACID;85.523175;Acids
7798;7440-44-0;Carbon;;;
7848;73-32-5;L-Isoleucine;;;
7849;61-90-5;L-Leucine;;;
7851;63-91-2;L-Phenylalanine;L-PHENYLALANINE;97.02684667;no_class_defined_in_mainclasses.txt
7852;73-22-3;L-Tryptophane;;;
7853;60-18-4;L-Tyrosine;;;
7873;10544-73-7;Dinitrogen trioxide <N2O3>;;;
7879;761-65-9;N,N-Dibutylformamide;N,N-Dibutylformamide;95.22896364;Other
7904;107-47-1;Di-tert.-butylsulfide;;;
7918;93-97-0;Benzoic anhydride;;;
7935;25419-06-1;N-Methyl-1-pentanamine <Methylamylamine>;;;
7936;4432-77-3;N-Ethyl-2-methyl-2-propanamine;;;
7937;3329-35-9;N,4-Dimethyl-2-pentanamine;;;
7938;921-04-0;N,N-Dimethyl-2-butanamine;;;
7988;7242-58-2;Dibutyl ethyl phosphate;;;
8002;18641-82-2;Pentyl propyl ether;;;
8047;5614-37-9;Cyclopentyl methyl ether;;;
8053;4351-54-6;Cyclohexyl formate;CYCLOHEXYL_FORMATE;99.58247778;Ester
8107;1120-97-4;4-Methyl-1,3-dioxane;;;
8136;26628-97-7;Diethyl isobutyl phosphate;;;
8146;62781-99-1;Cyclopentyl formate;;;
8179;69-65-8;D-Mannitol;;;
8180;50-70-4;D-Sorbitol;SORBITOL;76.88946667;Alcohol
8198;625-86-5;2,5-Dimethylfuran;;;
8201;93-54-9;1-Phenyl-1-propanol;1-PHENYL-1-PROPANOL;106.0784545;Alcohol
8226;6485-40-1;L-(-)-Carvone;;;
8284;13021-59-5;5-Hydroxy-3,7,10-trioxahexadecane;;;
8296;6863-58-7;Di-sec-butyl ether;DI-SEC-BUTYL_ETHER;113.4707556;Ether
8366;100-49-2;Cyclohexylmethanol;;;
8367;627-59-8;5-Methyl-2-hexanol;;;
8368;112-23-2;Heptyl formate;N-HEPTYL_FORMATE;101.19446;Ester
8369;40379-24-6;7-Methyloctyl acetate;;;
8370;6222-35-1;Cyclohexyl propionate;;;
8371;17639-93-9;Methyl-2-chloropropionate;;;
8372;3153-37-5;Methyl-4-chlorobutyrate;;;
8373;2349-07-7;Hexyl-2-methylpropionate;;;
8374;5337-72-4;2,6-Dimethylcyclohexanol <Isomer not specified>;;;
8419;556-63-8;Formic acid lithium salt;;;
8442;16766-30-6;4-Chloro-2-methoxy-phenol;4-CHLOROGUAIACOL;103.2118364;no_classes_defined_in_substances.txt
8448;7440-36-0;Antimony;;;
8460;22071-15-4;(R,S)-Ketoprofen;;;
8623;7785-70-8;D-.alpha.-Pinene;;;
8624;7785-26-4;L-.alpha.-Pinene;;;
8627;2873-97-4;Diacetone acrylamide;;;
8635;7581-97-7;2,3-Dichlorobutane;2,3-DICHLOROBUTANE;111.886;HalogenatedHydrocarbon
8643;563-84-8;3-Chloro-2-butanol;;;
8791;826-36-8;2,2,6,6-Tetramethyl-4-piperidone;;;
8872;3055-98-9;3,6,9,12,15,18,21,24-Octaoxahexatriacontan-1-ol;;;
8873;143-22-6;Triethylene glycol monobutyl ether;2-(2-(2-BUTOXYETHOXY)ETHOXY)ETHANOL;103.9229533;no_class_defined_in_mainclasses.txt
8941;3878-55-5;Monomethyl succinate;;;
8957;338-83-0;Perfluoro-N,N-bis-propyl-1-propanamine;;;
8978;7440-45-1;Cerium;;;
8979;7439-91-0;Lanthanum;;;
8989;618-36-0;1-Phenylethanamine;1-Phenylethanamine;112.1842273;Amine
9001;7446-07-3;Tellurium dioxide;;;
9013;6812-38-0;Hexadecylcyclohexane;;;
9054;557-31-3;3-Ethoxy-1-propene;;;
9113;4445-07-2;1-Phenyloctadecane;N-OCTADECYLBENZENE;116.142975;Alkane
9171;26438-29-9;1-Octadecyl naphthalene;;;
9229;88-95-9;Phthaloyl chloride;;;
9247;527-54-8;3,4,5-Trimethylphenol;;;
9248;585-34-2;3-tert-Butylphenol;;;
9249;2446-69-7;4-Hexylphenol;;;
9250;1138-52-9;3,5-Di-tert-butylphenol;;;
9251;1806-26-4;4-Octylphenol;;;
9252;80-15-9;1-Methyl-1-phenylethyl hydroperoxide;CUMENE_HYDROPEROXIDE;105.2067833;PeroxyNoAcid
9319;;1-Dodecyl decahydronaphthalene;;;
9335;1517-05-1;2-Azidoethanol;;;
9338;121-91-5;Benzene-1,3-dicarboxylic acid;;;
9358;2398-37-0;3-Bromoanisole;;;
9381;598-78-7;2-Chloropropanoic acid;;;
9404;107-80-2;1,3-Dibromobutane;;;
9599;10101-63-0;Lead(II)iodide;;;
9622;90-72-2;[2,4,6-Tris(dimethylamino)methyl]phenol;;;
9635;89-87-2;2,4-Dimethylnitrobenzene;;;
9689;62199-46-6;3,3,6,6-Tetramethyloctane;;;
9722;7440-70-2;Calcium;;;
9723;7440-24-6;Strontium;;;
9724;7440-39-3;Barium;;;
9836;10031-22-8;Lead-(II)-bromide;;;
9837;7783-46-2;Lead-(II)-fluoride;;;
9838;7789-40-4;Thallium-(I)-bromide;;;
9846;2217-02-9;(1R)-endo-(+)-1,3,3-Trimethyl-2-norbornaneol;;;
9847;7045-71-8;2-Methylundecane;;;
9962;5921-54-0;2-Butanone,(1-methylpropylidene)hydrazone;2-Butanone,(1-methylpropylidene)hydrazone;109.83974;Carbonyl
9966;538-23-8;Octanoic acid, 1,2,3-propanetriyl ester;GLYCEROL-TRICAPRYLATE;102.5133545;Ester
10250;10544-50-0;Sulfur (S8);;;
10433;6117-91-5;2-Buten-1-ol;;;
10434;115213-91-7;Dodecyltetraline <Isomer not specified>;;;
10496;616-47-7;N-Methylimidazole;N-Methylimidazole;94.70236667;Alcohol
10502;18172-67-3;(-)-beta-Pinene;;;
10514;19327-40-3;Pentaethylene glycol monooctyl ether;;;
10616;1313-99-1;Nickel oxide;;;
10809;367-23-7;1,2,4-Trifluorobenzene;;;
10834;107-96-0;beta-Thiolactic acid;3-MERCAPTOPROPIONIC_ACID;;no_class_defined_in_mainclasses.txt
10849;4712-38-3;1-Butanol-D;;;
10916;12025-32-0;Germanium sulfide;;;
10940;7790-86-5;Cerium chloride (CeCl3);;;
10942;3855-26-3;2-Ethyl-4-methylphenol;;;
10943;1687-61-2;2-Ethyl-5-methylphenol;;;
10963;375-03-1;1,1,1,2,2,3,3-Heptafluoro-3-methoxypropane [hfe347mcc];1,1,1,2,2,3,3-Heptafluoro-3-methoxypropane_[hfe3;77.41251667;HalogenatedHydrocarbon
10965;2935-44-6;2,5-Hexanediol;;;
10986;1569-02-4;1-Ethoxy-2-propanol;;;
10996;1132-61-2;4-Morpholinepropanesulfonic acid;;;
11004;59-23-4;D-Galactose;;;
11020;617-29-8;2-Methyl-3-hexanol;;;
11021;6305-71-1;2,4-Dimethyl-1-pentanol;;;
11022;3121-79-7;4,4-Dimethyl-1-pentanol;;;
11023;2370-12-9;2,2-Dimethyl-1-pentanol;;;
11036;4501-52-4;1-Cyclohexyl-2,5-dimethylbenzene;;;
11055;4850-32-2;sec.Butylcyclopentane;;;
11086;1313-59-3;Sodium oxide;;;
11188;496-78-6;2,4,5-Trimethylphenol;;;
11201;1984-06-1;Sodium caprylate;;;
11202;151-21-3;Sodium dodecyl sulfate;;;
11224;75-57-0;Tetramethylammonium chloride;;;
11385;7758-11-4;Dipotassium hydrogen phosphate;;;
11420;687-47-8;(S)-(-)-Ethyl lactate;;;
11456;144-55-8;Sodium hydrogen carbonate;;;
11483;2199-69-1;Perdeutero-1,2-dichlorobenzene;;;
11491;3114-55-4;Perdeutero chlorobenzene;;;
11515;91-19-0;Quinoxaline;;;
11928;2404-58-2;Dibutyl ester ethylphosphonic acid;;;
12110;142-72-3;Magnesium acetate;;;
12140;19327-38-9;2-(2-(2-(Octyloxy)ethoxy)ethoxy)ethanol;;;
12149;62108-41-2;2-Methoxy-2,4,4-trimethylpentane;;;
12167;1195-42-2;N-Isopropylcyclohexylamine;;;
12170;95-73-8;2,4-Dichlorotoluene;2,4-DICHLOROTOLUENE;114.3332333;Aromatics
12200;1072-47-5;4-Methyl-1,3-dioxolane;;;
12213;2206-26-0;Acetonitrile-D3;;;
12230;52645-53-1;Permethrin;;;
12429;26446-35-5;Monoacetin;;;
12475;10330-30-0;1-Octanol-D;;;
12552;5593-70-4;Titanium tetrabutyloxide;;;
12575;17071-48-6;Isopentyl propyl ether;;;
12589;593-81-7;Trimethylammonium chloride;;;
12607;540-59-0;1,2-Dichloroethene <Isomer not specified>;;;
12683;13573-08-5;Germanium diiodide;;;
12706;50-99-7;D-Glucose;;;
12707;585-88-6;4-o-alpha-D-Glucopyranosyl-D-glucitol;;;
12709;81686-43-3;1,2,4,5-Tetrachloro-3-methyl-6-isopropylbenzene;;;
12711;1806-29-7;(1,1'-Biphenyl)-2,2'-diol;;;
12864;123-35-3;7-Methyl-3-methylene-1,6-octadiene;;;
12865;1686-14-2;2,7,7-Trimethyl-3-oxatricyclo(4.1.1.0(2,4))octan;;;
12866;1195-92-2;1,2-Epoxy-p-menth-8-ene;;;
12867;464-45-9;L-(-)-Borneol;;;
12876;7098-07-9;1-Ethyl-1H-imidazole;;;
12879;541-47-9;3-Methyl-2-butenoic acid;;;
13031;14848-63-6;Isobutanol-D;;;
13032;14848-79-4;n-Pentanol-D;;;
13090;52897-08-2;2,2,3,4-Tetramethylhexane;;;
13092;39083-38-0;3,4,5,5-Tetramethyl-2-hexene;;;
13093;39083-40-4;3,5,5-Trimethyl-2-heptene;;;
13368;113-98-4;Benzylpenicillin potassium salt;;;
13370;70969-58-3;Cyclohexane-1,2-dicarboxylic acid diisobutylester;;;
13409;10486-19-8;1-Tridecanal;TRIDECANAL;106.7741214;Carbonyl
13411;2216-51-5;(1R,2S,5R)-(-)-2-Isopropyl-5-methyl-cyclohexanol;L-MENTHOL;105.9990917;Alcohol
13424;4654-26-6;Di-n-octyl terephthalate;;;
13434;112-55-0;n-Dodecyl mercaptan;N-DODECYL_MERCAPTAN;;Thiol
13438;107-89-1;3-Hydroxybutyraldehyde;ACETALDOL;81.21187143;no_class_defined_in_mainclasses.txt
13449;7558-79-4;Disodium phosphate;;;
13452;7601-54-9;Trisodium phosphate;;;
13473;75-55-8;Propyleneimine;PROPYLENEIMINE;100.75358;Amine
13483;25103-58-6;tert-Dodecyl mercaptan;TERT-DODECYL_MERCAPTAN;;no_classes_defined_in_substances.txt
13485;68-11-1;Thioglycolic acid;THIOGLYCOLIC_ACID;;no_class_defined_in_mainclasses.txt
13488;119-67-5;2-Formylbenzoic acid;2-FORMYL_BENZOIC_ACID;86.048025;no_class_defined_in_mainclasses.txt
13494;631-61-8;Ammonium acetate;;;
13496;7722-76-1;Ammonium dihydrogen phosphate;;;
13499;1113-38-8;Ammonium oxalate;;;
13500;7803-63-6;Ammonium hydrogensulfate;;;
13502;7681-38-1;Sodium bisulfate;;;
13506;10043-01-3;Aluminum sulfate;;;
13508;1345-25-1;Ferrous oxide [FeO];;;
13513;7783-28-0;Diammoniumhydrogen phosphate;;;
13524;111-03-5;1-Monoolein;;;
13552;10026-07-0;Telluriumtetrachloride [TeCl4];;;
13553;592-04-1;Mercury cyanide;;;
13571;1118-58-7;2-Methyl-1,3-pentadiene;;;
13599;56-87-1;L-Lysine;LYSINE;93.03676667;no_class_defined_in_mainclasses.txt
13713;2436-90-0;2,6-Dimethylocta-2,7-dien;;;
13803;67-48-1;Choline chloride;;;
13813;27322-34-5;Tris(1-methylethyl)benzene <Isomer not spec.>;;;
13854;354-25-6;1-Chloro-1,1,2,2-tetrafluoroethane [R124a];;;
13924;81686-41-1;2,5-Dichloro-4-methyl-isopropylbenzene;;;
13925;81686-44-4;2,3-Dichloro-4-methyl-isopropylbenzene;;;
13926;127440-94-2;2,5,6-Trichloro-4-methyl-isopropylbenzene;;;
13953;1629-58-9;Ethyl vinyl ketone;;;
14070;7757-83-7;Sodium sulfite;;;
14083;85-71-2;Methyl (ethyl glycolate) phthalate;;;
14085;85-70-1;Butyl (butyl glycolate) phthalate;;;
14169;90-01-7;2-Hydroxybenzylalcohol;;;
14170;86-26-0;2-Methoxybiphenyl;;;
14171;86-00-0;o-Nitrobiphenyl;;;
14172;122-98-5;2-Anilinoethanol (2-HEAN);;;
14173;85-97-2;2-Chloro-6-phenylphenol;;;
14263;39619-69-7;Tetraethylene glycol mono-n-hexylether;;;
14264;28115-75-5;Tetraethylene glycol mono-n-heptylether;;;
14265;65316-79-2;Pentaethylene glycol mono-n-heptylether;;;
14341;86674-95-5;3,6,9,12,15-Pentaoxaheneicosan-1-ol;;;
14590;104-61-0;gamma-Nonalactone;;;
14678;623-53-0;Carbonic acid methyl ethyl ester;Carbonic_acid_methyl_ethyl_ester;92.10768571;Acids
14734;6196-58-3;2-Pentoxyethanol;;;
14836;78-50-2;Trioctyl phosphine oxide;;;
14942;133827-65-3;1-Decanol D1;;;
14943;55489-59-3;Triethyleneglycol-mono-n-heptylether;;;
14948;408332-88-7;Diethyl tartrate;;;
15013;20292-08-4;2-Ethylhexyl laurate;;;
15014;1120-34-9;Methyl erucate;;;
15071;93107-08-5;Ciprofloxacinhydrochloride;;;
15083;143-28-2;cis-9-Octadecene-1-ol;;;
15149;4628-12-0;Propyl-phosphonic acid dibutyl ester;;;
15150;14202-62-1;2,2-Diethyl-1-pentanol;;;
15151;16984-10-4;Dipropylphosphinic acid mono-n-butylester;;;
15152;19549-79-2;3,5-Dimethyl-4-heptanol;;;
15183;4328-13-6;Tetrahexylammonium bromide;;;
15530;24347-58-8;(2R,3R)-(-)-2,3-Butanediol;;;
16125;93-37-8;2,7-Dimethylquinoline;;;
16288;2568-96-9;2-Ethyl-1,3-dioxolane;;;
16292;174501-64-5;1-Butyl-3-methylimidazolium hexafluorophosphate;;;
16377;;2,4,4,6-Tetramethyl-2,6-heptanediol;;;
16410;138495-42-8;1,1,1,2,3,4,4,5,5,5-Decafluoropentane [R43-10mee];1,1,1,2,3,4,4,5,5,5-Decafluoropentane_[R43-10mee;73.8553;HalogenatedHydrocarbon
16420;21564-17-0;(2-Benzothiazolylthio)methyl thiocyanate;;;
16424;577-11-7;Sodium bis(2-ethylhexyl)sulfosuccinate;;;
16427;163702-07-6;Nonafluorobutyl methyl ether;;;
16430;1123-94-0;3-Methyl-4-ethylphenol;;;
16431;2219-73-0;4-Ethyl-2-methyl phenol;;;
16432;1687-64-5;2-Methyl-6-ethylphenol;;;
16433;1197-34-8;3,5-Diethylphenol;;;
16434;527-35-5;2,3,5,6-Tetramethylphenol;;;
16447;174899-82-2;1-Ethyl-3-methylimidazolium bis(trifluoromethylsulfonyl)imide;;;
16466;;5-Methyl-5-methoxy-2,4-nonanediol;;;
16467;84022-40-2;5-Butoxy-5-methyl-hexane-2,4-diol;;;
16468;115084-26-9;5,9-Dimethyl-5-methoxy-2,4-decanediol;;;
16469;;1-Toluyl-4-methyl-4-methoxy-1,3-pentanediol;;;
16470;;1-Phenyl-5-methyl-5-methoxy-2,4-nonanediol;;;
16471;88348-75-8;3-(1'-Hydroxyethyl)-2,6-dodecanediol;;;
16481;343952-33-0;4-Methyl-N-butylpyridinium tetrafluoroborate;;;
16488;138245-32-6;1-Butyl-3-methylimidazolium triiodide;;;
16489;287097-41-0;1-Ethyl-3-methylimidazolium triiodide;;;
16582;174899-81-1;1,3-Dimethylimidazolium bis(trifluoromethylsulfonyl)imide;;;
16583;174899-83-3;1-Butyl-3-methylimidazolium bis(trifluoromethylsulfonyl)imide;;;
16584;342573-75-5;1-Ethyl-3-methylimidazolium ethylsulfate;;;
16625;1838-73-9;3-Methyl-4-heptanol;;;
16724;203389-28-0;N-Butylpyridinium tetrafluoroborate;;;
16726;174899-90-2;[EDMIM] bis(trifluoromethylsulfonyl)imide;;;
16737;118-71-8;Maltol;;;
16740;928-95-0;trans-2-Hexene-1-ol;;;
16741;92418-71-8;(2R,3R)-(+)-3-Propyloxiranemethanol;;;
16777;5274-68-0;Tetraethylene glycol monododecylether;;;
16792;81-15-2;1,3,5-Trinitro-2,6-dimethyl-4-tert.-butylbenzene;;;
16793;81-14-1;2,6-Dimethyl-3,5-dinitro-4-tert.-butyl-1-acetylbenzene;;;
16809;304680-36-2;1-Octyl-3-methylimidazolium hexafluorophosphate;;;
16810;244193-52-0;1-Octyl-3-methylimidazolium tetrafluoroborate;;;
16811;179075-88-8;1-Butyl-3-methylimidazolium nitrate;;;
16828;20816-12-0;Osmium tetroxide;;;
16832;155371-19-0;[EMIM] - hexafluorophosphate;;;
16888;14073-97-3;(-)-Menthone;;;
16902;7446-18-6;Thallium (I) sulfate;;;
16904;7778-74-7;Potassium perchlorate;;;
16905;7784-24-9;Potassium aluminum sulfate;;;
16910;12125-01-8;Ammonium fluoride;;;
16913;97345-90-9;1,3-Dimethylimidazolium methylsulfate;;;
16914;712354-97-7;N-Ethylpyridinium bis(trifluoromethylsulfonyl)imide;;;
16929;7631-95-0;Sodium molybdate;;;
16937;7783-93-9;Silver perchlorate;;;
16941;62-54-4;Calcium acetate;;;
16976;2923-18-4;Sodium trifluoroacetate;;;
16982;56-37-1;Benzyltriethylammonium chloride;;;
16983;23616-79-7;Benzyltributylammonium chloride;;;
16994;1112-67-0;Tetrabutylammonium chloride;;;
17023;;Thorium sulfate;;;
17072;;Uranyl nitrate;;;
17073;;Sodium potassium carbonate;;;
17086;19455-20-0;Potassium 2-methylpropanoate;;;
17114;8001-21-6;Sunflower oil I;;;
17117;1317-36-8;Lead(II)oxide;;;
17144;143314-16-3;1-Ethyl-3-methylimidazolium tetrafluoroborate;;;
17145;187863-42-9;N-Butylpyridinium bis(trifluoromethylsulfonyl)imide;;;
17171;25322-68-3;Polyethylene glycol 200;;;
17172;25322-68-3;Polyethylene glycol 400;;;
17173;174501-65-6;1-Butyl-3-methylimidazolium tetrafluoroborate;;;
17179;69-79-4;D-(+)-Maltose;;;
17190;8001-25-0;Olive oil;;;
17194;137-66-6;Ascorbyl palmitate;;;
17208;8008-57-9;Orange peel oil;;;
17218;79917-90-1;1-Butyl-3-methylimidazolium chloride;;;
17224;1333-13-7;Mono-tert.-butyl-m-cresol (isomer not specified);;;
17225;2281-11-0;N-Hexadecyl-N,N-dimethyl-3-ammonio-1-propanesulfonate;;;
17226;;Decaethyleneglycol mono-(p-nonyl)-phenylether (NP10);;;
17239;163702-05-4;Nonafluorobutyl ethyl ether;;;
17248;87-99-0;Xylitol;;;
17265;;Tetra-N-butylammonium perfluorobutanesulfonate;;;
17267;;Tetra-N-butylammonium perfluorooctanesulfonate;;;
17273;28697-53-2;D-(-)-Arabinose;;;
17274;280779-52-4;1-n-Pentyl-3-methylimidazolium hexafluorophosphate;;;
17275;304680-35-1;1-Hexyl-3-methylimidazolium hexafluorophosphate;;;
17276;357915-04-9;1-n-Heptyl-3-methylimidazolium hexafluorophosphate;;;
17284;120962-03-0;Canola oil;;;
17285;;Commercial oleic acid I;;;
17286;;Commercial oleic acid II;;;
17287;8001-30-7;Corn oil;;;
17290;;Hydrofluoroether HFE-7100;;;
17291;65039-05-6;1-Butyl-3-methylimidazolium iodide;;;
17297;143314-14-1;1-Ethyl-3-methylimidazolium nitrate;;;
17299;171058-17-6;1-Hexyl-3-methylimidazolium chloride;;;
17300;64697-40-1;1-Octyl-3-methylimidazolium chloride;;;
17302;8001-22-7;Soybean Oil;;;
17303;8001-79-4;Castor oil;;;
17312;13473-90-0;Aluminum nitrate;;;
17609;9002-93-1;Triton X-100;;;
17610;65039-09-0;1-Ethyl-3-methylimidazolium chloride;;;
17612;297730-93-9;3-Ethoxy-2-trifluoromethyl perfluoro hexane;;;
17616;13509-27-8;Methyl phenyl carbonate;;;
17625;;Uranyl sulfate;;;
17633;123-34-2;Glycerol alpha-allyl ether;;;
17643;3390-12-3;2,4-Dimethyl-1,3-dioxolane (isomer not specified);;;
17672;8001-21-6;Sunflower oil II;;;
17675;;Lithium thiocyanate;;;
17680;223437-11-4;1-Butyl-1-methylpyrrolidinium bis(trifluoromethylsulfonyl)imide;;;
17689;7783-18-8;Ammonium thiosulfate;;;
17691;3164-29-2;Ammonium tartrate;;;
17738;24991-55-7;Polyethylene glycol 250 dimethylether;;;
18045;654058-04-5;1,3-Dimethylimidazolium dimethylphosphate;;;
18085;25322-68-3;Polyethylene glycol 300;;;
18086;25322-68-3;Polyethylene glycol 600;;;
18092;56-34-8;Tetraethyl ammonium chloride;;;
18110;171058-18-7;1-Decyl-3-methylimidazolium chloride;;;
18150;;Magnesium sulfite;;;
18161;178631-04-4;1-Octyl-3-methylimidazolium bis(trifluoromethylsulfonyl)imide;;;
18162;382150-50-7;1-Hexyl-3-methylimidazolium bis(trifluoromethylsulfonyl)imide;;;
18174;244193-50-8;1-Hexyl-3-methylimidazolium tetrafluoroborate;;;
18207;526-94-3;Sodium hydrogen tartrate;;;
18210;144-33-2;Disodium hydrogen citrate;;;
18211;68-04-2;Sodium citrate;;;
18212;866-84-2;Potassium citrate;;;
18285;1317-38-0;Copper oxide;;;
18347;13597-64-3;Dicesium molybdate;;;
18387;1344-58-7;Uranium oxide;;;
18396;7320-34-5;Tetrapotassium pyrophosphate;;;
18397;13746-66-2;Tripotassium hexacyanoferrate (K3Fe(CN)6);;;
18423;657-27-2;L-Lysine Hydrochloride;;;
18471;114569-84-5;1-Dodecyl-3-methylimidazolium chloride;;;
18473;553-54-8;Lithium benzoate;;;
18475;150-90-3;Sodium succinate;;;
18476;532-32-1;Sodium benzoate;;;
18477;54-21-7;Sodium salicylate;;;
18487;216299-72-8;1-Propyl-3-methylimidazolium bis(trifluoromethylsulfonyl)imide;;;
18488;216300-12-8;1-Propyl-3-methylimidazolium hexafluorophosphate;;;
18493;10124-65-9;Potassium dodecanoate;;;
18515;4437-85-8;1,2-Butylenecarbonate;;;
18565;678-39-7;3,3,4,4,5,5,6,6,7,7,8,8,9,9,10,10,10-Heptadecafluoro-1-decanol;;;
18567;;Sodium tetrafluoroborate;;;
18571;8000-34-8;Clove Oil;;;
18616;85100-77-2;1-Butyl-3-methylimidazolium bromide;;;
18617;79917-88-7;1,3-Dimethylimidazolium chloride;;;
18618;79917-89-8;1-Methyl-3-propylimidazolium chloride;;;
18621;65039-08-9;1-Ethyl-3-methylimidazolium bromide;;;
18625;;1-Ethyl-2,3-dimethylimidazolium bromide;;;
18639;169051-76-7;2,3-Dimethyl-1-n-propylimidazolium bis(trifluoromethylsulfonyl)imide;;;
18642;216299-76-2;1-Ethyl-3-methylimidazolium bis(pentafluoroethylsulfonyl)imide;;;
18648;22113-86-6;Ethylammonium nitrate;;;
18696;33284-50-3;2,4-Dichlorobiphenyl;2,4-DICHLOROBIPHENYL(PCB_7);115.5776286;Aromatics
18697;55312-69-1;2,2',3,4,5-Pentachlorobiphenyl;2,2',3,4,5-PENTACHLOROBIPHENYL(PCB_86);113.5792353;HalogenatedHydrocarbon
18712;;Potassium oxide;;;
18771;;N-Methyl-N-Ethylpyrrolidinium bis(trifluoromethylsulfonyl)imide;;;
18772;223437-05-6;N-Methyl-N-n-propylpyrrolidinium bis(trifluoromethylsulfonyl)imide;;;
18784;;Iron(II) diammonium sulfate;;;
18810;;Tetramethylammonium iodide;;;
18828;8002-75-3;Refined Palm Oil;;;
18830;;Commercial oleic acid III;;;
18831;;Commercial Palmitic Acid (Acros);;;
18833;6363-53-7;D-(+)-Maltose monohydrate;;;
18836;32360-05-7;n-Octadecyl methacrylate;;;
18844;;Sodium caproate;;;
18845;401788-98-5;1-Butyl-3-methylimidazolium methylsulfate;;;
18846;657-84-1;Sodium p-toluenesulfonate;;;
18848;;Sodium cumenesulfonate;;;
18863;174899-66-2;1-Butyl-3-methylimidazolium trifluoromethanesulfonate;;;
18881;13568-40-6;Lithium molybdate;;;
18941;87-44-5;.beta.-Caryophyllene;;;
18944;8008-56-8;Lemon Peel Oil;;;
18945;8007-75-8;Bergamot Oil;;;
18946;359845-21-9;1-Butyl-3-methylimidazolium tetrachloroferrate;;;
18956;6106-24-7;Sodium tartrate dihydrate;;;
18973;114-07-8;Erythromycin;;;
18978;;Triethylbenzylammonium bromide;;;
18988;145022-44-2;1-Ethyl-3-methylimidazolium trifluoromethylsulfonate;;;
18989;370865-89-7;1-Ethyl-3-methylimidazolium dicyanamide;;;
18990;258864-54-9;Trihexyl tetradecyl phosphonium chloride;;;
18992;;Fomblin YLOX100;;;
18993;;Fluorolink D10H;;;
19007;13472-45-2;Sodium Tungstate;;;
19014;10361-65-6;Ammonium Phosphate;;;
19015;611-74-5;N,N-Dimethylbenzamide;;;
19055;374564-83-7;1-(2-Hydroxyethyl)-3-methylimidazolium tetrafluoroborate;;;
19063;10117-38-1;Potassium sulfite;;;
19089;931-40-8;4-(Hydroxymethyl)-1,3-dioxolan-2-one;;;
19097;89-78-1;DL-(1R,2S,5R)-rel-5-Methyl-2-(1-methylethyl)cyclohexanol;;;
19370;921-53-9;Dipotassium tartrate;;;
19395;;Triethylamine hydrochloride 2/3[AlCl3];;;
19407;18912-81-7;Diethylene glycol n-pentyl ether;;;
19408;;Ethylene glycol 2-methyl-1-butyl ether;;;
19409;;Diethylene glycol 2-methyl-1-butyl ether;;;
19410;7409-44-1;Ethylene glycol n-heptyl ether;;;
19411;25961-87-9;Diethylene glycol n-heptyl ether;;;
19416;55934-93-5;Tripropylene glycol butyl ether;;;
19493;1653-40-3;6-Methyl-1-heptanol;;;
19496;1489-56-1;1-Methyl-1,3-cyclohexadiene;;;
19497;;1-Hexyloxymethyl-3-methylimidazolium tetrafluoroborate;;;
19498;;1-Hexyloxymethyl-3-methylimidazolium bis(trifluoromethylsulfonyl)imide;;;
19499;595565-54-1;1-Butyl-3-methylimidazolium 2-(2-methoxyethoxy)ethyl sulfate;;;
19501;460345-16-8;1-Hexyl-3-methylimidazolium trifluoromethylsulfonate;;;
19502;900797-94-6;1-Octyl-3-methylimidazolium trifluoromethylsulfonate;;;
19505;;N-Hexyl-4-(N',N'-dimethylammonium)pyridinium bis(trifluoromethylsulfonyl)imide;;;
19623;;Potassium Tungstate;;;
19624;10294-66-3;Potassium Thiosulfate;;;
19625;13943-58-3;Tetrapotassium hexacyanoferrate (K4Fe(CN)6);;;
19635;1592-20-7;4-Chloromethyl styrene;;;
19636;29590-42-9;Isooctyl acrylate;;;
19637;1330-61-6;Isodecyl acrylate;;;
19638;5888-33-5;Isobornyl acrylate;;;
19639;;Di-iso-butylsilfoxide;;;
19643;3115-68-2;Tetrabutylphosphonium bromide;;;
19644;;Tri-n-butyl-n-propyl ammonium iodide;;;
19679;;Trihexyl tetradecyl phosphonium methanesulfonate;;;
19690;;Potassium molybdate;;;
19802;10031-87-5;2-Ethylbutyl acetate;;;
19844;77-94-1;Butyl citrate;;;
19879;1070-32-2;3-Methyl-1-heptanol;;;
19880;817-91-4;4-Methyl-1-heptanol;;;
19887;108-09-8;4-Methyl-2-pentanamine;;;
19927;108-60-1;2,2'-Oxybis(1-chloropropane);;;
19980;1829-32-9;3-Chloro-2-hydroxy benzoic acid;;;
19981;320-72-9;3,5-Dichloro-2-hydroxy benzoic acid;;;
19993;;Fennel extract (I);;;
20003;384347-22-2;1-Hexyl-2,3-dimethylimidazolium bis(trifluoromethylsulfonyl)imide;;;
20033;539-88-8;4-Oxo-pentanoic acid ethyl ester;;;
20034;4535-70-0;Ethyl-(2-hydroxyethyl)-dimethylammonium bromide;;;
20036;445473-58-5;1-Butyl-3-methylimidazolium octyl sulfate;;;
20121;10039-54-0;Hydroxylammonium sulfate;;;
20133;284049-75-8;1-Butyl-3-methylimidazolium acetate;;;
20134;262297-13-2;1-Butyl-3-methylimidazolium hydrogensulfate;;;
20135;;1-Butyl-3-methylimidazolium salicylate;;;
20136;344790-87-0;1-Butyl-3-methylimidazolium thiocyanate;;;
20137;;1-Butyl-3-methylimidazolium p-toluenesulfonate;;;
20138;448245-52-1;1-Butyl-3-methylimidazolium dicyanamide;;;
20140;328090-25-1;1-Ethyl-3-methylimidazolium p-toluenesulfonate;;;
20141;790663-79-5;1-Ethyl-3-methylimidazolium octylsulfate;;;
20142;868671-34-5;1-Octylquinolinium bis(trifluoromethylsulfonyl)imide;;;
20174;;Seawater;;;
20175;1888-73-9;1,1,2,3,4,5,5,5-Octachloro-1,3-pentadiene;;;
20240;335-65-9;1H-Perfluorooctane;;;
20241;307-99-3;1H,8H-Perfluorooctane;;;
20264;100-79-8;(+/-)-2,2-Dimethyl-1,3-dioxolane-4-methanol;;;
20408;2758-18-1;3-Methyl-2-cyclopentenone;;;
20423;;Aniline-d2;;;
20424;4165-61-1;Aniline-d5;;;
20425;;Linoleic acid (commercial);;;
20426;8001-29-4;Cottonseed oil (refined);;;
20427;8001-29-4;Cottonseed oil (pretreated);;;
20433;;Neodymium (III) nitrate tris(Tributyl phosphate);;;
20434;;Samarium (III) nitrate tris(Tributyl phosphate);;;
20435;;Cerium (III) nitrate tris(Tributyl phosphate);;;
20436;;Lanthanium (III) nitrate tris(Tributyl phosphate);;;
20437;;Praseodymium (III) nitrate tris(Tributyl phosphate);;;
20441;91-10-1;2,6-Dimethoxyphenol;;;
20442;;2,3-Dimethoxyphenol;;;
20447;;2-Hydroxy-3,5-diisopropyl benzoic acid, sodium salt;;;
20535;65039-10-3;1-Allyl-3-methylimidazolium chloride;;;
20572;460983-97-5;N-Hexylpyridinium bis(trifluoromethylsulfonyl)imide;;;
20633;10031-27-3;Tellurium tetrabromide;;;
20635;;1-Decyl-3-methylimidazolium bromide;;;
20650;2751-90-8;Tetraphenylphosphonium bromide;;;
20708;;Deutero-n-Butyric acid;;;
20709;;Deutero-i-Butyric acid;;;
20711;;1,2-Epoxynonane;;;
20712;2984-50-1;1,2-Epoxyoctane;;;
20714;754-12-1;2,3,3,3-Tetrafluoroprop-1-ene;;;
20730;143-19-1;Sodium Oleate;;;
20779;97-30-3;alpha-Methyl-(D)-glucoside;;;
20780;709-50-2;beta-Methyl-(D)-glucoside;;;
20781;;Methyl-alpha-D-galactopyranoside;;;
20782;;Methyl-beta-D-galactopyranoside;;;
21183;600-14-6;2,3-Pentanedione;;;
21188;880084-63-9;1-Ethyl-3-methylimidazolium 1,1,2,2-tetrafluoroethanesulfonate;;;
21209;817575-06-7;3-Methyl-1-propylpyridinium bis(trifluoromethylsulfonyl)imide;;;
21210;344790-86-9;1-Butyl-3-methylpyridinium bis(trifluoromethylsulfonyl)imide;;;
21225;258273-75-5;Trimethyl-butylammonium bis(trifluoromethylsulfonyl)imide;;;
21226;460092-04-0;Trihexyl tetradecyl phosphonium acetate;;;
21227;460092-03-9;Trihexyl tetradecyl phosphonium bis(trifluoromethylsulfonyl)imide;;;
21334;;Monovalerin;;;
21360;145022-45-3;1-Ethyl-3-methylimidazolium methanesulfonate;;;
21400;848641-69-0;1-Ethyl-3-methylimidazolium diethylphosphate;;;
21510;;Magnesium thiocyanate;;;
21511;;Calcium thiocyanate;;;
21512;;Strontium thiocyanate;;;
21522;31410-07-8;1-Propenyl-3-methylimidazolium bromide;;;
21535;;1-Octyl-3-methylimidazolium nonafluorobutyl sulfonate;;;
21536;;1-Octyl-3-methylimidazolium dicyanamide;;;
21537;65350-59-6;1-Butyl-4-methylpyridinium bromide;;;
21538;475681-62-0;1-Butyl-4-methylpyridinium bis(trifluoromethylsulfonyl)imide;;;
21541;;1-Butyl-3-methylimidazolium nonafluorobutyl sulfonate;;;
21579;;m-Aminoacetanilide;;;
21643;5779-79-3;3,4'-Ace-1,2-benzanthracene;;;
21644;;6-Chloro-10-methyl-1,2-benzanthracene;;;
21669;20629-50-9;3-Fluoro-10-methyl-1,2-benzanthracene;;;
21671;2990-70-7;4-Fluoro-10-methyl-1,2-benzanthracene;;;
21692;515-42-4;Benzenesulfonic acid, sodium salt;;;
21743;5292-21-7;Cyclohexylacetic acid;;;
21750;;1-Tetradecyl-3-methylimidazolium bis(trifluoromethylsulfonyl)imide;;;
21766;367522-96-1;1-Butyl-1-methylpyrrolidinium trifluoromethanesulfonate;;;
21967;;1-(2-Hydroxyethyl)-2,3-dimethylimidazolium tetrafluoroborate;;;
21968;380497-19-8;1-Hexyl-1-methylpyrrolidinium bis(trifluoromethylsulfonyl)imide;;;
21996;;Samarium(III) trichloracetate;;;
22033;;Trihexyl tetradecyl phosphonium tetrafluoroborate;;;
22046;663199-28-8;1-Butyl-3-methylimidazolium dibutylphosphate;;;
22065;28746-99-8;2-(1'-Hydroxycyclohexyl)cyclohexanone;;;
22104;927021-43-0;1-Methyl-1-octyl-pyrrolidinium bis(trifluoromethylsulfonyl)imide;;;
22282;;1-Octyl-3-methylimidazolium diethyleneglycolmonomethylethersulfate;;;
22298;;Tri-n-butyl-ethylammonium bromide;;;
22306;280779-53-5;1-Pentyl-3-methylimidazolium bis(trifluoromethylsulfonyl)imide;;;
22402;4998-57-6;DL-Histidine;;;
22417;174899-65-1;1-Ethyl-3-methylimidazolium trifluoroacetate;;;
22428;;Sodium ethyl benzene sulfonate;;;
22526;;Ethyl-(2-hydroxyethyl)-dimethyl ammonium tetrafluoroborate;;;
22529;;Butyl-(2-hydroxyethyl)-dimethyl ammonium bromide;;;
22530;;1,3-Dibutyloxymethylimidazolium tetrafluoroborate;;;
22534;;N-Decyloxymethyl-3-amido-pyridinium tetrafluoroborate;;;
22546;55215-17-3;2,2',3,4,6-Pentachlorobiphenyl;2,2',3,4,6-PENTACHLOROBIPHENYL(PCB_88);113.5792353;Aromatics
22564;;(2-Hydroxyethyl)-dimethyl-propylammonium bromide;;;
22565;;Hexyl-(2-hydroxyethyl)-dimethyl ammonium bromide;;;
22656;433337-23-6;1-Decyl-3-methylimidazolium bis(trifluoromethylsulfonyl)imide;;;
22665;343952-29-4;1-n-Nonyl-3-methylimidazolium hexafluorophosphate;;;
22666;;Perdeutero-n-hexane;;;
22667;;Perdeuteroisobutyric acid;;;
22670;872672-50-9;1-Ethyl-3-methylpyridinium ethylsulfate;;;
22673;26576-85-2;1-Butyl-3-methylpyridinium bromide;;;
22674;597581-48-1;1-Butyl-3-methylpyridinium tetrafluoroborate;;;
22679;;1-Hexyl-3-methylpyridinium bis(trifluoromethylsulfonyl)imide;;;
22680;;1-Hexyl-3,5-dimethylpyridinium bis(trifluoromethylsulfonyl)imide;;;
22681;;1-Hexyl-2-ethyl-3,5-dimethylpyridinium bis(trifuloromethylsulfonyl)imide;;;
22685;;1-Hexyl-3-methyl-4-(dimethylamino)pyridinium bis(trifluoromethylsulfonyl)imide;;;
22688;;1-Octyl-3-methylpyridinium bis(trifluoromethylsulfonyl)imide;;;
22689;85100-78-3;1-Hexyl-3-methylimidazolium bromide;;;
22692;61545-99-1;1-Octyl-3-methylimidazolium bromide;;;
22693;;1-Ethylpyridinium ethylsulfate;;;
22694;174899-94-6;1-Butyl-3-methylimidazolium trifluoroacetate;;;
22695;4023-65-8;trans-Aconitic acid;;;
22696;67-47-0;5-Hydroxymethylfurfural;5-HYDROXYMETHYL-2-FURFURAL(HMF)1;90.25569;Other
22707;425382-14-5;1-Heptyl-3-methylimidazolium bis(trifluoromethylsulfonyl)imide;;;
22752;13510-35-5;Indium(III) iodide;;;
22806;;Cyclohexyltoluene(Isomer not specified);;;
22838;51481-61-9;Cimetidine;CIMETIDINE;;no_classes_defined_in_substances.txt
22985;53226-35-0;2-Hydroxyethyl ammonium formate;;;
22986;54300-24-2;2-Hydroxyethyl ammonium acetate;;;
22989;14806-72-5;Tri-(2-hydroxyethyl) ammonium acetate;;;
23025;;1-Octyl-4-methylpyridinium tetrafluoroborate;;;
23026;;1-Octyl-3-methylpyridinium tetrafluoroborate;;;
23027;;1-Octylpyridinium bis(trifluoromethylsulfonyl)imide;;;
23028;;1-Octyl-4-methylpyridinium bis(trifluoromethylsulfonyl)imide;;;
23029;;1-Octyl-2-methylpyridinium bis(trifluoromethylsulfonyl)imide;;;
23031;;1-Octyl-4-methylpyridinium trifluoromethyl sulfonate;;;
23036;;1-Octyl-4-methylpyridinium dicyanamide;;;
23039;;1-Octyl-4-methylpyridinium hexafluoroarsenate;;;
23040;;1-Octyl-4-methylpyridinium  bis(pentafluoroethylsulfonyl)imide;;;
23076;;Benzyl-dimethyl-dodecane ammonium nitrate;;;
23077;;Benzyl-dimethyl-tetradecane ammonium nitrate;;;
23098;304-59-6;Potassium sodium tartrate;;;
23308;85100-76-1;1-Methyl-3-propylimidazolium bromide;;;
23312;7790-48-9;Tellurium tetraiodide;;;
23326;227617-70-1;1-Butyl-2,3-dimethylimidazolium hexafluorophosphate;;;
23344;742099-80-5;1-Ethyl-3-methylimidazolium tetracyanoborate;;;
23345;;1-Butyl-3-methylimidazolium tris(trifluoromethylsulfonyl)methide;;;
23346;827027-25-8;2-Hydroxyethyl trimethylammonium bis(trifluoromethylsulfonyl)imide;;;
23352;3008-50-2;Pentaerythritol tetraoctanoate;;;
23361;1510-16-3;1-Dodecanesulfonic acid;;;
23362;2386-53-0;Sodium dodecyl sulfonate;;;
23363;;Dodecane-1-sulfonic acid, potassium salt;;;
23364;;Dodecane-1-sulfonic acid, lithium salt;;;
23367;822-12-8;Tetradecanoic acid sodium salt;;;
23647;;Didecyldimethylammonium nitrate;;;
23660;;1-Ethyl-3-ethylimidazolium diethylphosphate;;;
23665;;n-Propylcholinium bis(trifluoromethylsulfonyl)imide;;;
23694;851856-47-8;1-Butyl-1-methylpyrrolidinium tris(pentafluoroethyl) trifluorophosphate;;;
23697;;Hexyl-(2-hydroxyethyl)-dimethyl ammonium tetrafluoroborate;;;
23699;;(2-Methyloyoxyethyl)dimethyl[(pentyloxy)methyl]ammonium acesulfamate;;;
23700;;(2-Hydroxyethyl)dimethylundecyloxymethylammonium dicyanamide;;;
23701;7512-17-6;N-Acetyl-beta-D-glucosamine;;;
23702;7772-94-3;N-Acetyl-beta-D-mannosamine;;;
23703;673-06-3;D-Phenylalanine;;;
23704;878027-73-7;1-Butyl-3-methylimidazolium tricyanomethanide;;;
23707;141-86-6;2,6-Diaminopyridine;;;
23731;12069-00-0;Lead(II) selenide;;;
23762;143314-17-4;1-Ethyl-3-methylimidazolium acetate;;;
23773;945611-27-8;1-Ethyl-3-methylimidazolium dimethylphosphate;;;
23806;12034-34-3;Sodium titanate;;;
23807;78041-07-3;1-Hydroxyethyl-3-methylimidazolium hexafluorophosphate;;;
23808;;1-Hydroxyethyl-3-methylimidazolium trifluoromethanesulfonate;;;
23809;174899-86-6;1-(2-Hydroxyethyl-3-methylimidazolium bis(trifluoromethylsulfonyl)imide;;;
23869;10031-18-2;Mercury(I) bromide;;;
23870;12030-97-6;Potassium titanate;;;
23926;132182-92-4;2-Trifluoromethyl-3-methoxy-1,1,1,2,3,4,4,5,5,5-decafluoropentane;;;
23964;701921-71-3;Trihexyl tetradecyl phosphonium dicyanamide;;;
23965;20445-94-7;Tributylethylphosphonium diethylphosphate;;;
23966;;Tributyl tetradecyl phosphonium dodecylbenzenesulfonate;;;
23972;;Triethyl-hexyl ammonium bis(trifluoromethylsulfonyl)imide;;;
23973;375395-33-8;Trioctyl methyl ammonium bis(trifluoromethylsulfonyl)imide;;;
23982;;Butyl-2-hydroxyethyl-dimethyl ammonium tetrafluoroborate;;;
23985;;1,3-Dihexyloxymethylimidazolium tetrafluoroborate;;;
23989;478935-29-4;1-Hexyl-3-methylimidazolium hydrogensulfate;;;
23990;412009-61-1;1-Ethyl-3-methylimidazolium hydrogensulfate;;;
24050;1100-88-5;Triphenylbenzylphosphonium chloride;;;
24062;;1,2,4,6,8-Pentamethylnaphthalene;;;
24076;;1,3-Dihexyloxymethylimidazolium bis(trifluoromethylsulfonyl)imide;;;
24077;69056-62-8;Tributylmethylphosphonium methylsulfate;;;
24157;98-04-4;Trimethylphenylammonium iodide;;;
24163;52617-03-5;3-Aminoheptane;;;
24280;;3-Methyl-1-vinylimidazolium methylsulfate;;;
24285;122-70-3;alpha-Methylbenzyl propionate;;;
24305;790663-77-3;1-Ethyl-3-methylimidazolium diethyleneglycolmonomethylethersulfate;;;
24309;;1-Butyronitrile-3-methylimidazolium bis(trifluoromethylsulfonyl)imide;;;
24318;;Cesium thiocyanate;;;
24393;;2-Aminononane;;;
24396;174899-89-9;1-Butyl-3-ethylimidazolium bis(trifluoromethylsulfonyl)imide;;;
24397;174899-88-8;1,3-Diethylimidazolium bis(trifluoromethylsulfonyl)imide;;;
24442;;1-Isobutyl-3-methylimidazolium bis(trifluoromethylsulfonyl)imide;;;
24444;178631-01-1;1-Methoxyethyl-3-methylimidazolium bis(trifluoromethylsulfonyl)imide;;;
24493;;N,N-Diethylhexanamide;;;
24494;111085-13-3;N,N-Dipentylpropionamide;;;
24505;;Uranyl trifluoroacetate;;;
24613;;2,4,4,6-Tetramethyl-1,3-dioxane;;;
24623;;1-Ethyl-2,3-dimethylimidazolium tetrafluoroborate;;;
24727;15572-25-5;Thallium(I) selenide;;;
24769;60-31-1;Acetylcholine chloride;;;
24775;1315-06-6;Tin selenide;;;
24882;;1-Hexyl-3-ethylimidazolium bis(trifluoromethylsulfonyl)imide;;;
24883;;1-Butyl-3-ethylimidazolium hexafluorophosphate;;;
25080;1927-06-6;Choline bromide;;;
25083;7221-40-1;Benzyldimethylethanolammonium chloride;;;
25190;258273-77-7;Dimethyl-ethyl-propylammonium bis(trifluoromethylsulfonyl)imide;;;
25192;210230-48-1;Triethyloctyl ammonium bis(trifluoromethylsulfonyl)imide;;;
25203;405514-94-5;Tributylmethylammonium bis(trifluoromethylsulfonyl)imide;;;
25204;344774-05-6;Triisobutylmethylphosphonium p-toluenesulfonate;;;
25219;;1-Ethyl-3-methylimidazolium perfluorobutanesulfonate;;;
25234;;1-Decyl-3-methylimidazolium tetrafluoroborate;;;
25236;61755-34-8;1-Hydroxyethyl-3-methylimidazolium chloride;;;
25247;3879-02-5;Rubidium thiocyanate;;;
25319;;1-Butyl-3-methylimidazolium bromide - aluminum trichloride;;;
25324;;(-)-Carveol (cis/trans isomer not specified);;;
25412;;Thorium(IV) nitrate bis(Tributyl phosphate);;;
25414;;Gadolinium(III) nitrate tris(Tributyl phosphate);;;
25464;2950-47-2;Dibutyl-phosphinic acid butyl ester;;;
25699;29463-06-7;Tris(2-hydroxyethyl)methylammonium methylsulfate;;;
25700;608140-12-1;1-Methyl-1-propylpiperidinium bis(trifluoromethylsulfonyl)imide;;;
25705;;Triethylsulfonium bis(trifluoromethylsulfonyl)imide;;;
25706;350493-08-2;1-Butyl-2,3-dimethylimidazolium bis(trifluoromethylsulfonyl)imide;;;
25709;;Acetylcholine bis(trifluoromethylsulfonyl)imide;;;
25713;;1-Decyl-3-methylimidazolium hexafluorophosphate;;;
25715;203389-26-8;1-Hexyl-3-methylimidazolium nitrate;;;
25716;203389-27-9;1-Octyl-3-methylimidazolium nitrate;;;
25717;412009-62-2;1-Decyl-3-methylimidazolium trifluoromethylsulfonate;;;
25722;220956-35-4;1-Butyl-3-methylimidazolium perchlorate;;;
25815;623580-02-9;1-Butyl-1-methylpiperidinium bis(trifluoromethylsulfonyl)imide;;;
25816;;1-Octyl-1-methylpiperidinium bis(trifluoromethylsulfonyl)imide;;;
25838;;Aluminum chloride diethyletherate;;;
25839;;Beryllium chloride bis(diethyletherate);;;
25909;;N,N-Diethyl-2,5-dimethylbenzamide;;;
26036;;Ethyl-(2-hydroxyethyl) dimethylammonium bis(trifluoromethylsulfonyl)imide;;;
26050;;Didecyl terephthalate;;;
26090;14874-86-3;Ammonium tetrafluoro beryllate;;;
26091;654057-97-3;Trihexyl tetradecyl phosphonium bromide;;;
26092;465527-59-7;Trihexyl tetradecyl phosphonium bis(2,4,4-trimethylpentyl)phosphinate;;;
26093;;Trihexyl tetradecyl phosphonium decanoate;;;
26200;;1-Methylimidazolium dibutylphosphate;;;
26234;;N-Butyl-4-methylpyridinium tosylate;;;
26323;868-18-8;Disodium Tartrate;;;
26390;;Uranyl monochloroacetate;;;
26391;;Uranyl trichloroacetate;;;
26456;58846-77-8;n-Decyl-.beta.-D-glucopyranosid;;;
26475;;Sodium aluminum sulfate;;;
26510;2002-24-6;Monoethanolamine hydrochloride;;;
26511;14426-21-2;Diethanolamine hydrochloride;;;
26512;;Triethanolamine hydrochloride;;;
26548;;n-Butyl-(2-hydroxyethyl) dimethylammonium bis(trifluoromethylsulfonyl)imide;;;
26568;;Sodium thioantimonate;;;
26647;3615-37-0;D(+)-Fucose;;;
26695;516474-01-4;[EMIM] methylsulfate;;;
26748;103173-73-5;1-Ethylpyridinium hexafluorophosphate;;;
26755;;Tetrabutylphosphonium formate;;;
26774;331717-63-6;1-Ethyl-3-methylimidazolium thiocyanate;;;
26782;527-07-1;Sodium-D-gluconate;;;
26807;21722-83-8;2-Cyclohexylethyl acetate;;;
26808;4442-79-9;2-Cyclohexylethanol;;;
26821;;Trimethyl orthotrifluoroacetate;;;
26826;38861-78-8;4-Isobutylacetophenone;;;
26827;;Sodium stearate;;;
27019;3922-28-9;1,12-Dichlorododecane;;;
27050;;2,4,6-Trinitro-N-ethylaniline;;;
27167;110-98-5;Bis(2-hydroxypropyl) ether;;;
27229;;1-(2-n-Propoxy-1-methylethoxy)-2-propanol;;;
27230;88917-22-0;Dipropylene glycol methyl ether acetate;DIPROPYLENE_GLYCOL_MONOMETHYL_ETHER_ACETATE;101.4525923;no_class_defined_in_mainclasses.txt
27274;888320-05-6;1-Hexyl-3-methylimidazolium acetate;;;
27284;404001-48-5;1-Dodecyl-3-methylimidazolium bis(trifluoromethylsulfonyl)imide;;;
27303;;Nonaethylenglykol mono-p-isooctylphenylether;;;
27504;;Sodium butyl monoethylene glycol sulfate;;;
27604;562-74-3;Terpinen-4-ol;;;
27650;23251-72-1;Bis(2-Hydroxyethyl) ammonium acetate;;;
27851;54634-49-0;1-Nitroso-2-pyrrolidone;;;
27874;16395-81-6;N-Methyl-N-nitrosobutyramide;;;
27886;29118-24-9;(E)-1,3,3,3-Tetrafluoroprop-1-ene;;;
27962;1190-63-2;Hexadecyl stearate;;;
28214;;1-Butyl-3-methylpyridinium tosylate;;;
28215;;1-Hexyl-3-methylpyridinium tosylate;;;
28216;59229-09-3;2,4,6-Collidinium tosylate;;;
28217;847499-74-5;1-Hexyl-3-methylimidazolium thiocyanate;;;
28237;;1,3-Dimethylpyridinium tosylate;;;
28350;15687-27-1;(+/-)-Ibuprofen;IBUPROFEN;101.27375;Acids
28483;;Beryllium thiocyanate;;;
28492;;1,3-Dibutylimidazolium bis(trifluoromethylsulfonyl)imide;;;
28596;;1-Butyl-3-methylimidazolium ethylsulfate;;;
28623;151200-14-5;1-Methylimidazolium tetrafluoroborate;;;
28624;712355-12-9;N-Butyl-3-methylpyridinium dicyanamide;;;
28626;370865-80-8;1-Butyl-1-methylpyrrolidinium dicyanamide;;;
28628;;1-Butyl-1-methylpyrrolidinium thiocyanate;;;
28647;59-02-9;alpha-Tocopherol;;;
28652;5306-85-4;Isosorbide dimethyl ether;DIMETHYL-ISOSORBIDE;109.0076667;Ether
28664;286453-46-1;1-Butyl-2-methylpyridinium tetrafluoroborate;;;
28689;;Monoethanolammonium nitrate;;;
28691;;Diethanolammmonium nitrate;;;
28692;;Triethanolammmonium nitrate;;;
28808;3458-72-8;Triammonium citrate;;;
28810;51307-92-7;Disodium tartrate (+/-);;;
28844;356065-50-4;Brazil nut oil;;;
28845;438545-25-6;Macadamia nut oil;;;
28944;29122-68-7;Atenolol;;;
28979;;Dibutyl-diethylamino phosphine oxide;;;
28980;;Butyl-di(diethylamino) phosphine oxide;;;
28981;;Tri-(diethylamino) phosphine oxide;;;
28982;;Heptyl diethyl phosphine oxide;;;
28983;;Ethyl dipentyl phosphine oxide;;;
28984;;Hexyl dipropyl phosphine oxide;;;
28985;;Octyl diethyl phosphine oxide;;;
29023;244193-48-4;1-Propyl-3-methylimidazolium tetrafluoroborate;;;
29308;18479-58-8;2,6-Dimethyl-7-octen-2-ol;;;
29347;;N-Methyl-2-hydroxyethylammonium acetate;;;
29348;;N-Methyl-2-hydroxyethylammonium propanoate;;;
29349;;N-Methyl-2-hydroxyethylammonium butyrate;;;
29351;;N-Methyl-2-hydroxyethylammonium pentanoate;;;
29433;;Tributyl tetradecyl phosphonium chloride;;;
29519;2190-04-7;Octadecylammonium acetate;;;
29541;98892-75-2;1-Butyl-2,3-dimethylimidazolium chloride;;;
29625;25155-30-0;Sodium dodecylbenzenesulfonate (mixture of isomeres);;;
29810;;Dichlorobenzene <Isomer not specified>;;;
29852;433337-21-4;1-Nonyl-3-methylimidazolium bis(trifluoromethylsulfonyl)imide;;;
30054;377739-43-0;1-Ethyl-3-methylimidazolium tris(pentafluoroethyl)trifluorophosphate;;;
30341;;1-Butyl-3-methylimidazolium glutamic acid (1:1);;;
30351;116237-97-9;Tetra-n-butylphosphonium tosylate;;;
30358;;Tetra-n-butylphosphonium methanesulfonate;;;
30367;25322-68-3;Polyethylene glycol 1000;;;
30583;474368-70-2;N-Hexylpyridinium tetrafluoroborate;;;
30747;25322-68-3;Polyethylene glycol 4000;;;
30764;68439-51-0;DEHYPON LS 54;;;
30789;;1-Octyl-3-methylimidazolium bis(pentafluoroethylsulfonyl)imide;;;
30800;390423-43-5;1-Butylpyridinium trifluoromethanesulfonate;;;
30825;;1-Heptyl-3-methylimidazolium bromide;;;
30841;;1-Ethyl-3-methylimidazolium L-.alpha.-aminopropionic acid salt;;;
30848;;1-Ethyl-3-methylimidazolium aminoethanic acid salt;;;
30918;171611-11-3;Lithium bis(fluorosulfonyl)imide;;;
30940;857841-32-8;1-Butyl-3-methylpyridinium trifluoromethanesulfonate;;;
31059;;Silver(I)(N,N-dimethylbenzoamide) bis(trifluoromethylsulfonyl)imide;;;
31088;1984-58-3;2,5-Dichloroanisole;;;
31089;36404-30-5;3,4-Dichloroanisole;;;
31099;60633-25-2;2-Bromo-4-chloroanisole;;;
31135;7372-88-5;4-Methyl-dibenzothiophene;;;
31351;;N-Butylquinolinium bis(trifluoromethylsulfonyl)imide;;;
31371;179863-07-1;1-Methylimidazolium-3-butylsulfonate;;;
31372;;1-Octyl-3-methylimidazolium acetate;;;
31461;593-29-3;Potassium stearate;;;
31498;6753-98-6;alpha-Caryophyllene;;;
31522;1779-49-3;Methyltriphenylphosphonium bromide;;;
31598;35487-17-3;1-Methylimidazolium chloride;;;
31609;712354-99-9;1-Ethyl-2-methylpyridinium bis(trifluoromethylsulfonyl)imide;;;
31610;841251-37-4;1-Ethyl-3-methylpyridinium bis(trifluoromethylsulfonyl)imide;;;
31611;712355-03-8;1-Ethyl-4-methylpyridinium bis(trifluoromethylsulfonyl)imide;;;
31638;507-63-1;Perfluorooctyl iodide;;;
31650;;N-Methylpyridinium methylsulfate;;;
31661;;Tetrabutylammonium dodecyl sulfate;;;
31665;;1-Methyl-3-propylpyridinium hexafluorophosphate;;;
31702;1251-85-0;Diantipyrylmethane;;;
31703;;Methyldiantipyrylmethane;;;
31704;;Propyldiantipyrylmethane;;;
31791;;1-Butyl-3-methylimidazolium tetraisothiocyanato-cobaltate(II);;;
31792;;1-Ethyl-3-methylimidazolium tetraisothiocyanato-cobaltate(II);;;
31891;;Bis(2-hydroxyethyl)ammonium propionate;;;
31910;;1-Butyl-1-methylpiperidinium thiocyanate;;;
32025;87-72-9;L-(+)-Arabinose;;;
32032;;1-Ethyl-2,3-dimethylimidazolium ethylsulfate;;;
32050;635-89-2;Diamylbenzene;;;
32052;;Amylnaphthalene;;;
32077;1207-12-1;4,6-Dimethyldibenzothiophene;;;
32157;112400-86-9;4-Methyl-N-butylpyridinium chloride;;;
32158;125652-55-3;3-Methyl-N-butylpyridinium chloride;;;
32292;;1-Ethyl-1-methylpiperidinium bis(trifluoromethylsulfonyl)imide;;;
32320;;Propyldibutylphosphine oxide;;;
32406;;1-(3-Hydroxypropyl)pyridinium bis(trifluoromethylsulfonyl)imide;;;
32411;;1-(3-Hydroxypropyl)pyridinium trifluorotris(perfluoroethyl)phosphate;;;
32468;;Imidazolium chloride;;;
32569;;N-Butyl-3-methylpyridinium tricyanomethanide;;;
32570;;1,1,1,2,2,3,3,4,4-Nonafluorononane;;;
32571;;1,1,1,2,2,3,3,4,4-Nonafluorodecane;;;
32572;;1,1,1,2,2,3,3,4,4-Nonafluorododecane;;;
32573;9002-93-1;Triton-X-114;;;
32584;666823-18-3;1-Ethyl-3-methylimidazolium tricyanomethide;;;
32598;;1-Ethyl-3-methylimidazolium butylsulfate;;;
32599;942916-86-1;1-Ethyl-3-methylimidazolium hexylsulfate;;;
32609;647-42-7;3,3,4,4,5,5,6,6,7,7,8,8,8-Tridecafluoro-1-octanol;;;
32625;342789-81-5;1-Butyl-3-methylimidazolium methanesulfonate;;;
32662;;1,3-Dimethylimidazolium methyl phosphonate;;;
32695;171058-21-2;1-Tetradecyl-3-methylimidazolium chloride;;;
32715;;1-Ethyl-3-butylbenzotriazolium hexafluorophosphate;;;
32748;9002-92-0;Polyethylene glycol dodecyl ether (Brij 35);;;
32830;;1-Pentyl-3-methylimidazolium bromide;;;
32833;;1-(6-Hydroxyhexyl)-3-methylimidazolium chloride;;;
33099;;N-Benzylpyridinium bis(trifluoromethylsulfonyl)imide;;;
33100;433337-24-7;1-Benzyl-3-methylimidazolium bis(trifluoromethylsulfonyl)imide;;;
33117;;N-Hexyl-3-methylpyridinium chloride;;;
33173;;1-Pentyl-3-methylimidazolium chloride;;;
33188;;1,1,1,2,2,3,3,4,4,5,5,6,6-Tridecafluoro-dodecane;;;
33191;929-73-7;Dodecylamine hydrochloride;;;
33231;107-43-7;Glycine betaine;;;
33254;927021-42-9;N-Hexylquinolinium bis(trifluoromethylsulfonyl)imide;;;
33257;;N-Octylisoquinolinium bis(trifluoromethylsulfonyl)imide;;;
33258;957763-47-2;N-Butylisoquinolinium bis(trifluoromethylsulfonyl)imide;;;
33289;;1-Butyl-1-methylpyrrolidinium tetracyanoborate;;;
33308;;1-Benzyl-3-methylimidazolium methylsulfate;;;
33309;36443-80-8;1-Benzyl-3-methylimidazolium chloride;;;
33344;;1-(2-Methoxyethyl)-1-methylpyrrolidinium tris(pentafluoroethyl) trifluorophosphate;;;
33345;757240-24-7;1-(2-Methoxyethyl)-1-methylpyrrolidinium  bis(trifluoromethylsulfonyl)imide;;;
33368;;1-Hexyl-3-methylimidazolium tetracyanoborate;;;
33369;;1-Butyl-3-methylimidazolium tetracyanoborate;;;
33370;655249-87-9;1-Allyl-3-methylimidazolium bis(trifluoromethylsulfonyl)imide;;;
33394;3012-65-5;Diammonium hydrogen citrate;;;
33528;;1-Butyl-3-methylpyridinium tetracyanoborate;;;
33671;;2-Hydroxyethyl ammonium propanoate;;;
33689;42107-37-9;1-(1-Chloroethenyl)-4-methyl-benzene;;;
33847;891772-94-4;1-Butyl-3-methylimidazolium dimethylphosphate;;;
33900;;4-(2-Methoxyethyl)-4-methylmorpholinium bis(trifluoromethylsulfonyl)imide;;;
33901;;1-(2-Methoxyethyl)-1-methylpiperidinium bis(trifluoromethylsulfonyl)imide;;;
33909;9002-93-1;Triton-X-165;;;
33920;235789-75-0;1-Ethyl-3-methylimidazolium bis(fluorosulfonyl)imide;;;
33955;;1-Hexyl-2,4-dimethylpyridinium bis(trifluoromethylsulfonyl)imide;;;
34073;;Tetra-n-butylammonium dodecylbenzenesulfonate;;;
34159;106572-68-3;Choline propanoate;;;
34237;;N-Methyl-2-hydroxyethylammonium hexanoate;;;
34257;;N-Butyl-N-methylpyrrolidinium bis(fluorosulfonyl)amide;;;
34395;;1-Hexyl-3-methylimidazolium dicyanamide;;;
34449;;Trioctyl methylammonium octanoate;;;
34450;;Tetrakis(Decyl)ammonium 1-methylcyclohexanecarboxylate;;;
34451;;Tetraoctylammonium 2-methyl-1-naphthaoate;;;
34454;;1,3-Dibutyronitrile-imidazolium bis(trifluoromethylsulfonyl)imide;;;
34455;;1-Acryloyloxyethyl-3-methylimidazolium bis(trifluoromethylsulfonyl)imide;;;
34456;;1-[(Aminocarbonyl)methyl]-3-methylimidazolium bis(trifluoromethylsulfonyl)imide;;;
34457;189114-61-2;Silver bis(trifluoromethylsulfonyl)imide;;;
34465;;S-Butyltetrahydrothiophenium bis(trifluoromethylsulfonyl)imide;;;
34501;128446-35-5;2-Hydroxypropyl .beta.-cyclodextrin;;;
34532;;1-Decyl-3-methylimidazolium tetracyanoborate;;;
34533;;Trihexyl tetradecyl phosphonium tetracyanoborate;;;
34539;847499-72-3;1-Octyl-3-methylimidazolium thiocyanate;;;
34542;639092-18-5;Trihexyl tetradecyl phosphonium tris(pentafluoroethyl)trifluorophosphate;;;
34554;;1-Methylimidazolium perchlorate;;;
34559;;1-Butyl-3-ethylimidazolium tetrafluoroborate;;;
34560;;1-Butyl-3-propylimidazolium tetrafluoroborate;;;
34561;;1,3-Dibutylimidazolium tetrafluoroborate;;;
34562;14586-35-7;Choline acetate;;;
34563;3922-86-9;Choline butanoate;;;
34565;;Choline hexanoate;;;
34570;;1-Ethyl-3-methyl-pyridinium  bis(fluorosulfonyl)imide;;;
34571;16052-06-5;3-(4-(2-Hydroxyethyl)piperazin-1-yl)propanesulfonic acid;;;
34573;;Triethyl-heptyl ammonium bis(trifluoromethylsulfonyl)imide;;;
34574;;Triethyl-decyl ammonium bis(trifluoromethylsulfonyl)imide;;;
34575;;Triethyl-dodecyl ammonium bis(trifluoromethylsulfonyl)imide;;;
34579;;4-(2-Methoxyethyl)-4-methylmorpholinium trifluorotris(perfluoroethyl)phosphate;;;
34580;;(1-(2-Methoxyethyl)-1-methylpiperidinium trifluorotris(pentafluoroethyl)phosphate;;;
34593;6540-99-4;3,6,9,12,15,18,21,24,27,30-Decaoxadotetracontan-1-ol;;;
34644;10534-59-5;Tetrabutylammonium acetate;;;
34842;;9-Ethyl-dodecahydro-carbazole;;;
35033;;N-Octylpyridinium nitrate;;;
35044;203389-24-6;N-Butylpyridinium nitrate;;;
35209;13529-17-4;5-Formyl-2-furancarboxylic acid;;;
35270;2052-15-5;Levulinic acid n-butyl ester;;;
35282;;1-Propyl-1-methylpyrrolidinium trifluoromethanesulfonate;;;
35318;;N-Hexylisoquinolinium bis(trifluoromethylsulfonyl)imide;;;
35367;;N-Hexylisoquinolinium thiocyanate;;;
35378;384347-09-5;2-Methyl-N-butylpyridinium bis(trifluoromethylsulfonyl)imide;;;
35448;63393-96-4;Aliquat 336;;;
35476;681281-87-8;1-H-3-methylimidazolium hydrogensulfate;;;
35478;875-51-4;4-Bromo-2-nitroaniline;;;
35994;;1-Ethyl-3-methylimidazolium ethanesulfonate;;;
36027;5703-94-6;Tetraethylene glycol monodecyl ether;;;
36068;;Sodium 2-methyl-5(1-methylethyl)benzenesulfonate;;;
36111;;1-(2-Hydroxyethyl)-3-methylimidazolium tris(pentafluoroethyl)trifluorophosphate;;;
36153;12068-69-8;Bismuth selenide;;;
36168;;Lithium hydride;;;
36199;17274-16-7;Sodium 2,4-dimethylbenzoate;;;
36200;32642-28-7;Sodium 2,4,6-trimethylbenzoate;;;
36201;17264-53-8;Sodium p-tert-butylbenzoate;;;
36207;827-21-4;2,4-Dimethylbenzenesulfonic acid, sodium salt;;;
36208;6148-75-0;2,4,6-Trimethylbenzenesulfonic acid, sodium salt;;;
36220;63452-57-3;2-Methyl-5-tert-butylbenzenesulfonic acid, sodium salt;;;
36221;15763-80-1;2,5-Diisopropylbenzenesulfonic acid, sodium salt;;;
36316;9002-93-1;Triton-X-102;;;
36323;350-48-1;1-Ethylpyridinium tetrafluoroborate;;;
36330;;1-Hexyl-3-methylpyridinium trifluoromethanesulfonate;;;
36331;60415-61-4;2-Pentyl butyrate;;;
36431;10120-28-2;1,1,2,2,3,3,4,4,5,5,6-Undecadeuterio-6-(trideuteriomethyl)cyclohexane;;;
36744;8008-20-6;Kerosene;;;
36746;9005-65-6;Tween 80;;;
36758;;Sunflower Oil Biodiesel;;;
36816;521304-36-9;1,3-Dimethylimidazolium methanesulfonate;;;
36817;;1,3-Dibutylimidazolium methanesulfonate;;;
37215;;Palm oil;;;
37376;827033-71-6;N-Butylpyridinium dicyanamide;;;
37486;;Bis-(3-methyl-1-imidazole)-propylene hydrogen sulphate;;;
37487;;Bis-(3-methyl-1-imidazole)-hexylene hydrogen sulphate;;;
37534;;Canola Oil Biodiesel;;;
37666;1906-79-2;Ethylpyridinium bromide;;;
37737;;gamma-Tocotrienol;;;
37862;;3-p-Nonylphenoxy-2-hydroxypropyltrimethylammonium bromide;;;
37865;6283-86-9;2-Ethylhexyl lactate;;;
37925;;N-Octylisoquinolinium thiocyanate;;;
37997;956592-43-1;1-Butyl-3-cyanopyridinium bis((trifluoromethyl)sulfonyl)imide;;;
37999;;1-Hexyl-3-cyanopyridinium bis((trifluoromethyl)sulfonyl)imide;;;
38000;;1-Octyl-3-cyanopyridinium bis((trifluoromethyl)sulfonyl)imide;;;
38001;;1-Hexyl-4-cyanopyridinium bis((trifluoromethyl)sulfonyl)imide;;;
38092;;1-n-Octyl-3-methylimidazolium tetrachloroaluminate;;;
38228;541-09-3;Uranyl acetate;;;
38471;;1-Pentyl-1-methylpiperidinium bis(trifluoromethylsulfonyl)imide;;;
38472;927820-65-3;1-Hexyl-1-methylpiperidinium bis(trifluoromethylsulfonyl)imide;;;
38497;;N-hexyl-benzothiazolium hexafluorophosphate;;;
38565;878027-72-6;1-Butyl-1-methylpyrrolidinium tricyanomethanide;;;
38604;;1-Nonyl-3-methylimidazolium chloride;;;
39082;;1-(Z-Octadec-9-enyl)-3-methylimidazolium bis(trifluoromethylsulfonyl)imide;;;
39109;;Cholinium glycinate;;;
39110;;Cholinium L-alaninate;;;
39113;;Cholinium L-serinate;;;
39224;;1,1,1,2,2,3,3,5,5,5-Decafluoro-4-methoxy-4-(trifluoromethyl)pentane;;;
39605;;2,2-Dialkylpropionic acid (C9);;;
39776;;Versatic 9 vinyl ester;;;
39822;8001-29-4;Cottonseed oil;;;
40012;;1-Ethyl-3-methylpyridinium perfluorobutanesulfonate;;;
40077;;1-Propyl-3-methylimidazolium acetate;;;
40257;;4-Decyl-4-methylmorpholinium tetracyanoborate;;;
40258;;N-Decyl-N-methylmorpholinium bis(trifluoromethylsulfonyl)imide;;;
40358;;para-Hydrogen;;;
40383;;Alamine 300;;;
40548;827033-52-3;1-Butyl-1-methylpiperidinium dicyanamide;;;
40549;;1-Butyl-4-methylpyridinium dicyanamide;;;
40572;;Lithium deuteride;;;
40674;;N-(2-Hydroxyethyl) pyridinium bis(trifluoromethanesulfonyl)imide;;;
40837;;1-Hexyl-3-methylimidazolium methylsulfonate;;;
40839;;1-Hexyl-3-methylimidazolium ethylsulfonate;;;
40841;;1-Butyl-3-methylimidazolium ethylsulfonate;;;
40842;;1-Pentyl-3-methylimidazolium methylsulfonate;;;
40843;;1-Ethyl-3-methylimidazolium butylsulfonate;;;
40844;;1-Ethyl-3-methylimidazolium hexylsulfonate;;;
40896;;1-Hexyl-3-methylimidazolium nonafluorobutyl sulfonate;;;
40977;39198-07-7;N-Ethyl-N-methylpropan-2-amine;;;
41110;;1-Ethyl-3,5-dimethyl-2-pentylpyridinium bis(trifluoromethylsulfonyl)imide;;;
41119;;1-Butyl-4-cyanopyridinium bis((trifluoromethyl)sulfonyl)imide;;;
41247;898256-50-3;1-Hexyl-1,4-diaza[2.2.2]bicyclooctanium bis(trifluoromethylsulfonyl)imide;;;
41285;;1-Butylimidazolium bis(trifluoromethylsulfonyl)imide;;;
41286;;1-Butylpyrrolidinium bis(trifluoromethylsulfonyl)imide;;;
41295;;N-Ethyl-N-methylmorpholinium bis(trifluoromethylsulfonyl)imide;;;
42014;1319-77-3;Cresol (isomer not specified / undefined mixture of isomers);;;
42042;2923-28-6;Silver trifluoromethanesulfonate;;;
42044;501693-38-5;1-Ethylimidazolium nitrate;;;
42488;855788-60-2;Trihexyl tetradecyl phosphonium tricyanomethanide;;;
43173;;Ethyl(2-methoxyethyl)dimethylammonium trifluoridotris(pentafluoroethyl)phosphate;;;
43297;;N-Ethyl-N-methylmorpholinium dicyanamide;;;
43308;;1-Heptyl-3-methylimidazolium trifluoromethylsulfonate;;;
43323;2304-30-5;Tetrabutylphosphonium chloride;;;
43332;2016-36-6;Cholinium salicylate;;;
43334;87-67-2;Cholinium bitartrate;;;
43335;77-91-8;Cholinium dihydrogencitrate;;;
43351;;1-Butyl-1-methylmorpholinium tricyanomethanide;;;
43356;;Thallium(I) ethoxide;;;
43377;74440-81-6;N-Hexylpyridinium bromide;;;
43422;;Ethylimidazolium bis(trifluoromethanesulfonyl)amide;;;
43513;;1-(2-Methoxyethyl)-3-methylimidazolium bromide;;;
43520;74338-98-0;Glycerol-1-tert-butyl ether;;;
43521;;Glycerol-2-tert-butyl ether;;;
43522;;Glycerol-1,2-di-tert-butyl ether;;;
43523;79808-30-3;Glycerol-1,3-di-tert-butyl ether;;;
43524;;Glycerol-tri-tert-butyl ether;;;
43541;69227-51-6;N-Ethyl-N-methylpyrrolidinium bromide;;;
43543;65039-04-5;1-Ethyl-3-methylimidazolium perchlorate;;;
43562;;n-Hexanol-D;;;
43563;;n-Heptanol-D;;;
43564;;n-Nonanol-D;;;
43565;;1-Butyl-3-pentylimidazolium bis(trifluoromethylsulfonyl)imide;;;
43566;;1-Butyl-3-isopentylimidazolium bis(trifluoromethylsulfonyl)imide;;;
43567;;1-Butyl-3-cyclopentylimidazolium bis(trifluoromethylsulfonyl)imide;;;
43611;;Silver dimolybdate;;;
43782;;1,3-Dipropylimidazolium bis(trifluoromethylsulfonyl)imide;;;
43783;;1,3-Dipentylimidazolium bis(trifluoromethylsulfonyl)imide;;;
43867;;Benzothiazolium methanesulfonate;;;
43970;;1-Hexyl-1,8-diazobicyclo[5.4.0]undec-7-ene thiocyanate;;;
44140;13205-57-7;2-Aminotridecane;;;
44141;13205-56-6;2-Undecanamine;;;
44142;617-79-8;2-Ethylbutylamine;;;
44149;464927-84-2;Diethyl-methyl-2-methoxyethyl ammonium bis(trifluoromethylsulfonyl)imide;;;
44152;541-15-1;(-)-L-Carnitine;;;
44153;90023-96-4;1-Methylbutyl methyl amine;;;
44348;;1-Vinyl-3-pentylimidazolium bromide;;;
44349;74921-79-2;1-Vinyl-3-hexylimidazolium bromide;;;
44350;349148-76-1;1-Vinyl-3-octylimidazolium bromide;;;
44351;349148-78-3;1-Vinyl-3-decylimidazolium bromide;;;
44354;;1-Vinyl-3-(ethyl-2-propanoate)imidazolium chloride;;;
44519;9004-95-9;Polyethylene glycol hexadecyl ether  (Brij 58);;;
44551;;2-Hydroxyethylammonium butanoate;;;
44552;;2-Hydroxyethylammonium pentanoate;;;
44558;347882-21-7;1-Propyl-3-ethylimidazolium bis(trifluoromethylsulfonyl)imide;;;
44565;;1,3-Didecylimidazolium bis(trifluoromethylsulfonyl)imide;;;
44566;;1,3-Dinonylimidazolium bis(trifluoromethylsulfonyl)imide;;;
44567;;1,3-Dioctylimidazolium bis(trifluoromethylsulfonyl)imide;;;
44568;;1,3-Diheptylimidazolium bis(trifluoromethylsulfonyl)imide;;;
44574;;Trioctylmethylphosphonium bis(trifluoromethylsulfonyl)imide;;;
44577;917956-73-1;1-Allyl-3-methylimidazolium dicyanamide;;;
44588;;gamma-Butyrolactamium acetate;;;
44589;;gamma-Butyrolactamium hexanoate;;;
44591;;epsilon-Caprolactamium acetate;;;
44592;;epsilon-Caprolactamium hexanoate;;;
44630;;Tris(ethylenediamine) cobalt(III) bromide;;;
44642;;1,3-Dihexylimidazolium bis(trifluoromethylsulfonyl)imide;;;
44644;;1-Undecyl-3-methylimidazolium bis(trifluoromethylsulfonyl)imide;;;
44646;;1-Heptyl-3-methylimidazolium chloride;;;
44664;;1-Butyl-3-methylimidazolium 4,5-dicyano-2-(trifluoromethyl)imidazolide;;;
44676;27638-00-2;Mixture of Dilaurin isomers;;;
44677;27215-38-9;Monolaurin (isomer not specified);;;
44709;13353-03-2;Trimethylene glycol dimethyl ether;;;
44727;951021-12-8;1,3-Dihydroxyimidazolium bis(trifluoromethylsulfonyl)imide;;;
44763;;1-Methylimidazolium bis(trifluoromethylsulfonyl)imide;;;
44764;792188-85-3;Diethylmethylsulfonium bis(trifluoromethylsulfonyl)imide;;;
44811;;1,2-Butanediol- d2;;;
44812;;1,2-Hexanediol- d2;;;
44835;;1-Hexyl-3-methylimidazolium tricyanomethide;;;
44836;;1-Octyl-3-methylimidazolium tricyanomethide;;;
44849;94280-72-5;N-Butyl-N-methylpiperidinium bromide;;;
44850;54644-39-2;N-Ethyl-N-methylpiperidinium bromide;;;
44949;;1-(1-Methyl-2-piperidinyl)acetone;;;
44975;;Silver(I)/propylamine bis(trifluoromethylsulfonyl)imide;;;
45087;;1-Butyl-3-methylimidazolium L-valine salt;;;
45088;;1-Butyl-3-methylimidazolium L-leucine salt;;;
45154;;Methyl triethyl ammonium tosylate;;;
45155;;Methyl tributyl ammonium tosylate;;;
45156;;Methyl tripentyl ammonium tosylate;;;
45157;;Methyl trihexyl ammonium tosylate;;;
45158;;1,3-Dimethylimidazolium n-octylsulfate;;;
45162;;1-Hexyl-3-methylimidazolium glutamate;;;
45304;;4-(3-Hydroxypropyl)-4-methylmorpholinium bis(trifluoromethylsulfonyl)imide;;;
45426;;Yttrium (III) nitrate tris(tributyl phosphate);;;
45427;;Lutetium (III) nitrate tris(tributyl phosphate);;;
45739;;1,4-Bis[N-(N'-methylimidazolium)]butane dibromide;;;
45802;;Triethyl octyl phosphonium bis(trifluoromethylsulfonyl)imide;;;
46217;1124-64-7;N-Butylpyridinium chloride;;;
46218;479500-35-1;1-Butyl-1-methylpyrrolidinium chloride;;;
46354;;1-Butyl-4-methylpyridinium tricyanomethanide;;;
46373;;Ethyl N,N,N-tributylglycinium bromide;;;
46381;;1-Butyl-3,5-dimethyl-2-pentylpyridinium dicyanamide;;;
46426;;1-Butyl-3-methylimidazolium dihydrogenphosphate;;;
46438;;N-(2-Hydroxyethyl)-N,N-dimethyl-N-pentylammonium bis(trifluoromethylsulfonyl)imide;;;
46521;5922-92-9;Tetrahexylammonium chloride;;;
46554;;N-Benzyl-N-methylmorpholinium bis(trifluoromethylsulfonyl)imide;;;
46555;;N-Allyl-N-methylmorpholinium bis(trifluoromethylsulfonyl)imide;;;
46587;;1,1,1,2,2,3,3,4,4,5,5,6,6-tridecafluorotetradecane;;;
46625;65756-41-4;N-Ethyl-N-methylmorpholinium bromide;;;
46657;26898-17-9;Dibenzyltoluene - isomeric mixture;;;
46660;;Perhydrodibenzyltoluene - isomeric mixture;;;
46666;;Octahydrodibenzyltoluene - isomeric mixture;;;
46667;;Dodecahydrodibenzyltoluene - isomeric mixture;;;
46668;;Tridecahydrodibenzyltoluene - isomeric mixture;;;
47140;;1-Dodecyl-3-methylimidazolium perfluorobutanesulfonate;;;
47197;;1-Decyl-3-methylpyridinium bis(trifluoromethylsulfonyl)imide;;;
47198;;1-Dodecyl-3-methylpyridinium bis(trifluoromethylsulfonyl)imide;;;
47199;;1-Tetradecyl-3-methylpyridinium bis(trifluoromethylsulfonyl)imide;;;
47200;80806-68-4;1H,1H,2H,2H,3H,3H-Perfluorononanol;;;
47248;128-50-7;Nopol;;;
47249;128-51-8;Nopyl acetate;;;
47325;;N-Butyl-4-cyanopyridinium tricyanomethanide;;;
48699;324574-91-6;Butyltriethylammonium bis(trifluoromethylsulfonyl)imide;;;
48941;13352-75-5;Tetramethylene glycoldimethyl ether;;;
49094;;Monostearin (isomer not specified);;;
49102;56004-61-6;Perdeutero-o-xylene;;;
49351;4165-57-5;Bromobenzene-d5;;;
49464;;Methyl linoleate <isomer not specified>;;;
49480;;Octyl-triethylphosphonium 2-cyanopyrrolide;;;
49554;;Trihexyl tetradecyl phosphonium benzotriazolide;;;
49556;;Trihexyl tetradecyl phosphonium 1,2,3-triazolide;;;
49558;;Trihexyl tetradecyl phosphonium benzimidazolide;;;
49560;;Trihexyl tetradecyl phosphonium 1,2,4-triazolide;;;
49566;;Tetrabutylphosphonium caproate;;;
49567;;Tetrabutylphosphonium caprylate;;;
49748;;Tricaprylmethylammonium thiocyanate;;;
49753;;1-Methoxyethyl-3-methylimidazolium dicyanamide;;;
50013;;Poly ethylene glycol dimethyl ether 2000;;;
50014;;Poly ethylene glycol dimethyl ether 500;;;
50113;174899-64-0;1-Butyl-3-ethylimidazolium bromide;;;
50445;;n-Decane-1-(14)C;;;
50456;;2-Methyl-(14)C-decalin;;;
50704;;N,N,-Dimethylcyclohexanammonium bicarbonate;;;
50736;;1,3-Diundecylimidazolium bis(trifluoromethylsulfonyl)imide;;;
50863;;1-Vinyl-3-butylimidazolium trichlorobromoferrate;;;
50864;;1-Vinyl-3-pentylimidazolium trichlorobromoferrate;;;
50865;;1-Vinyl-3-hexylimidazolium trichlorobromoferrate;;;
50866;;1-Vinyl-3-octylimidazolium trichlorobromoferrate;;;
50867;;1-Vinyl-3-decylimidazolium trichlorobromoferrate;;;
50868;;1-Vinyl-3-butylimidazolium tetrachloroferrate;;;
50869;;1-Vinyl-3-octylimidazolium tetrachloroferrate;;;
50877;;1-Vinyl-3-(ethyl acetate)imidazolium tetrachloroferrate;;;
50879;;1-Vinyl-3-(ethyl-2-propanoate)imidazolium tetrachloroferrate;;;
51031;;Hexadecyltrimethylammonium bis(trifluoromethylsulfonyl)imide;;;
51236;;Trihexyl tetradecyl phosphonium imidazolide;;;
51550;;1-Butyl-1-methylpiperidinium trifluoromethanesulfonate;;;
51581;;N-Hexylpyridinium nitrate;;;
51641;958445-60-8;1-Benzyl-3-methylimidazolium dicyanamide;;;
52129;;Perfluoroheptane (mixture of isomers);;;
52130;161981-34-6;7,7,8,8,8-Pentafluoro-1-octanol;;;
52132;;1,1,1,2,2-Pentafluoro-n-octane;;;
52510;;1-Methyl-3-propylimidazolium hydrogensulfate;;;
52520;;1-Octyl-3-methylimidazolium glutamate;;;
52824;81505-35-3;1-Ethylimidazolium chloride;;;
52826;;Tetramethylammonium 4-(2-hydroxyethyl)-1-piperazinepropanesulfonic acid;;;
52886;;1-Benzyl-3-vinylimidazolium bis(trifluoromethylsulfonyl)imide;;;
52902;;Trihexyl tetradecyl phosphonium 4-nitropyrazolide;;;
52933;;Trihexyl tetradecyl phosphonium tetrazolide;;;
52990;675-09-2;4,6-Dimethylpyran-2-one;;;
53238;;1-Isobutyl-3-methylpyridinium bis(trifluoromethylsulfonyl)imide;;;
53239;;1-Isobutyl-1-methylpyrrolidinium bis(trifluoromethylsulfonyl)imide;;;
53240;;1-Isobutyl-1-methylpiperidinium bis(trifluoromethylsulfonyl)imide;;;
53460;26171-83-5;(RS)-1,2-Butanediol;;;
53730;30345-49-4;Tetrabutylphosphonium acetate;;;
53732;;Tetrabutylphosphonium butyrate;;;
53997;153-94-6;D-Tryptophan;;;
54351;757212-04-7;1-(2-Hydroxyethyl)-1-methylpyrrolidinium bis(trifluoromethylsulfonyl)imide;;;
54353;;Monopropylene glycol methyl ether acetate;;;
54440;;Diethanolamine butyrate;;;
54515;;Choline phenylalanine;;;
54516;;Choline leucine;;;
54517;;Choline valine;;;
54552;36177-92-1;N-Butyl-2,2,6,6-tetramethylpiperidin-4-amine;;;
54582;;Cholinium perfluoropentanoate;;;
54583;;Cholinium perfluorohexanoate;;;
54584;;Cholinium perfluoroheptanoate;;;
54662;;1-Octyl-3-methylimidazolium perchlorate;;;
55086;;Sodium cyclohexanoate;;;
55264;59765-97-8;4-Ethyl-2-methyl-1,3-dioxolane;;;
55364;;1-Decyl-3-methylimidazolium perfluorobutanesulfonate;;;
55442;845790-13-8;1-Butyl-1-methylpiperidinium chloride;;;
55451;17081-35-5;Butylammonium propanoate;;;
56485;;Aliquat acetate;;;
56566;870296-14-3;1-Hexyl-1-methylmorpholinium bis(trifluoromethylsulfonyl)imide;;;
57518;;Chloropropanol;;;
57584;;N-Ethyl-N-methylpyrrolidinium acetate;;;
57585;;N-Ethyl-N-methylpyrrolidinium trifluoroacetate;;;
57586;;N-Ethyl-N-methylpyrrolidinium hexanoate;;;
57587;;N-Ethyl-N-methylpyrrolidinium adipate;;;
57829;75277-39-3;4-(2-Hydroxyethyl)piperazine-1-ethanesulfonic acid sodium salt;;;
57840;882489-11-4;Tetrabutylphosphonium trifluoroacetate;;;
57841;57702-65-5;Tributyloctylphosphonium bromide;;;
57870;25961-91-5;Triethylene glycol monopentyl ether;;;
57935;70-53-1;DL-Lysine monohydrochloride;;;
57968;6258-73-7;2,4-Diphenyl-4-methylpent-2-ene;;;
57972;598-09-4;2-(Chloromethyl)-2-methyloxirane;;;
57973;621-76-1;1-(Dipropoxymethoxy)propane;;;
57974;628-08-0;Acetic acid but-2-enyl ester (isomer not specified);;;
58035;;Diethyldiiospropylbenzene (isomer not specified);;;
58176;;2-Ethyl-1,1,3,3-tetramethylguanidinium 1-oxyl(radical)-2,2,6,6-tetramethylpiperidin-4-yl sulfate;;;
58177;;1,1,3,3-Tetramethyl-2-propylguanidinium 1-oxyl(radical)-2,2,6,6-tetramethylpiperidin-4-yl sulfate;;;
58179;;2-Butyl-1,1,3,3-tetramethylguanidinium 1-oxyl(radical)-2,2,6,6-tetramethylpiperidin-4-yl sulfate;;;
58296;;1-Butyl-3-(3-pentyl)imidazolium bis{(trifluoromethyl)sulfonyl}imide;;;
58452;;Disodium hydrogen sodium dihydrogen phosphate;;;
58977;;Methyldihydrojasmonate;;;
58978;127-42-4;Methyl ionone;;;
58986;355-86-2;Tris(2,2,3,3,4,4,5,5-octafluoropentyl) phosphate;;;
59130;;1-(3-Hydroxypropyl)pyridinium dicyanamide;;;
59559;99569-11-6;Glycerol formal;;;
59901;;Trihexyl(tetradecyl)phosphonium 2-(cyano)pyrrolide;;;
60045;29515-77-3;Tetrabutylammonium butyrate;;;
60171;;Trihexyl tetradecyl phosphonium 6-bromobenzimidazolide;;;
60192;;Tris(1,10-phenanthroline) iron(II) bromide;;;
60194;;Tris(1,10-phenanthroline) cobalt(III) bromide;;;
60195;;Tris(1,2-propanediamine) cobalt(III) bromide;;;
60196;;Tris(2,2'-bipyridyl) iron(II) bromide;;;
60371;;Methyl Perfluoroheptenyl Ether;;;
60529;7672-76-6;1,4-Bis(2-hydroxypropyl)-piperazine;;;
60653;135590-91-9;Mefenpyr-diethyl;;;
60673;;(S)-Mefenpyr-diethyl;;;
60750;;Tris(2-hydroxyethyl)ammonium hydrogensulfate;;;
60751;21071-31-8;Tris(2-hydroxyethyl)ammonium dihydrogen phosphate;;;
60777;;N-butyl-L-leucine ethyl ester bromide;;;
60778;;N-butyl-L-leucine ethyl ester tetrafluoroborate;;;
60779;;N-butyl-L-leucine ethyl ester hexafluorophosphate;;;
60863;;Tributyldodecylphosphonium bis(trifluoromethanesulfonyl)amide;;;
60864;855788-71-5;Tributyltetradecylphosphonium bis(trifluoromethanesulfonyl)amide;;;
60865;;Tributylhexadecylphosphonium bis(trifluoromethanesulfonyl)amide;;;
60866;638989-30-7;Tributyldodecylphosphonium tetrafluoroborate;;;
60867;638989-29-4;Tributylhexadecylphosphonium tetrafluoroborate;;;
60905;;N-Benzyl-N-dimethyl-N-tetradecylammonium vanilliate;;;
60907;;1-Butyl-3-ethylimidazolium dicyanamide;;;
60922;;1-(4-Methoxy-4-oxobutyl)-3-methylimidazolium dicyanamide;;;
60923;;Choline dicyanamide;;;
60934;73016-18-9;N-Methyl-N-butyl-N,N-di(hydroxyethyl)ammonium bromide;;;
60935;;N-Methyl-N-hexyl-N,N-di(hydroxyethyl)ammonium bromide;;;
60936;;N-Methyl-N-octyl-N,N-di(hydroxyethyl)ammonium bromide;;;
60937;113402-34-9;N-Methyl-N-decyl-N,N-di(hydroxyethyl)ammonium bromide;;;
60938;;Dibutyl-bis(2-hydroxyethyl)azanium bromide;;;
60941;;1-(3-Hydroxypropyl)-3-methylimidazolium dicyanamide;;;
60942;;1-(3-Hydroxypropyl)-1-methylmorpholinium dicyanamide;;;
60987;;Trihexyl tetradecyl phosphonium 1-octanesulfonate;;;
60988;;1-Propanenitrileimidazolium  bis(trifluoromethylsulfonyl)imide;;;
60990;;3-(4-Methoxy-4-oxobutyl)-1-methylimidazolium  bis(trifluoromethylsulfonyl)imide;;;
60999;;Trihexyl tetradecyl phosphonium thiocyanate;;;
61000;;Trihexyl tetradecyl phosphonium salicylate;;;
61001;;N-(3-Cyanopropyl)pyridinium dicynamide;;;
61002;;N-(3-Cyanopropyl)-N-methylpyrrolidinium dicynamide;;;
61083;;1,3-Didecyl-2-methylimidazolium dicyanamide;;;
61419;647-25-6;1,8-Dichloro-1,1,2,2,3,3,4,4,5,5,6,6,7,7,8,8-hexadecafluorooctane;;;
61426;;1-Octylpyridinium dicyanamide;;;
61427;;1-Benzyl-3-methylimidazolium ethylsulfate;;;
61461;112400-85-8;1-Butyl-2-methylpyridinium chloride;;;
61462;623-87-0;Glycerol-1,3-dinitrate;;;
61463;621-65-8;Glycerol-1,2-dinitrate;;;
61500;;Cholinium levulinate;;;
61503;;Cholinium glutarate;;;
61511;;Cholinium succinate;;;
61645;;1-Propyl-3-methylimidazolium dicyanamide;;;
62870;;Diethylammonium propionate;;;
63702;;1-Ethyl-3-octylimidazolium bromide;;;
63703;;1-Ethyl-3-hexylimidazolium bromide;;;
63704;;1,3-Diethylimidazolium bromide;;;
63942;34283-61-9;Tetrabutylammonium pentanoate;;;
63943;66009-05-0;Tetrabutylammonium hexanoate;;;
63945;34283-62-0;Tetrabutylammonium heptanoate;;;
63946;50886-54-9;Tetrabutylammonium octanoate;;;
63947;34283-64-2;Tetrabutylammonium decanoate;;;
63994;20439-47-8;(-)-trans-1,2-Diaminocyclohexane;;;
64347;;1-Methyl-3-undecylimidazolium chloride;;;
64557;;N-Triethyl-N-octylammonium bis(fluorosulfonyl)imide;;;
65119;;Dimethyldodecylphenoxyethylammonium bis(trifluoromethylsulfonyl)imide;;;
65120;;Dimethyldodecylphenoxyethylammonium dicyanamide;;;
65123;;2-Ethoxy-2-oxyethyl-tributylphosphonium bromide;;;
65301;;Cholinium pentanoate;;;
65686;;Tetrabutylphosphonium bis(trifluoromethylsulfonyl)imide;;;
65758;7659-86-1;Thioglycolic acid 2-ethylhexyl ester;;;
65767;;9-Formyloxy octadecanoic acid;;;
65819;;4-(Triethylammonio)butane-l-sulfonate;;;
65820;;3-(Tributylammonio)propane-l-sulfonate;;;
65825;;3-(Trihexylammonio)propane-l-sulfonate;;;
65827;;4-(Trihexylammonio)butane-l-sulfonate;;;
65835;;1-Butyl-3-methylimidazolium L-lysinate;;;
65852;;1-Ethyl-3-ethylimidazolium acetate;;;
70614;;N-ethyl-2-hydroxyethylammonium propionate;;;
70643;5953-49-1;Acetic acid hexan-2-yl ester;;;
71195;54334-64-4;N,N-Diethyl-1-undecanamin;;;
71374;;1-Hexyl-1-methylmorpholinium tricyanomethanide;;;
71916;;1-(3-Cyanopropyl)-1-methylpyrrolidinium thiocyanate;;;
73671;;N-(3-Hydroxypropyl)-2-methylpyridinium chloride;;;
73672;;N-(3-Hydroxypropyl)-3-methylpyridinium chloride;;;
73674;186000-74-8;N-(3-Hydroxypropyl)-4-methylpyridinium chloride;;;
73691;;Trihexyl tetradecyl phosphonium 3-methyl-5-trifluoromethyl-pyrazolide;;;
73693;;Trihexyl tetradecyl phosphonium 3-(trifluoromethyl)pyrazolide;;;
73694;;Trihexyl tetradecyl phosphonium 2-(methylthio)benzimidazolide;;;
73696;;Tributyl octadecyl phosphonium 2-cyanopyrrolide;;;
73697;;Trihexyl tetradecyl phosphonium 5-cyanoindolide;;;
73720;;Choline heptanoate;;;
73786;;Dimethyldodecylbenzylammonium bis(trifluoromethylsulfonyl)imide;;;
73787;;Dimethyldodecylbenzylammonium dicyanamide;;;
73932;71501-52-5;Choline octanoate;;;
74037;;1-(2-Ethoxyethyl)-3-methylimidazolium chloride;;;
74066;;N-Hexyl-3-methylpyridinium dicyanamide;;;
74067;;N-Octyl-3-methylpyridinium dicyanamide;;;
74068;;N-Decyl-3-methylpyridinium dicyanamide;;;
74107;26402-26-6;Glyceryl monocaprylate;;;
74220;;1-(3-Hydroxypropyl)-3-methylimidazolium chloride;;;
74273;;Potassium bis(alkylpolyoxyethylene)phosphate (Oxyphos B);;;
74274;;Alkylbenzyldimethylammonium chloride (Catamine AB);;;
74449;53716-82-8;(1S,5R)-6,8-Dioxabicyclo(3.2.1)octan-4-one;;;
74456;127087-87-0;Tergitol (TM) NP-10;;;
74623;7660-25-5;D-Fructose;;;
75681;;Cholinium laurate;;;
75721;;N-Hexyl-N-methylpiperidinium bromide;;;
75722;;N-Octyl-N-methylpiperidinium bromide;;;
75725;;Cholinium trifluoroacetate;;;
75726;;Cholinium perfluoropropanoate;;;
75727;;Cholinium perfluorobutanoate;;;
75757;;1-Butyl-3-chloropyridinium dicyanamide;;;
75758;;1-Butyl-3-aminopiridinium dicyanamide;;;
75759;;1-Butyl-3-cyanopyridinium dicyanamide;;;
75764;;Tributylethylphosphonium bis(trifluoromethylsulfonyl)imide;;;
75765;;Tributylethylphosphonium hexafluoroacetylacetonate;;;
75766;;Tributylethylphosphonium benzoyltrifluoroacetonate;;;
75767;;Tributylethylphosphonium thenoyltrifluoroacetonate;;;
75768;;1-(3-Hydroxypropyl)-1-methylpyrrolidinium thiocyanate;;;
75769;;1-(3-Hydroxypropyl)-1-methylpiperidinium thiocyanate;;;
75770;;1-(3-Cyanopropyl)-1-methylpiperidinium thiocyanate;;;
75893;;Choline decanoate;;;
75924;;1-Methyl quininium methylsulfate;;;
75925;;N,N,N-Trimethyl-L-valinolium iodide;;;
75926;;N,N,N-Trimethyl-L-valinolium methylsulfate;;;
75927;;N,N-Dimethyl-L-proline methyl ester iodide;;;
75928;;N,N-Diethyl-L-proline ethyl ester bromide;;;
75981;;N-Hydroxyethylpyridinium tricyanomethanide;;;
75982;;N-Hydroxypropylpyridinium tricyanomethanide;;;
77659;;Tetrabutylammonium valinate;;;
77734;;Potassium thioantimonate;;;
78076;;1,4-Bis[N-(N'-methylpyrrolidinium)butane dibromide;;;
78077;;1,4-Bis[N-(N'-methylmorpholinium)butane dibromide;;;
78078;;1,4-Bis[(hydroxyethyl)-dimethylammonium]butane dibromide;;;
78398;;4-(3-Cyanopropyl)-4-methylmorpholinium tricyanomethanide;;;
78399;;4-(3-Hydroxypropyl)-4-methylmorpholinium tricyanomethanide;;;
78429;;Tetrabutylammonium L-leucinate;;;
78430;;Tetrabutylammonium L-serinate;;;
78431;;Tetrabutylammonium L-glutamate;;;
78432;;Tetrabutylammonium L-histidinate;;;
78433;;Tetrabutylammonium L-phenylalaninate;;;
78689;;Monoethanolammonium dihydrogencitrate;;;
78690;;Diethanolammonium dihydrogencitrate;;;
78691;;Triethanolammonium dihydrogencitrate;;;
78692;;Monoethanolammonium dihydrogen phosphate;;;
78693;;Diethanolammonium dihydrogen phosphate;;;
78694;;Monoethanolammonium hydrogen sulfate;;;
78695;;Diethanolammonium hydrogen sulfate;;;
78886;;1-Ethyl-3-methylimidazolium beta- alaninate;;;
78891;;1-Ethyl-3-methylimidazolium glycolate;;;
79019;;Hexyl-dioxyethyl-alpha-D-xyloside;;;
79020;;Heptyl-dioxyethyl-alpha-D-xyloside;;;
79021;;Octyl-dioxyethyl-alpha-D-xyloside;;;
79022;;Nonyl-dioxyethyl-alpha-D-xyloside;;;
79023;;Decyl-dioxyethyl-alpha-D-xyloside;;;
79024;;Dodecyl-dioxyethyl-alpha-D-xyloside;;;
79205;;Tetrabutylammonium dicyanamide;;;
79356;9002-93-1;Triton X-305;;;
79793;;1-Hexyl-1-methylmorpholinium bis(fluorosulfonyl)imide;;;
79794;;N-Octylisoquinolinium bis(fluorosulfonyl)imide;;;
79821;;Tetrabutylammonium L-prolinate;;;
79831;;Amyl acetates (mixture of isomers);;;
79832;;Amyl alcohols;;;
79871;;gamma-Butyrolactamium butyrate;;;
80384;;8-Ethyl-1,8-diazabicyclo[5.4.0]undec-7-ene hydroxyde;;;
81723;;N-(3-Cyanopropyl)-pyridinium tricyanomethanide;;;
81763;;1-Octyl-3-methylimidazolium L-valine salt;;;
81764;;1-Octyl-3-methylimidazolium L-lysinate;;;
81765;;1-Octyl-3-methylimidazolium L-leucine salt;;;
81910;262297-14-3;1-Ethyl-3-methylimidazolium dihydrogenphosphate;;;
82010;;4-(1-Vinylimidazolium-3-yl)butane-1-sulfonate;;;
82011;;4-(1-Methylyprrolidinum-1-yl)butane-1-sulfonate;;;
82012;;4-(1-Ethylpiperidinium-1-yl)butane-1-sulfonate;;;
82074;;Cholinium bis(2,4,4-trimethylpentyl)phosphinate;;;
82864;14861-06-4;Ethenyl (E)-but-2-enoate;;;
82874;;AMSCO 125-90 W;;;
82913;16690-40-7;Ascorbyl laurate;;;
84029;;Tetrabutylammonium D-phenylalaninate;;;
84052;;Tetrabutylammonium L-alanine;;;
84058;;Tetrabutylammonium L-argininate;;;
84061;;Di(tetrabutylammonium) L-glutamate;;;
86500;7365-45-9;4-(2-Hydroxyethyl)piperazine-1-ethanesulfonic acid;;;
87023;;1-Butyl-2,3-dimethylimidazolium ferric tetrachloride;;;
87581;;1-Hexyl-3-methylimidazolium dihydrogenphosphate;;;
88088;26576-84-1;1-Butyl-2-methylpyridinium bromide;;;
88091;;N-(2-Oxybutyl)-2-methylpyridinium chloride;;;
88092;;N-(2-Oxybutyl)-3-methylpyridinium chloride;;;
88093;;N-(2-Oxybutyl)-4-methylpyridinium chloride;;;
88452;53448-07-0;2(E)-Undecenal;;;
89347;;1-(3-Hydroxypropyl)-1-methylpyrrolidinium bis[(trifluoromethyl)sulfonyl]imide;;;
89349;757212-03-6;N-(2-Hydroxyethyl)-N-methylpiperidinium bis[(trifluoromethyl)sulfonyl]imide;;;
89354;868742-24-9;N-(2-Hydroxyethyl)-N-methylmorpholinium bis[(trifluoromethyl)sulfonyl)]imide;;;
89355;;N-Butylpyridinium tricyanomethanide;;;
89356;;N-Hexylpyridinium tricyanomethanide;;;
89357;;N,N,N-Triethyl-N-hexylammonium trifluoromethanesulfonate;;;
89381;;N,N,N-Triethyl-N-hexylammonium tricyanomethanide;;;
89382;74908-11-5;N,N,N-Triethyl-N-octylammonium tricyanomethanide;;;
89383;820972-37-0;N-(Cyanopropyl)pyridinium bis[(trifluoromethyl)sulfonyl]imide;;;
89467;35733-58-5;Tetrabutylammonium formate;;;
90190;25321-14-6;Dinitrotoluene;;;
90604;927-68-4;2-Bromoethyl acetate;;;
90740;;Mononitrotoluene (mixture of isomers);;;
90974;;Dibutylethylethanolammonium bromide;;;
90975;;Tributylethanolammonium bromide;;;
90983;;Tetra-n-butylphosphonium-2,4,6-trimethylbenzenesulfonate;;;
90984;;Tetra-n-butylphosphonium-2,4-dimethylbenzenesulfonate;;;
90985;;Tetra-n-butylammonium-2,4,6-trimethylbenzenesulfonate;;;
91212;;Triethanolamine butyrate;;;
91517;;1-Ethyl-3-methylimidazolium n-decylsulfate;;;
91518;;1-Ethyl-3-methylimidazolium n-dodecylsulfate;;;
93228;;O-(1-Oxyl(radical)-2,2,6,6-tetramethylpiperidin-4-yl)-1-(2-carboxyethyl)-3-methylimidazolium L-prolinate;;;
93229;;O-(1-Oxyl(radical)-2,2,6,6-tetramethylpiperidin-4-yl)-1-(3-carboxypropyl)-3-methylimidazolium L-prolinate;;;
93230;;O-(1-Oxyl(radical)-2,2,6,6-tetramethylpiperidin-4-yl)-1-(4-carboxybutyl)-3-methylimidazolium L-prolinate;;;
93777;6130-87-6;Tetramethyl-2-tetrazene;;;
48;506-77-4;;CYANOGEN_CHLORIDE;93.3282;no_classes_defined_in_substances.txt
139;75-44-5;;PHOSGENE;78.729225;Carbonate
199;76-02-8;;TRICHLOROACETYL_CHLORIDE;91.30371429;no_classes_defined_in_substances.txt
215;76-11-9;;1,1,1,2-TETRACHLORODIFLUOROETHANE;94.285225;HalogenatedHydrocarbon
271;92-87-5;;BENZIDINE;111.4024333;Amine
272;79-04-9;;CHLOROACETYL_CHLORIDE;86.12384;no_classes_defined_in_substances.txt
299;101-68-8;;DIPHENYLMETHANE-4,4'-DIISOCYANATE;94.97706842;otherNitrogenCompounds
312;1459-93-4;;DIMETHYL_ISOPHTHALATE;95.73225714;Ester
357;2004-70-8;;TRANS-1,3-PENTADIENE;117.11246;Alkene
363;624-22-6;;2-METHYL-1-HEXANOL;102.7646889;Alcohol
366;689-97-4;;VINYLACETYLENE;91.76705;no_class_defined_in_mainclasses.txt
375;624-83-9;;METHYL_ISOCYANATE;63.835825;otherNitrogenCompounds
386;78-90-0;;1,2-PROPANEDIAMINE;104.7523;Amine
390;96-18-4;;1,2,3-TRICHLOROPROPANE;109.97785;HalogenatedHydrocarbon
393;108-01-0;;DIMETHYLETHANOLAMINE;84.7522;no_class_defined_in_mainclasses.txt
4161;506-96-7;;ACETYLBROMIDE;;Acids
7842;507-02-8;;ACETYLIODIDE;;no_classes_defined_in_substances.txt
1010;507-19-7;;2-BROMO-2-METHYLPROPANE;;HalogenatedHydrocarbon
1572;1679-07-8;;CYCLOPENTANETHIOL;;Thiol
415;605-02-7;;1-PHENYLNAPHTHALENE;117.465;Alkane
1656;7133-36-0;;CYCLOPENTYL-1-THIAETHANE;;Thioether
7845;2039-88-5;;O-BROMOVINYLBENZENE;;no_class_defined_in_mainclasses.txt
3303;103-63-9;;2-BROMOETHYLBENZENE;;HalogenatedHydrocarbon
473;103-29-7;;1,2-DIPHENYLETHANE;117.2131857;Alkane
478;3048-64-4;;VINYLNORBORNENE;116.4857222;Alkene
480;16219-75-3;;5-ETHYLIDENE-2-NORBORNENE;116.4857222;Alkene
6805;506-68-3;;CYANOGENBROMIDE;;no_classes_defined_in_substances.txt
483;111-78-4;;1,5-CYCLOOCTADIENE;116.58365;Alkene
492;100-44-7;;BENZYL_CHLORIDE;115.5932125;HalogenatedHydrocarbon
2470;544-02-5;;DIISOPENTYLSULFIDE;;Thioether
508;79-92-5;;CAMPHENE;116.05484;Alkene
511;586-62-9;;TERPINOLENE;116.40738;Alkene
550;76-15-3;;CHLOROPENTAFLUOROETHANE;75.039625;HalogenatedHydrocarbon
558;110-65-6;;2-BUTYNE-1,4-DIOL;74.184375;no_classes_defined_in_substances.txt
8715;650-52-2;;BIS(TRIFLUOROMETHYL)CHLOROPHOSPHINE;;no_classes_defined_in_substances.txt
43833;359-64-8;;BIS(TRIFLUOROMETHYL)IODOPHOSPHINE;;no_classes_defined_in_substances.txt
2915;590-11-4;;CIS-1,2-DIBROMOETHYLENE;;no_class_defined_in_mainclasses.txt
2914;590-12-5;;TRANS-1,2-DIBROMOETHYLENE;;no_class_defined_in_mainclasses.txt
7857;590-26-1;;CIS-1,2-DIIODOETHYLENE;;no_class_defined_in_mainclasses.txt
7858;590-27-2;;TRANS-1,2-DIIODOETHYLENE;;no_class_defined_in_mainclasses.txt
5425;556-61-6;;METHYLISOTHIOCYANATE;;no_classes_defined_in_substances.txt
583;111-36-4;;N-BUTYL_ISOCYANATE;86.06431429;otherNitrogenCompounds
584;821-95-4;;1-UNDECENE;116.0227909;Alkene
591;591-87-7;;ALLYL_ACETATE;95.48044286;no_class_defined_in_mainclasses.txt
592;563-79-1;;2,3-DIMETHYL-2-BUTENE;116.2898667;Alkene
160;288-47-1;;THIAZOLE;;no_class_defined_in_mainclasses.txt
2334;96-11-7;;1,2,3-TRIBROMOPROPANE;;HalogenatedHydrocarbon
4877;542-85-8;;ETHYLISOTHIOCYANATE;;no_classes_defined_in_substances.txt
596;696-29-7;;ISOPROPYLCYCLOHEXANE;115.7023;Alkane
11926;6163-75-3;;DIMETHYLETHYLPHOSPHONATE;;no_class_defined_in_mainclasses.txt
2135;3581-87-1;;METHYL-2-THIAZOLE;;no_class_defined_in_mainclasses.txt
5132;623-48-3;;ETHYLIODOACETATE;;no_class_defined_in_mainclasses.txt
71543;19259-11-1;;TETRAIODOTHIOPHENE;;
1570;1795-09-1;;2-METHYLTHIACYCLOPENTANE;;Thioether
1571;4740-00-5;;3-METHYLTHIACYCLOPENTANE;;Thioether
1569;1613-51-0;;THIACYCLOHEXANE;;Thioether
4402;1878-18-8;;2-METHYL-1-BUTANETHIOL;;Thiol
3759;1679-09-0;;2-METHYL-2-BUTANETHIOL;;Thiol
4092;2084-18-6;;3-METHYL-2-BUTANETHIOL;;Thiol
2439;592-88-1;;DIALLYL_SULFIDE;;no_class_defined_in_mainclasses.txt
9046;1639-01-6;;2,3-DIMETHYL-2-BUTANETHIOL;;Thiol
2012;625-80-9;;2,4-DIMETHYL-3-THIAPENTANE;;Thioether
9032;1633-97-2;;2-METHYL-2-PENTANETHIOL;;Thiol
4346;78-38-6;;DIETHYLETHYLPHOSPHONATE;;no_class_defined_in_mainclasses.txt
8827;3746-01-8;;TRIVINYLPHOSPHINE;;no_classes_defined_in_substances.txt
18447;18812-51-6;;DIETHYLPROPYLPHOSPHONATE;;no_class_defined_in_mainclasses.txt
6100;1445-75-6;;DIISOPROPYLMETHYLPHOSPHATE;;no_class_defined_in_mainclasses.txt
1657;100-68-5;;METHYL_PHENYL_SULFIDE;;Thioether
12480;5798-79-8;;ALPHA-BROMOBENZYLCYANIDE;;
746;539-30-0;;BENZYL_ETHYL_ETHER;114.75153;Ether
4721;2039-82-9;;P-BROMOVINYLBENZENE;;no_class_defined_in_mainclasses.txt
7995;7073-94-1;;O-ISOPROPYLBROMOBENZENE;;Aromatics
3969;421-58-9;;TRIFLUOROMETHYLDICHLOROPHOSPHINE;;no_classes_defined_in_substances.txt
9630;7783-60-0;;SULFURTETRAFLUORIDE;;no_classes_defined_in_substances.txt
904;627-26-9;;TRANS-CROTONITRILE;105.2727;no_class_defined_in_mainclasses.txt
918;13952-84-6;;SEC-BUTYLAMINE;108.6630143;Amine
920;78-86-4;;SEC-BUTYL_CHLORIDE;113.41252;HalogenatedHydrocarbon
921;7058-01-7;;SEC-BUTYLCYCLOHEXANE;115.7023;Alkane
941;627-20-3;;CIS-2-PENTENE;116.40738;Alkene
949;1071-26-7;;2,2-DIMETHYLHEPTANE;115.7023;Alkane
963;120-94-5;;N-METHYLPYRROLIDINE;99.00026667;Amine
965;151-56-4;;ETHYLENEIMINE;97.0164;Amine
968;1574-41-0;;CIS-1,3-PENTADIENE;117.11246;Alkene
969;627-58-7;;2,5-DIMETHYL-1,5-HEXADIENE;116.58365;Alkene
1737;115-86-6;;TRIPHENYL_PHOSPHATE;;no_classes_defined_in_substances.txt
990;706-31-0;;1,5,9-CYCLODODECATRIENE;116.58365;Alkene
10107;78-30-8;;TRI-O-CRESYL_PHOSPHATE;;no_classes_defined_in_substances.txt
1020;7642-04-8;;CIS-2-OCTENE;116.142975;Alkene
1021;14850-22-7;;CIS-3-OCTENE;116.142975;Alkene
1022;7642-15-1;;CIS-4-OCTENE;116.142975;Alkene
1025;78-80-8;;2-METHYL-1-BUTENE-3-YNE;96.5541;no_class_defined_in_mainclasses.txt
1026;627-21-4;;2-PENTYNE;95.84902;Alkyne
1027;598-23-2;;3-METHYL-1-BUTYNE;95.84902;Alkyne
1032;6443-92-1;;CIS-2-HEPTENE;116.2059286;Alkene
1034;14686-14-7;;TRANS-3-HEPTENE;116.2059286;Alkene
1042;627-05-4;;1-NITROBUTANE;65.16992857;otherNitrogenCompounds
1048;928-49-4;;3-HEXYNE;99.1579;Alkyne
1059;7782-50-5;;CHLORINE;104.2534;Halogen
1067;79-36-7;;DICHLOROACETYL_CHLORIDE;89.14543333;Acids
1088;7642-09-3;;CIS-3-HEXENE;116.2898667;Alkene
1089;7642-10-6;;CIS-3-HEPTENE;116.2059286;Alkene
1100;503-30-0;;1,3-PROPYLENE_OXIDE;110.681325;Ether
1102;505-22-6;;1,3-DIOXANE;109.0076667;Ether
1103;136-60-7;;N-BUTYL_BENZOATE;105.3559769;Ester
1106;6163-66-2;;DI-TERT-BUTYL_ETHER;113.4707556;Ether
1113;92-51-3;;BICYCLOHEXYL;115.7023;Alkane
1116;1795-26-2;;1-TRANS-3,5-TRIMETHYLCYCLOHEXANE;115.7023;Alkane
1128;592-57-4;;1,3-CYCLOHEXADIENE;116.8774333;Alkene
1149;288-42-6;;OXAZOLE;106.52804;no_class_defined_in_mainclasses.txt
1156;2051-30-1;;2,6-DIMETHYLOCTANE;115.7023;Alkane
1176;95-76-1;;3,4-DICHLOROANILINE;110.1026091;no_class_defined_in_mainclasses.txt
1181;86-73-7;;FLUORENE;117.3294077;Alkane
1182;86-74-8;;DIBENZOPYRROLE;111.8743571;Aromatics
1183;206-44-0;;FLUORANTHENE;117.465;Alkane
1196;101-83-7;;DICYCLOHEXYLAMINE;110.3634714;Amine
1205;583-48-2;;3,4-DIMETHYLHEXANE;115.7023;Alkane
1219;503-17-3;;DIMETHYLACETYLENE;90.8857;Alkyne
1225;98-88-4;;BENZOYL_CHLORIDE;101.7170556;no_classes_defined_in_substances.txt
1229;99-86-5;;ALPHA-TERPINENE;116.40738;Alkene
1230;594-61-6;;ALPHA-HYDROXYISOBUTYRIC_ACID;75.9388;no_class_defined_in_mainclasses.txt
1234;107-30-2;;CHLOROMETHYL_METHYL_ETHER;107.8191;no_class_defined_in_mainclasses.txt
1304;78-40-0;;TRIETHYL_PHOSPHATE;;no_class_defined_in_mainclasses.txt
1308;156-87-6;;3-AMINO-1-PROPANOL;94.9881125;no_class_defined_in_mainclasses.txt
1320;3452-07-1;;1-EICOSENE;115.87857;Alkene
1327;629-94-7;;N-HENEICOSANE;115.7023;Alkane
1335;1638-26-2;;1,1-DIMETHYLCYCLOPENTANE;115.7023;Alkane
1339;612-00-0;;1,1-DIPHENYLETHANE;117.2131857;Alkane
1344;629-82-3;;DI-N-OCTYL_ETHER;114.5208941;Ether
1347;584-94-1;;2,3-DIMETHYLHEXANE;115.7023;Alkane
1351;112-35-6;;2-(2-(2-METHOXYETHOXY)ETHOXY)ETHANOL;100.9781167;no_class_defined_in_mainclasses.txt
1353;116-14-3;;TETRAFLUOROETHYLENE;74.44286667;no_class_defined_in_mainclasses.txt
1357;1074-55-1;;1-METHYL-4-N-PROPYLBENZENE;116.75992;Alkane
1359;79-38-9;;CHLOROTRIFLUOROETHYLENE;82.99646667;no_class_defined_in_mainclasses.txt
1362;684-16-2;;HEXAFLUOROACETONE;65.54055;no_class_defined_in_mainclasses.txt
1363;463-58-1;;CARBONYL_SULFIDE;;someGases
2904;2314-97-8;;TRIFLUOROIODOMETHANE;;no_classes_defined_in_substances.txt
1369;541-41-3;;ETHYL_CHLOROFORMATE;89.61441667;Carbonate
1396;109-83-1;;METHYLETHANOLAMINE;88.39057143;no_class_defined_in_mainclasses.txt
1398;764-93-2;;1-DECYNE;105.77566;Alkyne
1423;7783-54-2;;NITROGEN_TRIFLUORIDE;43.571375;no_classes_defined_in_substances.txt
1427;542-88-1;;BIS(CHLOROMETHYL)ETHER;107.10596;no_class_defined_in_mainclasses.txt
1454;1860-27-1;;ISOPROPYL_BUTYL_ETHER;113.1918125;Ether
1457;108-55-4;;GLUTARIC_ANHYDRIDE;81.9431875;Anhydride
1464;57-57-8;;BETA-PROPIOLACTONE;86.68662;Ester
1480;105-34-0;;METHYL_CYANOACETATE;87.02347143;no_class_defined_in_mainclasses.txt
1502;620-14-4;;M-ETHYLTOLUENE;116.8774333;Alkane
1504;488-23-3;;1,2,3,4-TETRAMETHYLBENZENE;116.75992;Alkane
1505;527-53-7;;1,2,3,5-TETRAMETHYLBENZENE;116.75992;Alkane
1506;2870-04-4;;2-ETHYL-M-XYLENE;116.75992;Alkane
1507;1758-88-9;;2-ETHYL-P-XYLENE;116.75992;Alkane
1508;933-98-2;;3-ETHYL-O-XYLENE;116.75992;Alkane
1509;934-80-5;;4-ETHYL-O-XYLENE;116.75992;Alkane
1510;874-41-9;;4-ETHYL-M-XYLENE;116.75992;Alkane
1511;934-74-7;;5-ETHYL-M-XYLENE;116.75992;Alkane
1516;1074-17-5;;1-METHYL-2-N-PROPYLBENZENE;116.75992;Alkane
1517;1074-43-7;;1-METHYL-3-N-PROPYLBENZENE;116.75992;Alkane
1519;700-12-9;;PENTAMETHYLBENZENE;116.6637727;Alkane
1534;582-16-1;;2,7-DIMETHYLNAPHTHALENE;117.1712167;Alkane
1536;693-89-0;;1-METHYLCYCLOPENTENE;116.2898667;Alkene
1537;1120-62-3;;3-METHYLCYCLOPENTENE;116.2898667;Alkene
1541;638-04-0;;CIS-1,3-DIMETHYLCYCLOHEXANE;115.7023;Alkane
1543;1678-92-8;;N-PROPYLCYCLOHEXANE;115.7023;Alkane
1595;218-01-9;;CHRYSENE;117.465;Aromatics
1604;590-66-9;;1,1-DIMETHYLCYCLOHEXANE;115.7023;Alkane
1609;767-59-9;;1-METHYLINDENE;117.11246;Alkene
1610;2177-47-1;;2-METHYLINDENE;117.11246;Alkene
1621;290-37-9;;PYRAZINE;106.5189333;Aromatics
1622;96-54-8;;N-METHYLPYRROLE;100.1754;Aromatics
1646;4265-25-2;;2-METHYLBENZOFURAN;115.10407;Aromatics
1653;132-64-9;;DIBENZOFURAN;115.7844923;Aromatics
1673;877-44-1;;1,2,4-TRIETHYLBENZENE;116.58365;Alkane
1674;102-25-0;;1,3,5-TRIETHYLBENZENE;116.58365;Alkane
1679;208-96-8;;ACENAPHTHALENE;117.465;Alkene
1689;594-56-9;;2,3,3-TRIMETHYL-1-BUTENE;116.2059286;Alkene
1691;1814-88-6;;1,1,1,2,2-PENTAFLUOROPROPANE;76.4707375;HalogenatedHydrocarbon
1698;108-57-6;;M-DIVINYLBENZENE;117.465;Alkene
1700;628-73-9;;HEXANENITRILE;107.7489571;(Iso)Nitril
1731;96-24-2;;3-CHLORO-1,2-PROPANEDIOL;85.1615625;no_class_defined_in_mainclasses.txt
1736;103-23-1;;DI(2-ETHYLHEXYL)ADIPATE;104.5424231;Ester
1774;4553-62-2;;METHYLGLUTARONITRILE;101.78395;(Iso)Nitril
7173;627-90-7;;ETHYL-UNDECANOATE;106.0304067;Ester
4030;496-10-6;;HEXAHYDROINDAN;115.7023;Alkane
1799;685-91-6;;N,N-DIETHYL-ACETAMIDE;87.5514625;Amide
;25395-31-7;;DIACETIN;84.42573846;
2275;2050-60-4;;DIBUTYL-OXALATE;94.97681429;Ester
12181;2517-43-3;;3-METHOXY-1-BUTANOL;98.637;no_class_defined_in_mainclasses.txt
9231;106-21-8;;3,7-DIMETHYL-1-OCTANOL;105.9990917;Alcohol
1831;287-23-0;;CYCLOBUTANE;115.7023;Alkane
1837;3648-21-3;;DI-N-HEPTYL_PHTHALATE;104.9492;Ester
1843;84-75-3;;DI-N-HEXYL_PHTHALATE;104.0531083;Ester
1867;110-33-8;;DIHEXYL_ADIPATE;102.5133545;Ester
1869;84-77-5;;DI-N-DECYL_PHTHALATE;106.9654063;Ester
1884;105-45-3;;METHYL_ACETOACETATE;81.9431875;no_class_defined_in_mainclasses.txt
1909;594-82-1;;2,2,3,3-TETRAMETHYLBUTANE;115.7023;Alkane
1916;617-78-7;;3-ETHYLPENTANE;115.7023;Alkane
1939;5194-51-4;;TRANS,TRANS-2,4-HEXADIENE;116.8774333;Alkene
1940;107-00-6;;ETHYLACETYLENE;90.8857;Alkyne
1941;590-19-2;;1,2-BUTADIENE;104.17535;Allene
1942;74-99-7;;METHYLACETYLENE;82.6135;Alkyne
1946;76-12-0;;1,1,2,2-TETRACHLORODIFLUOROETHANE;94.285225;HalogenatedHydrocarbon
1957;100-10-7;;P-DIMETHYLAMINOBENZALDEHYDE;96.19043636;no_class_defined_in_mainclasses.txt
2019;540-67-0;;METHYL_ETHYL_ETHER;110.681325;Ether
2020;564-02-3;;2,2,3-TRIMETHYLPENTANE;115.7023;Alkane
2021;7782-41-4;;FLUORINE;52.9318;Halogen
2022;463-49-0;;PROPADIENE;100.3330333;Allene
2035;106-88-7;;1,2-EPOXYBUTANE;111.68552;Epoxy
2039;123-79-5;;DIOCTYL_ADIPATE;104.5424231;Ester
2065;98-46-4;;3-NITROBENZOTRIFLUORIDE;74.82061538;no_class_defined_in_mainclasses.txt
2078;112-20-9;;N-NONYLAMINE;111.59605;Amine
2079;7307-55-3;;UNDECYLAMINE;112.1826571;Amine
2145;121-17-5;;4-CHLORO-3-NITROBENZOTRIFLUORIDE;76.92295714;no_class_defined_in_mainclasses.txt
2163;106-31-0;;BUTYRIC_ANHYDRIDE;91.15021818;Anhydride
2199;75-38-7;;1,1-DIFLUOROETHYLENE;85.1984;no_class_defined_in_mainclasses.txt
2203;99-54-7;;1,2-DICHLORO-4-NITROBENZENE;82.42519091;no_class_defined_in_mainclasses.txt
2212;2437-56-1;;1-TRIDECENE;115.9734846;Alkene
2213;13360-61-7;;1-PENTADECENE;115.9373267;Alkene
2214;1459-09-2;;N-HEXADECYLBENZENE;116.1830364;Alkane
2219;123-02-4;;N-TRIDECYLBENZENE;116.2589421;Alkane
2220;691-38-3;;4-METHYL-CIS-2-PENTENE;116.2898667;Alkene
2221;624-72-6;;1,2-DIFLUOROETHANE;84.31705;HalogenatedHydrocarbon
2222;674-76-0;;4-METHYL-TRANS-2-PENTENE;116.2898667;Alkene
2224;1067-20-5;;3,3-DIETHYLPENTANE;115.7023;Alkane
2225;616-12-6;;3-METHYL-TRANS-2-PENTENE;116.2898667;Alkene
2226;922-62-3;;3-METHYL-CIS-2-PENTENE;116.2898667;Alkene
2227;75-02-5;;VINYL_FLUORIDE;95.95393333;no_class_defined_in_mainclasses.txt
2249;763-69-9;;ETHYL-3-ETHOXYPROPIONATE;99.18607;no_class_defined_in_mainclasses.txt
2252;513-81-5;;2,3-DIMETHYL-1,3-BUTADIENE;116.8774333;Alkene
2253;1759-58-6;;TRANS-1,3-DIMETHYLCYCLOPENTANE;115.7023;Alkane
2257;4259-00-1;;1,1,2-TRIMETHYLCYCLOPENTANE;115.7023;Alkane
2264;558-37-2;;3,3-DIMETHYL-1-BUTENE;116.2898667;Alkene
2265;760-21-4;;2-ETHYL-1-BUTENE;116.2898667;Alkene
2270;100-97-0;;HEXAMETHYLENETETRAMINE;75.61742;Amine
2297;557-98-2;;2-CHLOROPROPENE;113.721425;no_class_defined_in_mainclasses.txt
2314;644-49-5;;N-PROPYL_ISOBUTYRATE;99.58247778;Ester
2328;659-70-1;;ISOPENTYL_ISOVALERATE;103.6124333;Ester
2330;98-87-3;;BENZYL_DICHLORIDE;114.3332333;HalogenatedHydrocarbon
2335;2315-68-6;;N-PROPYL_BENZOATE;104.4937833;Ester
2362;598-25-4;;3-METHYL-1,2-BUTADIENE;106.48074;Allene
2374;108-70-3;;1,3,5-TRICHLOROBENZENE;113.0611333;Aromatics
2377;104-46-1;;ANETHOLE;115.1584545;no_class_defined_in_mainclasses.txt
2388;10075-38-4;;1,3-DICHLORO-TRANS-2-BUTENE;112.4735667;no_class_defined_in_mainclasses.txt
2407;75-86-5;;ACETONE_CYANOHYDRIN;91.11488571;(Iso)Nitril
2411;107-16-4;;HYDROXYACETONITRILE;81.27992;(Iso)Nitril
2501;95-54-5;;O-PHENYLENEDIAMINE;108.37115;Amine
2502;100-37-8;;DIETHYLETHANOLAMINE;91.63;no_class_defined_in_mainclasses.txt
2521;87-85-4;;HEXAMETHYLBENZENE;116.58365;Alkane
2529;103-30-0;;TRANS-STILBENE;117.465;Alkene
2538;764-42-1;;FUMARONITRILE;97.73206667;no_class_defined_in_mainclasses.txt
2539;928-53-0;;MALEONITRILE;97.73206667;no_class_defined_in_mainclasses.txt
2552;281-23-2;;ADAMANTANE;115.7023;Alkane
2569;587-03-1;;M-TOLUALCOHOL;105.11607;Alcohol
2570;589-18-4;;P-TOLUALCOHOL;105.11607;Alcohol
2615;140-10-3;;CINNAMIC_ACID;96.75801667;Acids
2627;463-40-1;;LINOLENIC_ACID;104.709119;no_class_defined_in_mainclasses.txt
2630;506-30-9;;N-EICOSANIC_ACID;105.205213;Acids
2638;106-63-8;;ISOBUTYL_ACRYLATE;99.97418889;Ester
2639;97-63-2;;ETHYL_METHACRYLATE;98.008175;Ester
2660;2051-60-7;;2-CHLOROBIPHENYL(PCB_1);116.4487231;Aromatics
2662;2051-62-9;;4-CHLOROBIPHENYL(PCB_3);116.4487231;Aromatics
2701;579-66-8;;2,6-DIETHYLANILINE;112.7254692;Amine
2702;1126-78-9;;N-BUTYLANILINE;110.3550167;Amine
2720;92-67-1;;P-AMINODIPHENYL;113.82746;Amine
2753;55-21-0;;BENZAMIDE;100.8210909;no_class_defined_in_mainclasses.txt
2772;501-65-5;;DIPHENYLACETYLENE;110.1227286;Alkyne
2776;13029-08-8;;2,2'-DICHLOROBIPHENYL(PCB_4);115.5776286;Aromatics
2777;34883-43-7;;2,4'-DICHLOROBIPHENYL(PCB_8);115.5776286;Aromatics
2778;34883-41-5;;3,5-DICHLOROBIPHENYL(PCB_14);115.5776286;Aromatics
2780;33146-45-1;;2,6-DICHLOROBIPHENYL(PCB_10);115.5776286;Aromatics
2781;2050-67-1;;3,3'-DICHLOROBIPHENYL(PCB_11);115.5776286;
2782;2050-68-2;;4,4'-DICHLOROBIPHENYL(PCB_15);115.5776286;Aromatics
2783;2974-92-7;;3,4-DICHLOROBIPHENYL(PCB_12);115.5776286;
2784;35693-92-6;;2,4,6-TRICHLOROBIPHENYL(PCB_30);114.82268;Aromatics
2785;7012-37-5;;2,4,4'-TRICHLOROBIPHENYL(PCB_28);114.82268;Aromatics
2786;15862-07-4;;2,4,5-TRICHLOROBIPHENYL(PCB_29);114.82268;Aromatics
2787;37680-65-2;;2,2',5-TRICHLOROBIPHENYL(PCB_18);114.82268;Aromatics
2788;16606-02-3;;2,4',5-TRICHLOROBIPHENYL(PCB_31);114.82268;Aromatics
2789;33284-53-6;;2,3,4,5-TETRACHLOROBIPHENYL(PCB_61);114.1621;Aromatics
2790;41464-40-8;;2,2',4,5'-TETRACHLOROBIPHENYL(PCB_49);114.1621;Aromatics
2791;18259-05-7;;2,3,4,5,6-PENTACHLOROBIPHENYL(PCB_116);113.5792353;Aromatics
2792;37680-73-2;;2,2',4,5,5'-PENTACHLOROBIPHENYL(PCB_101);113.5792353;Aromatics
2793;39485-83-1;;2,2',4,4',6-PENTACHLOROBIPHENYL(PCB_100);113.5792353;Aromatics
2794;38380-01-7;;2,2',4,4',5-PENTACHLOROBIPHENYL(PCB_99);113.5792353;Aromatics
2795;38411-22-2;;2,2',3,3',6,6'-HEXACHLOROBIPHENYL(PCB_136);113.0611333;Aromatics
2796;38380-07-3;;2,2',3,3',4,4'-HEXACHLOROBIPHENYL(PCB_128);113.0611333;Aromatics
2797;33979-03-2;;2,2'4,4'6,6'-HEXACHLOROBIPHENYL(PCB_155);113.0611333;Aromatics
2798;35065-27-1;;2,2',4,4',5,5'-HEXACHLOROBIPHENYL(PCB_153);113.0611333;Aromatics
2799;52663-71-5;;2,2',3,3',4,4',6-HEPTACHLOROBIPHENYL(PCB_171);112.5975684;Aromatics
2800;2136-99-4;;2,2',3,3',5,5',6,6'-OCTACHLOROBIPHENYL(PCB_202);112.18036;
2801;52663-77-1;;2,2',3,3',4,5,5',6,6'-NONACHLOROBIPHENYL(PCB_208);111.8028857;
2802;2051-24-3;;DECACHLOROBIPHENYL(PCB_209);111.4597273;Aromatics
2821;608-93-5;;PENTACHLOROBENZENE;111.4597273;Aromatics
2822;118-74-1;;HEXACHLOROBENZENE;110.8592;Aromatics
2841;110-18-9;;TETRAMETHYLETHYLENEDIAMINE;90.64925;Amine
2880;99-93-4;;4-HYDROXYACETOPHENONE;94.71531818;no_class_defined_in_mainclasses.txt
2924;107-20-0;;CHLOROACETALDEHYDE;81.59145;no_class_defined_in_mainclasses.txt
2926;1192-18-3;;CIS-1,2-DIMETHYLCYCLOPENTANE;115.7023;Alkane
2927;563-16-6;;3,3-DIMETHYLHEXANE;115.7023;Alkane
2930;78-99-9;;1,1-DICHLOROPROPANE;111.12274;HalogenatedHydrocarbon
2961;818-61-1;;2-HYDROXYETHYL_ACRYLATE;87.03657778;no_classes_defined_in_substances.txt
2963;868-77-9;;2-HYDROXYETHYL_METHACRYLATE;89.90315;no_classes_defined_in_substances.txt
2964;923-26-2;;2-HYDROXYPROPYL_METHACRYLATE;92.24852727;no_classes_defined_in_substances.txt
3039;80-46-6;;P-TERT-AMYLPHENOL;107.5590462;Aromatics
3044;288-13-1;;PYRAZOLE;98.94713333;Aromatics
3045;289-80-5;;PYRIDAZINE;106.5189333;Aromatics
3047;103-71-9;;PHENYL_ISOCYANATE;93.82566667;otherNitrogenCompounds
3067;638-67-5;;N-TRICOSANE;115.7023;Alkane
3091;78-96-6;;1-AMINO-2-PROPANOL;94.9881125;no_class_defined_in_mainclasses.txt
3099;871-28-3;;1-PENTENE-4-YNE;96.5541;no_class_defined_in_mainclasses.txt
3128;677-21-4;;3,3,3-TRIFLUOROPROPENE;84.90461667;no_class_defined_in_mainclasses.txt
3147;609-26-7;;2-METHYL-3-ETHYLPENTANE;115.7023;Alkane
3207;1191-99-7;;2,3-DIHYDROFURAN;112.3906;no_class_defined_in_mainclasses.txt
3258;115-77-5;;PENTAERYTHRITOL;79.87506923;Alcohol
3286;105-56-6;;ETHYL_CYANOACETATE;90.608325;no_class_defined_in_mainclasses.txt
3301;102-36-3;;3,4-DICHLOROPHENYL_ISOCYANATE;95.72161818;no_classes_defined_in_substances.txt
3327;1067-08-9;;3-METHYL-3-ETHYLPENTANE;115.7023;Alkane
3342;80-05-7;;BISPHENOL_A;104.5589;Aromatics
3352;528-29-0;;O-DINITROBENZENE;57.62921667;otherNitrogenCompounds
3411;560-21-4;;2,3,3-TRIMETHYLPENTANE;115.7023;Alkane
3412;16747-32-3;;2,2-DIMETHYL-3-ETHYLPENTANE;115.7023;Alkane
3415;628-96-6;;ETHYLENE_GLYCOL_DINITRATE;40.9402;otherNitrogenCompounds
3418;55-63-0;;NITROGLYCERINE;40.9402;otherNitrogenCompounds
3439;75-36-5;;ACETYL_CHLORIDE;81.59145;Acids
3440;112-17-4;;N-DECYL_ACETATE;105.3395571;Ester
3441;591-95-7;;1,2-PENTADIENE;106.48074;Allene
3442;591-96-8;;2,3-PENTADIENE;106.48074;Allene
3444;16747-25-4;;2,2,3-TRIMETHYLHEXANE;115.7023;Alkane
3492;629-99-2;;N-PENTACOSANE;115.7023;Alkane
3498;823-40-5;;2,6-DIAMINOTOLUENE;108.9350846;Amine
3523;106-50-3;;P-PHENYLENEDIAMINE;108.37115;Amine
3536;1632-16-2;;2-ETHYL-1-HEXENE;116.142975;Alkene
3538;123-62-6;;PROPIONIC_ANHYDRIDE;85.6942;Anhydride
3608;360-89-4;;OCTAFLUORO-2-BUTENE;74.14908333;no_class_defined_in_mainclasses.txt
3680;871-83-0;;2-METHYLNONANE;115.7023;Alkane
3682;17301-94-9;;4-METHYLNONANE;115.7023;Alkane
3683;15869-85-9;;5-METHYLNONANE;115.7023;Alkane
3687;110-99-6;;DIGLYCOLIC_ACID;69.97958182;no_class_defined_in_mainclasses.txt
3732;56-86-0;;L-GLUTAMIC_ACID;77.69222857;no_class_defined_in_mainclasses.txt
3733;2016-42-4;;N-TETRADECYLAMINE;112.8037706;Amine
3735;1120-48-5;;DI-N-OCTYLAMINE;111.5498778;Amine
3736;106-20-7;;DI-2-ETHYLHEXYLAMINE;111.5498778;Amine
3746;1975-78-6;;CAPRINITRILE;110.6410818;(Iso)Nitril
3747;528-44-9;;TRIMELLITIC_ACID;76.05103333;Acids
3783;619-99-8;;3-ETHYLHEXANE;115.7023;Alkane
3815;593-49-7;;N-HEPTACOSANE;115.7023;Alkane
3863;646-30-0;;N-NONADECANOIC_ACID;104.7280727;Acids
3868;106-51-4;;QUINONE;85.335025;Carbonyl
3874;85-44-9;;PHTHALIC_ANHYDRIDE;92.11169091;Anhydride
3884;123-73-9;;TRANS-CROTONALDEHYDE;91.40848;Carbonyl
3889;628-80-8;;METHYL_N-PENTYL_ETHER;112.8331714;Ether
3903;16747-50-5;;1-METHYL-1-ETHYLCYCLOPENTANE;115.7023;Alkane
3959;431-89-0;;1,1,1,2,3,3,3-HEPTAFLUOROPROPANE;71.76295;HalogenatedHydrocarbon
3994;59-67-6;;NIACIN;89.3328;no_class_defined_in_mainclasses.txt
3997;98-29-3;;P-TERT-BUTYLCATECHOL;99.82367143;Aromatics
5001;262-12-4;;DIBENZO-P-DIOXIN;114.3440571;Ether
5002;39227-53-7;;1-CHLORODIBENZO-P-DIOXIN;113.6713467;no_class_defined_in_mainclasses.txt
5003;39227-54-8;;2-CHLORODIBENZO-P-DIOXIN;113.6713467;no_class_defined_in_mainclasses.txt
5005;33857-26-0;;2,7-DICHLORODIBENZO-P-DIOXIN;113.082725;no_class_defined_in_mainclasses.txt
;3227-58-2;;1,2,4-TRICHLORODIBENZO-P-DIOXIN;112.5633529;
5008;30746-58-8;;1,2,3,4-TETRACHLORODIBENZO-P-DIOXIN;112.1016889;no_class_defined_in_mainclasses.txt
5009;67028-18-6;;1,2,3,7-TETRACHLORODIBENZO-P-DIOXIN;112.1016889;no_class_defined_in_mainclasses.txt
5010;33423-92-6;;1,3,6,8-TETRACHLORODIBENZO-P-DIOXIN;112.1016889;no_class_defined_in_mainclasses.txt
5013;39227-61-7;;1,2,3,4,7-PENTACHLORODIBENZO-P-DIOXIN;111.6886211;no_class_defined_in_mainclasses.txt
5014;39227-28-6;;1,2,3,4,7,8-HEXACHLORODIBENZO-P-DIOXIN;111.31686;no_class_defined_in_mainclasses.txt
5015;35822-46-9;;1,2,3,4,6,7,8-HEPTACHLORODIBENZO-P-DIOXIN;110.9805048;no_class_defined_in_mainclasses.txt
5016;3268-87-9;;OCTOCHLORODIBENZO-P-DIOXIN;110.6747273;no_class_defined_in_mainclasses.txt
4019;1889-67-4;;2,3-DIMETHYL-2,3-DIPHENYLBUTANE;116.8774333;Alkane
4091;1003-03-8;;CYCLOPENTYLAMINE;109.542925;Amine
4097;606-20-2;;2,6-DINITROTOLUENE;62.09637692;otherNitrogenCompounds
4133;16747-30-1;;2,4,4-TRIMETHYLHEXANE;115.7023;Alkane
4152;148-24-3;;8-HYDROXYQUINOLINE;104.7314917;no_class_defined_in_mainclasses.txt
4231;111-41-1;;N-AMINOETHYL_ETHANOLAMINE;93.84256364;no_class_defined_in_mainclasses.txt
4236;95-80-7;;2,4-DIAMINOTOLUENE;108.9350846;Amine
4314;925-60-0;;N-PROPYL_ACRYLATE;98.008175;Ester
4315;689-12-3;;ISOPROPYL_ACRYLATE;98.008175;Ester
4421;461-58-5;;DICYANDIAMIDE;97.34868;no_classes_defined_in_substances.txt
4469;19269-28-4;;3-METHYLHEXANAL;100.0779875;Carbonyl
4500;3178-22-1;;TERT-BUTYLCYCLOHEXANE;115.7023;Alkane
4539;1795-21-7;;N-DECYLCYCLOPENTANE;115.7023;Alkane
4540;1795-16-0;;N-DECYLCYCLOHEXANE;115.7023;Alkane
4571;5026-76-6;;6-METHYL-1-HEPTENE;116.142975;Alkene
4575;645-49-8;;CIS-STILBENE;117.465;Alkene
4613;289-95-2;;PYRIMIDINE;106.5189333;Aromatics
4734;662-01-1;;1,3-DICHLOROHEXAFLUOROPROPANE;79.38222727;HalogenatedHydrocarbon
4754;94-36-0;;BENZOYL_PEROXIDE;100.7576111;no_classes_defined_in_substances.txt
4760;97-65-4;;ITACONIC_ACID;72.12588182;Acids
4784;630-76-2;;TETRAPHENYLMETHANE;117.394492;Alkane
4798;90-42-6;;2-CYCLOHEXYL_CYCLOHEXANONE;106.0873385;Carbonyl
4824;1520-42-9;;1,1,2-TRIPHENYLETHANE;117.28873;Alkane
4828;58-72-0;;TRIPHENYLETHYLENE;117.465;Alkene
4830;632-51-9;;TETRAPHENYLETHYLENE;117.465;Alkene
4850;108-78-1;;MELAMINE;99.98474;no_class_defined_in_mainclasses.txt
4888;122-66-7;;HYDRAZOBENZENE;107.681375;otherNitrogenCompounds
5062;55702-45-9;;2,3,6-TRICHLOROBIPHENYL(PCB_24);114.82268;Aromatics
5063;38444-73-4;;2,2',6-TRICHLOROBIPHENYL(PCB_19);114.82268;Aromatics
5064;37680-66-3;;2,2',4-TRICHLOROBIPHENYL(PCB_17);114.82268;Aromatics
5065;38444-78-9;;2,2',3-TRICHLOROBIPHENYL(PCB_16);114.82268;Aromatics
5066;38444-77-8;;2,4',6-TRICHLOROBIPHENYL(PCB_32);114.82268;Aromatics
5067;38444-84-7;;2,3,3'-TRICHLOROBIPHENYL(PCB_20);114.82268;
5068;38444-85-8;;2,3,4'-TRICHLOROBIPHENYL(PCB_22);114.82268;Aromatics
5069;38444-87-0;;3,3',5-TRICHLOROBIPHENYL(PCB_36);114.82268;Aromatics
5070;38444-90-5;;3,4,4'-TRICHLOROBIPHENYL(PCB_37);114.82268;Aromatics
5071;35693-99-3;;2,2',5,5'-TETRACHLOROBIPHENYL(PCB_52);114.1621;Aromatics
5072;41464-41-9;;2,2',5,6'-TETRACHLOROBIPHENYL(PCB_53);114.1621;Aromatics
5073;2437-79-8;;2,2',4,4'-TETRACHLOROBIPHENYL(PCB_47);114.1621;Aromatics
5074;41464-39-5;;2,2',3,5'-TETRACHLOROBIPHENYL(PCB_44);114.1621;Aromatics
5075;52663-59-9;;2,2',3,4-TETRACHLOROBIPHENYL(PCB_41);114.1621;Aromatics
5076;32690-93-0;;2,4,4',5-TETRACHLOROBIPHENYL(PCB_74);114.1621;Aromatics
5077;33025-41-1;;2,3,4,4'-TETRACHLOROBIPHENYL(PCB_60);114.1621;Aromatics
5078;32598-11-1;;2,3',4',5-TETRACHLOROBIPHENYL(PCB_70);114.1621;Aromatics
5079;32598-13-3;;3,3',4,4'-TETRACHLOROBIPHENYL(PCB_77);114.1621;Aromatics
5080;60233-25-2;;2,2',3,4',6'-PENTACHLOROBIPHENYL(PCB_98);113.5792353;Aromatics
5081;38379-99-6;;2,2',3,5',6-PENTACHLOROBIPHENYL(PCB_95);113.5792353;Aromatics
5082;52663-61-3;;2,2',3,5,5'-PENTACHLOROBIPHENYL(PCB_92);113.5792353;Aromatics
5083;38380-02-8;;2,2',3,4,5'-PENTACHLOROBIPHENYL(PCB_87);113.5792353;Aromatics
5084;65510-45-4;;2,2',3,4,4'-PENTACHLOROBIPHENYL(PCB_85);113.5792353;Aromatics
5085;68194-12-7;;2,3',4,5,5'-PENTACHLOROBIPHENYL(PCB_120);113.5792353;Aromatics
5086;31508-00-6;;2,3',4,4',5-PENTACHLOROBIPHENYL(PCB_118);113.5792353;Aromatics
5087;52663-60-2;;2,2',3,3',6-PENTACHLOROBIPHENYL(PCB_84);113.5792353;Aromatics
5088;38380-04-0;;2,2',3,4',5',6-HEXACHLOROBIPHENYL(PCB_149);113.0611333;Aromatics
5090;35694-06-5;;2,2',3,4,4',5-HEXACHLOROBIPHENYL(PCB_137);113.0611333;Aromatics
5092;55215-18-4;;2,2',3,3',4,5-HEXACHLOROBIPHENYL(PCB_129);113.0611333;Aromatics
5094;52663-64-6;;2,2',3,3',5,6,6'-HEPTACHLOROBIPHENYL(PCB_179);112.5975684;Aromatics
5106;1912-24-9;;ATRAZINE;100.1476438;no_classes_defined_in_substances.txt
5131;121-32-4;;ETHYL_VANILLIN;96.39916923;no_classes_defined_in_substances.txt
5222;10036-47-2;;TETRAFLUOROHYDRAZINE;40.45123333;no_classes_defined_in_substances.txt
5232;32598-10-0;;2,3',4,4'-TETRACHLOROBIPHENYL(PCB_66);114.1621;Aromatics
5233;56558-16-8;;2,2',4,6,6'-PENTACHLOROBIPHENYL(PCB_104);113.5792353;Aromatics
5234;32598-14-4;;2,3,3',4,4'-PENTACHLOROBIPHENYL(PCB_105);113.5792353;Aromatics
5235;40186-71-8;;2,2',3,3',4,5',6,6'-OCTACHLOROBIPHENYL(PCB_201);112.18036;Aromatics
5236;35694-08-7;;2,2',3,3',4,4',5,5'-OCTACHLOROBIPHENYL(PCB_194);112.18036;Aromatics
5237;52663-79-3;;2,2',3,3',4,4',5,6,6'-NONACHLOROBIPHENYL(PCB_207);111.8028857;Aromatics
5238;15968-05-5;;2,2',6,6'-TETRACHLOROBIPHENYL(PCB_54);114.1621;Aromatics
5239;38444-93-8;;2,2',3,3'-TETRACHLOROBIPHENYL(PCB_40);114.1621;Aromatics
5240;33284-54-7;;2,3,5,6-TETRACHLOROBIPHENYL(PCB_65);114.1621;Aromatics
5378;118-93-4;;2-HYDROXYACETOPHENONE;94.71531818;no_class_defined_in_mainclasses.txt
5441;150-68-5;;MONURON;94.21494286;no_classes_defined_in_substances.txt
5447;35065-28-2;;2,2',3,4,4',5'-HEXACHLOROBIPHENYL(PCB_138);113.0611333;Aromatics
5492;33284-52-5;;3,3',5,5'-TETRACHLOROBIPHENYL(PCB_80);114.1621;Aromatics
5531;55702-46-0;;2,3,4-TRICHLOROBIPHENYL(PCB_21);114.82268;
5532;38444-86-9;;2,3',4'-TRICHLOROBIPHENYL(PCB_33);114.82268;
5533;32774-16-6;;3,3',4,4',5,5'-HEXACHLOROBIPHENYL(PCB_169);113.0611333;
5869;16605-91-7;;2,3-DICHLOROBIPHENYL(PCB_5);115.5776286;Aromatics
3731;56-84-8;;L-ASPARTIC-ACID;74.76837692;no_class_defined_in_mainclasses.txt
5336;2457-47-8;;3,5-DICHLOROPYRIDINE;110.057325;no_class_defined_in_mainclasses.txt
28383;5418-51-9;;2-HYDROXY-5-NITROPYRIDINE;66.02830909;no_classes_defined_in_substances.txt
28390;74115-12-1;;5-CHLORO-3-PYRIDINOL;99.01903333;no_classes_defined_in_substances.txt
28393;4214-74-8;;2-AMINO-3,5-DICHLOROPYRIDINE;107.1173182;no_classes_defined_in_substances.txt
5714;142-08-5;;2-HYDROXYPYRIDINE;98.3647375;Amide
3574;109-00-2;;3-HYDROXYPYRIDINE;98.3647375;no_class_defined_in_mainclasses.txt
26802;4214-76-0;;2-AMINO-5-NITROPYRIDINE;80.26366667;no_classes_defined_in_substances.txt
28394;6298-19-7;;3-AMINO-2-CHLOROPYRIDINE;107.40371;no_classes_defined_in_substances.txt
28389;1072-98-6;;2-AMINO-5-CHLOROPYRIDINE;107.40371;no_classes_defined_in_substances.txt
3993;504-24-5;;3-AMINOPYRIDINE;107.7537444;no_class_defined_in_mainclasses.txt
28396;16867-03-1;;2-AMINO-3-HYDROXYPYRIDINE;98.61361818;no_classes_defined_in_substances.txt
22810;609-23-4;;2,4,6-TRIIODOPHENOL;;no_class_defined_in_mainclasses.txt
28391;5326-23-8;;6-CHLORONICOTINIC-ACID;90.68921818;no_classes_defined_in_substances.txt
5708;55-22-1;;ISONICOTINIC-ACID;89.3328;no_class_defined_in_mainclasses.txt
9112;98-98-6;;PICOLINIC-ACID;89.3328;no_class_defined_in_mainclasses.txt
28392;609-71-2;;2-HYDROXYNICOTINIC-ACID;84.02450833;no_classes_defined_in_substances.txt
5060;540-38-5;;4-IODOPHENOL;;no_class_defined_in_mainclasses.txt
5710;1453-82-3;;ISONICOTINAMIDE;97.8358;no_class_defined_in_mainclasses.txt
5393;98-92-0;;NICOTINAMIDE;97.8358;no_class_defined_in_mainclasses.txt
28384;5446-92-4;;2-METHOXY-5-NITROPYRIDINE;79.69570909;no_classes_defined_in_substances.txt
28395;6635-86-5;;2-AMINO-4-METHYL-3-NITROPYRIDINE;82.98971538;no_classes_defined_in_substances.txt
5590;695-34-1;;2-AMINO-4-METHYLPYRIDINE;108.5486;no_class_defined_in_mainclasses.txt
2979;63-74-1;;SULFANILAMIDE;;no_classes_defined_in_substances.txt
18650;609-99-4;;3,5-DINITROSALICYLIC-ACID;57.10516111;no_classes_defined_in_substances.txt
5259;2539-17-5;;TETRACHLOROGUAIACOL;103.4350286;no_classes_defined_in_substances.txt
4778;619-58-9;;4-IODOBENZOIC-ACID;;no_class_defined_in_mainclasses.txt
6148;456-22-4;;4-FLUOROBENZOIC-ACID;89.00890909;no_class_defined_in_mainclasses.txt
3872;74-11-3;;4-CHLOROBENZOIC-ACID;93.67450909;no_class_defined_in_mainclasses.txt
5257;57057-83-7;;3,4,5-TRICHLOROGUAIACOL;103.3720769;no_classes_defined_in_substances.txt
5258;2668-24-8;;4,5,6-TRICHLOROGUAIACOL;103.3720769;no_classes_defined_in_substances.txt
3591;585-76-2;;4-BROMOBENZOIC-ACID;;no_class_defined_in_mainclasses.txt
5256;2460-49-3;;4,5-DICHLOROGUAIACOL;103.2986333;no_classes_defined_in_substances.txt
7772;16766-31-7;;4,6-DICHLOROGUAIACOL;103.2986333;no_classes_defined_in_substances.txt
5758;93-60-7;;METHYLNICOTINATE;98.96826;no_class_defined_in_mainclasses.txt
2944;619-57-8;;P-HYDROXYBENZAMIDE;94.1537;no_class_defined_in_mainclasses.txt
4673;150-13-0;;4-AMINOBENZOIC-ACID;94.1537;no_class_defined_in_mainclasses.txt
18832;65-49-6;;4-AMINOSALICYLIC-ACID;89.26428;no_classes_defined_in_substances.txt
28398;38116-61-9;;2-HYDROXY-6-METHYLNICOTINIC-ACID;86.46126154;no_classes_defined_in_substances.txt
5731;873-76-7;;4-CHLOROBENZYL-ALCOHOL;103.97118;no_class_defined_in_mainclasses.txt
7771;3743-23-5;;5-CHLOROGUAIACOL;103.2118364;no_classes_defined_in_substances.txt
6050;623-05-2;;4-HYDROXYBENZYL-ALCOHOL;95.49313636;no_class_defined_in_mainclasses.txt
3027;58-55-9;;1,3-DIMETHYLXANTHINE;76.34912857;no_classes_defined_in_substances.txt
3077;83-67-0;;THEOBROMINE;76.34912857;no_classes_defined_in_substances.txt
28397;1195-59-1;;2,6-PYRIDINEDIMETHANOL;94.44071667;no_class_defined_in_mainclasses.txt
35320;30652-11-0;;1,2-DIMETHYL-3-HYDROXY-4-PYRIDONE;85.28462727;no_classes_defined_in_substances.txt
28385;5407-87-4;;2-AMINO-4,6-DIMETHYLPYRIDINE;109.1989364;no_class_defined_in_mainclasses.txt
5506;122-34-9;;SIMAZINE;99.11066667;no_classes_defined_in_substances.txt
16594;1975-50-4;;2-METHYL-3-NITROBENZOIC-ACID;73.94634286;no_class_defined_in_mainclasses.txt
25753;614-61-9;;2-CHLOROPHENOXYACETIC-ACID;95.51848462;no_classes_defined_in_substances.txt
10480;19463-48-0;;5-CHLOROVANILLIN;95.51848462;no_classes_defined_in_substances.txt
5925;586-38-9;;M-ANISIC-ACID;94.790575;no_class_defined_in_mainclasses.txt
13622;85-43-8;;4-CYCLOHEXENE-1,2-DICARBOXYLIC-ANHYDRIDE;91.47070909;no_classes_defined_in_substances.txt
5184;122-59-8;;PHENOXYACETIC-ACID;94.790575;no_class_defined_in_mainclasses.txt
4099;579-75-9;;O-ANISIC-ACID;94.790575;no_class_defined_in_mainclasses.txt
27360;645-08-9;;3-HYDROXY-4-METHYLOXYBENZOIC-ACID;89.46092857;no_classes_defined_in_substances.txt
2974;99-92-3;;4-AMINOACETOPHENONE;102.0611917;no_class_defined_in_mainclasses.txt
6440;619-45-4;;METHYL-P-AMINOBENZOATE;101.5655923;no_class_defined_in_mainclasses.txt
19394;59277-89-3;;ACYCLOVIR;88.659905;no_classes_defined_in_substances.txt
5389;57-44-3;;BARBITAL;80.73758667;no_classes_defined_in_substances.txt
2618;622-47-9;;P-TOLYLACETIC-ACID;103.4748273;Acids
22909;144-82-1;;SULFAMETHIZOLE;;no_classes_defined_in_substances.txt
5264;330-54-1;;DIURON;94.88417333;no_classes_defined_in_substances.txt
6441;94-09-7;;ETHYL-P-AMINOBENZOATE;102.5753571;no_class_defined_in_mainclasses.txt
5056;2921-88-2;;CHLOROPYRIFOS;;no_classes_defined_in_substances.txt
35374;82410-32-0;;GANCICLOVIR;87.12463043;no_classes_defined_in_substances.txt
18706;21725-46-2;;CYANAZINE;98.78297222;no_classes_defined_in_substances.txt
7697;50-11-3;;METHARBITAL;79.03968;no_classes_defined_in_substances.txt
16456;68-35-9;;SULFADIAZINE;;no_classes_defined_in_substances.txt
16747;723-46-6;;SULFAMETHOXAZOLE;;no_classes_defined_in_substances.txt
6464;94-13-3;;PROPYL-4-HYDROXYBENZOATE;97.77796429;no_class_defined_in_mainclasses.txt
3864;62-44-2;;PHENACETIN;100.7561714;no_class_defined_in_mainclasses.txt
6442;94-12-2;;PROPYL-P-AMINOBENZOATE;103.4504867;no_class_defined_in_mainclasses.txt
5022;299-42-3;;EPHEDRINE;102.8018786;no_class_defined_in_mainclasses.txt
18677;125-40-6;;BUTABARBITAL;84.85108235;no_classes_defined_in_substances.txt
16748;144-83-2;;SULFAPYRIDINE;;no_classes_defined_in_substances.txt
6085;127-79-7;;SULFAMERAZINE;;no_classes_defined_in_substances.txt
23914;651-06-9;;SULFAMETER;;no_classes_defined_in_substances.txt
5388;80-35-3;;SULFAMETHOXYPYRIDAZINE;;no_classes_defined_in_substances.txt
20278;127-69-5;;SULFISOXAZOLE;;no_classes_defined_in_substances.txt
6443;94-25-7;;BUTYL-P-AMINOBENZOATE;104.216225;no_class_defined_in_mainclasses.txt
5486;76-75-5;;THIOPENTAL;;no_classes_defined_in_substances.txt
18601;57-43-2;;AMOBARBITAL;86.56503889;no_classes_defined_in_substances.txt
5483;76-74-4;;PENTOBARBITAL;86.56503889;no_classes_defined_in_substances.txt
1565;92-69-3;;P-HYDROXYBIPHENYL;108.89615;Aromatics
3223;574-19-6;;1-ACETYL-2-NAPHTHOL;100.7819;no_class_defined_in_mainclasses.txt
3222;711-79-5;;2-ACETYL-1-NAPHTHOL;100.7819;no_class_defined_in_mainclasses.txt
4840;127-63-9;;DIPHENYL-SULFONE;;Sulfoxide&Sulfonyl
5390;50-06-6;;PHENOBARBITAL;88.65522105;no_classes_defined_in_substances.txt
22905;515-64-0;;SULFISOMIDINE;;no_classes_defined_in_substances.txt
5387;57-68-1;;SULFAMETHAZINE;;no_classes_defined_in_substances.txt
5494;136-77-6;;4-HEXYLRESORCINOL;101.8085;Aromatics
18679;77-27-0;;THIAMYLAL;;no_classes_defined_in_substances.txt
24711;64-77-7;;TOLBUTAMIDE;;no_classes_defined_in_substances.txt
3343;492-22-8;;THIOXANTHONE;;no_class_defined_in_mainclasses.txt
18550;4394-00-7;;NIFLUMIC-ACID;92.23985;no_classes_defined_in_substances.txt
3714;261-31-4;;THIOXANTHENE;;Thioether
3341;92-83-1;;XANTHENE;115.7786214;Ether
18680;53-19-0;;MITOTANE;114.3332333;no_classes_defined_in_substances.txt
18977;2150-58-5;;N,N-DIMETHYLINDOANILINE;101.7674471;no_classes_defined_in_substances.txt
5115;137-58-6;;LIDOCAINE;99.62596111;no_class_defined_in_mainclasses.txt
17480;36322-90-4;;PIROXICAM;;no_classes_defined_in_substances.txt
5559;5104-49-4;;FLURBIPROFEN;100.8048737;no_class_defined_in_mainclasses.txt
6057;61-68-7;;MEFENAMIC-ACID;100.95109;no_class_defined_in_mainclasses.txt
5965;57-42-1;;MEPERIDINE;102.6626111;no_class_defined_in_mainclasses.txt
5568;28911-01-5;;TRIAZOLAM;107.4459522;no_classes_defined_in_substances.txt
5548;57-27-2;;MORPHINE;100.9600609;no_classes_defined_in_substances.txt
22607;466-99-9;;HYDROMORPHINONE;99.74080455;no_classes_defined_in_substances.txt
18686;53-16-7;;ESTRONE;104.709119;no_class_defined_in_mainclasses.txt
14421;50-28-2;;ESTRADIOL;105.5977182;no_class_defined_in_mainclasses.txt
18685;50-27-1;;ESTRIOL;101.5881625;no_class_defined_in_mainclasses.txt
28643;434-22-0;;NANDROLONE;104.3733667;no_classes_defined_in_substances.txt
18551;65847-85-0;;MORNIFLUMATE;97.07763103;no_classes_defined_in_substances.txt
3025;58-22-0;;TESTOSTERONE;104.8883182;no_classes_defined_in_substances.txt
18660;521-18-6;;ANDROSTANOLONE;104.7280727;no_class_defined_in_mainclasses.txt
18044;57-63-6;;ETHINYL-ESTRADIOL;102.3036667;no_classes_defined_in_substances.txt
18662;68-22-4;;NORETHINDRONE;101.0425609;no_classes_defined_in_substances.txt
28639;72-63-9;;METHANEDIENONE;105.5117696;no_classes_defined_in_substances.txt
;1425-10-1;;NANDROLONE-ACETATE;104.1132783;
5566;58-18-4;;METHYLTESTOSTERONE;105.3584913;no_classes_defined_in_substances.txt
28644;521-11-9;;MESTANOLONE;105.205213;no_class_defined_in_mainclasses.txt
5563;363-24-6;;PROSTAGLANDIN;94.55038214;no_classes_defined_in_substances.txt
5564;551-11-1;;PROSTAGLANDIN-F2ALPHA;95.5747931;no_classes_defined_in_substances.txt
22849;52-86-8;;HALOPERIDOL;101.0833296;no_classes_defined_in_substances.txt
18670;434-03-7;;ETHISTERONE;101.6533833;no_classes_defined_in_substances.txt
3024;53-06-5;;CORTISONE;94.11890357;no_classes_defined_in_substances.txt
3026;57-83-0;;PROGESTERONE;104.9864913;Carbonyl
5397;64-85-7;;DESOXYCORTICOSTERONE;101.186216;no_classes_defined_in_substances.txt
18681;1045-69-8;;TESTOSTERONE-ACETATE;104.5961542;no_classes_defined_in_substances.txt
;7207-92-3;;NANDROLONE-PROPIONATE;104.5961542;
5017;50-23-7;;HYDROCORTISONE;95.1581931;no_classes_defined_in_substances.txt
18673;53-03-2;;PREDNISONE;94.24481071;no_classes_defined_in_substances.txt
18663;51-98-9;;NORETHINDRONE-ACETATE;101.069744;no_classes_defined_in_substances.txt
22608;437-38-7;;FENTANYL;103.53164;no_class_defined_in_mainclasses.txt
16800;378-44-9;;BETAMETHASONE;94.5724871;no_classes_defined_in_substances.txt
5396;50-02-2;;DEXAMETHASONE;94.5724871;no_classes_defined_in_substances.txt
;56030-54-7;;SUFENTANIL;;
18671;57-85-2;;TESTOSTERONE-PROPIONATE;105.0404;no_classes_defined_in_substances.txt
18674;125-10-0;;PREDNISONE-ACETATE;94.72064667;no_classes_defined_in_substances.txt
16725;50-04-4;;CORTISONE-ACETATE;94.60313333;no_classes_defined_in_substances.txt
16738;56-47-3;;DESOXYCORTICOSTERONE-ACETATE;101.2007444;no_classes_defined_in_substances.txt
15679;50-03-3;;HYDROCORTISONE-ACETATE;95.55975161;no_classes_defined_in_substances.txt
16801;1177-87-3;;DEXAMETHASONE-ACETATE;94.98520606;no_classes_defined_in_substances.txt
18672;987-24-6;;BETAMETHASONE-ACETATE;94.98520606;no_classes_defined_in_substances.txt
18669;50-50-0;;ESTRADIOL-BENZOATE;107.413869;no_classes_defined_in_substances.txt
;3836-23-5;;NORETHINDRONE-ENANTHATE;103.5085033;
6456;57-88-5;;BETA-CHOLESTEROL;111.8087448;Alcohol
19049;604-35-3;;CHOLESTEROL-ACETATE;111.1360742;no_class_defined_in_mainclasses.txt
14165;83-46-5;;SITOSTEROL;112.0599419;Alcohol
19051;604-32-0;;CHOLESTERYL-BENZOATE;112.0640556;no_class_defined_in_mainclasses.txt
;125-42-8;;VINBARBITAL;86.76089444;
6463;1202-25-1;;METHYL-4-DIMETHYLAMINOBENZOATE;97.64734615;no_class_defined_in_mainclasses.txt
5990;51-66-1;;METHACETIN;99.60646923;no_class_defined_in_mainclasses.txt
5481;389-08-2;;NALIDIXIC-ACID;88.73695;no_classes_defined_in_substances.txt
6097;756-79-6;;METHYL-PHOSPHONICACIDDIMETHYLESTER;;no_class_defined_in_mainclasses.txt
6269;107-29-9;;ACETALDOXIME;86.55204;otherNitrogenCompounds
6400;60-09-3;;P-AMINOAZOBENZENE;110.3920882;no_classes_defined_in_substances.txt
6401;610-39-9;;3,4-DINITROTOLUENE;62.09637692;otherNitrogenCompounds
6405;674-82-8;;DIKETENE;92.11013333;no_class_defined_in_mainclasses.txt
6425;611-15-4;;O-METHYLSTYRENE;117.2691444;Alkene
6426;100-80-1;;M-METHYLSTYRENE;117.2691444;Alkene
6430;1186-53-4;;2,2,3,4-TETRAMETHYLPENTANE;115.7023;Alkane
6431;16747-38-9;;2,3,3,4-TETRAMETHYLPENTANE;115.7023;Alkane
6432;7154-79-2;;2,2,3,3-TETRAMETHYLPENTANE;115.7023;Alkane
6433;1070-87-7;;2,2,4,4-TETRAMETHYLPENTANE;115.7023;Alkane
6465;103-90-2;;ACETAMINOPHEN;92.19457692;no_class_defined_in_mainclasses.txt
6469;75-88-7;;2-CHLORO-1,1,1-TRIFLUOROETHANE;82.4089;HalogenatedHydrocarbon
6484;618-85-9;;3,5-DINITROTOLUENE;62.09637692;otherNitrogenCompounds
6485;619-15-8;;2,5-DINITROTOLUENE;62.09637692;otherNitrogenCompounds
6537;6765-39-5;;1-HEPTADECENE;115.9096765;Alkene
6553;18435-45-5;;1-NONADECENE;115.8878474;Alkene
6585;624-65-7;;PROPARGYL_CHLORIDE;88.023475;no_classes_defined_in_substances.txt
6634;812-04-4;;2,2-DICHLORO-1,1,2-TRIFLUOROETHANE;85.52954286;HalogenatedHydrocarbon
6670;479-45-8;;TETRYL;40.47518;no_classes_defined_in_substances.txt
6687;5194-50-3;;CIS,TRANS-2,4-HEXADIENE;116.8774333;Alkene
6715;1795-20-6;;N-OCTYLCYCLOPENTANE;115.7023;Alkane
6746;2882-98-6;;N-NONYLCYCLOPENTANE;115.7023;Alkane
6759;136-35-6;;1,3-DIPHENYLTRIAZENE;108.4684125;no_class_defined_in_mainclasses.txt
6771;764-13-6;;2,5-DIMETHYL-2,4-HEXADIENE;116.58365;Alkene
6811;359-10-4;;2-CHLORO-1,1-DIFLUOROETHYLENE;89.0094;no_class_defined_in_mainclasses.txt
6818;353-50-4;;CARBONYL_FLUORIDE;53.068425;Carbonate
6824;354-56-3;;PENTACHLOROFLUOROETHANE;100.700425;HalogenatedHydrocarbon
6905;463-51-4;;KETENE;57.49306667;Keten
6951;123-56-8;;SUCCINIMIDE;75.110725;no_classes_defined_in_substances.txt
7002;1759-81-5;;4-METHYLCYCLOPENTENE;116.2898667;Alkene
7018;2532-58-3;;CIS-1,3-DIMETHYLCYCLOPENTANE;115.7023;Alkane
7077;13475-81-5;;2,2,3,3-TETRAMETHYLHEXANE;115.7023;Alkane
7078;1071-81-4;;2,2,5,5-TETRAMETHYLHEXANE;115.7023;Alkane
7209;86-89-5;;1-N-PENTYLNAPHTHALENE;116.8774333;Alkane
7342;5634-30-0;;N-DODECYLCYCLOPENTANE;115.7023;Alkane
7343;6006-34-4;;N-TRIDECYLCYCLOPENTANE;115.7023;Alkane
7346;618-46-2;;M-CHLOROBENZOYL_CHLORIDE;101.97069;no_classes_defined_in_substances.txt
7388;1795-22-8;;N-TETRADECYLCYCLOPENTANE;115.7023;Alkane
7457;288-14-2;;ISOXAZOLE;106.52804;no_class_defined_in_mainclasses.txt
7606;599-64-4;;P-CUMYLPHENOL;110.0972353;Aromatics
7723;7731-29-5;;TRANS-4-METHYLCYCLOHEXANOL;102.7646889;Alcohol
7785;107-25-5;;METHYL_VINYL_ETHER;111.562675;no_class_defined_in_mainclasses.txt
7786;625-45-6;;METHOXYACETIC_ACID;78.34274286;no_class_defined_in_mainclasses.txt
7787;1476-11-5;;1,4-DICHLORO-CIS-2-BUTENE;112.4735667;no_class_defined_in_mainclasses.txt
7788;110-57-6;;1,4-DICHLORO-TRANS-2-BUTENE;112.4735667;no_class_defined_in_mainclasses.txt
7789;760-23-6;;3,4-DICHLORO-1-BUTENE;112.4735667;no_class_defined_in_mainclasses.txt
7790;109-93-3;;DIVINYL_ETHER;113.09568;no_class_defined_in_mainclasses.txt
7791;503-64-0;;CIS-CROTONIC_ACID;81.7155;Acids
7792;107-93-7;;TRANS-CROTONIC_ACID;81.7155;Acids
7855;1885-48-9;;2-(DIFLUOROMETHOXY)-1,1,1-TRIFLUOROETHANE;78.59825556;no_class_defined_in_mainclasses.txt
7962;5617-42-5;;N-HEPTYLCYCLOPENTANE;115.7023;Alkane
8073;1012-72-2;;1,4-DI-TERT-BUTYLBENZENE;116.4577429;Alkane
8140;2432-63-5;;DIPROPYL_MALEATE;95.22862857;Ester
8193;107-22-2;;GLYOXAL;53.20505;Carbonyl
8278;280-57-9;;TRIETHYLENEDIAMINE;90.64925;Amine
8365;1691-17-4;;BIS(DIFLUOROMETHYL)ETHER;76.96431429;no_class_defined_in_mainclasses.txt
8395;89-05-4;;PYROMELLITIC_ACID;72.28612727;Acids
8439;112-50-5;;2-(2-(2-ETHOXYETHOXY)ETHOXY)ETHANOL;102.1107462;no_class_defined_in_mainclasses.txt
8612;98-56-6;;P-CHLOROBENZOTRIFLUORIDE;98.50373636;no_classes_defined_in_substances.txt
8769;38842-05-6;;1,2,3,5-TETRAETHYLBENZENE;116.4577429;Alkane
8804;766-90-5;;CIS-1-PROPENYLBENZENE;117.2691444;Alkene
8805;873-66-5;;TRANS-1-PROPENYLBENZENE;117.2691444;Alkene
8892;1068-87-7;;2,4-DIMETHYL-3-ETHYLPENTANE;115.7023;Alkane
8894;15869-80-4;;3-ETHYLHEPTANE;115.7023;Alkane
9008;616-02-4;;METHYL_MALEIC_ANHYDRIDE;82.3838625;Anhydride
9012;78-97-7;;LACTONITRILE;87.01698333;(Iso)Nitril
9041;822-50-4;;TRANS-1,2-DIMETHYLCYCLOPENTANE;115.7023;Alkane
9072;627-98-5;;5-METHYL-1-HEXANOL;102.7646889;Alcohol
9087;6012-97-1;;TETRACHLOROTHIOPHENE;;no_class_defined_in_mainclasses.txt
9103;104-01-8;;4-METHOXYPHENYLACETIC_ACID;96.39916923;no_class_defined_in_mainclasses.txt
9109;7443-70-1;;CIS-2-METHYLCYCLOHEXANOL;102.7646889;Alcohol
9110;7443-52-9;;TRANS-2-METHYLCYCLOHEXANOL;102.7646889;Alcohol
9114;2425-74-3;;TERT-BUTYLFORMAMIDE;90.7350375;Amide
9184;702-79-4;;1,3-DIMETHYLADAMANTANE;115.7023;Alkane
9185;2292-79-7;;DIAMANTANE;115.7023;Alkane
9237;80-43-3;;DICUMYL_PEROXIDE;114.75153;PeroxyNoAcid
9316;26438-27-7;;1-N-DECYLNAPHTHALENE;116.58365;Alkane
9482;20348-51-0;;CIS-2-DECENE;116.05484;Alkene
9483;20063-97-2;;TRANS-2-DECENE;116.05484;Alkene
9497;7206-26-0;;CIS-2-DODECENE;115.9960833;Alkene
9498;7206-13-5;;TRANS-2-DODECENE;115.9960833;Alkene
9541;604-88-6;;HEXAETHYLBENZENE;116.2898667;Alkane
9560;694-92-8;;METHYLNORBORNENE;116.142975;Alkene
9579;1454-84-8;;1-NONADECANOL;110.1576095;Alcohol
9584;605-01-6;;PENTAETHYLBENZENE;116.3633125;Alkane
9597;140-31-8;;N-AMINOETHYL_PIPERAZINE;97.0164;Amine
9615;764-35-2;;2-HEXYNE;99.1579;Alkyne
9643;4032-94-4;;2,4-DIMETHYLOCTANE;115.7023;Alkane
9650;431-63-0;;1,1,1,2,3,3-HEXAFLUOROPROPANE;73.8553;HalogenatedHydrocarbon
9668;3524-73-0;;5-METHYL-1-HEXENE;116.2059286;Alkene
9719;42205-08-3;;1,2,3-TRIETHYLBENZENE;116.58365;Alkane
9721;430-66-0;;1,1,2-TRIFLUOROETHANE;78.04;HalogenatedHydrocarbon
9812;1191-25-9;;6-HYDROXYHEXANOIC_ACID;83.16852727;no_class_defined_in_mainclasses.txt
9843;1678-98-4;;ISO-BUTYLCYCLOHEXANE;115.7023;Alkane
9855;1002-43-3;;3-METHYLUNDECANE;115.7023;Alkane
10029;840-65-3;;DIMETHYL-2,6-NAPHTHALENEDICARBOXYLATE;100.5617556;Ester
10097;78448-33-6;;ISOPROPYL_ISOBUTYL_ETHER;113.1918125;Ether
10494;1123-85-9;;2-PHENYL-1-PROPANOL;106.0784545;Alcohol
10508;625-69-4;;2,4-PENTANEDIOL;89.82707778;Alcohol
11079;999-21-3;;DIALLYL_MALEATE;95.73225714;no_class_defined_in_mainclasses.txt
11294;5454-79-5;;CIS-3-METHYLCYCLOHEXANOL;102.7646889;Alcohol
11295;7443-55-2;;TRANS-3-METHYLCYCLOHEXANOL;102.7646889;Alcohol
11381;79-21-0;;PERACETIC_ACID;72.11615;Acids
11711;766-07-4;;CYCLOHEXYL_PEROXIDE;100.5331444;PeroxyNoAcid
11776;110-27-0;;ISOPROPYL_MYRISTATE;108.0665947;Ester
6738;78-11-5;;PENTAERYTHRITOL_TETRANITRATE;44.5003;otherNitrogenCompounds
12325;2456-27-1;;DINONYL_ETHER;114.6452526;Ether
12344;4588-18-5;;2-METHYL-1-OCTENE;116.0940111;Alkene
12430;99-63-8;;ISOPHTHALOYL_CHLORIDE;93.84308333;no_classes_defined_in_substances.txt
12442;111-30-8;;GLUTARALDEHYDE;79.98958571;Carbonyl
12471;3173-72-6;;1,5-NAPHTHALENE_DIISOCYANATE;90.87075;otherNitrogenCompounds
12641;143-13-5;;N-NONYL_ACETATE;104.5424231;Ester
12922;552-30-7;;TRIMELLITIC_ANHYDRIDE;82.30698667;no_classes_defined_in_substances.txt
13033;6064-63-7;;HYDROXYCAPROIC_ACID;83.16852727;no_class_defined_in_mainclasses.txt
13060;3404-61-3;;3-METHYL-1-HEXENE;116.2059286;Alkene
13188;87-89-8;;INOSITOL;76.88946667;Alcohol
13314;555-10-2;;BETA-PHELLANDRENE;116.40738;Alkene
13343;78-01-3;;1,1-DIETHYLCYCLOHEXANE;115.7023;Alkane
13526;540-61-4;;AMINOACETONITRILE;98.2109;no_class_defined_in_mainclasses.txt
13379;15869-87-1;;2,2-DIMETHYLOCTANE;115.7023;Alkane
13380;3726-45-2;;1,2,3,4-TETRAMETHYLCYCLOHEXANE;115.7023;Alkane
13382;3769-23-1;;4-METHYL-1-HEXENE;116.2059286;Alkene
13383;3404-71-5;;2-ETHYL-1-PENTENE;116.2059286;Alkene
13384;6094-02-6;;2-METHYL-1-HEXENE;116.2059286;Alkene
13385;4038-04-4;;3-ETHYL-1-PENTENE;116.2059286;Alkene
13386;16746-86-4;;2,3-DIMETHYL-1-HEXENE;116.142975;Alkene
13387;13511-13-2;;PROPENYL_CYCLOHEXENE;116.4857222;Alkene
13388;26519-91-5;;METHYLCYCLOPENTADIENE;116.8774333;Alkene
13389;592-45-0;;1,4-HEXADIENE;116.8774333;Alkene
13390;99-83-2;;ALPHA-PHELLANDRENE;116.40738;Alkene
13392;646-05-9;;1-PENTENE-3-YNE;96.5541;no_class_defined_in_mainclasses.txt
13393;7364-19-4;;P-TERT-BUTYL_ETHYLBENZENE;116.58365;Alkane
13394;6362-80-7;;2,4-DIPHENYL-4-METHYLPENTENE-1;117.0732889;Alkene
13395;2039-93-2;;2-PHENYLBUTENE-1;117.11246;Alkene
13396;768-00-3;;CIS-2-PHENYLBUTENE-2;117.11246;Alkene
13399;63444-56-4;;4-ISOBUTYLSTYRENE;116.8774333;Alkene
13400;16262-48-9;;P-ISOPROPENYLSTYRENE;117.3047545;Alkene
13401;1746-23-2;;P-TERT-BUTYLSTYRENE;116.8774333;Alkene
13402;26438-26-6;;1-N-NONYLNAPHTHALENE;116.6300368;Alkane
13404;4773-83-5;;1,2,3-TRIMETHYLINDENE;116.8774333;Alkene
13406;15403-89-1;;ETHYLNORBORNENE;116.0940111;Alkene
13407;925-54-2;;2-METHYLHEXANAL;100.0779875;Carbonyl
13408;623-36-9;;2-METHYL-2-PENTENAL;98.34957143;Carbonyl
21616;15798-64-8;;CIS-CROTONALDEHYDE;91.40848;Carbonyl
4230;93-53-8;;2-PHENYLPROPIONALDEHYDE;104.26047;Carbonyl
13410;623-27-8;;TEREPHTHALDEHYDE;91.76102;Carbonyl
21617;620-23-5;;M-TOLUALDEHYDE;102.9891556;Carbonyl
67660;25154-52-3;;NONYLPHENOL;109.4751059;Aromatics
13413;2163-42-0;;2-METHYL-1,3-PROPANEDIOL;86.592675;Alcohol
13414;144-19-4;;2,2,4-TRIMETHYL-1,3-PENTANEDIOL;96.29588333;Alcohol
13415;6117-80-2;;CIS-2-BUTENE-1,4-DIOL;87.03335;Alcohol
13416;821-11-4;;TRANS-2-BUTENE-1,4-DIOL;87.03335;Alcohol
13418;619-82-9;;1,4-CYCLOHEXANEDICARBOXYLIC_ACID;81.21187143;Acids
13419;1123-00-8;;CYCLOPENTYLACETIC_ACID;91.559;Acids
13421;5451-52-5;;N-DECYL_FORMATE;104.5424231;Ester
13422;692-45-5;;VINYL_FORMATE;87.3917;no_classes_defined_in_substances.txt
13423;2210-28-8;;N-PROPYL_METHACRYLATE;99.97418889;Ester
13425;94-60-0;;DIMETHYL-1,4-CYCLOHEXANEDICARBOXYLATE;94.97681429;Ester
13426;80-47-7;;P-MENTHANE_HYDROPEROXIDE;105.2005769;PeroxyNoAcid
21620;4813-50-7;;N-BUTYLHYDROPEROXIDE;96.1991;PeroxyNoAcid
13427;26762-93-6;;M-DIISOPROPYLBENZENE_HYDROPEROXIDE;107.3058867;no_classes_defined_in_substances.txt
3084;124-73-2;;1,2-DIBROMOTETRAFLUOROETHANE;;HalogenatedHydrocarbon
1235;1511-62-2;;BROMODIFLUOROMETHANE;;HalogenatedHydrocarbon
1441;74-83-9;;METHYL_BROMIDE;;HalogenatedHydrocarbon
2309;557-91-5;;1,1-DIBROMOETHANE;;HalogenatedHydrocarbon
13429;1446-61-3;;DEHYDROABIETYLAMINE;114.0197435;Amine
13431;101-54-2;;P-AMINODIPHENYLAMINE;109.6513471;Amine
2928;75-66-1;;TERT-BUTYL_MERCAPTAN;;Thiol
1935;513-44-0;;ISOBUTYL_MERCAPTAN;;Thiol
2014;1455-21-6;;N-NONYL_MERCAPTAN;;Thiol
2015;111-88-6;;N-OCTYL_MERCAPTAN;;Thiol
1581;1569-69-3;;CYCLOHEXYL_MERCAPTAN;;Thiol
6174;100-53-8;;BENZYL_MERCAPTAN;;Thiol
419;624-89-5;;METHYL_ETHYL_SULFIDE;;Thioether
2254;3877-15-4;;METHYL_N-PROPYL_SULFIDE;;Thioether
4434;6163-64-0;;METHYL_T-BUTYL_SULFIDE;;Thioether
1254;111-47-7;;DI-N-PROPYL_SULFIDE;;Thioether
5954;149-30-4;;2-MERCAPTOBENZOTHIAZOLE;;no_classes_defined_in_substances.txt
1261;110-81-6;;DIETHYL_DISULFIDE;;no_class_defined_in_mainclasses.txt
13433;5332-52-5;;UNDECYL_MERCAPTAN;;Thiol
6940;143-10-2;;N-DECYL_MERCAPTAN;;Thiol
4449;110-66-7;;N-PENTYL_MERCAPTAN;;Thiol
3886;629-19-6;;DI-N-PROPYL_DISULFIDE;;no_class_defined_in_mainclasses.txt
1768;2690-08-6;;DI-N-OCTYL_SULFIDE;;Thioether
13435;141-59-3;;TERT-OCTYL_MERCAPTAN;;Thiol
4409;1639-09-4;;N-HEPTYL_MERCAPTAN;;Thiol
999;110-01-0;;TETRAHYDROTHIOPHENE;;Thioether
2767;598-03-8;;DI-N-PROPYL_SULFONE;;Sulfoxide&Sulfonyl
3192;598-04-9;;DI-N-BUTYL_SULFONE;;Sulfoxide&Sulfonyl
13436;320-60-5;;2,4-DICHLOROBENZOTRIFLUORIDE;98.982875;no_classes_defined_in_substances.txt
18082;3268-49-3;;3-(METHYLMERCAPTO)PROPANAL;;no_class_defined_in_mainclasses.txt
13437;4048-33-3;;6-AMINOHEXANOL;100.6374364;no_class_defined_in_mainclasses.txt
2877;603-35-0;;TRIPHENYLPHOSPHINE;;no_class_defined_in_mainclasses.txt
1268;680-31-9;;HEXAMETHYL_PHOSPHORAMIDE;;no_classes_defined_in_substances.txt
13439;828-00-2;;ACETOMETHOXANE;100.2651167;no_classes_defined_in_substances.txt
6783;2274-11-5;;ETHYLENE_GLYCOL_DIACRYLATE;92.11013333;Ester
13440;4454-05-1;;METHOXYDIHYDROPYRAN;111.122;no_class_defined_in_mainclasses.txt
13442;6303-21-5;;HYPOPHOSPHOROUS_ACID;;no_classes_defined_in_substances.txt
1070;3982-91-0;;PHOSPHORUS_THIOCHLORIDE;;no_classes_defined_in_substances.txt
13445;1314-80-3;;PHOSPHORUS_PENTASULFIDE;;no_classes_defined_in_substances.txt
188;10025-87-3;;PHOSPHORUS_OXYCHLORIDE;;no_class_defined_in_mainclasses.txt
197;7719-09-7;;THIONYL_CHLORIDE;;no_classes_defined_in_substances.txt
2093;7803-51-2;;PHOSPHINE;;no_class_defined_in_mainclasses.txt
13340;7146-60-3;;2,3-DIMETHYLOCTANE;115.7023;Alkane
13455;15869-89-3;;2,5-DIMETHYLOCTANE;115.7023;Alkane
21623;89-95-2;;O-TOLUALCOHOL;105.11607;Alcohol
13457;105-08-8;;1,4-CYCLOHEXANEDIMETHANOL;96.29588333;Alcohol
13458;15870-10-7;;2-METHYL-1-HEPTENE;116.142975;Alkene
14643;595-37-9;;NEOHEXANOIC_ACID;88.87641111;Acids
13461;1185-39-3;;NEOHEPTANOIC_ACID;91.559;Acids
21625;1740-19-8;;DEHYDROABIETIC_ACID;105.6650478;Acids
13462;17699-86-4;;1-METHYL-4-VINYLCYCLOHEXENE;116.4857222;Alkene
13463;1141-38-4;;2,6-NAPHTHALENEDICARBOXYLIC_ACID;89.85568889;Acids
13464;592-44-9;;1,2-HEXADIENE;108.0176667;Allene
13465;2495-27-4;;CETYL_METHACRYLATE;109.2680727;Ester
13466;96-05-9;;ALLYL_METHACRYLATE;100.3659;no_class_defined_in_mainclasses.txt
9002;2998-08-5;;SEC-BUTYL_ACRYLATE;99.97418889;Ester
14231;3377-92-2;;VINYL_PIVALATE;99.97418889;no_class_defined_in_mainclasses.txt
13467;18970-44-0;;1-ETHYL-2-ISOPROPYLBENZENE;116.6637727;Alkane
13468;14752-75-1;;N-HEPTADECYLBENZENE;116.1621348;Alkane
13469;356-18-3;;1,2-DICHLOROHEXAFLUOROCYCLOBUTANE;82.4089;HalogenatedHydrocarbon
1093;78-76-2;;2-BROMOBUTANE;;HalogenatedHydrocarbon
319;151-67-7;;HALOTHANE;;HalogenatedHydrocarbon
1930;75-62-7;;BROMOTRICHLOROMETHANE;;HalogenatedHydrocarbon
13470;2366-36-1;;1,1,1-TRICHLOROFLUOROETHANE;99.5161;HalogenatedHydrocarbon
2104;638-45-9;;N-HEXYL_IODIDE;;HalogenatedHydrocarbon
910;75-63-8;;BROMOTRIFLUOROMETHANE;;HalogenatedHydrocarbon
3438;75-61-6;;DIBROMODIFLUOROMETHANE;;HalogenatedHydrocarbon
6816;598-73-2;;BROMOTRIFLUOROETHYLENE;;no_class_defined_in_mainclasses.txt
267;593-60-2;;VINYL_BROMIDE;;no_class_defined_in_mainclasses.txt
21626;4067-16-7;;PENTAETHYLENE_HEXAMINE;99.13878333;Amine
13471;2432-74-8;;AMINOCAPRONITRILE;105.20746;no_class_defined_in_mainclasses.txt
13472;3173-53-3;;CYCLOHEXYL_ISOCYANATE;92.65053333;otherNitrogenCompounds
13474;4062-60-6;;N,N'-DI-TERT-BUTYLETHYLENEDIAMINE;105.0246429;Amine
13475;2141-58-4;;CIS-DICYANO-1-BUTENE;102.224625;no_class_defined_in_mainclasses.txt
13476;2141-59-5;;TRANS-DICYANO-1-BUTENE;102.224625;no_class_defined_in_mainclasses.txt
13477;1119-85-3;;1,4-DICYANO-2-BUTENE;102.224625;no_class_defined_in_mainclasses.txt
13479;119-75-5;;O-NITRODIPHENYLAMINE;91.74242941;no_class_defined_in_mainclasses.txt
13481;7327-60-8;;2,2',2''-NITRILOTRIS-ACETONITRILE;88.97906;no_class_defined_in_mainclasses.txt
2774;420-12-2;;THIACYCLOPROPANE;;Thioether
3792;628-29-5;;METHYL_N-BUTYL_SULFIDE;;Thioether
6526;14290-92-7;;ETHYL_T-BUTYL_SULFIDE;;Thioether
1566;287-27-4;;TRIMETHYLENE_SULFIDE;;Thioether
13486;21282-97-3;;2-ACETOACETOXY_ETHYL_METHACRYLATE;88.26057333;no_classes_defined_in_substances.txt
13489;25714-71-0;;4-HYDROXYBUTYRALDEHYDE;81.21187143;no_class_defined_in_mainclasses.txt
13490;2628-17-3;;4-HYDROXYSTYRENE;105.46861;no_class_defined_in_mainclasses.txt
18083;77-68-9;;2,2,4-TRIMETHYL-1,3-PENTANEDIOL_MONOISOBUTYRATE;99.35749375;no_class_defined_in_mainclasses.txt
7682;7790-94-5;;CHLOROSULFONIC_ACID;;no_classes_defined_in_substances.txt
13493;10025-85-1;;NITROGEN_TRICHLORIDE;82.062575;no_classes_defined_in_substances.txt
13514;13151-06-9;;7-METHYL-1-OCTENE;116.0940111;Alkene
14292;2980-71-4;;2-METHYL-1-NONENE;116.05484;Alkene
13515;26741-24-2;;8-METHYL-1-NONENE;116.05484;Alkene
21629;54839-24-6;;PROPYLENE_GLYCOL_ETHYL_ETHER_ACETATE;99.18607;no_class_defined_in_mainclasses.txt
525;34590-94-8;;DIPROPYLENE_GLYCOL_MONOMETHYL_ETHER;101.4653636;no_class_defined_in_mainclasses.txt
13522;25498-49-1;;TRIPROPYLENE_GLYCOL_MONOMETHYL_ETHER;103.9229533;no_class_defined_in_mainclasses.txt
6523;625-22-9;;DI-N-BUTYL_SULFATE;;no_class_defined_in_mainclasses.txt
6541;623-81-4;;DIETHYLSULFITE;;no_classes_defined_in_substances.txt
5412;121-75-5;;MALATHION;;no_classes_defined_in_substances.txt
21631;10493-43-3;;PENTAFLUOROETHYL_TRIFLUOROVINYL_ETHER;75.80056923;no_classes_defined_in_substances.txt
21632;1187-93-5;;TRIFLUOROMETHYL_TRIFLUOROVINYL_ETHER;76.38415;no_classes_defined_in_substances.txt
3200;124-63-0;;METHANESULFONYL_CHLORIDE;;no_class_defined_in_mainclasses.txt
13531;3071-32-7;;ETHYLBENZENE_HYDROPEROXIDE;104.2526455;PeroxyNoAcid
13532;498-02-2;;ACETOVANILLONE;96.39916923;no_classes_defined_in_substances.txt
13534;79-02-7;;DICHLOROACETALDEHYDE;86.12384;no_class_defined_in_mainclasses.txt
13536;79-22-1;;METHYL_CHLOROFORMATE;84.39684;Carbonate
13537;7803-49-8;;HYDROXYLAMINE;82.5596;otherNitrogenCompounds
13541;103-76-4;;N-(2-HYDROXYETHYL)PIPERAZINE;89.21190909;no_class_defined_in_mainclasses.txt
13542;37143-54-7;;3-METHOXYISOPROPYLAMINE;107.0324375;no_class_defined_in_mainclasses.txt
13543;959-26-2;;BIS-(2-HYDROXYETHYL)_TEREPHTHALATE;90.07942;no_class_defined_in_mainclasses.txt
7754;6812-39-1;;N-HEXADECYLCYCLOPENTANE;115.7023;Alkane
2922;625-60-5;;ETHYL_THIOLACETATE;;no_class_defined_in_mainclasses.txt
13540;102-01-2;;ACETOACETANILIDE;93.26255714;no_class_defined_in_mainclasses.txt
1710;64-67-5;;DIETHYL_SULFATE;;no_class_defined_in_mainclasses.txt
3199;594-44-5;;ETHANESULFONYL_CHLORIDE;;no_class_defined_in_mainclasses.txt
12622;2150-02-9;;DIMERCAPTOETHYL_ETHER;;no_class_defined_in_mainclasses.txt
1714;110-77-0;;ETHYLTHIOETHANOL;;no_class_defined_in_mainclasses.txt
3496;540-63-6;;1,2-ETHANEDITHIOL;;Thiol
18727;52663-62-4;;2,2',3,3',4-PENTACHLOROBIPHENYL(PCB_82);113.5792353;Aromatics
22520;74472-38-1;;2,3,4,4',6-PENTACHLOROBIPHENYL(PCB_115);113.5792353;Aromatics
22582;59291-65-5;;2,3',4,4',5',6-HEXACHLOROBIPHENYL(PCB_168);113.0611333;Aromatics
18745;35065-30-6;;2,2',3,3',4,4',5-HEPTACHLOROBIPHENYL(PCB_170);112.5975684;Aromatics
18754;74472-50-7;;2,3,3',4,4',5',6-HEPTACHLOROBIPHENYL(PCB_191);112.5975684;Aromatics
18763;74472-53-0;;2,3,3',4,4',5,5',6-OCTACHLOROBIPHENYL(PCB_205);112.18036;Aromatics
18716;40186-72-9;;2,2',3,3',4,4',5,5',6-NONACHLOROBIPHENYL(PCB_206);111.8028857;Aromatics
22537;53555-66-1;;3,4,5-TRICHLOROBIPHENYL(PCB_38);114.82268;Aromatics
22538;38444-88-1;;3,4',5-TRICHLOROBIPHENYL(PCB_39);114.82268;Aromatics
22512;62796-65-0;;2,2',4,6-TETRACHLOROBIPHENYL(PCB_50);114.1621;Aromatics
18976;57465-28-8;;3,3',4,4',5-PENTACHLOROBIPHENYL(PCB_126);113.5792353;Aromatics
22524;60145-22-4;;2,2',4,4',5,6'-HEXACHLOROBIPHENYL(PCB_154);113.0611333;Aromatics
17193;35065-29-3;;2,2',3,4,4',5,5'-HEPTACHLOROBIPHENYL(PCB_180);112.5975684;Aromatics
18756;52663-68-0;;2,2',3,4',5,5',6-HEPTACHLOROBIPHENYL(PCB_187);112.5975684;Aromatics
22586;74487-85-7;;2,2',3,4',5,6,6'-HEPTACHLOROBIPHENYL(PCB_188);112.5975684;Aromatics
18760;52663-78-2;;2,2',3,3',4,4',5,6-OCTACHLOROBIPHENYL(PCB_195);112.18036;Aromatics
18717;25569-80-6;;2,3'-DICHLOROBIPHENYL(PCB_6);115.5776286;Aromatics
22495;2974-90-5;;3,4'-DICHLOROBIPHENYL(PCB_13);115.5776286;Aromatics
22535;55712-37-3;;2,3',4-TRICHLOROBIPHENYL(PCB_25);114.82268;Aromatics
22496;38444-81-4;;2,3',5-TRICHLOROBIPHENYL(PCB_26);114.82268;Aromatics
18719;36559-22-5;;2,2',3,4'-TETRACHLOROBIPHENYL(PCB_42);114.1621;Aromatics
22539;70362-45-7;;2,2',3,6-TETRACHLOROBIPHENYL(PCB_45);114.1621;Aromatics
18720;41464-47-5;;2,2',3,6'-TETRACHLOROBIPHENYL(PCB_46);114.1621;Aromatics
18721;70362-47-9;;2,2',4,5-TETRACHLOROBIPHENYL(PCB_48);114.1621;Aromatics
18722;41464-43-1;;2,3,3',4'-TETRACHLOROBIPHENYL(PCB_56);114.1621;Aromatics
18723;74472-34-7;;2,3,4',5-TETRACHLOROBIPHENYL(PCB_63);114.1621;Aromatics
18724;52663-58-8;;2,3,4',6-TETRACHLOROBIPHENYL(PCB_64);114.1621;Aromatics
18726;70362-50-4;;3,4,4',5-TETRACHLOROBIPHENYL(PCB_81);114.1621;Aromatics
18728;60145-20-2;;2,2',3,3',5-PENTACHLOROBIPHENYL(PCB_83);113.5792353;Aromatics
22499;73575-57-2;;2,2',3,4,6'-PENTACHLOROBIPHENYL(PCB_89);113.5792353;Aromatics
22566;68194-05-8;;2,2',3,4',6-PENTACHLOROBIPHENYL(PCB_91);113.5792353;Aromatics
18729;41464-51-1;;2,2',3,4',5'-PENTACHLOROBIPHENYL(PCB_97);113.5792353;Aromatics
18730;70424-68-9;;2,3,3',4',5-PENTACHLOROBIPHENYL(PCB_107);113.5792353;Aromatics
18731;38380-03-9;;2,3,3',4',6-PENTACHLOROBIPHENYL(PCB_110);113.5792353;Aromatics
22500;56558-17-9;;2,3',4,4',6-PENTACHLOROBIPHENYL(PCB_119);113.5792353;Aromatics
22501;38380-05-1;;2,2',3,3',4,6'-HEXACHLOROBIPHENYL(PCB_132);113.0611333;Aromatics
18736;52704-70-8;;2,2',3,3',5,6-HEXACHLOROBIPHENYL(PCB_134);113.0611333;Aromatics
18737;52712-04-6;;2,2',3,4,5,5'-HEXACHLOROBIPHENYL(PCB_141);113.0611333;Aromatics
18740;51908-16-8;;2,2',3,4',5,5'-HEXACHLOROBIPHENYL(PCB_146);113.0611333;Aromatics
18741;52663-63-5;;2,2',3,5,5',6-HEXACHLOROBIPHENYL(PCB_151);113.0611333;Aromatics
18742;38380-08-4;;2,3,3',4,4',5-HEXACHLOROBIPHENYL(PCB_156);113.0611333;Aromatics
20397;69782-90-7;;2,3,3',4,4',5'-HEXACHLOROBIPHENYL(PCB_157);113.0611333;Aromatics
18743;74472-42-7;;2,3,3',4,4',6-HEXACHLOROBIPHENYL(PCB_158);113.0611333;Aromatics
18698;74472-44-9;;2,3,3',4',5,6-HEXACHLOROBIPHENYL(PCB_163);113.0611333;Aromatics
18744;52663-72-6;;2,3',4,4',5,5'-HEXACHLOROBIPHENYL(PCB_167);113.0611333;Aromatics
18747;38411-25-5;;2,2',3,3',4,5,6'-HEPTACHLOROBIPHENYL(PCB_174);112.5975684;Aromatics
18758;52663-70-4;;2,2',3,3',4,5',6'-HEPTACHLOROBIPHENYL(PCB_177);112.5975684;Aromatics
18757;52663-67-9;;2,2',3,3',5,5',6-HEPTACHLOROBIPHENYL(PCB_178);112.5975684;Aromatics
22583;60145-23-5;;2,2',3,4,4',5,6'-HEPTACHLOROBIPHENYL(PCB_182);112.5975684;Aromatics
18753;52663-69-1;;2,2',3,4,4',5',6-HEPTACHLOROBIPHENYL(PCB_183);112.5975684;Aromatics
18755;69782-91-8;;2,3,3',4',5,5',6-HEPTACHLOROBIPHENYL(PCB_193);112.5975684;Aromatics
22511;42740-50-1;;2,2',3,3',4,4',5,6'-OCTACHLOROBIPHENYL(PCB_196);112.18036;
22589;33091-17-7;;2,2',3,3',4,4',6,6'-OCTACHLOROBIPHENYL(PCB_197);112.18036;
18761;68194-17-2;;2,2',3,3',4,5,5',6-OCTACHLOROBIPHENYL(PCB_198);112.18036;
18759;52663-75-9;;2,2',3,3',4,5,5',6'-OCTACHLOROBIPHENYL(PCB_199);112.18036;
22590;52663-73-7;;2,2',3,3',4,5,6,6'-OCTACHLOROBIPHENYL(PCB_200);112.18036;
18762;52663-76-0;;2,2',3,4,4',5,5',6-OCTACHLOROBIPHENYL(PCB_203);112.18036;
22525;74472-52-9;;2,2',3,4,4',5,6,6'-OCTACHLOROBIPHENYL(PCB_204);112.18036;
22531;55720-44-0;;2,3,5-TRICHLOROBIPHENYL(PCB_23);114.82268;
18718;38444-76-7;;2,3',6-TRICHLOROBIPHENYL(PCB_27);114.82268;
22497;37680-68-5;;2,3',5'-TRICHLOROBIPHENYL(PCB_34);114.82268;
22536;37680-69-6;;3,3',4-TRICHLOROBIPHENYL(PCB_35);114.82268;
22551;70362-46-8;;2,2',3,5-TETRACHLOROBIPHENYL(PCB_43);114.1621;Aromatics
22498;68194-04-7;;2,2',4,6'-TETRACHLOROBIPHENYL(PCB_51);114.1621;
22540;74338-24-2;;2,3,3',4-TETRACHLOROBIPHENYL(PCB_55);114.1621;
22554;70424-67-8;;2,3,3',5-TETRACHLOROBIPHENYL(PCB_57);114.1621;
22541;41464-49-7;;2,3,3',5'-TETRACHLOROBIPHENYL(PCB_58);114.1621;
22555;74472-33-6;;2,3,3',6-TETRACHLOROBIPHENYL(PCB_59);114.1621;
22556;54230-22-7;;2,3,4,6-TETRACHLOROBIPHENYL(PCB_62);114.1621;
22513;73575-53-8;;2,3',4,5-TETRACHLOROBIPHENYL(PCB_67);114.1621;
22542;73575-52-7;;2,3',4,5'-TETRACHLOROBIPHENYL(PCB_68);114.1621;
22514;60233-24-1;;2,3',4,6-TETRACHLOROBIPHENYL(PCB_69);114.1621;
22549;41464-46-4;;2,3',4',6-TETRACHLOROBIPHENYL(PCB_71);114.1621;
22544;41464-42-0;;2,3',5,5'-TETRACHLOROBIPHENYL(PCB_72);114.1621;
22543;74338-23-1;;2,3',5',6-TETRACHLOROBIPHENYL(PCB_73);114.1621;
22515;32598-12-2;;2,4,4',6-TETRACHLOROBIPHENYL(PCB_75);114.1621;
18725;70362-48-0;;2,3',4',5'-TETRACHLOROBIPHENYL(PCB_76);114.1621;
22557;70362-49-1;;3,3',4,5-TETRACHLOROBIPHENYL(PCB_78);114.1621;
22545;41464-48-6;;3,3',4,5'-TETRACHLOROBIPHENYL(PCB_79);114.1621;
22550;68194-07-0;;2,2',3,4',5-PENTACHLOROBIPHENYL(PCB_90);113.5792353;
22516;73575-56-1;;2,2',3,5,6-PENTACHLOROBIPHENYL(PCB_93);113.5792353;
22547;73575-55-0;;2,2',3,5,6'-PENTACHLOROBIPHENYL(PCB_94);113.5792353;
22548;73575-54-9;;2,2',3,6,6'-PENTACHLOROBIPHENYL(PCB_96);113.5792353;
22558;68194-06-9;;2,2',4,5,6'-PENTACHLOROBIPHENYL(PCB_102);113.5792353;
22517;60145-21-3;;2,2',4,5',6-PENTACHLOROBIPHENYL(PCB_103);113.5792353;
22518;70424-69-0;;2,3,3',4,5-PENTACHLOROBIPHENYL(PCB_106);113.5792353;
22559;70362-41-3;;2,3,3',4,5'-PENTACHLOROBIPHENYL(PCB_108);113.5792353;
22560;74472-35-8;;2,3,3',4,6-PENTACHLOROBIPHENYL(PCB_109);113.5792353;
22561;39635-32-0;;2,3,3',5,5'-PENTACHLOROBIPHENYL(PCB_111);113.5792353;
22519;74472-36-9;;2,3,3',5,6-PENTACHLOROBIPHENYL(PCB_112);113.5792353;
22562;68194-10-5;;2,3,3',5',6-PENTACHLOROBIPHENYL(PCB_113);113.5792353;
18732;74472-37-0;;2,3,4,4',5-PENTACHLOROBIPHENYL(PCB_114);113.5792353;
22521;68194-11-6;;2,3,4',5,6-PENTACHLOROBIPHENYL(PCB_117);113.5792353;
22522;56558-18-0;;2,3',4,5',6-PENTACHLOROBIPHENYL(PCB_121);113.5792353;
18733;76842-07-4;;2,3,3',4',5'-PENTACHLOROBIPHENYL(PCB_122);113.5792353;
18975;65510-44-3;;2,3',4,4',5'-PENTACHLOROBIPHENYL(PCB_123);113.5792353;
18734;70424-70-3;;2,3',4',5,5'-PENTACHLOROBIPHENYL(PCB_124);113.5792353;
22563;74472-39-2;;2,3',4',5',6-PENTACHLOROBIPHENYL(PCB_125);113.5792353;
22567;39635-33-1;;3,3',4,5,5'-PENTACHLOROBIPHENYL(PCB_127);113.5792353;
18735;61798-70-7;;2,2',3,3',4,6-HEXACHLOROBIPHENYL(PCB_131);113.0611333;
22568;35694-04-3;;2,2',3,3',5,5'-HEXACHLOROBIPHENYL(PCB_133);113.0611333;
22569;56030-56-9;;2,2',3,4,4',6-HEXACHLOROBIPHENYL(PCB_139);113.0611333;
22502;59291-64-4;;2,2',3,4,4',6'-HEXACHLOROBIPHENYL(PCB_140);113.0611333;
22523;41411-61-4;;2,2',3,4,5,6-HEXACHLOROBIPHENYL(PCB_142);113.0611333;
22570;68194-15-0;;2,2',3,4,5,6'-HEXACHLOROBIPHENYL(PCB_143);113.0611333;
18738;68194-14-9;;2,2',3,4,5',6-HEXACHLOROBIPHENYL(PCB_144);113.0611333;
18739;74472-40-5;;2,2',3,4,6,6'-HEXACHLOROBIPHENYL(PCB_145);113.0611333;
22571;68194-13-8;;2,2',3,4',5,6-HEXACHLOROBIPHENYL(PCB_147);113.0611333;
22572;74472-41-6;;2,2',3,4',5,6'-HEXACHLOROBIPHENYL(PCB_148);113.0611333;
22573;68194-08-1;;2,2',3,4',6,6'-HEXACHLOROBIPHENYL(PCB_150);113.0611333;
22574;68194-09-2;;2,2',3,5,6,6'-HEXACHLOROBIPHENYL(PCB_152);113.0611333;
22575;39635-35-3;;2,3,3',4,5,5'-HEXACHLOROBIPHENYL(PCB_159);113.0611333;
22576;41411-62-5;;2,3,3',4,5,6-HEXACHLOROBIPHENYL(PCB_160);113.0611333;
22577;74472-43-8;;2,3,3',4,5',6-HEXACHLOROBIPHENYL(PCB_161);113.0611333;
22578;39635-34-2;;2,3,3',4',5,5'-HEXACHLOROBIPHENYL(PCB_162);113.0611333;
22579;74472-45-0;;2,3,3',4',5',6-HEXACHLOROBIPHENYL(PCB_164);113.0611333;
22580;74472-46-1;;2,3,3',5,5',6-HEXACHLOROBIPHENYL(PCB_165);113.0611333;
22581;41411-63-6;;2,3,4,4',5,6-HEXACHLOROBIPHENYL(PCB_166);113.0611333;
18746;52663-74-8;;2,2',3,3',4,5,5'-HEPTACHLOROBIPHENYL(PCB_172);112.5975684;
18749;68194-16-1;;2,2',3,3',4,5,6-HEPTACHLOROBIPHENYL(PCB_173);112.5975684;
18751;40186-70-7;;2,2',3,3',4,5',6-HEPTACHLOROBIPHENYL(PCB_175);112.5975684;
18752;52663-65-7;;2,2',3,3',4,6,6'-HEPTACHLOROBIPHENYL(PCB_176);112.5975684;
22494;74472-47-2;;2,2',3,4,4',5,6-HEPTACHLOROBIPHENYL(PCB_181);112.5975684;Aromatics
22584;74472-48-3;;2,2',3,4,4',6,6'-HEPTACHLOROBIPHENYL(PCB_184);112.5975684;
18750;52712-05-7;;2,2',3,4,5,5',6-HEPTACHLOROBIPHENYL(PCB_185);112.5975684;
22585;74472-49-4;;2,2',3,4,5,6,6'-HEPTACHLOROBIPHENYL(PCB_186);112.5975684;
18748;39635-31-9;;2,3,3',4,4',5,5'-HEPTACHLOROBIPHENYL(PCB_189);112.5975684;
22587;41411-64-7;;2,3,3',4,4',5,6-HEPTACHLOROBIPHENYL(PCB_190);112.5975684;
22588;74472-51-8;;2,3,3',4,5,5',6-HEPTACHLOROBIPHENYL(PCB_192);112.5975684;
14432;107-44-8;;GB;;no_classes_defined_in_substances.txt
37068;329-99-7;;GF;;no_classes_defined_in_substances.txt
;1794-86-1;;DICHLOROFORMOXINE;87.59411667;
12192;50782-69-9;;VX;;no_classes_defined_in_substances.txt
7159;121-82-4;;RDX;24.91454;otherNitrogenCompounds
4691;2691-41-0;;HMX;24.91454;otherNitrogenCompounds
4722;556-88-7;;NGU1;71.92144545;no_classes_defined_in_substances.txt
36034;135285-90-4;;CL-20(1);24.91454;otherNitrogenCompounds
9771;3058-38-6;;TATB;65.767775;no_class_defined_in_mainclasses.txt
;1-1-1;;BSP01;69.437425;
;1-1-2;;BSP02;55.98324167;
;1-1-3;;BSP11;68.46984583;
;1-1-4;;BSP15;68.88720714;
;1-1-5;;BSP25;62.75835;
10;103-08-2;;5-Ethyl-2-nonanol;106.7454923;
104;115-19-5;;2-Methyl-3-butyn-2-ol;84.88731429;
133;101-97-3;;Phenylacetic_acid_ethyl_ester;104.4937833;
135;119-43-7;;2-Phenylbutyric_acid_ethyl_ester;106.095;
166;4695-62-9;;(+)-Fenchone;104.3391636;
172;10025-78-2;;Trichlorosilane;;
193;75-79-6;;Methyltrichlorosilane;;
194;75-54-7;;Methyldichlorosilane;;
195;75-77-4;;Trimethylchlorosilane;;
212;57-14-7;;1,1-Dimethylhydrazine;90.78776667;
217;376-77-2;;Perfluorocyclopentane;73.8553;
270;124-70-9;;Methyl_vinyl_dichlorosilane;;
300;529-34-0;;alpha-Tetralone;105.3006364;
335;16051-48-2;;Ethylene_glycol_mononitrate;54.421175;
342;5726-19-2;;2-Methylcyclohexyl_acetate;102.5133545;
352;2027-17-0;;2-Isopropylnaphthalene;117.0582231;
362;51-80-9;;N,N,N',N'-Tetramethyldiaminomethane;87.07024286;
391;75-78-5;;Dichlorodimethylsilane;;
392;2867-47-2;;Methacrylic_acid_2-(dimethylamino)ethyl_ester;93.72364545;
402;706-79-6;;1,2-Dichlorohexafluorocyclopentene;85.24111538;
403;335-44-4;;2,2,3-Trichloroheptafluorobutane;81.86371429;
439;764-48-7;;Ethylene_glycol_monovinyl_ether;96.70272857;
469;75-76-3;;Tetramethylsilane;;
482;3048-65-5;;3a,4,7,7a-Tetrahydro-1H-indene;116.4857222;
496;140-76-1;;2-Methyl-5-vinylpyridine;113.6204556;
527;630-17-1;;1-Bromo-2,2-dimethylpropane;;
528;18243-41-9;;Bromomethyltrimethylsilane;;
530;1809-10-5;;3-Bromopentane;;
538;125-12-2;;Isobornyl_acetate;105.3395571;
545;1516-08-1;;Perdeuteroethanol;113.4707556;
549;1120-56-5;;Methylenecyclobutane;116.40738;
567;3114-70-3;;1,4-Cyclohexanediamine;107.4898;
570;375-83-7;;1-Hydroperfluoroheptane;72.90423182;
571;1795-27-3;;cis-1,3,5-Trimethylcyclohexane;115.7023;
573;14802-36-9;;Bis(trideuteriomethyl)amine;108.22794;
589;5076-19-7;;2-Methyl-2,3-epoxybutane;112.3549833;
594;2467-10-9;;1,1,1,5-Tetrachloropentane;110.6139;
715;355-68-0;;Perfluorocyclohexane;73.8553;
840;115-89-9;;Methyl_diphenyl_phosphate;;
912;95-52-3;;2-Fluorotoluene;109.1780125;
917;3852-09-3;;Propionic_acid,beta-methoxy,methyl_ester;95.0570125;
924;807-28-3;;1,3-Dimethyl-1,1,3,3-tetraphenyldisiloxane;;
926;1704-62-7;;2-(2-Dimethylaminoethoxy)_ethanol;92.02884;
928;627-39-4;;Propionaldehyde_oxime;91.41041667;
929;110-69-0;;Butyraldehyde_oxime;94.88068571;
930;598-32-3;;1-Buten-3-ol;96.88345;
931;127-06-0;;Acetone_oxime;91.41041667;
937;7207-51-4;;4-Octanone_oxime;102.4521818;
938;7207-50-3;;3-Octanone_oxime;102.4521818;
939;7207-49-0;;2-Octanone_oxime;102.4521818;
940;929-55-5;;Octanaldehyde_oxime;102.4521818;
992;294-62-2;;Cyclododecane;115.7023;
993;830-13-7;;Cyclododecanone;106.0873385;
994;1724-39-6;;Cyclododecanol;107.3852643;
1018;5350-67-4;;2-(Dimethylamino)-propionitrile;93.43292857;
1142;758-96-3;;N,N-Dimethyl_propanoic_acid_amide;83.52991429;
1155;15232-76-5;;3-Octyne;103.294;
1157;592-90-5;;Oxepane;112.8331714;
1164;584-84-9;;2,4-Toluene_diisocyanate;84.59802308;
1173;78-39-7;;1,1,1-Triethoxyethane_<Triethyl_orthoacetate>;110.2248727;
1198;1825-62-3;;Trimethylethoxysilane;;
1211;420-26-8;;2-Fluoropropane;100.009675;
1238;7395-10-0;;N-Dideuteropropylamine;99.00026667;
1314;591-24-2;;3-Methylcyclohexanone;100.0779875;
1328;110-93-0;;6-Methyl-5-hepten-2-one;102.2057333;
1391;624-78-2;;N-Methylethylamine;100.75358;
1421;60-34-4;;Methylhydrazine;95.03253333;
1438;627-45-2;;Formic_acid_amide,N-ethyl;82.41261667;
1484;16418-26-1;;3-((2,2-Dimethyl-[1,3]dioxan-5-yl)oxy)-propionit;106.7849846;
1485;55961-72-3;;3-((2-Methyl-[1,3]dioxan-5-yl)oxy)-propionitrile;106.041875;
1680;5075-92-3;;1,5-Dimethyl-2-pyrrolidone;87.5514625;
1718;4253-91-2;;Dipropylsulfoxide;;
1743;4747-21-1;;Methylisopropylamine;103.2450333;
1751;105-99-7;;Dibutyl_adipate;66.54675;
1752;3862-12-2;;Tris-(2,4-dimethylphenyl)phosphate;;
1753;558-13-4;;Carbon_tetrabromide_[R10B4];;
1765;31307-59-2;;Benzyldiphenyl;117.3722263;
1776;6959-71-3;;3-Butoxypropionitrile;107.2848222;
1794;3937-56-2;;1,9-Nonanediol;97.78868462;
1820;13330-42-2;;Phthalic_acid_diphenethyl_ester;106.4727214;
1828;70-29-1;;Diethyl_sulfoxide;;
1838;111-94-4;;Iminodipropionitrile;97.09326;
1845;1623-15-0;;Mono-n-butyl_phosphate;;
1876;627-82-7;;Diglycerol;83.31310667;
2034;2782-40-3;;N-Butylbenzamide;102.1907357;
2070;1436-34-6;;1,2-Epoxyhexane;112.8331714;
2074;5325-93-9;;2-Cyanoethyl_acetate;90.608325;
2144;681-84-5;;Tetramethoxysilane;;
2170;1544-86-1;;p-Nitrophenyl_difluoromethyl_ether;78.1042;
2189;124-68-5;;2-Amino-2-methyl-1-propanol_(AMP);97.28968889;
2191;7226-23-5;;N,N'-Dimethylpropylene_urea_<DMPU>;79.54464444;
2231;26902-25-0;;Bis(3-methyl-2-butenyl)ether;114.5174727;
2233;26533-38-0;;6-Methyl-3-isopropenyl-5-hepten-2-one;105.8736583;
2236;42976-87-4;;Octen-4-al;102.2057333;
2240;2423-01-0;;1-Butyl_cyclopentene;116.0940111;
2244;999-97-3;;Hexamethyldisilazane;;
2271;354-06-3;;1-Bromo-2-chloro-1,1,2-trifluoroethane;;
2279;2146-38-5;;1-Ethyl_cyclopentene;116.2059286;
2280;694-35-9;;3-Ethylcyclopentene;116.2059286;
2460;617-51-6;;Isopropyl_lactate;89.55061;
2474;2035-89-4;;Formaldehyde_dimethylhydrazone;89.7973;
2510;140-67-0;;Estragol;115.1584545;
2554;300-57-2;;3-Phenyl-1-propene;117.2691444;
2558;286-20-4;;1,2-Epoxycyclohexane;112.8331714;
2597;930-68-7;;2-Cyclohexen-1-one;98.34957143;
2817;355-04-4;;Perfluoro-2-methylpentane;71.76295;
2825;2110-78-3;;alpha-Hydroxy-isobutyric_acid_methyl_ester;86.64486667;
2842;110-95-2;;N,N,N',N'-Tetramethyl-1,3-diamino_propane;93.43292222;
2875;109-02-4;;N-Methylmorpholine;98.51714286;
2885;15520-10-2;;2-Methyl-pentamethylenediamine;107.4898;
2916;590-21-6;;1-Chloropropene;113.721425;
2948;3209-22-1;;2,3-Dichloronitrobenzene;82.42519091;
3052;19740-90-0;;5,6-Epoxy-cis-cyclooctene;113.8624667;
3117;356-24-1;;Methyl_perfluorobutyrate;73.95430714;
3217;4109-96-0;;Dichlorosilane;;
3232;764-60-3;;2-Hexyn-1-ol;88.7391875;
3425;13838-16-9;;Enflurane;81.16377;
3497;422-56-0;;1,1-Dichloro-2,2,3,3,3-pentafluoropropane_R225ca;82.02727;
3500;26468-29-1;;Octahydrophenazine;111.7665714;
3524;106-58-1;;1,4-Dimethyl_piperazine;90.64925;
3606;29171-20-8;;3,7-Dimethyl-6-octen-1-yn-3-ol;;
3810;5989-54-8;;(S)-(-)-Limonene;116.40738;
3862;2687-94-7;;N-Octyl-2-pyrrolidone;99.61610714;
4174;758-16-7;;N,N-Dimethylthioformamide;;
4175;10441-57-3;;N-Methyl-2-thiopyrrolidone;;
4234;507-55-1;;1,3-Dichloro-1,1,2,2,3-pentafluoropropane_R225cb;82.02727;
4459;109-01-3;;1-Methylpiperazine;93.832825;
4547;3178-23-2;;Dicyclohexylmethane;115.7023;
4696;16136-84-8;;cis-1-Chloropropene;113.721425;
4749;542-28-9;;Tetrahydropyran-2-one;94.97681429;
4884;1489-60-7;;1-Methyl-1-cyclobutene;116.40738;
4897;99-75-2;;p-Toluic_acid_methyl_ester;103.4748273;
6025;2603-10-3;;N-Phenyl_carbamic_acid_methylester;98.26515;
6299;56-18-8;;Bis(3-aminopropyl)amine;103.3241857;
6695;106-67-2;;2-Ethyl-4-methylpentanol;104.05845;
6697;28419-86-5;;2-Ethyl-4-methyl-pentanal-2-ene;102.2057333;
6779;1001-26-9;;Ethoxy_ethyl_acrylate;99.53861;
6790;589-75-3;;Octanoic_acid_butyl_ester;105.3395571;
6896;285-67-6;;cis-1,2-Epoxycyclopentane;112.3549833;
6953;13587-52-5;;Nitric_acid_-_D;40.9402;
7335;544-97-8;;Dimethylzinc;;
8636;2426-07-5;;1,2:7,8-Diepoxyoctane;111.68552;
8985;766-03-0;;3-Vinylcyclohexene;116.58365;
8992;110-60-1;;1,4-Diaminobutane;105.8473;
10472;96-35-5;;Methyl_glycolate;78.34274286;
10964;22052-84-2;;1,1,1,2,3,3,3-Heptafluoro-2-methoxypropane;77.41251667;
12111;406-58-6;;1,1,1,3,3-Pentafluorobutane;80.8298;
12112;460-73-1;;1,1,1,3,3-Pentafluoropropane_[R245fa];76.4707375;
12168;406-78-0;;1,1,1,4,4,5,5-Heptafluoro-3-oxa-pentane;77.41251667;
12169;2687-91-4;;N-Ethyl-2-pyrrolidone;87.5514625;
12557;58485-68-0;;alpha-Chlorotetrahydronaphthalene;115.6229636;
12572;109-81-9;;N-Methylethylenediamine;100.199975;
13057;625-43-4;;N,2-Dimethyl-1-propanamine;105.0246429;
13058;21635-90-5;;Tetracyclododecene;115.9960833;
13059;4705-09-3;;Isoxylitone;106.6297077;
13061;1888-91-1;;1-Acetylhexahydro-2H-azepin-2-one;83.86582727;
14177;333-36-8;;Bis(2,2,2-trifluoroethyl)ether[HFE356mf-f];79.63803636;
14184;926-66-9;;2-Ethoxypropene;112.94255;
14321;5308-25-8;;1-Ethylpiperazine;96.26276667;
14979;377-36-6;;1,1,2,2,3,3,4,4-Octafluorobutane_[HFC-338pcc];73.8553;
15593;2825-83-4;;endo-Tetrahydrodicyclopentadiene;115.7023;
16385;51146-56-6;;(S)-(+)-Ibuprofen;101.27375;
16449;38436-17-8;;1,1,1,2,2,3,3,4,4-Nonafluorohexane;78.04;
16887;993-95-3;;1,1,2,3,3,3-Hexafluoropropyl-2,2,2-trifluoroethy;76.70107333;
;13105-52-7;;N-Butylcarbamic_acid_-_N-butylester;98.79291538;
17369;373-44-4;;1,8-Octanediamine;108.6630143;
17663;13984-50-4;;5-Oxo_hexanoic_acid_methyl_ester;88.69501;
17699;935-92-2;;2,3,5-Trimethyl-1,4-benzoquinone;93.61700909;
18676;142347-07-7;;threo-1,1,1,2,3,4,4,5,5,5-Decafluoropentane[R43-;73.8553;
