cas1;name1;cas2;name2;T_K;P_kPa;phase;x1_L1;x1_L2;source
111-65-9;;307-34-6;;315.3;101.3;1;0.9491;-1.0;2005 lon sca 0
111-65-9;;307-34-6;;325.6;101.3;1;0.9305;-1.0;2005 lon sca 0
111-65-9;;307-34-6;;335.1;101.3;1;0.9005;-1.0;2005 lon sca 0
111-65-9;;307-34-6;;341.2;101.3;1;0.8722;-1.0;2005 lon sca 0
111-65-9;;307-34-6;;346.4;101.3;1;0.802;-1.0;2005 lon sca 0
111-65-9;;307-34-6;;348.9;101.3;1;0.699;-1.0;2005 lon sca 0
111-65-9;;307-34-6;;349.2;101.3;1;-1.0;0.602;2005 lon sca 0
111-65-9;;307-34-6;;348.2;101.3;1;-1.0;0.5093;2005 lon sca 0
111-65-9;;307-34-6;;344.6;101.3;1;-1.0;0.4099;2005 lon sca 0
111-65-9;;307-34-6;;337.4;101.3;1;-1.0;0.3058;2005 lon sca 0
111-65-9;;307-34-6;;328.9;101.3;1;-1.0;0.239;2005 lon sca 0
111-65-9;;307-34-6;;322.3;101.3;1;-1.0;0.2032;2005 lon sca 0
111-65-9;;307-34-6;;311.0;101.3;1;-1.0;0.1583;2005 lon sca 0
111-65-9;;307-34-6;;295.1;101.3;1;-1.0;0.101;2005 lon sca 0
111-65-9;;307-34-6;;334.24;101.0;1;0.9009;-1.0;2006 pra dia 0
111-65-9;;307-34-6;;345.48;101.0;1;0.8331;-1.0;2006 pra dia 0
111-65-9;;307-34-6;;349.16;101.0;1;0.7626;-1.0;2006 pra dia 0
111-65-9;;307-34-6;;350.52;101.0;1;0.6987;-1.0;2006 pra dia 0
111-65-9;;307-34-6;;350.44;101.0;1;-1.0;0.5974;2006 pra dia 0
111-65-9;;307-34-6;;349.7;101.0;1;-1.0;0.5016;2006 pra dia 0
111-65-9;;307-34-6;;346.09;101.0;1;-1.0;0.4036;2006 pra dia 0
111-65-9;;307-34-6;;336.01;101.0;1;-1.0;0.2755;2006 pra dia 0
111-65-9;;307-34-6;;327.71;101.0;1;-1.0;0.236;2006 pra dia 0
111-65-9;;307-34-6;;299.71;101.0;1;-1.0;0.1081;2006 pra dia 0
111-65-9;;307-34-6;;314.35;101.0;1;0.9497;-1.0;2010 mat kit 0
111-65-9;;307-34-6;;321.68;101.0;1;0.9365;-1.0;2010 mat kit 0
111-65-9;;307-34-6;;325.46;101.0;1;0.9276;-1.0;2010 mat kit 0
111-65-9;;307-34-6;;329.75;101.0;1;0.9162;-1.0;2010 mat kit 0
111-65-9;;307-34-6;;334.59;101.0;1;0.8998;-1.0;2010 mat kit 0
111-65-9;;307-34-6;;338.45;101.0;1;0.8812;-1.0;2010 mat kit 0
111-65-9;;307-34-6;;340.43;101.0;1;0.8673;-1.0;2010 mat kit 0
111-65-9;;307-34-6;;342.69;101.0;1;0.851;-1.0;2010 mat kit 0
111-65-9;;307-34-6;;344.65;101.0;1;0.8323;-1.0;2010 mat kit 0
111-65-9;;307-34-6;;345.72;101.0;1;0.814;-1.0;2010 mat kit 0
111-65-9;;307-34-6;;346.43;101.0;1;0.8026;-1.0;2010 mat kit 0
111-65-9;;307-34-6;;347.89;101.0;1;0.7779;-1.0;2010 mat kit 0
111-65-9;;307-34-6;;348.81;101.0;1;0.7444;-1.0;2010 mat kit 0
111-65-9;;307-34-6;;349.27;101.0;1;0.7104;0.601;2010 mat kit 0
111-65-9;;307-34-6;;349.36;101.0;1;0.696;-1.0;2010 mat kit 0
111-65-9;;307-34-6;;349.44;101.0;1;0.6664;0.6279;2010 mat kit 0
111-65-9;;307-34-6;;349.5;101.0;1;-1.0;0.6461;2010 mat kit 0
111-65-9;;307-34-6;;349.18;101.0;1;-1.0;0.5842;2010 mat kit 0
111-65-9;;307-34-6;;349.14;101.0;1;-1.0;0.5732;2010 mat kit 0
111-65-9;;307-34-6;;348.4;101.0;1;-1.0;0.5336;2010 mat kit 0
111-65-9;;307-34-6;;347.92;101.0;1;-1.0;0.5022;2010 mat kit 0
111-65-9;;307-34-6;;346.98;101.0;1;-1.0;0.4624;2010 mat kit 0
111-65-9;;307-34-6;;346.19;101.0;1;-1.0;0.4411;2010 mat kit 0
111-65-9;;307-34-6;;344.16;101.0;1;-1.0;0.4011;2010 mat kit 0
111-65-9;;307-34-6;;342.05;101.0;1;-1.0;0.3619;2010 mat kit 0
111-65-9;;307-34-6;;340.89;101.0;1;-1.0;0.3526;2010 mat kit 0
111-65-9;;307-34-6;;339.43;101.0;1;-1.0;0.3311;2010 mat kit 0
111-65-9;;307-34-6;;336.2;101.0;1;-1.0;0.3006;2010 mat kit 0
111-65-9;;307-34-6;;330.43;101.0;1;-1.0;0.2513;2010 mat kit 0
111-65-9;;307-34-6;;318.34;101.0;1;-1.0;0.1776;2010 mat kit 0
111-65-9;;307-34-6;;304.97;101.0;1;-1.0;0.1266;2010 mat kit 0
121-44-8;;7732-18-5;;291.88875;101.0;1;0.0956;-1.0;1898 rot & 0
121-44-8;;7732-18-5;;292.608318;101.0;1;0.1607;-1.0;1898 rot & 0
121-44-8;;7732-18-5;;293.607812;101.0;1;0.2805;-1.0;1898 rot & 0
121-44-8;;7732-18-5;;293.6378;101.0;1;0.4824;-1.0;1898 rot & 0
121-44-8;;7732-18-5;;291.858768;101.0;1;-1.0;0.05829;1898 rot & 0
121-44-8;;7732-18-5;;296.28674;101.0;1;-1.0;0.01619;1898 rot & 0
121-44-8;;7732-18-5;;303.903692;101.0;1;-1.0;0.01047;1898 rot & 0
121-44-8;;7732-18-5;;319.098209;101.0;1;-1.0;0.005626;1898 rot & 0
121-44-8;;7732-18-5;;342.324;101.0;1;-1.0;0.003069;1898 rot & 0
121-44-8;;7732-18-5;;291.246695464;101.325;1;0.13189;-1.0;1951 sem zor 0
121-44-8;;7732-18-5;;291.298324468;101.325;1;0.115123;-1.0;1951 sem zor 0
121-44-8;;7732-18-5;;291.309340854;101.325;1;0.058685;-1.0;1951 sem zor 0
121-44-8;;7732-18-5;;291.327862734;101.325;1;0.070521;-1.0;1951 sem zor 0
121-44-8;;7732-18-5;;291.359623666;101.325;1;0.101534;-1.0;1951 sem zor 0
121-44-8;;7732-18-5;;291.381025817;101.325;1;0.077644;-1.0;1951 sem zor 0
121-44-8;;7732-18-5;;291.381267672;101.325;1;0.09463;-1.0;1951 sem zor 0
121-44-8;;7732-18-5;;291.398241482;101.325;1;0.093753;-1.0;1951 sem zor 0
121-44-8;;7732-18-5;;291.439688599;101.325;1;0.084;-1.0;1951 sem zor 0
121-44-8;;7732-18-5;;291.440457137;101.325;1;0.090466;-1.0;1951 sem zor 0
121-44-8;;7732-18-5;;291.571105701;101.325;1;-1.0;0.044329;1951 sem zor 0
121-44-8;;7732-18-5;;291.94098464;101.325;1;-1.0;0.030301;1951 sem zor 0
121-44-8;;7732-18-5;;291.469002;101.325;1;0.0856;-1.0;1957 koh ric 0
121-44-8;;7732-18-5;;291.469002;101.325;1;0.0636;-1.0;1957 koh ric 0
121-44-8;;7732-18-5;;291.4700014;101.325;1;0.0977;-1.0;1957 koh ric 0
121-44-8;;7732-18-5;;291.4700014;101.325;1;0.0934;-1.0;1957 koh ric 0
121-44-8;;7732-18-5;;291.4729996;101.325;1;0.0936;-1.0;1957 koh ric 0
121-44-8;;7732-18-5;;291.4809948;101.325;1;0.0599;-1.0;1957 koh ric 0
121-44-8;;7732-18-5;;291.4849924;101.325;1;0.0715;-1.0;1957 koh ric 0
121-44-8;;7732-18-5;;291.4869912;101.325;1;0.1008;-1.0;1957 koh ric 0
121-44-8;;7732-18-5;;291.4969852;101.325;1;0.0771;-1.0;1957 koh ric 0
121-44-8;;7732-18-5;;291.4979846;101.325;1;0.0687;-1.0;1957 koh ric 0
121-44-8;;7732-18-5;;291.5009828;101.325;1;0.0765;-1.0;1957 koh ric 0
121-44-8;;7732-18-5;;291.508978;101.325;1;0.0557;-1.0;1957 koh ric 0
121-44-8;;7732-18-5;;291.528966;101.325;1;0.1179;0.0542;1957 koh ric 0
121-44-8;;7732-18-5;;291.53896;101.325;1;0.0816;-1.0;1957 koh ric 0
121-44-8;;7732-18-5;;291.53896;101.325;1;0.0781;-1.0;1957 koh ric 0
121-44-8;;7732-18-5;;291.5399594;101.325;1;0.0748;-1.0;1957 koh ric 0
121-44-8;;7732-18-5;;291.553951;101.325;1;0.0814;-1.0;1957 koh ric 0
121-44-8;;7732-18-5;;291.5649444;101.325;1;0.083;-1.0;1957 koh ric 0
121-44-8;;7732-18-5;;291.6608868;101.325;1;0.1371;-1.0;1957 koh ric 0
121-44-8;;7732-18-5;;291.73884;101.325;1;0.1502;-1.0;1957 koh ric 0
121-44-8;;7732-18-5;;292.728246;101.325;1;0.2486;-1.0;1957 koh ric 0
121-44-8;;7732-18-5;;294.157592;101.325;1;0.3773;-1.0;1957 koh ric 0
121-44-8;;7732-18-5;;295.067228;101.325;1;0.4603;-1.0;1957 koh ric 0
121-44-8;;7732-18-5;;291.918732;101.325;1;-1.0;0.0341;1957 koh ric 0
121-44-8;;7732-18-5;;292.748234;101.325;1;-1.0;0.0245;1957 koh ric 0
121-44-8;;7732-18-5;;295.222166;101.325;1;-1.0;0.0178;1957 koh ric 0
121-44-8;;7732-18-5;;301.004852;101.325;1;-1.0;0.0125;1957 koh ric 0
121-44-8;;7732-18-5;;291.668882;101.0;1;0.115444544542;0.0540578497511;1967 cam kar 0
121-44-8;;7732-18-5;;291.698864;101.0;1;0.120542321041;0.045445409162;1967 cam kar 0
121-44-8;;7732-18-5;;291.878756;101.0;1;0.164414584729;0.0304594533361;1967 cam kar 0
121-44-8;;7732-18-5;;292.1386;101.0;1;0.168873418842;0.0295364310162;1967 cam kar 0
121-44-8;;7732-18-5;;293.138;101.0;1;0.253448168483;0.0196085284142;1967 cam kar 0
121-44-8;;7732-18-5;;303.134;101.0;1;0.665889797853;0.00908937130631;1967 cam kar 0
121-44-8;;7732-18-5;;292.19556;101.325;1;0.196035982751;0.0304594533361;1976 des & 0
121-44-8;;7732-18-5;;293.19536;101.325;1;0.287626829334;0.0193969972608;1976 des & 0
121-44-8;;7732-18-5;;295.19496;101.325;1;0.406942961737;0.017094917358;1976 des & 0
121-44-8;;7732-18-5;;297.19456;101.325;1;0.512133339052;0.0152445409692;1976 des & 0
121-44-8;;7732-18-5;;299.19416;101.325;1;0.600234392924;0.0134232386452;1976 des & 0
121-44-8;;7732-18-5;;301.19364;101.325;1;0.645674994754;0.0122248527271;1976 des & 0
121-44-8;;7732-18-5;;303.19304;101.325;1;0.706060700972;0.0106462961303;1976 des & 0
121-44-8;;7732-18-5;;308.19154;101.325;1;0.790712248041;0.00831888233134;1976 des & 0
121-44-8;;7732-18-5;;313.19004;101.325;1;0.810341240701;0.00641548274924;1976 des & 0
121-44-8;;7732-18-5;;291.15;101.32;1;0.0290317027018;-1.0;1993 ste & 1
121-44-8;;7732-18-5;;291.15;101.32;1;0.235078223188;-1.0;1993 ste & 1
121-44-8;;7732-18-5;;292.15;101.32;1;0.302118384337;0.0245364780377;1993 ste & 1
121-44-8;;7732-18-5;;294.15;101.32;1;0.412450573102;0.0198840865232;1993 ste & 1
121-44-8;;7732-18-5;;295.15;101.32;1;0.470338615708;0.0200114841655;1993 ste & 1
121-44-8;;7732-18-5;;297.15;101.32;1;0.579985788725;0.0171156430347;1993 ste & 1
121-44-8;;7732-18-5;;299.15;101.32;1;0.644829321703;0.0152445409692;1993 ste & 1
121-44-8;;7732-18-5;;301.15;101.32;1;0.681530960137;0.012244723487;1993 ste & 1
121-44-8;;7732-18-5;;313.15;101.32;1;0.811944660286;0.00660437167979;1993 ste & 1
121-44-8;;7732-18-5;;323.15;101.32;1;0.859405434669;0.00471117399616;1993 ste & 1
121-44-8;;7732-18-5;;333.15;101.32;1;0.868265552441;0.00354644822087;1993 ste & 1
121-44-8;;7732-18-5;;343.15;101.32;1;0.884587003319;0.00288637881547;1993 ste & 1
121-44-8;;7732-18-5;;353.15;101.32;1;0.928617806246;0.00248494820492;1993 ste & 1
121-44-8;;7732-18-5;;293.15;101.32;1;-1.0;0.022047064241;1993 ste & 1
121-44-8;;7732-18-5;;298.14437;11.2391;1;-1.0;0.0140998340846;1981 cam & 0
109-66-0;;7732-18-5;;311.4735551;-1.0;1;0.999598;-1.0;1982 gil wil 0
109-66-0;;7732-18-5;;367.5694812;-1.0;1;0.99586;-1.0;1982 gil wil 0
109-66-0;;7732-18-5;;423.33652556;-1.0;1;0.9678;-1.0;1982 gil wil 0
109-66-0;;7732-18-5;;310.9187216;827.0;1;0.999436;1.39e-05;1982 gil wil 0
109-66-0;;7732-18-5;;311.4735551;-1.0;1;-1.0;1.15e-05;1982 gil wil 0
109-66-0;;7732-18-5;;367.5694812;-1.0;1;-1.0;2.35e-05;1982 gil wil 0
109-66-0;;7732-18-5;;423.33652556;-1.0;1;-1.0;6.99e-05;1982 gil wil 0
109-66-0;;7732-18-5;;278.6467;101.33;1;0.999856020733;-1.0;1948 bla jor 0
109-66-0;;7732-18-5;;288.141;101.33;1;0.99975506001;-1.0;1948 bla jor 0
109-66-0;;7732-18-5;;297.93608;101.33;1;0.999523227421;-1.0;1948 bla jor 0
109-66-0;;7732-18-5;;297.93608;101.33;1;0.99951923125;-1.0;1948 bla jor 0
109-66-0;;7732-18-5;;298.136;101.325;1;0.99952;1.5e-05;1952 don bar 0
109-66-0;;7732-18-5;;273.100015873;101.0;1;0.9998958768;1.64050927717e-05;1973 pol lu 0
109-66-0;;7732-18-5;;298.14437;101.0;1;0.99959561255;1.18854156867e-05;1973 pol lu 0
109-66-0;;7732-18-5;;293.15;101.0;1;0.99952;-1.0;1995 abr & 0
109-66-0;;7732-18-5;;273.2;-1.0;1;-1.0;1.27e-05;2000 jou mat 0
109-66-0;;7732-18-5;;283.2;-1.0;1;-1.0;1.02e-05;2000 jou mat 0
109-66-0;;7732-18-5;;298.2;-1.0;1;-1.0;1.06e-05;2000 jou mat 0
109-66-0;;7732-18-5;;313.2;-1.0;1;-1.0;1.24e-05;2000 jou mat 0
109-66-0;;7732-18-5;;343.2;-1.0;1;-1.0;1.66e-05;2000 jou mat 0
109-66-0;;7732-18-5;;373.2;-1.0;1;-1.0;2.68e-05;2000 jou mat 0
109-66-0;;7732-18-5;;393.2;-1.0;1;-1.0;4.2e-05;2000 jou mat 0
109-66-0;;7732-18-5;;413.2;-1.0;1;-1.0;7.13e-05;2000 jou mat 0
109-66-0;;7732-18-5;;453.2;-1.0;1;-1.0;0.000189;2000 jou mat 0
109-66-0;;7732-18-5;;298.28;-1.0;1;-1.0;1e-05;2009 mok coq 0
109-66-0;;7732-18-5;;303.31;-1.0;1;-1.0;1.1e-05;2009 mok coq 0
109-66-0;;7732-18-5;;313.19;-1.0;1;-1.0;1.21e-05;2009 mok coq 0
109-66-0;;7732-18-5;;323.34;-1.0;1;-1.0;1.32e-05;2009 mok coq 0
109-66-0;;7732-18-5;;333.21;-1.0;1;-1.0;1.35e-05;2009 mok coq 0
109-66-0;;7732-18-5;;343.15;-1.0;1;-1.0;1.45e-05;2009 mok coq 0
109-66-0;;7732-18-5;;298.136;101.0;1;-1.0;9.61276812241e-06;1963 mca & 0
109-66-0;;7732-18-5;;298.136;101.325;1;-1.0;1.24e-05;1966 bar cre 0
109-66-0;;7732-18-5;;298.136;101.0;1;-1.0;9.61276812241e-06;1966 mca & 0
109-66-0;;7732-18-5;;277.149416058;101.325;1;-1.0;1.02e-05;1968 nel del 0
109-66-0;;7732-18-5;;283.148055;101.325;1;-1.0;1.07e-05;1968 nel del 0
109-66-0;;7732-18-5;;293.14537;101.325;1;-1.0;9.8e-06;1968 nel del 0
109-66-0;;7732-18-5;;298.14437;101.325;1;-1.0;1.01e-05;1968 nel del 0
109-66-0;;7732-18-5;;303.143055;101.325;1;-1.0;1.01e-05;1968 nel del 0
109-66-0;;7732-18-5;;298.14437;101.325;1;-1.0;9.86283752707e-06;1976 pri & 0
109-66-0;;7732-18-5;;313.240025;101.325;1;-1.0;9.93774739086e-06;1976 pri & 0
109-66-0;;7732-18-5;;328.835345;101.325;1;-1.0;1.04371473446e-05;1976 pri & 0
109-66-0;;7732-18-5;;372.22455;101.325;1;-1.0;1.73290197751e-05;1976 pri & 0
109-66-0;;7732-18-5;;394.42011;101.325;1;-1.0;2.74675828243e-05;1976 pri & 0
109-66-0;;7732-18-5;;410.41691;101.325;1;-1.0;5.01941924557e-05;1976 pri & 0
109-66-0;;7732-18-5;;422.61447;101.325;1;-1.0;7.44226777998e-05;1976 pri & 0
109-66-0;;7732-18-5;;298.14437;101.325;1;-1.0;9.7e-06;1978 krz sze 1
109-66-0;;7732-18-5;;298.14437;101.325;1;-1.0;9.61752143892e-06;1978 ryt hus 0
109-66-0;;7732-18-5;;298.19436;101.325;1;-1.0;1e-05;1979 rud lut 1
109-66-0;;7732-18-5;;288.19654;101.325;1;-1.0;1.07e-05;1982 jon vej 0
109-66-0;;7732-18-5;;293.19536;101.325;1;-1.0;1.03e-05;1982 jon vej 0
109-66-0;;7732-18-5;;298.19436;101.325;1;-1.0;1.01e-05;1982 jon vej 0
109-66-0;;7732-18-5;;303.19304;101.325;1;-1.0;1.01e-05;1982 jon vej 0
109-66-0;;7732-18-5;;308.19154;101.325;1;-1.0;1.01e-05;1982 jon vej 0
109-66-0;;7732-18-5;;298.14437;101.3;1;-1.0;1.02095926141e-05;1982 tew mil 0
109-66-0;;7732-18-5;;298.14437;101.325;1;-1.0;1.02095926141e-05;1985 mil was 0
109-66-0;;7732-18-5;;298.28;497.8;1;-1.0;1e-05;2007 mok coq 0
109-66-0;;7732-18-5;;303.31;508.5;1;-1.0;1.1e-05;2007 mok coq 0
109-66-0;;7732-18-5;;313.19;496.1;1;-1.0;1.21e-05;2007 mok coq 0
109-66-0;;7732-18-5;;323.34;548.0;1;-1.0;1.32e-05;2007 mok coq 0
109-66-0;;7732-18-5;;333.21;510.2;1;-1.0;1.35e-05;2007 mok coq 0
109-66-0;;7732-18-5;;343.15;507.8;1;-1.0;1.45e-05;2007 mok coq 0
109-66-0;;7732-18-5;;286.65;101.0;1;-1.0;1.1e-05;2008 cha hag 0
109-66-0;;7732-18-5;;295.45;101.0;1;-1.0;1.03e-05;2008 cha hag 0
7732-18-5;water;79-31-2;iBuAcid;290.749434;101.325;1;0.9514;-1.0;1901 fri & 0
7732-18-5;water;79-31-2;iBuAcid;296.1368;101.325;1;0.93856;-1.0;1901 fri & 0
7732-18-5;water;79-31-2;iBuAcid;298.875704;101.325;1;0.9073;-1.0;1901 fri & 0
7732-18-5;water;79-31-2;iBuAcid;298.93568;101.325;1;0.89564;-1.0;1901 fri & 0
7732-18-5;water;79-31-2;iBuAcid;298.93568;101.325;1;0.8861;-1.0;1901 fri & 0
7732-18-5;water;79-31-2;iBuAcid;298.905692;101.325;1;0.87559;-1.0;1901 fri & 0
7732-18-5;water;79-31-2;iBuAcid;298.93568;101.325;1;0.8861;-1.0;1901 fri & 0
7732-18-5;water;79-31-2;iBuAcid;294.007652;101.325;1;-1.0;0.76581;1901 fri & 0
7732-18-5;water;79-31-2;iBuAcid;298.275944;101.325;1;-1.0;0.8358;1901 fri & 0
7732-18-5;water;79-31-2;iBuAcid;299.264146;101.325;1;0.885;-1.0;1968 chu sch 0
7732-18-5;water;79-31-2;iBuAcid;299.264146;101.325;1;0.885;-1.0;1968 chu sch 0
7732-18-5;water;79-31-2;iBuAcid;299.2301528;101.325;1;0.886;-1.0;1969 chu sch 0
7732-18-5;water;79-31-2;iBuAcid;299.2301528;101.325;1;0.886;-1.0;1969 chu sch 0
7732-18-5;water;79-31-2;iBuAcid;299.1321724;101.325;1;0.89;-1.0;1976 gre & 0
7732-18-5;water;79-31-2;iBuAcid;299.1321724;101.325;1;0.89;-1.0;1976 gre & 0
7732-18-5;water;79-31-2;iBuAcid;299.64407;101.325;1;0.889;-1.0;1976 woe & 0
7732-18-5;water;79-31-2;iBuAcid;299.64407;101.325;1;0.889;-1.0;1976 woe & 0
7732-18-5;water;79-31-2;iBuAcid;299.24415;101.325;1;0.905;-1.0;1979 ser zak 0
7732-18-5;water;79-31-2;iBuAcid;299.24415;101.325;1;0.905;-1.0;1979 ser zak 0
7732-18-5;water;79-31-2;iBuAcid;299.124174;101.325;1;0.9264;-1.0;1983 fen khu 0
7732-18-5;water;79-31-2;iBuAcid;299.214156;101.325;1;0.9249;-1.0;1983 fen khu 0
7732-18-5;water;79-31-2;iBuAcid;299.54409;101.325;1;0.9174;0.8516;1983 fen khu 0
7732-18-5;water;79-31-2;iBuAcid;299.714056;101.325;1;0.9127;0.8716;1983 fen khu 0
7732-18-5;water;79-31-2;iBuAcid;299.764046;101.325;1;0.9008;-1.0;1983 fen khu 0
7732-18-5;water;79-31-2;iBuAcid;299.814036;101.325;1;0.8939;-1.0;1983 fen khu 0
7732-18-5;water;79-31-2;iBuAcid;299.804038;101.325;1;0.8855;-1.0;1983 fen khu 0
7732-18-5;water;79-31-2;iBuAcid;299.684062;101.325;1;-1.0;0.8655;1983 fen khu 0
7732-18-5;water;79-31-2;iBuAcid;299.614076;101.325;1;-1.0;0.8612;1983 fen khu 0
7732-18-5;water;79-31-2;iBuAcid;299.374124;101.325;1;-1.0;0.8468;1983 fen khu 0
7732-18-5;water;79-31-2;iBuAcid;299.074184;101.325;1;-1.0;0.8447;1983 fen khu 0
7732-18-5;water;79-31-2;iBuAcid;283.09807;101.325;1;0.959;0.6401;1983 soa med 0
7732-18-5;water;79-31-2;iBuAcid;288.146555;101.325;1;0.9551;0.6958;1983 soa med 0
7732-18-5;water;79-31-2;iBuAcid;293.14537;101.325;1;0.948;0.7482;1983 soa med 0
7732-18-5;water;79-31-2;iBuAcid;295.14497;101.325;1;0.9438;0.7699;1983 soa med 0
7732-18-5;water;79-31-2;iBuAcid;296.14477;101.325;1;0.9407;0.7826;1983 soa med 0
7732-18-5;water;79-31-2;iBuAcid;298.14437;101.325;1;0.9305;0.812;1983 soa med 0
7732-18-5;water;79-31-2;iBuAcid;291.41;101.0;1;0.9517;-1.0;2007 sip mak 0
7732-18-5;water;79-31-2;iBuAcid;293.36;101.0;1;0.948;-1.0;2007 sip mak 0
7732-18-5;water;79-31-2;iBuAcid;295.45;101.0;1;0.9435;-1.0;2007 sip mak 0
7732-18-5;water;79-31-2;iBuAcid;296.95;101.0;1;0.9373;-1.0;2007 sip mak 0
7732-18-5;water;79-31-2;iBuAcid;298.67;101.0;1;0.9247;-1.0;2007 sip mak 0
7732-18-5;water;79-31-2;iBuAcid;299.33;101.0;1;0.9122;-1.0;2007 sip mak 0
7732-18-5;water;79-31-2;iBuAcid;299.58;101.0;1;0.8976;-1.0;2007 sip mak 0
7732-18-5;water;79-31-2;iBuAcid;299.59;101.0;1;0.8805;-1.0;2007 sip mak 0
7732-18-5;water;79-31-2;iBuAcid;299.42;101.0;1;-1.0;0.8626;2007 sip mak 0
7732-18-5;water;79-31-2;iBuAcid;299.09;101.0;1;-1.0;0.8436;2007 sip mak 0
7732-18-5;water;79-31-2;iBuAcid;298.01;101.0;1;-1.0;0.8164;2007 sip mak 0
7732-18-5;water;79-31-2;iBuAcid;296.59;101.0;1;-1.0;0.794;2007 sip mak 0
7732-18-5;water;79-31-2;iBuAcid;294.3;101.0;1;-1.0;0.7658;2007 sip mak 0
7732-18-5;water;79-31-2;iBuAcid;290.84;101.0;1;-1.0;0.7304;2007 sip mak 0
71-36-3;;7732-18-5;water;270.0;100.0;1;0.504403;0.0295182;SDS Smoothed
71-36-3;;7732-18-5;water;280.0;100.0;1;0.502425;0.0241252;SDS Smoothed
71-36-3;;7732-18-5;water;290.0;100.0;1;0.496815;0.0206896;SDS Smoothed
71-36-3;;7732-18-5;water;300.0;100.0;1;0.487943;0.0185093;SDS Smoothed
71-36-3;;7732-18-5;water;310.0;100.0;1;0.47606;0.0171888;SDS Smoothed
71-36-3;;7732-18-5;water;320.0;100.0;1;0.46132;0.0165033;SDS Smoothed
71-36-3;;7732-18-5;water;330.0;100.0;1;0.443779;0.0163327;SDS Smoothed
71-36-3;;7732-18-5;water;340.0;100.0;1;0.423362;0.0166346;SDS Smoothed
71-36-3;;7732-18-5;water;350.0;100.0;1;0.399771;0.0174483;SDS Smoothed
71-36-3;;7732-18-5;water;360.0;100.0;1;0.372262;0.0189465;SDS Smoothed
71-36-3;;7732-18-5;water;370.0;100.0;1;0.339127;0.0216018;SDS Smoothed
71-36-3;;7732-18-5;water;380.0;200.0;1;0.29645;0.026724;SDS Smoothed
71-36-3;;7732-18-5;water;390.0;250.0;1;0.235047;0.0386;SDS Smoothed
71-36-3;;7732-18-5;water;398.0;300.0;1;0.158039;0.0638;SDS Smoothed
71-36-3;;7732-18-5;water;273.15;-1.0;1;0.5112;-1.0;1952 eri & 1
71-36-3;;7732-18-5;water;283.144;-1.0;1;0.5061;-1.0;1952 eri & 1
71-36-3;;7732-18-5;water;293.138;-1.0;1;0.498;-1.0;1952 eri & 1
71-36-3;;7732-18-5;water;303.134;-1.0;1;0.4861;-1.0;1952 eri & 1
71-36-3;;7732-18-5;water;313.13;-1.0;1;0.4717;-1.0;1952 eri & 1
71-36-3;;7732-18-5;water;323.127;-1.0;1;0.4562;-1.0;1952 eri & 1
71-36-3;;7732-18-5;water;333.124;-1.0;1;0.4381;-1.0;1952 eri & 1
71-36-3;;7732-18-5;water;343.124;-1.0;1;0.4152;-1.0;1952 eri & 1
71-36-3;;7732-18-5;water;353.123;-1.0;1;0.389;-1.0;1952 eri & 1
71-36-3;;7732-18-5;water;363.123;-1.0;1;0.36;-1.0;1952 eri & 1
71-36-3;;7732-18-5;water;373.124;-1.0;1;0.329;-1.0;1952 eri & 1
71-36-3;;7732-18-5;water;383.126;-1.0;1;0.2875;-1.0;1952 eri & 1
71-36-3;;7732-18-5;water;393.127;-1.0;1;0.218;-1.0;1952 eri & 1
71-36-3;;7732-18-5;water;398.1285;-1.0;1;0.149;-1.0;1952 eri & 1
71-36-3;;7732-18-5;water;283.144;-1.0;1;-1.0;0.023;1952 eri & 1
71-36-3;;7732-18-5;water;293.138;-1.0;1;-1.0;0.0197;1952 eri & 1
71-36-3;;7732-18-5;water;303.134;-1.0;1;-1.0;0.0179;1952 eri & 1
71-36-3;;7732-18-5;water;313.13;-1.0;1;-1.0;0.0167;1952 eri & 1
71-36-3;;7732-18-5;water;323.127;-1.0;1;-1.0;0.0163;1952 eri & 1
71-36-3;;7732-18-5;water;333.124;-1.0;1;-1.0;0.0162;1952 eri & 1
71-36-3;;7732-18-5;water;343.124;-1.0;1;-1.0;0.0166;1952 eri & 1
71-36-3;;7732-18-5;water;353.123;-1.0;1;-1.0;0.0175;1952 eri & 1
71-36-3;;7732-18-5;water;363.123;-1.0;1;-1.0;0.0195;1952 eri & 1
71-36-3;;7732-18-5;water;373.124;-1.0;1;-1.0;0.0232;1952 eri & 1
71-36-3;;7732-18-5;water;383.126;-1.0;1;-1.0;0.0295;1952 eri & 1
71-36-3;;7732-18-5;water;393.127;-1.0;1;-1.0;0.044;1952 eri & 1
71-36-3;;7732-18-5;water;398.1285;-1.0;1;-1.0;0.071;1952 eri & 1
71-36-3;;7732-18-5;water;273.15;-1.0;1;-1.0;0.0271;1952 eri & 1
71-36-3;;7732-18-5;water;323.15;-1.0;1;0.44;-1.0;1994 tik toi 0
71-36-3;;7732-18-5;water;293.15;101.0;1;0.483;0.018;1994 tik toi 0
71-36-3;;7732-18-5;water;363.15;101.0;1;0.343;0.015;1994 tik toi 0
71-36-3;;7732-18-5;water;323.15;-1.0;1;-1.0;0.016;1994 tik toi 0
71-36-3;;7732-18-5;water;365.92;-1.0;1;0.3607;-1.0;2001 iwa kos 0
71-36-3;;7732-18-5;water;343.15;-1.0;1;0.4165;-1.0;2004 lee tsa 0
71-36-3;;7732-18-5;water;353.15;-1.0;1;0.3857;-1.0;2004 lee tsa 0
71-36-3;;7732-18-5;water;363.15;-1.0;1;0.361;-1.0;2004 lee tsa 0
71-36-3;;7732-18-5;water;366.15;-1.0;1;0.3535;-1.0;2004 lee tsa 0
71-36-3;;7732-18-5;water;373.15;-1.0;1;0.3257;-1.0;2004 lee tsa 0
71-36-3;;7732-18-5;water;378.15;-1.0;1;0.3078;-1.0;2004 lee tsa 0
71-36-3;;7732-18-5;water;383.15;-1.0;1;0.2808;-1.0;2004 lee tsa 0
71-36-3;;7732-18-5;water;388.15;-1.0;1;0.2493;-1.0;2004 lee tsa 0
71-36-3;;7732-18-5;water;393.15;-1.0;1;0.2059;-1.0;2004 lee tsa 0
71-36-3;;7732-18-5;water;343.15;-1.0;1;-1.0;0.01678;2004 lee tsa 0
71-36-3;;7732-18-5;water;353.15;-1.0;1;-1.0;0.01798;2004 lee tsa 0
71-36-3;;7732-18-5;water;363.15;-1.0;1;-1.0;0.01924;2004 lee tsa 0
71-36-3;;7732-18-5;water;366.15;-1.0;1;-1.0;0.02077;2004 lee tsa 0
71-36-3;;7732-18-5;water;373.15;-1.0;1;-1.0;0.02347;2004 lee tsa 0
71-36-3;;7732-18-5;water;378.15;-1.0;1;-1.0;0.02525;2004 lee tsa 0
71-36-3;;7732-18-5;water;383.15;-1.0;1;-1.0;0.02796;2004 lee tsa 0
71-36-3;;7732-18-5;water;388.15;-1.0;1;-1.0;0.03313;2004 lee tsa 0
71-36-3;;7732-18-5;water;393.15;-1.0;1;-1.0;0.04215;2004 lee tsa 0
71-36-3;;7732-18-5;water;366.23;-1.0;1;0.3666;-1.0;2017 bri kou 0
71-36-3;;7732-18-5;water;366.23;-1.0;1;-1.0;0.0198;2017 bri kou 0
71-36-3;;7732-18-5;water;296.1368;101.325;1;-1.0;0.0166;1925 dro & 0
71-36-3;;7732-18-5;water;300.635;101.325;1;-1.0;0.0166;1925 dro & 0
71-36-3;;7732-18-5;water;305.633;101.325;1;-1.0;0.0158;1925 dro & 0
71-36-3;;7732-18-5;water;311.6306;101.325;1;-1.0;0.0153;1925 dro & 0
71-36-3;;7732-18-5;water;318.1285;101.325;1;-1.0;0.0145;1925 dro & 0
71-36-3;;7732-18-5;water;330.1249;101.325;1;-1.0;0.014;1925 dro & 0
71-36-3;;7732-18-5;water;340.124;101.325;1;-1.0;0.0145;1925 dro & 0
71-36-3;;7732-18-5;water;344.1239;101.325;1;-1.0;0.0153;1925 dro & 0
71-36-3;;7732-18-5;water;349.1234;101.325;1;-1.0;0.0158;1925 dro & 0
71-36-3;;7732-18-5;water;354.623;101.325;1;-1.0;0.0166;1925 dro & 0
71-36-3;;7732-18-5;water;363.62305;101.325;1;-1.0;0.0166;1925 dro & 0
71-36-3;;7732-18-5;water;367.1234;101.325;1;-1.0;0.0185;1925 dro & 0
71-36-3;;7732-18-5;water;375.1244;101.325;1;-1.0;0.0196;1925 dro & 0
71-36-3;;7732-18-5;water;378.42506;101.325;1;-1.0;0.0218;1925 dro & 0
71-36-3;;7732-18-5;water;398.22853;101.325;1;0.1062;-1.0;1926 hil mal 0
71-36-3;;7732-18-5;water;278.147;101.325;1;0.499;0.025;1926 hil mal 0
71-36-3;;7732-18-5;water;283.144;101.325;1;0.498;0.0232;1926 hil mal 0
71-36-3;;7732-18-5;water;288.141;101.325;1;0.495;0.0213;1926 hil mal 0
71-36-3;;7732-18-5;water;293.138;101.325;1;0.492;0.0202;1926 hil mal 0
71-36-3;;7732-18-5;water;298.136;101.325;1;0.489;0.0189;1926 hil mal 0
71-36-3;;7732-18-5;water;303.134;101.325;1;0.484;0.0182;1926 hil mal 0
71-36-3;;7732-18-5;water;308.132;101.325;1;0.477;0.0175;1926 hil mal 0
71-36-3;;7732-18-5;water;313.13;101.325;1;0.472;0.0169;1926 hil mal 0
71-36-3;;7732-18-5;water;323.127;101.325;1;0.457;0.0165;1926 hil mal 0
71-36-3;;7732-18-5;water;333.124;101.325;1;0.44;0.0166;1926 hil mal 0
71-36-3;;7732-18-5;water;343.124;101.325;1;0.419;0.0172;1926 hil mal 0
71-36-3;;7732-18-5;water;353.123;101.325;1;0.403;0.0177;1926 hil mal 0
71-36-3;;7732-18-5;water;365.1232;101.325;1;0.354;-1.0;1926 hil mal 0
71-36-3;;7732-18-5;water;379.22522;101.325;1;0.3;-1.0;1926 hil mal 0
71-36-3;;7732-18-5;water;395.42769;101.325;1;0.195;-1.0;1926 hil mal 0
71-36-3;;7732-18-5;water;397.458299;101.325;1;0.15;-1.0;1926 hil mal 0
71-36-3;;7732-18-5;water;398.278545;101.325;1;0.106;0.0962;1926 hil mal 0
71-36-3;;7732-18-5;water;371.02379;101.325;1;-1.0;0.0227;1926 hil mal 0
71-36-3;;7732-18-5;water;387.62645;101.325;1;-1.0;0.0343;1926 hil mal 0
71-36-3;;7732-18-5;water;390.02669;101.325;1;-1.0;0.0364;1926 hil mal 0
71-36-3;;7732-18-5;water;396.42799;101.325;1;-1.0;0.0564;1926 hil mal 0
71-36-3;;7732-18-5;water;397.958449;101.325;1;-1.0;0.0835;1926 hil mal 0
71-36-3;;7732-18-5;water;397.868422;101.0;1;0.104718301216;0.0869815529613;1929 jon & 0
71-36-3;;7732-18-5;water;397.878425;101.0;1;0.106262628269;-1.0;1929 jon & 0
71-36-3;;7732-18-5;water;397.848416;101.0;1;0.11034835608;-1.0;1929 jon & 0
71-36-3;;7732-18-5;water;397.788398;101.0;1;0.129888197019;-1.0;1929 jon & 0
71-36-3;;7732-18-5;water;397.178215;101.0;1;0.146028207514;-1.0;1929 jon & 0
71-36-3;;7732-18-5;water;396.878125;101.0;1;0.160506304507;-1.0;1929 jon & 0
71-36-3;;7732-18-5;water;395.72778;101.0;1;0.183297675806;-1.0;1929 jon & 0
71-36-3;;7732-18-5;water;388.1265;101.0;1;0.249748780214;-1.0;1929 jon & 0
71-36-3;;7732-18-5;water;379.17521;101.0;1;0.296633379503;-1.0;1929 jon & 0
71-36-3;;7732-18-5;water;331.62445;101.0;1;0.438566587445;-1.0;1929 jon & 0
71-36-3;;7732-18-5;water;302.954072;101.0;1;0.485360362146;-1.0;1929 jon & 0
71-36-3;;7732-18-5;water;286.1422;101.0;1;0.500193847141;-1.0;1929 jon & 0
71-36-3;;7732-18-5;water;268.154;101.0;1;0.505958532629;-1.0;1929 jon & 0
71-36-3;;7732-18-5;water;293.138;101.0;1;0.493;0.015;1929 jon & 0
71-36-3;;7732-18-5;water;338.124;101.0;1;-1.0;0.0153563655263;1929 jon & 0
71-36-3;;7732-18-5;water;313.13;101.0;1;-1.0;0.0153563655263;1929 jon & 0
71-36-3;;7732-18-5;water;354.123;101.0;1;-1.0;0.0165346006255;1929 jon & 0
71-36-3;;7732-18-5;water;292.43842;101.0;1;-1.0;0.0165346006255;1929 jon & 0
71-36-3;;7732-18-5;water;380.845544;101.0;1;-1.0;0.0256982050312;1929 jon & 0
71-36-3;;7732-18-5;water;270.042488;101.0;1;-1.0;0.0256982050312;1929 jon & 0
71-36-3;;7732-18-5;water;390.52674;101.0;1;-1.0;0.0342087281727;1929 jon & 0
71-36-3;;7732-18-5;water;255.154408;101.0;1;-1.0;0.0342087281727;1929 jon & 0
71-36-3;;7732-18-5;water;393.42709;101.0;1;-1.0;0.0415904112236;1929 jon & 0
71-36-3;;7732-18-5;water;395.577735;101.0;1;-1.0;0.0490591075972;1929 jon & 0
71-36-3;;7732-18-5;water;397.858419;101.0;1;-1.0;0.0959275953039;1929 jon & 0
71-36-3;;7732-18-5;water;273.15;101.325;1;0.499;0.0251;1931 mue pug 0
71-36-3;;7732-18-5;water;288.141;101.325;1;0.496;0.0216;1931 mue pug 0
71-36-3;;7732-18-5;water;303.134;101.325;1;0.484;0.0182;1931 mue pug 0
71-36-3;;7732-18-5;water;318.1285;101.325;1;0.466;0.0166;1931 mue pug 0
71-36-3;;7732-18-5;water;333.124;101.325;1;0.44;0.0167;1931 mue pug 0
71-36-3;;7732-18-5;water;348.1235;101.325;1;0.406;0.0174;1931 mue pug 0
71-36-3;;7732-18-5;water;363.123;101.325;1;0.36;0.0202;1931 mue pug 0
71-36-3;;7732-18-5;water;378.125;101.325;1;0.305;0.0257;1931 mue pug 0
71-36-3;;7732-18-5;water;291.58893;101.0;1;0.493100024819;-1.0;1933 but tho 0
71-36-3;;7732-18-5;water;296.53664;101.0;1;0.488747608912;-1.0;1933 but tho 0
71-36-3;;7732-18-5;water;300.58502;101.0;1;0.48520706952;-1.0;1933 but tho 0
71-36-3;;7732-18-5;water;303.963668;101.0;1;0.481849314569;-1.0;1933 but tho 0
71-36-3;;7732-18-5;water;295.73696;101.0;1;-1.0;0.0193170845515;1933 but tho 0
71-36-3;;7732-18-5;water;296.83652;101.0;1;-1.0;0.0190714124644;1933 but tho 0
71-36-3;;7732-18-5;water;297.98606;101.0;1;-1.0;0.0188288185468;1933 but tho 0
71-36-3;;7732-18-5;water;299.53544;101.0;1;-1.0;0.0185131476645;1933 but tho 0
71-36-3;;7732-18-5;water;301.194776;101.0;1;-1.0;0.0182089178352;1933 but tho 0
71-36-3;;7732-18-5;water;302.314328;101.0;1;-1.0;0.0180082077229;1933 but tho 0
71-36-3;;7732-18-5;water;397.478305;101.325;1;0.1019;-1.0;1942 reb mcn 0
71-36-3;;7732-18-5;water;397.52832;101.325;1;0.1068;0.0965;1942 reb mcn 0
71-36-3;;7732-18-5;water;364.273115;101.325;1;0.3513;-1.0;1942 reb mcn 0
71-36-3;;7732-18-5;water;372.573945;101.325;1;0.3213;-1.0;1942 reb mcn 0
71-36-3;;7732-18-5;water;376.6247;101.325;1;0.3038;-1.0;1942 reb mcn 0
71-36-3;;7732-18-5;water;384.02609;101.325;1;0.269;-1.0;1942 reb mcn 0
71-36-3;;7732-18-5;water;388.276515;101.325;1;0.244;-1.0;1942 reb mcn 0
71-36-3;;7732-18-5;water;392.52694;101.325;1;0.2107;-1.0;1942 reb mcn 0
71-36-3;;7732-18-5;water;394.72748;101.325;1;0.1885;-1.0;1942 reb mcn 0
71-36-3;;7732-18-5;water;396.32796;101.325;1;0.1625;0.0611;1942 reb mcn 0
71-36-3;;7732-18-5;water;397.22823;101.325;1;0.1376;-1.0;1942 reb mcn 0
71-36-3;;7732-18-5;water;397.42829;101.325;1;0.1242;-1.0;1942 reb mcn 0
71-36-3;;7732-18-5;water;371.473835;101.325;1;-1.0;0.0232;1942 reb mcn 0
71-36-3;;7732-18-5;water;377.47487;101.325;1;-1.0;0.0259;1942 reb mcn 0
71-36-3;;7732-18-5;water;386.076295;101.325;1;-1.0;0.033;1942 reb mcn 0
71-36-3;;7732-18-5;water;391.376825;101.325;1;-1.0;0.0412;1942 reb mcn 0
71-36-3;;7732-18-5;water;393.877225;101.325;1;-1.0;0.0474;1942 reb mcn 0
71-36-3;;7732-18-5;water;396.72808;101.325;1;-1.0;0.065;1942 reb mcn 0
71-36-3;;7732-18-5;water;397.32826;101.325;1;-1.0;0.0725;1942 reb mcn 0
71-36-3;;7732-18-5;water;299.1356;101.325;1;0.496;0.017;1945 oth ber 0
71-36-3;;7732-18-5;water;323.127;101.325;1;0.48;0.015;1945 oth ber 0
71-36-3;;7732-18-5;water;298.136;101.32;1;0.5;-1.0;1952 don bar 0
71-36-3;;7732-18-5;water;310.98086;101.0;1;0.474619503859;0.0171537867133;1953 mcc jon 0
71-36-3;;7732-18-5;water;310.98086;101.0;1;0.488284037054;0.0185077102047;1954 jon mcc 0
71-36-3;;7732-18-5;water;299.83532;101.0;1;0.48520706952;0.0187797966719;1954 skr mur 0
71-36-3;;7732-18-5;water;300.1352;101.0;1;0.494508968526;0.0179648421607;1957 rao rao 0
71-36-3;;7732-18-5;water;303.134;101.325;1;0.493;0.017;1958 ven rao 0
71-36-3;;7732-18-5;water;297.98606;101.3;1;0.482153408937;0.0179648421607;1959 pet gea 0
71-36-3;;7732-18-5;water;298.136;101.325;1;0.494;0.018;1960 aba pop 0
71-36-3;;7732-18-5;water;293.138;101.325;1;0.491;0.021;1963 smi mor 0
71-36-3;;7732-18-5;water;365.873275;101.325;1;0.36;0.02;1963 smi mor 0
71-36-3;;7732-18-5;water;298.136;101.325;1;0.508;-1.0;1966 mee huy 0
71-36-3;;7732-18-5;water;307.98206;101.325;1;0.477616042591;0.0174237070284;1967 mur rao 0
71-36-3;;7732-18-5;water;298.19436;101.325;1;0.4942;0.0185;1969 kru gla 1
71-36-3;;7732-18-5;water;397.51949;101.325;1;0.102;-1.0;1975 pro sus 0
71-36-3;;7732-18-5;water;397.51949;101.325;1;0.105;-1.0;1975 pro sus 0
71-36-3;;7732-18-5;water;360.22695;101.325;1;0.367;-1.0;1975 pro sus 0
71-36-3;;7732-18-5;water;363.22635;101.325;1;0.36;-1.0;1975 pro sus 0
71-36-3;;7732-18-5;water;371.82463;101.325;1;0.326;-1.0;1975 pro sus 0
71-36-3;;7732-18-5;water;378.32333;101.325;1;0.296;-1.0;1975 pro sus 0
71-36-3;;7732-18-5;water;379.22315;101.325;1;0.292;-1.0;1975 pro sus 0
71-36-3;;7732-18-5;water;383.32233;101.325;1;0.27;-1.0;1975 pro sus 0
71-36-3;;7732-18-5;water;388.32133;101.325;1;0.242;-1.0;1975 pro sus 0
71-36-3;;7732-18-5;water;392.42051;101.325;1;0.212;-1.0;1975 pro sus 0
71-36-3;;7732-18-5;water;392.92041;101.325;1;0.209;-1.0;1975 pro sus 0
71-36-3;;7732-18-5;water;394.12017;101.325;1;0.195;-1.0;1975 pro sus 0
71-36-3;;7732-18-5;water;396.21975;101.325;1;0.169;0.06;1975 pro sus 0
71-36-3;;7732-18-5;water;397.01959;101.325;1;0.146;-1.0;1975 pro sus 0
71-36-3;;7732-18-5;water;397.31953;101.325;1;0.13;-1.0;1975 pro sus 0
71-36-3;;7732-18-5;water;397.41951;101.325;1;0.123;0.093;1975 pro sus 0
71-36-3;;7732-18-5;water;397.51949;101.325;1;0.111;-1.0;1975 pro sus 0
71-36-3;;7732-18-5;water;397.51949;101.325;1;0.105;-1.0;1975 pro sus 0
71-36-3;;7732-18-5;water;355.828245;101.325;1;-1.0;0.019;1975 pro sus 0
71-36-3;;7732-18-5;water;367.12557;101.325;1;-1.0;0.022;1975 pro sus 0
71-36-3;;7732-18-5;water;371.62467;101.325;1;-1.0;0.023;1975 pro sus 0
71-36-3;;7732-18-5;water;380.32293;101.325;1;-1.0;0.027;1975 pro sus 0
71-36-3;;7732-18-5;water;384.72205;101.325;1;-1.0;0.031;1975 pro sus 0
71-36-3;;7732-18-5;water;387.12157;101.325;1;-1.0;0.034;1975 pro sus 0
71-36-3;;7732-18-5;water;390.92081;101.325;1;-1.0;0.041;1975 pro sus 0
71-36-3;;7732-18-5;water;394.82003;101.325;1;-1.0;0.052;1975 pro sus 0
71-36-3;;7732-18-5;water;395.01999;101.325;1;-1.0;0.053;1975 pro sus 0
71-36-3;;7732-18-5;water;397.21955;101.325;1;-1.0;0.079;1975 pro sus 0
71-36-3;;7732-18-5;water;298.14437;101.325;1;0.487;0.019;1976 des mar 1
71-36-3;;7732-18-5;water;313.140055;101.325;1;0.4701;0.017;1976 lav les 0
71-36-3;;7732-18-5;water;333.13437;101.325;1;0.4391;0.016;1976 lav les 0
71-36-3;;7732-18-5;water;293.14537;101.0;1;0.474619503859;0.0191614510438;1977 ale gus 0
71-36-3;;7732-18-5;water;298.14437;101.0;1;0.5032;0.0151;1977 sug kat 0
71-36-3;;7732-18-5;water;302.943115;101.3;1;0.482153408937;0.0179648421607;1978 aok mor 0
71-36-3;;7732-18-5;water;322.737175;101.3;1;0.458532331486;0.0176940584996;1978 aok mor 0
71-36-3;;7732-18-5;water;332.63447;101.3;1;0.43626084382;0.0179648421607;1978 aok mor 0
71-36-3;;7732-18-5;water;342.632205;101.3;1;0.421673116535;0.0171537867133;1978 aok mor 0
71-36-3;;7732-18-5;water;362.62647;101.3;1;0.358594755887;0.0193252797329;1978 aok mor 0
71-36-3;;7732-18-5;water;372.42451;101.3;1;0.328413811413;0.0248779885784;1978 aok mor 0
71-36-3;;7732-18-5;water;380.02299;101.3;1;0.290047572773;0.0280098942213;1978 aok mor 0
71-36-3;;7732-18-5;water;382.92241;101.3;1;0.281367774963;0.0291628747252;1978 aok mor 0
71-36-3;;7732-18-5;water;391.22075;101.3;1;0.233334526057;0.0395860024059;1978 aok mor 0
71-36-3;;7732-18-5;water;392.92041;101.3;1;0.21989985044;0.0480605475606;1978 aok mor 0
71-36-3;;7732-18-5;water;395.21995;101.3;1;0.181445283483;0.0513012212668;1978 aok mor 0
71-36-3;;7732-18-5;water;395.81983;101.3;1;0.183237708079;0.0536037576906;1978 aok mor 0
71-36-3;;7732-18-5;water;397.01959;101.3;1;0.165310668755;0.0634541543182;1978 aok mor 0
71-36-3;;7732-18-5;water;397.41951;101.3;1;0.148614395115;0.0738364708115;1978 aok mor 0
71-36-3;;7732-18-5;water;397.71945;101.3;1;0.133513020892;0.0859634395521;1978 aok mor 0
71-36-3;;7732-18-5;water;303.143055;101.325;1;0.492;0.01677;1979 sin hag 0
71-36-3;;7732-18-5;water;365.92581;101.0;1;0.3533;0.0176;1980 fu kin 0
71-36-3;;7732-18-5;water;288.146555;101.325;1;0.494;-1.0;1980 tok man 0
71-36-3;;7732-18-5;water;293.14537;101.325;1;0.491;-1.0;1980 tok man 0
71-36-3;;7732-18-5;water;298.14437;101.325;1;0.487;-1.0;1980 tok man 0
71-36-3;;7732-18-5;water;308.141555;101.325;1;0.477;-1.0;1980 tok man 0
71-36-3;;7732-18-5;water;298.14437;101.0;1;0.477616042591;0.0193252797329;1983 bev ric 1
71-36-3;;7732-18-5;water;293.14537;101.0;1;0.492943775952;0.0204215158951;1983 log dan 0
71-36-3;;7732-18-5;water;293.14537;101.325;1;0.492943775952;0.0204215158951;1983 log dan 0
71-36-3;;7732-18-5;water;353.129055;101.0;1;0.3615;0.0198;1984 leb kus 0
71-36-3;;7732-18-5;water;333.13437;101.0;1;0.4134;0.0187;1984 leb kus 0
71-36-3;;7732-18-5;water;313.140055;101.0;1;0.4257;0.018;1984 leb kus 0
71-36-3;;7732-18-5;water;293.14537;101.0;1;0.4762;0.0189;1984 leb kus 0
71-36-3;;7732-18-5;water;283.148055;101.0;1;0.4855;0.0216;1984 leb kus 0
71-36-3;;7732-18-5;water;278.149270073;101.0;1;0.4768;0.0252;1984 leb kus 0
71-36-3;;7732-18-5;water;273.15;101.0;1;0.4994;0.0263;1984 mar fer 0
71-36-3;;7732-18-5;water;283.148055;101.0;1;0.4931;0.0235;1984 mar fer 0
71-36-3;;7732-18-5;water;293.14537;101.0;1;0.4893;0.0207;1984 mar fer 0
71-36-3;;7732-18-5;water;298.14437;101.0;1;0.4853;0.0192;1984 mar fer 0
71-36-3;;7732-18-5;water;313.140055;101.0;1;0.4714;0.0153;1984 mar fer 0
71-36-3;;7732-18-5;water;333.13437;101.0;1;0.4347;0.0153;1984 mar fer 0
71-36-3;;7732-18-5;water;353.129055;101.0;1;0.3847;0.0161;1984 mar fer 0
71-36-3;;7732-18-5;water;373.12437;101.0;1;0.3207;0.0207;1984 mar fer 0
71-36-3;;7732-18-5;water;393.12037;101.0;1;0.2085;0.0504;1984 mar fer 0
71-36-3;;7732-18-5;water;288.146555;101.3;1;0.494508968526;0.0215248355326;1984 rui gal 0
71-36-3;;7732-18-5;water;289.146255;101.3;1;0.497657480616;0.0212483377958;1984 rui gal 0
71-36-3;;7732-18-5;water;290.14597;101.3;1;0.497657480616;0.0209722859953;1984 rui gal 0
71-36-3;;7732-18-5;water;291.14577;101.3;1;0.496080191773;0.0206966790533;1984 rui gal 0
71-36-3;;7732-18-5;water;292.14557;101.3;1;0.494508968526;0.0201467954499;1984 rui gal 0
71-36-3;;7732-18-5;water;293.14537;101.3;1;0.492943775952;0.0198725166499;1984 rui gal 0
71-36-3;;7732-18-5;water;298.14437;101.3;1;0.477616042591;0.0190523194978;1984 rui gal 0
71-36-3;;7732-18-5;water;303.143055;101.3;1;0.476114957338;0.0185077102047;1984 rui gal 0
71-36-3;;7732-18-5;water;293.14537;101.0;1;0.492943775952;0.0198725166499;1986 mah daw 0
71-36-3;;7732-18-5;water;273.15;101.32;1;0.508871329971;0.0272359142435;1986 ste stu 0
71-36-3;;7732-18-5;water;282.748175;101.32;1;0.497657480616;0.0234169308967;1986 ste stu 0
71-36-3;;7732-18-5;water;293.14537;101.32;1;0.491384579398;0.0207793144898;1986 ste stu 0
71-36-3;;7732-18-5;water;303.942815;101.32;1;0.483677342441;0.0181546484317;1986 ste stu 0
71-36-3;;7732-18-5;water;313.240025;101.32;1;0.471645365922;0.0173426857095;1986 ste stu 0
71-36-3;;7732-18-5;water;323.137055;101.32;1;0.459967872378;0.0167228084425;1986 ste stu 0
71-36-3;;7732-18-5;water;333.23435;101.32;1;0.434911050884;0.0162124461144;1986 ste stu 0
71-36-3;;7732-18-5;water;343.331995;101.32;1;0.424283484035;0.0172347175978;1986 ste stu 0
71-36-3;;7732-18-5;water;353.229025;101.32;1;0.391717326685;0.0180732768705;1986 ste stu 0
71-36-3;;7732-18-5;water;363.72625;101.32;1;0.355343137322;0.0186709097807;1986 ste stu 0
71-36-3;;7732-18-5;water;303.19304;101.0;1;0.4896;0.0181;1986 zha zha 0
71-36-3;;7732-18-5;water;309.141255;101.0;1;0.4819;0.0176;1986 zha zha 0
71-36-3;;7732-18-5;water;313.19004;101.0;1;0.4754;0.0169;1986 zha zha 0
71-36-3;;7732-18-5;water;321.637505;101.0;1;0.4597;0.0166;1986 zha zha 0
71-36-3;;7732-18-5;water;331.23475;101.0;1;0.4409;0.0168;1986 zha zha 0
71-36-3;;7732-18-5;water;340.68279;101.0;1;0.4174;0.0173;1986 zha zha 0
71-36-3;;7732-18-5;water;351.129655;101.0;1;0.3899;0.0186;1986 zha zha 0
71-36-3;;7732-18-5;water;361.02679;101.0;1;0.3598;0.0203;1986 zha zha 0
71-36-3;;7732-18-5;water;293.14537;101.0;1;0.4994;0.0197;1988 liu zha 1
71-36-3;;7732-18-5;water;303.143055;101.0;1;0.4904;0.0178;1988 liu zha 1
71-36-3;;7732-18-5;water;313.140055;101.0;1;0.4715;0.0169;1988 liu zha 1
71-36-3;;7732-18-5;water;297.9944;101.3;1;0.512;0.019;1989 let sew 1
71-36-3;;7732-18-5;water;365.06;101.3;1;0.3497;-1.0;1990 och tad 0
71-36-3;;7732-18-5;water;377.76;101.3;1;0.3006;-1.0;1990 och tad 0
71-36-3;;7732-18-5;water;387.83;101.3;1;0.2489;-1.0;1990 och tad 0
71-36-3;;7732-18-5;water;393.85;101.3;1;0.2001;-1.0;1990 och tad 0
71-36-3;;7732-18-5;water;394.26;101.3;1;0.1972;-1.0;1990 och tad 0
71-36-3;;7732-18-5;water;397.33;101.3;1;0.1699;-1.0;1990 och tad 0
71-36-3;;7732-18-5;water;398.91;101.3;1;0.15;-1.0;1990 och tad 0
71-36-3;;7732-18-5;water;400.35;101.3;1;0.1;-1.0;1990 och tad 0
71-36-3;;7732-18-5;water;400.61;101.3;1;0.1098;-1.0;1990 och tad 0
71-36-3;;7732-18-5;water;400.61;101.3;1;0.1199;-1.0;1990 och tad 0
71-36-3;;7732-18-5;water;348.56;101.3;1;0.4004;-1.0;1990 och tad 0
71-36-3;;7732-18-5;water;355.04;101.3;1;-1.0;0.018;1990 och tad 0
71-36-3;;7732-18-5;water;376.45;101.3;1;-1.0;0.0245;1990 och tad 0
71-36-3;;7732-18-5;water;389.86;101.3;1;-1.0;0.0373;1990 och tad 0
71-36-3;;7732-18-5;water;395.01;101.3;1;-1.0;0.0503;1990 och tad 0
71-36-3;;7732-18-5;water;398.89;101.3;1;-1.0;0.0783;1990 och tad 0
71-36-3;;7732-18-5;water;298.1;100.0;1;0.5289;0.0172;1991 gre kul 0
71-36-3;;7732-18-5;water;298.15;101.0;1;0.485;0.019;1991 let rav 0
71-36-3;;7732-18-5;water;298.2;101.0;1;0.488;0.019;1991 let sis 0
71-36-3;;7732-18-5;water;298.15;101.32;1;0.485;-1.0;1992 let rav 0
71-36-3;;7732-18-5;water;303.2;101.3;1;0.4896;0.0181;1992 zha fu 1
71-36-3;;7732-18-5;water;309.15;101.3;1;0.4819;0.0176;1992 zha fu 1
71-36-3;;7732-18-5;water;313.2;101.3;1;0.4754;0.0169;1992 zha fu 1
71-36-3;;7732-18-5;water;321.65;101.3;1;0.4597;0.0166;1992 zha fu 1
71-36-3;;7732-18-5;water;331.25;101.3;1;0.4409;0.0168;1992 zha fu 1
71-36-3;;7732-18-5;water;340.7;101.3;1;0.4174;0.0173;1992 zha fu 1
71-36-3;;7732-18-5;water;351.15;101.3;1;0.3899;0.0186;1992 zha fu 1
71-36-3;;7732-18-5;water;361.05;101.3;1;0.3598;0.0207;1992 zha fu 1
71-36-3;;7732-18-5;water;303.15;101.325;1;0.464306391401;0.0209722859953;1994 sha pan 0
71-36-3;;7732-18-5;water;293.15;101.0;1;0.485;-1.0;1995 abr & 0
71-36-3;;7732-18-5;water;298.15;101.0;1;0.488284037054;0.0193252797329;1996 gom rui 0
71-36-3;;7732-18-5;water;303.2;101.325;1;0.480635236155;0.0185077102047;1997 sol bon 0
71-36-3;;7732-18-5;water;298.15;101.3;1;0.488284037054;0.0206966790533;1998 mar gra 0
71-36-3;;7732-18-5;water;323.15;101.3;1;0.455677022647;0.016615235432;1998 mar gra 0
71-36-3;;7732-18-5;water;348.15;101.3;1;0.40889081645;0.016615235432;1998 mar gra 0
71-36-3;;7732-18-5;water;373.15;101.3;1;0.320554021221;0.0248779885784;1998 mar gra 0
71-36-3;;7732-18-5;water;376.15;101.3;1;0.306318267782;0.0262945869495;1998 mar gra 0
71-36-3;;7732-18-5;water;383.15;101.3;1;0.279661318569;-1.0;1998 mar gra 0
71-36-3;;7732-18-5;water;303.15;101.3;1;0.48520706952;0.0193252797329;1998 mar gra 1
71-36-3;;7732-18-5;water;384.3;101.3;1;0.278387806958;-1.0;1998 mar gra 1
71-36-3;;7732-18-5;water;392.1;101.3;1;0.231889008635;-1.0;1998 mar gra 1
71-36-3;;7732-18-5;water;398.6;101.3;1;0.210409943018;-1.0;1998 mar gra 1
71-36-3;;7732-18-5;water;399.1;101.3;1;0.189920778069;-1.0;1998 mar gra 1
71-36-3;;7732-18-5;water;400.1;101.3;1;0.16503196111;-1.0;1998 mar gra 1
71-36-3;;7732-18-5;water;403.1;101.3;1;0.117304120174;-1.0;1998 mar gra 1
71-36-3;;7732-18-5;water;333.15;101.3;1;0.437615465401;0.0152763307184;1998 mar gra 1
71-36-3;;7732-18-5;water;340.15;101.3;1;0.428233620243;0.016615235432;1998 mar gra 1
71-36-3;;7732-18-5;water;401.0;101.3;1;-1.0;0.0844069936432;1998 mar gra 1
71-36-3;;7732-18-5;water;299.15;101.0;1;0.496080191773;0.016615235432;1999 kul leb 0
71-36-3;;7732-18-5;water;323.15;101.0;1;0.477616042591;0.0155432616149;1999 kul leb 0
71-36-3;;7732-18-5;water;298.0;101.3;1;0.4836;0.0189;1999 tan ara 0
71-36-3;;7732-18-5;water;303.15;101.0;1;0.515418250437;0.0234728971898;2001 lim smi 0
71-36-3;;7732-18-5;water;328.15;101.0;1;0.438974941586;0.0174237070284;2001 lim smi 0
71-36-3;;7732-18-5;water;298.15;101.325;1;0.489986400668;0.01704593908;2001 lin pin 0
71-36-3;;7732-18-5;water;303.15;101.325;1;0.4802;0.0181;2005 reh von 0
71-36-3;;7732-18-5;water;288.15;101.325;1;0.5018;-1.0;2007 che lin 1
71-36-3;;7732-18-5;water;318.15;101.325;1;0.4769;-1.0;2007 che lin 1
71-36-3;;7732-18-5;water;288.15;101.0;1;-1.0;0.0198;2007 che lin 1
71-36-3;;7732-18-5;water;318.15;101.0;1;-1.0;0.0166;2007 che lin 1
71-36-3;;7732-18-5;water;323.15;101.0;1;0.4574;0.0167;2008 lla mon 0
71-36-3;;7732-18-5;water;333.15;101.0;1;0.4387;0.0162;2008 lla mon 0
71-36-3;;7732-18-5;water;343.15;101.0;1;0.4189;0.0172;2008 lla mon 0
71-36-3;;7732-18-5;water;353.15;101.0;1;0.3965;0.0181;2008 lla mon 0
71-36-3;;7732-18-5;water;362.45;101.0;1;0.3673;0.0187;2008 lla mon 0
71-36-3;;7732-18-5;water;298.15;101.0;1;0.488284037054;0.0206966790533;2008 wu zhu 0
71-36-3;;7732-18-5;water;308.15;101.0;1;0.476114957338;0.0178293962417;2008 wu zhu 0
71-36-3;;7732-18-5;water;318.15;101.0;1;0.456816632694;0.0174237070284;2008 wu zhu 0
71-36-3;;7732-18-5;water;298.15;101.0;1;0.51049843372;0.0176940584996;2011 kov gol 0
71-36-3;;7732-18-5;water;298.2;101.0;1;0.4895;0.0189;2012 alm wal 0
71-36-3;;7732-18-5;water;283.15;101.0;1;-1.0;0.0196877308985;2012 ben lef 0
71-36-3;;7732-18-5;water;288.15;101.0;1;-1.0;0.019388130799;2012 ben lef 0
71-36-3;;7732-18-5;water;303.15;101.0;1;-1.0;0.0167827442717;2012 ben lef 0
71-36-3;;7732-18-5;water;308.15;101.0;1;0.522;0.018;2012 dom kro 0
71-36-3;;7732-18-5;water;298.15;100.0;1;0.4797;0.018;2012 hwa par 2
71-36-3;;7732-18-5;water;313.15;101.0;1;0.484;0.019;2013 gom fon 0
71-36-3;;7732-18-5;water;298.2;100.0;1;0.489366531406;0.0186164924956;2014 das azn 0
71-36-3;;7732-18-5;water;313.2;100.0;1;0.471497242541;0.0168573711219;2014 das azn 0
71-36-3;;7732-18-5;water;313.15;101.3;1;0.484;0.019;2014 gom fon 0
71-36-3;;7732-18-5;water;365.85;101.3;1;0.362;0.021;2014 gom fon 0
71-36-3;;7732-18-5;water;303.2;101.0;1;0.489;0.022;2014 nar nai 0
71-36-3;;7732-18-5;water;323.2;101.0;1;0.457;0.018;2014 nar nai 0
71-36-3;;7732-18-5;water;343.2;101.0;1;0.419;0.016;2014 nar nai 0
71-36-3;;7732-18-5;water;298.15;101.0;1;0.4864;0.0198;2014 san sou 0
71-36-3;;7732-18-5;water;298.15;101.0;1;0.550302500406;0.015917677434;2014 won hro 0
71-36-3;;7732-18-5;water;298.2;101.0;1;0.553897470193;0.0160248064143;2014 won hro 2
71-36-3;;7732-18-5;water;365.72;101.3;1;0.362207835511;0.0210274607323;2016 gar gom 0
71-36-3;;7732-18-5;water;298.15;100.0;1;0.4873;0.0187;2016 li fen 0
71-36-3;;7732-18-5;water;298.15;100.0;1;0.486;0.019;2016 mar wla 0
71-36-3;;7732-18-5;water;298.15;101.3;1;0.486742623273;0.0198725166499;2016 zhe che 0
71-36-3;;7732-18-5;water;303.15;98.9;1;0.482001332966;0.0180190508469;2017 cha dae 0
71-36-3;;7732-18-5;water;313.15;98.9;1;0.456103984906;0.0173426857095;2017 cha dae 0
71-36-3;;7732-18-5;water;323.15;98.9;1;-1.0;0.0166959087652;2017 cha dae 0
71-36-3;;7732-18-5;water;298.2;100.0;1;0.483982823316;0.0189160034744;2017 dal pin 0
71-36-3;;7732-18-5;water;288.2;100.0;1;0.487820995622;0.0200644654856;2017 ye qu 0
71-36-3;;7732-18-5;water;303.2;100.0;1;0.482609982622;0.0181275202398;2017 ye qu 0
71-36-3;;7732-18-5;water;318.2;100.0;1;0.465471482137;0.01704593908;2017 ye qu 0
71-36-3;;7732-18-5;water;293.15;100.0;1;0.516078627849;0.017667003921;2017 yu wu 0
71-36-3;;7732-18-5;water;323.15;100.0;1;0.448489775936;0.0157571115712;2017 yu wu 0
71-36-3;;7732-18-5;water;308.15;100.0;1;0.474470267039;0.0158909058271;2017 yu wu 0
71-36-3;;7732-18-5;water;293.15;100.0;1;0.496;0.019;2018 fen zha 0
71-36-3;;7732-18-5;water;303.15;100.0;1;0.483;0.015;2018 fen zha 0
71-36-3;;7732-18-5;water;308.15;100.0;1;0.477;0.013;2018 fen zha 0
71-36-3;;7732-18-5;water;303.15;101.3;1;0.496;0.017;2018 gom saq 0
71-36-3;;7732-18-5;water;303.15;101.0;1;0.488;0.019;2018 toi tro 0
71-36-3;;7732-18-5;water;298.2;101.325;1;0.48520706952;0.0198725166499;2019 bao nai 0
71-36-3;;7732-18-5;water;328.15;101.0;1;0.434;0.02;2019 dom wla 1
71-36-3;;7732-18-5;water;278.1;84.5;1;0.500511998337;0.0254149327966;2019 ebr sad 0
71-36-3;;7732-18-5;water;283.1;84.5;1;0.497025834961;0.0234449117704;2019 ebr sad 0
71-36-3;;7732-18-5;water;293.1;84.5;1;0.490451925238;0.0204215158951;2019 ebr sad 0
71-36-3;;7732-18-5;water;303.1;84.5;1;0.479424823732;0.0183175087501;2019 ebr sad 0
71-36-3;;7732-18-5;water;313.1;84.5;1;0.46693271564;0.0175047671514;2019 ebr sad 0
71-36-3;;7732-18-5;water;323.1;84.5;1;0.454257197037;0.0168035331874;2019 ebr sad 0
71-36-3;;7732-18-5;water;333.1;84.5;1;0.433163496534;0.0167497124046;2019 ebr sad 0
71-36-3;;7732-18-5;water;343.1;84.5;1;0.411538473094;0.0176399536633;2019 ebr sad 0
71-36-3;;7732-18-5;water;353.1;84.5;1;0.387786324747;0.0181003963864;2019 ebr sad 0
71-36-3;;7732-18-5;water;293.2;95.0;1;0.4936;0.0202;2019 oli mor 0
71-36-3;;7732-18-5;water;313.2;95.0;1;0.4696;0.0171;2019 oli mor 0
71-36-3;;7732-18-5;water;318.15;101.3;1;0.469;0.021;2019 smi sad 0
71-36-3;;7732-18-5;water;323.15;97.0;1;0.458819017351;-1.0;2019 xu zhu 1
71-36-3;;7732-18-5;water;298.15;101.3;1;0.4833;0.0191;2020 che tiw 0
71-36-3;;7732-18-5;water;318.15;101.3;1;0.4604;0.0166;2020 che tiw 0
71-36-3;;7732-18-5;water;308.15;101.3;1;0.4704;0.0176;2020 che tiw 0
71-36-3;;7732-18-5;water;365.73;101.3;1;0.362;0.021;2020 gar saq 0
71-36-3;;7732-18-5;water;298.6;101.0;1;0.499;0.0183;2020 sil mor 0
71-36-3;;7732-18-5;water;298.6;101.0;1;0.493;-1.0;2020 sil mor 0
71-36-3;;7732-18-5;water;293.15;101.3;1;0.49;0.018;2020 toi sad 0
71-36-3;;7732-18-5;water;328.15;101.3;1;0.447;0.017;2021 smi sam 0
71-36-3;;7732-18-5;water;328.15;101.3;1;0.469;0.018;2021 tet khu 0
71-36-3;;7732-18-5;water;318.15;101.3;1;0.474;0.018;2021 tet khu 0
71-36-3;;7732-18-5;water;308.15;101.3;1;0.484;0.018;2021 tet khu 0
71-36-3;;7732-18-5;water;298.15;101.3;1;0.488;0.019;2021 tet khu 0
71-36-3;;7732-18-5;water;293.15;101.3;1;0.491851710833;0.020504018309;2021 yan che 0
71-36-3;;7732-18-5;water;303.15;101.3;1;0.485667122332;0.0182903545053;2021 yan che 0
71-36-3;;7732-18-5;water;313.15;101.3;1;0.476114957338;0.01707289454;2021 yan che 0
71-36-3;;7732-18-5;water;323.15;101.3;1;0.45968034142;0.016454004318;2021 yan che 0
71-36-3;;7732-18-5;water;273.15;101.0;1;-1.0;0.0275794812149;1924 fuh & 0
71-36-3;;7732-18-5;water;283.144;101.0;1;-1.0;0.0234728971898;1924 fuh & 0
71-36-3;;7732-18-5;water;293.138;101.0;1;-1.0;0.0204215158951;1924 fuh & 0
71-36-3;;7732-18-5;water;303.134;101.0;1;-1.0;0.0182360590489;1924 fuh & 0
71-36-3;;7732-18-5;water;313.13;101.0;1;-1.0;0.0167497124046;1924 fuh & 0
71-36-3;;7732-18-5;water;323.127;101.0;1;-1.0;0.0162124461144;1924 fuh & 0
71-36-3;;7732-18-5;water;333.124;101.0;1;-1.0;0.0162124461144;1924 fuh & 0
71-36-3;;7732-18-5;water;343.124;101.0;1;-1.0;0.0167497124046;1924 fuh & 0
71-36-3;;7732-18-5;water;353.123;101.0;1;-1.0;0.0179648421607;1924 fuh & 0
71-36-3;;7732-18-5;water;363.123;101.0;1;-1.0;0.0201467954499;1924 fuh & 0
71-36-3;;7732-18-5;water;373.124;101.0;1;-1.0;0.0236128925119;1924 fuh & 0
71-36-3;;7732-18-5;water;383.126;101.0;1;-1.0;0.0288739161667;1924 fuh & 0
71-36-3;;7732-18-5;water;293.138;101.0;1;-1.0;0.0206966790533;1935 doo & 0
71-36-3;;7732-18-5;water;298.136;99.3;1;-1.0;0.0190795958205;1949 han fu 0
71-36-3;;7732-18-5;water;273.15;101.325;1;-1.0;0.0271;1952 eri & 0
71-36-3;;7732-18-5;water;283.144;101.325;1;-1.0;0.023;1952 eri & 0
71-36-3;;7732-18-5;water;293.138;101.325;1;-1.0;0.0197;1952 eri & 0
71-36-3;;7732-18-5;water;303.134;101.325;1;-1.0;0.0179;1952 eri & 0
71-36-3;;7732-18-5;water;313.13;101.325;1;-1.0;0.0167;1952 eri & 0
71-36-3;;7732-18-5;water;323.127;101.325;1;-1.0;0.0163;1952 eri & 0
71-36-3;;7732-18-5;water;303.134;101.325;1;-1.0;0.018;1956 hay sas 0
71-36-3;;7732-18-5;water;298.136;101.325;1;-1.0;0.0191;1958 kin ish 0
71-36-3;;7732-18-5;water;298.136;101.325;1;-1.0;0.0189;1965 rat dod 0
71-36-3;;7732-18-5;water;303.134;101.325;1;-1.0;0.018;1965 rat dod 0
71-36-3;;7732-18-5;water;288.146555;101.33;1;-1.0;0.021135765225;1973 voc pet 1
71-36-3;;7732-18-5;water;298.14437;101.3;1;-1.0;0.016210466189;1982 tew mil 0
71-36-3;;7732-18-5;water;308.2;101.0;1;-1.0;0.02;2008 gha gha 1
110-54-3;;7732-18-5;water;313.140055;-1.0;1;0.99877;-1.0;1983 tso wil 0
110-54-3;;7732-18-5;water;373.12437;-1.0;1;0.99291;-1.0;1983 tso wil 0
110-54-3;;7732-18-5;water;423.11437;-1.0;1;0.9689;-1.0;1983 tso wil 0
110-54-3;;7732-18-5;water;473.11;-1.0;1;0.89;-1.0;1983 tso wil 0
110-54-3;;7732-18-5;water;367.52549;-1.0;1;0.99405;-1.0;1983 tso wil 0
110-54-3;;7732-18-5;water;313.140055;-1.0;1;0.99883;-1.0;1983 tso wil 0
110-54-3;;7732-18-5;water;313.140055;-1.0;1;-1.0;4.35e-06;1983 tso wil 0
110-54-3;;7732-18-5;water;373.12437;-1.0;1;-1.0;6.21e-06;1983 tso wil 0
110-54-3;;7732-18-5;water;423.11437;-1.0;1;-1.0;3.39e-05;1983 tso wil 0
110-54-3;;7732-18-5;water;473.11;-1.0;1;-1.0;0.000185;1983 tso wil 0
110-54-3;;7732-18-5;water;367.52549;-1.0;1;-1.0;5.35e-06;1983 tso wil 0
110-54-3;;7732-18-5;water;313.140055;-1.0;1;-1.0;4.975e-06;1983 tso wil 0
110-54-3;;7732-18-5;water;310.920721;-1.0;1;-1.0;2.38e-06;1983 tso wil 0
110-54-3;;7732-18-5;water;366.455704;-1.0;1;-1.0;5.73e-06;1983 tso wil 0
110-54-3;;7732-18-5;water;422.004592;-1.0;1;-1.0;2.71e-05;1983 tso wil 0
110-54-3;;7732-18-5;water;293.138;101.33;1;0.999470280751;-1.0;1948 bla jor 0
110-54-3;;7732-18-5;water;298.136;101.325;1;0.9994;2.9e-05;1952 don bar 0
110-54-3;;7732-18-5;water;293.138;101.32;1;0.99951703286;-1.0;1965 eng pla 0
110-54-3;;7732-18-5;water;303.134;101.32;1;0.999144300779;-1.0;1965 eng pla 0
110-54-3;;7732-18-5;water;313.13;101.32;1;0.998485390019;-1.0;1965 eng pla 0
110-54-3;;7732-18-5;water;293.138;101.325;1;0.99921;-1.0;1965 zel efr 0
110-54-3;;7732-18-5;water;354.798554;207.0;1;0.9933;-1.0;1968 bur bra 0
110-54-3;;7732-18-5;water;366.455704;290.0;1;0.99;-1.0;1968 bur bra 0
110-54-3;;7732-18-5;water;379.233148;414.0;1;0.9849;-1.0;1968 bur bra 0
110-54-3;;7732-18-5;water;394.230148;600.0;1;0.977;-1.0;1968 bur bra 0
110-54-3;;7732-18-5;water;400.338926;689.0;1;0.9728;-1.0;1968 bur bra 0
110-54-3;;7732-18-5;water;303.143055;101.0;1;0.999756079375;-1.0;1970 ben nau 1
110-54-3;;7732-18-5;water;303.143055;101.0;1;0.99959829853;-1.0;1970 ben nau 1
110-54-3;;7732-18-5;water;273.100015873;101.0;1;0.999866071141;3.44927219662e-06;1973 pol lu 0
110-54-3;;7732-18-5;water;298.14437;101.0;1;0.999569615335;2.59217191114e-06;1973 pol lu 0
110-54-3;;7732-18-5;water;293.14537;101.325;1;0.99963;3e-06;1976 bud les 10
110-54-3;;7732-18-5;water;293.14537;101.325;1;0.99963;3e-06;1976 bud les 11
110-54-3;;7732-18-5;water;298.14437;101.0;1;0.99949;-1.0;1977 sug kat 0
110-54-3;;7732-18-5;water;293.14537;101.325;1;0.99954;-1.0;1978 cha tik 0
110-54-3;;7732-18-5;water;293.15;101.0;1;0.99952;-1.0;1995 abr & 0
110-54-3;;7732-18-5;water;283.15;101.0;1;0.999691;3.07e-06;2010 raz nac 0
110-54-3;;7732-18-5;water;303.15;101.0;1;0.999217;2.91e-06;2010 raz nac 0
110-54-3;;7732-18-5;water;323.15;101.0;1;0.99863;3.15e-06;2010 raz nac 0
110-54-3;;7732-18-5;water;298.31;101.0;1;0.9996;-1.0;2020 mor bar 0
110-54-3;;7732-18-5;water;303.03;101.0;1;0.99949;-1.0;2020 mor bar 0
110-54-3;;7732-18-5;water;308.05;101.0;1;0.99936;-1.0;2020 mor bar 0
110-54-3;;7732-18-5;water;313.06;101.0;1;0.99927;-1.0;2020 mor bar 0
110-54-3;;7732-18-5;water;298.09;-1.0;1;-1.0;2.08e-06;2009 mok coq 0
110-54-3;;7732-18-5;water;313.15;-1.0;1;-1.0;2.33e-06;2009 mok coq 0
110-54-3;;7732-18-5;water;333.15;-1.0;1;-1.0;3.08e-06;2009 mok coq 0
110-54-3;;7732-18-5;water;353.15;-1.0;1;-1.0;4.58e-06;2009 mok coq 0
110-54-3;;7732-18-5;water;298.136;101.0;1;-1.0;1.98591473608e-06;1963 mca & 0
110-54-3;;7732-18-5;water;298.136;101.325;1;-1.0;3.385e-06;1966 bar cre 0
110-54-3;;7732-18-5;water;298.136;101.0;1;-1.0;1.98591473608e-06;1966 mca & 0
110-54-3;;7732-18-5;water;277.149416058;101.325;1;-1.0;3.42e-06;1968 nel del 0
110-54-3;;7732-18-5;water;287.146855;101.325;1;-1.0;3.17e-06;1968 nel del 0
110-54-3;;7732-18-5;water;298.14437;101.325;1;-1.0;3.83e-06;1968 nel del 0
110-54-3;;7732-18-5;water;308.141555;101.325;1;-1.0;2.69e-06;1968 nel del 0
110-54-3;;7732-18-5;water;318.138555;101.325;1;-1.0;4.64e-06;1968 nel del 0
110-54-3;;7732-18-5;water;328.135555;101.325;1;-1.0;4.42e-06;1968 nel del 0
110-54-3;;7732-18-5;water;298.14437;101.325;1;-1.0;2.8e-06;1973 kra gub 0
110-54-3;;7732-18-5;water;298.14437;101.325;1;-1.0;2.5e-06;1973 lei mac 0
110-54-3;;7732-18-5;water;298.19436;101.325;1;-1.0;3.4e-06;1975 mac shi 1
110-54-3;;7732-18-5;water;298.14437;101.325;1;-1.0;1.97966218616e-06;1976 pri & 0
110-54-3;;7732-18-5;water;313.240025;101.325;1;-1.0;2.11136198983e-06;1976 pri & 0
110-54-3;;7732-18-5;water;328.835345;101.325;1;-1.0;2.75941055471e-06;1976 pri & 0
110-54-3;;7732-18-5;water;342.832145;101.325;1;-1.0;3.21931791584e-06;1976 pri & 0
110-54-3;;7732-18-5;water;342.832145;101.325;1;-1.0;3.17750808959e-06;1976 pri & 0
110-54-3;;7732-18-5;water;372.22455;101.325;1;-1.0;4.68267016803e-06;1976 pri & 0
110-54-3;;7732-18-5;water;387.52149;101.325;1;-1.0;6.10422787264e-06;1976 pri & 0
110-54-3;;7732-18-5;water;394.42011;101.325;1;-1.0;7.86029085574e-06;1976 pri & 0
110-54-3;;7732-18-5;water;410.41691;101.325;1;-1.0;1.18951430181e-05;1976 pri & 0
110-54-3;;7732-18-5;water;424.91401;101.325;1;-1.0;2.2160529555e-05;1976 pri & 0
110-54-3;;7732-18-5;water;298.14437;101.325;1;-1.0;1.98423037403e-06;1978 ryt hus 0
110-54-3;;7732-18-5;water;288.146555;101.325;1;-1.0;2.24e-06;1982 jon vej 0
110-54-3;;7732-18-5;water;288.19654;101.325;1;-1.0;2.24e-06;1982 jon vej 0
110-54-3;;7732-18-5;water;293.14537;101.325;1;-1.0;2.15e-06;1982 jon vej 0
110-54-3;;7732-18-5;water;293.19536;101.325;1;-1.0;2.15e-06;1982 jon vej 0
110-54-3;;7732-18-5;water;298.14437;101.325;1;-1.0;2.11e-06;1982 jon vej 0
110-54-3;;7732-18-5;water;298.19436;101.325;1;-1.0;2.11e-06;1982 jon vej 0
110-54-3;;7732-18-5;water;303.143055;101.325;1;-1.0;2.09e-06;1982 jon vej 0
110-54-3;;7732-18-5;water;303.19304;101.325;1;-1.0;2.09e-06;1982 jon vej 0
110-54-3;;7732-18-5;water;308.141555;101.325;1;-1.0;2.11e-06;1982 jon vej 0
110-54-3;;7732-18-5;water;308.19154;101.325;1;-1.0;2.11e-06;1982 jon vej 0
110-54-3;;7732-18-5;water;298.14437;101.325;1;-1.0;2.58396677224e-06;1985 mil was 0
110-54-3;;7732-18-5;water;308.0;101.0;1;-1.0;2.087e-06;2002 mir & 0
110-54-3;;7732-18-5;water;318.0;101.0;1;-1.0;2.26e-06;2002 mir & 0
110-54-3;;7732-18-5;water;328.0;101.0;1;-1.0;2.574e-06;2002 mir & 0
110-54-3;;7732-18-5;water;338.0;101.0;1;-1.0;3.021e-06;2002 mir & 0
110-54-3;;7732-18-5;water;348.0;101.0;1;-1.0;3.69e-06;2002 mir & 0
110-54-3;;7732-18-5;water;358.0;101.0;1;-1.0;4.69e-06;2002 mir & 0
110-54-3;;7732-18-5;water;368.0;101.0;1;-1.0;6.083e-06;2002 mir & 0
110-54-3;;7732-18-5;water;388.0;101.0;1;-1.0;1.097e-05;2002 mir & 0
110-54-3;;7732-18-5;water;408.0;101.0;1;-1.0;2.123e-05;2002 mir & 0
110-54-3;;7732-18-5;water;428.0;101.0;1;-1.0;4.406e-05;2002 mir & 0
110-54-3;;7732-18-5;water;303.95;700.0;1;-1.0;2.06e-06;2003 mar fer 0
110-54-3;;7732-18-5;water;343.45;700.0;1;-1.0;2.77e-06;2003 mar fer 0
110-54-3;;7732-18-5;water;373.75;700.0;1;-1.0;6.16e-06;2003 mar fer 0
110-54-3;;7732-18-5;water;403.95;700.0;1;-1.0;1.446e-05;2003 mar fer 0
110-54-3;;7732-18-5;water;424.25;700.0;1;-1.0;2.67e-05;2003 mar fer 0
110-54-3;;7732-18-5;water;443.15;700.0;1;-1.0;4.8e-05;2003 mar fer 0
110-54-3;;7732-18-5;water;298.09;499.7;1;-1.0;2.08e-06;2007 mok coq 0
110-54-3;;7732-18-5;water;313.15;502.8;1;-1.0;2.33e-06;2007 mok coq 0
110-54-3;;7732-18-5;water;333.15;501.2;1;-1.0;3.08e-06;2007 mok coq 0
110-54-3;;7732-18-5;water;353.15;502.8;1;-1.0;4.58e-06;2007 mok coq 0
110-54-3;;7732-18-5;water;298.09;500.0;1;-1.0;2.08e-06;2009 per awa 0
110-54-3;;7732-18-5;water;313.15;503.0;1;-1.0;3.22e-06;2009 per awa 0
110-54-3;;7732-18-5;water;333.15;501.0;1;-1.0;3.08e-06;2009 per awa 0
110-54-3;;7732-18-5;water;353.15;503.0;1;-1.0;4.58e-06;2009 per awa 0
142-82-5;;7732-18-5;water;310.928;-1.0;1;0.99886;-1.0;1995 ng che 0
142-82-5;;7732-18-5;water;394.261;-1.0;1;0.99259;-1.0;1995 ng che 0
142-82-5;;7732-18-5;water;283.09403;101.33;1;0.999571183962;-1.0;1948 bla jor 0
142-82-5;;7732-18-5;water;293.138;101.33;1;0.999243572616;-1.0;1948 bla jor 0
142-82-5;;7732-18-5;water;293.138;101.33;1;0.999299491057;-1.0;1948 bla jor 0
142-82-5;;7732-18-5;water;298.136;101.33;1;0.999160705008;-1.0;1948 bla jor 0
142-82-5;;7732-18-5;water;298.136;101.325;1;0.99916;9e-06;1952 don bar 0
142-82-5;;7732-18-5;water;298.136;101.0;1;0.99949;-1.0;1963 sch & 2
142-82-5;;7732-18-5;water;273.15;101.32;1;0.999849836149;-1.0;1965 eng pla 0
142-82-5;;7732-18-5;water;283.144;101.32;1;0.999699709285;-1.0;1965 eng pla 0
142-82-5;;7732-18-5;water;293.138;101.32;1;0.99946625209;-1.0;1965 eng pla 0
142-82-5;;7732-18-5;water;303.134;101.32;1;0.999044032984;-1.0;1965 eng pla 0
142-82-5;;7732-18-5;water;313.13;101.32;1;0.998289212754;-1.0;1965 eng pla 0
142-82-5;;7732-18-5;water;323.127;101.32;1;0.997335925669;-1.0;1965 eng pla 0
142-82-5;;7732-18-5;water;296.1368;101.325;1;0.999227;-1.0;1965 zel efr 0
142-82-5;;7732-18-5;water;303.143055;101.0;1;0.999710828525;-1.0;1970 ben nau 1
142-82-5;;7732-18-5;water;303.143055;101.0;1;0.99953294502;-1.0;1970 ben nau 1
142-82-5;;7732-18-5;water;295.64487;101.325;1;0.999681;-1.0;1970 gha mar 0
142-82-5;;7732-18-5;water;273.100015873;101.0;1;0.999855397114;7.89243398734e-07;1973 pol lu 0
142-82-5;;7732-18-5;water;298.14437;101.0;1;0.999544061218;6.0586515456e-07;1973 pol lu 0
142-82-5;;7732-18-5;water;293.14537;101.325;1;0.9995;-1.0;1976 bud les 0
142-82-5;;7732-18-5;water;313.140055;101.325;1;0.9993;-1.0;1976 bud les 0
142-82-5;;7732-18-5;water;298.14437;101.325;1;0.99933;-1.0;1979 bit ged 0
142-82-5;;7732-18-5;water;313.140055;101.325;1;0.99913;-1.0;1979 bit ged 0
142-82-5;;7732-18-5;water;293.15;101.0;1;0.99917;-1.0;1995 abr & 0
142-82-5;;7732-18-5;water;298.15;101.0;1;0.9993;-1.0;2005 che don 1
142-82-5;;7732-18-5;water;298.15;101.0;1;0.9993;-1.0;2005 che don 2 jre-1
142-82-5;;7732-18-5;water;275.5;101.325;1;0.99969;1.5e-06;2005 sus lee 0
142-82-5;;7732-18-5;water;283.15;101.325;1;0.999534;3e-07;2005 sus lee 0
142-82-5;;7732-18-5;water;298.15;101.325;1;0.999438;2e-07;2005 sus lee 0
142-82-5;;7732-18-5;water;288.15;101.0;1;0.99971;-1.0;2006 fre gom 0
142-82-5;;7732-18-5;water;293.15;101.0;1;0.999616;-1.0;2006 fre gom 0
142-82-5;;7732-18-5;water;298.15;101.0;1;0.999504;-1.0;2006 fre gom 0
142-82-5;;7732-18-5;water;303.15;101.0;1;0.99938;-1.0;2006 fre gom 0
142-82-5;;7732-18-5;water;308.15;101.0;1;0.99922;-1.0;2006 fre gom 0
142-82-5;;7732-18-5;water;313.15;101.0;1;0.99907;-1.0;2006 fre gom 0
142-82-5;;7732-18-5;water;318.15;101.0;1;0.99885;-1.0;2006 fre gom 0
142-82-5;;7732-18-5;water;303.2;100.0;1;0.999444022735;-1.0;2018 won koo 0 jre-1
142-82-5;;7732-18-5;water;282.18;101.0;1;0.99979;-1.0;2020 mor bar 0
142-82-5;;7732-18-5;water;283.18;101.0;1;0.99977;-1.0;2020 mor bar 0
142-82-5;;7732-18-5;water;288.16;101.0;1;0.99971;-1.0;2020 mor bar 0
142-82-5;;7732-18-5;water;291.4;101.0;1;0.99967;-1.0;2020 mor bar 0
142-82-5;;7732-18-5;water;293.16;101.0;1;0.99963;-1.0;2020 mor bar 0
142-82-5;;7732-18-5;water;294.33;101.0;1;0.99961;-1.0;2020 mor bar 0
142-82-5;;7732-18-5;water;296.06;101.0;1;0.99955;-1.0;2020 mor bar 0
142-82-5;;7732-18-5;water;298.15;101.0;1;0.99954;-1.0;2020 mor bar 0
142-82-5;;7732-18-5;water;300.85;101.0;1;0.99946;-1.0;2020 mor bar 0
142-82-5;;7732-18-5;water;303.15;101.0;1;0.99943;-1.0;2020 mor bar 0
142-82-5;;7732-18-5;water;305.8;101.0;1;0.99934;-1.0;2020 mor bar 0
142-82-5;;7732-18-5;water;308.1;101.0;1;0.99929;-1.0;2020 mor bar 0
142-82-5;;7732-18-5;water;310.69;101.0;1;0.99917;-1.0;2020 mor bar 0
142-82-5;;7732-18-5;water;313.14;101.0;1;0.99916;-1.0;2020 mor bar 0
142-82-5;;7732-18-5;water;314.5;101.0;1;0.99904;-1.0;2020 mor bar 0
142-82-5;;7732-18-5;water;317.74;101.0;1;0.99897;-1.0;2020 mor bar 0
142-82-5;;7732-18-5;water;298.136;101.0;1;-1.0;5.26759365257e-07;1963 mca & 0
142-82-5;;7732-18-5;water;298.136;101.0;1;-1.0;5.26759365257e-07;1966 mca & 0
142-82-5;;7732-18-5;water;277.449372263;101.325;1;-1.0;3.51e-07;1968 nel del 0
142-82-5;;7732-18-5;water;286.647005;101.325;1;-1.0;3.63e-07;1968 nel del 0
142-82-5;;7732-18-5;water;298.14437;101.325;1;-1.0;3.78e-07;1968 nel del 0
142-82-5;;7732-18-5;water;308.141555;101.325;1;-1.0;4.07e-07;1968 nel del 0
142-82-5;;7732-18-5;water;318.138555;101.325;1;-1.0;4.32e-07;1968 nel del 0
142-82-5;;7732-18-5;water;298.14437;101.325;1;-1.0;5e-07;1973 kra gub 0
142-82-5;;7732-18-5;water;298.14437;101.325;1;-1.0;4.02711183488e-07;1976 pri & 0
142-82-5;;7732-18-5;water;313.240025;101.325;1;-1.0;4.72826228292e-07;1976 pri & 0
142-82-5;;7732-18-5;water;328.835345;101.325;1;-1.0;5.5912172963e-07;1976 pri & 0
142-82-5;;7732-18-5;water;372.22455;101.325;1;-1.0;1.00678073335e-06;1976 pri & 0
142-82-5;;7732-18-5;water;391.12077;101.325;1;-1.0;2.04952767165e-06;1976 pri & 0
142-82-5;;7732-18-5;water;409.71705;101.325;1;-1.0;4.90814343424e-06;1976 pri & 0
142-82-5;;7732-18-5;water;423.51429;101.325;1;-1.0;7.85673089211e-06;1976 pri & 0
142-82-5;;7732-18-5;water;298.14437;101.325;1;-1.0;5.29108620932e-07;1978 ryt hus 0
142-82-5;;7732-18-5;water;298.19436;101.325;1;-1.0;5.2e-07;1979 rud lut 1
142-82-5;;7732-18-5;water;288.146555;101.325;1;-1.0;4.8e-07;1982 jon vej 0
142-82-5;;7732-18-5;water;293.14537;101.325;1;-1.0;4.62e-07;1982 jon vej 0
142-82-5;;7732-18-5;water;298.14437;101.325;1;-1.0;4.51e-07;1982 jon vej 0
142-82-5;;7732-18-5;water;303.143055;101.325;1;-1.0;4.47e-07;1982 jon vej 0
142-82-5;;7732-18-5;water;308.141555;101.325;1;-1.0;4.53e-07;1982 jon vej 0
142-82-5;;7732-18-5;water;298.14437;101.3;1;-1.0;6.45083799792e-07;1982 tew mil 0
142-82-5;;7732-18-5;water;298.14437;101.325;1;-1.0;5.51121777571e-07;1985 mil was 0
142-82-5;;7732-18-5;water;305.85;700.0;1;-1.0;4.74e-07;2003 mar fer 0
142-82-5;;7732-18-5;water;343.55;700.0;1;-1.0;9.15e-07;2003 mar fer 0
142-82-5;;7732-18-5;water;373.85;700.0;1;-1.0;2.04e-06;2003 mar fer 0
142-82-5;;7732-18-5;water;373.85;700.0;1;-1.0;2.12e-06;2003 mar fer 0
142-82-5;;7732-18-5;water;404.15;700.0;1;-1.0;4e-06;2003 mar fer 0
142-82-5;;7732-18-5;water;424.45;700.0;1;-1.0;8.8e-06;2003 mar fer 0
142-82-5;;7732-18-5;water;443.65;700.0;1;-1.0;1.763e-05;2003 mar fer 0
142-82-5;;7732-18-5;water;443.75;700.0;1;-1.0;1.742e-05;2003 mar fer 0
111-65-9;;7732-18-5;water;310.89073;-1.0;1;0.999;-1.0;1985 hei tso 0
111-65-9;;7732-18-5;water;366.4757;-1.0;1;0.9938;-1.0;1985 hei tso 0
111-65-9;;7732-18-5;water;421.9646;-1.0;1;0.9606;-1.0;1985 hei tso 0
111-65-9;;7732-18-5;water;477.56;-1.0;1;0.874;-1.0;1985 hei tso 0
111-65-9;;7732-18-5;water;533.06031;-1.0;1;0.613;-1.0;1985 hei tso 0
111-65-9;;7732-18-5;water;539.06091;-1.0;1;0.473;-1.0;1985 hei tso 0
111-65-9;;7732-18-5;water;310.89073;-1.0;1;-1.0;1.2e-07;1985 hei tso 0
111-65-9;;7732-18-5;water;366.4757;-1.0;1;-1.0;4.8e-07;1985 hei tso 0
111-65-9;;7732-18-5;water;421.9646;-1.0;1;-1.0;3.8e-06;1985 hei tso 0
111-65-9;;7732-18-5;water;479.46;-1.0;1;-1.0;4e-05;1985 hei tso 0
111-65-9;;7732-18-5;water;536.06061;-1.0;1;-1.0;0.00035;1985 hei tso 0
111-65-9;;7732-18-5;water;293.138;101.33;1;0.999100809272;-1.0;1948 bla jor 0
111-65-9;;7732-18-5;water;298.136;101.325;1;0.9991;3e-06;1952 don bar 0
111-65-9;;7732-18-5;water;283.144;101.32;1;0.999676700219;-1.0;1965 eng pla 0
111-65-9;;7732-18-5;water;293.138;101.32;1;0.999397916371;-1.0;1965 eng pla 0
111-65-9;;7732-18-5;water;303.134;101.32;1;0.998935677391;-1.0;1965 eng pla 0
111-65-9;;7732-18-5;water;273.100015873;101.0;1;0.999854176337;2.12902493649e-07;1973 pol lu 0
111-65-9;;7732-18-5;water;298.14437;101.0;1;0.999499277162;1.34049661769e-07;1973 pol lu 0
111-65-9;;7732-18-5;water;293.14537;101.325;1;0.99957;2e-07;1976 bud les 0
111-65-9;;7732-18-5;water;293.14537;101.325;1;0.99957;2e-07;1976 bud les 10
111-65-9;;7732-18-5;water;293.15;101.0;1;0.99911;-1.0;1995 abr & 0
111-65-9;;7732-18-5;water;278.15;101.3;1;0.999760994758;2.08802144754e-07;1998 tu fei 0
111-65-9;;7732-18-5;water;283.15;101.3;1;0.999676700219;1.7111048448e-07;1998 tu fei 0
111-65-9;;7732-18-5;water;288.15;101.3;1;0.999529688776;1.33734250575e-07;1998 tu fei 0
111-65-9;;7732-18-5;water;293.15;101.3;1;0.999341541925;1.17175164374e-07;1998 tu fei 0
111-65-9;;7732-18-5;water;298.15;101.3;1;0.999117363996;1.15755814264e-07;1998 tu fei 0
111-65-9;;7732-18-5;water;308.15;101.3;1;0.998575001363;1.86565640414e-07;1998 tu fei 0
111-65-9;;7732-18-5;water;318.15;101.3;1;0.99770648326;3.01060038327e-07;1998 tu fei 0
111-65-9;;7732-18-5;water;323.15;101.3;1;0.997037316323;3.9568361336e-07;1998 tu fei 0
111-65-9;;7732-18-5;water;328.15;101.3;1;0.996395374628;5.01031306078e-07;1998 tu fei 0
111-65-9;;7732-18-5;water;333.15;101.3;1;0.995575358617;6.54952698999e-07;1998 tu fei 0
111-65-9;;7732-18-5;water;338.15;101.3;1;0.99486521942;8.27641448236e-07;1998 tu fei 0
111-65-9;;7732-18-5;water;343.15;101.3;1;0.994152165236;9.96860960839e-07;1998 tu fei 0
111-65-9;;7732-18-5;water;348.15;101.3;1;0.99358610452;1.18642502786e-06;1998 tu fei 0
111-65-9;;7732-18-5;water;333.15;101.0;1;0.998;-1.0;2006 gre kla 1
111-65-9;;7732-18-5;water;298.15;101.0;1;0.999;-1.0;2006 gre kla 1
111-65-9;;7732-18-5;water;298.15;100.0;1;0.9992;-1.0;2015 zho che 0
111-65-9;;7732-18-5;water;298.15;100.0;1;0.9995;-1.0;2017 che fen 0
111-65-9;;7732-18-5;water;298.136;101.0;1;-1.0;1.04085534372e-07;1963 mca & 0
111-65-9;;7732-18-5;water;298.136;101.0;1;-1.0;1.04085534372e-07;1966 mca & 0
111-65-9;;7732-18-5;water;278.149270073;101.325;1;-1.0;2.6e-07;1968 nel del 0
111-65-9;;7732-18-5;water;288.146555;101.325;1;-1.0;1.4e-07;1968 nel del 0
111-65-9;;7732-18-5;water;318.138555;101.325;1;-1.0;2.9e-07;1968 nel del 0
111-65-9;;7732-18-5;water;298.14437;101.325;1;-1.0;1e-07;1973 kra gub 0
111-65-9;;7732-18-5;water;298.14437;101.325;1;-1.0;6.79710398026e-08;1976 pri & 0
111-65-9;;7732-18-5;water;313.240025;101.325;1;-1.0;8.2637651152e-08;1976 pri & 0
111-65-9;;7732-18-5;water;342.832145;101.325;1;-1.0;1.43038881249e-07;1976 pri & 0
111-65-9;;7732-18-5;water;372.22455;101.325;1;-1.0;1.76630182735e-07;1976 pri & 0
111-65-9;;7732-18-5;water;394.42011;101.325;1;-1.0;7.28601651725e-07;1976 pri & 0
111-65-9;;7732-18-5;water;409.71705;101.325;1;-1.0;1.34365940796e-06;1976 pri & 0
111-65-9;;7732-18-5;water;422.61447;101.325;1;-1.0;1.86094188003e-06;1976 pri & 0
111-65-9;;7732-18-5;water;298.14437;101.325;1;-1.0;1.0405862083e-07;1978 ryt hus 0
111-65-9;;7732-18-5;water;288.146555;101.325;1;-1.0;1.03e-07;1982 jon vej 0
111-65-9;;7732-18-5;water;293.14537;101.325;1;-1.0;9.9e-08;1982 jon vej 0
111-65-9;;7732-18-5;water;298.14437;101.325;1;-1.0;9.7e-08;1982 jon vej 0
111-65-9;;7732-18-5;water;303.143055;101.325;1;-1.0;9.6e-08;1982 jon vej 0
111-65-9;;7732-18-5;water;308.141555;101.325;1;-1.0;9.8e-08;1982 jon vej 0
111-65-9;;7732-18-5;water;298.14437;101.3;1;-1.0;1.74551736014e-07;1982 tew mil 0
111-65-9;;7732-18-5;water;298.14437;101.325;1;-1.0;1.07875102785e-07;1985 mil was 0
111-65-9;;7732-18-5;water;303.05;700.0;1;-1.0;1.22e-07;2003 mar fer 0
111-65-9;;7732-18-5;water;303.45;700.0;1;-1.0;1.2e-07;2003 mar fer 0
111-65-9;;7732-18-5;water;342.35;700.0;1;-1.0;2.39e-07;2003 mar fer 0
111-65-9;;7732-18-5;water;343.15;700.0;1;-1.0;3.52e-07;2003 mar fer 0
111-65-9;;7732-18-5;water;373.05;700.0;1;-1.0;4.8e-07;2003 mar fer 0
111-65-9;;7732-18-5;water;374.25;700.0;1;-1.0;5.38e-07;2003 mar fer 0
111-65-9;;7732-18-5;water;397.15;700.0;1;-1.0;1.23e-06;2003 mar fer 0
111-65-9;;7732-18-5;water;397.15;700.0;1;-1.0;1.42e-06;2003 mar fer 0
111-65-9;;7732-18-5;water;404.15;700.0;1;-1.0;1.77e-06;2003 mar fer 0
111-65-9;;7732-18-5;water;404.15;700.0;1;-1.0;1.93e-06;2003 mar fer 0
111-65-9;;7732-18-5;water;424.35;700.0;1;-1.0;3.92e-06;2003 mar fer 0
111-65-9;;7732-18-5;water;438.25;700.0;1;-1.0;6.9e-06;2003 mar fer 0
111-65-9;;7732-18-5;water;438.55;700.0;1;-1.0;6.82e-06;2003 mar fer 0
111-65-9;;7732-18-5;water;456.15;700.0;1;-1.0;1.337e-05;2003 mar fer 0
124-18-5;;7732-18-5;water;374.15;-1.0;1;0.99158;-1.0;1997 eco hei 0
124-18-5;;7732-18-5;water;424.65;-1.0;1;0.9624;-1.0;1997 eco hei 0
124-18-5;;7732-18-5;water;475.15;-1.0;1;0.882;-1.0;1997 eco hei 0
124-18-5;;7732-18-5;water;566.71;-1.0;1;0.294;-1.0;1997 eco hei 0
124-18-5;;7732-18-5;water;374.15;-1.0;1;-1.0;1.2e-07;1997 eco hei 0
124-18-5;;7732-18-5;water;424.65;-1.0;1;-1.0;3.3e-07;1997 eco hei 0
124-18-5;;7732-18-5;water;475.15;-1.0;1;-1.0;1.4e-06;1997 eco hei 0
124-18-5;;7732-18-5;water;298.136;101.0;1;0.99943;-1.0;1963 sch & 2
124-18-5;;7732-18-5;water;313.13;101.0;1;0.99893;-1.0;1963 sch & 2
124-18-5;;7732-18-5;water;423.11437;520.0;1;0.972;-1.0;1976 nam skr 0
124-18-5;;7732-18-5;water;293.14537;101.325;1;0.9977;2.5e-09;1977 bec qui 0
124-18-5;;7732-18-5;water;298.15;101.0;1;0.99946;6.13e-09;1995 hel san 0
124-18-5;;7732-18-5;water;298.15;101.0;1;0.99948;-1.0;1995 hel san 0
124-18-5;;7732-18-5;water;310.928;344.74;1;0.99911;2e-07;1995 ng che 0
124-18-5;;7732-18-5;water;394.261;344.74;1;0.98735;1.9e-06;1995 ng che 0
124-18-5;;7732-18-5;water;298.15;101.3;1;0.9887;-1.0;2010 kim par 0
124-18-5;;7732-18-5;water;296.15;100.0;1;0.999717;1.63e-06;2013 rev hol 0
124-18-5;;7732-18-5;water;298.136;101.325;1;-1.0;2e-09;1958 bak & 0
124-18-5;;7732-18-5;water;298.18598;101.325;1;-1.0;2.02905617754e-09;1959 bak & 0
124-18-5;;7732-18-5;water;298.136;101.325;1;-1.0;2.5e-09;1966 fra & 0
124-18-5;;7732-18-5;water;298.14437;101.325;1;-1.0;6.58378225929e-09;1969 mca & 0
124-18-5;;7732-18-5;water;298.14437;101.325;1;-1.0;1.1e-09;1973 kra gub 0
7732-18-5;water;78-92-2;;381.57268;-1.0;1;-1.0;0.931638485;1983 boz lam 0
7732-18-5;water;78-92-2;;383.07238;-1.0;1;-1.0;0.917406688;1983 boz lam 0
7732-18-5;water;78-92-2;;383.87222;-1.0;1;-1.0;0.899429701;1983 boz lam 0
7732-18-5;water;78-92-2;;383.4723;-1.0;1;-1.0;0.879593191;1983 boz lam 0
7732-18-5;water;78-92-2;;382.87242;-1.0;1;0.852889071;-1.0;1983 boz lam 0
7732-18-5;water;78-92-2;;381.9726;-1.0;1;0.832673163;-1.0;1983 boz lam 0
7732-18-5;water;78-92-2;;374.57408;-1.0;1;0.782572631;-1.0;1983 boz lam 0
7732-18-5;water;78-92-2;;368.27534;200.0;1;0.728893376;-1.0;1983 boz lam 0
7732-18-5;water;78-92-2;;275.0;101.0;1;0.74;0.92;JRE smoothed
7732-18-5;water;78-92-2;;295.0;101.0;1;0.695;0.945;JRE smoothed
7732-18-5;water;78-92-2;;315.0;101.0;1;0.668;0.96;JRE smoothed
7732-18-5;water;78-92-2;;335.0;101.0;1;0.671;0.962;JRE smoothed
7732-18-5;water;78-92-2;;355.0;101.0;1;0.696;0.962;JRE smoothed
7732-18-5;water;78-92-2;;375.0;101.0;1;0.755;0.95;JRE smoothed
7732-18-5;water;78-92-2;;385.0;101.0;1;0.822;0.92;JRE smoothed
7732-18-5;water;78-92-2;;274.149854;100.0;1;0.718632225;-1.0;1983 boz lam 0
7732-18-5;water;78-92-2;;265.15197;100.0;1;0.690885342;-1.0;1983 boz lam 0
7732-18-5;water;78-92-2;;266.15177;100.0;1;0.697371875;-1.0;1983 boz lam 0
7732-18-5;water;78-92-2;;267.15157;100.0;1;0.706410071;-1.0;1983 boz lam 0
7732-18-5;water;78-92-2;;268.15137;100.0;1;0.709952427;-1.0;1983 boz lam 0
7732-18-5;water;78-92-2;;269.15117;100.0;1;0.712582515;-1.0;1983 boz lam 0
7732-18-5;water;78-92-2;;270.1509524;100.0;1;0.715190062;-1.0;1983 boz lam 0
7732-18-5;water;78-92-2;;271.1506349;100.0;1;0.722880317;-1.0;1983 boz lam 0
7732-18-5;water;78-92-2;;272.1503175;100.0;1;0.722035498;-1.0;1983 boz lam 0
7732-18-5;water;78-92-2;;273.15;100.0;1;0.716916046;-1.0;1983 boz lam 0
7732-18-5;water;78-92-2;;275.149708;100.0;1;0.720338681;-1.0;1983 boz lam 0
7732-18-5;water;78-92-2;;276.149562;100.0;1;0.716916046;-1.0;1983 boz lam 0
7732-18-5;water;78-92-2;;278.1492701;100.0;1;0.720338681;-1.0;1983 boz lam 0
7732-18-5;water;78-92-2;;283.148055;100.0;1;0.716054285;-1.0;1983 boz lam 0
7732-18-5;water;78-92-2;;288.146555;100.0;1;0.712582515;-1.0;1983 boz lam 0
7732-18-5;water;78-92-2;;293.14537;100.0;1;0.695532246;-1.0;1983 boz lam 0
7732-18-5;water;78-92-2;;298.14437;100.0;1;0.676520952;-1.0;1983 boz lam 0
7732-18-5;water;78-92-2;;303.143055;100.0;1;0.672579177;-1.0;1983 boz lam 0
7732-18-5;water;78-92-2;;313.140055;100.0;1;0.659428695;-1.0;1983 boz lam 0
7732-18-5;water;78-92-2;;323.137055;100.0;1;0.658394994;-1.0;1983 boz lam 0
7732-18-5;water;78-92-2;;333.13437;100.0;1;0.662510539;-1.0;1983 boz lam 0
7732-18-5;water;78-92-2;;343.132055;100.0;1;0.677498919;-1.0;1983 boz lam 0
7732-18-5;water;78-92-2;;348.130555;100.0;1;0.675540007;-1.0;1983 boz lam 0
7732-18-5;water;78-92-2;;353.129055;100.0;1;0.695532246;-1.0;1983 boz lam 0
7732-18-5;water;78-92-2;;358.127555;100.0;1;0.699200716;-1.0;1983 boz lam 0
7732-18-5;water;78-92-2;;363.12637;100.0;1;0.709952427;-1.0;1983 boz lam 0
7732-18-5;water;78-92-2;;372.12457;100.0;1;0.751018379;-1.0;1983 boz lam 0
7732-18-5;water;78-92-2;;323.137055;100.0;1;-1.0;0.961331656;1983 boz lam 0
7732-18-5;water;78-92-2;;333.13437;100.0;1;-1.0;0.963454805;1983 boz lam 0
7732-18-5;water;78-92-2;;343.132055;100.0;1;-1.0;0.963153033;1983 boz lam 0
7732-18-5;water;78-92-2;;348.130555;100.0;1;-1.0;0.96254796;1983 boz lam 0
7732-18-5;water;78-92-2;;353.129055;100.0;1;-1.0;0.962244656;1983 boz lam 0
7732-18-5;water;78-92-2;;358.127555;100.0;1;-1.0;0.961636505;1983 boz lam 0
7732-18-5;water;78-92-2;;363.12637;100.0;1;-1.0;0.955439664;1983 boz lam 0
7732-18-5;water;78-92-2;;372.12457;100.0;1;-1.0;0.95226042;1983 boz lam 0
7732-18-5;water;78-92-2;;274.149854;100.0;1;-1.0;0.91905186;1983 boz lam 0
7732-18-5;water;78-92-2;;265.15197;100.0;1;-1.0;0.917137595;1983 boz lam 0
7732-18-5;water;78-92-2;;266.15177;100.0;1;-1.0;0.917137595;1983 boz lam 0
7732-18-5;water;78-92-2;;267.15157;100.0;1;-1.0;0.91905186;1983 boz lam 0
7732-18-5;water;78-92-2;;268.15137;100.0;1;-1.0;0.919432538;1983 boz lam 0
7732-18-5;water;78-92-2;;269.15117;100.0;1;-1.0;0.91905186;1983 boz lam 0
7732-18-5;water;78-92-2;;270.1509524;100.0;1;-1.0;0.920191735;1983 boz lam 0
7732-18-5;water;78-92-2;;271.1506349;100.0;1;-1.0;0.917905484;1983 boz lam 0
7732-18-5;water;78-92-2;;272.1503175;100.0;1;-1.0;0.918288335;1983 boz lam 0
7732-18-5;water;78-92-2;;273.15;100.0;1;-1.0;0.919812496;1983 boz lam 0
7732-18-5;water;78-92-2;;275.149708;100.0;1;-1.0;0.922826472;1983 boz lam 0
7732-18-5;water;78-92-2;;276.149562;100.0;1;-1.0;0.923945073;1983 boz lam 0
7732-18-5;water;78-92-2;;278.1492701;100.0;1;-1.0;0.925426803;1983 boz lam 0
7732-18-5;water;78-92-2;;283.148055;100.0;1;-1.0;0.931602726;1983 boz lam 0
7732-18-5;water;78-92-2;;288.146555;100.0;1;-1.0;0.933027966;1983 boz lam 0
7732-18-5;water;78-92-2;;293.14537;100.0;1;-1.0;0.941704676;1983 boz lam 0
7732-18-5;water;78-92-2;;298.14437;100.0;1;-1.0;0.94705701;1983 boz lam 0
7732-18-5;water;78-92-2;;303.143055;100.0;1;-1.0;0.95226042;1983 boz lam 0
7732-18-5;water;78-92-2;;313.140055;100.0;1;-1.0;0.95825448;1983 boz lam 0
7732-18-5;water;78-92-2;;391.38;-1.0;1;-1.0;0.900308066;1990 aiz cha 0
7732-18-5;water;78-92-2;;390.52;-1.0;1;-1.0;0.910092663;1990 aiz cha 0
7732-18-5;water;78-92-2;;390.24;-1.0;1;0.849505747;-1.0;1990 aiz cha 0
7732-18-5;water;78-92-2;;390.19;-1.0;1;0.836744232;-1.0;1990 aiz cha 0
7732-18-5;water;78-92-2;;389.64;-1.0;1;0.823214381;-1.0;1990 aiz cha 0
7732-18-5;water;78-92-2;;388.98;-1.0;1;-1.0;0.924502021;1990 aiz cha 0
7732-18-5;water;78-92-2;;385.29;-1.0;1;0.787383265;-1.0;1990 aiz cha 0
7732-18-5;water;78-92-2;;382.54;-1.0;1;-1.0;0.946098134;1990 aiz cha 0
7732-18-5;water;78-92-2;;382.32;-1.0;1;0.769477268;-1.0;1990 aiz cha 0
7732-18-5;water;78-92-2;;375.6;-1.0;1;-1.0;0.954111082;1990 aiz cha 0
7732-18-5;water;78-92-2;;371.69;-1.0;1;0.737127468;-1.0;1990 aiz cha 0
7732-18-5;water;78-92-2;;367.67;-1.0;1;0.725985534;-1.0;1990 aiz cha 0
7732-18-5;water;78-92-2;;367.27;-1.0;1;0.72514947;-1.0;1990 aiz cha 0
7732-18-5;water;78-92-2;;365.97;-1.0;1;0.720423751;-1.0;1990 aiz cha 0
7732-18-5;water;78-92-2;;365.84;-1.0;1;0.720338681;-1.0;1990 aiz cha 0
7732-18-5;water;78-92-2;;362.78;-1.0;1;0.713541218;-1.0;1990 aiz cha 0
7732-18-5;water;78-92-2;;362.76;-1.0;1;0.711708338;-1.0;1990 aiz cha 0
7732-18-5;water;78-92-2;;362.48;-1.0;1;0.710040463;-1.0;1990 aiz cha 0
7732-18-5;water;78-92-2;;356.16;-1.0;1;-1.0;0.963906509;1990 aiz cha 0
7732-18-5;water;78-92-2;;353.59;-1.0;1;0.689289628;-1.0;1990 aiz cha 0
7732-18-5;water;78-92-2;;342.08;-1.0;1;0.673766762;-1.0;1990 aiz cha 0
7732-18-5;water;78-92-2;;320.88;-1.0;1;-1.0;0.963906509;1990 aiz cha 0
7732-18-5;water;78-92-2;;308.05;-1.0;1;0.673766762;-1.0;1990 aiz cha 0
7732-18-5;water;78-92-2;;300.79;-1.0;1;-1.0;0.954111082;1990 aiz cha 0
7732-18-5;water;78-92-2;;298.18;-1.0;1;0.689289628;-1.0;1990 aiz cha 0
7732-18-5;water;78-92-2;;291.74;-1.0;1;-1.0;0.945101006;1990 aiz cha 0
7732-18-5;water;78-92-2;;289.81;-1.0;1;0.707477083;-1.0;1990 aiz cha 0
7732-18-5;water;78-92-2;;288.87;-1.0;1;0.710040463;-1.0;1990 aiz cha 0
7732-18-5;water;78-92-2;;288.83;-1.0;1;0.711708338;-1.0;1990 aiz cha 0
7732-18-5;water;78-92-2;;288.15;-1.0;1;0.713367133;-1.0;1990 aiz cha 0
7732-18-5;water;78-92-2;;287.86;-1.0;1;0.713541218;-1.0;1990 aiz cha 0
7732-18-5;water;78-92-2;;285.26;-1.0;1;0.720423751;-1.0;1990 aiz cha 0
7732-18-5;water;78-92-2;;282.73;-1.0;1;0.72514947;-1.0;1990 aiz cha 0
7732-18-5;water;78-92-2;;282.56;-1.0;1;-1.0;0.93409007;1990 aiz cha 0
7732-18-5;water;78-92-2;;282.36;-1.0;1;0.725985534;-1.0;1990 aiz cha 0
7732-18-5;water;78-92-2;;277.77;-1.0;1;-1.0;0.928793177;1990 aiz cha 0
7732-18-5;water;78-92-2;;276.46;-1.0;1;-1.0;0.927409687;1990 aiz cha 0
7732-18-5;water;78-92-2;;276.18;-1.0;1;-1.0;0.926310545;1990 aiz cha 0
7732-18-5;water;78-92-2;;273.99;-1.0;1;-1.0;0.922789077;1990 aiz cha 0
7732-18-5;water;78-92-2;;270.75;-1.0;1;0.725985534;-1.0;1990 aiz cha 0
7732-18-5;water;78-92-2;;270.25;-1.0;1;0.72514947;-1.0;1990 aiz cha 0
7732-18-5;water;78-92-2;;269.25;-1.0;1;0.720423751;-1.0;1990 aiz cha 0
7732-18-5;water;78-92-2;;264.85;-1.0;1;-1.0;0.922789077;1990 aiz cha 0
7732-18-5;water;78-92-2;;360.47;-1.0;1;-1.0;0.959;2001 iwa kos 0
7732-18-5;water;78-92-2;;323.16;-1.0;1;-1.0;0.9635;2021 khu yan 0
7732-18-5;water;78-92-2;;333.14;-1.0;1;-1.0;0.9632;2021 khu yan 0
7732-18-5;water;78-92-2;;343.24;-1.0;1;-1.0;0.9629;2021 khu yan 0
7732-18-5;water;78-92-2;;353.14;-1.0;1;-1.0;0.9619;2021 khu yan 0
7732-18-5;water;78-92-2;;363.18;-1.0;1;-1.0;0.9609;2021 khu yan 0
7732-18-5;water;78-92-2;;373.16;-1.0;1;-1.0;0.9593;2021 khu yan 0
7732-18-5;water;78-92-2;;323.16;-1.0;1;0.664;-1.0;2021 khu yan 0
7732-18-5;water;78-92-2;;333.14;-1.0;1;0.669;-1.0;2021 khu yan 0
7732-18-5;water;78-92-2;;343.24;-1.0;1;0.682;-1.0;2021 khu yan 0
7732-18-5;water;78-92-2;;353.14;-1.0;1;0.696;-1.0;2021 khu yan 0
7732-18-5;water;78-92-2;;363.18;-1.0;1;0.717;-1.0;2021 khu yan 0
7732-18-5;water;78-92-2;;373.16;-1.0;1;0.748;-1.0;2021 khu yan 0
7732-18-5;water;78-92-2;;345.073805;101.325;1;-1.0;0.9593;1907 tim & 1
7732-18-5;water;78-92-2;;379.47527;101.325;1;-1.0;0.9219;1907 tim & 1
7732-18-5;water;78-92-2;;386.776365;101.325;1;-1.0;0.8856;1907 tim & 1
7732-18-5;water;78-92-2;;370.473735;101.325;1;0.7778;-1.0;1907 tim & 1
7732-18-5;water;78-92-2;;380.57549;101.325;1;0.8284;-1.0;1907 tim & 1
7732-18-5;water;78-92-2;;285.09283;101.325;1;-1.0;0.9219;1907 tim & 1
7732-18-5;water;78-92-2;;329.075215;101.325;1;-1.0;0.9593;1907 tim & 1
7732-18-5;water;78-92-2;;249.76872;101.325;1;-1.0;0.9418;1908 dol & 1
7732-18-5;water;78-92-2;;252.1668;101.325;1;-1.0;0.933;1908 dol & 1
7732-18-5;water;78-92-2;;255.96376;101.325;1;-1.0;0.923;1908 dol & 1
7732-18-5;water;78-92-2;;258.26192;101.325;1;-1.0;0.9291;1908 dol & 1
7732-18-5;water;78-92-2;;264.35704;101.325;1;-1.0;0.9171;1908 dol & 1
7732-18-5;water;78-92-2;;264.75672;101.325;1;-1.0;0.9214;1908 dol & 1
7732-18-5;water;78-92-2;;267.75432;101.325;1;-1.0;0.9148;1908 dol & 1
7732-18-5;water;78-92-2;;268.85344;101.325;1;-1.0;0.92;1908 dol & 1
7732-18-5;water;78-92-2;;270.55208;101.325;1;-1.0;0.92;1908 dol & 1
7732-18-5;water;78-92-2;;274.169388;101.325;1;-1.0;0.9214;1908 dol & 1
7732-18-5;water;78-92-2;;274.34928;101.325;1;-1.0;0.9291;1908 dol & 1
7732-18-5;water;78-92-2;;275.44862;101.325;1;-1.0;0.9148;1908 dol & 1
7732-18-5;water;78-92-2;;277.84718;101.325;1;-1.0;0.9171;1908 dol & 1
7732-18-5;water;78-92-2;;279.34628;101.325;1;-1.0;0.933;1908 dol & 1
7732-18-5;water;78-92-2;;281.215158;101.325;1;-1.0;0.9288;1908 dol & 1
7732-18-5;water;78-92-2;;282.1446;101.325;1;-1.0;0.923;1908 dol & 1
7732-18-5;water;78-92-2;;287.54136;101.325;1;-1.0;0.9418;1908 dol & 1
7732-18-5;water;78-92-2;;288.111018;101.325;1;-1.0;0.9377;1908 dol & 1
7732-18-5;water;78-92-2;;288.141;101.325;1;-1.0;0.9327;1908 dol & 1
7732-18-5;water;78-92-2;;291.1392;101.325;1;-1.0;0.946;1908 dol & 1
7732-18-5;water;78-92-2;;292.93812;101.325;1;-1.0;0.9397;1908 dol & 1
7732-18-5;water;78-92-2;;293.43788;101.325;1;-1.0;0.944;1908 dol & 1
7732-18-5;water;78-92-2;;295.03724;101.325;1;-1.0;0.9366;1908 dol & 1
7732-18-5;water;78-92-2;;301.604612;101.325;1;-1.0;0.9518;1908 dol & 1
7732-18-5;water;78-92-2;;302.53424;101.325;1;-1.0;0.9497;1908 dol & 1
7732-18-5;water;78-92-2;;303.03404;101.325;1;-1.0;0.9468;1908 dol & 1
7732-18-5;water;78-92-2;;305.633;101.325;1;-1.0;0.9488;1908 dol & 1
7732-18-5;water;78-92-2;;306.23276;101.325;1;-1.0;0.9579;1908 dol & 1
7732-18-5;water;78-92-2;;310.631;101.325;1;-1.0;0.9552;1908 dol & 1
7732-18-5;water;78-92-2;;314.42961;101.325;1;-1.0;0.9574;1908 dol & 1
7732-18-5;water;78-92-2;;318.02853;101.325;1;-1.0;0.9631;1908 dol & 1
7732-18-5;water;78-92-2;;319.42811;101.325;1;-1.0;0.9573;1908 dol & 1
7732-18-5;water;78-92-2;;326.62595;101.325;1;-1.0;0.9594;1908 dol & 1
7732-18-5;water;78-92-2;;331.1246;101.325;1;-1.0;0.9601;1908 dol & 1
7732-18-5;water;78-92-2;;346.1237;101.325;1;-1.0;0.9601;1908 dol & 1
7732-18-5;water;78-92-2;;350.72324;101.325;1;-1.0;0.9594;1908 dol & 1
7732-18-5;water;78-92-2;;356.923;101.325;1;-1.0;0.9573;1908 dol & 1
7732-18-5;water;78-92-2;;358.623;101.325;1;-1.0;0.9631;1908 dol & 1
7732-18-5;water;78-92-2;;361.223;101.325;1;-1.0;0.9574;1908 dol & 1
7732-18-5;water;78-92-2;;365.02319;101.325;1;-1.0;0.9552;1908 dol & 1
7732-18-5;water;78-92-2;;368.32352;101.325;1;-1.0;0.9488;1908 dol & 1
7732-18-5;water;78-92-2;;368.62355;101.325;1;-1.0;0.9579;1908 dol & 1
7732-18-5;water;78-92-2;;370.02369;101.325;1;-1.0;0.9468;1908 dol & 1
7732-18-5;water;78-92-2;;371.02379;101.325;1;-1.0;0.9497;1908 dol & 1
7732-18-5;water;78-92-2;;372.62395;101.325;1;-1.0;0.9518;1908 dol & 1
7732-18-5;water;78-92-2;;376.1246;101.325;1;-1.0;0.9366;1908 dol & 1
7732-18-5;water;78-92-2;;377.22482;101.325;1;-1.0;0.9397;1908 dol & 1
7732-18-5;water;78-92-2;;378.42506;101.325;1;-1.0;0.944;1908 dol & 1
7732-18-5;water;78-92-2;;379.52528;101.325;1;-1.0;0.946;1908 dol & 1
7732-18-5;water;78-92-2;;379.6253;101.325;1;-1.0;0.9327;1908 dol & 1
7732-18-5;water;78-92-2;;379.92536;101.325;1;-1.0;0.9115;1908 dol & 1
7732-18-5;water;78-92-2;;380.1254;101.325;1;-1.0;0.9066;1908 dol & 1
7732-18-5;water;78-92-2;;381.22562;101.325;1;-1.0;0.9377;1908 dol & 1
7732-18-5;water;78-92-2;;381.32564;101.325;1;-1.0;0.923;1908 dol & 1
7732-18-5;water;78-92-2;;382.1258;101.325;1;-1.0;0.9171;1908 dol & 1
7732-18-5;water;78-92-2;;382.22582;101.325;1;-1.0;0.9418;1908 dol & 1
7732-18-5;water;78-92-2;;382.42586;101.325;1;-1.0;0.9089;1908 dol & 1
7732-18-5;water;78-92-2;;382.52588;101.325;1;-1.0;0.9049;1908 dol & 1
7732-18-5;water;78-92-2;;384.52614;101.325;1;-1.0;0.9288;1908 dol & 1
7732-18-5;water;78-92-2;;385.22621;101.325;1;-1.0;0.933;1908 dol & 1
7732-18-5;water;78-92-2;;385.62625;101.325;1;-1.0;0.9214;1908 dol & 1
7732-18-5;water;78-92-2;;385.82627;101.325;1;-1.0;0.92;1908 dol & 1
7732-18-5;water;78-92-2;;386.02629;101.325;1;-1.0;0.9291;1908 dol & 1
7732-18-5;water;78-92-2;;386.62635;101.325;1;-1.0;0.9244;1908 dol & 1
7732-18-5;water;78-92-2;;387.42643;101.325;1;-1.0;0.9152;1908 dol & 1
7732-18-5;water;78-92-2;;387.92648;101.325;1;-1.0;0.9006;1908 dol & 1
7732-18-5;water;78-92-2;;388.02649;101.325;1;-1.0;0.883;1908 dol & 1
7732-18-5;water;78-92-2;;293.138;101.0;1;-1.0;0.943;1929 jon & 0
7732-18-5;water;78-92-2;;293.138;101.0;1;0.708;-1.0;1929 jon & 0
7732-18-5;water;78-92-2;;293.138;101.0;1;0.699;-1.0;1964 alt bel 0
7732-18-5;water;78-92-2;;313.13;101.0;1;0.67;-1.0;1964 alt bel 0
7732-18-5;water;78-92-2;;333.124;101.0;1;0.674;-1.0;1964 alt bel 0
7732-18-5;water;78-92-2;;353.123;101.0;1;0.678;-1.0;1964 alt bel 0
7732-18-5;water;78-92-2;;293.138;101.0;1;-1.0;0.942;1964 alt bel 0
7732-18-5;water;78-92-2;;313.13;101.0;1;-1.0;0.954;1964 alt bel 0
7732-18-5;water;78-92-2;;333.124;101.0;1;-1.0;0.961;1964 alt bel 0
7732-18-5;water;78-92-2;;353.123;101.0;1;-1.0;0.961;1964 alt bel 0
7732-18-5;water;78-92-2;;293.138;101.0;1;0.705518056;-1.0;1965 mor pop 0
7732-18-5;water;78-92-2;;333.124;101.0;1;0.677498919;-1.0;1965 mor pop 0
7732-18-5;water;78-92-2;;353.123;101.0;1;0.70011112;-1.0;1965 mor pop 0
7732-18-5;water;78-92-2;;358.123;101.0;1;0.716054285;-1.0;1965 mor pop 0
7732-18-5;water;78-92-2;;313.13;101.0;1;0.674556072;-1.0;1965 mor pop 0
7732-18-5;water;78-92-2;;298.136;101.325;1;-1.0;0.9503;1965 rat dod 0
7732-18-5;water;78-92-2;;308.132;101.325;1;-1.0;0.9542;1965 rat dod 0
7732-18-5;water;78-92-2;;293.14537;101.325;1;-1.0;0.944;1972 sha mar 1
7732-18-5;water;78-92-2;;313.140055;101.325;1;-1.0;0.955;1972 sha mar 1
7732-18-5;water;78-92-2;;333.13437;101.325;1;-1.0;0.962;1972 sha mar 1
7732-18-5;water;78-92-2;;293.14537;101.325;1;0.703;-1.0;1972 sha mar 1
7732-18-5;water;78-92-2;;313.140055;101.325;1;0.66;-1.0;1972 sha mar 1
7732-18-5;water;78-92-2;;313.140055;101.325;1;0.679;-1.0;1972 sha mar 1
7732-18-5;water;78-92-2;;333.13437;101.325;1;0.666;-1.0;1972 sha mar 1
7732-18-5;water;78-92-2;;283.148055;101.33;1;0.725400536;-1.0;1975 mor kan 0
7732-18-5;water;78-92-2;;293.14537;101.33;1;0.70011112;-1.0;1975 mor kan 0
7732-18-5;water;78-92-2;;300.143955;101.33;1;0.684262472;-1.0;1975 mor kan 0
7732-18-5;water;78-92-2;;313.140055;101.33;1;0.667583638;-1.0;1975 mor kan 0
7732-18-5;water;78-92-2;;323.137055;101.33;1;0.664549201;-1.0;1975 mor kan 0
7732-18-5;water;78-92-2;;333.13437;101.33;1;0.670590155;-1.0;1975 mor kan 0
7732-18-5;water;78-92-2;;343.132055;101.33;1;0.667583638;-1.0;1975 mor kan 0
7732-18-5;water;78-92-2;;353.129055;101.33;1;0.686168882;-1.0;1975 mor kan 0
7732-18-5;water;78-92-2;;363.12637;101.33;1;0.717775356;-1.0;1975 mor kan 0
7732-18-5;water;78-92-2;;373.12437;101.33;1;0.751018379;-1.0;1975 mor kan 0
7732-18-5;water;78-92-2;;383.12237;101.33;1;0.800035988;-1.0;1975 mor kan 0
7732-18-5;water;78-92-2;;283.148055;101.33;1;-1.0;0.9290832;1975 mor kan 0
7732-18-5;water;78-92-2;;293.14537;101.33;1;-1.0;0.942043681;1975 mor kan 0
7732-18-5;water;78-92-2;;300.143955;101.33;1;-1.0;0.94967694;1975 mor kan 0
7732-18-5;water;78-92-2;;313.140055;101.33;1;-1.0;0.959183146;1975 mor kan 0
7732-18-5;water;78-92-2;;323.137055;101.33;1;-1.0;0.964357074;1975 mor kan 0
7732-18-5;water;78-92-2;;333.13437;101.33;1;-1.0;0.96555304;1975 mor kan 0
7732-18-5;water;78-92-2;;343.132055;101.33;1;-1.0;0.965254801;1975 mor kan 0
7732-18-5;water;78-92-2;;353.129055;101.33;1;-1.0;0.96254796;1975 mor kan 0
7732-18-5;water;78-92-2;;363.12637;101.33;1;-1.0;0.957321036;1975 mor kan 0
7732-18-5;water;78-92-2;;373.12437;101.33;1;-1.0;0.948371579;1975 mor kan 0
7732-18-5;water;78-92-2;;383.12237;101.33;1;-1.0;0.9290832;1975 mor kan 0
7732-18-5;water;78-92-2;;298.14437;101.325;1;0.671;-1.0;1976 des mar 1
7732-18-5;water;78-92-2;;298.14437;101.325;1;0.699;-1.0;1977 bec qui 0
7732-18-5;water;78-92-2;;273.15;101.0;1;-1.0;0.9136;1984 mar fer 0
7732-18-5;water;78-92-2;;283.148055;101.0;1;-1.0;0.925;1984 mar fer 0
7732-18-5;water;78-92-2;;293.14537;101.0;1;-1.0;0.9429;1984 mar fer 0
7732-18-5;water;78-92-2;;298.14437;101.0;1;-1.0;0.9526;1984 mar fer 0
7732-18-5;water;78-92-2;;313.140055;101.0;1;-1.0;0.9619;1984 mar fer 0
7732-18-5;water;78-92-2;;333.13437;101.0;1;-1.0;0.9649;1984 mar fer 0
7732-18-5;water;78-92-2;;353.129055;101.0;1;-1.0;0.964;1984 mar fer 0
7732-18-5;water;78-92-2;;373.12437;101.0;1;-1.0;0.9526;1984 mar fer 0
7732-18-5;water;78-92-2;;383.12237;101.0;1;-1.0;0.9285;1984 mar fer 0
7732-18-5;water;78-92-2;;273.15;101.0;1;0.7186;-1.0;1984 mar fer 0
7732-18-5;water;78-92-2;;283.148055;101.0;1;0.716;-1.0;1984 mar fer 0
7732-18-5;water;78-92-2;;293.14537;101.0;1;0.6984;-1.0;1984 mar fer 0
7732-18-5;water;78-92-2;;298.14437;101.0;1;0.6915;-1.0;1984 mar fer 0
7732-18-5;water;78-92-2;;313.140055;101.0;1;0.6793;-1.0;1984 mar fer 0
7732-18-5;water;78-92-2;;333.13437;101.0;1;0.6793;-1.0;1984 mar fer 0
7732-18-5;water;78-92-2;;353.129055;101.0;1;0.6889;-1.0;1984 mar fer 0
7732-18-5;water;78-92-2;;373.12437;101.0;1;0.7327;-1.0;1984 mar fer 0
7732-18-5;water;78-92-2;;383.12237;101.0;1;0.7821;-1.0;1984 mar fer 0
7732-18-5;water;78-92-2;;273.15;101.32;1;-1.0;0.921325165;1986 ste stu 0
7732-18-5;water;78-92-2;;283.148055;101.32;1;-1.0;0.930526906;1986 ste stu 0
7732-18-5;water;78-92-2;;293.14537;101.32;1;-1.0;0.944065054;1986 ste stu 0
7732-18-5;water;78-92-2;;303.043085;101.32;1;-1.0;0.95258083;1986 ste stu 0
7732-18-5;water;78-92-2;;313.140055;101.32;1;-1.0;0.958564565;1986 ste stu 0
7732-18-5;water;78-92-2;;323.137055;101.32;1;-1.0;0.961940838;1986 ste stu 0
7732-18-5;water;78-92-2;;333.43431;101.32;1;-1.0;0.963756068;1986 ste stu 0
7732-18-5;water;78-92-2;;343.232025;101.32;1;-1.0;0.964056824;1986 ste stu 0
7732-18-5;water;78-92-2;;353.229025;101.32;1;-1.0;0.963153033;1986 ste stu 0
7732-18-5;water;78-92-2;;363.32633;101.32;1;-1.0;0.960413998;1986 ste stu 0
7732-18-5;water;78-92-2;;283.148055;101.32;1;0.72872798;-1.0;1986 ste stu 0
7732-18-5;water;78-92-2;;293.14537;101.32;1;0.697371875;-1.0;1986 ste stu 0
7732-18-5;water;78-92-2;;303.043085;101.32;1;0.684262472;-1.0;1986 ste stu 0
7732-18-5;water;78-92-2;;313.140055;101.32;1;0.66353145;-1.0;1986 ste stu 0
7732-18-5;water;78-92-2;;333.43431;101.32;1;0.66353145;-1.0;1986 ste stu 0
7732-18-5;water;78-92-2;;343.232025;101.32;1;0.682344578;-1.0;1986 ste stu 0
7732-18-5;water;78-92-2;;353.229025;101.32;1;0.696453415;-1.0;1986 ste stu 0
7732-18-5;water;78-92-2;;363.32633;101.32;1;0.710831646;-1.0;1986 ste stu 0
7732-18-5;water;78-92-2;;297.9944;101.3;1;0.678;-1.0;1989 let sew 1
7732-18-5;water;78-92-2;;297.9944;101.3;1;-1.0;0.941;1989 let sew 1
7732-18-5;water;78-92-2;;288.966309;101.325;1;-1.0;0.9394;1989 liu ton 0
7732-18-5;water;78-92-2;;296.714656;101.325;1;-1.0;0.9484;1989 liu ton 0
7732-18-5;water;78-92-2;;303.762869;101.325;1;-1.0;0.9538;1989 liu ton 0
7732-18-5;water;78-92-2;;311.230628;101.325;1;-1.0;0.9559;1989 liu ton 0
7732-18-5;water;78-92-2;;319.148252;101.325;1;-1.0;0.9608;1989 liu ton 0
7732-18-5;water;78-92-2;;326.895927;101.325;1;-1.0;0.962;1989 liu ton 0
7732-18-5;water;78-92-2;;334.094178;101.325;1;-1.0;0.9631;1989 liu ton 0
7732-18-5;water;78-92-2;;341.322598;101.325;1;-1.0;0.967;1989 liu ton 0
7732-18-5;water;78-92-2;;350.099964;101.325;1;-1.0;0.9647;1989 liu ton 0
7732-18-5;water;78-92-2;;361.406714;101.325;1;-1.0;0.9588;1989 liu ton 0
7732-18-5;water;78-92-2;;368.985198;101.325;1;-1.0;0.9558;1989 liu ton 0
7732-18-5;water;78-92-2;;288.966309;101.325;1;0.7128;-1.0;1989 liu ton 0
7732-18-5;water;78-92-2;;296.714656;101.325;1;0.6972;-1.0;1989 liu ton 0
7732-18-5;water;78-92-2;;303.762869;101.325;1;0.6837;-1.0;1989 liu ton 0
7732-18-5;water;78-92-2;;311.230628;101.325;1;0.6744;-1.0;1989 liu ton 0
7732-18-5;water;78-92-2;;319.148252;101.325;1;0.6692;-1.0;1989 liu ton 0
7732-18-5;water;78-92-2;;326.895927;101.325;1;0.6683;-1.0;1989 liu ton 0
7732-18-5;water;78-92-2;;334.094178;101.325;1;0.6711;-1.0;1989 liu ton 0
7732-18-5;water;78-92-2;;341.322598;101.325;1;0.6765;-1.0;1989 liu ton 0
7732-18-5;water;78-92-2;;350.099964;101.325;1;0.686;-1.0;1989 liu ton 0
7732-18-5;water;78-92-2;;361.406714;101.325;1;0.7083;-1.0;1989 liu ton 0
7732-18-5;water;78-92-2;;368.985198;101.325;1;0.7314;-1.0;1989 liu ton 0
7732-18-5;water;78-92-2;;271.48;101.325;1;-1.0;0.91713;1991 hef bar 0
7732-18-5;water;78-92-2;;273.62;101.325;1;-1.0;0.91763;1991 hef bar 0
7732-18-5;water;78-92-2;;274.21;101.325;1;-1.0;0.91793;1991 hef bar 0
7732-18-5;water;78-92-2;;274.41;101.325;1;-1.0;0.91855;1991 hef bar 0
7732-18-5;water;78-92-2;;276.65;101.325;1;-1.0;0.92014;1991 hef bar 0
7732-18-5;water;78-92-2;;279.48;101.325;1;-1.0;0.92308;1991 hef bar 0
7732-18-5;water;78-92-2;;279.95;101.325;1;0.737;-1.0;1991 hef bar 0
7732-18-5;water;78-92-2;;280.96;101.325;1;-1.0;0.92527;1991 hef bar 0
7732-18-5;water;78-92-2;;282.92;101.325;1;0.7315;-1.0;1991 hef bar 0
7732-18-5;water;78-92-2;;283.38;101.325;1;0.7294;-1.0;1991 hef bar 0
7732-18-5;water;78-92-2;;284.51;101.325;1;0.7263;-1.0;1991 hef bar 0
7732-18-5;water;78-92-2;;285.59;101.325;1;0.7223;-1.0;1991 hef bar 0
7732-18-5;water;78-92-2;;295.55;101.325;1;0.7;-1.0;1991 hef bar 0
7732-18-5;water;78-92-2;;297.25;101.325;1;-1.0;0.94513;1991 hef bar 0
7732-18-5;water;78-92-2;;302.71;101.325;1;0.6845;-1.0;1991 hef bar 0
7732-18-5;water;78-92-2;;308.95;101.325;1;-1.0;0.95556;1991 hef bar 0
7732-18-5;water;78-92-2;;310.6;101.325;1;-1.0;0.95641;1991 hef bar 0
7732-18-5;water;78-92-2;;312.36;101.325;1;-1.0;0.95738;1991 hef bar 0
7732-18-5;water;78-92-2;;312.43;101.325;1;0.6725;-1.0;1991 hef bar 0
7732-18-5;water;78-92-2;;320.66;101.325;1;-1.0;0.96044;1991 hef bar 0
7732-18-5;water;78-92-2;;336.38;101.325;1;0.6725;-1.0;1991 hef bar 0
7732-18-5;water;78-92-2;;338.36;101.325;1;-1.0;0.96429;1991 hef bar 0
7732-18-5;water;78-92-2;;338.56;101.325;1;-1.0;0.96429;1991 hef bar 0
7732-18-5;water;78-92-2;;346.83;101.325;1;0.6845;-1.0;1991 hef bar 0
7732-18-5;water;78-92-2;;355.06;101.325;1;0.7;-1.0;1991 hef bar 0
7732-18-5;water;78-92-2;;356.69;101.325;1;-1.0;0.96044;1991 hef bar 0
7732-18-5;water;78-92-2;;364.39;101.325;1;-1.0;0.95738;1991 hef bar 0
7732-18-5;water;78-92-2;;365.55;101.325;1;0.7223;-1.0;1991 hef bar 0
7732-18-5;water;78-92-2;;365.88;101.325;1;-1.0;0.95641;1991 hef bar 0
7732-18-5;water;78-92-2;;366.15;101.325;1;0.7263;-1.0;1991 hef bar 0
7732-18-5;water;78-92-2;;367.16;101.325;1;0.7294;-1.0;1991 hef bar 0
7732-18-5;water;78-92-2;;367.81;101.325;1;-1.0;0.95556;1991 hef bar 0
7732-18-5;water;78-92-2;;367.96;101.325;1;0.7315;-1.0;1991 hef bar 0
7732-18-5;water;78-92-2;;369.55;101.325;1;0.737;-1.0;1991 hef bar 0
7732-18-5;water;78-92-2;;371.15;101.325;1;0.7409;-1.0;1991 hef bar 0
7732-18-5;water;78-92-2;;371.25;101.325;1;0.7429;-1.0;1991 hef bar 0
7732-18-5;water;78-92-2;;372.98;101.325;1;0.7477;-1.0;1991 hef bar 0
7732-18-5;water;78-92-2;;377.13;101.325;1;-1.0;0.94513;1991 hef bar 0
7732-18-5;water;78-92-2;;377.88;101.325;1;0.7716;-1.0;1991 hef bar 0
7732-18-5;water;78-92-2;;380.86;101.325;1;0.7878;-1.0;1991 hef bar 0
7732-18-5;water;78-92-2;;383.99;101.325;1;-1.0;0.92527;1991 hef bar 0
7732-18-5;water;78-92-2;;384.13;101.325;1;-1.0;0.92308;1991 hef bar 0
7732-18-5;water;78-92-2;;384.5;101.325;1;-1.0;0.92014;1991 hef bar 0
7732-18-5;water;78-92-2;;384.54;101.325;1;-1.0;0.91855;1991 hef bar 0
7732-18-5;water;78-92-2;;384.65;101.325;1;-1.0;0.91793;1991 hef bar 0
7732-18-5;water;78-92-2;;384.75;101.325;1;-1.0;0.91763;1991 hef bar 0
7732-18-5;water;78-92-2;;384.75;101.325;1;-1.0;0.91713;1991 hef bar 0
7732-18-5;water;78-92-2;;384.85;101.325;1;-1.0;0.91578;1991 hef bar 0
7732-18-5;water;78-92-2;;385.05;101.325;1;-1.0;0.91477;1991 hef bar 0
7732-18-5;water;78-92-2;;385.12;101.325;1;-1.0;0.91379;1991 hef bar 0
7732-18-5;water;78-92-2;;386.07;101.325;1;-1.0;0.8924;1991 hef bar 0
7732-18-5;water;78-92-2;;386.47;101.325;1;0.8369;-1.0;1991 hef bar 0
7732-18-5;water;78-92-2;;298.15;101.0;1;0.685;-1.0;1991 let rav 0
7732-18-5;water;78-92-2;;298.15;101.0;1;-1.0;0.949;1991 let rav 0
7732-18-5;water;78-92-2;;298.2;101.0;1;-1.0;0.949;1991 let sis 0
7732-18-5;water;78-92-2;;298.2;101.0;1;0.688;-1.0;1991 let sis 0
7732-18-5;water;78-92-2;;298.15;101.3;1;0.678;-1.0;1992 let rav 0
7732-18-5;water;78-92-2;;298.15;101.0;1;-1.0;0.948043804;1996 gom rui 0
7732-18-5;water;78-92-2;;298.15;101.0;1;0.689947664;-1.0;1996 gom rui 0
7732-18-5;water;78-92-2;;269.75;101.325;1;0.7274;-1.0;1996 och sai 0
7732-18-5;water;78-92-2;;270.52;101.325;1;0.7274;-1.0;1996 och sai 0
7732-18-5;water;78-92-2;;272.51;101.325;1;0.7308;-1.0;1996 och sai 0
7732-18-5;water;78-92-2;;272.65;101.325;1;0.7333;-1.0;1996 och sai 0
7732-18-5;water;78-92-2;;276.94;101.325;1;-1.0;0.9262;1996 och sai 0
7732-18-5;water;78-92-2;;277.45;101.325;1;0.7364;-1.0;1996 och sai 0
7732-18-5;water;78-92-2;;278.13;101.325;1;-1.0;0.9275;1996 och sai 0
7732-18-5;water;78-92-2;;279.96;101.325;1;-1.0;0.9295;1996 och sai 0
7732-18-5;water;78-92-2;;280.0;101.325;1;0.7333;-1.0;1996 och sai 0
7732-18-5;water;78-92-2;;281.76;101.325;1;0.7308;-1.0;1996 och sai 0
7732-18-5;water;78-92-2;;283.81;101.325;1;0.7238;-1.0;1996 och sai 0
7732-18-5;water;78-92-2;;284.94;101.325;1;-1.0;0.9358;1996 och sai 0
7732-18-5;water;78-92-2;;284.98;101.325;1;0.7177;-1.0;1996 och sai 0
7732-18-5;water;78-92-2;;287.42;101.325;1;0.7109;-1.0;1996 och sai 0
7732-18-5;water;78-92-2;;289.08;101.325;1;-1.0;0.941;1996 och sai 0
7732-18-5;water;78-92-2;;289.82;101.325;1;0.7053;-1.0;1996 och sai 0
7732-18-5;water;78-92-2;;290.58;101.325;1;-1.0;0.9429;1996 och sai 0
7732-18-5;water;78-92-2;;292.18;101.325;1;-1.0;0.9447;1996 och sai 0
7732-18-5;water;78-92-2;;292.22;101.325;1;0.6981;-1.0;1996 och sai 0
7732-18-5;water;78-92-2;;294.99;101.325;1;0.6912;-1.0;1996 och sai 0
7732-18-5;water;78-92-2;;295.15;101.325;1;-1.0;0.9478;1996 och sai 0
7732-18-5;water;78-92-2;;298.33;101.325;1;0.685;-1.0;1996 och sai 0
7732-18-5;water;78-92-2;;298.43;101.325;1;-1.0;0.9509;1996 och sai 0
7732-18-5;water;78-92-2;;301.37;101.325;1;0.6809;-1.0;1996 och sai 0
7732-18-5;water;78-92-2;;301.48;101.325;1;-1.0;0.9529;1996 och sai 0
7732-18-5;water;78-92-2;;303.67;101.325;1;0.6771;-1.0;1996 och sai 0
7732-18-5;water;78-92-2;;305.14;101.325;1;-1.0;0.9548;1996 och sai 0
7732-18-5;water;78-92-2;;306.54;101.325;1;0.6747;-1.0;1996 och sai 0
7732-18-5;water;78-92-2;;308.94;101.325;1;0.6723;-1.0;1996 och sai 0
7732-18-5;water;78-92-2;;309.18;101.325;1;-1.0;0.9579;1996 och sai 0
7732-18-5;water;78-92-2;;310.9;101.325;1;0.6721;-1.0;1996 och sai 0
7732-18-5;water;78-92-2;;311.88;101.325;1;-1.0;0.9594;1996 och sai 0
7732-18-5;water;78-92-2;;311.92;101.325;1;0.6721;-1.0;1996 och sai 0
7732-18-5;water;78-92-2;;314.1;101.325;1;-1.0;0.9607;1996 och sai 0
7732-18-5;water;78-92-2;;315.01;101.325;1;0.6686;-1.0;1996 och sai 0
7732-18-5;water;78-92-2;;315.24;101.325;1;0.6688;-1.0;1996 och sai 0
7732-18-5;water;78-92-2;;315.35;101.325;1;0.6693;-1.0;1996 och sai 0
7732-18-5;water;78-92-2;;319.46;101.325;1;0.667;-1.0;1996 och sai 0
7732-18-5;water;78-92-2;;321.88;101.325;1;-1.0;0.9629;1996 och sai 0
7732-18-5;water;78-92-2;;324.99;101.325;1;-1.0;0.9639;1996 och sai 0
7732-18-5;water;78-92-2;;328.06;101.325;1;0.667;-1.0;1996 och sai 0
7732-18-5;water;78-92-2;;329.88;101.325;1;0.6679;-1.0;1996 och sai 0
7732-18-5;water;78-92-2;;332.27;101.325;1;0.6688;-1.0;1996 och sai 0
7732-18-5;water;78-92-2;;332.5;101.325;1;-1.0;0.9658;1996 och sai 0
7732-18-5;water;78-92-2;;333.0;101.325;1;0.6693;-1.0;1996 och sai 0
7732-18-5;water;78-92-2;;337.04;101.325;1;0.6721;-1.0;1996 och sai 0
7732-18-5;water;78-92-2;;339.63;101.325;1;0.6747;-1.0;1996 och sai 0
7732-18-5;water;78-92-2;;340.01;101.325;1;-1.0;0.9658;1996 och sai 0
7732-18-5;water;78-92-2;;343.4;101.325;1;0.6789;-1.0;1996 och sai 0
7732-18-5;water;78-92-2;;348.24;101.325;1;0.685;-1.0;1996 och sai 0
7732-18-5;water;78-92-2;;349.3;101.325;1;-1.0;0.9639;1996 och sai 0
7732-18-5;water;78-92-2;;351.02;101.325;1;0.6896;-1.0;1996 och sai 0
7732-18-5;water;78-92-2;;352.25;101.325;1;-1.0;0.9629;1996 och sai 0
7732-18-5;water;78-92-2;;354.34;101.325;1;0.6964;-1.0;1996 och sai 0
7732-18-5;water;78-92-2;;356.1;101.325;1;0.6997;-1.0;1996 och sai 0
7732-18-5;water;78-92-2;;357.6;101.325;1;0.7019;-1.0;1996 och sai 0
7732-18-5;water;78-92-2;;360.16;101.325;1;0.7086;-1.0;1996 och sai 0
7732-18-5;water;78-92-2;;360.81;101.325;1;-1.0;0.9607;1996 och sai 0
7732-18-5;water;78-92-2;;362.25;101.325;1;0.7143;-1.0;1996 och sai 0
7732-18-5;water;78-92-2;;362.51;101.325;1;-1.0;0.9594;1996 och sai 0
7732-18-5;water;78-92-2;;364.66;101.325;1;0.7209;-1.0;1996 och sai 0
7732-18-5;water;78-92-2;;364.96;101.325;1;-1.0;0.9579;1996 och sai 0
7732-18-5;water;78-92-2;;367.6;101.325;1;0.7292;-1.0;1996 och sai 0
7732-18-5;water;78-92-2;;369.09;101.325;1;0.7332;-1.0;1996 och sai 0
7732-18-5;water;78-92-2;;370.41;101.325;1;-1.0;0.9541;1996 och sai 0
7732-18-5;water;78-92-2;;371.99;101.325;1;0.742;-1.0;1996 och sai 0
7732-18-5;water;78-92-2;;373.45;101.325;1;0.7497;-1.0;1996 och sai 0
7732-18-5;water;78-92-2;;375.2;101.325;1;0.7566;-1.0;1996 och sai 0
7732-18-5;water;78-92-2;;376.67;101.325;1;0.7635;-1.0;1996 och sai 0
7732-18-5;water;78-92-2;;376.89;101.325;1;-1.0;0.947;1996 och sai 0
7732-18-5;water;78-92-2;;379.15;101.325;1;0.7733;-1.0;1996 och sai 0
7732-18-5;water;78-92-2;;379.76;101.325;1;-1.0;0.9427;1996 och sai 0
7732-18-5;water;78-92-2;;380.57;101.325;1;0.7819;-1.0;1996 och sai 0
7732-18-5;water;78-92-2;;381.24;101.325;1;0.7906;-1.0;1996 och sai 0
7732-18-5;water;78-92-2;;381.25;101.325;1;-1.0;0.9379;1996 och sai 0
7732-18-5;water;78-92-2;;382.59;101.325;1;0.8015;-1.0;1996 och sai 0
7732-18-5;water;78-92-2;;383.23;101.325;1;-1.0;0.932;1996 och sai 0
7732-18-5;water;78-92-2;;383.75;101.325;1;0.81;-1.0;1996 och sai 0
7732-18-5;water;78-92-2;;384.39;101.325;1;-1.0;0.9249;1996 och sai 0
7732-18-5;water;78-92-2;;384.62;101.325;1;0.8204;-1.0;1996 och sai 0
7732-18-5;water;78-92-2;;385.46;101.325;1;0.8314;-1.0;1996 och sai 0
7732-18-5;water;78-92-2;;385.63;101.325;1;-1.0;0.918;1996 och sai 0
7732-18-5;water;78-92-2;;385.64;101.325;1;0.8401;-1.0;1996 och sai 0
7732-18-5;water;78-92-2;;386.04;101.325;1;-1.0;0.9092;1996 och sai 0
7732-18-5;water;78-92-2;;386.09;101.325;1;0.8476;-1.0;1996 och sai 0
7732-18-5;water;78-92-2;;386.23;101.325;1;-1.0;0.9035;1996 och sai 0
7732-18-5;water;78-92-2;;386.53;101.325;1;0.8583;-1.0;1996 och sai 0
7732-18-5;water;78-92-2;;386.58;101.325;1;-1.0;0.895;1996 och sai 0
7732-18-5;water;78-92-2;;386.58;101.325;1;0.8781;-1.0;1996 och sai 0
7732-18-5;water;78-92-2;;386.6;101.325;1;0.8682;-1.0;1996 och sai 0
7732-18-5;water;78-92-2;;386.65;101.325;1;-1.0;0.8849;1996 och sai 0
7732-18-5;water;78-92-2;;298.15;101.325;1;0.697188399;-1.0;2001 lin pin 0
7732-18-5;water;78-92-2;;298.15;101.325;1;-1.0;0.947386521;2001 lin pin 0
7732-18-5;water;78-92-2;;292.9;101.0;1;-1.0;0.942;2006 shi yok 2
7732-18-5;water;78-92-2;;324.2;101.0;1;-1.0;0.961;2006 shi yok 2
7732-18-5;water;78-92-2;;347.3;101.0;1;-1.0;0.961;2006 shi yok 2
7732-18-5;water;78-92-2;;373.2;101.0;1;-1.0;0.948;2006 shi yok 2
7732-18-5;water;78-92-2;;292.9;101.0;1;0.688;-1.0;2006 shi yok 2
7732-18-5;water;78-92-2;;324.2;101.0;1;0.661;-1.0;2006 shi yok 2
7732-18-5;water;78-92-2;;347.3;101.0;1;0.677;-1.0;2006 shi yok 2
7732-18-5;water;78-92-2;;373.2;101.0;1;0.749;-1.0;2006 shi yok 2
7732-18-5;water;78-92-2;;288.2;101.3;1;0.706;-1.0;2007 che cha 1
7732-18-5;water;78-92-2;;318.2;101.3;1;0.675;-1.0;2007 che cha 1
7732-18-5;water;78-92-2;;288.2;101.3;1;-1.0;0.941;2007 che cha 1
7732-18-5;water;78-92-2;;318.2;101.3;1;-1.0;0.958;2007 che cha 1
7732-18-5;water;78-92-2;;298.15;101.0;1;-1.0;0.950326197;2011 kov gol 0
7732-18-5;water;78-92-2;;298.15;101.0;1;0.687117814;-1.0;2011 kov gol 0
7732-18-5;water;78-92-2;;298.15;100.0;1;-1.0;0.9454;2012 hwa par 2
7732-18-5;water;78-92-2;;298.15;100.0;1;0.675;-1.0;2012 hwa par 2
7732-18-5;water;78-92-2;;298.2;100.0;1;-1.0;0.946991038;2014 das azn 0
7732-18-5;water;78-92-2;;313.2;100.0;1;-1.0;0.956570815;2014 das azn 0
7732-18-5;water;78-92-2;;298.2;100.0;1;0.69442325;-1.0;2014 das azn 0
7732-18-5;water;78-92-2;;313.2;100.0;1;0.672480015;-1.0;2014 das azn 0
7732-18-5;water;78-92-2;;298.2;100.0;1;-1.0;0.947089988;2017 dal pin 0
7732-18-5;water;78-92-2;;298.2;100.0;1;0.691166102;-1.0;2017 dal pin 0
7732-18-5;water;78-92-2;;298.15;100.0;1;-1.0;0.9409;2019 tur rit 0
7732-18-5;water;78-92-2;;298.15;100.0;1;0.6964;-1.0;2019 tur rit 0
7732-18-5;water;78-92-2;;360.44;101.3;1;0.701;-1.0;2020 gar saq 0
7732-18-5;water;78-92-2;;303.15;101.3;1;0.683;-1.0;2020 gar saq 0
7732-18-5;water;78-92-2;;313.15;101.3;1;0.672;-1.0;2020 gar saq 0
7732-18-5;water;78-92-2;;360.44;101.3;1;-1.0;0.961;2020 gar saq 0
7732-18-5;water;78-92-2;;303.15;101.3;1;-1.0;0.953;2020 gar saq 0
7732-18-5;water;78-92-2;;313.15;101.3;1;-1.0;0.957;2020 gar saq 0
7732-18-5;water;98-01-1;;299.23;101.0;1;0.983564944834;-1.0;1994 liu li 0
7732-18-5;water;98-01-1;;302.86;101.0;1;0.982584295055;-1.0;1994 liu li 0
7732-18-5;water;98-01-1;;308.73;101.0;1;0.982032247711;-1.0;1994 liu li 0
7732-18-5;water;98-01-1;;316.42;101.0;1;0.981177625712;-1.0;1994 liu li 0
7732-18-5;water;98-01-1;;330.9;101.0;1;0.978149746409;-1.0;1994 liu li 0
7732-18-5;water;98-01-1;;331.63;101.0;1;0.97529590385;-1.0;1994 liu li 0
7732-18-5;water;98-01-1;;348.02;101.0;1;0.972430894631;-1.0;1994 liu li 0
7732-18-5;water;98-01-1;;359.99;101.0;1;0.966737036567;-1.0;1994 liu li 0
7732-18-5;water;98-01-1;;303.15;101.0;1;0.983700414179;0.221631130561;1994 liu li 0
7732-18-5;water;98-01-1;;313.15;101.0;1;0.981809867618;0.250404062163;1994 liu li 0
7732-18-5;water;98-01-1;;323.15;101.0;1;0.980625904432;0.279274175451;1994 liu li 0
7732-18-5;water;98-01-1;;333.15;101.0;1;0.978591588703;0.321873527201;1994 liu li 0
7732-18-5;water;98-01-1;;343.15;101.0;1;0.975406152465;0.360821853984;1994 liu li 0
7732-18-5;water;98-01-1;;353.15;101.0;1;0.970849342752;0.407355875289;1994 liu li 0
7732-18-5;water;98-01-1;;363.15;101.0;1;0.967571338921;0.453293783526;1994 liu li 0
7732-18-5;water;98-01-1;;293.03;101.0;1;0.984161614254;0.192979662793;1994 liu li 0
7732-18-5;water;98-01-1;;303.39;101.0;1;0.982989159954;0.221380073143;1994 liu li 0
7732-18-5;water;98-01-1;;313.67;101.0;1;0.981479926819;0.261511921447;1994 liu li 0
7732-18-5;water;98-01-1;;323.73;101.0;1;0.980323735424;0.291794296355;1994 liu li 0
7732-18-5;water;98-01-1;;333.41;101.0;1;0.977629670692;0.334917972792;1994 liu li 0
7732-18-5;water;98-01-1;;343.64;101.0;1;0.974602376954;0.372572213295;1994 liu li 0
7732-18-5;water;98-01-1;;353.51;101.0;1;0.970313069889;0.417634376276;1994 liu li 0
7732-18-5;water;98-01-1;;363.27;101.0;1;0.964011818895;0.472737332103;1994 liu li 0
7732-18-5;water;98-01-1;;298.3;101.0;1;-1.0;0.213389094077;1994 liu li 0
7732-18-5;water;98-01-1;;308.58;101.0;1;-1.0;0.253440305101;1994 liu li 0
7732-18-5;water;98-01-1;;314.35;101.0;1;-1.0;0.272564894057;1994 liu li 0
7732-18-5;water;98-01-1;;325.43;101.0;1;-1.0;0.311399377878;1994 liu li 0
7732-18-5;water;98-01-1;;335.78;101.0;1;-1.0;0.351639283845;1994 liu li 0
7732-18-5;water;98-01-1;;341.57;101.0;1;-1.0;0.373659980605;1994 liu li 0
7732-18-5;water;98-01-1;;346.68;101.0;1;-1.0;0.401174573583;1994 liu li 0
7732-18-5;water;98-01-1;;356.2;101.0;1;-1.0;0.440464629879;1994 liu li 0
7732-18-5;water;98-01-1;;305.8829;101.0;1;0.98443;-1.0;1898 rot & 0
7732-18-5;water;98-01-1;;353.543;101.0;1;0.97312;-1.0;1898 rot & 0
7732-18-5;water;98-01-1;;361.093;101.0;1;0.96812;-1.0;1898 rot & 0
7732-18-5;water;98-01-1;;391.876875;101.0;1;0.91917;-1.0;1898 rot & 0
7732-18-5;water;98-01-1;;394.777495;101.0;1;0.8889;-1.0;1898 rot & 0
7732-18-5;water;98-01-1;;395.42769;101.0;1;0.8332;-1.0;1898 rot & 0
7732-18-5;water;98-01-1;;287.111618;101.0;1;-1.0;0.1822;1898 rot & 0
7732-18-5;water;98-01-1;;318.378425;101.0;1;-1.0;0.2779;1898 rot & 0
7732-18-5;water;98-01-1;;331.544474;101.0;1;-1.0;0.3212;1898 rot & 0
7732-18-5;water;98-01-1;;360.323;101.0;1;-1.0;0.4398;1898 rot & 0
7732-18-5;water;98-01-1;;378.6251;101.0;1;-1.0;0.5485;1898 rot & 0
7732-18-5;water;98-01-1;;395.597741;101.0;1;-1.0;0.7711;1898 rot & 0
7732-18-5;water;98-01-1;;289.1404;101.0;1;0.983700414179;-1.0;1922 mai & 0
7732-18-5;water;98-01-1;;290.1398;101.0;1;0.983571399124;-1.0;1922 mai & 0
7732-18-5;water;98-01-1;;300.1352;101.0;1;0.982404171381;-1.0;1922 mai & 0
7732-18-5;water;98-01-1;;300.33512;101.0;1;0.982404171381;-1.0;1922 mai & 0
7732-18-5;water;98-01-1;;300.635;101.0;1;0.982491010601;-1.0;1922 mai & 0
7732-18-5;water;98-01-1;;317.1288;101.0;1;0.980036329861;0.29269369996;1922 mai & 0
7732-18-5;water;98-01-1;;334.124;101.0;1;0.975300499443;-1.0;1922 mai & 0
7732-18-5;water;98-01-1;;339.124;101.0;1;0.973914365561;-1.0;1922 mai & 0
7732-18-5;water;98-01-1;;365.1232;101.0;1;0.963018532092;-1.0;1922 mai & 0
7732-18-5;water;98-01-1;;281.1452;101.0;1;-1.0;0.162091003955;1922 mai & 0
7732-18-5;water;98-01-1;;299.73536;101.0;1;-1.0;0.233396668943;1922 mai & 0
7732-18-5;water;98-01-1;;310.1312;101.0;1;-1.0;0.27694144592;1922 mai & 0
7732-18-5;water;98-01-1;;338.124;101.0;1;-1.0;0.348087352509;1922 mai & 0
7732-18-5;water;98-01-1;;343.124;101.0;1;-1.0;0.364245798484;1922 mai & 0
7732-18-5;water;98-01-1;;357.123;101.0;1;-1.0;0.421065316944;1922 mai & 0
7732-18-5;water;98-01-1;;369.1236;101.0;1;-1.0;0.49452945874;1922 mai & 0
7732-18-5;water;98-01-1;;312.6302;101.0;1;0.981729102011;-1.0;1926 eva ayl 0
7732-18-5;water;98-01-1;;326.22607;101.0;1;0.979992055059;-1.0;1926 eva ayl 0
7732-18-5;water;98-01-1;;358.923;101.0;1;0.967875849066;-1.0;1926 eva ayl 0
7732-18-5;water;98-01-1;;375.92456;101.0;1;0.953206606082;-1.0;1926 eva ayl 0
7732-18-5;water;98-01-1;;379.22522;101.0;1;0.948685809006;-1.0;1926 eva ayl 0
7732-18-5;water;98-01-1;;386.22631;101.0;1;0.932543981793;-1.0;1926 eva ayl 0
7732-18-5;water;98-01-1;;391.02679;101.0;1;0.912742411116;-1.0;1926 eva ayl 0
7732-18-5;water;98-01-1;;393.92724;101.0;1;0.855613577942;-1.0;1926 eva ayl 0
7732-18-5;water;98-01-1;;393.977255;101.0;1;0.847462242797;-1.0;1926 eva ayl 0
7732-18-5;water;98-01-1;;394.02727;101.0;1;0.840510094113;-1.0;1926 eva ayl 0
7732-18-5;water;98-01-1;;393.127;101.0;1;0.839973125462;0.773243325224;1926 eva ayl 0
7732-18-5;water;98-01-1;;394.02727;101.0;1;0.839218881995;-1.0;1926 eva ayl 0
7732-18-5;water;98-01-1;;393.977255;101.0;1;0.838407526407;-1.0;1926 eva ayl 0
7732-18-5;water;98-01-1;;392.276915;101.0;1;0.813199192356;-1.0;1926 eva ayl 0
7732-18-5;water;98-01-1;;393.62715;101.0;1;0.805190393879;-1.0;1926 eva ayl 0
7732-18-5;water;98-01-1;;394.02727;101.0;1;0.838353316458;-1.0;1926 eva ayl 0
7732-18-5;water;98-01-1;;323.127;101.0;1;0.981357342241;0.310922957826;1926 eva ayl 0
7732-18-5;water;98-01-1;;333.124;101.0;1;0.978477351482;0.348087352509;1926 eva ayl 0
7732-18-5;water;98-01-1;;343.124;101.0;1;0.97460930776;0.39485055965;1926 eva ayl 0
7732-18-5;water;98-01-1;;353.123;101.0;1;0.97014338636;0.439120878493;1926 eva ayl 0
7732-18-5;water;98-01-1;;363.123;101.0;1;0.96427461842;0.486815337894;1926 eva ayl 0
7732-18-5;water;98-01-1;;373.073995;101.0;1;0.956291202833;0.542689023683;1926 eva ayl 0
7732-18-5;water;98-01-1;;383.126;101.0;1;0.941179351553;0.620986649322;1926 eva ayl 0
7732-18-5;water;98-01-1;;393.127;101.0;1;0.886824040027;-1.0;1926 eva ayl 0
7732-18-5;water;98-01-1;;394.02727;101.0;1;0.838353316458;-1.0;1926 eva ayl 0
7732-18-5;water;98-01-1;;388.22651;101.0;1;-1.0;0.672634015675;1926 eva ayl 0
7732-18-5;water;98-01-1;;369.073595;101.0;1;-1.0;0.521555022715;1926 eva ayl 0
7732-18-5;water;98-01-1;;346.72364;101.0;1;-1.0;0.402408583339;1926 eva ayl 0
7732-18-5;water;98-01-1;;326.475995;101.0;1;-1.0;0.321815350342;1926 eva ayl 0
7732-18-5;water;98-01-1;;300.98486;101.0;1;-1.0;0.222777232996;1926 eva ayl 0
7732-18-5;water;98-01-1;;313.13;101.0;1;0.984;0.265;1929 jon & 0
7732-18-5;water;98-01-1;;293.138;101.0;1;0.990635238241;-1.0;1935 doo & 0
7732-18-5;water;98-01-1;;293.138;101.0;1;0.983312964349;-1.0;1935 doo & 0
7732-18-5;water;98-01-1;;298.136;101.0;1;0.98459976235;0.229881806786;1937 llo tho 0
7732-18-5;water;98-01-1;;298.136;101.0;1;0.98417231935;0.22705202937;1951 con nor 0
7732-18-5;water;98-01-1;;298.136;101.0;1;0.982881036747;0.219186988161;1953 con phi 0
7732-18-5;water;98-01-1;;298.136;101.0;1;0.98266450698;-1.0;1953 con phi 0
7732-18-5;water;98-01-1;;299.83532;101.0;1;0.982881036747;0.236886930523;1954 skr mur 0
7732-18-5;water;98-01-1;;298.136;101.325;1;0.983829294628;0.213753408899;1960 her rut 0
7732-18-5;water;98-01-1;;308.132;101.325;1;0.982077982538;0.248912800163;1960 her rut 0
7732-18-5;water;98-01-1;;298.136;101.0;1;-1.0;0.222777232996;1961 has & 0
7732-18-5;water;98-01-1;;298.136;101.0;1;0.983312964349;0.219186988161;1966 her bla 0
7732-18-5;water;98-01-1;;308.132;101.0;1;0.982230310563;0.243794677852;1966 her bla 0
7732-18-5;water;98-01-1;;298.19436;101.325;1;0.9828;0.2224;1969 kru gla 0
7732-18-5;water;98-01-1;;298.19436;101.325;1;0.9828;0.2224;1969 kru gla 1
7732-18-5;water;98-01-1;;298.14437;101.3;1;0.983571399124;0.222419355741;1970 kru gla 0
7732-18-5;water;98-01-1;;293.14537;101.3;1;-1.0;0.222419355741;1970 kru gla 0
7732-18-5;water;98-01-1;;298.09438;101.325;1;0.9836;0.2224;1970 kru gla 1
7732-18-5;water;98-01-1;;298.14437;101.0;1;0.983571399124;0.222419355741;1971 kru gla 0
7732-18-5;water;98-01-1;;298.14437;101.325;1;0.983958040681;0.215933830267;1972 her lan 0
7732-18-5;water;98-01-1;;308.141555;101.325;1;0.982056206147;0.247212667668;1972 her lan 0
7732-18-5;water;98-01-1;;298.14437;101.0;1;0.983958040681;0.215933830267;1972 her lan 1
7732-18-5;water;98-01-1;;308.141555;101.0;1;0.982056206147;0.247212667668;1972 her lan 1
7732-18-5;water;98-01-1;;298.09438;101.325;1;0.9828;0.2224;1972 kru gla 0
7732-18-5;water;98-01-1;;298.14437;101.0;1;0.983958040681;0.21557107621;1972 lan her 0
7732-18-5;water;98-01-1;;308.141555;101.0;1;0.982012641921;0.247212667668;1972 lan her 0
7732-18-5;water;98-01-1;;303.143055;101.0;1;0.985025725994;0.229881806786;1976 tar pur 0
7732-18-5;water;98-01-1;;303.143055;101.0;1;0.98459976235;-1.0;1976 tar pur 0
7732-18-5;water;98-01-1;;298.14437;101.325;1;0.983032382829;0.220266744193;1980 coc dia 0
7732-18-5;water;98-01-1;;298.14437;101.325;1;0.982794470212;0.221702838314;1988 cab bar 0
7732-18-5;water;98-01-1;;293.15;101.325;1;0.983312964349;0.263953550737;1990 rat pal 1
7732-18-5;water;98-01-1;;273.15;101.32;1;0.983485314201;0.155618042745;1993 ste & 2
7732-18-5;water;98-01-1;;283.15;101.32;1;0.984257926668;0.182986865455;1993 ste & 2
7732-18-5;water;98-01-1;;293.15;101.32;1;0.984086652549;0.212294581847;1993 ste & 2
7732-18-5;water;98-01-1;;303.15;101.32;1;0.983097188874;0.237234613589;1993 ste & 2
7732-18-5;water;98-01-1;;313.15;101.32;1;0.981925467666;0.26886525095;1993 ste & 2
7732-18-5;water;98-01-1;;323.15;101.32;1;0.980698580722;0.293003439753;1993 ste & 2
7732-18-5;water;98-01-1;;333.15;101.32;1;0.978969401156;0.329030195993;1993 ste & 2
7732-18-5;water;98-01-1;;343.15;101.32;1;0.97741968442;0.365565671908;1993 ste & 2
7732-18-5;water;98-01-1;;353.15;101.32;1;0.973774924371;0.403855667571;1993 ste & 2
7732-18-5;water;98-01-1;;363.15;101.32;1;0.968603806389;0.450859911969;1993 ste & 2
7732-18-5;water;98-01-1;;298.2;101.32;1;0.983;0.2205;1996 gu lin 0
7732-18-5;water;98-01-1;;304.6;101.32;1;0.9827;0.2276;1996 gu lin 0
7732-18-5;water;98-01-1;;308.3;101.32;1;0.9818;0.2315;1996 gu lin 0
7732-18-5;water;98-01-1;;314.2;101.32;1;0.9813;0.2377;1996 gu lin 0
7732-18-5;water;98-01-1;;318.3;101.32;1;0.9808;0.2421;1996 gu lin 0
7732-18-5;water;98-01-1;;293.75;101.325;1;0.983528364156;-1.0;1998 mar gra 0
7732-18-5;water;98-01-1;;298.55;101.325;1;0.983528364156;-1.0;1998 mar gra 0
7732-18-5;water;98-01-1;;304.95;101.325;1;0.983312964349;-1.0;1998 mar gra 0
7732-18-5;water;98-01-1;;308.65;101.325;1;0.982230310563;-1.0;1998 mar gra 0
7732-18-5;water;98-01-1;;313.75;101.325;1;0.981357342241;-1.0;1998 mar gra 0
7732-18-5;water;98-01-1;;318.35;101.325;1;0.980257469563;-1.0;1998 mar gra 0
7732-18-5;water;98-01-1;;323.05;101.325;1;0.981576158766;0.295781920553;1998 mar gra 0
7732-18-5;water;98-01-1;;328.1;101.325;1;0.979703887251;-1.0;1998 mar gra 0
7732-18-5;water;98-01-1;;332.6;101.325;1;0.979481768627;0.324136630305;1998 mar gra 0
7732-18-5;water;98-01-1;;337.7;101.325;1;0.976671752055;-1.0;1998 mar gra 0
7732-18-5;water;98-01-1;;341.7;101.325;1;0.976216306506;0.331314817482;1998 mar gra 0
7732-18-5;water;98-01-1;;348.1;101.325;1;0.975644698316;-1.0;1998 mar gra 0
7732-18-5;water;98-01-1;;370.5;101.325;1;0.956291202833;-1.0;1998 mar gra 0
7732-18-5;water;98-01-1;;367.7;101.325;1;0.959955059012;-1.0;1998 mar gra 0
7732-18-5;water;98-01-1;;386.5;101.325;1;0.941915618496;-1.0;1998 mar gra 0
7732-18-5;water;98-01-1;;391.7;101.325;1;0.920455968018;-1.0;1998 mar gra 0
7732-18-5;water;98-01-1;;391.4;101.325;1;0.904972268453;-1.0;1998 mar gra 0
7732-18-5;water;98-01-1;;392.9;101.325;1;0.901191815886;-1.0;1998 mar gra 0
7732-18-5;water;98-01-1;;393.2;101.325;1;0.86676797539;-1.0;1998 mar gra 0
7732-18-5;water;98-01-1;;394.7;101.325;1;0.884095281374;-1.0;1998 mar gra 0
7732-18-5;water;98-01-1;;394.5;101.325;1;0.841045589102;-1.0;1998 mar gra 0
7732-18-5;water;98-01-1;;395.7;101.325;1;0.822267936033;-1.0;1998 mar gra 0
7732-18-5;water;98-01-1;;396.4;101.325;1;0.817512940099;-1.0;1998 mar gra 0
7732-18-5;water;98-01-1;;396.6;101.325;1;0.782981373083;-1.0;1998 mar gra 0
7732-18-5;water;98-01-1;;298.15;101.3;1;0.983958040681;-1.0;1998 mar gra 0
7732-18-5;water;98-01-1;;348.15;101.3;1;0.972747710794;-1.0;1998 mar gra 0
7732-18-5;water;98-01-1;;373.15;101.3;1;0.956556191555;-1.0;1998 mar gra 0
7732-18-5;water;98-01-1;;376.15;101.3;1;0.952526844547;0.547653964591;1998 mar gra 0
7732-18-5;water;98-01-1;;298.15;101.3;1;0.985025725994;-1.0;1998 mar gra 0
7732-18-5;water;98-01-1;;383.15;101.3;1;0.941179351553;0.593627739041;1998 mar gra 0
7732-18-5;water;98-01-1;;396.6;101.325;1;0.782981373083;-1.0;1998 mar gra 0
7732-18-5;water;98-01-1;;393.5;101.325;1;-1.0;0.740888323679;1998 mar gra 0
7732-18-5;water;98-01-1;;392.1;101.325;1;-1.0;0.703608796459;1998 mar gra 0
7732-18-5;water;98-01-1;;383.7;101.325;1;-1.0;0.602089770268;1998 mar gra 0
7732-18-5;water;98-01-1;;375.8;101.325;1;-1.0;0.541854508221;1998 mar gra 0
7732-18-5;water;98-01-1;;337.6;101.325;1;-1.0;0.332736836414;1998 mar gra 0
7732-18-5;water;98-01-1;;328.2;101.325;1;-1.0;0.307934109119;1998 mar gra 0
7732-18-5;water;98-01-1;;318.25;101.325;1;-1.0;0.27694144592;1998 mar gra 0
7732-18-5;water;98-01-1;;312.75;101.325;1;-1.0;0.263953550737;1998 mar gra 0
7732-18-5;water;98-01-1;;308.05;101.325;1;-1.0;0.2864556493;1998 mar gra 0
7732-18-5;water;98-01-1;;303.15;101.325;1;-1.0;0.27694144592;1998 mar gra 0
7732-18-5;water;98-01-1;;298.35;101.325;1;-1.0;0.247212667668;1998 mar gra 0
7732-18-5;water;98-01-1;;323.15;101.3;1;-1.0;0.2864556493;1998 mar gra 0
7732-18-5;water;98-01-1;;353.15;101.3;1;0.972;-1.0;2007 her sch 1
7732-18-5;water;98-01-1;;363.15;101.3;1;0.9686;-1.0;2007 her sch 1
7732-18-5;water;98-01-1;;373.1;101.3;1;0.966;-1.0;2007 her sch 1
7732-18-5;water;98-01-1;;288.2;101.0;1;0.9862;0.1971;2012 alm wal 0
7732-18-5;water;98-01-1;;298.2;101.0;1;0.9856;0.1838;2012 alm wal 0
7732-18-5;water;98-01-1;;303.2;101.0;1;0.9835;0.2516;2012 alm wal 0
7732-18-5;water;98-01-1;;318.2;101.0;1;0.9834;0.2846;2012 alm wal 0
7732-18-5;water;98-01-1;;298.15;101.0;1;0.98359291099;-1.0;2013 lom gin 1
7732-18-5;water;98-01-1;;298.15;101.0;1;0.979125560142;0.184916068938;2014 won hro 0
7732-18-5;water;98-01-1;;298.2;101.0;1;0.982556100172;0.203452967338;2014 won hro 2
7732-18-5;water;98-01-1;;298.3;101.0;1;0.983743389275;0.208261142053;2016 man pok 0
7732-18-5;water;98-01-1;;302.9;101.0;1;0.982012641921;0.233396668943;2016 man pok 0
7732-18-5;water;98-01-1;;321.4;101.0;1;0.980036329861;0.295781920553;2016 man pok 0
7732-18-5;water;98-01-1;;298.2;101.0;1;0.983097188874;0.211929220912;2016 man pok 0
7732-18-5;water;98-01-1;;350.2;101.0;1;0.97014338636;0.37469338886;2016 man pok 0
7732-18-5;water;98-01-1;;302.8;101.0;1;0.982881036747;0.219186988161;2016 man pok 0
7732-18-5;water;98-01-1;;322.6;101.0;1;0.979370561859;0.270491412782;2016 man pok 0
7732-18-5;water;98-01-1;;303.1;101.0;1;0.982447598583;0.219186988161;2016 man pok 0
7732-18-5;water;98-01-1;;342.2;101.0;1;0.975070517064;0.377266039832;2016 man pok 0
7732-18-5;water;98-01-1;;303.2;101.0;1;0.982447598583;0.222777232996;2016 man pok 0
7732-18-5;water;98-01-1;;298.3;101.0;1;0.98459976235;0.21557107621;2016 man pok 2
7732-18-5;water;98-01-1;;298.2;101.0;1;0.98417231935;0.219186988161;2016 man pok 2
7732-18-5;water;98-01-1;;322.5;101.0;1;0.980918554236;0.273727296977;2016 man pok 2
7732-18-5;water;98-01-1;;342.2;101.0;1;0.977351872572;0.34256644673;2016 man pok 2
7732-18-5;water;98-01-1;;293.15;101.0;1;0.987966686935;-1.0;2017 die kro 0
7732-18-5;water;98-01-1;;323.2;100.5;1;0.9807;0.2897;2018 cui liu 0
7732-18-5;water;98-01-1;;303.2;100.5;1;0.9834;0.2304;2018 cui liu 0
7732-18-5;water;98-01-1;;298.0;101.0;1;0.984663751018;0.185685762592;2018 ers pok 0
7732-18-5;water;98-01-1;;298.1;101.0;1;0.98449304059;0.185685762592;2018 ers pok 0
7732-18-5;water;98-01-1;;303.0;101.0;1;0.983700414179;0.207524354511;2018 ers pok 0
7732-18-5;water;98-01-1;;322.5;101.0;1;0.981094254588;0.264611340334;2018 ers pok 0
7732-18-5;water;98-01-1;;322.7;101.0;1;0.98196906243;0.247212667668;2018 ers pok 0
7732-18-5;water;98-01-1;;342.0;101.0;1;0.975621780584;0.32384711891;2018 ers pok 0
7732-18-5;water;98-01-1;;308.15;100.0;1;0.979147852758;-1.0;2018 ros gre 0
7732-18-5;water;98-01-1;;298.15;101.3;1;0.982599474262;0.223134856306;2019 gal bur 0
7732-18-5;water;98-01-1;;333.15;101.3;1;0.981160078524;0.325581419084;2019 gal bur 0
7732-18-5;water;98-01-1;;298.1;101.0;1;0.983850761631;0.189517299288;2021 mik kan 0
7732-18-5;water;98-01-1;;298.1;101.0;1;0.983571399124;-1.0;2021 mik kan 0
7732-18-5;water;98-01-1;;323.1;101.0;1;0.980169060511;0.266579349523;2021 mik kan 0
7732-18-5;water;98-01-1;;323.1;101.0;1;0.980544368641;-1.0;2021 mik kan 0
7732-18-5;water;98-01-1;;323.1;101.0;1;0.980169060511;-1.0;2021 mik kan 0
7732-18-5;water;98-01-1;;323.1;101.0;1;0.980124832579;-1.0;2021 mik kan 0
100-41-4;;7732-18-5;water;313.15;136.0;1;0.99634;2.92e-05;1994 che wag 2
100-41-4;;7732-18-5;water;303.15;136.0;1;0.99729;2.88e-05;1994 che wag 2
100-41-4;;7732-18-5;water;323.15;136.0;1;0.99543;3.35e-05;1994 che wag 2
100-41-4;;7732-18-5;water;333.15;136.0;1;0.99427;4.07e-05;1994 che wag 2
100-41-4;;7732-18-5;water;343.15;136.0;1;0.9917;4.93e-05;1994 che wag 2
100-41-4;;7732-18-5;water;353.15;136.0;1;0.9893;6e-05;1994 che wag 2
100-41-4;;7732-18-5;water;363.15;170.0;1;0.9846;6.95e-05;1994 che wag 2
100-41-4;;7732-18-5;water;373.15;224.0;1;0.9798;8.54e-05;1994 che wag 2
100-41-4;;7732-18-5;water;313.15;101.3;1;0.99545;-1.0;2011 mar kla 0
100-41-4;;7732-18-5;water;318.15;101.3;1;0.994749;-1.0;2011 mar kla 0
100-41-4;;7732-18-5;water;323.15;101.3;1;0.994106;-1.0;2011 mar kla 0
100-41-4;;7732-18-5;water;328.15;101.3;1;0.993348;-1.0;2011 mar kla 0
100-41-4;;7732-18-5;water;333.15;101.3;1;0.992533;-1.0;2011 mar kla 0
100-41-4;;7732-18-5;water;338.15;101.3;1;0.991283;-1.0;2011 mar kla 0
100-41-4;;7732-18-5;water;303.15;100.5;1;0.9967;4e-05;2018 cui liu 0
100-41-4;;7732-18-5;water;323.15;100.5;1;0.9947;7e-05;2018 cui liu 0
100-41-4;;7732-18-5;water;308.2;100.0;1;0.995303735324;3.39424160308e-05;2020 gil kas 1
100-41-4;;7732-18-5;water;318.2;100.0;1;0.99413538625;3.39424160308e-05;2020 gil kas 1
100-41-4;;7732-18-5;water;298.2;100.0;1;0.996474364541;3.39424160308e-05;2020 gil kas 1
100-41-4;;7732-18-5;water;273.100015873;101.0;1;0.998951903521;3.34331964962e-05;1973 pol lu 0
100-41-4;;7732-18-5;water;298.14437;101.0;1;0.997400778191;3.00384644393e-05;1973 pol lu 0
100-41-4;;7732-18-5;water;298.136;101.325;1;0.9977;2.5e-05;1952 don bar 0
100-41-4;;7732-18-5;water;310.89073;-1.0;1;0.9957;-1.0;1985 hei tso 0
100-41-4;;7732-18-5;water;367.57548;-1.0;1;0.9814;-1.0;1985 hei tso 0
100-41-4;;7732-18-5;water;423.36432;-1.0;1;0.9404;-1.0;1985 hei tso 0
100-41-4;;7732-18-5;water;479.46;-1.0;1;0.837;-1.0;1985 hei tso 0
100-41-4;;7732-18-5;water;536.06061;-1.0;1;0.592;-1.0;1985 hei tso 0
100-41-4;;7732-18-5;water;550.361;-1.0;1;0.528;-1.0;1985 hei tso 0
100-41-4;;7732-18-5;water;568.061;-1.0;1;0.309;-1.0;1985 hei tso 0
100-41-4;;7732-18-5;water;311.49055;-1.0;1;-1.0;3.2e-05;1985 hei tso 0
100-41-4;;7732-18-5;water;367.57548;-1.0;1;-1.0;8.6e-05;1985 hei tso 0
100-41-4;;7732-18-5;water;423.36432;-1.0;1;-1.0;0.000219;1985 hei tso 0
100-41-4;;7732-18-5;water;479.46;-1.0;1;-1.0;0.0006;1985 hei tso 0
100-41-4;;7732-18-5;water;536.06061;-1.0;1;-1.0;0.00325;1985 hei tso 0
100-41-4;;7732-18-5;water;552.761;-1.0;1;-1.0;0.00375;1985 hei tso 0
100-41-4;;7732-18-5;water;291.33908;101.325;1;0.99826;-1.0;1952 fil fur 0
100-41-4;;7732-18-5;water;291.43902;101.325;1;0.99819;-1.0;1952 fil fur 0
100-41-4;;7732-18-5;water;292.83818;101.325;1;0.99808;-1.0;1952 fil fur 0
100-41-4;;7732-18-5;water;295.43708;101.325;1;0.99793;-1.0;1952 fil fur 0
100-41-4;;7732-18-5;water;296.53664;101.325;1;0.99788;-1.0;1952 fil fur 0
100-41-4;;7732-18-5;water;297.33632;101.325;1;0.99772;-1.0;1952 fil fur 0
100-41-4;;7732-18-5;water;300.33512;101.325;1;0.99709;-1.0;1952 fil fur 0
100-41-4;;7732-18-5;water;302.93408;101.325;1;0.9965;-1.0;1952 fil fur 0
100-41-4;;7732-18-5;water;304.73336;101.325;1;0.99619;-1.0;1952 fil fur 0
100-41-4;;7732-18-5;water;305.23316;101.325;1;0.99595;-1.0;1952 fil fur 0
100-41-4;;7732-18-5;water;307.33232;101.325;1;0.99562;-1.0;1952 fil fur 0
100-41-4;;7732-18-5;water;308.23196;101.325;1;0.99544;-1.0;1952 fil fur 0
100-41-4;;7732-18-5;water;309.73136;101.325;1;0.9951;-1.0;1952 fil fur 0
100-41-4;;7732-18-5;water;311.93048;101.325;1;0.99462;-1.0;1952 fil fur 0
100-41-4;;7732-18-5;water;314.62955;101.325;1;0.9941;-1.0;1952 fil fur 0
100-41-4;;7732-18-5;water;316.22907;101.325;1;0.99373;-1.0;1952 fil fur 0
100-41-4;;7732-18-5;water;320.32784;101.325;1;0.99282;-1.0;1952 fil fur 0
100-41-4;;7732-18-5;water;322.62715;101.325;1;0.99238;-1.0;1952 fil fur 0
100-41-4;;7732-18-5;water;298.136;101.325;1;0.997488383306;-1.0;1963 jon mon 0
100-41-4;;7732-18-5;water;303.134;101.325;1;0.997071816219;-1.0;1963 jon mon 0
100-41-4;;7732-18-5;water;308.132;101.325;1;0.99638084396;-1.0;1963 jon mon 0
100-41-4;;7732-18-5;water;283.144;101.32;1;0.998381517368;-1.0;1965 eng pla 0
100-41-4;;7732-18-5;water;293.138;101.32;1;0.997805799814;-1.0;1965 eng pla 0
100-41-4;;7732-18-5;water;303.134;101.32;1;0.997048807247;-1.0;1965 eng pla 0
100-41-4;;7732-18-5;water;298.136;-1.0;1;-1.0;3.52930049815e-05;1964 gus par 0
100-41-4;;7732-18-5;water;388.1265;-1.0;1;-1.0;8.70402626068e-05;1964 gus par 0
100-41-4;;7732-18-5;water;413.6321;-1.0;1;-1.0;0.000201883072686;1964 gus par 0
100-41-4;;7732-18-5;water;443.6412;-1.0;1;-1.0;0.00060201519452;1964 gus par 0
100-41-4;;7732-18-5;water;483.157;-1.0;1;-1.0;0.00112035395979;1964 gus par 0
100-41-4;;7732-18-5;water;506.6654;-1.0;1;-1.0;0.00191206819092;1964 gus par 0
100-41-4;;7732-18-5;water;288.141;101.0;1;-1.0;2.37585074007e-05;1924 fuh & 0
100-41-4;;7732-18-5;water;298.136;101.325;1;-1.0;2.85e-05;1950 and kee 0
100-41-4;;7732-18-5;water;288.141;101.325;1;-1.0;2.9e-05;1950 kle & 1
100-41-4;;7732-18-5;water;315.92916;100.0;1;-1.0;3.95144925001e-05;1951 boh cla 0
100-41-4;;7732-18-5;water;308.03204;100.0;1;-1.0;3.76504453056e-05;1951 boh cla 0
100-41-4;;7732-18-5;water;303.33392;100.0;1;-1.0;3.60201812317e-05;1951 boh cla 0
100-41-4;;7732-18-5;water;298.73576;100.0;1;-1.0;3.55360897457e-05;1951 boh cla 0
100-41-4;;7732-18-5;water;294.33752;100.0;1;-1.0;3.51472122702e-05;1951 boh cla 0
100-41-4;;7732-18-5;water;293.83772;100.0;1;-1.0;3.51430166866e-05;1951 boh cla 0
100-41-4;;7732-18-5;water;278.34688;100.0;1;-1.0;3.61742220919e-05;1951 boh cla 0
100-41-4;;7732-18-5;water;273.54976;100.0;1;-1.0;3.7111144562e-05;1951 boh cla 0
100-41-4;;7732-18-5;water;298.136;101.325;1;-1.0;2.8e-05;1952 mor bil 0
100-41-4;;7732-18-5;water;298.136;101.325;1;-1.0;2.69790117712e-05;1963 mca & 0
100-41-4;;7732-18-5;water;298.136;101.0;1;-1.0;2.57912871697e-05;1966 mca & 0
100-41-4;;7732-18-5;water;284.347695;101.325;1;-1.0;3.38130116416e-05;1973 ves & 0
100-41-4;;7732-18-5;water;288.646405;101.325;1;-1.0;3.3434722082e-05;1973 ves & 0
100-41-4;;7732-18-5;water;292.44551;101.325;1;-1.0;3.36148600032e-05;1973 ves & 0
100-41-4;;7732-18-5;water;295.44491;101.325;1;-1.0;3.42453422164e-05;1973 ves & 0
100-41-4;;7732-18-5;water;299.24415;101.325;1;-1.0;3.48217824012e-05;1973 ves & 0
100-41-4;;7732-18-5;water;303.642905;101.325;1;-1.0;3.50379472992e-05;1973 ves & 0
100-41-4;;7732-18-5;water;306.841945;101.325;1;-1.0;3.56143865703e-05;1973 ves & 0
100-41-4;;7732-18-5;water;277.649343066;101.325;1;-1.0;3.33e-05;1974 bro was 0
100-41-4;;7732-18-5;water;279.449080292;101.325;1;-1.0;3.26e-05;1974 bro was 0
100-41-4;;7732-18-5;water;280.248925;101.325;1;-1.0;3.16e-05;1974 bro was 0
100-41-4;;7732-18-5;water;282.148355;101.325;1;-1.0;3.18e-05;1974 bro was 0
100-41-4;;7732-18-5;water;284.947515;101.325;1;-1.0;3.07e-05;1974 bro was 0
100-41-4;;7732-18-5;water;285.247425;101.325;1;-1.0;3.11e-05;1974 bro was 0
100-41-4;;7732-18-5;water;288.246525;101.325;1;-1.0;3.06e-05;1974 bro was 0
100-41-4;;7732-18-5;water;291.04579;101.325;1;-1.0;3.12e-05;1974 bro was 0
100-41-4;;7732-18-5;water;293.24535;101.325;1;-1.0;3.1e-05;1974 bro was 0
100-41-4;;7732-18-5;water;297.9944;101.325;1;-1.0;3.44e-05;1974 ves & 0
100-41-4;;7732-18-5;water;298.14437;101.32;1;-1.0;2.7439509975e-05;1975 sut cal 0
100-41-4;;7732-18-5;water;298.14437;101.325;1;-1.0;2.22310086339e-05;1976 pri & 0
100-41-4;;7732-18-5;water;293.14537;101.325;1;-1.0;3.6e-05;1977 kor are 0
100-41-4;;7732-18-5;water;283.19804;101.325;1;-1.0;3.44e-05;1979 ben wil 0
100-41-4;;7732-18-5;water;293.19536;101.325;1;-1.0;3.61e-05;1979 ben wil 0
100-41-4;;7732-18-5;water;298.19436;101.325;1;-1.0;3.61e-05;1980 ben wil 0
100-41-4;;7732-18-5;water;283.19804;101.325;1;-1.0;3.58e-05;1980 sch mil 0
100-41-4;;7732-18-5;water;283.19804;101.325;1;-1.0;3.05e-05;1980 sch mil 0
100-41-4;;7732-18-5;water;293.19536;101.325;1;-1.0;3.53e-05;1980 sch mil 0
100-41-4;;7732-18-5;water;293.19536;101.325;1;-1.0;3.12e-05;1980 sch mil 0
100-41-4;;7732-18-5;water;288.146555;101.325;1;-1.0;2.72e-05;1982 san ara 0
100-41-4;;7732-18-5;water;298.14437;101.325;1;-1.0;2.87e-05;1982 san ara 0
100-41-4;;7732-18-5;water;308.141555;101.325;1;-1.0;2.99e-05;1982 san ara 0
100-41-4;;7732-18-5;water;318.138555;101.325;1;-1.0;3.33e-05;1982 san ara 0
100-41-4;;7732-18-5;water;298.14437;101.3;1;-1.0;3.18073068532e-05;1982 tew mil 0
100-41-4;;7732-18-5;water;298.14437;101.325;1;-1.0;2.92e-05;1984 san ara 0
100-41-4;;7732-18-5;water;298.14437;101.325;1;-1.0;3.18073068532e-05;1985 mil was 0
100-41-4;;7732-18-5;water;283.148055;101.3;1;-1.0;3.33265487883e-05;1986 owe was 0
100-41-4;;7732-18-5;water;287.146855;101.3;1;-1.0;3.26649278734e-05;1986 owe was 0
100-41-4;;7732-18-5;water;290.14597;101.3;1;-1.0;3.20351564004e-05;1986 owe was 0
100-41-4;;7732-18-5;water;291.14577;101.3;1;-1.0;3.1121774813e-05;1986 owe was 0
100-41-4;;7732-18-5;water;292.14557;101.3;1;-1.0;3.02443140788e-05;1986 owe was 0
100-41-4;;7732-18-5;water;293.14537;101.3;1;-1.0;3.19481682157e-05;1986 owe was 0
100-41-4;;7732-18-5;water;294.14517;101.3;1;-1.0;3.11250868191e-05;1986 owe was 0
100-41-4;;7732-18-5;water;295.14497;101.3;1;-1.0;3.09339683466e-05;1986 owe was 0
100-41-4;;7732-18-5;water;296.64467;101.3;1;-1.0;3.16322136653e-05;1986 owe was 0
100-41-4;;7732-18-5;water;298.14437;101.3;1;-1.0;3.27291434707e-05;1986 owe was 0
100-41-4;;7732-18-5;water;298.94421;101.3;1;-1.0;3.16876134855e-05;1986 owe was 0
100-41-4;;7732-18-5;water;301.143655;101.3;1;-1.0;3.15985870284e-05;1986 owe was 0
100-41-4;;7732-18-5;water;303.143055;101.3;1;-1.0;3.21602103585e-05;1986 owe was 0
100-41-4;;7732-18-5;water;308.141555;101.3;1;-1.0;3.29547142407e-05;1986 owe was 0
100-41-4;;7732-18-5;water;313.140055;101.3;1;-1.0;3.50105665148e-05;1986 owe was 0
100-41-4;;7732-18-5;water;318.138555;101.3;1;-1.0;3.62245551934e-05;1986 owe was 0
100-41-4;;7732-18-5;water;303.143055;101.0;1;-1.0;2.05338145599e-05;1987 how mul 0
100-41-4;;7732-18-5;water;283.148055;101.0;1;-1.0;1.69697987517e-05;1987 how mul 0
100-41-4;;7732-18-5;water;293.14537;101.0;1;-1.0;1.815779021e-05;1987 how mul 0
100-41-4;;7732-18-5;water;298.14437;100.0;1;-1.0;3.25e-05;1989 saw kit 0
100-41-4;;7732-18-5;water;298.15;101.325;1;-1.0;3e-05;1991 kee hof 0
100-41-4;;7732-18-5;water;298.15;101.325;1;-1.0;3.09854343867e-05;1995 dal & 0
100-41-4;;7732-18-5;water;273.65;101.0;1;-1.0;2.86e-05;2001 doh fen 0
100-41-4;;7732-18-5;water;278.15;101.0;1;-1.0;2.83e-05;2001 doh fen 0
100-41-4;;7732-18-5;water;288.15;101.0;1;-1.0;2.82e-05;2001 doh fen 0
100-41-4;;7732-18-5;water;298.15;101.0;1;-1.0;2.89e-05;2001 doh fen 0
100-41-4;;7732-18-5;water;308.15;101.0;1;-1.0;3.02e-05;2001 doh fen 0
100-41-4;;7732-18-5;water;318.15;101.0;1;-1.0;3.23e-05;2001 doh fen 0
100-41-4;;7732-18-5;water;328.15;101.0;1;-1.0;3.69e-05;2001 doh fen 0
100-41-4;;7732-18-5;water;273.2;100.0;1;-1.0;3.234e-05;2001 saw nag 0
100-41-4;;7732-18-5;water;278.2;100.0;1;-1.0;3.084e-05;2001 saw nag 0
100-41-4;;7732-18-5;water;283.2;100.0;1;-1.0;2.964e-05;2001 saw nag 0
100-41-4;;7732-18-5;water;288.2;100.0;1;-1.0;2.88e-05;2001 saw nag 0
100-41-4;;7732-18-5;water;293.2;100.0;1;-1.0;2.863e-05;2001 saw nag 0
100-41-4;;7732-18-5;water;303.2;100.0;1;-1.0;2.946e-05;2001 saw nag 0
100-41-4;;7732-18-5;water;308.2;100.0;1;-1.0;3.047e-05;2001 saw nag 0
100-41-4;;7732-18-5;water;313.2;100.0;1;-1.0;3.188e-05;2001 saw nag 0
100-41-4;;7732-18-5;water;318.2;100.0;1;-1.0;3.338e-05;2001 saw nag 0
100-41-4;;7732-18-5;water;323.2;100.0;1;-1.0;3.525e-05;2001 saw nag 0
100-41-4;;7732-18-5;water;280.25;101.0;1;-1.0;3.02e-05;2005 fre raz 0
100-41-4;;7732-18-5;water;290.09;101.0;1;-1.0;2.95e-05;2005 fre raz 0
100-41-4;;7732-18-5;water;299.9;101.0;1;-1.0;3.07e-05;2005 fre raz 0
100-41-4;;7732-18-5;water;309.71;101.0;1;-1.0;3.25e-05;2005 fre raz 0
100-41-4;;7732-18-5;water;319.65;101.0;1;-1.0;3.59e-05;2005 fre raz 0
100-41-4;;7732-18-5;water;329.89;101.0;1;-1.0;3.99e-05;2005 fre raz 0
100-41-4;;7732-18-5;water;339.8;101.0;1;-1.0;4.61e-05;2005 fre raz 0
100-41-4;;7732-18-5;water;297.65;501.7;1;-1.0;2.93e-05;2008 coq val 1
100-41-4;;7732-18-5;water;313.2;503.4;1;-1.0;3.21e-05;2008 coq val 1
100-41-4;;7732-18-5;water;343.13;500.9;1;-1.0;4.7e-05;2008 coq val 1
100-41-4;;7732-18-5;water;373.09;504.5;1;-1.0;8.41e-05;2008 coq val 1
100-41-4;;7732-18-5;water;393.21;511.0;1;-1.0;0.000132;2008 coq val 1
100-41-4;;7732-18-5;water;312.95;101.0;1;-1.0;3.38e-05;2008 saa oua 0
100-41-4;;7732-18-5;water;313.15;101.0;1;-1.0;3.56e-05;2008 saa oua 0
100-41-4;;7732-18-5;water;313.25;101.0;1;-1.0;3.45e-05;2008 saa oua 0
100-41-4;;7732-18-5;water;313.85;101.0;1;-1.0;3.38e-05;2008 saa oua 0
100-41-4;;7732-18-5;water;314.05;101.0;1;-1.0;3.26e-05;2008 saa oua 0
108-95-2;;7732-18-5;water;338.124;-1.0;1;0.160664597603;-1.0;1937 cam cam 1
108-95-2;;7732-18-5;water;334.924;-1.0;1;0.18347954209;-1.0;1937 cam cam 1
108-95-2;;7732-18-5;water;333.624;-1.0;1;0.192725383352;-1.0;1937 cam cam 1
108-95-2;;7732-18-5;water;332.92406;-1.0;1;0.207046470419;-1.0;1937 cam cam 1
108-95-2;;7732-18-5;water;328.62535;-1.0;1;0.223076637319;-1.0;1937 cam cam 1
108-95-2;;7732-18-5;water;323.127;-1.0;1;0.237987788352;-1.0;1937 cam cam 1
108-95-2;;7732-18-5;water;318.82829;-1.0;1;0.257209435717;-1.0;1937 cam cam 1
108-95-2;;7732-18-5;water;311.93048;-1.0;1;0.276249402165;-1.0;1937 cam cam 1
108-95-2;;7732-18-5;water;305.633;-1.0;1;0.298767851658;-1.0;1937 cam cam 1
108-95-2;;7732-18-5;water;302.73416;-1.0;1;0.315952951045;-1.0;1937 cam cam 1
108-95-2;;7732-18-5;water;297.03644;-1.0;1;0.321219304472;-1.0;1937 cam cam 1
108-95-2;;7732-18-5;water;275.74844;-1.0;1;0.372286930029;-1.0;1937 cam cam 1
108-95-2;;7732-18-5;water;274.44922;-1.0;1;0.37739687286;-1.0;1937 cam cam 1
108-95-2;;7732-18-5;water;317.62865;-1.0;1;0.262260550557;-1.0;1937 cam cam 1
108-95-2;;7732-18-5;water;276.24814;-1.0;1;0.371022703559;-1.0;1937 cam cam 1
108-95-2;;7732-18-5;water;279.34628;-1.0;1;0.362317975496;-1.0;1937 cam cam 1
108-95-2;;7732-18-5;water;281.04526;-1.0;1;0.357454889694;-1.0;1937 cam cam 1
108-95-2;;7732-18-5;water;283.144;-1.0;1;0.356251430247;-1.0;1937 cam cam 1
108-95-2;;7732-18-5;water;283.74364;-1.0;1;0.352670124824;-1.0;1937 cam cam 1
108-95-2;;7732-18-5;water;286.34208;-1.0;1;0.347961803939;-1.0;1937 cam cam 1
108-95-2;;7732-18-5;water;288.141;-1.0;1;0.337638258804;-1.0;1937 cam cam 1
108-95-2;;7732-18-5;water;291.23914;-1.0;1;0.335393451021;-1.0;1937 cam cam 1
108-95-2;;7732-18-5;water;294.83732;-1.0;1;0.332058947603;-1.0;1937 cam cam 1
108-95-2;;7732-18-5;water;295.73696;-1.0;1;0.329857455438;-1.0;1937 cam cam 1
108-95-2;;7732-18-5;water;299.33552;-1.0;1;0.316998253488;-1.0;1937 cam cam 1
108-95-2;;7732-18-5;water;301.43468;-1.0;1;0.310785083059;-1.0;1937 cam cam 1
108-95-2;;7732-18-5;water;303.83372;-1.0;1;0.303710331307;-1.0;1937 cam cam 1
108-95-2;;7732-18-5;water;307.23236;-1.0;1;0.293914952816;-1.0;1937 cam cam 1
108-95-2;;7732-18-5;water;307.43228;-1.0;1;0.291998332339;-1.0;1937 cam cam 1
108-95-2;;7732-18-5;water;308.73176;-1.0;1;0.289149221222;-1.0;1937 cam cam 1
108-95-2;;7732-18-5;water;311.83052;-1.0;1;0.278053350664;-1.0;1937 cam cam 1
108-95-2;;7732-18-5;water;319.32814;-1.0;1;0.253898456473;-1.0;1937 cam cam 1
108-95-2;;7732-18-5;water;322.62715;-1.0;1;0.244226596565;-1.0;1937 cam cam 1
108-95-2;;7732-18-5;water;328.1255;-1.0;1;0.219494072759;-1.0;1937 cam cam 1
108-95-2;;7732-18-5;water;328.62535;-1.0;1;0.217371205958;-1.0;1937 cam cam 1
108-95-2;;7732-18-5;water;333.02403;-1.0;1;0.195898413379;-1.0;1937 cam cam 1
108-95-2;;7732-18-5;water;335.124;-1.0;1;0.180485433021;-1.0;1937 cam cam 1
108-95-2;;7732-18-5;water;338.124;-1.0;1;0.160664597603;-1.0;1937 cam cam 1
108-95-2;;7732-18-5;water;338.524;-1.0;1;0.155342773548;-1.0;1937 cam cam 1
108-95-2;;7732-18-5;water;274.44922;-1.0;1;-1.0;0.0137738129034;1937 cam cam 1
108-95-2;;7732-18-5;water;275.74844;-1.0;1;-1.0;0.0139883377684;1937 cam cam 1
108-95-2;;7732-18-5;water;302.73416;-1.0;1;-1.0;0.0152832426434;1937 cam cam 1
108-95-2;;7732-18-5;water;297.03644;-1.0;1;-1.0;0.0159357239063;1937 cam cam 1
108-95-2;;7732-18-5;water;311.93048;-1.0;1;-1.0;0.0159357239063;1937 cam cam 1
108-95-2;;7732-18-5;water;305.633;-1.0;1;-1.0;0.0163725916545;1937 cam cam 1
108-95-2;;7732-18-5;water;318.82829;-1.0;1;-1.0;0.0201478715448;1937 cam cam 1
108-95-2;;7732-18-5;water;323.127;-1.0;1;-1.0;0.0242699509487;1937 cam cam 1
108-95-2;;7732-18-5;water;328.62535;-1.0;1;-1.0;0.0254385556153;1937 cam cam 1
108-95-2;;7732-18-5;water;332.92406;-1.0;1;-1.0;0.0292494340506;1937 cam cam 1
108-95-2;;7732-18-5;water;333.624;-1.0;1;-1.0;0.030219527415;1937 cam cam 1
108-95-2;;7732-18-5;water;334.924;-1.0;1;-1.0;0.0326760042226;1937 cam cam 1
108-95-2;;7732-18-5;water;338.124;-1.0;1;-1.0;0.0416415369951;1937 cam cam 1
108-95-2;;7732-18-5;water;339.924;-1.0;1;-1.0;0.0915892895273;1937 cam cam 1
108-95-2;;7732-18-5;water;273.15;-1.0;1;-1.0;0.0127066717155;1937 cam cam 1
108-95-2;;7732-18-5;water;276.24814;-1.0;1;-1.0;0.0137738129034;1937 cam cam 1
108-95-2;;7732-18-5;water;279.34628;-1.0;1;-1.0;0.0137738129034;1937 cam cam 1
108-95-2;;7732-18-5;water;281.04526;-1.0;1;-1.0;0.0137738129034;1937 cam cam 1
108-95-2;;7732-18-5;water;283.144;-1.0;1;-1.0;0.0142032303691;1937 cam cam 1
108-95-2;;7732-18-5;water;283.74364;-1.0;1;-1.0;0.0142032303691;1937 cam cam 1
108-95-2;;7732-18-5;water;286.34208;-1.0;1;-1.0;0.0142032303691;1937 cam cam 1
108-95-2;;7732-18-5;water;288.141;-1.0;1;-1.0;0.0144184916517;1937 cam cam 1
108-95-2;;7732-18-5;water;291.23914;-1.0;1;-1.0;0.014634122566;1937 cam cam 1
108-95-2;;7732-18-5;water;294.83732;-1.0;1;-1.0;0.0148501240647;1937 cam cam 1
108-95-2;;7732-18-5;water;295.73696;-1.0;1;-1.0;0.0152832426434;1937 cam cam 1
108-95-2;;7732-18-5;water;299.33552;-1.0;1;-1.0;0.0152832426434;1937 cam cam 1
108-95-2;;7732-18-5;water;301.43468;-1.0;1;-1.0;0.0152832426434;1937 cam cam 1
108-95-2;;7732-18-5;water;303.83372;-1.0;1;-1.0;0.0152832426434;1937 cam cam 1
108-95-2;;7732-18-5;water;307.23236;-1.0;1;-1.0;0.0155003616457;1937 cam cam 1
108-95-2;;7732-18-5;water;307.43228;-1.0;1;-1.0;0.0155003616457;1937 cam cam 1
108-95-2;;7732-18-5;water;308.73176;-1.0;1;-1.0;0.0157178550768;1937 cam cam 1
108-95-2;;7732-18-5;water;311.83052;-1.0;1;-1.0;0.0159357239063;1937 cam cam 1
108-95-2;;7732-18-5;water;317.62865;-1.0;1;-1.0;0.017913597917;1937 cam cam 1
108-95-2;;7732-18-5;water;319.32814;-1.0;1;-1.0;0.018579788408;1937 cam cam 1
108-95-2;;7732-18-5;water;322.62715;-1.0;1;-1.0;0.0196978857597;1937 cam cam 1
108-95-2;;7732-18-5;water;328.1255;-1.0;1;-1.0;0.0238054208855;1937 cam cam 1
108-95-2;;7732-18-5;water;328.62535;-1.0;1;-1.0;0.0242699509487;1937 cam cam 1
108-95-2;;7732-18-5;water;333.02403;-1.0;1;-1.0;0.030219527415;1937 cam cam 1
108-95-2;;7732-18-5;water;335.124;-1.0;1;-1.0;0.0326760042226;1937 cam cam 1
108-95-2;;7732-18-5;water;338.124;-1.0;1;-1.0;0.0416415369951;1937 cam cam 1
108-95-2;;7732-18-5;water;338.524;-1.0;1;-1.0;0.0456692194784;1937 cam cam 1
108-95-2;;7732-18-5;water;340.124;101.0;1;0.0634780809653;-1.0;1886 ale & 0
108-95-2;;7732-18-5;water;340.124;101.0;1;0.0710525509815;-1.0;1886 ale & 0
108-95-2;;7732-18-5;water;340.124;101.0;1;0.099894260083;-1.0;1886 ale & 0
108-95-2;;7732-18-5;water;338.124;101.0;1;0.154609071265;-1.0;1886 ale & 0
108-95-2;;7732-18-5;water;326.1261;101.0;1;0.231533987642;-1.0;1886 ale & 0
108-95-2;;7732-18-5;water;293.138;101.0;1;0.329528700596;-1.0;1886 ale & 0
108-95-2;;7732-18-5;water;274.1494;101.0;1;-1.0;0.0144615882336;1886 ale & 0
108-95-2;;7732-18-5;water;318.1285;101.0;1;-1.0;0.0212797757395;1886 ale & 0
108-95-2;;7732-18-5;water;333.124;101.0;1;-1.0;0.0334467178629;1886 ale & 0
108-95-2;;7732-18-5;water;341.794;101.325;1;0.08956;-1.0;1898 rot & 0
108-95-2;;7732-18-5;water;290.93932;101.325;1;-1.0;0.01694;1898 rot & 0
108-95-2;;7732-18-5;water;306.03284;101.325;1;-1.0;0.01902;1898 rot & 0
108-95-2;;7732-18-5;water;316.878875;101.325;1;-1.0;0.0218;1898 rot & 0
108-95-2;;7732-18-5;water;328.52538;101.325;1;-1.0;0.03004;1898 rot & 0
108-95-2;;7732-18-5;water;335.124;101.325;1;-1.0;0.04232;1898 rot & 0
108-95-2;;7732-18-5;water;341.124;101.325;1;0.096;-1.0;1899 sch & 2
108-95-2;;7732-18-5;water;319.1282;101.325;1;0.251;0.022;1899 sch & 2
108-95-2;;7732-18-5;water;323.127;101.325;1;0.238;0.023;1899 sch & 2
108-95-2;;7732-18-5;water;341.124;101.325;1;0.096;-1.0;1899 sch & 2
108-95-2;;7732-18-5;water;315.989142;101.325;1;0.2626;-1.0;1901 fri & 0
108-95-2;;7732-18-5;water;338.394;101.325;1;0.13541;-1.0;1901 fri & 0
108-95-2;;7732-18-5;water;339.034;101.325;1;0.11511;-1.0;1901 fri & 0
108-95-2;;7732-18-5;water;339.094;101.325;1;0.0977;-1.0;1901 fri & 0
108-95-2;;7732-18-5;water;311.620604;101.325;1;-1.0;0.01979;1901 fri & 0
108-95-2;;7732-18-5;water;323.146994;101.325;1;-1.0;0.02553;1901 fri & 0
108-95-2;;7732-18-5;water;338.194;101.325;1;-1.0;0.05751;1901 fri & 0
108-95-2;;7732-18-5;water;339.184;101.325;1;-1.0;0.07895;1901 fri & 0
108-95-2;;7732-18-5;water;339.184;101.325;1;-1.0;0.09419;1901 fri & 0
108-95-2;;7732-18-5;water;339.184;101.325;1;-1.0;0.09419;1901 fri & 0
108-95-2;;7732-18-5;water;302.93408;101.325;1;0.309;0.0164;1902 sch & 1
108-95-2;;7732-18-5;water;311.33072;101.325;1;0.28;0.0197;1902 sch & 1
108-95-2;;7732-18-5;water;315.52928;101.325;1;0.271;0.0208;1902 sch & 1
108-95-2;;7732-18-5;water;323.42691;101.325;1;0.246;0.0254;1902 sch & 1
108-95-2;;7732-18-5;water;329.62505;101.325;1;0.223;0.0314;1902 sch & 1
108-95-2;;7732-18-5;water;333.224;101.325;1;0.202;0.0377;1902 sch & 1
108-95-2;;7732-18-5;water;337.524;101.325;1;0.15;0.0526;1902 sch & 1
108-95-2;;7732-18-5;water;338.424;101.325;1;0.09916;-1.0;1907 tim & 1
108-95-2;;7732-18-5;water;293.73776;101.325;1;0.32336;-1.0;1907 tim & 1
108-95-2;;7732-18-5;water;315.82919;101.325;1;0.25973;-1.0;1907 tim & 1
108-95-2;;7732-18-5;water;333.324;101.325;1;0.18264;-1.0;1907 tim & 1
108-95-2;;7732-18-5;water;311.1308;101.325;1;-1.0;0.01959;1907 tim & 1
108-95-2;;7732-18-5;water;331.92436;101.325;1;-1.0;0.03558;1907 tim & 1
108-95-2;;7732-18-5;water;338.324;101.325;1;-1.0;0.0906;1907 tim & 1
108-95-2;;7732-18-5;water;285.1428;101.0;1;0.329857455438;0.0151748232511;1912 sch van 0
108-95-2;;7732-18-5;water;288.141;101.325;1;0.338;-1.0;1918 dub toq 0
108-95-2;;7732-18-5;water;311.6306;101.325;1;0.276;-1.0;1918 dub toq 0
108-95-2;;7732-18-5;water;336.524;101.325;1;0.161;-1.0;1918 dub toq 0
108-95-2;;7732-18-5;water;338.824;101.325;1;0.113;-1.0;1918 dub toq 0
108-95-2;;7732-18-5;water;313.52988;101.325;1;-1.0;0.0208;1918 dub toq 0
108-95-2;;7732-18-5;water;324.52658;101.325;1;-1.0;0.0266;1918 dub toq 0
108-95-2;;7732-18-5;water;336.024;101.325;1;-1.0;0.0457;1918 dub toq 0
108-95-2;;7732-18-5;water;288.141;101.0;1;0.337638258804;-1.0;1919 dub toq 0
108-95-2;;7732-18-5;water;311.6306;101.0;1;0.276249402165;-1.0;1919 dub toq 0
108-95-2;;7732-18-5;water;336.524;101.0;1;0.160664597603;-1.0;1919 dub toq 0
108-95-2;;7732-18-5;water;338.824;101.0;1;0.11317056623;-1.0;1919 dub toq 0
108-95-2;;7732-18-5;water;313.52988;101.0;1;-1.0;0.0208258191604;1919 dub toq 0
108-95-2;;7732-18-5;water;324.52658;101.0;1;-1.0;0.0266176718292;1919 dub toq 0
108-95-2;;7732-18-5;water;336.024;101.0;1;-1.0;0.0456692194784;1919 dub toq 0
108-95-2;;7732-18-5;water;339.724;101.325;1;0.09503;-1.0;1922 leo ang 0
108-95-2;;7732-18-5;water;273.15;101.325;1;0.37;0.0147;1922 leo ang 0
108-95-2;;7732-18-5;water;283.144;101.325;1;0.3449;0.01506;1922 leo ang 0
108-95-2;;7732-18-5;water;324.1267;101.325;1;0.2377;-1.0;1922 leo ang 0
108-95-2;;7732-18-5;water;324.22667;101.325;1;0.2366;-1.0;1922 leo ang 0
108-95-2;;7732-18-5;water;327.52568;101.325;1;0.2119;-1.0;1922 leo ang 0
108-95-2;;7732-18-5;water;331.92436;101.325;1;0.1894;-1.0;1922 leo ang 0
108-95-2;;7732-18-5;water;337.524;101.325;1;0.1424;-1.0;1922 leo ang 0
108-95-2;;7732-18-5;water;338.924;101.325;1;0.1027;0.06319;1922 leo ang 0
108-95-2;;7732-18-5;water;339.524;101.325;1;0.0978;-1.0;1922 leo ang 0
108-95-2;;7732-18-5;water;339.524;101.325;1;0.0965;-1.0;1922 leo ang 0
108-95-2;;7732-18-5;water;319.62805;101.325;1;-1.0;0.02345;1922 leo ang 0
108-95-2;;7732-18-5;water;326.62595;101.325;1;-1.0;0.02821;1922 leo ang 0
108-95-2;;7732-18-5;water;326.72592;101.325;1;-1.0;0.02828;1922 leo ang 0
108-95-2;;7732-18-5;water;327.1258;101.325;1;-1.0;0.0279;1922 leo ang 0
108-95-2;;7732-18-5;water;331.72442;101.325;1;-1.0;0.03459;1922 leo ang 0
108-95-2;;7732-18-5;water;335.624;101.325;1;-1.0;0.04339;1922 leo ang 0
108-95-2;;7732-18-5;water;336.924;101.325;1;-1.0;0.04941;1922 leo ang 0
108-95-2;;7732-18-5;water;338.324;101.325;1;-1.0;0.06142;1922 leo ang 0
108-95-2;;7732-18-5;water;338.424;101.0;1;0.0930686670102;-1.0;1925 bai & 0
108-95-2;;7732-18-5;water;338.124;101.0;1;0.120427041725;-1.0;1925 bai & 0
108-95-2;;7732-18-5;water;335.324;101.0;1;0.165027217638;-1.0;1925 bai & 0
108-95-2;;7732-18-5;water;306.03284;101.0;1;-1.0;0.0190258552715;1925 bai & 0
108-95-2;;7732-18-5;water;329.72502;101.0;1;-1.0;0.0316880083841;1925 bai & 0
108-95-2;;7732-18-5;water;332.82409;101.0;1;-1.0;0.0377271259089;1925 bai & 0
108-95-2;;7732-18-5;water;335.124;101.0;1;-1.0;0.0473131161935;1925 bai & 0
108-95-2;;7732-18-5;water;336.524;101.0;1;-1.0;0.0599792245151;1925 bai & 0
108-95-2;;7732-18-5;water;337.724;101.0;1;-1.0;0.075483573375;1925 bai & 0
108-95-2;;7732-18-5;water;293.138;101.325;1;0.3315;0.017157;1926 hil mal 0
108-95-2;;7732-18-5;water;298.136;101.325;1;0.322;0.017819;1926 hil mal 0
108-95-2;;7732-18-5;water;303.134;101.325;1;0.3077;0.019064;1926 hil mal 0
108-95-2;;7732-18-5;water;308.132;101.325;1;0.2856;0.019042;1926 hil mal 0
108-95-2;;7732-18-5;water;327.955551;101.325;1;0.2175;-1.0;1926 hil mal 0
108-95-2;;7732-18-5;water;332.32424;101.325;1;0.1943;-1.0;1926 hil mal 0
108-95-2;;7732-18-5;water;335.674;101.325;1;0.171;-1.0;1926 hil mal 0
108-95-2;;7732-18-5;water;338.364;101.325;1;0.1311;-1.0;1926 hil mal 0
108-95-2;;7732-18-5;water;330.42481;101.325;1;-1.0;0.03234;1926 hil mal 0
108-95-2;;7732-18-5;water;335.864;101.325;1;-1.0;0.0439;1926 hil mal 0
108-95-2;;7732-18-5;water;338.914;101.325;1;-1.0;0.06853;1926 hil mal 0
108-95-2;;7732-18-5;water;338.914;101.325;1;-1.0;0.07649;1926 hil mal 0
108-95-2;;7732-18-5;water;338.964;101.325;1;-1.0;0.08341;1926 hil mal 0
108-95-2;;7732-18-5;water;338.974;101.325;1;-1.0;0.0897;1926 hil mal 0
108-95-2;;7732-18-5;water;338.984;101.325;1;-1.0;0.08538;1926 hil mal 0
108-95-2;;7732-18-5;water;339.024;101.325;1;-1.0;0.08036;1926 hil mal 0
108-95-2;;7732-18-5;water;339.134;101.325;1;-1.0;0.07292;1926 hil mal 0
108-95-2;;7732-18-5;water;338.964;101.325;1;-1.0;0.0906;1926 hil mal 0
108-95-2;;7732-18-5;water;338.974;101.325;1;-1.0;0.0897;1926 hil mal 0
108-95-2;;7732-18-5;water;291.1392;101.325;1;0.335912;-1.0;1927 cer pap 0
108-95-2;;7732-18-5;water;293.138;101.325;1;0.33251;-1.0;1927 cer pap 0
108-95-2;;7732-18-5;water;298.136;101.325;1;0.32314;-1.0;1927 cer pap 0
108-95-2;;7732-18-5;water;303.134;101.325;1;0.30824;-1.0;1927 cer pap 0
108-95-2;;7732-18-5;water;308.132;101.325;1;0.29181;-1.0;1927 cer pap 0
108-95-2;;7732-18-5;water;313.13;101.325;1;0.27815;-1.0;1927 cer pap 0
108-95-2;;7732-18-5;water;318.1285;101.325;1;0.26243;-1.0;1927 cer pap 0
108-95-2;;7732-18-5;water;293.138;101.0;1;0.33;0.017;1929 jon & 0
108-95-2;;7732-18-5;water;338.624;101.0;1;0.097206559217;-1.0;1931 cul pal 0
108-95-2;;7732-18-5;water;339.524;101.0;1;0.0996;-1.0;1932 how & 0
108-95-2;;7732-18-5;water;293.138;101.0;1;0.3276;0.0166;1932 how & 0
108-95-2;;7732-18-5;water;303.134;101.0;1;0.3007;0.0183;1932 how & 0
108-95-2;;7732-18-5;water;313.13;101.0;1;0.2717;0.0205;1932 how & 0
108-95-2;;7732-18-5;water;323.127;101.0;1;0.2349;0.0254;1932 how & 0
108-95-2;;7732-18-5;water;333.124;101.0;1;0.1902;0.0354;1932 how & 0
108-95-2;;7732-18-5;water;335.124;101.0;1;0.1763;0.0395;1932 how & 0
108-95-2;;7732-18-5;water;337.124;101.0;1;0.1596;0.0457;1932 how & 0
108-95-2;;7732-18-5;water;339.124;101.0;1;0.134;0.0588;1932 how & 0
108-95-2;;7732-18-5;water;339.524;101.0;1;0.0921;-1.0;1932 how & 0
108-95-2;;7732-18-5;water;338.624;101.0;1;0.0982764728845;-1.0;1932 smi & 1
108-95-2;;7732-18-5;water;326.62595;101.0;1;0.2231488626;-1.0;1932 smi & 1
108-95-2;;7732-18-5;water;333.524;101.0;1;0.195770592206;-1.0;1932 smi & 1
108-95-2;;7732-18-5;water;335.624;101.0;1;0.161746346085;-1.0;1932 smi & 1
108-95-2;;7732-18-5;water;336.224;101.0;1;-1.0;0.0584832922767;1932 smi & 1
108-95-2;;7732-18-5;water;338.324;101.0;1;-1.0;0.0654924414331;1932 smi & 1
108-95-2;;7732-18-5;water;338.424;101.0;1;-1.0;0.0733671435313;1932 smi & 1
108-95-2;;7732-18-5;water;338.424;101.0;1;-1.0;0.0808687746551;1932 smi & 1
108-95-2;;7732-18-5;water;338.524;101.0;1;-1.0;0.0892859941422;1932 smi & 1
108-95-2;;7732-18-5;water;338.524;101.0;1;-1.0;0.0911847845854;1932 smi & 1
108-95-2;;7732-18-5;water;339.574;101.325;1;0.0942;-1.0;1935 tim pop 0
108-95-2;;7732-18-5;water;339.574;101.325;1;0.0942;-1.0;1935 tim pop 0
108-95-2;;7732-18-5;water;298.53584;101.0;1;0.322284641629;0.0172508749581;1945 cam & 0
108-95-2;;7732-18-5;water;321.1276;101.0;1;0.24581200513;0.0263810008611;1945 cam & 0
108-95-2;;7732-18-5;water;339.424;101.0;1;0.154818420136;-1.0;1945 cam & 0
108-95-2;;7732-18-5;water;281.74484;101.0;1;0.372286930029;0.0139883377684;1945 cam & 0
108-95-2;;7732-18-5;water;339.424;101.0;1;0.0443137709024;-1.0;1945 cam & 0
108-95-2;;7732-18-5;water;285.34268;101.325;1;0.343;-1.0;1947 zhu byc 0
108-95-2;;7732-18-5;water;303.33392;101.325;1;0.301;-1.0;1947 zhu byc 0
108-95-2;;7732-18-5;water;314.1297;101.325;1;0.268;-1.0;1947 zhu byc 0
108-95-2;;7732-18-5;water;326.82589;101.325;1;0.223;-1.0;1947 zhu byc 0
108-95-2;;7732-18-5;water;333.624;101.325;1;0.187;-1.0;1947 zhu byc 0
108-95-2;;7732-18-5;water;338.724;101.325;1;0.134;-1.0;1947 zhu byc 0
108-95-2;;7732-18-5;water;288.34088;101.325;1;-1.0;0.014;1947 zhu byc 0
108-95-2;;7732-18-5;water;316.92886;101.325;1;-1.0;0.021;1947 zhu byc 0
108-95-2;;7732-18-5;water;331.52448;101.325;1;-1.0;0.032;1947 zhu byc 0
108-95-2;;7732-18-5;water;338.624;101.325;1;-1.0;0.093;1947 zhu byc 0
108-95-2;;7732-18-5;water;339.024;101.325;1;-1.0;0.058;1947 zhu byc 0
108-95-2;;7732-18-5;water;338.624;101.325;1;-1.0;0.093;1947 zhu byc 0
108-95-2;;7732-18-5;water;298.136;101.325;1;0.322284641629;0.0172508749581;1950 pru wal 0
108-95-2;;7732-18-5;water;337.624;101.325;1;0.130737517541;-1.0;1951 kho kho 0
108-95-2;;7732-18-5;water;338.324;101.325;1;-1.0;0.066117694267;1951 kho kho 0
108-95-2;;7732-18-5;water;338.524;101.325;1;-1.0;0.0826356719825;1951 kho kho 0
108-95-2;;7732-18-5;water;338.824;101.325;1;-1.0;0.0897586272386;1951 kho kho 0
108-95-2;;7732-18-5;water;313.13;101.0;1;0.278053350664;0.0217353353657;1953 bru gay 0
108-95-2;;7732-18-5;water;338.774;101.325;1;0.0942;-1.0;1954 bow pur 0
108-95-2;;7732-18-5;water;338.824;101.325;1;0.107;-1.0;1954 bow pur 0
108-95-2;;7732-18-5;water;296.93648;101.325;1;0.3173;-1.0;1954 bow pur 0
108-95-2;;7732-18-5;water;309.33152;101.325;1;0.2826;-1.0;1954 bow pur 0
108-95-2;;7732-18-5;water;315.979145;101.325;1;0.2647;-1.0;1954 bow pur 0
108-95-2;;7732-18-5;water;321.62745;101.325;1;0.2417;-1.0;1954 bow pur 0
108-95-2;;7732-18-5;water;325.72622;101.325;1;0.2285;-1.0;1954 bow pur 0
108-95-2;;7732-18-5;water;332.674135;101.325;1;0.1901;-1.0;1954 bow pur 0
108-95-2;;7732-18-5;water;336.324;101.325;1;0.1587;0.0457;1954 bow pur 0
108-95-2;;7732-18-5;water;338.324;101.325;1;0.1385;-1.0;1954 bow pur 0
108-95-2;;7732-18-5;water;338.624;101.325;1;0.1153;-1.0;1954 bow pur 0
108-95-2;;7732-18-5;water;338.824;101.325;1;0.107;-1.0;1954 bow pur 0
108-95-2;;7732-18-5;water;307.1324;101.325;1;-1.0;0.0207;1954 bow pur 0
108-95-2;;7732-18-5;water;325.02643;101.325;1;-1.0;0.0267;1954 bow pur 0
108-95-2;;7732-18-5;water;329.02523;101.325;1;-1.0;0.0327;1954 bow pur 0
108-95-2;;7732-18-5;water;334.824;101.325;1;-1.0;0.04;1954 bow pur 0
108-95-2;;7732-18-5;water;338.524;101.325;1;-1.0;0.0592;1954 bow pur 0
108-95-2;;7732-18-5;water;338.674;101.325;1;-1.0;0.0821;1954 bow pur 0
108-95-2;;7732-18-5;water;340.124;101.325;1;0.061;-1.0;1955 eri dob 0
108-95-2;;7732-18-5;water;341.124;101.325;1;0.081;-1.0;1955 eri dob 0
108-95-2;;7732-18-5;water;341.424;101.325;1;0.099;-1.0;1955 eri dob 0
108-95-2;;7732-18-5;water;273.15;101.325;1;0.37;0.015;1955 eri dob 0
108-95-2;;7732-18-5;water;283.144;101.325;1;0.351;0.0155;1955 eri dob 0
108-95-2;;7732-18-5;water;293.138;101.325;1;0.327;0.016;1955 eri dob 0
108-95-2;;7732-18-5;water;303.134;101.325;1;0.302;0.018;1955 eri dob 0
108-95-2;;7732-18-5;water;313.13;101.325;1;0.275;0.02;1955 eri dob 0
108-95-2;;7732-18-5;water;323.127;101.325;1;0.243;0.024;1955 eri dob 0
108-95-2;;7732-18-5;water;333.124;101.325;1;0.198;0.033;1955 eri dob 0
108-95-2;;7732-18-5;water;335.124;101.325;1;0.188;0.036;1955 eri dob 0
108-95-2;;7732-18-5;water;337.124;101.325;1;0.176;0.041;1955 eri dob 0
108-95-2;;7732-18-5;water;339.124;101.325;1;0.155;0.052;1955 eri dob 0
108-95-2;;7732-18-5;water;340.124;101.325;1;0.139;-1.0;1955 eri dob 0
108-95-2;;7732-18-5;water;341.124;101.325;1;0.116;-1.0;1955 eri dob 0
108-95-2;;7732-18-5;water;341.424;101.325;1;0.099;-1.0;1955 eri dob 0
108-95-2;;7732-18-5;water;338.824;101.0;1;0.11317056623;-1.0;1955 ter geb 4
108-95-2;;7732-18-5;water;338.524;101.0;1;0.135408367283;-1.0;1955 ter geb 4
108-95-2;;7732-18-5;water;337.024;101.0;1;0.160664597603;-1.0;1955 ter geb 4
108-95-2;;7732-18-5;water;334.724;101.0;1;0.189598557954;-1.0;1955 ter geb 4
108-95-2;;7732-18-5;water;329.32514;101.0;1;0.223076637319;-1.0;1955 ter geb 4
108-95-2;;7732-18-5;water;319.52808;101.0;1;0.262260550557;-1.0;1955 ter geb 4
108-95-2;;7732-18-5;water;302.53424;101.0;1;0.308744895261;-1.0;1955 ter geb 4
108-95-2;;7732-18-5;water;310.93088;101.0;1;-1.0;0.0208258191604;1955 ter geb 4
108-95-2;;7732-18-5;water;330.42481;101.0;1;-1.0;0.0326760042226;1955 ter geb 4
108-95-2;;7732-18-5;water;335.424;101.0;1;-1.0;0.0456692194784;1955 ter geb 4
108-95-2;;7732-18-5;water;338.724;101.0;1;-1.0;0.0599792245151;1955 ter geb 4
108-95-2;;7732-18-5;water;338.924;101.0;1;-1.0;0.0934405968105;1955 ter geb 4
108-95-2;;7732-18-5;water;338.824;101.0;1;0.11317056623;-1.0;1955 ter geb 5
108-95-2;;7732-18-5;water;337.024;101.0;1;0.160664597603;-1.0;1955 ter geb 5
108-95-2;;7732-18-5;water;329.32514;101.0;1;0.223076637319;-1.0;1955 ter geb 5
108-95-2;;7732-18-5;water;319.52808;101.0;1;0.262260550557;-1.0;1955 ter geb 5
108-95-2;;7732-18-5;water;302.53424;101.0;1;0.308744895261;-1.0;1955 ter geb 5
108-95-2;;7732-18-5;water;285.84238;101.0;1;0.364779492164;-1.0;1955 ter geb 5
108-95-2;;7732-18-5;water;310.93088;101.0;1;-1.0;0.0208258191604;1955 ter geb 5
108-95-2;;7732-18-5;water;335.424;101.0;1;-1.0;0.0456692194784;1955 ter geb 5
108-95-2;;7732-18-5;water;338.724;101.0;1;-1.0;0.0758168779355;1955 ter geb 5
108-95-2;;7732-18-5;water;318.1285;101.0;1;0.26115739503;-1.0;1956 shc byk 0
108-95-2;;7732-18-5;water;288.141;101.325;1;0.341;0.0162;1957 mar sto 0
108-95-2;;7732-18-5;water;308.132;101.325;1;0.292;0.0195;1957 mar sto 0
108-95-2;;7732-18-5;water;339.724;101.325;1;0.08728;-1.0;1958 ang str 0
108-95-2;;7732-18-5;water;339.724;101.325;1;0.0897;-1.0;1958 ang str 0
108-95-2;;7732-18-5;water;315.1294;101.325;1;0.2648;-1.0;1958 ang str 0
108-95-2;;7732-18-5;water;333.624;101.325;1;0.1853;-1.0;1958 ang str 0
108-95-2;;7732-18-5;water;338.724;101.325;1;0.1416;-1.0;1958 ang str 0
108-95-2;;7732-18-5;water;339.524;101.325;1;0.111;-1.0;1958 ang str 0
108-95-2;;7732-18-5;water;339.724;101.325;1;0.0897;-1.0;1958 ang str 0
108-95-2;;7732-18-5;water;321.62745;101.325;1;-1.0;0.02333;1958 ang str 0
108-95-2;;7732-18-5;water;326.22607;101.325;1;-1.0;0.02785;1958 ang str 0
108-95-2;;7732-18-5;water;330.72472;101.325;1;-1.0;0.03284;1958 ang str 0
108-95-2;;7732-18-5;water;335.624;101.325;1;-1.0;0.04184;1958 ang str 0
108-95-2;;7732-18-5;water;336.524;101.325;1;-1.0;0.04509;1958 ang str 0
108-95-2;;7732-18-5;water;339.224;101.325;1;-1.0;0.07276;1958 ang str 0
108-95-2;;7732-18-5;water;317.52868;101.3;1;0.267;0.0214;1958 sch lei 0
108-95-2;;7732-18-5;water;313.13;101.325;1;0.279;-1.0;1958 tag ari 0
108-95-2;;7732-18-5;water;333.124;101.325;1;0.191;-1.0;1958 tag ari 0
108-95-2;;7732-18-5;water;338.624;101.0;1;0.1178;-1.0;1959 sur som 0
108-95-2;;7732-18-5;water;337.924;101.0;1;0.1386;-1.0;1959 sur som 0
108-95-2;;7732-18-5;water;331.22457;101.0;1;0.1986;-1.0;1959 sur som 0
108-95-2;;7732-18-5;water;323.72682;101.0;1;0.2349;-1.0;1959 sur som 0
108-95-2;;7732-18-5;water;315.42931;101.0;1;0.2643;-1.0;1959 sur som 0
108-95-2;;7732-18-5;water;314.62955;101.0;1;-1.0;0.0211;1959 sur som 0
108-95-2;;7732-18-5;water;322.92706;101.0;1;-1.0;0.0254;1959 sur som 0
108-95-2;;7732-18-5;water;333.824;101.0;1;-1.0;0.0388;1959 sur som 0
108-95-2;;7732-18-5;water;338.524;101.0;1;-1.0;0.0693;1959 sur som 0
108-95-2;;7732-18-5;water;339.024;101.0;1;-1.0;0.0882;1959 sur som 0
108-95-2;;7732-18-5;water;314.22967;101.325;1;0.265;-1.0;1960 ang str 0
108-95-2;;7732-18-5;water;321.1276;101.325;1;0.2434;-1.0;1960 ang str 0
108-95-2;;7732-18-5;water;324.1267;101.325;1;0.2341;-1.0;1960 ang str 0
108-95-2;;7732-18-5;water;334.424;101.325;1;0.1795;-1.0;1960 ang str 0
108-95-2;;7732-18-5;water;338.824;101.325;1;0.1361;-1.0;1960 ang str 0
108-95-2;;7732-18-5;water;339.224;101.325;1;0.1217;-1.0;1960 ang str 0
108-95-2;;7732-18-5;water;339.724;101.325;1;0.1013;-1.0;1960 ang str 0
108-95-2;;7732-18-5;water;339.724;101.325;1;0.0922;-1.0;1960 ang str 0
108-95-2;;7732-18-5;water;317.52868;101.325;1;-1.0;0.02274;1960 ang str 0
108-95-2;;7732-18-5;water;319.82799;101.325;1;-1.0;0.0238;1960 ang str 0
108-95-2;;7732-18-5;water;326.32604;101.325;1;-1.0;0.02737;1960 ang str 0
108-95-2;;7732-18-5;water;330.42481;101.325;1;-1.0;0.03279;1960 ang str 0
108-95-2;;7732-18-5;water;334.224;101.325;1;-1.0;0.03823;1960 ang str 0
108-95-2;;7732-18-5;water;335.524;101.325;1;-1.0;0.04198;1960 ang str 0
108-95-2;;7732-18-5;water;336.424;101.325;1;-1.0;0.04607;1960 ang str 0
108-95-2;;7732-18-5;water;314.52958;101.325;1;0.2655;-1.0;1961 ang str 0
108-95-2;;7732-18-5;water;321.62745;101.325;1;0.2428;-1.0;1961 ang str 0
108-95-2;;7732-18-5;water;325.42631;101.325;1;0.2272;-1.0;1961 ang str 0
108-95-2;;7732-18-5;water;334.024;101.325;1;0.1754;-1.0;1961 ang str 0
108-95-2;;7732-18-5;water;338.624;101.325;1;0.1366;-1.0;1961 ang str 0
108-95-2;;7732-18-5;water;339.224;101.325;1;0.1215;-1.0;1961 ang str 0
108-95-2;;7732-18-5;water;339.724;101.325;1;0.1047;-1.0;1961 ang str 0
108-95-2;;7732-18-5;water;339.724;101.325;1;0.0916;-1.0;1961 ang str 0
108-95-2;;7732-18-5;water;317.52868;101.325;1;-1.0;0.02269;1961 ang str 0
108-95-2;;7732-18-5;water;319.92796;101.325;1;-1.0;0.02368;1961 ang str 0
108-95-2;;7732-18-5;water;326.92586;101.325;1;-1.0;0.02842;1961 ang str 0
108-95-2;;7732-18-5;water;330.52478;101.325;1;-1.0;0.032;1961 ang str 0
108-95-2;;7732-18-5;water;334.224;101.325;1;-1.0;0.03867;1961 ang str 0
108-95-2;;7732-18-5;water;335.424;101.325;1;-1.0;0.04168;1961 ang str 0
108-95-2;;7732-18-5;water;336.524;101.325;1;-1.0;0.04755;1961 ang str 0
108-95-2;;7732-18-5;water;303.18398;101.325;1;0.30471;0.0176;1962 nar red 0
108-95-2;;7732-18-5;water;303.18398;101.325;1;0.30222;-1.0;1962 nar red 0
108-95-2;;7732-18-5;water;303.134;101.325;1;0.30471;0.0176;1962 nar red 0
108-95-2;;7732-18-5;water;303.134;101.325;1;0.30222;-1.0;1962 nar red 0
108-95-2;;7732-18-5;water;303.134;101.0;1;0.302615173735;0.0181352747911;1962 nar red 1
108-95-2;;7732-18-5;water;339.724;101.325;1;0.07778;-1.0;1964 ang str 1
108-95-2;;7732-18-5;water;336.324;101.325;1;0.16417;-1.0;1964 ang str 1
108-95-2;;7732-18-5;water;338.324;101.325;1;0.14583;-1.0;1964 ang str 1
108-95-2;;7732-18-5;water;339.724;101.325;1;0.11273;-1.0;1964 ang str 1
108-95-2;;7732-18-5;water;319.1282;101.325;1;-1.0;0.02276;1964 ang str 1
108-95-2;;7732-18-5;water;330.32484;101.325;1;-1.0;0.02975;1964 ang str 1
108-95-2;;7732-18-5;water;333.224;101.325;1;-1.0;0.03462;1964 ang str 1
108-95-2;;7732-18-5;water;335.024;101.325;1;-1.0;0.05678;1964 ang str 1
108-95-2;;7732-18-5;water;339.124;101.325;1;-1.0;0.06847;1964 ang str 1
108-95-2;;7732-18-5;water;339.724;101.325;1;0.08649;-1.0;1965 ang str 0
108-95-2;;7732-18-5;water;319.62805;101.325;1;0.257;-1.0;1965 ang str 0
108-95-2;;7732-18-5;water;321.72742;101.325;1;0.2486;-1.0;1965 ang str 0
108-95-2;;7732-18-5;water;328.1255;101.325;1;0.2181;-1.0;1965 ang str 0
108-95-2;;7732-18-5;water;333.02403;101.325;1;0.1872;-1.0;1965 ang str 0
108-95-2;;7732-18-5;water;338.124;101.325;1;0.1359;-1.0;1965 ang str 0
108-95-2;;7732-18-5;water;339.024;101.325;1;0.1229;-1.0;1965 ang str 0
108-95-2;;7732-18-5;water;339.724;101.325;1;0.0977;-1.0;1965 ang str 0
108-95-2;;7732-18-5;water;317.92856;101.325;1;-1.0;0.02184;1965 ang str 0
108-95-2;;7732-18-5;water;331.82439;101.325;1;-1.0;0.03434;1965 ang str 0
108-95-2;;7732-18-5;water;337.724;101.325;1;-1.0;0.055;1965 ang str 0
108-95-2;;7732-18-5;water;293.138;101.325;1;0.3276;-1.0;1967 pop wei 0
108-95-2;;7732-18-5;water;338.63327;101.0;1;0.0934405968105;-1.0;1971 pus gol 0
108-95-2;;7732-18-5;water;339.0071952;101.325;1;0.0976;-1.0;1975 lat ven 0
108-95-2;;7732-18-5;water;339.0071952;101.325;1;0.0976;-1.0;1975 lat ven 0
108-95-2;;7732-18-5;water;298.14437;101.0;1;0.325505203141;0.00873313198631;1978 alv nei 0
108-95-2;;7732-18-5;water;298.14437;101.0;1;0.3189;0.0153;1980 kra sin 0
108-95-2;;7732-18-5;water;328.135555;101.325;1;0.217371205958;0.0297335978138;1982 lyz sus 0
108-95-2;;7732-18-5;water;338.13337;101.325;1;0.139231418312;0.0564141506564;1982 lyz sus 0
108-95-2;;7732-18-5;water;338.803236;101.325;1;0.1031;0.0914;1983 fen khu 0
108-95-2;;7732-18-5;water;338.793238;101.325;1;0.1031;-1.0;1983 fen khu 0
108-95-2;;7732-18-5;water;338.703256;101.325;1;0.1132;0.0827;1983 fen khu 0
108-95-2;;7732-18-5;water;338.513294;101.325;1;0.1241;-1.0;1983 fen khu 0
108-95-2;;7732-18-5;water;337.853426;101.325;1;0.1408;-1.0;1983 fen khu 0
108-95-2;;7732-18-5;water;337.393518;101.325;1;0.1471;-1.0;1983 fen khu 0
108-95-2;;7732-18-5;water;335.88382;101.325;1;0.1657;-1.0;1983 fen khu 0
108-95-2;;7732-18-5;water;332.494498;101.325;1;0.1891;-1.0;1983 fen khu 0
108-95-2;;7732-18-5;water;333.914214;101.325;1;-1.0;0.0415;1983 fen khu 0
108-95-2;;7732-18-5;water;335.813834;101.325;1;-1.0;0.0446;1983 fen khu 0
108-95-2;;7732-18-5;water;337.493498;101.325;1;-1.0;0.0533;1983 fen khu 0
108-95-2;;7732-18-5;water;338.38332;101.325;1;-1.0;0.0636;1983 fen khu 0
108-95-2;;7732-18-5;water;339.15;101.0;1;0.135266514779;-1.0;1999 bel got 0
108-95-2;;7732-18-5;water;337.4;101.0;1;0.160988504958;-1.0;1999 bel got 0
108-95-2;;7732-18-5;water;333.65;101.0;1;0.189350377752;-1.0;1999 bel got 0
108-95-2;;7732-18-5;water;316.65;101.0;1;0.262430700824;-1.0;1999 bel got 0
108-95-2;;7732-18-5;water;339.4;101.0;1;0.0640950183657;-1.0;1999 bel got 0
108-95-2;;7732-18-5;water;340.65;101.0;1;0.0765526588066;-1.0;1999 bel got 0
108-95-2;;7732-18-5;water;340.65;101.0;1;0.0934033660854;-1.0;1999 bel got 0
108-95-2;;7732-18-5;water;340.4;101.0;1;0.11325422205;-1.0;1999 bel got 0
108-95-2;;7732-18-5;water;331.9;101.0;1;-1.0;0.0326760042226;1999 bel got 0
108-95-2;;7732-18-5;water;315.4;101.0;1;-1.0;0.0208031632597;1999 bel got 0
108-95-2;;7732-18-5;water;336.9;101.0;1;-1.0;0.0457509622734;1999 bel got 0
108-95-2;;7732-18-5;water;313.7;101.0;1;0.275;-1.0;1999 jao lus 0
108-95-2;;7732-18-5;water;338.8;101.0;1;0.1501;-1.0;1999 jao lus 0
108-95-2;;7732-18-5;water;334.0;101.0;1;0.2051;-1.0;1999 jao lus 0
108-95-2;;7732-18-5;water;325.8;101.0;1;0.231;-1.0;1999 jao lus 0
108-95-2;;7732-18-5;water;308.4;101.0;1;0.293;-1.0;1999 jao lus 0
108-95-2;;7732-18-5;water;299.6;101.0;1;0.311;-1.0;1999 jao lus 0
108-95-2;;7732-18-5;water;290.2;101.0;1;0.339;-1.0;1999 jao lus 0
108-95-2;;7732-18-5;water;278.2;101.0;1;0.361;-1.0;1999 jao lus 0
108-95-2;;7732-18-5;water;298.5;101.0;1;-1.0;0.018;1999 jao lus 0
108-95-2;;7732-18-5;water;307.5;101.0;1;-1.0;0.019;1999 jao lus 0
108-95-2;;7732-18-5;water;313.4;101.0;1;-1.0;0.02;1999 jao lus 0
108-95-2;;7732-18-5;water;319.8;101.0;1;-1.0;0.0226;1999 jao lus 0
108-95-2;;7732-18-5;water;324.8;101.0;1;-1.0;0.0258;1999 jao lus 0
108-95-2;;7732-18-5;water;331.5;101.0;1;-1.0;0.029;1999 jao lus 0
108-95-2;;7732-18-5;water;336.7;101.0;1;-1.0;0.035;1999 jao lus 0
108-95-2;;7732-18-5;water;298.15;101.3;1;0.3123;-1.0;2011 mar kla 0
108-95-2;;7732-18-5;water;313.15;101.3;1;0.2755;-1.0;2011 mar kla 0
108-95-2;;7732-18-5;water;318.15;101.3;1;0.26;-1.0;2011 mar kla 0
108-95-2;;7732-18-5;water;323.15;101.3;1;0.242;-1.0;2011 mar kla 0
108-95-2;;7732-18-5;water;328.15;101.3;1;0.2165;-1.0;2011 mar kla 0
108-95-2;;7732-18-5;water;333.15;101.3;1;0.1932;-1.0;2011 mar kla 0
108-95-2;;7732-18-5;water;298.2;101.0;1;0.31480766714;0.0169647650588;2013 gil gil 4
108-95-2;;7732-18-5;water;298.15;101.0;1;0.328;0.017;2017 ces can 0
108-95-2;;7732-18-5;water;283.15;100.0;1;0.3699;0.0156;2017 li wan 1
108-95-2;;7732-18-5;water;298.15;100.0;1;0.3269;0.0174;2017 li wan 1
108-95-2;;7732-18-5;water;313.15;100.0;1;0.2756;0.0214;2017 li wan 1
108-95-2;;7732-18-5;water;313.15;101.3;1;0.275683774025;0.0198214746176;2021 yua che 0
108-95-2;;7732-18-5;water;298.15;101.3;1;0.317585351785;0.0156003620614;2021 yua che 0
108-95-2;;7732-18-5;water;323.15;101.3;1;0.23824193694;0.0247548226634;2021 yua che 0
108-95-2;;7732-18-5;water;333.15;101.3;1;0.203251730108;0.0382400923613;2021 yua che 0
108-95-2;;7732-18-5;water;339.124;101.325;1;-1.0;0.0922;1925 duc pat 0
108-95-2;;7732-18-5;water;339.124;101.325;1;-1.0;0.0922;1925 duc pat 0
108-95-2;;7732-18-5;water;273.15;101.0;1;-1.0;0.0142139846691;1927 jon & 0
108-95-2;;7732-18-5;water;278.077042;101.0;1;-1.0;0.0148674202224;1927 jon & 0
108-95-2;;7732-18-5;water;283.074042;101.0;1;-1.0;0.0151834933695;1927 jon & 0
108-95-2;;7732-18-5;water;286.1422;101.0;1;-1.0;0.0154438747241;1927 jon & 0
108-95-2;;7732-18-5;water;303.134;101.325;1;-1.0;0.0159548165814;1936 van vle 0
108-95-2;;7732-18-5;water;298.136;98.7;1;-1.0;0.0172773176395;1949 han fu 0
108-95-2;;7732-18-5;water;298.136;101.0;1;-1.0;0.0182981776718;1955 bla par 0
108-95-2;;7732-18-5;water;293.138;101.325;1;-1.0;0.0172;1961 pap bel 0
108-95-2;;7732-18-5;water;298.136;101.325;1;-1.0;0.0179;1961 pap bel 0
108-95-2;;7732-18-5;water;303.134;101.325;1;-1.0;0.0184;1961 pap bel 0
108-95-2;;7732-18-5;water;308.132;101.325;1;-1.0;0.0193;1961 pap bel 0
108-95-2;;7732-18-5;water;313.13;101.325;1;-1.0;0.0203;1961 pap bel 0
108-95-2;;7732-18-5;water;318.1285;101.325;1;-1.0;0.0222;1961 pap bel 0
108-95-2;;7732-18-5;water;323.127;101.325;1;-1.0;0.0256;1961 pap bel 0
108-95-2;;7732-18-5;water;328.1255;101.325;1;-1.0;0.0299;1961 pap bel 0
108-95-2;;7732-18-5;water;333.124;101.325;1;-1.0;0.038;1961 pap bel 0
108-95-2;;7732-18-5;water;338.124;101.325;1;-1.0;0.052;1961 pap bel 0
108-95-2;;7732-18-5;water;283.148055;101.0;1;-1.0;0.0159357239063;1987 how mul 0
108-95-2;;7732-18-5;water;293.14537;101.0;1;-1.0;0.0161539691068;1987 how mul 0
108-95-2;;7732-18-5;water;303.143055;101.0;1;-1.0;0.0172508749581;1987 how mul 0
108-95-2;;7732-18-5;water;298.15;101.0;1;-1.0;0.0172;2017 ces nam 0
108-95-2;;7732-18-5;water;303.15;101.0;1;-1.0;0.0184;2017 ces nam 0
108-95-2;;7732-18-5;water;308.15;101.0;1;-1.0;0.0195;2017 ces nam 0
108-95-2;;7732-18-5;water;313.15;101.0;1;-1.0;0.0207;2017 ces nam 0
108-95-2;;7732-18-5;water;318.15;101.0;1;-1.0;0.0217;2017 ces nam 0
108-95-2;;7732-18-5;water;323.15;101.0;1;-1.0;0.0242;2017 ces nam 0
108-95-2;;111-65-9;;329.53;101.3;1;0.5437;-1.0;2003 mat fuj 0
108-95-2;;111-65-9;;329.54;101.3;1;0.5457;-1.0;2003 mat fuj 0
108-95-2;;111-65-9;;329.34;101.3;1;0.5991;0.4935;2003 mat fuj 0
108-95-2;;111-65-9;;328.72;101.3;1;0.6493;-1.0;2003 mat fuj 0
108-95-2;;111-65-9;;327.28;101.3;1;0.6979;-1.0;2003 mat fuj 0
108-95-2;;111-65-9;;325.22;101.3;1;0.7451;-1.0;2003 mat fuj 0
108-95-2;;111-65-9;;320.16;101.3;1;0.7949;-1.0;2003 mat fuj 0
108-95-2;;111-65-9;;316.55;101.3;1;0.8191;-1.0;2003 mat fuj 0
108-95-2;;111-65-9;;310.99;101.3;1;0.8472;-1.0;2003 mat fuj 0
108-95-2;;111-65-9;;306.18;101.3;1;0.8622;-1.0;2003 mat fuj 0
108-95-2;;111-65-9;;306.67;101.3;1;-1.0;0.1486;2003 mat fuj 0
108-95-2;;111-65-9;;314.69;101.3;1;-1.0;0.1943;2003 mat fuj 0
108-95-2;;111-65-9;;323.33;101.3;1;-1.0;0.296;2003 mat fuj 0
108-95-2;;111-65-9;;326.08;101.3;1;-1.0;0.3479;2003 mat fuj 0
108-95-2;;111-65-9;;327.46;101.3;1;-1.0;0.399;2003 mat fuj 0
108-95-2;;111-65-9;;328.3;101.3;1;-1.0;0.4176;2003 mat fuj 0
108-95-2;;111-65-9;;324.6;101.0;1;0.7625;-1.0;2011 mar kla 1
108-95-2;;111-65-9;;322.35;101.0;1;0.7808;-1.0;2011 mar kla 1
108-95-2;;111-65-9;;319.75;101.0;1;0.8;-1.0;2011 mar kla 1
108-95-2;;111-65-9;;317.1;101.0;1;0.8201;-1.0;2011 mar kla 1
108-95-2;;111-65-9;;313.45;101.0;1;0.8352;-1.0;2011 mar kla 1
108-95-2;;111-65-9;;310.25;101.0;1;0.8481;-1.0;2011 mar kla 1
108-95-2;;111-65-9;;329.95;101.0;1;0.5577;-1.0;2011 mar kla 1
108-95-2;;111-65-9;;329.8;101.0;1;0.5908;-1.0;2011 mar kla 1
108-95-2;;111-65-9;;329.45;101.0;1;0.6203;-1.0;2011 mar kla 1
108-95-2;;111-65-9;;329.05;101.0;1;0.6501;-1.0;2011 mar kla 1
108-95-2;;111-65-9;;328.55;101.0;1;0.6745;-1.0;2011 mar kla 1
108-95-2;;111-65-9;;327.65;101.0;1;0.7022;-1.0;2011 mar kla 1
108-95-2;;111-65-9;;326.35;101.0;1;0.7306;-1.0;2011 mar kla 1
108-95-2;;111-65-9;;325.45;101.0;1;0.7493;-1.0;2011 mar kla 1
108-95-2;;111-65-9;;301.85;101.0;1;-1.0;0.1232;2011 mar kla 1
108-95-2;;111-65-9;;305.55;101.0;1;-1.0;0.141;2011 mar kla 1
108-95-2;;111-65-9;;307.9;101.0;1;-1.0;0.1534;2011 mar kla 1
108-95-2;;111-65-9;;310.05;101.0;1;-1.0;0.168;2011 mar kla 1
108-95-2;;111-65-9;;312.55;101.0;1;-1.0;0.1859;2011 mar kla 1
108-95-2;;111-65-9;;314.85;101.0;1;-1.0;0.2036;2011 mar kla 1
108-95-2;;111-65-9;;316.45;101.0;1;-1.0;0.2186;2011 mar kla 1
108-95-2;;111-65-9;;318.2;101.0;1;-1.0;0.2361;2011 mar kla 1
108-95-2;;111-65-9;;319.85;101.0;1;-1.0;0.2564;2011 mar kla 1
108-95-2;;111-65-9;;323.45;101.0;1;-1.0;0.2959;2011 mar kla 1
108-95-2;;111-65-9;;324.3;101.0;1;-1.0;0.3073;2011 mar kla 1
108-95-2;;111-65-9;;327.3;101.0;1;-1.0;0.3629;2011 mar kla 1
108-95-2;;111-65-9;;328.05;101.0;1;-1.0;0.3879;2011 mar kla 1
108-95-2;;111-65-9;;328.7;101.0;1;-1.0;0.4174;2011 mar kla 1
108-95-2;;111-65-9;;329.2;101.0;1;-1.0;0.453;2011 mar kla 1
108-95-2;;111-65-9;;329.85;101.0;1;-1.0;0.4948;2011 mar kla 1
108-95-2;;111-65-9;;330.0;101.0;1;-1.0;0.5256;2011 mar kla 1
111-86-4;;7732-18-5;water;313.15;101.0;1;0.000209;0.0921;1993 ste 0
111-86-4;;7732-18-5;water;323.15;101.0;1;0.000349;0.1828;1993 ste 0
111-86-4;;7732-18-5;water;333.15;101.0;1;0.000377;0.2175;1993 ste 0
111-86-4;;7732-18-5;water;343.15;101.0;1;0.00049;0.263;1993 ste 0
111-86-4;;7732-18-5;water;353.15;101.0;1;0.000363;0.2983;1993 ste 0
111-86-4;;7732-18-5;water;363.15;101.0;1;0.000223;0.327;1993 ste 0
127-18-4;;7732-18-5;water;288.141;101.325;1;0.999633298514;-1.0;1932 bel & 0
127-18-4;;7732-18-5;water;293.138;101.325;1;0.999520904565;-1.0;1932 bel & 0
127-18-4;;7732-18-5;water;298.136;101.325;1;0.999384593795;-1.0;1932 bel & 0
127-18-4;;7732-18-5;water;298.136;101.32;1;0.999034443608;1.62982677191e-05;1943 mcg & 0
127-18-4;;7732-18-5;water;273.15;101.325;1;-1.0;1.56462533205e-05;1943 mcg & 0
127-18-4;;7732-18-5;water;313.13;101.325;1;-1.0;1.81456797275e-05;1943 mcg & 0
127-18-4;;7732-18-5;water;333.124;101.325;1;-1.0;2.2275391408e-05;1943 mcg & 0
127-18-4;;7732-18-5;water;343.124;101.325;1;-1.0;2.60793207746e-05;1943 mcg & 0
127-18-4;;7732-18-5;water;303.143055;101.325;1;0.999043531211;-1.0;1970 sim pog 0
127-18-4;;7732-18-5;water;323.137055;101.325;1;0.997410276977;-1.0;1970 sim pog 0
127-18-4;;7732-18-5;water;291.14577;101.325;1;0.999482016754;-1.0;1971 ant pog 0
127-18-4;;7732-18-5;water;295.14497;101.325;1;0.999364318197;-1.0;1971 ant pog 0
127-18-4;;7732-18-5;water;299.14417;101.325;1;0.999218148924;1.64049499703e-06;1971 ant pog 0
127-18-4;;7732-18-5;water;288.146555;101.325;1;-1.0;8.14858903757e-06;1971 ant pog 0
127-18-4;;7732-18-5;water;293.14537;101.325;1;-1.0;9.49592738925e-06;1971 ant pog 0
127-18-4;;7732-18-5;water;289.146255;101.325;1;0.999475579475;-1.0;1971 sim pop 0
127-18-4;;7732-18-5;water;291.14577;101.325;1;0.999415808275;-1.0;1971 sim pop 0
127-18-4;;7732-18-5;water;294.44511;101.325;1;0.999340413696;-1.0;1971 sim pop 0
127-18-4;;7732-18-5;water;296.14477;101.325;1;0.999272383389;-1.0;1971 sim pop 0
127-18-4;;7732-18-5;water;302.143355;101.325;1;0.99913818564;-1.0;1971 sim pop 0
127-18-4;;7732-18-5;water;289.146255;101.325;1;0.999472820664;-1.0;1971 sim pop 0
127-18-4;;7732-18-5;water;296.14477;101.325;1;0.99926870631;-1.0;1971 sim pop 0
127-18-4;;7732-18-5;water;302.143355;101.325;1;0.999130833267;-1.0;1971 sim pop 0
127-18-4;;7732-18-5;water;289.146255;101.325;1;0.999493971895;-1.0;1971 sim pop 0
127-18-4;;7732-18-5;water;291.14577;101.325;1;0.999447991976;-1.0;1971 sim pop 0
127-18-4;;7732-18-5;water;294.44511;101.325;1;0.999310074837;-1.0;1971 sim pop 0
127-18-4;;7732-18-5;water;296.14477;101.325;1;0.99928249548;-1.0;1971 sim pop 0
127-18-4;;7732-18-5;water;302.143355;101.325;1;0.99920730266;-1.0;1971 sim pop 0
127-18-4;;7732-18-5;water;279.871618599;101.0;1;0.999625495283;-1.0;1972 ant pog 0
127-18-4;;7732-18-5;water;282.47635657;101.0;1;0.999576745255;-1.0;1972 ant pog 0
127-18-4;;7732-18-5;water;289.42827037;101.0;1;0.999436957356;-1.0;1972 ant pog 0
127-18-4;;7732-18-5;water;294.66566588;101.0;1;0.999247563576;-1.0;1972 ant pog 0
127-18-4;;7732-18-5;water;298.74444996;101.0;1;0.999097748783;-1.0;1972 ant pog 0
127-18-4;;7732-18-5;water;305.3014073;101.0;1;0.998722009355;-1.0;1972 ant pog 0
127-18-4;;7732-18-5;water;313.36248825;101.0;1;0.998152908888;-1.0;1972 ant pog 0
127-18-4;;7732-18-5;water;321.41437196;101.0;1;0.997621047632;-1.0;1972 ant pog 0
127-18-4;;7732-18-5;water;323.59621721;101.0;1;0.997108005493;-1.0;1972 ant pog 0
127-18-4;;7732-18-5;water;329.58252078;101.0;1;0.996229597832;-1.0;1972 ant pog 0
127-18-4;;7732-18-5;water;333.71615362;101.0;1;0.995407342232;-1.0;1972 ant pog 0
127-18-4;;7732-18-5;water;338.84932678;101.0;1;0.994312880829;-1.0;1972 ant pog 0
127-18-4;;7732-18-5;water;344.60211385;101.0;1;0.992311927237;-1.0;1972 ant pog 0
127-18-4;;7732-18-5;water;366.50209472;101.0;1;-1.0;0.000155554320808;1972 ant pog 0
127-18-4;;7732-18-5;water;356.09346541;101.0;1;-1.0;0.000119621938318;1972 ant pog 0
127-18-4;;7732-18-5;water;345.121458;101.0;1;-1.0;8.04471003665e-05;1972 ant pog 0
127-18-4;;7732-18-5;water;341.19893511;101.0;1;-1.0;7.40291790174e-05;1972 ant pog 0
127-18-4;;7732-18-5;water;337.1310705;101.0;1;-1.0;6.28266299566e-05;1972 ant pog 0
127-18-4;;7732-18-5;water;321.28301138;101.0;1;-1.0;3.68402922459e-05;1972 ant pog 0
127-18-4;;7732-18-5;water;312.21343307;101.0;1;-1.0;2.70575124118e-05;1972 ant pog 0
127-18-4;;7732-18-5;water;308.49204982;101.0;1;-1.0;2.15146340213e-05;1972 ant pog 0
127-18-4;;7732-18-5;water;305.54493422;101.0;1;-1.0;1.74936455658e-05;1972 ant pog 0
127-18-4;;7732-18-5;water;302.87193636;101.0;1;-1.0;1.24949487203e-05;1972 ant pog 0
127-18-4;;7732-18-5;water;297.19565978;101.0;1;-1.0;1.00935466779e-05;1972 ant pog 0
127-18-4;;7732-18-5;water;294.94441012;101.0;1;-1.0;9.51765889708e-06;1972 ant pog 0
127-18-4;;7732-18-5;water;313.140055;101.325;1;0.998474104209;1.80370068828e-05;1974 sim sha 1
127-18-4;;7732-18-5;water;297.9944;101.3;1;0.999080288314;2.17319923057e-05;1979 coc dia 0
127-18-4;;7732-18-5;water;298.14437;101.325;1;0.999080288314;2.17319923057e-05;1980 coc dia 0
127-18-4;;7732-18-5;water;273.15;101.32;1;0.999585943049;2.9666100192e-05;1992 ste & 0
127-18-4;;7732-18-5;water;282.65;101.32;1;0.999503168332;2.93400206144e-05;1992 ste & 0
127-18-4;;7732-18-5;water;292.65;101.32;1;0.999310074837;3.10791318521e-05;1992 ste & 0
127-18-4;;7732-18-5;water;304.25;101.32;1;0.999163000611;2.40143010908e-05;1992 ste & 0
127-18-4;;7732-18-5;water;313.15;101.32;1;0.999043531211;2.31448400482e-05;1992 ste & 0
127-18-4;;7732-18-5;water;323.25;101.32;1;0.998924087272;2.9666100192e-05;1992 ste & 0
127-18-4;;7732-18-5;water;334.45;101.32;1;0.998694458922;3.30356913049e-05;1992 ste & 0
127-18-4;;7732-18-5;water;344.15;101.32;1;0.998116212577;4.09712707114e-05;1992 ste & 0
127-18-4;;7732-18-5;water;353.35;101.32;1;0.99803365467;4.1297412513e-05;1992 ste & 0
127-18-4;;7732-18-5;water;364.95;101.32;1;0.997749381682;5.68455291421e-05;1992 ste & 0
127-18-4;;7732-18-5;water;293.14537;101.325;1;-1.0;1.62958230187e-05;1975 mcc fer 0
127-18-4;;7732-18-5;water;298.14437;101.33;1;-1.0;4.34717357814e-05;1979 fre chi 0
127-18-4;;7732-18-5;water;298.14437;101.0;1;-1.0;5.2785852583e-05;1980 ban yal 0
127-18-4;;7732-18-5;water;283.148055;101.0;1;-1.0;1.07563676519e-05;1987 how mul 0
127-18-4;;7732-18-5;water;293.14537;101.0;1;-1.0;1.47769116391e-05;1987 how mul 0
127-18-4;;7732-18-5;water;303.143055;101.0;1;-1.0;1.26036116838e-05;1987 how mul 0
127-18-4;;7732-18-5;water;298.0;101.3;1;-1.0;2.17319923057e-05;1994 esc cab 0
127-18-4;;7732-18-5;water;293.15;101.0;1;-1.0;2.81064405041e-05;1997 hov doh 0
100-47-0;;629-62-9;;301.221;100.0;1;0.676;0.627;2012 che bai 0
100-47-0;;629-62-9;;301.218;100.0;1;0.682;-1.0;2012 che bai 0
100-47-0;;629-62-9;;301.215;100.0;1;0.681;0.624;2012 che bai 0
100-47-0;;629-62-9;;301.212;100.0;1;0.684;-1.0;2012 che bai 0
100-47-0;;629-62-9;;301.206;100.0;1;0.687;0.618;2012 che bai 0
100-47-0;;629-62-9;;301.197;100.0;1;0.692;-1.0;2012 che bai 0
100-47-0;;629-62-9;;301.186;100.0;1;0.695;0.615;2012 che bai 0
100-47-0;;629-62-9;;301.174;100.0;1;0.699;0.611;2012 che bai 0
100-47-0;;629-62-9;;301.157;100.0;1;0.702;0.606;2012 che bai 0
100-47-0;;629-62-9;;301.136;100.0;1;0.706;0.602;2012 che bai 0
100-47-0;;629-62-9;;301.115;100.0;1;0.71;0.598;2012 che bai 0
100-47-0;;629-62-9;;301.09;100.0;1;0.713;0.594;2012 che bai 0
100-47-0;;629-62-9;;301.063;100.0;1;0.716;0.589;2012 che bai 0
100-47-0;;629-62-9;;301.027;100.0;1;0.72;0.584;2012 che bai 0
100-47-0;;629-62-9;;300.985;100.0;1;0.723;0.582;2012 che bai 0
100-47-0;;629-62-9;;300.938;100.0;1;0.727;0.575;2012 che bai 0
100-47-0;;629-62-9;;300.877;100.0;1;0.731;0.568;2012 che bai 0
100-47-0;;629-62-9;;300.812;100.0;1;0.736;0.563;2012 che bai 0
100-47-0;;629-62-9;;300.739;100.0;1;0.739;0.559;2012 che bai 0
100-47-0;;629-62-9;;300.652;100.0;1;0.743;0.551;2012 che bai 0
100-47-0;;629-62-9;;300.533;100.0;1;0.748;0.546;2012 che bai 0
100-47-0;;629-62-9;;300.373;100.0;1;0.754;0.535;2012 che bai 0
100-47-0;;629-62-9;;300.208;100.0;1;0.761;0.526;2012 che bai 0
100-47-0;;629-62-9;;299.98;100.0;1;0.766;0.516;2012 che bai 0
100-47-0;;629-62-9;;299.66;100.0;1;0.775;0.503;2012 che bai 0
100-47-0;;629-62-9;;299.217;100.0;1;0.784;0.488;2012 che bai 0
100-47-0;;629-62-9;;298.648;100.0;1;0.793;0.471;2012 che bai 0
100-47-0;;629-62-9;;298.031;100.0;1;0.802;0.457;2012 che bai 0
100-47-0;;629-62-9;;297.126;100.0;1;0.814;0.433;2012 che bai 0
100-47-0;;629-62-9;;296.102;100.0;1;0.824;0.417;2012 che bai 0
100-47-0;;629-62-9;;294.913;100.0;1;0.835;0.392;2012 che bai 0
100-47-0;;629-62-9;;293.65;100.0;1;0.844;0.375;2012 che bai 0
100-47-0;;629-62-9;;292.602;100.0;1;0.85;0.36;2012 che bai 0
100-47-0;;629-62-9;;291.394;100.0;1;0.858;0.345;2012 che bai 0
123-86-4;;7732-18-5;water;317.578665;-1.0;1;0.9001;-1.0;1958 sch & 2
123-86-4;;7732-18-5;water;317.578665;-1.0;1;-1.0;0.0009;1958 sch & 2
123-86-4;;7732-18-5;water;282.6443;101.325;1;0.9281;-1.0;1928 bri & 0
123-86-4;;7732-18-5;water;288.141;101.325;1;0.9238;-1.0;1928 bri & 0
123-86-4;;7732-18-5;water;294.1376;101.325;1;0.9186;-1.0;1928 bri & 0
123-86-4;;7732-18-5;water;302.6342;101.325;1;0.9092;-1.0;1928 bri & 0
123-86-4;;7732-18-5;water;298.136;101.325;1;0.863;0.0036;1932 par hof 0
123-86-4;;7732-18-5;water;323.127;101.325;1;0.8248;0.00108;1945 oth ber 0
123-86-4;;7732-18-5;water;298.136;101.32;1;0.9255;0.000995;1952 don bar 0
123-86-4;;7732-18-5;water;303.134;101.325;1;0.933;0.0014;1957 rao rao 4
123-86-4;;7732-18-5;water;303.134;101.0;1;0.933082634117;0.00140648549995;1957 rao rao 4
123-86-4;;7732-18-5;water;317.52868;101.325;1;0.9;0.0009;1958 sch lei 0
123-86-4;;7732-18-5;water;273.15;101.325;1;0.933;0.0014;1959 rao rao 0
123-86-4;;7732-18-5;water;293.138;101.325;1;0.927;0.0011;1960 sch & 2
123-86-4;;7732-18-5;water;317.52868;101.325;1;0.9;0.00092;1960 sch & 2
123-86-4;;7732-18-5;water;308.132;101.325;1;0.884;0.0014;1961 ram som 0
123-86-4;;7732-18-5;water;303.134;101.0;1;0.913349566914;-1.0;1962 nar red 1
123-86-4;;7732-18-5;water;364.1231;101.325;1;-1.0;0.00253;1963 hir hir 0
123-86-4;;7732-18-5;water;303.134;101.325;1;0.89371;0.0014645;1964 ram hus 0
123-86-4;;7732-18-5;water;307.98206;101.325;1;0.921720543148;0.00235617860919;1967 mur rao 0
123-86-4;;7732-18-5;water;303.143055;100.0;1;0.9363;-1.0;1970 bla pop 0
123-86-4;;7732-18-5;water;298.14437;101.3;1;0.887922560819;0.00113916723527;1970 kru gla 0
123-86-4;;7732-18-5;water;293.14537;101.325;1;0.9535;0.00111;1970 pop wei 0
123-86-4;;7732-18-5;water;298.14437;101.325;1;0.9348;0.0015;1971 igu fus 0
123-86-4;;7732-18-5;water;298.14437;100.0;1;0.912796007922;0.00118628488523;1971 kru shc 1
123-86-4;;7732-18-5;water;298.14437;101.0;1;0.922;0.0012;1971 utk zam 0
123-86-4;;7732-18-5;water;313.140055;101.0;1;0.911;0.0009;1971 utk zam 0
123-86-4;;7732-18-5;water;290.79584;101.325;1;0.9388;-1.0;1980 skr & 0
123-86-4;;7732-18-5;water;304.9925;101.325;1;0.9269;-1.0;1980 skr & 0
123-86-4;;7732-18-5;water;326.88593;101.325;1;0.9072;-1.0;1980 skr & 0
123-86-4;;7732-18-5;water;337.08358;101.325;1;0.8922;-1.0;1980 skr & 0
123-86-4;;7732-18-5;water;348.9803;101.325;1;0.8658;-1.0;1980 skr & 0
123-86-4;;7732-18-5;water;361.87662;101.325;1;0.8412;-1.0;1980 skr & 0
123-86-4;;7732-18-5;water;292.09558;101.325;1;-1.0;0.00101;1980 skr & 0
123-86-4;;7732-18-5;water;310.29091;101.325;1;-1.0;0.00088;1980 skr & 0
123-86-4;;7732-18-5;water;341.78246;101.325;1;-1.0;0.00088;1980 skr & 0
123-86-4;;7732-18-5;water;352.17934;101.325;1;-1.0;0.00101;1980 skr & 0
123-86-4;;7732-18-5;water;363.866222;101.325;1;0.8082;0.0013;1983 cho och 0
123-86-4;;7732-18-5;water;298.14437;101.0;1;0.955;0.00105;1984 rui pra 0
123-86-4;;7732-18-5;water;323.137055;101.325;1;0.8885;0.0002;1985 ouy wan 1
123-86-4;;7732-18-5;water;298.09438;101.325;1;0.928;0.00102580165045;1985 ric via 0
123-86-4;;7732-18-5;water;273.15;101.32;1;0.951755996675;0.00150101796764;1986 ste stu 0
123-86-4;;7732-18-5;water;282.248325;101.32;1;0.948207317232;0.00118628488523;1986 ste stu 0
123-86-4;;7732-18-5;water;292.84543;101.32;1;0.940012713404;0.000997958381562;1986 ste stu 0
123-86-4;;7732-18-5;water;303.442965;101.32;1;0.924539333288;0.000810015449593;1986 ste stu 0
123-86-4;;7732-18-5;water;312.740175;101.32;1;0.918916057597;0.000778728837023;1986 ste stu 0
123-86-4;;7732-18-5;water;323.137055;101.32;1;0.922846336534;0.000778728837023;1986 ste stu 0
123-86-4;;7732-18-5;water;333.33433;101.32;1;0.917240187242;0.000778728837023;1986 ste stu 0
123-86-4;;7732-18-5;water;343.331995;101.32;1;0.917798244296;0.000731818823041;1986 ste stu 0
123-86-4;;7732-18-5;water;353.229025;101.32;1;0.913903685183;0.000747452841285;1986 ste stu 0
123-86-4;;7732-18-5;water;363.62627;101.32;1;0.907839005418;0.000747452841285;1986 ste stu 0
123-86-4;;7732-18-5;water;293.14537;101.0;1;0.9374;0.0018;1988 liu zha 1
123-86-4;;7732-18-5;water;303.143055;101.0;1;0.9266;0.00135;1988 liu zha 1
123-86-4;;7732-18-5;water;313.140055;101.0;1;0.9191;0.0009;1988 liu zha 1
123-86-4;;7732-18-5;water;293.15;101.3;1;0.9274;0.0013;1991 rat pal 0
123-86-4;;7732-18-5;water;303.15;101.325;1;0.938851732824;0.00156409331425;1994 sha pan 0
123-86-4;;7732-18-5;water;298.15;100.0;1;0.96;-1.0;1999 arc alo 0
123-86-4;;7732-18-5;water;318.15;100.0;1;0.905;0.003;1999 arc alo 0
123-86-4;;7732-18-5;water;308.15;100.0;1;0.908;-1.0;1999 arc alo 0
123-86-4;;7732-18-5;water;323.15;101.0;1;0.824296499657;0.00107638107613;1999 kul leb 0
123-86-4;;7732-18-5;water;343.65;101.0;1;0.824;0.0009;2000 gom rui 0
123-86-4;;7732-18-5;water;298.15;101.0;1;0.918356867461;0.000825662738881;2002 inc kir 0
123-86-4;;7732-18-5;water;303.15;101.0;1;0.905650252557;0.00137499613604;2002 inc kir 0
123-86-4;;7732-18-5;water;308.15;101.0;1;0.883711501209;0.00128059234359;2002 inc kir 0
123-86-4;;7732-18-5;water;303.15;101.3;1;0.933;0.001;2003 san fer 0
123-86-4;;7732-18-5;water;298.15;101.3;1;0.9356;0.001;2005 gra mar 0
123-86-4;;7732-18-5;water;303.15;101.3;1;0.932;0.001;2005 gra mar 0
123-86-4;;7732-18-5;water;308.15;101.3;1;0.9271;0.001;2005 gra mar 0
123-86-4;;7732-18-5;water;313.15;101.3;1;0.9216;0.0009;2005 gra mar 0
123-86-4;;7732-18-5;water;318.15;101.3;1;0.9152;0.0009;2005 gra mar 0
123-86-4;;7732-18-5;water;323.15;101.3;1;0.9073;0.0009;2005 gra mar 0
123-86-4;;7732-18-5;water;328.15;101.3;1;0.8996;0.0009;2005 gra mar 0
123-86-4;;7732-18-5;water;333.15;101.3;1;0.8927;0.0009;2005 gra mar 0
123-86-4;;7732-18-5;water;348.15;101.0;1;0.908;0.005;2005 gro has 0
123-86-4;;7732-18-5;water;353.15;101.0;1;0.882;0.003;2005 gro has 0
123-86-4;;7732-18-5;water;358.15;101.0;1;0.898;0.01;2005 gro has 0
123-86-4;;7732-18-5;water;363.15;101.0;1;0.871;0.006;2005 gro has 0
123-86-4;;7732-18-5;water;368.15;101.0;1;0.875;0.008;2005 gro has 0
123-86-4;;7732-18-5;water;373.15;101.0;1;0.85;0.007;2005 gro has 0
123-86-4;;7732-18-5;water;378.15;101.0;1;0.854;0.006;2005 gro has 0
123-86-4;;7732-18-5;water;383.15;101.0;1;0.834;0.009;2005 gro has 0
123-86-4;;7732-18-5;water;388.15;101.0;1;0.8;0.015;2005 gro has 0
123-86-4;;7732-18-5;water;393.15;101.0;1;0.79;0.01;2005 gro has 0
123-86-4;;7732-18-5;water;398.15;101.0;1;0.787;0.006;2005 gro has 0
123-86-4;;7732-18-5;water;304.15;101.0;1;0.898;0.0005;2007 wan che 0
123-86-4;;7732-18-5;water;332.15;101.0;1;0.8684;0.0008;2007 wan che 0
123-86-4;;7732-18-5;water;366.15;101.0;1;0.8427;0.0009;2007 wan che 0
123-86-4;;7732-18-5;water;285.85;101.86;1;0.883711501209;0.00156409331425;2008 men liu 0
123-86-4;;7732-18-5;water;323.15;101.0;1;0.879;0.0002;2009 cos lou 0
123-86-4;;7732-18-5;water;323.15;101.0;1;0.8695;-1.0;2009 cos lou 0
123-86-4;;7732-18-5;water;293.2;95.0;1;0.9296;0.0012;2018 roq pin 0
123-86-4;;7732-18-5;water;313.2;95.0;1;0.9145;0.0012;2018 roq pin 0
123-86-4;;7732-18-5;water;318.15;101.3;1;0.919;0.006;2019 smi sad 0
123-86-4;;7732-18-5;water;308.2;101.3;1;0.925670879169;0.00120199611135;2021 don jia 0
123-86-4;;7732-18-5;water;293.15;101.3;1;0.955;-1.0;2021 pen mo 0
123-86-4;;7732-18-5;water;303.15;101.3;1;0.952;-1.0;2021 pen mo 0
123-86-4;;7732-18-5;water;313.15;101.3;1;0.941;-1.0;2021 pen mo 0
123-86-4;;7732-18-5;water;328.15;101.3;1;0.891;0.002;2021 smi sam 0
123-86-4;;7732-18-5;water;293.138;101.0;1;-1.0;0.00066930926514;1935 doo & 0
123-86-4;;7732-18-5;water;293.138;101.0;1;-1.0;0.00293069013472;1935 doo & 0
123-86-4;;7732-18-5;water;298.14437;101.3;1;-1.0;0.00104856733685;1982 tew mil 0
123-86-4;;7732-18-5;water;298.19436;101.325;1;-1.0;0.001312;1986 lo tse 0
123-86-4;;7732-18-5;water;298.15;101.325;1;-1.0;0.00124907645538;1995 dal & 0
123-86-4;;7732-18-5;water;298.15;100.0;1;-1.0;0.000928844836764;2000 seg klo 0
123-86-4;;7732-18-5;water;298.2;100.0;1;-1.0;0.0009289;2001 seg klo 0
123-86-4;;7732-18-5;water;303.2;100.0;1;-1.0;0.0008783;2001 seg klo 0
123-86-4;;7732-18-5;water;308.2;100.0;1;-1.0;0.0008351;2001 seg klo 0
123-86-4;;7732-18-5;water;313.2;100.0;1;-1.0;0.0007819;2001 seg klo 0
123-86-4;;7732-18-5;water;318.2;100.0;1;-1.0;0.0007582;2001 seg klo 0
123-86-4;;7732-18-5;water;273.35;101.0;1;-1.0;0.00166656694006;2014 fen bla 0
123-86-4;;7732-18-5;water;283.15;101.0;1;-1.0;0.00127302981147;2014 fen bla 0
123-86-4;;7732-18-5;water;293.15;101.0;1;-1.0;0.00107734248882;2014 fen bla 0
123-86-4;;7732-18-5;water;298.15;101.0;1;-1.0;0.000971805180213;2014 fen bla 0
123-86-4;;7732-18-5;water;303.15;101.0;1;-1.0;0.000937256774852;2014 fen bla 0
123-86-4;;7732-18-5;water;313.15;101.0;1;-1.0;0.000884304741718;2014 fen bla 0
123-86-4;;7732-18-5;water;323.15;101.0;1;-1.0;0.000871987868577;2014 fen bla 0
123-86-4;;7732-18-5;water;333.15;101.0;1;-1.0;0.000889803376984;2014 fen bla 0
100-51-6;;111-65-9;;326.86;101.0;1;0.5198;-1.0;2012 gon alo 0
100-51-6;;111-65-9;;326.79;101.0;1;0.5219;-1.0;2012 gon alo 0
100-51-6;;111-65-9;;326.86;101.0;1;0.5266;-1.0;2012 gon alo 0
100-51-6;;111-65-9;;326.74;101.0;1;0.5423;-1.0;2012 gon alo 0
100-51-6;;111-65-9;;326.73;101.0;1;0.5555;-1.0;2012 gon alo 0
100-51-6;;111-65-9;;326.69;101.0;1;0.5755;-1.0;2012 gon alo 0
100-51-6;;111-65-9;;326.52;101.0;1;0.6016;-1.0;2012 gon alo 0
100-51-6;;111-65-9;;326.42;101.0;1;0.6133;-1.0;2012 gon alo 0
100-51-6;;111-65-9;;326.34;101.0;1;0.6163;-1.0;2012 gon alo 0
100-51-6;;111-65-9;;325.99;101.0;1;0.6395;-1.0;2012 gon alo 0
100-51-6;;111-65-9;;325.82;101.0;1;0.6499;0.3822;2012 gon alo 0
100-51-6;;111-65-9;;325.38;101.0;1;0.6647;-1.0;2012 gon alo 0
100-51-6;;111-65-9;;324.99;101.0;1;0.6752;-1.0;2012 gon alo 0
100-51-6;;111-65-9;;324.34;101.0;1;0.6896;-1.0;2012 gon alo 0
100-51-6;;111-65-9;;323.68;101.0;1;0.7044;-1.0;2012 gon alo 0
100-51-6;;111-65-9;;323.62;101.0;1;0.7046;-1.0;2012 gon alo 0
100-51-6;;111-65-9;;323.01;101.0;1;0.7152;-1.0;2012 gon alo 0
100-51-6;;111-65-9;;322.58;101.0;1;0.7237;-1.0;2012 gon alo 0
100-51-6;;111-65-9;;321.8;101.0;1;-1.0;0.2715;2012 gon alo 0
100-51-6;;111-65-9;;322.47;101.0;1;-1.0;0.2853;2012 gon alo 0
100-51-6;;111-65-9;;323.22;101.0;1;-1.0;0.3022;2012 gon alo 0
100-51-6;;111-65-9;;323.74;101.0;1;-1.0;0.3136;2012 gon alo 0
100-51-6;;111-65-9;;324.23;101.0;1;-1.0;0.3259;2012 gon alo 0
100-51-6;;111-65-9;;324.43;101.0;1;-1.0;0.3312;2012 gon alo 0
100-51-6;;111-65-9;;324.87;101.0;1;-1.0;0.3435;2012 gon alo 0
100-51-6;;111-65-9;;325.19;101.0;1;-1.0;0.3526;2012 gon alo 0
100-51-6;;111-65-9;;325.54;101.0;1;-1.0;0.3698;2012 gon alo 0
100-51-6;;111-65-9;;325.69;101.0;1;-1.0;0.3763;2012 gon alo 0
100-51-6;;111-65-9;;326.19;101.0;1;-1.0;0.3996;2012 gon alo 0
100-51-6;;111-65-9;;326.24;101.0;1;-1.0;0.4096;2012 gon alo 0
100-51-6;;111-65-9;;326.47;101.0;1;-1.0;0.4223;2012 gon alo 0
100-51-6;;111-65-9;;326.58;101.0;1;-1.0;0.4416;2012 gon alo 0
100-51-6;;111-65-9;;326.71;101.0;1;-1.0;0.4636;2012 gon alo 0
100-51-6;;111-65-9;;326.82;101.0;1;-1.0;0.4914;2012 gon alo 0
100-51-6;;142-82-5;;273.00012;101.325;1;0.886;0.028;1955 dur gla 0
100-51-6;;142-82-5;;273.00012;101.325;1;0.892;-1.0;1955 dur gla 0
100-51-6;;142-82-5;;273.00012;101.325;1;0.883;-1.0;1955 dur gla 0
100-51-6;;142-82-5;;287.99109;101.325;1;0.854;0.062;1955 dur gla 0
100-51-6;;142-82-5;;294.4951;101.325;1;0.840022091765;-1.0;1969 saz & 0
100-51-6;;142-82-5;;307.69169;101.325;1;0.787527507073;-1.0;1969 saz & 0
100-51-6;;142-82-5;;316.059179;101.325;1;0.73544054507;-1.0;1969 saz & 0
100-51-6;;142-82-5;;320.377883;101.325;1;0.683756476305;-1.0;1969 saz & 0
100-51-6;;142-82-5;;322.717181;101.325;1;0.632470644213;-1.0;1969 saz & 0
100-51-6;;142-82-5;;323.976803;101.325;1;0.581578463711;-1.0;1969 saz & 0
100-51-6;;142-82-5;;324.306704;101.325;1;0.531075419836;-1.0;1969 saz & 0
100-51-6;;142-82-5;;324.526638;101.325;1;-1.0;0.480957066404;1969 saz & 0
100-51-6;;142-82-5;;324.48665;101.325;1;-1.0;0.431219024713;1969 saz & 0
100-51-6;;142-82-5;;324.216731;101.325;1;-1.0;0.381856982261;1969 saz & 0
100-51-6;;142-82-5;;323.596917;101.325;1;-1.0;0.332866691502;1969 saz & 0
100-51-6;;142-82-5;;321.667496;101.325;1;-1.0;0.284243968627;1969 saz & 0
100-51-6;;142-82-5;;318.778363;101.325;1;-1.0;0.235984692376;1969 saz & 0
100-51-6;;142-82-5;;314.449662;101.325;1;-1.0;0.188084802868;1969 saz & 0
100-51-6;;142-82-5;;307.661699;101.325;1;-1.0;0.140540300468;1969 saz & 0
100-51-6;;142-82-5;;297.29454;101.325;1;-1.0;0.0933472446703;1969 saz & 0
100-51-6;;142-82-5;;298.15;101.3;1;0.8159;0.0975;1990 hug hao 0
100-51-6;;142-82-5;;301.75;101.3;1;0.8142;-1.0;1990 hug hao 0
100-51-6;;142-82-5;;305.95;101.3;1;0.7975;-1.0;1990 hug hao 0
100-51-6;;142-82-5;;316.15;101.3;1;0.7328;-1.0;1990 hug hao 0
100-51-6;;142-82-5;;320.65;101.3;1;0.6872;-1.0;1990 hug hao 0
100-51-6;;142-82-5;;321.05;101.3;1;0.6838;-1.0;1990 hug hao 0
100-51-6;;142-82-5;;324.15;101.3;1;0.5885;0.3741;1990 hug hao 0
100-51-6;;142-82-5;;324.25;101.3;1;0.5765;-1.0;1990 hug hao 0
100-51-6;;142-82-5;;324.45;101.3;1;0.5116;-1.0;1990 hug hao 0
100-51-6;;142-82-5;;298.0;101.3;1;0.8159;0.0975;1990 hug hao 0
100-51-6;;142-82-5;;324.65;101.3;1;-1.0;0.4866;1990 hug hao 0
100-51-6;;142-82-5;;324.55;101.3;1;-1.0;0.4516;1990 hug hao 0
100-51-6;;142-82-5;;324.35;101.3;1;-1.0;0.4253;1990 hug hao 0
100-51-6;;142-82-5;;324.35;101.3;1;-1.0;0.4242;1990 hug hao 0
100-51-6;;142-82-5;;322.65;101.3;1;-1.0;0.3278;1990 hug hao 0
100-51-6;;142-82-5;;320.35;101.3;1;-1.0;0.2679;1990 hug hao 0
100-51-6;;142-82-5;;309.95;101.3;1;-1.0;0.1541;1990 hug hao 0
100-51-6;;142-82-5;;299.15;101.3;1;-1.0;0.1071;1990 hug hao 0
100-51-6;;142-82-5;;323.63;101.0;1;0.5223;0.4478;2012 gon alo 0
100-51-6;;142-82-5;;323.54;101.0;1;0.5384;-1.0;2012 gon alo 0
100-51-6;;142-82-5;;323.48;101.0;1;0.552;-1.0;2012 gon alo 0
100-51-6;;142-82-5;;323.36;101.0;1;0.5657;0.3923;2012 gon alo 0
100-51-6;;142-82-5;;323.35;101.0;1;0.5702;-1.0;2012 gon alo 0
100-51-6;;142-82-5;;323.25;101.0;1;0.5822;0.3832;2012 gon alo 0
100-51-6;;142-82-5;;322.89;101.0;1;0.5988;0.3537;2012 gon alo 0
100-51-6;;142-82-5;;322.89;101.0;1;0.6036;-1.0;2012 gon alo 0
100-51-6;;142-82-5;;322.5;101.0;1;0.6214;-1.0;2012 gon alo 0
100-51-6;;142-82-5;;322.13;101.0;1;0.6297;-1.0;2012 gon alo 0
100-51-6;;142-82-5;;319.74;101.0;1;0.6685;-1.0;2012 gon alo 0
100-51-6;;142-82-5;;321.0;101.0;1;-1.0;0.2897;2012 gon alo 0
100-51-6;;142-82-5;;321.39;101.0;1;-1.0;0.2968;2012 gon alo 0
100-51-6;;142-82-5;;321.99;101.0;1;-1.0;0.3159;2012 gon alo 0
100-51-6;;142-82-5;;322.37;101.0;1;-1.0;0.3319;2012 gon alo 0
100-51-6;;142-82-5;;323.4;101.0;1;-1.0;0.3957;2012 gon alo 0
100-51-6;;142-82-5;;323.41;101.0;1;-1.0;0.3984;2012 gon alo 0
100-51-6;;142-82-5;;323.52;101.0;1;-1.0;0.4059;2012 gon alo 0
100-51-6;;142-82-5;;323.73;101.0;1;-1.0;0.4384;2012 gon alo 0
100-51-6;;142-82-5;;323.76;101.0;1;-1.0;0.4638;2012 gon alo 0
100-51-6;;142-82-5;;323.7;101.0;1;-1.0;0.4683;2012 gon alo 0
100-51-6;;142-82-5;;323.74;101.0;1;-1.0;0.4744;2012 gon alo 0
100-51-6;;142-82-5;;323.71;101.0;1;-1.0;0.4875;2012 gon alo 0
100-51-6;;142-82-5;;323.72;101.0;1;-1.0;0.4953;2012 gon alo 0
100-51-6;;142-82-5;;323.68;101.0;1;-1.0;0.5019;2012 gon alo 0
107-06-2;;7732-18-5;water;313.13;-1.0;1;0.9896;-1.0;1952 udo fat 2
107-06-2;;7732-18-5;water;323.127;-1.0;1;0.985;-1.0;1952 udo fat 2
107-06-2;;7732-18-5;water;333.124;-1.0;1;0.979;-1.0;1952 udo fat 2
107-06-2;;7732-18-5;water;313.13;-1.0;1;-1.0;0.0018;1952 udo fat 2
107-06-2;;7732-18-5;water;323.127;-1.0;1;-1.0;0.0019;1952 udo fat 2
107-06-2;;7732-18-5;water;333.124;-1.0;1;-1.0;0.0022;1952 udo fat 2
107-06-2;;7732-18-5;water;293.14537;-1.0;1;0.991072590275;-1.0;1987 bar new 0
107-06-2;;7732-18-5;water;293.14537;-1.0;1;-1.0;0.00163133258122;1987 bar new 0
107-06-2;;7732-18-5;water;308.141555;-1.0;1;-1.0;0.00169186369745;1987 bar new 0
107-06-2;;7732-18-5;water;323.137055;-1.0;1;-1.0;0.00185447598136;1987 bar new 0
107-06-2;;7732-18-5;water;273.15;101.325;1;0.99505;0.00159;1941 sta & 0
107-06-2;;7732-18-5;water;298.136;101.325;1;0.98975;-1.0;1941 sta & 0
107-06-2;;7732-18-5;water;303.134;101.325;1;0.9881;-1.0;1941 sta & 0
107-06-2;;7732-18-5;water;293.138;101.325;1;-1.0;0.00155;1941 sta & 0
107-06-2;;7732-18-5;water;308.132;101.325;1;-1.0;0.00163;1941 sta & 0
107-06-2;;7732-18-5;water;293.138;101.32;1;0.991287979068;0.00153983583575;1943 mcg & 0
107-06-2;;7732-18-5;water;293.138;101.325;1;0.991274139323;-1.0;1943 mcg & 0
107-06-2;;7732-18-5;water;298.136;101.32;1;-1.0;0.00152692096487;1943 mcg & 0
107-06-2;;7732-18-5;water;273.15;101.325;1;-1.0;0.00165063979434;1943 mcg & 0
107-06-2;;7732-18-5;water;283.144;101.325;1;-1.0;0.00155829555667;1943 mcg & 0
107-06-2;;7732-18-5;water;298.136;101.325;1;-1.0;0.00153983583575;1943 mcg & 0
107-06-2;;7732-18-5;water;303.134;101.325;1;-1.0;0.00159522412286;1943 mcg & 0
107-06-2;;7732-18-5;water;313.13;101.325;1;-1.0;0.00166911777375;1943 mcg & 0
107-06-2;;7732-18-5;water;323.127;101.325;1;-1.0;0.00181705131813;1943 mcg & 0
107-06-2;;7732-18-5;water;253.166;101.325;1;0.997259722324;-1.0;1949 dav jag 0
107-06-2;;7732-18-5;water;263.158;101.325;1;0.996167047723;-1.0;1949 dav jag 0
107-06-2;;7732-18-5;water;273.15;101.325;1;0.994531701284;-1.0;1949 dav jag 0
107-06-2;;7732-18-5;water;283.144;101.325;1;0.992900737683;-1.0;1949 dav jag 0
107-06-2;;7732-18-5;water;293.138;101.325;1;0.990732906896;-1.0;1949 dav jag 0
107-06-2;;7732-18-5;water;303.134;101.325;1;0.988033968414;-1.0;1949 dav jag 0
107-06-2;;7732-18-5;water;313.13;101.325;1;0.984275564159;-1.0;1949 dav jag 0
107-06-2;;7732-18-5;water;323.127;101.325;1;0.980008719115;-1.0;1949 dav jag 0
107-06-2;;7732-18-5;water;333.124;101.325;1;0.974190832495;-1.0;1949 dav jag 0
107-06-2;;7732-18-5;water;343.124;101.325;1;0.967907910615;-1.0;1949 dav jag 0
107-06-2;;7732-18-5;water;353.123;101.325;1;0.960146423251;-1.0;1949 dav jag 0
107-06-2;;7732-18-5;water;292.1386;101.0;1;0.995310668674;-1.0;1952 udo fat 3
107-06-2;;7732-18-5;water;298.6358;101.0;1;0.993791789094;-1.0;1952 udo fat 3
107-06-2;;7732-18-5;water;306.6326;101.0;1;0.991767080637;0.00169480722439;1952 udo fat 3
107-06-2;;7732-18-5;water;315.1294;101.0;1;0.988686009649;-1.0;1952 udo fat 3
107-06-2;;7732-18-5;water;320.62775;101.0;1;0.986699744818;-1.0;1952 udo fat 3
107-06-2;;7732-18-5;water;326.1261;101.0;1;0.983772640696;-1.0;1952 udo fat 3
107-06-2;;7732-18-5;water;330.1249;101.0;1;0.981104544829;-1.0;1952 udo fat 3
107-06-2;;7732-18-5;water;331.1246;101.0;1;0.98006718365;-1.0;1952 udo fat 3
107-06-2;;7732-18-5;water;342.124;101.0;1;0.972361968166;-1.0;1952 udo fat 3
107-06-2;;7732-18-5;water;296.1368;101.0;1;-1.0;0.00160889077673;1952 udo fat 3
107-06-2;;7732-18-5;water;303.134;101.0;1;-1.0;0.00166874818432;1952 udo fat 3
107-06-2;;7732-18-5;water;317.62865;101.0;1;-1.0;0.00183574180572;1952 udo fat 3
107-06-2;;7732-18-5;water;319.62805;101.0;1;-1.0;0.00188035248101;1952 udo fat 3
107-06-2;;7732-18-5;water;329.62505;101.0;1;-1.0;0.00207232502516;1952 udo fat 3
107-06-2;;7732-18-5;water;340.624;101.0;1;-1.0;0.00237466052283;1952 udo fat 3
107-06-2;;7732-18-5;water;345.62375;101.0;1;-1.0;0.00255704878628;1952 udo fat 3
107-06-2;;7732-18-5;water;293.138;100.0;1;0.991815854831;0.00157675831879;1953 kud kru 0
107-06-2;;7732-18-5;water;293.6378;101.0;1;0.973139077493;0.00220630712767;1964 aba pop 0
107-06-2;;7732-18-5;water;293.138;101.325;1;0.99507632891;-1.0;1964 chi sha 0
107-06-2;;7732-18-5;water;293.138;101.0;1;0.992520808264;0.00153983583575;1966 fro log 7
107-06-2;;7732-18-5;water;298.14437;101.325;1;0.994750725538;-1.0;1971 sel & 5
107-06-2;;7732-18-5;water;298.14437;101.325;1;0.994576698669;-1.0;1971 sel & 5
107-06-2;;7732-18-5;water;323.137055;101.325;1;0.9927;-1.0;1973 pro sha 0
107-06-2;;7732-18-5;water;338.13337;101.325;1;0.98308;-1.0;1973 pro sha 0
107-06-2;;7732-18-5;water;352.329295;101.325;1;0.96104;-1.0;1973 pro sha 0
107-06-2;;7732-18-5;water;298.14437;101.325;1;0.990192156904;0.00194665337308;1980 coc dia 0
107-06-2;;7732-18-5;water;298.14437;101.0;1;0.990192156904;0.00202077892842;1980 coc dia 1
107-06-2;;7732-18-5;water;293.14537;101.0;1;0.991815854831;0.0014844749127;1980 mat zil 0
107-06-2;;7732-18-5;water;323.137055;101.0;1;0.981605245644;0.00196518017447;1980 mat zil 0
107-06-2;;7732-18-5;water;348.030585;101.0;1;0.9679;0.00272;1988 hoo mic 0
107-06-2;;7732-18-5;water;373.12437;255.0;1;0.9411;0.00419;1988 hoo mic 0
107-06-2;;7732-18-5;water;397.91941;562.0;1;0.89;0.00804;1988 hoo mic 0
107-06-2;;7732-18-5;water;305.69229;101.325;1;0.986420361142;-1.0;1989 bob kos 0
107-06-2;;7732-18-5;water;315.68929;101.325;1;0.98374055343;-1.0;1989 bob kos 0
107-06-2;;7732-18-5;water;329.18524;101.325;1;0.974717404148;-1.0;1989 bob kos 0
107-06-2;;7732-18-5;water;335.18396;101.325;1;0.970517760012;-1.0;1989 bob kos 0
107-06-2;;7732-18-5;water;347.68069;101.325;1;0.961175435816;-1.0;1989 bob kos 0
107-06-2;;7732-18-5;water;365.17596;101.325;1;0.943422351038;-1.0;1989 bob kos 0
107-06-2;;7732-18-5;water;371.67466;101.325;1;0.935482801728;0.00390880620964;1989 bob kos 0
107-06-2;;7732-18-5;water;380.67286;101.325;1;0.920883902231;-1.0;1989 bob kos 0
107-06-2;;7732-18-5;water;321.68749;101.325;1;-1.0;0.00200224295138;1989 bob kos 0
107-06-2;;7732-18-5;water;328.18554;101.325;1;-1.0;0.00216917697087;1989 bob kos 0
107-06-2;;7732-18-5;water;339.18316;101.325;1;-1.0;0.00252240950186;1989 bob kos 0
107-06-2;;7732-18-5;water;344.38168;101.325;1;-1.0;0.00269011801182;1989 bob kos 0
107-06-2;;7732-18-5;water;351.17964;101.325;1;-1.0;0.00287675413839;1989 bob kos 0
107-06-2;;7732-18-5;water;354.47865;101.325;1;-1.0;0.00311984394905;1989 bob kos 0
107-06-2;;7732-18-5;water;363.37632;101.325;1;-1.0;0.00341975199768;1989 bob kos 0
107-06-2;;7732-18-5;water;263.15;101.325;1;0.99671;-1.0;1991 ave son 0
107-06-2;;7732-18-5;water;273.15;101.325;1;0.99532;-1.0;1991 ave son 0
107-06-2;;7732-18-5;water;283.15;101.325;1;0.99354;-1.0;1991 ave son 0
107-06-2;;7732-18-5;water;293.15;101.325;1;0.99138;-1.0;1991 ave son 0
107-06-2;;7732-18-5;water;303.15;101.325;1;0.9886;-1.0;1991 ave son 0
107-06-2;;7732-18-5;water;313.15;101.325;1;0.9854;-1.0;1991 ave son 0
107-06-2;;7732-18-5;water;323.15;101.325;1;0.9813;-1.0;1991 ave son 0
107-06-2;;7732-18-5;water;333.15;101.325;1;0.9768;-1.0;1991 ave son 0
107-06-2;;7732-18-5;water;273.15;101.32;1;0.994205158501;0.00150292551452;1992 ste & 0
107-06-2;;7732-18-5;water;282.45;101.32;1;0.994368407987;0.00141070287991;1992 ste & 0
107-06-2;;7732-18-5;water;292.85;101.32;1;0.99040839905;0.00131855612529;1992 ste & 0
107-06-2;;7732-18-5;water;302.85;101.32;1;0.987495620952;0.0014844749127;1992 ste & 0
107-06-2;;7732-18-5;water;312.55;101.32;1;0.985025376942;0.00179854895189;1992 ste & 0
107-06-2;;7732-18-5;water;323.45;101.32;1;0.981125842764;0.00194665337308;1992 ste & 0
107-06-2;;7732-18-5;water;334.15;101.32;1;0.977780680933;0.00198371003364;1992 ste & 0
107-06-2;;7732-18-5;water;353.85;101.32;1;0.97355955758;0.00194665337308;1992 ste & 0
107-06-2;;7732-18-5;water;343.75;101.32;1;-1.0;0.00207640522298;1992 ste & 0
107-06-2;;7732-18-5;water;293.14537;-1.0;1;-1.0;0.00154584695043;1982 tho new 1
107-06-2;;7732-18-5;water;273.15;101.0;1;-1.0;0.00169129536946;1906 rex & 0
107-06-2;;7732-18-5;water;283.144;101.0;1;-1.0;0.00162292853429;1906 rex & 0
107-06-2;;7732-18-5;water;293.138;101.0;1;-1.0;0.00159337740555;1906 rex & 0
107-06-2;;7732-18-5;water;303.134;101.0;1;-1.0;0.00163955446832;1906 rex & 0
107-06-2;;7732-18-5;water;293.138;101.325;1;-1.0;0.0018242900891;1920 sal & 0
107-06-2;;7732-18-5;water;298.136;101.0;1;-1.0;0.00157229358978;1929 gro & 0
107-06-2;;7732-18-5;water;288.141;101.32;1;-1.0;0.00158640232885;1931 gro say 0
107-06-2;;7732-18-5;water;303.134;101.32;1;-1.0;0.00163488626992;1931 gro say 0
107-06-2;;7732-18-5;water;293.138;101.0;1;-1.0;0.00159522412286;1935 doo & 0
107-06-2;;7732-18-5;water;273.15;101.325;1;-1.0;0.00167572775702;1935 lik ale 1
107-06-2;;7732-18-5;water;293.138;101.325;1;-1.0;0.00157955282709;1935 lik ale 1
107-06-2;;7732-18-5;water;303.134;101.325;1;-1.0;0.00162492066884;1935 lik ale 1
107-06-2;;7732-18-5;water;273.15;101.325;1;-1.0;0.00158681195885;1936 van vle 0
107-06-2;;7732-18-5;water;293.138;101.325;1;-1.0;0.0015432555849;1936 van vle 0
107-06-2;;7732-18-5;water;308.132;101.325;1;-1.0;0.00162673529675;1936 van vle 0
107-06-2;;7732-18-5;water;329.1252;101.325;1;-1.0;0.00187164952411;1936 van vle 0
107-06-2;;7732-18-5;water;291.1392;101.0;1;-1.0;0.00239214209284;1959 pal vin 1
107-06-2;;7732-18-5;water;303.143055;101.0;1;-1.0;0.00145431618683;1971 sve vel 0
107-06-2;;7732-18-5;water;293.14537;101.325;1;-1.0;0.00159951518543;1975 mcc fer 0
107-06-2;;7732-18-5;water;276.149562044;101.325;1;-1.0;0.00156865946255;1977 chi fre 0
107-06-2;;7732-18-5;water;293.14537;101.325;1;-1.0;0.00153871925994;1977 chi fre 0
107-06-2;;7732-18-5;water;307.141855;101.325;1;-1.0;0.00188232778651;1977 chi fre 0
107-06-2;;7732-18-5;water;293.14537;101.325;1;-1.0;0.0014844749127;1977 erh won 0
107-06-2;;7732-18-5;water;298.14437;101.0;1;-1.0;0.00146782688246;1980 ban yal 0
107-06-2;;7732-18-5;water;293.14537;101.325;1;-1.0;0.001556;1985 tak ish 0
107-06-2;;7732-18-5;water;293.14537;101.325;1;-1.0;0.001682;1985 tak ish 0
107-06-2;;7732-18-5;water;293.14537;101.325;1;-1.0;0.001544;1985 tak ish 0
107-06-2;;7732-18-5;water;293.14537;101.325;1;-1.0;0.001619;1985 tak ish 0
107-06-2;;7732-18-5;water;283.148055;101.0;1;-1.0;0.00193813207105;1987 how mul 0
107-06-2;;7732-18-5;water;293.14537;101.0;1;-1.0;0.0015522035126;1987 how mul 0
107-06-2;;7732-18-5;water;303.143055;101.0;1;-1.0;0.00192201746384;1987 how mul 0
107-06-2;;7732-18-5;water;293.15;101.32;1;-1.0;0.0017448294213;1992 wri san 0
107-06-2;;7732-18-5;water;308.15;101.32;1;-1.0;0.00171207539804;1992 wri san 0
107-06-2;;7732-18-5;water;313.15;101.32;1;-1.0;0.00176633239547;1992 wri san 0
107-06-2;;7732-18-5;water;323.15;101.32;1;-1.0;0.00183079138046;1992 wri san 0
107-06-2;;7732-18-5;water;298.15;101.325;1;-1.0;0.00205118251623;1995 dal & 0
107-06-2;;7732-18-5;water;293.15;101.0;1;-1.0;0.00159248223179;1997 hov doh 0
107-06-2;;7732-18-5;water;283.1;101.0;1;-1.0;0.0014951443497;1999 bre san 0
107-06-2;;7732-18-5;water;293.15;101.0;1;-1.0;0.00153402439642;1999 bre san 0
107-06-2;;7732-18-5;water;298.15;101.0;1;-1.0;0.00155785289092;1999 bre san 0
107-06-2;;7732-18-5;water;303.15;101.0;1;-1.0;0.00157497750273;1999 bre san 0
107-06-2;;7732-18-5;water;313.15;101.0;1;-1.0;0.00167771606739;1999 bre san 0
107-06-2;;7732-18-5;water;283.6;101.0;1;-1.0;0.00138;2007 mal fra 0
107-06-2;;7732-18-5;water;292.6;101.0;1;-1.0;0.00137;2007 mal fra 0
107-06-2;;7732-18-5;water;302.3;101.0;1;-1.0;0.00133;2007 mal fra 0
108-10-1;;7732-18-5;water;273.15;101.325;1;-1.0;0.0055;1939 gro rin 0
108-10-1;;7732-18-5;water;283.144;101.325;1;-1.0;0.00414;1939 gro rin 0
108-10-1;;7732-18-5;water;303.134;101.325;1;-1.0;0.00298;1939 gro rin 0
108-10-1;;7732-18-5;water;323.127;101.325;1;-1.0;0.00253;1939 gro rin 0
108-10-1;;7732-18-5;water;348.1235;101.325;1;-1.0;0.00246;1939 gro rin 0
108-10-1;;7732-18-5;water;298.136;101.325;1;0.893;0.0028;1939 she eva 0
108-10-1;;7732-18-5;water;293.138;101.0;1;0.879274114916;0.0037315852473;1940 gin plo 0
108-10-1;;7732-18-5;water;298.136;101.0;1;0.894837012418;0.00349000385644;1940 gin plo 0
108-10-1;;7732-18-5;water;303.134;101.0;1;0.888834707247;0.00324894523643;1940 gin plo 0
108-10-1;;7732-18-5;water;298.136;101.0;1;0.902784993329;0.00328599721944;1953 con phi 0
108-10-1;;7732-18-5;water;298.136;101.325;1;0.907;0.0031;1956 reg bru 0
108-10-1;;7732-18-5;water;303.134;101.325;1;0.9239;-1.0;1962 nar red 0
108-10-1;;7732-18-5;water;303.134;101.325;1;0.88199;0.002879;1964 ram hus 0
108-10-1;;7732-18-5;water;297.74445;101.0;1;0.879725638861;0.0034714423474;1973 hla lin 0
108-10-1;;7732-18-5;water;298.14437;101.0;1;0.89344610094;0.0034714423474;1981 loz & 0
108-10-1;;7732-18-5;water;343.132055;101.0;1;0.811911642921;0.00310086057424;1981 loz & 0
108-10-1;;7732-18-5;water;360.9768;101.325;1;0.7955;0.003;1983 cho och 0
108-10-1;;7732-18-5;water;303.09307;101.325;1;0.8533;0.0029;1986 raj fin 0
108-10-1;;7732-18-5;water;298.14437;101.325;1;0.8801;0.0037;1987 gau kre 0
108-10-1;;7732-18-5;water;293.15;101.3;1;0.8981;0.0033;1991 rat pal 0
108-10-1;;7732-18-5;water;273.15;101.32;1;0.912281967961;0.0053807838194;1992 ste & 0
108-10-1;;7732-18-5;water;282.65;101.32;1;0.902784993329;0.0040482910032;1992 ste & 0
108-10-1;;7732-18-5;water;292.55;101.32;1;0.870765105259;0.00350856845879;1992 ste & 0
108-10-1;;7732-18-5;water;303.95;101.32;1;0.875227033209;0.00302689211897;1992 ste & 0
108-10-1;;7732-18-5;water;312.75;101.32;1;0.875227033209;0.0026762128034;1992 ste & 0
108-10-1;;7732-18-5;water;323.25;101.32;1;0.857594956257;0.00251048737173;1992 ste & 0
108-10-1;;7732-18-5;water;333.55;101.32;1;0.857594956257;0.00234500920849;1992 ste & 0
108-10-1;;7732-18-5;water;343.35;101.32;1;0.840521951896;0.00225318353634;1992 ste & 0
108-10-1;;7732-18-5;water;353.25;101.32;1;0.840521951896;0.00214309311024;1992 ste & 0
108-10-1;;7732-18-5;water;363.55;101.32;1;0.8199271707;0.00221647456736;1992 ste & 0
108-10-1;;7732-18-5;water;293.15;101.3;1;0.8778;0.0039;1993 hu che 1
108-10-1;;7732-18-5;water;303.15;101.3;1;0.8859;0.0033;1993 hu che 1
108-10-1;;7732-18-5;water;313.15;101.3;1;0.887;0.0018;1993 hu che 1
108-10-1;;7732-18-5;water;303.15;101.325;1;0.898096034575;0.00477826090523;1994 sha pan 0
108-10-1;;7732-18-5;water;303.15;101.325;1;0.8628;0.0033;1997 bar gra 0
108-10-1;;7732-18-5;water;303.15;101.3;1;0.862824641399;-1.0;2000 bar ded 0
108-10-1;;7732-18-5;water;303.15;100.0;1;-1.0;0.00328599721944;2000 bar ded 0
108-10-1;;7732-18-5;water;298.15;101.3;1;0.900904695424;0.00311936037898;2006 yan jia 0
108-10-1;;7732-18-5;water;313.15;101.3;1;0.87792176638;0.00269464202781;2006 yan jia 0
108-10-1;;7732-18-5;water;323.15;101.3;1;0.862824641399;0.00247369309718;2006 yan jia 0
108-10-1;;7732-18-5;water;298.15;101.0;1;0.900904695424;0.00311936037898;2007 yan qia 0
108-10-1;;7732-18-5;water;313.15;101.0;1;0.87792176638;0.00269464202781;2007 yan qia 0
108-10-1;;7732-18-5;water;323.15;101.0;1;0.862824641399;0.00247369309718;2007 yan qia 0
108-10-1;;7732-18-5;water;292.25;101.0;1;0.881082440403;0.00336013820954;2008 fan liu 0
108-10-1;;7732-18-5;water;312.65;101.0;1;0.877022048882;0.00258411255924;2008 fan liu 0
108-10-1;;7732-18-5;water;323.25;101.0;1;0.86766333941;0.00251048737173;2008 fan liu 0
108-10-1;;7732-18-5;water;343.35;101.0;1;0.848137330963;0.00223482753119;2008 fan liu 0
108-10-1;;7732-18-5;water;298.15;101.0;1;0.902784993329;0.0034714423474;2014 won hro 0
108-10-1;;7732-18-5;water;298.2;101.0;1;0.902784993329;0.0034714423474;2014 won hro 2
108-10-1;;7732-18-5;water;298.15;101.0;1;0.899030688648;0.0033045278378;2014 yan qia 0
108-10-1;;7732-18-5;water;318.15;101.0;1;0.882442596149;0.00265778663853;2014 yan qia 0
108-10-1;;7732-18-5;water;308.15;101.0;1;0.888834707247;0.00289756564427;2014 yan qia 0
108-10-1;;7732-18-5;water;298.15;101.0;1;0.899030688648;0.0034714423474;2014 yan qia 1
108-10-1;;7732-18-5;water;308.15;101.0;1;0.880629801146;0.00308236384664;2014 yan qia 1
108-10-1;;7732-18-5;water;318.15;101.0;1;0.862824641399;0.00276838953613;2014 yan qia 1
108-10-1;;7732-18-5;water;401.0;101.0;1;0.741509982629;0.00328599721944;2016 man pok 0
108-10-1;;7732-18-5;water;303.1;101.0;1;0.902784993329;0.00291603164271;2016 man pok 0
108-10-1;;7732-18-5;water;302.8;101.0;1;0.902784993329;0.00291603164271;2016 man pok 0
108-10-1;;7732-18-5;water;322.4;101.0;1;0.875227033209;0.00254729385706;2016 man pok 0
108-10-1;;7732-18-5;water;298.15;100.0;1;0.900904695424;0.00223482753119;2016 moh hel 0
108-10-1;;7732-18-5;water;298.15;101.3;1;0.891135616609;0.00282373232992;2016 wan hro 1
108-10-1;;7732-18-5;water;313.2;101.3;1;0.87792176638;0.00269464202781;2017 che wan 0
108-10-1;;7732-18-5;water;323.2;101.3;1;0.862824641399;0.00247369309718;2017 che wan 0
108-10-1;;7732-18-5;water;298.2;101.3;1;0.900904695424;0.00311936037898;2017 che wan 0
108-10-1;;7732-18-5;water;313.2;101.0;1;0.87792176638;0.00269464202781;2017 che xio 0
108-10-1;;7732-18-5;water;323.2;101.0;1;0.862824641399;0.00247369309718;2017 che xio 0
108-10-1;;7732-18-5;water;298.2;101.0;1;0.900904695424;0.00311936037898;2017 che xio 0
108-10-1;;7732-18-5;water;298.2;101.3;1;0.905144260974;0.00382464072628;2017 jia zha 0
108-10-1;;7732-18-5;water;293.15;101.0;1;0.9009;-1.0;2017 wan liu 1
108-10-1;;7732-18-5;water;303.15;101.0;1;0.901844056007;0.00317487826367;2018 mon chi 0
108-10-1;;7732-18-5;water;328.15;101.0;1;0.874779197345;0.00262094348437;2018 mon chi 0
108-10-1;;7732-18-5;water;298.15;100.0;1;0.881082440403;0.00295297284875;2018 zha che 3
108-10-1;;7732-18-5;water;318.15;100.0;1;0.864140008775;0.00276838953613;2018 zha che 3
108-10-1;;7732-18-5;water;338.15;100.0;1;0.838844378344;0.00249208870849;2018 zha che 3
108-10-1;;7732-18-5;water;293.2;95.0;1;0.9085;0.0047;2019 oli mor 0
108-10-1;;7732-18-5;water;313.2;95.0;1;0.862;0.0034;2019 oli mor 0
108-10-1;;7732-18-5;water;298.15;101.3;1;0.877471723115;0.00324894523643;2019 she che 1
108-10-1;;7732-18-5;water;313.15;101.3;1;0.872545503869;0.00263936353244;2019 she che 1
108-10-1;;7732-18-5;water;323.15;101.3;1;0.862824641399;0.00247369309718;2019 she che 1
108-10-1;;7732-18-5;water;333.15;101.3;1;0.855430809411;0.00230826980732;2019 she che 1
108-10-1;;7732-18-5;water;343.15;101.3;1;0.844316010335;0.00219812464411;2019 she che 1
108-10-1;;7732-18-5;water;298.15;101.0;1;0.897162941481;0.00336013820954;2020 che wu 0
108-10-1;;7732-18-5;water;298.2;100.0;1;0.901844056007;0.00358285781681;2020 ebr gil 0
108-10-1;;7732-18-5;water;308.2;100.0;1;0.88335123624;0.00313786326161;2020 ebr gil 0
108-10-1;;7732-18-5;water;318.2;100.0;1;0.8658988143;0.00263936353244;2020 ebr gil 0
108-10-1;;7732-18-5;water;298.15;101.0;1;0.9027;0.0032;2020 li fan 0
108-10-1;;7732-18-5;water;308.15;101.0;1;0.8865;0.003;2020 li fan 0
108-10-1;;7732-18-5;water;318.15;101.0;1;0.8783;0.0027;2020 li fan 0
108-10-1;;7732-18-5;water;308.2;101.3;1;0.88929412598;0.00319339038462;2021 don jia 0
108-10-1;;7732-18-5;water;293.138;101.0;1;-1.0;0.00517330143625;1935 doo & 0
108-10-1;;7732-18-5;water;293.138;101.0;1;-1.0;0.00349000385644;1935 doo & 0
108-10-1;;7732-18-5;water;298.19436;101.325;1;-1.0;0.00323;1986 lo tse 0
108-10-1;;7732-18-5;water;283.148055;101.0;1;-1.0;0.00349000385644;1987 how mul 0
108-10-1;;7732-18-5;water;293.14537;101.0;1;-1.0;0.00394759292092;1987 how mul 0
108-10-1;;7732-18-5;water;303.143055;101.0;1;-1.0;0.00408840904665;1987 how mul 0
108-10-1;;7732-18-5;water;278.15;100.0;1;-1.0;0.00438972478098;2019 hov vrb 0
108-10-1;;7732-18-5;water;288.15;100.0;1;-1.0;0.00376601839498;2019 hov vrb 0
108-10-1;;7732-18-5;water;288.15;100.0;1;-1.0;0.0036302031874;2019 hov vrb 0
108-10-1;;7732-18-5;water;298.15;100.0;1;-1.0;0.00317234921361;2019 hov vrb 0
108-10-1;;7732-18-5;water;308.15;100.0;1;-1.0;0.00279335435092;2019 hov vrb 0
108-10-1;;7732-18-5;water;318.15;100.0;1;-1.0;0.00254567855411;2019 hov vrb 0
108-10-1;;7732-18-5;water;328.15;100.0;1;-1.0;0.00251382950046;2019 hov vrb 0
108-24-7;;110-54-3;;335.05;101.3;1;0.4832;-1.0;2002 abo vil 0
108-24-7;;110-54-3;;335.0;101.3;1;0.4878;0.4634;2002 abo vil 0
108-24-7;;110-54-3;;334.93;101.3;1;0.5022;0.4112;2002 abo vil 0
108-24-7;;110-54-3;;334.94;101.3;1;0.5086;-1.0;2002 abo vil 0
108-24-7;;110-54-3;;334.93;101.3;1;0.5183;-1.0;2002 abo vil 0
108-24-7;;110-54-3;;334.93;101.3;1;0.5198;-1.0;2002 abo vil 0
108-24-7;;110-54-3;;334.93;101.3;1;0.5235;-1.0;2002 abo vil 0
108-24-7;;110-54-3;;334.9;101.3;1;0.5351;-1.0;2002 abo vil 0
108-24-7;;110-54-3;;334.86;101.3;1;0.543;-1.0;2002 abo vil 0
108-24-7;;110-54-3;;334.64;101.3;1;0.5666;-1.0;2002 abo vil 0
108-24-7;;110-54-3;;334.4;101.3;1;0.5963;-1.0;2002 abo vil 0
108-24-7;;110-54-3;;332.49;101.3;1;0.6498;-1.0;2002 abo vil 0
108-24-7;;110-54-3;;332.1;101.3;1;0.659;-1.0;2002 abo vil 0
108-24-7;;110-54-3;;331.9;101.3;1;0.6606;-1.0;2002 abo vil 0
108-24-7;;110-54-3;;332.05;101.3;1;0.6627;-1.0;2002 abo vil 0
108-24-7;;110-54-3;;331.4;101.3;1;0.6748;-1.0;2002 abo vil 0
108-24-7;;110-54-3;;326.11;101.3;1;0.7522;-1.0;2002 abo vil 0
108-24-7;;110-54-3;;323.2;101.3;1;0.7846;-1.0;2002 abo vil 0
108-24-7;;110-54-3;;325.3;101.3;1;-1.0;0.1945;2002 abo vil 0
108-24-7;;110-54-3;;329.19;101.3;1;-1.0;0.2373;2002 abo vil 0
108-24-7;;110-54-3;;329.61;101.3;1;-1.0;0.2438;2002 abo vil 0
108-24-7;;110-54-3;;330.41;101.3;1;-1.0;0.2548;2002 abo vil 0
108-24-7;;110-54-3;;330.91;101.3;1;-1.0;0.259;2002 abo vil 0
108-24-7;;110-54-3;;331.64;101.3;1;-1.0;0.2707;2002 abo vil 0
108-24-7;;110-54-3;;332.84;101.3;1;-1.0;0.2948;2002 abo vil 0
108-24-7;;110-54-3;;333.49;101.3;1;-1.0;0.3147;2002 abo vil 0
108-24-7;;110-54-3;;333.73;101.3;1;-1.0;0.3282;2002 abo vil 0
108-24-7;;110-54-3;;333.84;101.3;1;-1.0;0.336;2002 abo vil 0
108-24-7;;110-54-3;;334.21;101.3;1;-1.0;0.3571;2002 abo vil 0
108-24-7;;110-54-3;;334.32;101.3;1;-1.0;0.3652;2002 abo vil 0
108-24-7;;110-54-3;;334.57;101.3;1;-1.0;0.3829;2002 abo vil 0
108-24-7;;110-54-3;;334.97;101.3;1;-1.0;0.4173;2002 abo vil 0
108-24-7;;110-54-3;;334.96;101.3;1;-1.0;0.4194;2002 abo vil 0
108-39-4;;7732-18-5;water;392.87042;-1.0;1;0.299;-1.0;1987 lee lin 0
108-39-4;;7732-18-5;water;412.06658;-1.0;1;0.205;-1.0;1987 lee lin 0
108-39-4;;7732-18-5;water;392.87042;-1.0;1;-1.0;0.013;1987 lee lin 0
108-39-4;;7732-18-5;water;412.06658;-1.0;1;-1.0;0.0239;1987 lee lin 0
108-39-4;;7732-18-5;water;293.4953;200.0;1;-1.0;0.00396;1987 lee lin 0
108-39-4;;7732-18-5;water;313.19004;200.0;1;-1.0;0.00423;1987 lee lin 0
108-39-4;;7732-18-5;water;331.58468;200.0;1;-1.0;0.00503;1987 lee lin 0
108-39-4;;7732-18-5;water;350.37988;200.0;1;-1.0;0.00622;1987 lee lin 0
108-39-4;;7732-18-5;water;371.27474;200.0;1;-1.0;0.00829;1987 lee lin 0
108-39-4;;7732-18-5;water;298.15;-1.0;1;0.5184;-1.0;2008 kla gre 0
108-39-4;;7732-18-5;water;308.15;-1.0;1;0.5004;-1.0;2008 kla gre 0
108-39-4;;7732-18-5;water;313.15;-1.0;1;0.4919;-1.0;2008 kla gre 0
108-39-4;;7732-18-5;water;318.15;-1.0;1;0.4826;-1.0;2008 kla gre 0
108-39-4;;7732-18-5;water;323.15;-1.0;1;0.4742;-1.0;2008 kla gre 0
108-39-4;;7732-18-5;water;333.15;-1.0;1;0.4555;-1.0;2008 kla gre 0
108-39-4;;7732-18-5;water;419.73332;101.0;1;0.103985278628;-1.0;1915 sid spu 0
108-39-4;;7732-18-5;water;413.6321;101.0;1;0.20857340256;-1.0;1915 sid spu 0
108-39-4;;7732-18-5;water;397.92844;101.0;1;0.28299793808;-1.0;1915 sid spu 0
108-39-4;;7732-18-5;water;382.42586;101.0;1;0.338013101659;-1.0;1915 sid spu 0
108-39-4;;7732-18-5;water;355.923;101.0;1;0.406868661918;-1.0;1915 sid spu 0
108-39-4;;7732-18-5;water;340.824;101.0;1;0.441597186672;-1.0;1915 sid spu 0
108-39-4;;7732-18-5;water;330.22487;101.0;1;0.461042106993;-1.0;1915 sid spu 0
108-39-4;;7732-18-5;water;319.62805;101.0;1;0.481509077992;-1.0;1915 sid spu 0
108-39-4;;7732-18-5;water;307.6322;101.0;1;0.502666230603;-1.0;1915 sid spu 0
108-39-4;;7732-18-5;water;293.43788;101.0;1;0.528261081016;-1.0;1915 sid spu 0
108-39-4;;7732-18-5;water;286.34208;101.0;1;0.540168906167;-1.0;1915 sid spu 0
108-39-4;;7732-18-5;water;273.34988;101.0;1;-1.0;0.00380259552285;1915 sid spu 0
108-39-4;;7732-18-5;water;297.83612;101.0;1;-1.0;0.0040103930601;1915 sid spu 0
108-39-4;;7732-18-5;water;320.1279;101.0;1;-1.0;0.00453174652523;1915 sid spu 0
108-39-4;;7732-18-5;water;335.024;101.0;1;-1.0;0.0051784325777;1915 sid spu 0
108-39-4;;7732-18-5;water;347.62355;101.0;1;-1.0;0.00607654676067;1915 sid spu 0
108-39-4;;7732-18-5;water;360.623;101.0;1;-1.0;0.00732213879199;1915 sid spu 0
108-39-4;;7732-18-5;water;390.02669;101.0;1;-1.0;0.0116162391646;1915 sid spu 0
108-39-4;;7732-18-5;water;412.53188;101.0;1;-1.0;0.0221916105637;1915 sid spu 0
108-39-4;;7732-18-5;water;420.03338;101.0;1;-1.0;0.073940929446;1915 sid spu 0
108-39-4;;7732-18-5;water;420.1334;101.0;1;-1.0;0.082550626338;1915 sid spu 0
108-39-4;;7732-18-5;water;421.1336;101.325;1;0.093;-1.0;1955 eri dob 0
108-39-4;;7732-18-5;water;273.15;101.325;1;0.56;0.003;1955 eri dob 0
108-39-4;;7732-18-5;water;293.138;101.325;1;0.533;0.0035;1955 eri dob 0
108-39-4;;7732-18-5;water;313.13;101.325;1;0.507;0.004;1955 eri dob 0
108-39-4;;7732-18-5;water;333.124;101.325;1;0.483;0.005;1955 eri dob 0
108-39-4;;7732-18-5;water;353.123;101.325;1;0.438;0.007;1955 eri dob 0
108-39-4;;7732-18-5;water;373.124;101.325;1;0.387;0.009;1955 eri dob 0
108-39-4;;7732-18-5;water;393.127;101.325;1;0.304;0.016;1955 eri dob 0
108-39-4;;7732-18-5;water;403.13;101.325;1;0.258;0.02;1955 eri dob 0
108-39-4;;7732-18-5;water;413.132;101.325;1;0.199;0.029;1955 eri dob 0
108-39-4;;7732-18-5;water;415.1324;101.325;1;0.184;0.032;1955 eri dob 0
108-39-4;;7732-18-5;water;417.1328;101.325;1;0.168;0.037;1955 eri dob 0
108-39-4;;7732-18-5;water;419.1332;101.325;1;0.147;0.045;1955 eri dob 0
108-39-4;;7732-18-5;water;420.1334;101.325;1;0.132;0.056;1955 eri dob 0
108-39-4;;7732-18-5;water;421.1336;101.325;1;0.093;-1.0;1955 eri dob 0
108-39-4;;7732-18-5;water;421.73372;101.325;1;0.0809960139949;-1.0;1955 ter geb 4
108-39-4;;7732-18-5;water;421.83374;101.325;1;0.0877327629509;-1.0;1955 ter geb 4
108-39-4;;7732-18-5;water;421.03358;101.325;1;0.106508542218;-1.0;1955 ter geb 4
108-39-4;;7732-18-5;water;418.83314;101.325;1;0.164290523999;-1.0;1955 ter geb 4
108-39-4;;7732-18-5;water;409.1312;101.325;1;0.224698184318;-1.0;1955 ter geb 4
108-39-4;;7732-18-5;water;384.42613;101.325;1;0.335970081035;-1.0;1955 ter geb 4
108-39-4;;7732-18-5;water;343.62395;101.325;1;0.436828899735;-1.0;1955 ter geb 4
108-39-4;;7732-18-5;water;313.13;101.325;1;0.4971534156;-1.0;1955 ter geb 4
108-39-4;;7732-18-5;water;365.72326;101.325;1;-1.0;0.00798662887124;1955 ter geb 4
108-39-4;;7732-18-5;water;378.22502;101.325;1;-1.0;0.00991411596123;1955 ter geb 4
108-39-4;;7732-18-5;water;416.23262;101.325;1;-1.0;0.030136077261;1955 ter geb 4
108-39-4;;7732-18-5;water;419.93336;101.325;1;-1.0;0.0398383924866;1955 ter geb 4
108-39-4;;7732-18-5;water;420.23342;101.325;1;-1.0;0.0544021558754;1955 ter geb 4
108-39-4;;7732-18-5;water;303.134;101.0;1;0.524303612462;0.0040103930601;1964 ram hus 0
108-39-4;;7732-18-5;water;298.15;101.0;1;0.5209;0.0041;2017 ces nam 0
108-39-4;;7732-18-5;water;303.15;101.0;1;0.5087;0.0042;2017 ces nam 0
108-39-4;;7732-18-5;water;308.15;101.0;1;0.4998;0.0044;2017 ces nam 0
108-39-4;;7732-18-5;water;313.15;101.0;1;0.4859;0.0044;2017 ces nam 0
108-39-4;;7732-18-5;water;318.15;101.0;1;0.4692;0.0046;2017 ces nam 0
108-39-4;;7732-18-5;water;323.15;101.0;1;0.4573;0.0049;2017 ces nam 0
108-39-4;;7732-18-5;water;323.15;101.3;1;0.474231414695;0.00463633731547;2017 che lv 0
108-39-4;;7732-18-5;water;298.15;101.3;1;0.515661412836;0.00403119613469;2017 che lv 0
108-39-4;;7732-18-5;water;333.2;101.3;1;0.469;0.00509;2017 che zho 1
108-39-4;;7732-18-5;water;343.2;101.3;1;0.4509;0.00617;2017 che zho 1
108-39-4;;7732-18-5;water;293.138;101.0;1;-1.0;0.00369885550096;1895 vau & 0
108-39-4;;7732-18-5;water;371.65;101.0;1;-1.0;0.0107170414532;1995 doh fen 0
108-39-4;;7732-18-5;water;361.85;101.0;1;-1.0;0.0099804977491;1995 doh fen 0
108-39-4;;7732-18-5;water;349.05;101.0;1;-1.0;0.00847959454494;1995 doh fen 0
108-39-4;;7732-18-5;water;298.15;101.325;1;-1.0;0.00332952088478;1995 var shi 0
108-88-3;;7732-18-5;water;310.928;-1.0;1;0.99613;-1.0;1995 ng che 0
108-88-3;;7732-18-5;water;394.261;-1.0;1;0.9763;-1.0;1995 ng che 0
108-88-3;;7732-18-5;water;394.261;-1.0;1;-1.0;0.000355;1995 ng che 0
108-88-3;;7732-18-5;water;283.144;101.325;1;0.997825882465;7.19445528283e-05;1929 usp & 0
108-88-3;;7732-18-5;water;295.1372;101.325;1;0.997316895575;9.6184407387e-05;1929 usp & 0
108-88-3;;7732-18-5;water;283.144;101.325;1;0.99829;-1.0;1930 ros wal 0
108-88-3;;7732-18-5;water;293.138;101.325;1;0.9977;-1.0;1930 ros wal 0
108-88-3;;7732-18-5;water;303.134;101.325;1;0.99694;-1.0;1930 ros wal 0
108-88-3;;7732-18-5;water;313.13;101.325;1;0.99626;-1.0;1930 ros wal 0
108-88-3;;7732-18-5;water;323.127;101.325;1;0.99515;-1.0;1930 ros wal 0
108-88-3;;7732-18-5;water;288.141;101.325;1;0.998611082726;-1.0;1932 bel & 0
108-88-3;;7732-18-5;water;293.138;101.325;1;0.998244894953;-1.0;1932 bel & 0
108-88-3;;7732-18-5;water;298.136;101.325;1;0.997810038597;-1.0;1932 bel & 0
108-88-3;;7732-18-5;water;264.1572;101.325;1;0.9999;-1.0;1932 tar pol 1
108-88-3;;7732-18-5;water;269.6528;101.325;1;0.9997;-1.0;1932 tar pol 1
108-88-3;;7732-18-5;water;283.6437;101.325;1;0.999;-1.0;1932 tar pol 1
108-88-3;;7732-18-5;water;291.1392;101.325;1;0.9983;-1.0;1932 tar pol 1
108-88-3;;7732-18-5;water;303.134;101.325;1;0.9973;-1.0;1932 tar pol 1
108-88-3;;7732-18-5;water;311.6306;101.325;1;0.9964;-1.0;1932 tar pol 1
108-88-3;;7732-18-5;water;321.1276;101.325;1;0.9951;-1.0;1932 tar pol 1
108-88-3;;7732-18-5;water;333.624;101.325;1;0.9922;-1.0;1932 tar pol 1
108-88-3;;7732-18-5;water;341.124;101.325;1;0.9898;-1.0;1932 tar pol 1
108-88-3;;7732-18-5;water;349.1234;101.325;1;0.9871;-1.0;1932 tar pol 1
108-88-3;;7732-18-5;water;357.123;101.325;1;0.9842;-1.0;1932 tar pol 1
108-88-3;;7732-18-5;water;366.1233;101.325;1;0.9792;-1.0;1932 tar pol 1
108-88-3;;7732-18-5;water;298.136;101.0;1;0.997447909416;9.58404086173e-05;1945 smi dre 0
108-88-3;;7732-18-5;water;298.136;101.325;1;0.9975;0.0001;1952 don bar 0
108-88-3;;7732-18-5;water;298.136;101.0;1;0.998027987206;-1.0;1957 win joh 0
108-88-3;;7732-18-5;water;293.138;101.325;1;0.9977;-1.0;1960 cad dav 0
108-88-3;;7732-18-5;water;293.138;101.325;1;0.9977;-1.0;1960 cad dav 0
108-88-3;;7732-18-5;water;298.136;101.325;1;0.997640014611;-1.0;1963 jon mon 0
108-88-3;;7732-18-5;water;303.134;101.325;1;0.997158020067;-1.0;1963 jon mon 0
108-88-3;;7732-18-5;water;308.132;101.325;1;0.996495469888;-1.0;1963 jon mon 0
108-88-3;;7732-18-5;water;273.15;101.32;1;0.998620568303;-1.0;1965 eng pla 0
108-88-3;;7732-18-5;water;283.144;101.32;1;0.998385859192;-1.0;1965 eng pla 0
108-88-3;;7732-18-5;water;293.138;101.32;1;0.997651690955;-1.0;1965 eng pla 0
108-88-3;;7732-18-5;water;303.134;101.32;1;0.996862410205;-1.0;1965 eng pla 0
108-88-3;;7732-18-5;water;313.13;101.32;1;0.9961757899;-1.0;1965 eng pla 0
108-88-3;;7732-18-5;water;323.127;101.32;1;0.995083852061;-1.0;1965 eng pla 0
108-88-3;;7732-18-5;water;298.136;101.325;1;0.99714;-1.0;1967 gre chr 0
108-88-3;;7732-18-5;water;303.143055;101.0;1;0.998605258482;-1.0;1970 ben nau 1
108-88-3;;7732-18-5;water;303.143055;101.0;1;0.998385859192;-1.0;1970 ben nau 1
108-88-3;;7732-18-5;water;303.143055;101.0;1;0.997412254529;-1.0;1970 ben nau 1
108-88-3;;7732-18-5;water;298.14437;101.0;1;0.99722891891;0.000112082087201;1973 pol lu 0
108-88-3;;7732-18-5;water;303.143055;101.0;1;0.986842586551;0.000176091508267;1979 rao rao 0
108-88-3;;7732-18-5;water;303.143055;101.0;1;0.994906276843;0.000430896880398;1979 sal & 0
108-88-3;;7732-18-5;water;333.13437;101.0;1;0.978883267032;0.000313228089043;1979 sal & 0
108-88-3;;7732-18-5;water;297.9944;101.3;1;0.996989645621;0.0001956729844;1985 rui pra 0
108-88-3;;7732-18-5;water;372.52449;153.0;1;0.98077;0.000286;1986 and pra 0
108-88-3;;7732-18-5;water;397.91941;384.0;1;0.96589;0.000463;1986 and pra 0
108-88-3;;7732-18-5;water;422.51449;753.0;1;0.94211;0.000794;1986 and pra 0
108-88-3;;7732-18-5;water;298.0;101.3;1;0.999;-1.0;1992 let sis 0
108-88-3;;7732-18-5;water;298.0;101.3;1;0.999;-1.0;1992 let sis 0
108-88-3;;7732-18-5;water;292.95;101.32;1;0.99556609884;0.000156513184761;1992 ste & 0
108-88-3;;7732-18-5;water;302.85;101.32;1;0.995312237927;0.000156513184761;1992 ste & 0
108-88-3;;7732-18-5;water;312.75;101.32;1;0.994399199635;0.0001956729844;1992 ste & 0
108-88-3;;7732-18-5;water;323.15;101.32;1;0.992880457424;0.000176091508267;1992 ste & 0
108-88-3;;7732-18-5;water;333.25;101.32;1;0.992324518934;0.0001956729844;1992 ste & 0
108-88-3;;7732-18-5;water;343.55;101.32;1;0.989552311817;0.000176091508267;1992 ste & 0
108-88-3;;7732-18-5;water;354.15;101.32;1;0.987493838379;0.000254436336183;1992 ste & 0
108-88-3;;7732-18-5;water;363.35;101.32;1;0.985792019316;0.000234845397596;1992 ste & 0
108-88-3;;7732-18-5;water;303.15;101.3;1;0.9885;0.001;1993 hu che 1
108-88-3;;7732-18-5;water;323.15;101.3;1;0.9876;0.001;1993 hu che 1
108-88-3;;7732-18-5;water;303.15;100.0;1;0.99709;0.000117;1994 che wag 1
108-88-3;;7732-18-5;water;313.15;100.0;1;0.99584;0.000119;1994 che wag 1
108-88-3;;7732-18-5;water;323.15;100.0;1;0.9947;0.000127;1994 che wag 1
108-88-3;;7732-18-5;water;333.15;150.0;1;0.99289;0.000144;1994 che wag 1
108-88-3;;7732-18-5;water;343.15;250.0;1;0.99054;0.000171;1994 che wag 1
108-88-3;;7732-18-5;water;353.15;250.0;1;0.9872;0.000198;1994 che wag 1
108-88-3;;7732-18-5;water;363.15;350.0;1;0.9838;0.000232;1994 che wag 1
108-88-3;;7732-18-5;water;373.15;350.0;1;0.9774;0.000268;1994 che wag 1
108-88-3;;7732-18-5;water;293.15;101.0;1;0.9977;-1.0;1995 abr & 0
108-88-3;;7732-18-5;water;298.0;101.325;1;0.9977;-1.0;1995 pes san 0
108-88-3;;7732-18-5;water;298.15;101.325;1;0.998467487078;9.77971223966e-05;1996 esc cab 0
108-88-3;;7732-18-5;water;283.15;2.9;1;0.99831;0.000114;2003 jou mat 1
108-88-3;;7732-18-5;water;298.15;7.0;1;0.99727;0.000111;2003 jou mat 1
108-88-3;;7732-18-5;water;298.15;7.0;1;0.99727;-1.0;2003 jou mat 1
108-88-3;;7732-18-5;water;305.35;10.2;1;0.99666;0.00012;2003 jou mat 1
108-88-3;;7732-18-5;water;313.15;15.0;1;0.99568;0.000123;2003 jou mat 1
108-88-3;;7732-18-5;water;333.15;38.0;1;0.99208;0.000152;2003 jou mat 1
108-88-3;;7732-18-5;water;348.15;71.0;1;0.9878;0.000189;2003 jou mat 1
108-88-3;;7732-18-5;water;373.15;175.0;1;0.9774;0.000284;2003 jou mat 1
108-88-3;;7732-18-5;water;373.15;175.0;1;0.9761;-1.0;2003 jou mat 1
108-88-3;;7732-18-5;water;398.15;383.0;1;0.9573;0.000445;2003 jou mat 1
108-88-3;;7732-18-5;water;398.15;383.0;1;0.9575;-1.0;2003 jou mat 1
108-88-3;;7732-18-5;water;413.15;580.0;1;0.9402;0.00066;2003 jou mat 1
108-88-3;;7732-18-5;water;423.15;750.0;1;0.9308;0.000828;2003 jou mat 1
108-88-3;;7732-18-5;water;298.15;101.0;1;0.997;0.00012;2006 gre kla 1
108-88-3;;7732-18-5;water;333.15;101.0;1;0.993;0.00016;2006 gre kla 1
108-88-3;;7732-18-5;water;303.15;101.0;1;0.9967;-1.0;2006 mar fer 0
108-88-3;;7732-18-5;water;323.15;101.0;1;0.99325;-1.0;2006 mar fer 0
108-88-3;;7732-18-5;water;373.25;101.0;1;0.9776;-1.0;2006 mar fer 0
108-88-3;;7732-18-5;water;401.75;101.0;1;0.959;-1.0;2006 mar fer 0
108-88-3;;7732-18-5;water;423.45;101.0;1;0.927;-1.0;2006 mar fer 0
108-88-3;;7732-18-5;water;446.95;101.0;1;0.893;-1.0;2006 mar fer 0
108-88-3;;7732-18-5;water;298.5;112.0;1;0.997;-1.0;2008 nee wag 0
108-88-3;;7732-18-5;water;324.3;201.0;1;0.9945;-1.0;2008 nee wag 0
108-88-3;;7732-18-5;water;350.9;358.0;1;0.9885;-1.0;2008 nee wag 0
108-88-3;;7732-18-5;water;376.6;478.0;1;0.9778;-1.0;2008 nee wag 0
108-88-3;;7732-18-5;water;401.5;716.0;1;0.9589;-1.0;2008 nee wag 0
108-88-3;;7732-18-5;water;297.8;115.0;1;-1.0;0.000107;2008 nee wag 0
108-88-3;;7732-18-5;water;324.0;199.0;1;-1.0;0.000131;2008 nee wag 0
108-88-3;;7732-18-5;water;350.6;197.0;1;-1.0;0.000178;2008 nee wag 0
108-88-3;;7732-18-5;water;376.1;167.0;1;-1.0;0.000277;2008 nee wag 0
108-88-3;;7732-18-5;water;401.6;792.0;1;-1.0;0.000449;2008 nee wag 0
108-88-3;;7732-18-5;water;298.15;101.0;1;0.997447909416;-1.0;2012 wan ran 0
108-88-3;;7732-18-5;water;298.15;101.0;1;0.995413769803;-1.0;2012 wan ran 0
108-88-3;;7732-18-5;water;313.15;101.0;1;0.995921679028;0.000156513184761;2012 wan ran 0
108-88-3;;7732-18-5;water;323.15;101.0;1;0.996989645621;0.0001956729844;2012 wan ran 0
108-88-3;;7732-18-5;water;323.15;101.0;1;0.995413769803;-1.0;2012 wan ran 0
108-88-3;;7732-18-5;water;293.7;101.0;1;0.99772;-1.0;2015 asl mul 0
108-88-3;;7732-18-5;water;303.3;101.0;1;0.99701;-1.0;2015 asl mul 0
108-88-3;;7732-18-5;water;308.2;101.0;1;0.99675;-1.0;2015 asl mul 0
108-88-3;;7732-18-5;water;313.5;101.0;1;0.99624;-1.0;2015 asl mul 0
108-88-3;;7732-18-5;water;317.6;101.0;1;0.99557;-1.0;2015 asl mul 0
108-88-3;;7732-18-5;water;324.2;101.0;1;0.99507;-1.0;2015 asl mul 0
108-88-3;;7732-18-5;water;327.6;101.0;1;0.99448;-1.0;2015 asl mul 0
108-88-3;;7732-18-5;water;334.1;101.0;1;0.99333;-1.0;2015 asl mul 0
108-88-3;;7732-18-5;water;283.15;100.0;1;0.998352592084;-1.0;2017 hai doh 0
108-88-3;;7732-18-5;water;293.15;100.0;1;0.997565373291;-1.0;2017 hai doh 0
108-88-3;;7732-18-5;water;303.15;100.0;1;0.996532405845;-1.0;2017 hai doh 0
108-88-3;;7732-18-5;water;313.15;100.0;1;0.995074065763;-1.0;2017 hai doh 0
108-88-3;;7732-18-5;water;318.15;100.0;1;0.994229053688;-1.0;2017 hai doh 0
108-88-3;;7732-18-5;water;323.15;100.0;1;0.993083910696;-1.0;2017 hai doh 0
108-88-3;;7732-18-5;water;303.15;101.3;1;0.99652;0.000104;2017 mok lin 0
108-88-3;;7732-18-5;water;303.2;100.0;1;0.996938748321;0.000117365992587;2018 won koo 0
108-88-3;;7732-18-5;water;289.1404;101.0;1;-1.0;9.1927075543e-05;1924 fuh & 0
108-88-3;;7732-18-5;water;303.134;101.32;1;-1.0;0.000111680526067;1931 gro say 0
108-88-3;;7732-18-5;water;289.1404;101.0;1;-1.0;9.77971223966e-05;1935 doo & 0
108-88-3;;7732-18-5;water;298.136;101.325;1;-1.0;0.000104;1949 and kee 0
108-88-3;;7732-18-5;water;298.136;101.325;1;-1.0;9.8e-05;1950 kle & 1
108-88-3;;7732-18-5;water;298.136;101.325;1;-1.0;0.000105;1952 mor bil 0
108-88-3;;7732-18-5;water;298.136;101.325;1;-1.0;0.000105176312649;1963 mca & 0
108-88-3;;7732-18-5;water;298.136;101.0;1;-1.0;0.000100680380234;1966 mca & 0
108-88-3;;7732-18-5;water;343.132055;101.0;1;-1.0;0.000144660590999;1971 zhu ser 0
108-88-3;;7732-18-5;water;353.129055;101.0;1;-1.0;0.000156387993795;1971 zhu ser 0
108-88-3;;7732-18-5;water;363.12637;101.0;1;-1.0;0.00016811512149;1971 zhu ser 0
108-88-3;;7732-18-5;water;373.07438;101.0;1;-1.0;0.000185705297241;1971 zhu ser 0
108-88-3;;7732-18-5;water;383.12237;101.0;1;-1.0;0.000211112236226;1971 zhu ser 0
108-88-3;;7732-18-5;water;388.12137;101.0;1;-1.0;0.000230655156791;1971 zhu ser 0
108-88-3;;7732-18-5;water;393.12037;101.0;1;-1.0;0.000254105652996;1971 zhu ser 0
108-88-3;;7732-18-5;water;398.11937;101.0;1;-1.0;0.000277555049121;1971 zhu ser 0
108-88-3;;7732-18-5;water;403.11837;101.0;1;-1.0;0.00030881919952;1971 zhu ser 0
108-88-3;;7732-18-5;water;413.11637;101.0;1;-1.0;0.000375249026888;1971 zhu ser 0
108-88-3;;7732-18-5;water;420.11497;101.0;1;-1.0;0.000445576869;1971 zhu ser 0
108-88-3;;7732-18-5;water;294.14517;101.32;1;-1.0;9.36431874585e-05;1972 che cal 0
108-88-3;;7732-18-5;water;278.159268613;101.325;1;-1.0;0.0001243;1972 pie lia 0
108-88-3;;7732-18-5;water;283.058082;101.325;1;-1.0;0.0001236;1972 pie lia 0
108-88-3;;7732-18-5;water;293.055388;101.325;1;-1.0;0.0001292;1972 pie lia 0
108-88-3;;7732-18-5;water;298.154368;101.325;1;-1.0;0.0001232;1972 pie lia 0
108-88-3;;7732-18-5;water;308.251522;101.325;1;-1.0;0.0001314;1972 pie lia 0
108-88-3;;7732-18-5;water;318.448462;101.325;1;-1.0;0.0001313;1972 pie lia 0
108-88-3;;7732-18-5;water;298.14437;100.0;1;-1.0;0.000107;1973 bra dew 0
108-88-3;;7732-18-5;water;318.138555;100.0;1;-1.0;0.000141;1973 bra dew 0
108-88-3;;7732-18-5;water;328.135555;100.0;1;-1.0;0.000168;1973 bra dew 0
108-88-3;;7732-18-5;water;284.747575;101.325;1;-1.0;0.000123999882122;1973 ves & 0
108-88-3;;7732-18-5;water;287.746675;101.325;1;-1.0;0.000123693702975;1973 ves & 0
108-88-3;;7732-18-5;water;289.446165;101.325;1;-1.0;0.000122324899788;1973 ves & 0
108-88-3;;7732-18-5;water;292.54549;101.325;1;-1.0;0.000122180815024;1973 ves & 0
108-88-3;;7732-18-5;water;293.34533;101.325;1;-1.0;0.000123891818915;1973 ves & 0
108-88-3;;7732-18-5;water;297.24455;101.325;1;-1.0;0.000123765745144;1973 ves & 0
108-88-3;;7732-18-5;water;300.743775;101.325;1;-1.0;0.000124396113682;1973 ves & 0
108-88-3;;7732-18-5;water;303.542935;101.325;1;-1.0;0.00012675548601;1973 ves & 0
108-88-3;;7732-18-5;water;307.441765;101.325;1;-1.0;0.000129024795454;1973 ves & 0
108-88-3;;7732-18-5;water;277.649343066;101.325;1;-1.0;0.00012;1974 bro was 0
108-88-3;;7732-18-5;water;279.449080292;101.325;1;-1.0;0.000118;1974 bro was 0
108-88-3;;7732-18-5;water;280.248925;101.325;1;-1.0;0.000115;1974 bro was 0
108-88-3;;7732-18-5;water;282.148355;101.325;1;-1.0;0.000115;1974 bro was 0
108-88-3;;7732-18-5;water;284.947515;101.325;1;-1.0;0.000112;1974 bro was 0
108-88-3;;7732-18-5;water;285.247425;101.325;1;-1.0;0.000113;1974 bro was 0
108-88-3;;7732-18-5;water;288.246525;101.325;1;-1.0;0.000111;1974 bro was 0
108-88-3;;7732-18-5;water;291.04579;101.325;1;-1.0;0.000113;1974 bro was 0
108-88-3;;7732-18-5;water;293.24535;101.325;1;-1.0;0.000111;1974 bro was 0
108-88-3;;7732-18-5;water;298.14437;101.325;1;-1.0;4.49665586798e-05;1975 kra gub 0
108-88-3;;7732-18-5;water;298.14437;101.325;1;-1.0;0.0001015;1975 mac shi 0
108-88-3;;7732-18-5;water;298.14437;101.0;1;-1.0;9.52401266137e-05;1975 sad kit 2
108-88-3;;7732-18-5;water;298.14437;101.32;1;-1.0;0.000104923452962;1975 sut cal 0
108-88-3;;7732-18-5;water;298.14437;101.325;1;-1.0;0.000108363921073;1976 pri & 0
108-88-3;;7732-18-5;water;293.14537;101.325;1;-1.0;0.000111;1977 kor are 0
108-88-3;;7732-18-5;water;283.19804;101.325;1;-1.0;0.0001119;1979 ben wil 0
108-88-3;;7732-18-5;water;293.19536;101.325;1;-1.0;0.0001149;1979 ben wil 0
108-88-3;;7732-18-5;water;289.146255;101.33;1;-1.0;9.1927075543e-05;1979 fre chi 0
108-88-3;;7732-18-5;water;298.19436;101.325;1;-1.0;0.0001209;1980 ben wil 0
108-88-3;;7732-18-5;water;283.19804;101.325;1;-1.0;0.0001483;1980 sch mil 0
108-88-3;;7732-18-5;water;283.19804;101.325;1;-1.0;0.000152;1980 sch mil 0
108-88-3;;7732-18-5;water;293.19536;101.325;1;-1.0;0.0001432;1980 sch mil 0
108-88-3;;7732-18-5;water;293.19536;101.325;1;-1.0;0.0001446;1980 sch mil 0
108-88-3;;7732-18-5;water;303.19304;101.325;1;-1.0;0.00018;1980 sch mil 0
108-88-3;;7732-18-5;water;303.19304;101.325;1;-1.0;0.0001475;1980 sch mil 0
108-88-3;;7732-18-5;water;288.146555;101.325;1;-1.0;0.000101;1982 san ara 0
108-88-3;;7732-18-5;water;298.14437;101.325;1;-1.0;0.000103;1982 san ara 0
108-88-3;;7732-18-5;water;308.141555;101.325;1;-1.0;0.000107;1982 san ara 0
108-88-3;;7732-18-5;water;318.138555;101.325;1;-1.0;0.000114;1982 san ara 0
108-88-3;;7732-18-5;water;298.19436;101.325;1;-1.0;0.0001027;1984 ban & 0
108-88-3;;7732-18-5;water;298.14437;101.325;1;-1.0;0.000102;1984 san ara 0
108-88-3;;7732-18-5;water;298.14437;101.325;1;-1.0;0.000113529601411;1985 mil was 0
108-88-3;;7732-18-5;water;298.19436;101.325;1;-1.0;0.000102;1986 lo tse 0
108-88-3;;7732-18-5;water;283.148055;101.0;1;-1.0;0.000112473479724;1987 how mul 0
108-88-3;;7732-18-5;water;293.14537;101.0;1;-1.0;0.000112864873508;1987 how mul 0
108-88-3;;7732-18-5;water;303.143055;101.0;1;-1.0;0.000115017561841;1987 how mul 0
108-88-3;;7732-18-5;water;303.143055;101.0;1;-1.0;0.000131829411902;1987 how mul 0
108-88-3;;7732-18-5;water;293.14537;101.0;1;-1.0;0.000117620408641;1987 how mul 0
108-88-3;;7732-18-5;water;283.148055;101.0;1;-1.0;0.000121064863004;1987 how mul 0
108-88-3;;7732-18-5;water;298.19436;101.325;1;-1.0;0.000113;1988 kee hof 0
108-88-3;;7732-18-5;water;298.14437;100.0;1;-1.0;0.00011;1989 saw kit 0
108-88-3;;7732-18-5;water;295.15;101.0;1;-1.0;0.000103276194224;1991 eco vim 0
108-88-3;;7732-18-5;water;298.15;101.325;1;-1.0;0.000115395574712;1995 dal & 0
108-88-3;;7732-18-5;water;273.65;101.0;1;-1.0;0.00011;2001 doh fen 0
108-88-3;;7732-18-5;water;278.15;101.0;1;-1.0;0.000108;2001 doh fen 0
108-88-3;;7732-18-5;water;288.15;101.0;1;-1.0;0.000106;2001 doh fen 0
108-88-3;;7732-18-5;water;298.15;101.0;1;-1.0;0.000109;2001 doh fen 0
108-88-3;;7732-18-5;water;308.15;101.0;1;-1.0;0.000116;2001 doh fen 0
108-88-3;;7732-18-5;water;318.15;101.0;1;-1.0;0.000125;2001 doh fen 0
108-88-3;;7732-18-5;water;328.15;101.0;1;-1.0;0.00014;2001 doh fen 0
108-88-3;;7732-18-5;water;278.2;100.0;1;-1.0;0.0001111;2001 saw nag 0
108-88-3;;7732-18-5;water;283.2;100.0;1;-1.0;0.000109;2001 saw nag 0
108-88-3;;7732-18-5;water;288.2;100.0;1;-1.0;0.000108;2001 saw nag 0
108-88-3;;7732-18-5;water;293.2;100.0;1;-1.0;0.000108;2001 saw nag 0
108-88-3;;7732-18-5;water;303.2;100.0;1;-1.0;0.0001121;2001 saw nag 0
108-88-3;;7732-18-5;water;308.2;100.0;1;-1.0;0.0001151;2001 saw nag 0
108-88-3;;7732-18-5;water;313.2;100.0;1;-1.0;0.0001201;2001 saw nag 0
108-88-3;;7732-18-5;water;318.2;100.0;1;-1.0;0.0001251;2001 saw nag 0
108-88-3;;7732-18-5;water;323.2;100.0;1;-1.0;0.0001322;2001 saw nag 0
108-88-3;;7732-18-5;water;273.2;100.0;1;-1.0;0.000114;2001 saw nag 0
108-88-3;;7732-18-5;water;308.95;101.325;1;-1.0;0.000116933491837;2004 ati gru 0
108-88-3;;7732-18-5;water;313.25;101.325;1;-1.0;0.000123885276072;2004 ati gru 0
108-88-3;;7732-18-5;water;318.25;101.325;1;-1.0;0.000129835104709;2004 ati gru 0
108-88-3;;7732-18-5;water;323.15;101.325;1;-1.0;0.000140999165887;2004 ati gru 0
108-88-3;;7732-18-5;water;288.15;101.0;1;-1.0;0.000111634828693;2006 hai uus 0
108-88-3;;7732-18-5;water;298.15;101.0;1;-1.0;0.000111909614027;2006 hai uus 0
108-88-3;;7732-18-5;water;308.15;101.0;1;-1.0;0.000114196668643;2006 hai uus 0
108-88-3;;7732-18-5;water;318.15;101.0;1;-1.0;0.000120890687021;2006 hai uus 0
108-88-3;;7732-18-5;water;288.5;101.0;1;-1.0;0.000137;2007 mal fra 0
108-88-3;;7732-18-5;water;292.6;101.0;1;-1.0;0.000138;2007 mal fra 0
108-88-3;;7732-18-5;water;301.8;101.0;1;-1.0;0.000151;2007 mal fra 0
108-88-3;;7732-18-5;water;392.84;520.9;1;-1.0;0.000406;2007 val coq 0
108-88-3;;7732-18-5;water;297.64;513.3;1;-1.0;0.000116;2007 val coq 0
108-88-3;;7732-18-5;water;312.56;508.5;1;-1.0;0.000135;2007 val coq 0
108-88-3;;7732-18-5;water;343.18;521.5;1;-1.0;0.000182;2007 val coq 0
108-88-3;;7732-18-5;water;372.76;508.4;1;-1.0;0.000288;2007 val coq 0
108-88-3;;7732-18-5;water;295.7;101.0;1;-1.0;0.0001123;2008 cha hag 0
108-88-3;;7732-18-5;water;298.15;101.0;1;-1.0;0.0001127;2017 mar sil 0
108-88-3;;7732-18-5;water;308.15;101.0;1;-1.0;0.0001178;2017 mar sil 0
108-88-3;;7732-18-5;water;313.15;101.0;1;-1.0;0.0001203;2017 mar sil 0
108-88-3;;7732-18-5;water;323.15;101.0;1;-1.0;0.0001257;2017 mar sil 0
108-90-7;;7732-18-5;water;288.141;101.325;1;0.998518711062;-1.0;1932 bel & 0
108-90-7;;7732-18-5;water;293.138;101.325;1;0.998280716131;-1.0;1932 bel & 0
108-90-7;;7732-18-5;water;298.136;101.325;1;0.997995263498;-1.0;1932 bel & 0
108-90-7;;7732-18-5;water;298.6358;101.0;1;0.98885901217;0.000176221846979;1941 oth whi 0
108-90-7;;7732-18-5;water;298.136;101.325;1;0.997193995815;-1.0;1943 hut lyo 0
108-90-7;;7732-18-5;water;290.88935;101.325;1;0.998284;-1.0;1952 fil fur 0
108-90-7;;7732-18-5;water;296.08682;101.325;1;0.997923;-1.0;1952 fil fur 0
108-90-7;;7732-18-5;water;298.3859;101.325;1;0.997618;-1.0;1952 fil fur 0
108-90-7;;7732-18-5;water;301.18478;101.325;1;0.997071;-1.0;1952 fil fur 0
108-90-7;;7732-18-5;water;303.58382;101.325;1;0.99681;-1.0;1952 fil fur 0
108-90-7;;7732-18-5;water;305.58302;101.325;1;0.996511;-1.0;1952 fil fur 0
108-90-7;;7732-18-5;water;308.3819;101.325;1;0.996133;-1.0;1952 fil fur 0
108-90-7;;7732-18-5;water;309.78134;101.325;1;0.995891;-1.0;1952 fil fur 0
108-90-7;;7732-18-5;water;312.98006;101.325;1;0.99545;-1.0;1952 fil fur 0
108-90-7;;7732-18-5;water;315.879175;101.325;1;0.994868;-1.0;1952 fil fur 0
108-90-7;;7732-18-5;water;321.077615;101.325;1;0.994063;-1.0;1952 fil fur 0
108-90-7;;7732-18-5;water;322.177285;101.325;1;0.993847;-1.0;1952 fil fur 0
108-90-7;;7732-18-5;water;298.136;101.0;1;0.997966757864;-1.0;1957 win joh 0
108-90-7;;7732-18-5;water;298.136;101.325;1;0.996550511453;-1.0;1959 zie & 0
108-90-7;;7732-18-5;water;298.136;101.325;1;0.998080188878;-1.0;1963 jon mon 0
108-90-7;;7732-18-5;water;303.134;101.325;1;0.997762475427;-1.0;1963 jon mon 0
108-90-7;;7732-18-5;water;308.132;101.325;1;0.997386419474;-1.0;1963 jon mon 0
108-90-7;;7732-18-5;water;372.92441;164.0;1;0.9749;0.0004;1988 hoo mic 0
108-90-7;;7732-18-5;water;397.91941;360.0;1;0.959;0.00059;1988 hoo mic 0
108-90-7;;7732-18-5;water;423.21435;669.0;1;0.9344;0.00088;1988 hoo mic 0
108-90-7;;7732-18-5;water;293.15;101.3;1;0.99685444036;7.7273496649e-05;1992 coo kha 0
108-90-7;;7732-18-5;water;308.15;101.3;1;0.995689147493;-1.0;1992 coo kha 0
108-90-7;;7732-18-5;water;323.15;101.3;1;0.994748415631;0.00020263599974;1992 coo kha 0
108-90-7;;7732-18-5;water;303.15;101.3;1;-1.0;9.74515603462e-05;1992 coo kha 0
108-90-7;;7732-18-5;water;313.15;101.3;1;-1.0;0.000134550606305;1992 coo kha 0
108-90-7;;7732-18-5;water;303.2;100.0;1;0.997443859042;7.84585859577e-05;2015 sri won 0
108-90-7;;7732-18-5;water;313.2;100.0;1;0.992981488588;0.000113705910018;2015 sri won 0
108-90-7;;7732-18-5;water;323.2;100.0;1;0.988123688749;0.000155378646745;2015 sri won 0
108-90-7;;7732-18-5;water;333.2;100.0;1;0.983305603464;0.000179428897561;2015 sri won 0
108-90-7;;7732-18-5;water;298.15;100.0;1;0.997252462913;-1.0;2017 hai doh 0
108-90-7;;7732-18-5;water;303.15;100.0;1;0.996734969795;-1.0;2017 hai doh 0
108-90-7;;7732-18-5;water;308.15;100.0;1;0.996147518718;-1.0;2017 hai doh 0
108-90-7;;7732-18-5;water;313.15;100.0;1;0.995532437887;-1.0;2017 hai doh 0
108-90-7;;7732-18-5;water;318.15;100.0;1;0.994767477334;-1.0;2017 hai doh 0
108-90-7;;7732-18-5;water;323.15;100.0;1;0.993988647143;-1.0;2017 hai doh 0
108-90-7;;7732-18-5;water;303.143055;-1.0;1;-1.0;7.58956525545e-05;1983 mcn gro 0
108-90-7;;7732-18-5;water;303.134;101.32;1;-1.0;7.98000814388e-05;1931 gro say 0
108-90-7;;7732-18-5;water;303.134;101.325;1;-1.0;7.7458499716e-05;1936 van vle 0
108-90-7;;7732-18-5;water;513.168;101.325;1;-1.0;0.00975851698112;1938 vor kob 0
108-90-7;;7732-18-5;water;523.171;101.325;1;-1.0;0.01046849125;1938 vor kob 0
108-90-7;;7732-18-5;water;533.174;101.325;1;-1.0;0.0115429396185;1938 vor kob 0
108-90-7;;7732-18-5;water;303.134;101.325;1;-1.0;7.8e-05;1962 kis & 0
108-90-7;;7732-18-5;water;313.13;101.325;1;-1.0;0.000113;1962 kis & 0
108-90-7;;7732-18-5;water;323.127;101.325;1;-1.0;0.000154;1962 kis & 0
108-90-7;;7732-18-5;water;333.124;101.325;1;-1.0;0.000176;1962 kis & 0
108-90-7;;7732-18-5;water;343.124;101.325;1;-1.0;0.000257;1962 kis & 0
108-90-7;;7732-18-5;water;353.123;101.325;1;-1.0;0.000289;1962 kis & 0
108-90-7;;7732-18-5;water;363.123;101.325;1;-1.0;0.000401;1962 kis & 0
108-90-7;;7732-18-5;water;294.14517;101.32;1;-1.0;8.54613513357e-05;1972 che cal 0
108-90-7;;7732-18-5;water;298.14437;101.325;1;-1.0;7.40001435735e-05;1973 ves & 0
108-90-7;;7732-18-5;water;297.9944;101.325;1;-1.0;7.4e-05;1974 ves & 0
108-90-7;;7732-18-5;water;278.149270073;101.325;1;-1.0;6.4e-05;1978 nel smi 0
108-90-7;;7732-18-5;water;298.14437;101.325;1;-1.0;0.000171;1978 nel smi 0
108-90-7;;7732-18-5;water;298.14437;101.325;1;-1.0;7.5755904923e-05;1979 aqu mac 0
108-90-7;;7732-18-5;water;303.143055;101.33;1;-1.0;7.17310327531e-05;1979 fre chi 0
108-90-7;;7732-18-5;water;283.19804;101.325;1;-1.0;7e-05;1980 sch mil 0
108-90-7;;7732-18-5;water;283.19804;101.325;1;-1.0;7.8e-05;1980 sch mil 0
108-90-7;;7732-18-5;water;293.19536;101.325;1;-1.0;6.7e-05;1980 sch mil 0
108-90-7;;7732-18-5;water;293.19536;101.325;1;-1.0;7.7e-05;1980 sch mil 0
108-90-7;;7732-18-5;water;303.19304;101.325;1;-1.0;7.8e-05;1980 sch mil 0
108-90-7;;7732-18-5;water;303.19304;101.325;1;-1.0;8e-05;1980 sch mil 0
108-90-7;;7732-18-5;water;298.19436;101.325;1;-1.0;8.06e-05;1984 ban & 0
108-90-7;;7732-18-5;water;298.14437;101.325;1;-1.0;4.73539100748e-05;1985 mil was 0
108-90-7;;7732-18-5;water;298.19436;101.325;1;-1.0;5.6e-05;1986 lo tse 0
108-90-7;;7732-18-5;water;283.148055;101.0;1;-1.0;6.5804772143e-05;1987 how mul 0
108-90-7;;7732-18-5;water;293.14537;101.0;1;-1.0;7.06098200508e-05;1987 how mul 0
108-90-7;;7732-18-5;water;303.143055;101.0;1;-1.0;7.42938541729e-05;1987 how mul 0
108-90-7;;7732-18-5;water;298.14437;101.0;1;-1.0;6.83272812222e-05;1987 san miy 0
108-90-7;;7732-18-5;water;293.15;101.0;1;-1.0;7.64466014716e-05;1997 hov doh 0
108-90-7;;7732-18-5;water;278.1;101.0;1;-1.0;7.93460096631e-05;2001 ma hun 0
108-90-7;;7732-18-5;water;288.15;101.0;1;-1.0;6.87359384445e-05;2001 ma hun 0
108-90-7;;7732-18-5;water;298.15;101.0;1;-1.0;7.5482887025e-05;2001 ma hun 0
108-90-7;;7732-18-5;water;298.15;101.0;1;-1.0;7.96602817227e-05;2001 ma hun 0
108-90-7;;7732-18-5;water;308.15;101.0;1;-1.0;8.66694387066e-05;2001 ma hun 0
108-90-7;;7732-18-5;water;318.15;101.0;1;-1.0;8.8283996069e-05;2001 ma hun 0
108-95-2;;142-82-5;;308.23196;101.0;1;0.81080939793;0.130660960348;1937 von & 1
108-95-2;;142-82-5;;313.22997;101.0;1;0.784686165015;-1.0;1937 von & 1
108-95-2;;142-82-5;;322.22727;101.0;1;0.684597254903;-1.0;1937 von & 1
108-95-2;;142-82-5;;324.82649;101.0;1;0.608341534481;-1.0;1937 von & 1
108-95-2;;142-82-5;;325.82619;101.0;1;0.528153270705;-1.0;1937 von & 1
108-95-2;;142-82-5;;325.42631;101.0;1;-1.0;0.434442794836;1937 von & 1
108-95-2;;142-82-5;;322.02733;101.0;1;-1.0;0.300312184552;1937 von & 1
108-95-2;;142-82-5;;316.1291;101.0;1;-1.0;0.207318494808;1937 von & 1
108-95-2;;142-82-5;;309.73136;101.0;1;-1.0;0.140400449475;1937 von & 1
108-95-2;;142-82-5;;318.15;101.3;1;0.745;0.238;1995 kir kuu 1
108-95-2;;142-82-5;;327.3;101.3;1;0.5188;-1.0;2003 mat fuj 0
108-95-2;;142-82-5;;327.01;101.3;1;0.5563;-1.0;2003 mat fuj 0
108-95-2;;142-82-5;;326.63;101.3;1;0.6051;-1.0;2003 mat fuj 0
108-95-2;;142-82-5;;325.07;101.3;1;0.6417;-1.0;2003 mat fuj 0
108-95-2;;142-82-5;;324.04;101.3;1;0.6712;-1.0;2003 mat fuj 0
108-95-2;;142-82-5;;323.01;101.3;1;0.701;-1.0;2003 mat fuj 0
108-95-2;;142-82-5;;319.54;101.3;1;0.7465;-1.0;2003 mat fuj 0
108-95-2;;142-82-5;;317.33;101.3;1;0.77;-1.0;2003 mat fuj 0
108-95-2;;142-82-5;;315.01;101.3;1;0.7783;-1.0;2003 mat fuj 0
108-95-2;;142-82-5;;311.26;101.3;1;0.7998;-1.0;2003 mat fuj 0
108-95-2;;142-82-5;;305.63;101.3;1;0.8297;-1.0;2003 mat fuj 0
108-95-2;;142-82-5;;305.95;101.3;1;-1.0;0.1372;2003 mat fuj 0
108-95-2;;142-82-5;;307.05;101.3;1;-1.0;0.1429;2003 mat fuj 0
108-95-2;;142-82-5;;311.28;101.3;1;-1.0;0.1693;2003 mat fuj 0
108-95-2;;142-82-5;;311.93;101.3;1;-1.0;0.1737;2003 mat fuj 0
108-95-2;;142-82-5;;314.27;101.3;1;-1.0;0.1946;2003 mat fuj 0
108-95-2;;142-82-5;;314.5;101.3;1;-1.0;0.1981;2003 mat fuj 0
108-95-2;;142-82-5;;315.67;101.3;1;-1.0;0.2043;2003 mat fuj 0
108-95-2;;142-82-5;;316.61;101.3;1;-1.0;0.2127;2003 mat fuj 0
108-95-2;;142-82-5;;319.58;101.3;1;-1.0;0.2512;2003 mat fuj 0
108-95-2;;142-82-5;;321.99;101.3;1;-1.0;0.2949;2003 mat fuj 0
108-95-2;;142-82-5;;324.27;101.3;1;-1.0;0.3442;2003 mat fuj 0
108-95-2;;142-82-5;;324.99;101.3;1;-1.0;0.3773;2003 mat fuj 0
108-95-2;;142-82-5;;325.92;101.3;1;-1.0;0.4142;2003 mat fuj 0
108-95-2;;142-82-5;;326.05;101.3;1;-1.0;0.4222;2003 mat fuj 0
108-95-2;;142-82-5;;326.58;101.3;1;-1.0;0.4497;2003 mat fuj 0
108-95-2;;142-82-5;;326.9;101.3;1;-1.0;0.4698;2003 mat fuj 0
108-95-2;;142-82-5;;325.94;101.0;1;0.522;-1.0;2011 mar kla 1
108-95-2;;142-82-5;;325.9;101.0;1;0.5375;-1.0;2011 mar kla 1
108-95-2;;142-82-5;;325.75;101.0;1;0.5532;0.4726;2011 mar kla 1
108-95-2;;142-82-5;;325.65;101.0;1;0.5653;-1.0;2011 mar kla 1
108-95-2;;142-82-5;;325.55;101.0;1;0.5796;-1.0;2011 mar kla 1
108-95-2;;142-82-5;;325.47;101.0;1;0.5933;-1.0;2011 mar kla 1
108-95-2;;142-82-5;;325.25;101.0;1;0.6113;-1.0;2011 mar kla 1
108-95-2;;142-82-5;;325.05;101.0;1;0.627;-1.0;2011 mar kla 1
108-95-2;;142-82-5;;324.7;101.0;1;0.6506;-1.0;2011 mar kla 1
108-95-2;;142-82-5;;324.15;101.0;1;0.6702;-1.0;2011 mar kla 1
108-95-2;;142-82-5;;323.05;101.0;1;0.6949;0.3236;2011 mar kla 1
108-95-2;;142-82-5;;321.35;101.0;1;0.7184;-1.0;2011 mar kla 1
108-95-2;;142-82-5;;318.75;101.0;1;0.7465;-1.0;2011 mar kla 1
108-95-2;;142-82-5;;314.35;101.0;1;0.7841;-1.0;2011 mar kla 1
108-95-2;;142-82-5;;311.55;101.0;1;0.8001;-1.0;2011 mar kla 1
108-95-2;;142-82-5;;305.35;101.0;1;-1.0;0.1414;2011 mar kla 1
108-95-2;;142-82-5;;308.05;101.0;1;-1.0;0.1551;2011 mar kla 1
108-95-2;;142-82-5;;310.35;101.0;1;-1.0;0.1734;2011 mar kla 1
108-95-2;;142-82-5;;314.21;101.0;1;-1.0;0.1987;2011 mar kla 1
108-95-2;;142-82-5;;320.11;101.0;1;-1.0;0.2651;2011 mar kla 1
108-95-2;;142-82-5;;324.8;101.0;1;-1.0;0.3842;2011 mar kla 1
108-95-2;;142-82-5;;325.12;101.0;1;-1.0;0.4038;2011 mar kla 1
108-95-2;;142-82-5;;325.35;101.0;1;-1.0;0.4261;2011 mar kla 1
108-95-2;;142-82-5;;325.5;101.0;1;-1.0;0.4481;2011 mar kla 1
108-95-2;;142-82-5;;325.66;101.0;1;-1.0;0.4663;2011 mar kla 1
108-95-2;;142-82-5;;325.85;101.0;1;-1.0;0.4885;2011 mar kla 1
109-60-4;;7732-18-5;water;323.576865;-1.0;1;0.896;-1.0;1960 smi mor 0
109-60-4;;7732-18-5;water;339.424;-1.0;1;0.856;-1.0;1960 smi mor 0
109-60-4;;7732-18-5;water;349.62335;-1.0;1;0.828;-1.0;1960 smi mor 0
109-60-4;;7732-18-5;water;355.883;-1.0;1;0.81;-1.0;1960 smi mor 0
109-60-4;;7732-18-5;water;323.127;-1.0;1;0.896;-1.0;1960 smi mor 0
109-60-4;;7732-18-5;water;338.124;-1.0;1;0.86;-1.0;1960 smi mor 0
109-60-4;;7732-18-5;water;353.123;-1.0;1;0.817;-1.0;1960 smi mor 0
109-60-4;;7732-18-5;water;323.127;-1.0;1;-1.0;0.0032;1960 smi mor 0
109-60-4;;7732-18-5;water;338.124;-1.0;1;-1.0;0.0032;1960 smi mor 0
109-60-4;;7732-18-5;water;353.123;-1.0;1;-1.0;0.0033;1960 smi mor 0
109-60-4;;7732-18-5;water;323.576865;-1.0;1;-1.0;0.0032;1960 smi mor 0
109-60-4;;7732-18-5;water;339.424;-1.0;1;-1.0;0.0032;1960 smi mor 0
109-60-4;;7732-18-5;water;349.62335;-1.0;1;-1.0;0.0033;1960 smi mor 0
109-60-4;;7732-18-5;water;355.883;-1.0;1;-1.0;0.0033;1960 smi mor 0
109-60-4;;7732-18-5;water;293.138;101.0;1;0.910709155862;0.00395213900137;1950 smi bon 0
109-60-4;;7732-18-5;water;308.132;101.0;1;0.886893602387;0.00322275514189;1950 smi bon 0
109-60-4;;7732-18-5;water;303.134;101.0;1;0.925499508875;0.00322275514189;1954 mur ven 1
109-60-4;;7732-18-5;water;303.134;101.0;1;0.915596433387;0.00322275514189;1957 ven rao 0
109-60-4;;7732-18-5;water;357.123;101.325;1;0.781;-1.0;1958 pic hal 0
109-60-4;;7732-18-5;water;367.1234;101.325;1;-1.0;0.005;1958 pic hal 0
109-60-4;;7732-18-5;water;293.138;101.325;1;0.911;0.004;1960 sch & 2
109-60-4;;7732-18-5;water;317.52868;101.325;1;0.864;0.0031;1960 sch & 2
109-60-4;;7732-18-5;water;323.176985;101.325;1;0.8963;0.0032;1963 smi mor 1
109-60-4;;7732-18-5;water;338.174;101.325;1;0.8596;0.0032;1963 smi mor 1
109-60-4;;7732-18-5;water;353.173;101.325;1;0.817;0.0034;1963 smi mor 1
109-60-4;;7732-18-5;water;293.14537;101.325;1;0.886;0.004;1972 sha mar 1
109-60-4;;7732-18-5;water;293.14537;101.325;1;0.886;-1.0;1972 sha mar 1
109-60-4;;7732-18-5;water;313.140055;101.325;1;0.86;0.004;1972 sha mar 1
109-60-4;;7732-18-5;water;333.13437;101.325;1;0.838;0.004;1972 sha mar 1
109-60-4;;7732-18-5;water;291.29574;101.325;1;0.9253;-1.0;1980 skr & 0
109-60-4;;7732-18-5;water;293.9952;101.325;1;0.9093;-1.0;1980 skr & 0
109-60-4;;7732-18-5;water;310.29091;101.325;1;0.8902;-1.0;1980 skr & 0
109-60-4;;7732-18-5;water;331.28474;101.325;1;0.8539;-1.0;1980 skr & 0
109-60-4;;7732-18-5;water;345.88123;101.325;1;0.8269;-1.0;1980 skr & 0
109-60-4;;7732-18-5;water;362.67646;101.325;1;0.7884;-1.0;1980 skr & 0
109-60-4;;7732-18-5;water;300.19394;101.325;1;-1.0;0.00382;1980 skr & 0
109-60-4;;7732-18-5;water;307.89163;101.325;1;-1.0;0.00351;1980 skr & 0
109-60-4;;7732-18-5;water;311.49055;101.325;1;-1.0;0.00344;1980 skr & 0
109-60-4;;7732-18-5;water;314.18974;101.325;1;-1.0;0.00333;1980 skr & 0
109-60-4;;7732-18-5;water;322.38728;101.325;1;-1.0;0.00324;1980 skr & 0
109-60-4;;7732-18-5;water;336.38372;101.325;1;-1.0;0.00324;1980 skr & 0
109-60-4;;7732-18-5;water;345.58132;101.325;1;-1.0;0.00328;1980 skr & 0
109-60-4;;7732-18-5;water;351.57952;101.325;1;-1.0;0.00333;1980 skr & 0
109-60-4;;7732-18-5;water;355.57832;101.325;1;-1.0;0.0034;1980 skr & 0
109-60-4;;7732-18-5;water;357.77766;101.325;1;-1.0;0.00344;1980 skr & 0
109-60-4;;7732-18-5;water;361.4767;101.325;1;-1.0;0.00351;1980 skr & 0
109-60-4;;7732-18-5;water;273.15;101.32;1;0.937614805779;0.00581580151667;1986 ste stu 0
109-60-4;;7732-18-5;water;282.648205;101.32;1;0.927500994206;0.00501848199688;1986 ste stu 0
109-60-4;;7732-18-5;water;293.14537;101.32;1;0.916087497888;0.00406196894544;1986 ste stu 0
109-60-4;;7732-18-5;water;303.143055;101.32;1;0.902017789128;0.00355037329717;1986 ste stu 0
109-60-4;;7732-18-5;water;313.140055;101.32;1;0.88829406155;0.00335004496928;1986 ste stu 0
109-60-4;;7732-18-5;water;323.137055;101.32;1;0.882713492001;0.00307746335737;1986 ste stu 0
109-60-4;;7732-18-5;water;333.23435;101.32;1;0.875816729388;0.00293236565697;1986 ste stu 0
109-60-4;;7732-18-5;water;343.631905;101.32;1;0.853002888642;0.00307746335737;1986 ste stu 0
109-60-4;;7732-18-5;water;353.129055;101.32;1;0.850381539319;0.00296862190795;1986 ste stu 0
109-60-4;;7732-18-5;water;363.32633;101.32;1;-1.0;0.00240800736597;1986 ste stu 0
109-60-4;;7732-18-5;water;298.2;101.32;1;0.8555;0.0041;2006 ceh ozm 0
109-60-4;;7732-18-5;water;363.65;101.325;1;0.8626;0.0031;2006 xia wan 0
109-60-4;;7732-18-5;water;313.15;100.0;1;0.918;0.006;2008 toi gor 0
109-60-4;;7732-18-5;water;293.15;100.0;1;0.948;0.003;2011 toi tsv 0
109-60-4;;7732-18-5;water;303.15;100.0;1;0.918;0.006;2011 toi tsv 0
109-60-4;;7732-18-5;water;313.15;100.0;1;0.89;0.01;2011 toi tsv 0
109-60-4;;7732-18-5;water;293.15;100.0;1;0.911;-1.0;2011 toi tsv 0
109-60-4;;7732-18-5;water;303.15;100.0;1;0.9;-1.0;2011 toi tsv 0
109-60-4;;7732-18-5;water;313.15;100.0;1;0.87;-1.0;2011 toi tsv 0
109-60-4;;7732-18-5;water;288.15;101.0;1;0.925999222007;0.00395213900137;2011 yan zhu 3
109-60-4;;7732-18-5;water;298.15;101.0;1;0.918549237766;0.00367804719798;2011 yan zhu 3
109-60-4;;7732-18-5;water;313.15;101.0;1;0.885031848849;0.00344105757907;2011 yan zhu 3
109-60-4;;7732-18-5;water;288.15;101.0;1;0.923007499307;-1.0;2011 yan zhu 3
109-60-4;;7732-18-5;water;313.15;101.0;1;0.883639660212;-1.0;2011 yan zhu 3
109-60-4;;7732-18-5;water;288.2;101.0;1;0.9195;0.0046;2012 alm wal 0
109-60-4;;7732-18-5;water;303.2;101.0;1;0.8967;0.0038;2012 alm wal 0
109-60-4;;7732-18-5;water;298.2;101.3;1;0.933041503477;0.00358683628098;2018 gil gaz 0
109-60-4;;7732-18-5;water;308.2;101.3;1;0.909251207332;0.00488923250729;2018 gil gaz 0
109-60-4;;7732-18-5;water;318.2;101.3;1;0.892988097848;0.00652525330848;2018 gil gaz 0
109-60-4;;7732-18-5;water;298.2;101.0;1;0.922013744297;0.00387898043578;2020 gil nas 0
109-60-4;;7732-18-5;water;303.2;101.3;1;0.924501395551;0.00355037329717;2021 yan fan 0
109-60-4;;7732-18-5;water;295.1372;101.0;1;-1.0;0.00295049226884;1884 tra & 0
109-60-4;;7732-18-5;water;273.15;101.325;1;-1.0;0.00608;1906 ray & 0
109-60-4;;7732-18-5;water;283.144;101.325;1;-1.0;0.00463;1906 ray & 0
109-60-4;;7732-18-5;water;293.138;101.325;1;-1.0;0.00414;1906 ray & 0
109-60-4;;7732-18-5;water;303.134;101.325;1;-1.0;0.00368;1906 ray & 0
109-60-4;;7732-18-5;water;293.138;101.0;1;-1.0;0.00338644087587;1924 fuh & 0
109-60-4;;7732-18-5;water;298.14437;101.0;1;-1.0;0.00380876073063;1980 mas pem 0
109-60-4;;7732-18-5;water;298.14437;101.3;1;-1.0;0.00367593381034;1982 tew mil 0
109-60-4;;7732-18-5;water;298.09438;101.325;1;-1.0;0.00392978089438;1985 ric via 0
109-60-4;;7732-18-5;water;298.15;101.325;1;-1.0;0.00433309774759;1995 dal & 0
109-60-4;;7732-18-5;water;298.15;100.0;1;-1.0;0.00385174141387;2000 seg klo 0
109-60-4;;7732-18-5;water;298.2;100.0;1;-1.0;0.003852;2001 seg klo 0
109-60-4;;7732-18-5;water;303.2;100.0;1;-1.0;0.003644;2001 seg klo 0
109-60-4;;7732-18-5;water;308.2;100.0;1;-1.0;0.00349;2001 seg klo 0
109-60-4;;7732-18-5;water;313.2;100.0;1;-1.0;0.003371;2001 seg klo 0
109-60-4;;7732-18-5;water;318.2;100.0;1;-1.0;0.003243;2001 seg klo 0
109-60-4;;7732-18-5;water;303.25;101.325;1;-1.0;0.00350381658033;2004 ati gru 0
109-60-4;;7732-18-5;water;313.25;101.325;1;-1.0;0.0031924886062;2004 ati gru 0
109-60-4;;7732-18-5;water;323.25;101.325;1;-1.0;0.00303817034939;2004 ati gru 0
109-60-4;;7732-18-5;water;333.25;101.325;1;-1.0;0.00294905764651;2004 ati gru 0
109-60-4;;7732-18-5;water;343.25;101.325;1;-1.0;0.00297523907841;2004 ati gru 0
109-60-4;;7732-18-5;water;273.35;101.0;1;-1.0;0.00619564950674;2014 fen bla 0
109-60-4;;7732-18-5;water;283.15;101.0;1;-1.0;0.00485479934085;2014 fen bla 0
109-60-4;;7732-18-5;water;293.15;101.0;1;-1.0;0.00380876073063;2014 fen bla 0
109-60-4;;7732-18-5;water;293.15;101.0;1;-1.0;0.00407048481778;2014 fen bla 0
109-60-4;;7732-18-5;water;298.15;101.0;1;-1.0;0.00400572866139;2014 fen bla 0
109-60-4;;7732-18-5;water;298.15;101.0;1;-1.0;0.00386727799452;2014 fen bla 0
109-60-4;;7732-18-5;water;303.15;101.0;1;-1.0;0.00371049447643;2014 fen bla 0
109-60-4;;7732-18-5;water;313.15;101.0;1;-1.0;0.00344385792826;2014 fen bla 0
109-60-4;;7732-18-5;water;323.15;101.0;1;-1.0;0.00325446648633;2014 fen bla 0
109-60-4;;7732-18-5;water;333.15;101.0;1;-1.0;0.0032335422504;2014 fen bla 0
109-66-0;;67-56-1;;270.0;150.0;1;0.197;0.96;JRE Smoothed
109-66-0;;67-56-1;;275.0;150.0;1;0.22;0.92;JRE Smoothed
109-66-0;;67-56-1;;280.0;150.0;1;0.24;0.86;JRE Smoothed
109-66-0;;67-56-1;;285.0;150.0;1;0.31;0.76;JRE Smoothed
109-66-0;;67-56-1;;280.2637292;101.0;1;0.77667;-1.0;1961 kis joh 0
109-66-0;;67-56-1;;281.6478982;101.0;1;0.75494;-1.0;1961 kis joh 0
109-66-0;;67-56-1;;282.8281896;101.0;1;0.73318;-1.0;1961 kis joh 0
109-66-0;;67-56-1;;284.288313;101.0;1;0.70992;-1.0;1961 kis joh 0
109-66-0;;67-56-1;;285.2697238;101.0;1;0.6759;-1.0;1961 kis joh 0
109-66-0;;67-56-1;;286.4050422;101.0;1;0.63629;-1.0;1961 kis joh 0
109-66-0;;67-56-1;;286.8737608;101.0;1;0.60883;-1.0;1961 kis joh 0
109-66-0;;67-56-1;;287.0876324;101.0;1;0.57981;-1.0;1961 kis joh 0
109-66-0;;67-56-1;;287.251534;101.0;1;0.55027;-1.0;1961 kis joh 0
109-66-0;;67-56-1;;287.1535928;101.0;1;0.537;-1.0;1961 kis joh 0
109-66-0;;67-56-1;;287.2405406;101.0;1;-1.0;0.50847;1961 kis joh 0
109-66-0;;67-56-1;;286.9257296;101.0;1;-1.0;0.46103;1961 kis joh 0
109-66-0;;67-56-1;;286.4600092;101.0;1;-1.0;0.41153;1961 kis joh 0
109-66-0;;67-56-1;;285.557551;101.0;1;-1.0;0.36758;1961 kis joh 0
109-66-0;;67-56-1;;284.4452188;101.0;1;-1.0;0.34195;1961 kis joh 0
109-66-0;;67-56-1;;283.9894924;101.0;1;-1.0;0.33374;1961 kis joh 0
109-66-0;;67-56-1;;282.6752814;101.0;1;-1.0;0.304;1961 kis joh 0
109-66-0;;67-56-1;;280.3386842;101.0;1;-1.0;0.28127;1961 kis joh 0
109-66-0;;67-56-1;;277.927132;101.0;1;-1.0;0.25343;1961 kis joh 0
109-66-0;;67-56-1;;276.0462612;101.0;1;-1.0;0.23891;1961 kis joh 0
109-66-0;;67-56-1;;273.6816808;101.0;1;-1.0;0.22331;1961 kis joh 0
109-66-0;;67-56-1;;278.147;101.32;1;-1.0;0.254816567607;1961 kis joh 0
109-66-0;;67-56-1;;283.144;101.32;1;-1.0;0.310026119392;1961 kis joh 0
109-66-0;;67-56-1;;287.49675;100.0;1;-1.0;0.517;1989 skr fai 0
109-66-0;;67-56-1;;278.15;101.325;1;0.7738;0.248;1997 org igl 0
109-66-0;;67-56-1;;283.15;101.325;1;0.725;0.3137;1997 org igl 0
109-66-0;;67-64-1;;180.0;100.0;1;0.05;0.978;JRE Smoothed
109-66-0;;67-64-1;;190.0;100.0;1;0.075;0.967;JRE Smoothed
109-66-0;;67-64-1;;200.0;100.0;1;0.103;0.945;JRE Smoothed
109-66-0;;67-64-1;;210.0;100.0;1;0.148;0.922;JRE Smoothed
109-66-0;;67-64-1;;220.0;100.0;1;0.19;0.88;JRE Smoothed
109-66-0;;67-64-1;;186.632376;2.3;1;0.9746;-1.0;1958 wol ber 0
109-66-0;;67-64-1;;190.704004;2.3;1;0.9668;-1.0;1958 wol ber 0
109-66-0;;67-64-1;;208.175498;2.3;1;0.9345;-1.0;1958 wol ber 0
109-66-0;;67-64-1;;205.09519;2.3;1;0.9309;-1.0;1958 wol ber 0
109-66-0;;67-64-1;;215.24436;2.3;1;0.9084;-1.0;1958 wol ber 0
109-66-0;;67-64-1;;225.08686;2.3;1;0.8507;-1.0;1958 wol ber 0
109-66-0;;67-64-1;;226.995714;2.3;1;0.8428;-1.0;1958 wol ber 0
109-66-0;;67-64-1;;229.714082;2.3;1;0.7327;-1.0;1958 wol ber 0
109-66-0;;67-64-1;;230.33371;2.3;1;0.6508;-1.0;1958 wol ber 0
109-66-0;;67-64-1;;230.463632;2.3;1;0.6085;0.5524;1958 wol ber 0
109-66-0;;67-64-1;;230.443644;2.3;1;-1.0;0.5046;1958 wol ber 0
109-66-0;;67-64-1;;230.28374;2.3;1;-1.0;0.4644;1958 wol ber 0
109-66-0;;67-64-1;;229.814022;2.3;1;-1.0;0.4001;1958 wol ber 0
109-66-0;;67-64-1;;229.314322;2.3;1;-1.0;0.3351;1958 wol ber 0
109-66-0;;67-64-1;;228.704688;2.3;1;-1.0;0.3239;1958 wol ber 0
109-66-0;;67-64-1;;223.078088;2.3;1;-1.0;0.2325;1958 wol ber 0
109-66-0;;67-64-1;;219.09128;2.3;1;-1.0;0.1915;1958 wol ber 0
109-66-0;;67-64-1;;216.99296;2.3;1;-1.0;0.1782;1958 wol ber 0
109-66-0;;67-64-1;;204.475128;2.3;1;-1.0;0.114;1958 wol ber 0
109-66-0;;67-64-1;;203.325013;2.3;1;-1.0;0.1102;1958 wol ber 0
109-66-0;;67-64-1;;197.875;2.3;1;-1.0;0.099;1958 wol ber 0
109-66-0;;67-64-1;;182.710712;2.3;1;-1.0;0.0603;1958 wol ber 0
109-66-0;;67-64-1;;225.60844;2.1;1;0.8;-1.0;1968 fra ric 0
109-66-0;;67-64-1;;228.90811;2.1;1;0.679;-1.0;1968 fra ric 0
109-66-0;;67-64-1;;229.30807;2.1;1;-1.0;0.603;1968 fra ric 0
109-66-0;;67-64-1;;229.30807;2.1;1;-1.0;0.595;1968 fra ric 0
109-66-0;;67-64-1;;229.40806;2.1;1;-1.0;0.503;1968 fra ric 0
109-66-0;;67-64-1;;229.30807;2.1;1;-1.0;0.485;1968 fra ric 0
109-66-0;;67-64-1;;229.10809;2.1;1;-1.0;0.449;1968 fra ric 0
109-66-0;;67-64-1;;228.70813;2.1;1;-1.0;0.405;1968 fra ric 0
109-66-0;;67-64-1;;227.30827;2.1;1;-1.0;0.347;1968 fra ric 0
109-66-0;;67-64-1;;229.08669214;101.325;1;0.60951;-1.0;1968 ric fra 0
109-66-0;;67-64-1;;228.798610951;101.325;1;0.678591;-1.0;1968 ric fra 0
109-66-0;;67-64-1;;225.442086637;101.325;1;0.802525;-1.0;1968 ric fra 0
109-66-0;;67-64-1;;227.142466582;101.325;1;-1.0;0.347454;1968 ric fra 0
109-66-0;;67-64-1;;228.505900225;101.325;1;-1.0;0.41073;1968 ric fra 0
109-66-0;;67-64-1;;228.933167494;101.325;1;-1.0;0.455284;1968 ric fra 0
109-66-0;;67-64-1;;229.126318177;101.325;1;-1.0;0.489068;1968 ric fra 0
109-66-0;;67-64-1;;229.209239884;101.325;1;-1.0;0.513405;1968 ric fra 0
109-66-0;;67-64-1;;229.22417839;101.325;1;-1.0;0.598652;1968 ric fra 0
109-89-7;;7732-18-5;water;416.33264;101.0;1;0.112733916222;-1.0;1905 lat & 0
109-89-7;;7732-18-5;water;416.6327;101.0;1;0.139186527594;0.13203640249;1905 lat & 0
109-89-7;;7732-18-5;water;417.28283;101.0;1;0.172165144562;-1.0;1905 lat & 0
109-89-7;;7732-18-5;water;418.133;101.0;1;0.190685164621;-1.0;1905 lat & 0
109-89-7;;7732-18-5;water;419.93336;101.0;1;0.208708098633;-1.0;1905 lat & 0
109-89-7;;7732-18-5;water;421.6337;101.0;1;0.225980439698;-1.0;1905 lat & 0
109-89-7;;7732-18-5;water;423.43412;101.0;1;0.229812311249;-1.0;1905 lat & 0
109-89-7;;7732-18-5;water;425.43492;101.0;1;0.258435622125;-1.0;1905 lat & 0
109-89-7;;7732-18-5;water;429.1364;101.0;1;0.261612375564;-1.0;1905 lat & 0
109-89-7;;7732-18-5;water;427.6358;101.0;1;-1.0;0.0640062784388;1905 lat & 0
109-89-7;;7732-18-5;water;424.83468;101.0;1;-1.0;0.0672739954918;1905 lat & 0
109-89-7;;7732-18-5;water;420.6335;101.0;1;-1.0;0.0760239950585;1905 lat & 0
109-89-7;;7732-18-5;water;420.1334;101.0;1;-1.0;0.0760988564982;1905 lat & 0
109-89-7;;7732-18-5;water;417.53288;101.0;1;-1.0;0.0898025528704;1905 lat & 0
109-89-7;;7732-18-5;water;417.1328;101.0;1;-1.0;0.0993425612243;1905 lat & 0
109-89-7;;7732-18-5;water;419.25;101.0;1;0.137539740444;-1.0;2008 ili kur 1
109-89-7;;7732-18-5;water;419.55;101.0;1;0.157778243078;0.112422249792;2008 ili kur 1
109-89-7;;7732-18-5;water;420.75;101.0;1;0.17915187163;-1.0;2008 ili kur 1
109-89-7;;7732-18-5;water;425.05;101.0;1;0.210699586199;-1.0;2008 ili kur 1
109-89-7;;7732-18-5;water;426.75;101.0;1;0.224084220489;-1.0;2008 ili kur 1
109-89-7;;7732-18-5;water;427.65;101.0;1;-1.0;0.0757621989515;2008 ili kur 1
109-89-7;;7732-18-5;water;423.75;101.0;1;-1.0;0.0873750933819;2008 ili kur 1
109-89-7;;7732-18-5;water;421.95;101.0;1;-1.0;0.0955650983908;2008 ili kur 1
109-89-7;;7732-18-5;water;420.55;101.0;1;-1.0;0.103871542931;2008 ili kur 1
109-89-7;;7732-18-5;water;419.35;101.0;1;-1.0;0.126567157104;2008 ili kur 1
109-99-9;;7732-18-5;water;350.0;100.0;1;0.130884;0.338862;SDS Smoothed
109-99-9;;7732-18-5;water;360.0;100.0;1;0.10166;0.394337;SDS Smoothed
109-99-9;;7732-18-5;water;370.0;100.0;1;0.0901277;0.406819;SDS Smoothed
109-99-9;;7732-18-5;water;380.0;100.0;1;0.0866351;0.395514;SDS Smoothed
109-99-9;;7732-18-5;water;390.0;100.0;1;0.089732;0.367748;SDS Smoothed
109-99-9;;7732-18-5;water;400.0;100.0;1;0.102023;0.325208;SDS Smoothed
109-99-9;;7732-18-5;water;344.931515;101.0;1;0.225368129624;-1.0;1972 mat nov 0
109-99-9;;7732-18-5;water;345.231425;101.0;1;0.239039814325;0.210332140392;1972 mat nov 0
109-99-9;;7732-18-5;water;345.431365;101.0;1;0.251082985319;0.204411893589;1972 mat nov 0
109-99-9;;7732-18-5;water;345.931215;101.0;1;0.270950058732;-1.0;1972 mat nov 0
109-99-9;;7732-18-5;water;346.531035;101.0;1;0.291336780704;0.165205495891;1972 mat nov 0
109-99-9;;7732-18-5;water;347.930615;101.0;1;0.315034382048;-1.0;1972 mat nov 0
109-99-9;;7732-18-5;water;351.329595;101.0;1;0.348879506101;-1.0;1972 mat nov 0
109-99-9;;7732-18-5;water;351.429565;101.0;1;0.353095129904;-1.0;1972 mat nov 0
109-99-9;;7732-18-5;water;353.029085;101.0;1;0.363865801204;-1.0;1972 mat nov 0
109-99-9;;7732-18-5;water;356.128155;101.0;1;0.379525590416;-1.0;1972 mat nov 0
109-99-9;;7732-18-5;water;410.21695;101.0;1;0.199256714361;-1.0;1972 mat nov 0
109-99-9;;7732-18-5;water;410.11697;101.0;1;0.199895696944;-1.0;1972 mat nov 0
109-99-9;;7732-18-5;water;409.91701;101.0;1;0.219805176269;-1.0;1972 mat nov 0
109-99-9;;7732-18-5;water;409.81703;101.0;1;0.22677640468;-1.0;1972 mat nov 0
109-99-9;;7732-18-5;water;408.71725;101.0;1;0.248024905337;-1.0;1972 mat nov 0
109-99-9;;7732-18-5;water;404.01819;101.0;1;0.301147861486;-1.0;1972 mat nov 0
109-99-9;;7732-18-5;water;399.31913;101.0;1;0.329542646557;-1.0;1972 mat nov 0
109-99-9;;7732-18-5;water;386.12177;101.0;1;0.379525590416;-1.0;1972 mat nov 0
109-99-9;;7732-18-5;water;383.62227;101.0;1;-1.0;0.0889556967431;1972 mat nov 0
109-99-9;;7732-18-5;water;392.42051;101.0;1;-1.0;0.0925969579754;1972 mat nov 0
109-99-9;;7732-18-5;water;400.91881;101.0;1;-1.0;0.0996491831571;1972 mat nov 0
109-99-9;;7732-18-5;water;406.01779;101.0;1;-1.0;0.118575904376;1972 mat nov 0
109-99-9;;7732-18-5;water;409.21715;101.0;1;-1.0;0.145340892204;1972 mat nov 0
109-99-9;;7732-18-5;water;409.61707;101.0;1;-1.0;0.150551805299;1972 mat nov 0
109-99-9;;7732-18-5;water;375.62387;101.0;1;-1.0;0.0889556967431;1972 mat nov 0
109-99-9;;7732-18-5;water;366.02579;101.0;1;-1.0;0.0925969579754;1972 mat nov 0
109-99-9;;7732-18-5;water;362.62647;101.0;1;-1.0;0.097550858493;1972 mat nov 0
109-99-9;;7732-18-5;water;361.02679;101.0;1;-1.0;0.0996491831571;1972 mat nov 0
109-99-9;;7732-18-5;water;356.428065;101.0;1;-1.0;0.10606868142;1972 mat nov 0
109-99-9;;7732-18-5;water;352.029385;101.0;1;-1.0;0.118575904376;1972 mat nov 0
109-99-9;;7732-18-5;water;351.729475;101.0;1;-1.0;0.123686596074;1972 mat nov 0
109-99-9;;7732-18-5;water;348.530435;101.0;1;-1.0;0.14689233651;1972 mat nov 0
109-99-9;;7732-18-5;water;345.331395;101.0;1;-1.0;0.187400688818;1972 mat nov 0
109-99-9;;7732-18-5;water;345.38138;101.0;1;-1.0;0.188011507711;1972 mat nov 0
110-19-0;;7732-18-5;water;293.138;101.0;1;0.897520033111;0.00124914582763;1966 fro log 0
110-19-0;;7732-18-5;water;308.741375;101.325;1;0.9223;-1.0;1976 lin & 0
110-19-0;;7732-18-5;water;334.63407;101.325;1;0.8981;-1.0;1976 lin & 0
110-19-0;;7732-18-5;water;358.127555;101.325;1;0.8512;-1.0;1976 lin & 0
110-19-0;;7732-18-5;water;372.82443;101.325;1;0.8146;-1.0;1976 lin & 0
110-19-0;;7732-18-5;water;378.82323;101.325;1;0.7966;-1.0;1976 lin & 0
110-19-0;;7732-18-5;water;395.51989;101.325;1;0.7624;-1.0;1976 lin & 0
110-19-0;;7732-18-5;water;413.41631;101.325;1;0.7218;-1.0;1976 lin & 0
110-19-0;;7732-18-5;water;287.746675;101.325;1;-1.0;0.00119;1976 lin & 0
110-19-0;;7732-18-5;water;298.04439;101.325;1;-1.0;0.00112;1976 lin & 0
110-19-0;;7732-18-5;water;321.037685;101.325;1;-1.0;0.00109;1976 lin & 0
110-19-0;;7732-18-5;water;340.732775;101.325;1;-1.0;0.00112;1976 lin & 0
110-19-0;;7732-18-5;water;348.030585;101.325;1;-1.0;0.00119;1976 lin & 0
110-19-0;;7732-18-5;water;348.330495;101.325;1;-1.0;0.00119;1976 lin & 0
110-19-0;;7732-18-5;water;357.927615;101.325;1;-1.0;0.00126;1976 lin & 0
110-19-0;;7732-18-5;water;366.32573;101.325;1;-1.0;0.00132;1976 lin & 0
110-19-0;;7732-18-5;water;384.62207;101.325;1;-1.0;0.00151;1976 lin & 0
110-19-0;;7732-18-5;water;388.82123;101.325;1;-1.0;0.00157;1976 lin & 0
110-19-0;;7732-18-5;water;420.21495;101.325;1;-1.0;0.00189;1976 lin & 0
110-19-0;;7732-18-5;water;293.14537;101.325;1;0.9246;-1.0;1978 bom tro 1
110-19-0;;7732-18-5;water;298.14437;101.325;1;0.9178;-1.0;1978 bom tro 1
110-19-0;;7732-18-5;water;303.143055;101.325;1;0.9112;-1.0;1978 bom tro 1
110-19-0;;7732-18-5;water;313.140055;101.325;1;0.8992;-1.0;1978 bom tro 1
110-19-0;;7732-18-5;water;323.137055;101.325;1;0.8869;-1.0;1978 bom tro 1
110-19-0;;7732-18-5;water;333.13437;101.325;1;0.8749;-1.0;1978 bom tro 1
110-19-0;;7732-18-5;water;343.132055;101.325;1;0.8632;-1.0;1978 bom tro 1
110-19-0;;7732-18-5;water;353.129055;101.325;1;0.8517;-1.0;1978 bom tro 1
110-19-0;;7732-18-5;water;293.14537;101.0;1;-1.0;0.00161;1978 bom tro 1
110-19-0;;7732-18-5;water;298.14437;101.0;1;-1.0;0.00158;1978 bom tro 1
110-19-0;;7732-18-5;water;303.143055;101.0;1;-1.0;0.00155;1978 bom tro 1
110-19-0;;7732-18-5;water;313.140055;101.0;1;-1.0;0.00149;1978 bom tro 1
110-19-0;;7732-18-5;water;323.137055;101.0;1;-1.0;0.00142;1978 bom tro 1
110-19-0;;7732-18-5;water;333.13437;101.0;1;-1.0;0.00136;1978 bom tro 1
110-19-0;;7732-18-5;water;343.132055;101.0;1;-1.0;0.00131;1978 bom tro 1
110-19-0;;7732-18-5;water;353.129055;101.0;1;-1.0;0.00125;1978 bom tro 1
110-19-0;;7732-18-5;water;290.79584;101.325;1;0.9404;-1.0;1981 skr & 0
110-19-0;;7732-18-5;water;297.59448;101.325;1;0.9317;-1.0;1981 skr & 0
110-19-0;;7732-18-5;water;324.78656;101.325;1;0.9008;-1.0;1981 skr & 0
110-19-0;;7732-18-5;water;342.38228;101.325;1;0.8765;-1.0;1981 skr & 0
110-19-0;;7732-18-5;water;353.17904;101.325;1;0.8559;-1.0;1981 skr & 0
110-19-0;;7732-18-5;water;359.67709;101.325;1;0.8397;-1.0;1981 skr & 0
110-19-0;;7732-18-5;water;293.29534;101.325;1;-1.0;0.0011;1981 skr & 0
110-19-0;;7732-18-5;water;304.09277;101.325;1;-1.0;0.00098;1981 skr & 0
110-19-0;;7732-18-5;water;316.88893;101.325;1;-1.0;0.0009;1981 skr & 0
110-19-0;;7732-18-5;water;333.58428;101.325;1;-1.0;0.0009;1981 skr & 0
110-19-0;;7732-18-5;water;342.58222;101.325;1;-1.0;0.00098;1981 skr & 0
110-19-0;;7732-18-5;water;352.07937;101.325;1;-1.0;0.0011;1981 skr & 0
110-19-0;;7732-18-5;water;273.15;101.32;1;0.955327000129;0.00161142804873;1986 ste stu 0
110-19-0;;7732-18-5;water;283.148055;101.32;1;0.94938774287;0.00129631961515;1986 ste stu 0
110-19-0;;7732-18-5;water;292.84543;101.32;1;0.941758694574;0.00102931946357;1986 ste stu 0
110-19-0;;7732-18-5;water;303.043085;101.32;1;0.931935923739;0.000950936734534;1986 ste stu 0
110-19-0;;7732-18-5;water;312.840145;101.32;1;0.926804738401;0.000841312684404;1986 ste stu 0
110-19-0;;7732-18-5;water;323.137055;101.32;1;0.923974425642;0.000763089512388;1986 ste stu 0
110-19-0;;7732-18-5;water;333.63427;101.32;1;0.922283153314;0.000888278465158;1986 ste stu 0
110-19-0;;7732-18-5;water;343.232025;101.32;1;0.918356867461;0.000825662738881;1986 ste stu 0
110-19-0;;7732-18-5;water;353.328995;101.32;1;0.902383534403;0.000856965286841;1986 ste stu 0
110-19-0;;7732-18-5;water;363.32633;101.32;1;0.911138678159;-1.0;1986 ste stu 0
110-19-0;;7732-18-5;water;293.15;101.325;1;0.916125768024;0.00124914582763;1990 rat pal 1
110-19-0;;7732-18-5;water;303.15;101.325;1;0.9285;0.0016;1997 bar gra 0
110-19-0;;7732-18-5;water;303.15;101.3;1;0.928509880321;0.00156409331425;2000 bar ded 0
110-19-0;;7732-18-5;water;304.15;101.0;1;0.8738;0.0036;2007 wan che 0
110-19-0;;7732-18-5;water;332.15;101.0;1;0.8287;0.0034;2007 wan che 0
110-19-0;;7732-18-5;water;366.15;101.0;1;0.7749;0.0032;2007 wan che 0
110-19-0;;7732-18-5;water;298.2;100.0;1;0.9;0.001;2012 gha asg 0
110-19-0;;7732-18-5;water;303.2;100.0;1;0.9;0.001;2012 gha asg 0
110-19-0;;7732-18-5;water;308.2;100.0;1;0.9;0.001;2012 gha asg 0
110-19-0;;7732-18-5;water;313.2;100.0;1;0.924;-1.0;2012 gha asg 0
110-19-0;;7732-18-5;water;298.2;101.0;1;0.916125768024;0.00124914582763;2012 gha gha 0
110-19-0;;7732-18-5;water;308.2;101.0;1;0.905104435363;0.00140648549995;2012 gha gha 0
110-19-0;;7732-18-5;water;318.2;101.0;1;0.89430182882;0.00156409331425;2012 gha gha 0
110-19-0;;7732-18-5;water;328.2;101.0;1;0.878493996203;0.0018801161153;2012 gha gha 0
110-19-0;;7732-18-5;water;298.2;101.0;1;0.877456610811;0.00134351749233;2013 gil gil 4
110-19-0;;7732-18-5;water;293.2;95.0;1;0.9354;0.0011;2018 roq pin 0
110-19-0;;7732-18-5;water;313.2;95.0;1;0.9084;0.0011;2018 roq pin 0
110-19-0;;7732-18-5;water;295.1372;101.325;1;-1.0;0.00078;1884 tra & 0
110-19-0;;7732-18-5;water;293.138;101.0;1;-1.0;0.0010450040018;1924 fuh & 0
110-19-0;;7732-18-5;water;293.138;101.0;1;-1.0;0.00257917862581;1935 doo & 0
110-19-0;;7732-18-5;water;293.138;101.0;1;-1.0;0.0010450040018;1935 doo & 0
110-19-0;;7732-18-5;water;298.09438;101.325;1;-1.0;0.00108153052528;1985 ric via 0
110-19-0;;7732-18-5;water;298.15;101.325;1;-1.0;0.00120362857528;1995 dal & 0
110-19-0;;7732-18-5;water;298.15;100.0;1;-1.0;0.00098416288123;2000 seg klo 0
110-19-0;;7732-18-5;water;298.2;100.0;1;-1.0;0.0009842;2001 seg klo 0
110-19-0;;7732-18-5;water;303.2;100.0;1;-1.0;0.0009458;2001 seg klo 0
110-19-0;;7732-18-5;water;308.2;100.0;1;-1.0;0.0009082;2001 seg klo 0
110-19-0;;7732-18-5;water;313.2;100.0;1;-1.0;0.0008697;2001 seg klo 0
110-19-0;;7732-18-5;water;318.2;100.0;1;-1.0;0.0008538;2001 seg klo 0
110-54-3;;67-56-1;;275.1488;101.325;1;0.8959;0.11069;1956 kog dei 0
110-54-3;;67-56-1;;283.144;101.325;1;0.8778;0.12524;1956 kog dei 0
110-54-3;;67-56-1;;283.144;101.325;1;0.8783;-1.0;1956 kog dei 0
110-54-3;;67-56-1;;293.138;101.325;1;0.8189;0.18431;1956 kog dei 0
110-54-3;;67-56-1;;297.916088;101.0;1;0.76323;-1.0;1961 kis joh 0
110-54-3;;67-56-1;;299.0146484;101.0;1;0.75792;-1.0;1961 kis joh 0
110-54-3;;67-56-1;;299.6314016;101.0;1;0.74586;-1.0;1961 kis joh 0
110-54-3;;67-56-1;;301.5306416;101.0;1;0.71226;-1.0;1961 kis joh 0
110-54-3;;67-56-1;;303.1479944;101.0;1;0.68571;-1.0;1961 kis joh 0
110-54-3;;67-56-1;;304.0276424;101.0;1;0.65134;-1.0;1961 kis joh 0
110-54-3;;67-56-1;;305.168186;101.0;1;0.60228;-1.0;1961 kis joh 0
110-54-3;;67-56-1;;305.8239236;101.0;1;0.55564;0.35772;1961 kis joh 0
110-54-3;;67-56-1;;306.1208048;101.0;1;0.514;-1.0;1961 kis joh 0
110-54-3;;67-56-1;;306.2107688;101.0;1;0.47891;-1.0;1961 kis joh 0
110-54-3;;67-56-1;;306.1747832;101.0;1;0.44075;-1.0;1961 kis joh 0
110-54-3;;67-56-1;;305.2701452;101.0;1;-1.0;0.33927;1961 kis joh 0
110-54-3;;67-56-1;;304.213568;101.0;1;-1.0;0.30287;1961 kis joh 0
110-54-3;;67-56-1;;302.9210852;101.0;1;-1.0;0.28168;1961 kis joh 0
110-54-3;;67-56-1;;301.6535924;101.0;1;-1.0;0.26049;1961 kis joh 0
110-54-3;;67-56-1;;301.1967752;101.0;1;-1.0;0.25682;1961 kis joh 0
110-54-3;;67-56-1;;299.495456;101.0;1;-1.0;0.23705;1961 kis joh 0
110-54-3;;67-56-1;;299.1385988;101.0;1;-1.0;0.23695;1961 kis joh 0
110-54-3;;67-56-1;;297.666188;101.0;1;-1.0;0.2203;1961 kis joh 0
110-54-3;;67-56-1;;296.9024936;101.0;1;-1.0;0.21806;1961 kis joh 0
110-54-3;;67-56-1;;295.352114;101.0;1;-1.0;0.20342;1961 kis joh 0
110-54-3;;67-56-1;;292.6293054;101.0;1;-1.0;0.19051;1961 kis joh 0
110-54-3;;67-56-1;;291.0532516;101.0;1;-1.0;0.17891;1961 kis joh 0
110-54-3;;67-56-1;;305.9168864;101.0;1;-1.0;0.38064;1961 kis joh 0
110-54-3;;67-56-1;;298.136;101.325;1;0.73;0.209;1965 sav win 0
110-54-3;;67-56-1;;303.134;101.325;1;0.67;0.255;1965 sav win 0
110-54-3;;67-56-1;;306.83252;101.325;1;0.465;-1.0;1965 sav win 0
110-54-3;;67-56-1;;306.83252;101.325;1;0.41;-1.0;1965 sav win 0
110-54-3;;67-56-1;;306.83252;101.325;1;0.41;-1.0;1965 sav win 1
110-54-3;;67-56-1;;298.136;101.325;1;0.73;0.209;1965 sav win 1
110-54-3;;67-56-1;;303.134;101.325;1;0.67;0.255;1965 sav win 1
110-54-3;;67-56-1;;306.83252;101.325;1;0.465;-1.0;1965 sav win 1
110-54-3;;67-56-1;;293.19536;101.3;1;0.807;0.178;1969 sch wer 0
110-54-3;;67-56-1;;295.69486;101.3;1;0.783;0.192;1969 sch wer 0
110-54-3;;67-56-1;;298.19436;101.3;1;0.755;0.208;1969 sch wer 0
110-54-3;;67-56-1;;300.69379;101.3;1;0.72;0.229;1969 sch wer 0
110-54-3;;67-56-1;;303.19304;101.3;1;0.676;0.257;1969 sch wer 0
110-54-3;;67-56-1;;305.69229;101.3;1;0.609;0.304;1969 sch wer 0
110-54-3;;67-56-1;;307.69169;101.3;1;0.447;-1.0;1969 sch wer 0
110-54-3;;67-56-1;;307.69169;101.3;1;0.447;-1.0;1969 sch wer 0
110-54-3;;67-56-1;;297.9944;101.325;1;0.79;0.209;1973 ser usm 0
110-54-3;;67-56-1;;278.199262774;101.325;1;0.8964;0.1136;1975 rad kni 0
110-54-3;;67-56-1;;298.19436;101.325;1;0.7678;0.1984;1975 rad kni 0
110-54-3;;67-56-1;;292.9954;101.325;1;0.764;0.161;1976 bud les 10
110-54-3;;67-56-1;;293.14537;101.325;1;0.764;0.161;1976 bud les 11
110-54-3;;67-56-1;;306.89193;101.325;1;0.6;-1.0;1979 bal mit 0
110-54-3;;67-56-1;;306.89193;101.325;1;0.6;-1.0;1979 bal mit 0
110-54-3;;67-56-1;;308.071576;101.325;1;0.5867;-1.0;1980 skr vit 0
110-54-3;;67-56-1;;308.071576;101.325;1;0.5867;-1.0;1980 skr vit 0
110-54-3;;67-56-1;;309.261219;101.325;1;0.461;-1.0;1981 gre shi 0
110-54-3;;67-56-1;;297.884422;101.325;1;0.7449;-1.0;1982 khu fen 0
110-54-3;;67-56-1;;304.922521;101.325;1;0.6155;-1.0;1982 khu fen 0
110-54-3;;67-56-1;;306.132158;101.325;1;0.5534;-1.0;1982 khu fen 0
110-54-3;;67-56-1;;306.612014;101.325;1;0.488;-1.0;1982 khu fen 0
110-54-3;;67-56-1;;306.69199;101.325;1;0.44;-1.0;1982 khu fen 0
110-54-3;;67-56-1;;306.69199;101.325;1;0.44;-1.0;1982 khu fen 0
110-54-3;;67-56-1;;300.243925;101.325;1;-1.0;0.2263;1982 khu fen 0
110-54-3;;67-56-1;;303.722881;101.325;1;-1.0;0.2673;1982 khu fen 0
110-54-3;;67-56-1;;305.312404;101.325;1;-1.0;0.3055;1982 khu fen 0
110-54-3;;67-56-1;;306.652002;101.325;1;-1.0;0.3962;1982 khu fen 0
110-54-3;;67-56-1;;306.652002;101.325;1;-1.0;0.412;1982 khu fen 0
110-54-3;;67-56-1;;298.14437;101.0;1;0.7647;0.1988;1982 kik ale 0
110-54-3;;67-56-1;;307.9916;101.325;1;0.453;-1.0;1983 ale bar 0
110-54-3;;67-56-1;;307.9916;101.325;1;0.453;-1.0;1983 ale bar 0
110-54-3;;67-56-1;;298.84423;101.3;1;0.7485;-1.0;1983 kas poz 0
110-54-3;;67-56-1;;303.942815;101.3;1;0.6538;-1.0;1983 kas poz 0
110-54-3;;67-56-1;;306.701987;101.3;1;0.5502;-1.0;1983 kas poz 0
110-54-3;;67-56-1;;307.361789;101.3;1;0.523;-1.0;1983 kas poz 0
110-54-3;;67-56-1;;307.051882;101.3;1;0.4558;-1.0;1983 kas poz 0
110-54-3;;67-56-1;;307.39178;101.3;1;0.4305;-1.0;1983 kas poz 0
110-54-3;;67-56-1;;307.021891;101.3;1;0.3968;-1.0;1983 kas poz 0
110-54-3;;67-56-1;;306.781963;101.3;1;-1.0;0.3516;1983 kas poz 0
110-54-3;;67-56-1;;305.882233;101.3;1;-1.0;0.3165;1983 kas poz 0
110-54-3;;67-56-1;;303.19304;101.3;1;-1.0;0.2589;1983 kas poz 0
110-54-3;;67-56-1;;300.943715;101.3;1;-1.0;0.2345;1983 kas poz 0
110-54-3;;67-56-1;;284.19774;101.325;1;0.8464;-1.0;1986 hra bit 0
110-54-3;;67-56-1;;285.387383;101.325;1;0.8384;-1.0;1986 hra bit 0
110-54-3;;67-56-1;;289.246225;101.325;1;0.8217;-1.0;1986 hra bit 0
110-54-3;;67-56-1;;293.405318;101.325;1;0.7926;-1.0;1986 hra bit 0
110-54-3;;67-56-1;;293.14537;101.325;1;0.7896;-1.0;1986 hra bit 0
110-54-3;;67-56-1;;297.264546;101.325;1;0.7477;-1.0;1986 hra bit 0
110-54-3;;67-56-1;;298.14437;101.325;1;0.7417;-1.0;1986 hra bit 0
110-54-3;;67-56-1;;300.743775;101.325;1;0.7058;-1.0;1986 hra bit 0
110-54-3;;67-56-1;;303.323001;101.325;1;0.6585;-1.0;1986 hra bit 0
110-54-3;;67-56-1;;304.042785;101.325;1;0.6453;-1.0;1986 hra bit 0
110-54-3;;67-56-1;;304.842545;101.325;1;0.6204;-1.0;1986 hra bit 0
110-54-3;;67-56-1;;306.19214;101.325;1;0.5449;0.3488;1986 hra bit 0
110-54-3;;67-56-1;;306.362089;101.325;1;0.539;-1.0;1986 hra bit 0
110-54-3;;67-56-1;;306.482053;101.325;1;0.5264;-1.0;1986 hra bit 0
110-54-3;;67-56-1;;306.632008;101.325;1;0.5017;-1.0;1986 hra bit 0
110-54-3;;67-56-1;;306.701987;101.325;1;0.4995;-1.0;1986 hra bit 0
110-54-3;;67-56-1;;306.711984;101.325;1;0.4704;0.416;1986 hra bit 0
110-54-3;;67-56-1;;306.741975;101.325;1;0.454;-1.0;1986 hra bit 0
110-54-3;;67-56-1;;306.741975;101.325;1;0.454;-1.0;1986 hra bit 0
110-54-3;;67-56-1;;306.562029;101.325;1;-1.0;0.3764;1986 hra bit 0
110-54-3;;67-56-1;;304.89253;101.325;1;-1.0;0.2957;1986 hra bit 0
110-54-3;;67-56-1;;304.472656;101.325;1;-1.0;0.282;1986 hra bit 0
110-54-3;;67-56-1;;302.59322;101.325;1;-1.0;0.2534;1986 hra bit 0
110-54-3;;67-56-1;;300.663799;101.325;1;-1.0;0.2325;1986 hra bit 0
110-54-3;;67-56-1;;299.624074;101.325;1;-1.0;0.2195;1986 hra bit 0
110-54-3;;67-56-1;;292.805438;101.325;1;-1.0;0.1771;1986 hra bit 0
110-54-3;;67-56-1;;292.54549;101.325;1;-1.0;0.1726;1986 hra bit 0
110-54-3;;67-56-1;;285.847245;101.325;1;-1.0;0.1506;1986 hra bit 0
110-54-3;;67-56-1;;286.147155;101.325;1;-1.0;0.1484;1986 hra bit 0
110-54-3;;67-56-1;;283.148055;101.325;1;-1.0;0.14;1986 hra bit 0
110-54-3;;67-56-1;;280.108967;101.325;1;-1.0;0.1335;1986 hra bit 0
110-54-3;;67-56-1;;273.349970803;101.325;1;-1.0;0.1151;1986 hra bit 0
110-54-3;;67-56-1;;270.950698413;101.325;1;-1.0;0.1101;1986 hra bit 0
110-54-3;;67-56-1;;266.071786;101.325;1;-1.0;0.1003;1986 hra bit 0
110-54-3;;67-56-1;;259.85303;101.325;1;-1.0;0.0914;1986 hra bit 0
110-54-3;;67-56-1;;245.15597;101.325;1;-1.0;0.07;1986 hra bit 0
110-54-3;;67-56-1;;293.69526;101.3;1;0.7561;0.221;1986 koo van 1
110-54-3;;67-56-1;;284.147755;100.0;1;0.8578;0.1421;1989 ale fer 0
110-54-3;;67-56-1;;288.146555;100.0;1;0.8156;0.1532;1989 ale fer 0
110-54-3;;67-56-1;;293.14537;100.0;1;0.7709;0.1781;1989 ale fer 0
110-54-3;;67-56-1;;298.14437;100.0;1;0.7053;0.2097;1989 ale fer 0
110-54-3;;67-56-1;;290.64587;100.0;1;0.7954;-1.0;1989 ale fer 0
110-54-3;;67-56-1;;302.143355;100.0;1;0.6543;-1.0;1989 ale fer 0
110-54-3;;67-56-1;;303.143055;100.0;1;0.636;0.265;1989 ale fer 0
110-54-3;;67-56-1;;304.142755;100.0;1;0.619;-1.0;1989 ale fer 0
110-54-3;;67-56-1;;306.142155;100.0;1;0.5194;-1.0;1989 ale fer 0
110-54-3;;67-56-1;;307.141855;100.0;1;0.4478;-1.0;1989 ale fer 0
110-54-3;;67-56-1;;284.147755;100.0;1;0.8578;-1.0;1989 ale fer 0
110-54-3;;67-56-1;;293.14537;100.0;1;0.7709;-1.0;1989 ale fer 0
110-54-3;;67-56-1;;298.14437;100.0;1;0.7053;-1.0;1989 ale fer 0
110-54-3;;67-56-1;;288.146555;100.0;1;0.8156;-1.0;1989 ale fer 0
110-54-3;;67-56-1;;278.149270073;100.0;1;-1.0;0.1261;1989 ale fer 0
110-54-3;;67-56-1;;287.146855;100.0;1;-1.0;0.1477;1989 ale fer 0
110-54-3;;67-56-1;;295.14497;100.0;1;-1.0;0.1848;1989 ale fer 0
110-54-3;;67-56-1;;306.9919;100.0;1;0.45;-1.0;1989 skr fai 0
110-54-3;;67-56-1;;306.51;101.0;1;0.45;-1.0;1991 hra lem 0
110-54-3;;67-56-1;;306.45;101.0;1;0.47;-1.0;1991 hra lem 0
110-54-3;;67-56-1;;306.33;101.0;1;0.5;-1.0;1991 hra lem 0
110-54-3;;67-56-1;;305.92;101.0;1;0.55;-1.0;1991 hra lem 0
110-54-3;;67-56-1;;304.89;101.0;1;0.6;-1.0;1991 hra lem 0
110-54-3;;67-56-1;;304.35;101.0;1;0.6199;-1.0;1991 hra lem 0
110-54-3;;67-56-1;;304.24;101.0;1;0.6249;-1.0;1991 hra lem 0
110-54-3;;67-56-1;;303.19;101.0;1;0.65;-1.0;1991 hra lem 0
110-54-3;;67-56-1;;302.91;101.0;1;0.6599;-1.0;1991 hra lem 0
110-54-3;;67-56-1;;302.12;101.0;1;0.675;-1.0;1991 hra lem 0
110-54-3;;67-56-1;;302.0;101.0;1;0.68;-1.0;1991 hra lem 0
110-54-3;;67-56-1;;300.95;101.0;1;0.7;-1.0;1991 hra lem 0
110-54-3;;67-56-1;;298.97;101.0;1;0.7249;-1.0;1991 hra lem 0
110-54-3;;67-56-1;;296.96;101.0;1;0.75;-1.0;1991 hra lem 0
110-54-3;;67-56-1;;293.88;101.0;1;0.775;-1.0;1991 hra lem 0
110-54-3;;67-56-1;;292.77;101.0;1;0.7861;-1.0;1991 hra lem 0
110-54-3;;67-56-1;;290.92;101.0;1;0.8;-1.0;1991 hra lem 0
110-54-3;;67-56-1;;290.95;101.0;1;0.8001;-1.0;1991 hra lem 0
110-54-3;;67-56-1;;288.95;101.0;1;0.8164;-1.0;1991 hra lem 0
110-54-3;;67-56-1;;285.65;101.0;1;0.8286;-1.0;1991 hra lem 0
110-54-3;;67-56-1;;286.14;101.0;1;0.83;-1.0;1991 hra lem 0
110-54-3;;67-56-1;;283.05;101.0;1;0.8501;-1.0;1991 hra lem 0
110-54-3;;67-56-1;;279.35;101.0;1;0.87;-1.0;1991 hra lem 0
110-54-3;;67-56-1;;274.35;101.0;1;0.88;-1.0;1991 hra lem 0
110-54-3;;67-56-1;;272.5;101.0;1;0.885;-1.0;1991 hra lem 0
110-54-3;;67-56-1;;271.95;101.0;1;0.89;-1.0;1991 hra lem 0
110-54-3;;67-56-1;;267.33;101.0;1;0.9;-1.0;1991 hra lem 0
110-54-3;;67-56-1;;261.85;101.0;1;0.9098;-1.0;1991 hra lem 0
110-54-3;;67-56-1;;255.15;101.0;1;0.92;-1.0;1991 hra lem 0
110-54-3;;67-56-1;;270.95;101.0;1;-1.0;0.1101;1991 hra lem 0
110-54-3;;67-56-1;;273.35;101.0;1;-1.0;0.1151;1991 hra lem 0
110-54-3;;67-56-1;;278.75;101.0;1;-1.0;0.13;1991 hra lem 0
110-54-3;;67-56-1;;280.11;101.0;1;-1.0;0.1335;1991 hra lem 0
110-54-3;;67-56-1;;281.59;101.0;1;-1.0;0.1372;1991 hra lem 0
110-54-3;;67-56-1;;283.15;101.0;1;-1.0;0.14;1991 hra lem 0
110-54-3;;67-56-1;;284.45;101.0;1;-1.0;0.147;1991 hra lem 0
110-54-3;;67-56-1;;285.85;101.0;1;-1.0;0.1506;1991 hra lem 0
110-54-3;;67-56-1;;287.95;101.0;1;-1.0;0.16;1991 hra lem 0
110-54-3;;67-56-1;;291.59;101.0;1;-1.0;0.1748;1991 hra lem 0
110-54-3;;67-56-1;;296.45;101.0;1;-1.0;0.2;1991 hra lem 0
110-54-3;;67-56-1;;299.57;101.0;1;-1.0;0.225;1991 hra lem 0
110-54-3;;67-56-1;;302.05;101.0;1;-1.0;0.25;1991 hra lem 0
110-54-3;;67-56-1;;302.75;101.0;1;-1.0;0.2603;1991 hra lem 0
110-54-3;;67-56-1;;303.68;101.0;1;-1.0;0.275;1991 hra lem 0
110-54-3;;67-56-1;;304.47;101.0;1;-1.0;0.29;1991 hra lem 0
110-54-3;;67-56-1;;305.53;101.0;1;-1.0;0.325;1991 hra lem 0
110-54-3;;67-56-1;;306.19;101.0;1;-1.0;0.37;1991 hra lem 0
110-54-3;;67-56-1;;306.39;101.0;1;-1.0;0.4001;1991 hra lem 0
110-54-3;;67-56-1;;245.15;101.0;1;-1.0;0.07;1991 hra lem 0
110-54-3;;67-56-1;;259.85;101.0;1;-1.0;0.0911;1991 hra lem 0
110-54-3;;67-56-1;;266.07;101.0;1;-1.0;0.1003;1991 hra lem 0
110-54-3;;67-56-1;;286.84;101.0;1;0.83;-1.0;1992 kat mur 0
110-54-3;;67-56-1;;292.34;101.0;1;0.8;-1.0;1992 kat mur 0
110-54-3;;67-56-1;;301.62;101.0;1;0.7;-1.0;1992 kat mur 0
110-54-3;;67-56-1;;306.65;101.0;1;0.6;-1.0;1992 kat mur 0
110-54-3;;67-56-1;;309.82;101.0;1;0.5;-1.0;1992 kat mur 0
110-54-3;;67-56-1;;309.44;101.0;1;0.45;-1.0;1992 kat mur 0
110-54-3;;67-56-1;;309.18;101.0;1;0.4;-1.0;1992 kat mur 0
110-54-3;;67-56-1;;298.15;101.3;1;0.747;0.194;1992 kat mur 0
110-54-3;;67-56-1;;306.4;101.0;1;-1.0;0.3;1992 kat mur 0
110-54-3;;67-56-1;;304.44;101.0;1;-1.0;0.25;1992 kat mur 0
110-54-3;;67-56-1;;300.43;101.0;1;-1.0;0.2;1992 kat mur 0
110-54-3;;67-56-1;;296.09;101.0;1;-1.0;0.17;1992 kat mur 0
110-54-3;;67-56-1;;283.21;101.0;1;-1.0;0.14;1992 kat mur 0
110-54-3;;67-56-1;;293.89;101.3;1;0.8256;0.1744;1996 bla ort 1
110-54-3;;67-56-1;;293.97;101.3;1;0.7956;-1.0;1996 bla ort 1
110-54-3;;67-56-1;;299.21;101.3;1;0.734;-1.0;1996 bla ort 1
110-54-3;;67-56-1;;305.55;101.3;1;0.702;0.298;1996 bla ort 1
110-54-3;;67-56-1;;304.09;101.3;1;0.655;-1.0;1996 bla ort 1
110-54-3;;67-56-1;;305.81;101.3;1;0.5984;-1.0;1996 bla ort 1
110-54-3;;67-56-1;;306.05;101.3;1;0.5539;-1.0;1996 bla ort 1
110-54-3;;67-56-1;;307.0;101.3;1;0.5252;-1.0;1996 bla ort 1
110-54-3;;67-56-1;;307.37;101.3;1;0.4924;-1.0;1996 bla ort 1
110-54-3;;67-56-1;;306.05;101.3;1;0.4461;-1.0;1996 bla ort 1
110-54-3;;67-56-1;;307.47;101.3;1;0.4345;-1.0;1996 bla ort 1
110-54-3;;67-56-1;;307.0;101.3;1;0.3635;-1.0;1996 bla ort 1
110-54-3;;67-56-1;;306.17;101.3;1;-1.0;0.3139;1996 bla ort 1
110-54-3;;67-56-1;;304.45;101.3;1;-1.0;0.2783;1996 bla ort 1
110-54-3;;67-56-1;;303.2;101.3;1;-1.0;0.2611;1996 bla ort 1
110-54-3;;67-56-1;;301.25;101.3;1;-1.0;0.2388;1996 bla ort 1
110-54-3;;67-56-1;;298.85;101.3;1;-1.0;0.2179;1996 bla ort 1
110-54-3;;67-56-1;;295.83;101.3;1;-1.0;0.1958;1996 bla ort 1
110-54-3;;67-56-1;;278.15;101.325;1;0.8633;0.1271;1997 org igl 0
110-54-3;;67-56-1;;283.15;101.325;1;0.8392;0.1339;1997 org igl 0
110-54-3;;67-56-1;;288.15;101.325;1;0.8139;0.1652;1997 org igl 0
110-54-3;;67-56-1;;293.15;101.325;1;0.7792;0.181;1997 org igl 0
110-54-3;;67-56-1;;298.15;101.325;1;0.7332;0.199;1997 org igl 0
110-54-3;;67-56-1;;303.15;101.325;1;0.6885;0.2398;1997 org igl 0
110-54-3;;67-56-1;;308.15;101.325;1;0.6471;-1.0;1997 org igl 0
110-54-3;;67-56-1;;278.15;101.325;1;0.863;0.127;2000 mar org 0
110-54-3;;67-56-1;;288.15;101.325;1;0.814;0.165;2000 mar org 0
110-54-3;;67-56-1;;298.15;101.325;1;0.733;0.199;2000 mar org 0
110-54-3;;67-56-1;;298.15;101.0;1;0.7278;0.2323;2002 liu qin 0
110-54-3;;67-56-1;;268.15;101.32;1;0.896;0.091;2008 cas org 0
110-54-3;;67-56-1;;278.15;101.32;1;0.863;0.127;2008 cas org 0
110-54-3;;67-56-1;;288.15;101.32;1;0.814;0.165;2008 cas org 0
110-54-3;;67-56-1;;298.15;101.32;1;0.733;0.199;2008 cas org 0
110-54-3;;67-56-1;;278.15;101.0;1;0.866907873121;0.116074054778;2011 gra bon 0
110-54-3;;67-56-1;;283.15;101.0;1;0.846859781779;0.137446165989;2011 gra bon 0
110-54-3;;67-56-1;;293.15;101.0;1;0.802157257245;0.16014883165;2011 gra bon 0
110-54-3;;67-56-1;;303.15;101.0;1;0.758211555955;0.245722117834;2015 gra cas 0
110-54-3;;67-56-1;;288.4;100.0;1;0.842479255271;-1.0;2017 goe dan 0
110-54-3;;67-56-1;;299.4;100.0;1;0.754353489358;-1.0;2017 goe dan 0
110-54-3;;67-56-1;;306.4;100.0;1;0.68849436251;-1.0;2017 goe dan 0
110-54-3;;67-56-1;;307.7;100.0;1;0.644800160601;-1.0;2017 goe dan 0
110-54-3;;67-56-1;;308.4;100.0;1;0.61470984421;-1.0;2017 goe dan 0
110-54-3;;67-56-1;;308.9;100.0;1;0.575830035961;-1.0;2017 goe dan 0
110-54-3;;67-56-1;;309.9;100.0;1;0.529949154266;-1.0;2017 goe dan 0
110-54-3;;67-56-1;;308.9;100.0;1;0.444782557656;-1.0;2017 goe dan 0
110-54-3;;67-56-1;;308.4;100.0;1;0.398993574273;-1.0;2017 goe dan 0
110-54-3;;67-56-1;;307.9;100.0;1;0.354219795528;-1.0;2017 goe dan 0
110-54-3;;67-56-1;;278.15;100.0;1;0.906818730785;0.122894834029;2017 goe dan 0
110-54-3;;67-56-1;;283.15;100.0;1;0.872348744285;0.133403961136;2017 goe dan 0
110-54-3;;67-56-1;;288.15;100.0;1;0.869623244913;0.145148024248;2017 goe dan 0
110-54-3;;67-56-1;;293.15;100.0;1;0.808997074031;0.168769950739;2017 goe dan 0
110-54-3;;67-56-1;;298.15;100.0;1;0.756665678786;0.19566398813;2017 goe dan 0
110-54-3;;67-56-1;;303.15;100.0;1;0.711339852228;0.216752034184;2017 goe dan 0
110-54-3;;67-56-1;;308.15;100.0;1;0.57179191169;-1.0;2017 goe dan 0
110-54-3;;67-56-1;;308.15;100.0;1;0.298013902708;-1.0;2017 goe dan 0
110-54-3;;67-56-1;;305.4;100.0;1;-1.0;0.280626081587;2017 goe dan 0
110-54-3;;67-56-1;;305.9;100.0;1;-1.0;0.276604871754;2017 goe dan 0
110-54-3;;67-56-1;;302.4;100.0;1;-1.0;0.237610677841;2017 goe dan 0
110-54-3;;67-56-1;;301.5;100.0;1;-1.0;0.225379274622;2017 goe dan 0
110-54-3;;67-56-1;;297.9;100.0;1;-1.0;0.199301207158;2017 goe dan 0
110-54-3;;67-56-1;;290.9;100.0;1;-1.0;0.162557481693;2017 goe dan 0
110-54-3;;67-56-1;;283.6;100.0;1;-1.0;0.142562727451;2017 goe dan 0
110-54-3;;67-56-1;;278.15;101.325;1;0.878289007209;0.0974284231608;2018 vel cas 0
110-54-3;;67-56-1;;283.15;101.325;1;0.849060093961;0.120355343604;2018 vel cas 0
110-54-3;;67-56-1;;288.15;101.325;1;0.82309252447;0.136318818724;2018 vel cas 0
110-54-3;;67-56-1;;293.15;101.325;1;0.802157257245;0.16074955114;2018 vel cas 0
110-54-3;;67-56-1;;298.15;101.325;1;0.744804106819;0.195993261924;2019 zhu bai 1
110-54-3;;67-56-1;;278.147;101.32;1;-1.0;0.130140597812;1961 kis joh 0
110-54-3;;67-56-1;;283.144;101.32;1;-1.0;0.14664233764;1961 kis joh 0
110-54-3;;67-56-1;;288.141;101.32;1;-1.0;0.166298748506;1961 kis joh 0
110-54-3;;67-56-1;;293.138;101.32;1;-1.0;0.188703011296;1961 kis joh 0
110-54-3;;67-56-1;;298.136;101.32;1;-1.0;0.222088648072;1961 kis joh 0
110-54-3;;67-56-1;;303.134;101.32;1;-1.0;0.282981605375;1961 kis joh 0
110-54-3;;68-12-2;;293.138;101.0;1;0.9578;0.0943;1967 mak kog 1
110-54-3;;68-12-2;;302.43428;101.0;1;0.9466;0.1175;1967 mak kog 1
110-54-3;;68-12-2;;311.83052;101.0;1;0.922;0.1505;1967 mak kog 1
110-54-3;;68-12-2;;321.62745;101.0;1;0.8798;0.197;1967 mak kog 1
110-54-3;;68-12-2;;333.124;101.0;1;0.798;0.276;1967 mak kog 1
110-54-3;;68-12-2;;293.14537;101.0;1;0.953175785592;-1.0;1984 abr zai 0
110-54-3;;68-12-2;;293.14537;101.0;1;0.96;-1.0;1984 zo zai 0
110-54-3;;68-12-2;;335.24;101.3;1;0.7042;-1.0;2006 lob moz 0
110-54-3;;68-12-2;;336.91;101.3;1;0.6393;-1.0;2006 lob moz 0
110-54-3;;68-12-2;;337.24;101.3;1;0.6182;-1.0;2006 lob moz 0
110-54-3;;68-12-2;;337.53;101.3;1;0.5894;0.4246;2006 lob moz 0
110-54-3;;68-12-2;;337.73;101.3;1;0.5497;-1.0;2006 lob moz 0
110-54-3;;68-12-2;;337.76;101.3;1;0.5374;-1.0;2006 lob moz 0
110-54-3;;68-12-2;;337.58;101.3;1;0.5255;-1.0;2006 lob moz 0
110-54-3;;68-12-2;;337.78;101.3;1;0.5173;-1.0;2006 lob moz 0
110-54-3;;68-12-2;;337.6;101.3;1;0.5148;0.457;2006 lob moz 0
110-54-3;;68-12-2;;337.59;101.3;1;0.4962;-1.0;2006 lob moz 0
110-54-3;;68-12-2;;337.83;101.3;1;0.4732;-1.0;2006 lob moz 0
110-54-3;;68-12-2;;337.59;101.3;1;0.4715;-1.0;2006 lob moz 0
110-54-3;;68-12-2;;337.78;101.3;1;0.4658;-1.0;2006 lob moz 0
110-54-3;;68-12-2;;337.21;101.3;1;-1.0;0.4157;2006 lob moz 0
110-54-3;;68-12-2;;336.71;101.3;1;-1.0;0.3827;2006 lob moz 0
110-54-3;;68-12-2;;336.43;101.3;1;-1.0;0.3664;2006 lob moz 0
110-54-3;;68-12-2;;335.64;101.3;1;-1.0;0.3453;2006 lob moz 0
110-54-3;;68-12-2;;333.32;101.3;1;-1.0;0.3001;2006 lob moz 0
110-54-3;;68-12-2;;289.61;101.0;1;0.9495;-1.0;2007 mat tan 0
110-54-3;;68-12-2;;303.17;101.0;1;0.9345;-1.0;2007 mat tan 0
110-54-3;;68-12-2;;306.63;101.0;1;0.925;-1.0;2007 mat tan 0
110-54-3;;68-12-2;;313.92;101.0;1;0.8985;-1.0;2007 mat tan 0
110-54-3;;68-12-2;;321.95;101.0;1;0.85;-1.0;2007 mat tan 0
110-54-3;;68-12-2;;327.88;101.0;1;0.8015;-1.0;2007 mat tan 0
110-54-3;;68-12-2;;331.0;101.0;1;0.7788;-1.0;2007 mat tan 0
110-54-3;;68-12-2;;332.73;101.0;1;0.7541;0.2864;2007 mat tan 0
110-54-3;;68-12-2;;334.45;101.0;1;0.7359;-1.0;2007 mat tan 0
110-54-3;;68-12-2;;335.8;101.0;1;0.7024;-1.0;2007 mat tan 0
110-54-3;;68-12-2;;336.77;101.0;1;0.659;-1.0;2007 mat tan 0
110-54-3;;68-12-2;;337.06;101.0;1;0.6254;-1.0;2007 mat tan 0
110-54-3;;68-12-2;;337.24;101.0;1;0.601;-1.0;2007 mat tan 0
110-54-3;;68-12-2;;337.45;101.0;1;0.5772;-1.0;2007 mat tan 0
110-54-3;;68-12-2;;337.55;101.0;1;0.5244;-1.0;2007 mat tan 0
110-54-3;;68-12-2;;337.54;101.0;1;0.5137;-1.0;2007 mat tan 0
110-54-3;;68-12-2;;337.53;101.0;1;0.481;-1.0;2007 mat tan 0
110-54-3;;68-12-2;;337.37;101.0;1;-1.0;0.4566;2007 mat tan 0
110-54-3;;68-12-2;;337.14;101.0;1;-1.0;0.419;2007 mat tan 0
110-54-3;;68-12-2;;336.87;101.0;1;-1.0;0.3983;2007 mat tan 0
110-54-3;;68-12-2;;336.49;101.0;1;-1.0;0.3758;2007 mat tan 0
110-54-3;;68-12-2;;336.01;101.0;1;-1.0;0.359;2007 mat tan 0
110-54-3;;68-12-2;;335.25;101.0;1;-1.0;0.3277;2007 mat tan 0
110-54-3;;68-12-2;;334.39;101.0;1;-1.0;0.3112;2007 mat tan 0
110-54-3;;68-12-2;;331.62;101.0;1;-1.0;0.2719;2007 mat tan 0
110-54-3;;68-12-2;;328.47;101.0;1;-1.0;0.2485;2007 mat tan 0
110-54-3;;68-12-2;;325.51;101.0;1;-1.0;0.2199;2007 mat tan 0
110-54-3;;68-12-2;;321.33;101.0;1;-1.0;0.2013;2007 mat tan 0
110-54-3;;68-12-2;;316.78;101.0;1;-1.0;0.1748;2007 mat tan 0
110-54-3;;68-12-2;;310.87;101.0;1;-1.0;0.1512;2007 mat tan 0
110-54-3;;68-12-2;;301.49;101.0;1;-1.0;0.1223;2007 mat tan 0
110-54-3;;68-12-2;;292.07;101.0;1;-1.0;0.0996;2007 mat tan 0
110-54-3;;68-12-2;;298.2;101.3;1;0.937985229005;0.111513397249;2020 fan yan 0
110-54-3;;68-12-2;;318.2;101.3;1;0.849654031171;0.173957018819;2020 fan yan 0
110-54-3;;68-12-2;;308.2;101.3;1;0.917802256668;0.145420981996;2020 fan yan 0
110-54-3;;872-50-4;;292.72;101.3;1;0.9422;-1.0;1991 eus mol 0
110-54-3;;872-50-4;;309.77;101.3;1;0.8951;-1.0;1991 eus mol 0
110-54-3;;872-50-4;;316.5;101.3;1;0.8485;-1.0;1991 eus mol 0
110-54-3;;872-50-4;;319.43;101.3;1;0.7983;-1.0;1991 eus mol 0
110-54-3;;872-50-4;;321.98;101.3;1;0.7037;-1.0;1991 eus mol 0
110-54-3;;872-50-4;;322.27;101.3;1;0.6399;0.5553;1991 eus mol 0
110-54-3;;872-50-4;;322.41;101.3;1;0.6085;-1.0;1991 eus mol 0
110-54-3;;872-50-4;;321.92;101.3;1;-1.0;0.4996;1991 eus mol 0
110-54-3;;872-50-4;;320.85;101.3;1;-1.0;0.456;1991 eus mol 0
110-54-3;;872-50-4;;320.3;101.3;1;-1.0;0.4067;1991 eus mol 0
110-54-3;;872-50-4;;317.74;101.3;1;-1.0;0.3582;1991 eus mol 0
110-54-3;;872-50-4;;313.74;101.3;1;-1.0;0.3085;1991 eus mol 0
110-54-3;;872-50-4;;300.12;101.3;1;-1.0;0.2115;1991 eus mol 0
110-54-3;;872-50-4;;297.65;101.3;1;0.91;-1.0;1994 mal bit 1
110-54-3;;872-50-4;;304.48;101.3;1;0.879;-1.0;1994 mal bit 1
110-54-3;;872-50-4;;314.85;101.3;1;0.838;-1.0;1994 mal bit 1
110-54-3;;872-50-4;;319.59;101.3;1;0.786;-1.0;1994 mal bit 1
110-54-3;;872-50-4;;321.15;101.3;1;0.726;-1.0;1994 mal bit 1
110-54-3;;872-50-4;;322.49;101.3;1;0.7166;-1.0;1994 mal bit 1
110-54-3;;872-50-4;;323.05;101.3;1;0.6912;-1.0;1994 mal bit 1
110-54-3;;872-50-4;;324.35;101.3;1;0.63;-1.0;1994 mal bit 1
110-54-3;;872-50-4;;323.95;101.3;1;0.6249;-1.0;1994 mal bit 1
110-54-3;;872-50-4;;324.43;101.3;1;-1.0;0.5787;1994 mal bit 1
110-54-3;;872-50-4;;325.05;101.3;1;-1.0;0.575;1994 mal bit 1
110-54-3;;872-50-4;;324.39;101.3;1;-1.0;0.5201;1994 mal bit 1
110-54-3;;872-50-4;;324.65;101.3;1;-1.0;0.502;1994 mal bit 1
110-54-3;;872-50-4;;323.53;101.3;1;-1.0;0.4829;1994 mal bit 1
110-54-3;;872-50-4;;323.15;101.3;1;-1.0;0.425;1994 mal bit 1
110-54-3;;872-50-4;;322.29;101.3;1;-1.0;0.4188;1994 mal bit 1
110-54-3;;872-50-4;;321.75;101.3;1;-1.0;0.4016;1994 mal bit 1
110-54-3;;872-50-4;;321.95;101.3;1;-1.0;0.391;1994 mal bit 1
110-54-3;;872-50-4;;319.13;101.3;1;-1.0;0.3407;1994 mal bit 1
110-54-3;;872-50-4;;319.15;101.3;1;-1.0;0.313;1994 mal bit 1
110-54-3;;872-50-4;;307.75;101.3;1;-1.0;0.2417;1994 mal bit 1
110-54-3;;872-50-4;;306.55;101.3;1;-1.0;0.228;1994 mal bit 1
110-54-3;;872-50-4;;298.25;101.3;1;-1.0;0.189;1994 mal bit 1
110-54-3;;872-50-4;;297.47;101.3;1;-1.0;0.184;1994 mal bit 1
110-54-3;;872-50-4;;298.2;101.0;1;0.919940069887;0.174240929898;2001 nai let 0
110-54-3;;872-50-4;;284.92;101.0;1;0.9441;-1.0;2008 alc apa 0
110-54-3;;872-50-4;;291.08;101.0;1;0.9273;-1.0;2008 alc apa 0
110-54-3;;872-50-4;;300.87;101.0;1;0.8924;-1.0;2008 alc apa 0
110-54-3;;872-50-4;;310.61;101.0;1;0.8408;-1.0;2008 alc apa 0
110-54-3;;872-50-4;;316.61;101.0;1;0.789;-1.0;2008 alc apa 0
110-54-3;;872-50-4;;320.93;101.0;1;0.7243;-1.0;2008 alc apa 0
110-54-3;;872-50-4;;322.55;101.0;1;0.6627;-1.0;2008 alc apa 0
110-54-3;;872-50-4;;322.98;101.0;1;0.6009;-1.0;2008 alc apa 0
110-54-3;;872-50-4;;323.53;101.0;1;-1.0;0.5422;2008 alc apa 0
110-54-3;;872-50-4;;322.94;101.0;1;-1.0;0.4835;2008 alc apa 0
110-54-3;;872-50-4;;322.34;101.0;1;-1.0;0.4337;2008 alc apa 0
110-54-3;;872-50-4;;320.36;101.0;1;-1.0;0.3745;2008 alc apa 0
110-54-3;;872-50-4;;315.36;101.0;1;-1.0;0.2949;2008 alc apa 0
110-54-3;;872-50-4;;312.54;101.0;1;-1.0;0.2696;2008 alc apa 0
110-54-3;;872-50-4;;308.89;101.0;1;-1.0;0.2432;2008 alc apa 0
110-54-3;;872-50-4;;300.41;101.0;1;-1.0;0.1972;2008 alc apa 0
110-54-3;;872-50-4;;293.67;101.0;1;-1.0;0.169;2008 alc apa 0
110-54-3;;872-50-4;;286.23;101.0;1;-1.0;0.1458;2008 alc apa 0
110-54-3;;98-95-3;;287.1416;101.325;1;0.7772;-1.0;1907 tim & 1
110-54-3;;98-95-3;;289.24034;101.325;1;0.7454;-1.0;1907 tim & 1
110-54-3;;98-95-3;;290.33968;101.325;1;0.7206;-1.0;1907 tim & 1
110-54-3;;98-95-3;;291.83878;101.325;1;0.6571;-1.0;1907 tim & 1
110-54-3;;98-95-3;;292.33848;101.325;1;0.6062;0.5315;1907 tim & 1
110-54-3;;98-95-3;;292.33848;101.325;1;0.5782;-1.0;1907 tim & 1
110-54-3;;98-95-3;;284.6431;101.325;1;0.8097;-1.0;1907 tim & 1
110-54-3;;98-95-3;;290.83938;101.325;1;-1.0;0.4262;1907 tim & 1
110-54-3;;98-95-3;;288.6407;101.325;1;-1.0;0.3766;1907 tim & 1
110-54-3;;98-95-3;;287.04166;101.325;1;-1.0;0.3541;1907 tim & 1
110-54-3;;98-95-3;;278.94652;101.325;1;-1.0;0.2567;1907 tim & 1
110-54-3;;98-95-3;;272.95016;101.325;1;-1.0;0.237;1907 tim & 1
110-54-3;;98-95-3;;290.559548;101.32;1;0.713081825666;-1.0;1911 dra & 0
110-54-3;;98-95-3;;292.008678;101.32;1;0.639574353377;-1.0;1911 dra & 0
110-54-3;;98-95-3;;292.53836;101.32;1;0.581435642945;-1.0;1911 dra & 0
110-54-3;;98-95-3;;293.058048;101.32;1;-1.0;0.546930114207;1911 dra & 0
110-54-3;;98-95-3;;291.43902;101.32;1;-1.0;0.44124852199;1911 dra & 0
110-54-3;;98-95-3;;287.94112;101.32;1;-1.0;0.370745759729;1911 dra & 0
110-54-3;;98-95-3;;286.538021365;101.325;1;0.665483;-1.0;1951 sem zor 0
110-54-3;;98-95-3;;286.690916572;101.325;1;0.60697;-1.0;1951 sem zor 0
110-54-3;;98-95-3;;286.717550582;101.325;1;0.644793;-1.0;1951 sem zor 0
110-54-3;;98-95-3;;286.743127227;101.325;1;0.603955;-1.0;1951 sem zor 0
110-54-3;;98-95-3;;286.759566358;101.325;1;0.610981;-1.0;1951 sem zor 0
110-54-3;;98-95-3;;286.764775231;101.325;1;0.57571;-1.0;1951 sem zor 0
110-54-3;;98-95-3;;286.794386453;101.325;1;0.591503;-1.0;1951 sem zor 0
110-54-3;;98-95-3;;286.8069669;101.325;1;0.626094;-1.0;1951 sem zor 0
110-54-3;;98-95-3;;286.810821586;101.325;1;0.59842;-1.0;1951 sem zor 0
110-54-3;;98-95-3;;286.830529754;101.325;1;0.61705;-1.0;1951 sem zor 0
110-54-3;;98-95-3;;286.59287943;101.325;1;-1.0;0.539209;1951 sem zor 0
110-54-3;;98-95-3;;274.749766423;101.0;1;0.868;-1.0;1973 sny eck 0
110-54-3;;98-95-3;;285.217434;101.0;1;0.803;-1.0;1973 sny eck 0
110-54-3;;98-95-3;;288.146555;101.0;1;0.775;-1.0;1973 sny eck 0
110-54-3;;98-95-3;;291.375724;101.0;1;0.722;-1.0;1973 sny eck 0
110-54-3;;98-95-3;;292.985402;101.0;1;0.631;-1.0;1973 sny eck 0
110-54-3;;98-95-3;;293.165366;101.0;1;0.588;0.554;1973 sny eck 0
110-54-3;;98-95-3;;293.165366;101.0;1;0.586;-1.0;1973 sny eck 0
110-54-3;;98-95-3;;293.165366;101.0;1;0.585;-1.0;1973 sny eck 0
110-54-3;;98-95-3;;293.155368;101.0;1;0.579;-1.0;1973 sny eck 0
110-54-3;;98-95-3;;293.165366;101.0;1;0.578;-1.0;1973 sny eck 0
110-54-3;;98-95-3;;293.175364;101.0;1;0.567;-1.0;1973 sny eck 0
110-54-3;;98-95-3;;293.14537;101.0;1;0.565;-1.0;1973 sny eck 0
110-54-3;;98-95-3;;293.175364;101.0;1;0.562;-1.0;1973 sny eck 0
110-54-3;;98-95-3;;293.065386;101.0;1;-1.0;0.523;1973 sny eck 0
110-54-3;;98-95-3;;293.105378;101.0;1;-1.0;0.522;1973 sny eck 0
110-54-3;;98-95-3;;293.065386;101.0;1;-1.0;0.521;1973 sny eck 0
110-54-3;;98-95-3;;291.025794;101.0;1;-1.0;0.412;1973 sny eck 0
110-54-3;;98-95-3;;283.717884;101.0;1;-1.0;0.307;1973 sny eck 0
110-54-3;;98-95-3;;266.85163;101.0;1;-1.0;0.208;1973 sny eck 0
110-54-3;;98-95-3;;282.893;101.0;1;0.835;0.313;1999 tan zho 0
110-54-3;;98-95-3;;284.626;101.0;1;0.82;0.329;1999 tan zho 0
110-54-3;;98-95-3;;285.571;101.0;1;0.811;0.338;1999 tan zho 0
110-54-3;;98-95-3;;286.719;101.0;1;0.8;0.352;1999 tan zho 0
110-54-3;;98-95-3;;287.889;101.0;1;0.786;0.367;1999 tan zho 0
110-54-3;;98-95-3;;289.124;101.0;1;0.764;0.386;1999 tan zho 0
110-54-3;;98-95-3;;290.006;101.0;1;0.748;0.402;1999 tan zho 0
110-54-3;;98-95-3;;290.779;101.0;1;0.731;0.416;1999 tan zho 0
110-54-3;;98-95-3;;291.253;101.0;1;0.723;0.426;1999 tan zho 0
110-54-3;;98-95-3;;291.573;101.0;1;0.708;0.437;1999 tan zho 0
110-54-3;;98-95-3;;291.819;101.0;1;0.702;0.445;1999 tan zho 0
110-54-3;;98-95-3;;292.009;101.0;1;0.696;0.452;1999 tan zho 0
110-54-3;;98-95-3;;292.155;101.0;1;0.69;0.457;1999 tan zho 0
110-54-3;;98-95-3;;292.266;101.0;1;0.685;0.461;1999 tan zho 0
110-54-3;;98-95-3;;292.338;101.0;1;0.683;0.465;1999 tan zho 0
110-54-3;;98-95-3;;292.399;101.0;1;0.679;0.468;1999 tan zho 0
110-54-3;;98-95-3;;292.456;101.0;1;0.677;0.47;1999 tan zho 0
110-54-3;;98-95-3;;292.506;101.0;1;0.673;0.474;1999 tan zho 0
110-54-3;;98-95-3;;292.57;101.0;1;0.669;0.478;1999 tan zho 0
110-54-3;;98-95-3;;292.622;101.0;1;0.666;0.481;1999 tan zho 0
110-54-3;;98-95-3;;292.682;101.0;1;0.656;0.489;1999 tan zho 0
110-54-3;;98-95-3;;292.733;101.0;1;0.656;0.489;1999 tan zho 0
110-54-3;;98-95-3;;292.766;101.0;1;0.654;0.492;1999 tan zho 0
110-54-3;;98-95-3;;292.803;101.0;1;0.652;0.494;1999 tan zho 0
110-54-3;;98-95-3;;292.837;101.0;1;0.65;0.498;1999 tan zho 0
110-54-3;;98-95-3;;292.859;101.0;1;0.646;0.499;1999 tan zho 0
110-54-3;;98-95-3;;292.884;101.0;1;0.645;0.5;1999 tan zho 0
110-54-3;;98-95-3;;292.918;101.0;1;0.642;0.504;1999 tan zho 0
110-54-3;;98-95-3;;292.946;101.0;1;0.637;0.507;1999 tan zho 0
110-54-3;;98-95-3;;292.98;101.0;1;0.631;0.511;1999 tan zho 0
110-54-3;;98-95-3;;293.007;101.0;1;0.627;0.517;1999 tan zho 0
110-54-3;;98-95-3;;293.03;101.0;1;0.624;0.52;1999 tan zho 0
110-54-3;;98-95-3;;293.048;101.0;1;0.617;0.527;1999 tan zho 0
110-54-3;;98-95-3;;293.062;101.0;1;0.613;0.531;1999 tan zho 0
110-54-3;;98-95-3;;293.073;101.0;1;0.604;0.539;1999 tan zho 0
110-54-3;;98-95-3;;293.082;101.0;1;0.604;0.547;1999 tan zho 0
110-54-3;;98-95-3;;293.087;101.0;1;0.6;0.554;1999 tan zho 0
110-54-3;;98-95-3;;293.092;101.0;1;0.596;0.556;1999 tan zho 0
110-54-3;;98-95-3;;293.094;101.0;1;0.594;-1.0;1999 tan zho 0
110-54-3;;98-95-3;;293.096;101.0;1;0.591;-1.0;1999 tan zho 0
110-54-3;;98-95-3;;293.098;101.0;1;0.59;-1.0;1999 tan zho 0
110-54-3;;98-95-3;;287.39;101.0;1;0.76;0.36;2021 rzo kal 0
110-54-3;;98-95-3;;290.53;101.0;1;0.72;-1.0;2021 rzo kal 0
110-54-3;;98-95-3;;291.92;101.0;1;0.68;-1.0;2021 rzo kal 0
110-54-3;;98-95-3;;292.57;101.0;1;0.64;-1.0;2021 rzo kal 0
110-54-3;;98-95-3;;291.32;101.0;1;-1.0;0.44;2021 rzo kal 0
110-54-3;;98-95-3;;289.78;101.0;1;-1.0;0.4;2021 rzo kal 0
110-82-7;;62-53-3;;298.136;101.0;1;0.848479933512;0.282041568786;1947 hun bro 0
110-82-7;;62-53-3;;272.8642288;101.0;1;0.95;0.127;1957 koh & 0
110-82-7;;62-53-3;;280.6984682;101.0;1;0.931;0.155;1957 koh & 0
110-82-7;;62-53-3;;287.021672;101.0;1;0.906;0.19;1957 koh & 0
110-82-7;;62-53-3;;291.9956858;101.0;1;0.875;0.229;1957 koh & 0
110-82-7;;62-53-3;;295.7829416;101.0;1;0.841;0.271;1957 koh & 0
110-82-7;;62-53-3;;298.5448364;101.0;1;0.804;0.318;1957 koh & 0
110-82-7;;62-53-3;;300.4430768;101.0;1;0.758;0.364;1957 koh & 0
110-82-7;;62-53-3;;301.639598;101.0;1;0.707;0.408;1957 koh & 0
110-82-7;;62-53-3;;302.3962952;101.0;1;0.661;0.452;1957 koh & 0
110-82-7;;62-53-3;;302.5752236;101.0;1;0.615;0.496;1957 koh & 0
110-82-7;;62-53-3;;302.6342;101.0;1;0.58;0.529;1957 koh & 0
110-82-7;;62-53-3;;298.136;101.0;1;0.78;0.207;1957 koh & 0
110-82-7;;62-53-3;;303.29301;100.0;1;0.56;-1.0;1989 skr fai 0
110-82-7;;62-53-3;;298.15;101.3;1;0.8095;0.2853;1991 nag & 0
110-82-7;;62-53-3;;298.15;101.3;1;0.809;0.285;1997 nag tam 1
110-82-7;;62-53-3;;300.15;101.3;1;0.7695;0.3374;1997 nag tam 1
110-82-7;;62-53-3;;302.2;101.325;1;0.699;0.403;2001 saz fil 0
110-82-7;;62-53-3;;288.09;101.3;1;0.875;-1.0;2005 sip sta 0
110-82-7;;62-53-3;;291.18;101.3;1;0.856;-1.0;2005 sip sta 0
110-82-7;;62-53-3;;293.46;101.3;1;0.835;-1.0;2005 sip sta 0
110-82-7;;62-53-3;;295.42;101.3;1;0.816;-1.0;2005 sip sta 0
110-82-7;;62-53-3;;296.98;101.3;1;0.795;-1.0;2005 sip sta 0
110-82-7;;62-53-3;;298.39;101.3;1;0.773;-1.0;2005 sip sta 0
110-82-7;;62-53-3;;299.43;101.3;1;0.755;-1.0;2005 sip sta 0
110-82-7;;62-53-3;;300.22;101.3;1;0.736;-1.0;2005 sip sta 0
110-82-7;;62-53-3;;301.01;101.3;1;0.716;-1.0;2005 sip sta 0
110-82-7;;62-53-3;;301.63;101.3;1;0.696;-1.0;2005 sip sta 0
110-82-7;;62-53-3;;302.29;101.3;1;0.674;-1.0;2005 sip sta 0
110-82-7;;62-53-3;;302.7;101.3;1;0.655;-1.0;2005 sip sta 0
110-82-7;;62-53-3;;302.89;101.3;1;0.634;-1.0;2005 sip sta 0
110-82-7;;62-53-3;;302.98;101.3;1;0.614;0.438;2005 sip sta 0
110-82-7;;62-53-3;;303.09;101.3;1;0.595;-1.0;2005 sip sta 0
110-82-7;;62-53-3;;303.15;101.3;1;0.573;0.492;2005 sip sta 0
110-82-7;;62-53-3;;303.11;101.3;1;-1.0;0.475;2005 sip sta 0
110-82-7;;62-53-3;;303.06;101.3;1;-1.0;0.457;2005 sip sta 0
110-82-7;;62-53-3;;302.78;101.3;1;-1.0;0.415;2005 sip sta 0
110-82-7;;62-53-3;;302.51;101.3;1;-1.0;0.395;2005 sip sta 0
110-82-7;;62-53-3;;302.26;101.3;1;-1.0;0.381;2005 sip sta 0
110-82-7;;62-53-3;;301.94;101.3;1;-1.0;0.361;2005 sip sta 0
110-82-7;;62-53-3;;301.5;101.3;1;-1.0;0.342;2005 sip sta 0
110-82-7;;62-53-3;;300.77;101.3;1;-1.0;0.324;2005 sip sta 0
110-82-7;;62-53-3;;299.59;101.3;1;-1.0;0.301;2005 sip sta 0
110-82-7;;62-53-3;;298.46;101.3;1;-1.0;0.279;2005 sip sta 0
110-82-7;;62-53-3;;296.83;101.3;1;-1.0;0.266;2005 sip sta 0
110-82-7;;62-53-3;;295.06;101.3;1;-1.0;0.246;2005 sip sta 0
110-82-7;;62-53-3;;292.66;101.3;1;-1.0;0.223;2005 sip sta 0
110-82-7;;62-53-3;;288.76;101.3;1;-1.0;0.208;2005 sip sta 0
110-82-7;;62-53-3;;298.15;101.0;1;-1.0;0.279;2014 kla sil 0
110-82-7;;67-56-1;;279.29631;101.325;1;0.9321;-1.0;1930 jon ams 0
110-82-7;;67-56-1;;305.48306;101.325;1;0.8434;-1.0;1930 jon ams 0
110-82-7;;67-56-1;;310.68098;101.325;1;0.8033;-1.0;1930 jon ams 0
110-82-7;;67-56-1;;315.92916;101.325;1;0.7169;-1.0;1930 jon ams 0
110-82-7;;67-56-1;;318.22847;101.325;1;0.6226;-1.0;1930 jon ams 0
110-82-7;;67-56-1;;318.448404;101.325;1;0.6133;-1.0;1930 jon ams 0
110-82-7;;67-56-1;;318.578365;101.325;1;0.5927;-1.0;1930 jon ams 0
110-82-7;;67-56-1;;318.658341;101.325;1;0.5688;-1.0;1930 jon ams 0
110-82-7;;67-56-1;;318.708326;101.325;1;0.5048;-1.0;1930 jon ams 0
110-82-7;;67-56-1;;318.72832;101.325;1;0.4947;-1.0;1930 jon ams 0
110-82-7;;67-56-1;;318.578365;101.325;1;0.4269;-1.0;1930 jon ams 0
110-82-7;;67-56-1;;318.648344;101.325;1;0.4604;-1.0;1930 jon ams 0
110-82-7;;67-56-1;;318.688332;101.325;1;0.4688;-1.0;1930 jon ams 0
110-82-7;;67-56-1;;318.708326;101.325;1;0.48;-1.0;1930 jon ams 0
110-82-7;;67-56-1;;318.72832;101.325;1;0.4947;-1.0;1930 jon ams 0
110-82-7;;67-56-1;;290.28971;101.325;1;-1.0;0.1533;1930 jon ams 0
110-82-7;;67-56-1;;303.53384;101.325;1;-1.0;0.1984;1930 jon ams 0
110-82-7;;67-56-1;;313.179985;101.325;1;-1.0;0.2675;1930 jon ams 0
110-82-7;;67-56-1;;315.809196;101.325;1;-1.0;0.3055;1930 jon ams 0
110-82-7;;67-56-1;;317.748614;101.325;1;-1.0;0.3586;1930 jon ams 0
110-82-7;;67-56-1;;304.43348;101.325;1;0.854;-1.0;1943 eck luc 0
110-82-7;;67-56-1;;306.322724;101.325;1;0.8165;-1.0;1943 eck luc 0
110-82-7;;67-56-1;;307.262348;101.325;1;0.8102;-1.0;1943 eck luc 0
110-82-7;;67-56-1;;309.08162;101.325;1;0.7922;-1.0;1943 eck luc 0
110-82-7;;67-56-1;;312.18038;101.325;1;0.7545;-1.0;1943 eck luc 0
110-82-7;;67-56-1;;315.179385;101.325;1;0.7003;-1.0;1943 eck luc 0
110-82-7;;67-56-1;;317.278755;101.325;1;0.6318;-1.0;1943 eck luc 0
110-82-7;;67-56-1;;318.218473;101.325;1;0.5457;-1.0;1943 eck luc 0
110-82-7;;67-56-1;;318.268458;101.325;1;0.5182;0.4694;1943 eck luc 0
110-82-7;;67-56-1;;318.268458;101.325;1;0.4932;-1.0;1943 eck luc 0
110-82-7;;67-56-1;;302.324324;101.325;1;-1.0;0.1954;1943 eck luc 0
110-82-7;;67-56-1;;302.594216;101.325;1;-1.0;0.2021;1943 eck luc 0
110-82-7;;67-56-1;;307.142396;101.325;1;-1.0;0.2225;1943 eck luc 0
110-82-7;;67-56-1;;311.750552;101.325;1;-1.0;0.2591;1943 eck luc 0
110-82-7;;67-56-1;;315.419313;101.325;1;-1.0;0.3084;1943 eck luc 0
110-82-7;;67-56-1;;317.368728;101.325;1;-1.0;0.3613;1943 eck luc 0
110-82-7;;67-56-1;;317.938557;101.325;1;-1.0;0.3864;1943 eck luc 0
110-82-7;;67-56-1;;317.998539;101.325;1;-1.0;0.4021;1943 eck luc 0
110-82-7;;67-56-1;;318.198479;101.325;1;-1.0;0.434;1943 eck luc 0
110-82-7;;67-56-1;;319.578065;101.325;1;0.5;-1.0;1960 car & 1
110-82-7;;67-56-1;;319.578065;101.325;1;0.5;-1.0;1960 car & 1
110-82-7;;67-56-1;;300.879902;101.0;1;0.86364;-1.0;1961 kis joh 0
110-82-7;;67-56-1;;305.7709448;101.0;1;0.83331;-1.0;1961 kis joh 0
110-82-7;;67-56-1;;309.8003324;101.0;1;0.7891;-1.0;1961 kis joh 0
110-82-7;;67-56-1;;312.4542704;101.0;1;0.75639;-1.0;1961 kis joh 0
110-82-7;;67-56-1;;315.2863529;101.0;1;0.72422;-1.0;1961 kis joh 0
110-82-7;;67-56-1;;314.9074666;101.0;1;0.71245;-1.0;1961 kis joh 0
110-82-7;;67-56-1;;316.6929308;101.0;1;0.69234;-1.0;1961 kis joh 0
110-82-7;;67-56-1;;317.7975993;101.0;1;0.65074;-1.0;1961 kis joh 0
110-82-7;;67-56-1;;318.0575213;101.0;1;0.62785;-1.0;1961 kis joh 0
110-82-7;;67-56-1;;318.4713971;101.0;1;0.60143;0.43128;1961 kis joh 0
110-82-7;;67-56-1;;318.7853029;101.0;1;0.56684;-1.0;1961 kis joh 0
110-82-7;;67-56-1;;318.7913011;101.0;1;0.54289;-1.0;1961 kis joh 0
110-82-7;;67-56-1;;318.7952999;101.0;1;0.52914;-1.0;1961 kis joh 0
110-82-7;;67-56-1;;318.7813041;101.0;1;0.48278;-1.0;1961 kis joh 0
110-82-7;;67-56-1;;318.4863926;101.0;1;-1.0;0.44147;1961 kis joh 0
110-82-7;;67-56-1;;318.3204424;101.0;1;-1.0;0.39662;1961 kis joh 0
110-82-7;;67-56-1;;318.3294397;101.0;1;-1.0;0.36198;1961 kis joh 0
110-82-7;;67-56-1;;317.9225618;101.0;1;-1.0;0.36141;1961 kis joh 0
110-82-7;;67-56-1;;316.5079863;101.0;1;-1.0;0.32094;1961 kis joh 0
110-82-7;;67-56-1;;316.3840235;101.0;1;-1.0;0.30921;1961 kis joh 0
110-82-7;;67-56-1;;313.7977996;101.0;1;-1.0;0.27468;1961 kis joh 0
110-82-7;;67-56-1;;310.601012;101.0;1;-1.0;0.24261;1961 kis joh 0
110-82-7;;67-56-1;;307.3013324;101.0;1;-1.0;0.21765;1961 kis joh 0
110-82-7;;67-56-1;;303.7957352;101.0;1;-1.0;0.19878;1961 kis joh 0
110-82-7;;67-56-1;;301.2807416;101.0;1;-1.0;0.18566;1961 kis joh 0
110-82-7;;67-56-1;;300.3910976;101.0;1;-1.0;0.18297;1961 kis joh 0
110-82-7;;67-56-1;;296.731562;101.0;1;-1.0;0.17019;1961 kis joh 0
110-82-7;;67-56-1;;293.2509548;101.0;1;-1.0;0.15743;1961 kis joh 0
110-82-7;;67-56-1;;289.795007;101.0;1;-1.0;0.14518;1961 kis joh 0
110-82-7;;67-56-1;;307.98206;101.325;1;0.831;0.216;1965 mar sus 2
110-82-7;;67-56-1;;317.978545;101.325;1;0.563;0.393;1965 mar sus 2
110-82-7;;67-56-1;;296.1368;100.0;1;0.878;-1.0;1966 rot sch 0
110-82-7;;67-56-1;;313.13;100.0;1;0.738;-1.0;1966 rot sch 0
110-82-7;;67-56-1;;317.82859;100.0;1;0.605;-1.0;1966 rot sch 0
110-82-7;;67-56-1;;318.42841;100.0;1;0.5;-1.0;1966 rot sch 0
110-82-7;;67-56-1;;286.1422;100.0;1;-1.0;0.14;1966 rot sch 0
110-82-7;;67-56-1;;303.23396;100.0;1;-1.0;0.205;1966 rot sch 0
110-82-7;;67-56-1;;312.53024;100.0;1;-1.0;0.275;1966 rot sch 0
110-82-7;;67-56-1;;317.52868;100.0;1;-1.0;0.365;1966 rot sch 0
110-82-7;;67-56-1;;313.13;101.0;1;0.772145642592;0.260815829073;1967 cam kar 0
110-82-7;;67-56-1;;318.1285;101.0;1;0.671510588979;0.359653082348;1967 cam kar 0
110-82-7;;67-56-1;;318.62835;101.0;1;0.634286735098;-1.0;1967 cam kar 0
110-82-7;;67-56-1;;318.72832;101.0;1;0.611149521151;-1.0;1967 cam kar 0
110-82-7;;67-56-1;;318.92826;101.0;1;0.611149521151;-1.0;1967 cam kar 0
110-82-7;;67-56-1;;318.998239;101.0;1;0.567354748795;-1.0;1967 cam kar 0
110-82-7;;67-56-1;;318.62835;101.0;1;0.38618083064;-1.0;1967 cam kar 0
110-82-7;;67-56-1;;318.72832;101.0;1;0.388203423343;-1.0;1967 cam kar 0
110-82-7;;67-56-1;;318.92826;101.0;1;0.412064719863;-1.0;1967 cam kar 0
110-82-7;;67-56-1;;318.998239;101.0;1;0.412064719863;-1.0;1967 cam kar 0
110-82-7;;67-56-1;;298.14437;101.0;1;0.888;0.17;1968 kur smi 0
110-82-7;;67-56-1;;293.14537;101.0;1;0.88758693501;0.154912009283;1968 rud sob 0
110-82-7;;67-56-1;;312.9901;101.325;1;0.7549;0.2732;1969 ser esk 0
110-82-7;;67-56-1;;319.2902094;101.0;1;0.480009242285;-1.0;1972 ani vor 0
110-82-7;;67-56-1;;298.14437;101.0;1;0.8709;0.1752;1975 tak nit 0
110-82-7;;67-56-1;;298.14437;101.0;1;0.875;0.172;1975 yas kaw 0
110-82-7;;67-56-1;;298.14437;101.0;1;0.875;0.1717;1976 sug nit 0
110-82-7;;67-56-1;;318.6124128;101.325;1;0.4832;-1.0;1977 jac ant 0
110-82-7;;67-56-1;;318.6124128;101.325;1;0.4832;-1.0;1977 jac ant 0
110-82-7;;67-56-1;;303.842845;101.325;1;0.835;-1.0;1978 bec kie 0
110-82-7;;67-56-1;;306.442065;101.325;1;0.816;-1.0;1978 bec kie 0
110-82-7;;67-56-1;;309.941015;101.325;1;0.783;-1.0;1978 bec kie 0
110-82-7;;67-56-1;;310.440865;101.325;1;0.778;-1.0;1978 bec kie 0
110-82-7;;67-56-1;;311.940415;101.325;1;0.758;-1.0;1978 bec kie 0
110-82-7;;67-56-1;;312.69019;101.325;1;0.746;-1.0;1978 bec kie 0
110-82-7;;67-56-1;;313.339995;101.325;1;0.737;-1.0;1978 bec kie 0
110-82-7;;67-56-1;;314.08977;101.325;1;0.727;-1.0;1978 bec kie 0
110-82-7;;67-56-1;;314.539635;101.325;1;0.717;-1.0;1978 bec kie 0
110-82-7;;67-56-1;;315.28941;101.325;1;0.7;-1.0;1978 bec kie 0
110-82-7;;67-56-1;;315.839245;101.325;1;0.687;-1.0;1978 bec kie 0
110-82-7;;67-56-1;;316.339095;101.325;1;0.671;-1.0;1978 bec kie 0
110-82-7;;67-56-1;;316.9889;101.325;1;0.653;-1.0;1978 bec kie 0
110-82-7;;67-56-1;;317.238825;101.325;1;0.642;-1.0;1978 bec kie 0
110-82-7;;67-56-1;;317.538735;101.325;1;0.628;-1.0;1978 bec kie 0
110-82-7;;67-56-1;;317.738675;101.325;1;0.618;0.363;1978 bec kie 0
110-82-7;;67-56-1;;317.88863;101.325;1;0.607;-1.0;1978 bec kie 0
110-82-7;;67-56-1;;318.08857;101.325;1;0.591;-1.0;1978 bec kie 0
110-82-7;;67-56-1;;318.28851;101.325;1;0.577;0.41;1978 bec kie 0
110-82-7;;67-56-1;;318.338495;101.325;1;0.564;0.424;1978 bec kie 0
110-82-7;;67-56-1;;318.438465;101.325;1;0.549;0.449;1978 bec kie 0
110-82-7;;67-56-1;;318.438465;101.325;1;0.537;-1.0;1978 bec kie 0
110-82-7;;67-56-1;;318.48845;101.325;1;0.525;0.487;1978 bec kie 0
110-82-7;;67-56-1;;318.48845;101.325;1;0.513;-1.0;1978 bec kie 0
110-82-7;;67-56-1;;318.48845;101.325;1;0.501;-1.0;1978 bec kie 0
110-82-7;;67-56-1;;304.242725;101.325;1;-1.0;0.206;1978 bec kie 0
110-82-7;;67-56-1;;306.741975;101.325;1;-1.0;0.22;1978 bec kie 0
110-82-7;;67-56-1;;308.89133;101.325;1;-1.0;0.234;1978 bec kie 0
110-82-7;;67-56-1;;310.69079;101.325;1;-1.0;0.248;1978 bec kie 0
110-82-7;;67-56-1;;312.19034;101.325;1;-1.0;0.261;1978 bec kie 0
110-82-7;;67-56-1;;313.539935;101.325;1;-1.0;0.276;1978 bec kie 0
110-82-7;;67-56-1;;314.58962;101.325;1;-1.0;0.29;1978 bec kie 0
110-82-7;;67-56-1;;315.58932;101.325;1;-1.0;0.305;1978 bec kie 0
110-82-7;;67-56-1;;316.28911;101.325;1;-1.0;0.32;1978 bec kie 0
110-82-7;;67-56-1;;316.838945;101.325;1;-1.0;0.334;1978 bec kie 0
110-82-7;;67-56-1;;317.28881;101.325;1;-1.0;0.344;1978 bec kie 0
110-82-7;;67-56-1;;318.038585;101.325;1;-1.0;0.381;1978 bec kie 0
110-82-7;;67-56-1;;318.18854;101.325;1;-1.0;0.397;1978 bec kie 0
110-82-7;;67-56-1;;318.38848;101.325;1;-1.0;0.437;1978 bec kie 0
110-82-7;;67-56-1;;298.14437;101.325;1;0.8756;0.1715;1980 nag kat 0
110-82-7;;67-56-1;;313.140055;101.0;1;0.7629;0.2652;1981 nag kat 0
110-82-7;;67-56-1;;298.14437;101.0;1;0.875;0.1713;1983 nag oht 0
110-82-7;;67-56-1;;298.14437;101.325;1;0.8752;0.1714;1984 nag & 5
110-82-7;;67-56-1;;298.14437;101.3;1;0.8749;0.1712;1984 nag & 6
110-82-7;;67-56-1;;317.9646072;101.325;1;0.4828;-1.0;1985 hou gue 0
110-82-7;;67-56-1;;317.9646072;101.325;1;0.4828;-1.0;1985 hou gue 0
110-82-7;;67-56-1;;280.148955;101.325;1;0.9301;-1.0;1986 hra bit 0
110-82-7;;67-56-1;;280.048985;101.325;1;0.9284;-1.0;1986 hra bit 0
110-82-7;;67-56-1;;283.947815;101.325;1;0.9268;-1.0;1986 hra bit 0
110-82-7;;67-56-1;;284.047785;101.325;1;0.92;-1.0;1986 hra bit 0
110-82-7;;67-56-1;;285.947215;101.325;1;0.9183;-1.0;1986 hra bit 0
110-82-7;;67-56-1;;288.446465;101.325;1;0.909;-1.0;1986 hra bit 0
110-82-7;;67-56-1;;292.54549;101.325;1;0.9002;-1.0;1986 hra bit 0
110-82-7;;67-56-1;;295.64487;101.325;1;0.8883;-1.0;1986 hra bit 0
110-82-7;;67-56-1;;299.54409;101.325;1;0.8636;-1.0;1986 hra bit 0
110-82-7;;67-56-1;;302.343295;101.325;1;0.8455;-1.0;1986 hra bit 0
110-82-7;;67-56-1;;308.681393;101.325;1;0.7964;-1.0;1986 hra bit 0
110-82-7;;67-56-1;;308.741375;101.325;1;0.7958;-1.0;1986 hra bit 0
110-82-7;;67-56-1;;309.201237;101.325;1;0.7907;-1.0;1986 hra bit 0
110-82-7;;67-56-1;;312.980103;101.325;1;0.7475;-1.0;1986 hra bit 0
110-82-7;;67-56-1;;315.559329;101.325;1;0.6935;-1.0;1986 hra bit 0
110-82-7;;67-56-1;;316.9889;101.325;1;0.6495;-1.0;1986 hra bit 0
110-82-7;;67-56-1;;318.438465;101.325;1;0.5867;-1.0;1986 hra bit 0
110-82-7;;67-56-1;;318.628408;101.325;1;0.5524;-1.0;1986 hra bit 0
110-82-7;;67-56-1;;318.838345;101.325;1;0.533;-1.0;1986 hra bit 0
110-82-7;;67-56-1;;318.918321;101.325;1;0.5139;-1.0;1986 hra bit 0
110-82-7;;67-56-1;;318.918321;101.325;1;0.506;-1.0;1986 hra bit 0
110-82-7;;67-56-1;;318.918321;101.325;1;0.494;-1.0;1986 hra bit 0
110-82-7;;67-56-1;;318.918321;101.325;1;0.494;-1.0;1986 hra bit 0
110-82-7;;67-56-1;;318.718381;101.325;1;0.4565;-1.0;1986 hra bit 0
110-82-7;;67-56-1;;318.138555;101.325;1;-1.0;0.3972;1986 hra bit 0
110-82-7;;67-56-1;;317.658699;101.325;1;-1.0;0.3783;1986 hra bit 0
110-82-7;;67-56-1;;317.138855;101.325;1;-1.0;0.3507;1986 hra bit 0
110-82-7;;67-56-1;;316.858939;101.325;1;-1.0;0.3429;1986 hra bit 0
110-82-7;;67-56-1;;316.08917;101.325;1;-1.0;0.3203;1986 hra bit 0
110-82-7;;67-56-1;;315.439365;101.325;1;-1.0;0.3089;1986 hra bit 0
110-82-7;;67-56-1;;315.519341;101.325;1;-1.0;0.3082;1986 hra bit 0
110-82-7;;67-56-1;;314.419671;101.325;1;-1.0;0.2844;1986 hra bit 0
110-82-7;;67-56-1;;312.660199;101.325;1;-1.0;0.2657;1986 hra bit 0
110-82-7;;67-56-1;;312.470256;101.325;1;-1.0;0.2648;1986 hra bit 0
110-82-7;;67-56-1;;312.420271;101.325;1;-1.0;0.2628;1986 hra bit 0
110-82-7;;67-56-1;;309.841045;101.325;1;-1.0;0.2405;1986 hra bit 0
110-82-7;;67-56-1;;307.121861;101.325;1;-1.0;0.2233;1986 hra bit 0
110-82-7;;67-56-1;;302.363289;101.325;1;-1.0;0.195;1986 hra bit 0
110-82-7;;67-56-1;;298.904218;101.325;1;-1.0;0.1778;1986 hra bit 0
110-82-7;;67-56-1;;294.605078;101.325;1;-1.0;0.1628;1986 hra bit 0
110-82-7;;67-56-1;;291.34573;101.325;1;-1.0;0.1525;1986 hra bit 0
110-82-7;;67-56-1;;286.247125;101.325;1;-1.0;0.1384;1986 hra bit 0
110-82-7;;67-56-1;;281.248625;101.325;1;-1.0;0.1263;1986 hra bit 0
110-82-7;;67-56-1;;278.549211679;101.325;1;-1.0;0.1207;1986 hra bit 0
110-82-7;;67-56-1;;275.609640876;101.325;1;-1.0;0.1138;1986 hra bit 0
110-82-7;;67-56-1;;319.0822718;101.325;1;0.4768;-1.0;1986 jac & 1
110-82-7;;67-56-1;;319.0822718;101.325;1;0.4768;-1.0;1986 jac & 1
110-82-7;;67-56-1;;318.8043552;101.325;1;0.492;-1.0;1986 sin van 0
110-82-7;;67-56-1;;318.8043552;101.325;1;0.492;-1.0;1986 sin van 0
110-82-7;;67-56-1;;317.5297377;100.0;1;0.6383;-1.0;1987 sin van 1
110-82-7;;67-56-1;;317.9266186;100.0;1;0.6285;-1.0;1987 sin van 1
110-82-7;;67-56-1;;318.4904494;100.0;1;0.5784;-1.0;1987 sin van 1
110-82-7;;67-56-1;;318.5294377;100.0;1;0.5842;-1.0;1987 sin van 1
110-82-7;;67-56-1;;318.6404044;100.0;1;0.5695;-1.0;1987 sin van 1
110-82-7;;67-56-1;;318.6973873;100.0;1;0.5596;-1.0;1987 sin van 1
110-82-7;;67-56-1;;318.7493717;100.0;1;0.548;-1.0;1987 sin van 1
110-82-7;;67-56-1;;318.7733645;100.0;1;0.5007;-1.0;1987 sin van 1
110-82-7;;67-56-1;;318.7813621;100.0;1;0.5101;-1.0;1987 sin van 1
110-82-7;;67-56-1;;318.7873603;100.0;1;0.5296;-1.0;1987 sin van 1
110-82-7;;67-56-1;;318.7933585;100.0;1;0.5159;-1.0;1987 sin van 1
110-82-7;;67-56-1;;318.7953579;100.0;1;0.486;-1.0;1987 sin van 1
110-82-7;;67-56-1;;318.8033555;100.0;1;0.506;-1.0;1987 sin van 1
110-82-7;;67-56-1;;318.6494017;100.0;1;0.4114;-1.0;1987 sin van 1
110-82-7;;67-56-1;;318.7023858;100.0;1;0.4217;-1.0;1987 sin van 1
110-82-7;;67-56-1;;318.78836;100.0;1;0.4637;-1.0;1987 sin van 1
110-82-7;;67-56-1;;318.7913591;100.0;1;0.4682;-1.0;1987 sin van 1
110-82-7;;67-56-1;;318.7953579;100.0;1;0.486;-1.0;1987 sin van 1
110-82-7;;67-56-1;;318.5294377;100.0;1;0.5842;-1.0;1987 sin van 1
110-82-7;;67-56-1;;318.6404044;100.0;1;0.5695;-1.0;1987 sin van 1
110-82-7;;67-56-1;;318.6494017;100.0;1;0.4114;-1.0;1987 sin van 1
110-82-7;;67-56-1;;318.6973873;100.0;1;0.5596;-1.0;1987 sin van 1
110-82-7;;67-56-1;;318.7493717;100.0;1;0.548;-1.0;1987 sin van 1
110-82-7;;67-56-1;;318.78836;100.0;1;0.4637;-1.0;1987 sin van 1
110-82-7;;67-56-1;;318.7913591;100.0;1;0.4682;-1.0;1987 sin van 1
110-82-7;;67-56-1;;318.7933585;100.0;1;0.5159;-1.0;1987 sin van 1
110-82-7;;67-56-1;;318.8033555;100.0;1;0.506;-1.0;1987 sin van 1
110-82-7;;67-56-1;;318.118561;100.0;1;-1.0;0.3685;1987 sin van 1
110-82-7;;67-56-1;;313.4689563;780.0;1;0.7532;-1.0;1988 aiz rub 0
110-82-7;;67-56-1;;315.9112234;880.0;1;0.7009;-1.0;1988 aiz rub 0
110-82-7;;67-56-1;;317.2748142;400.0;1;0.6462;-1.0;1988 aiz rub 0
110-82-7;;67-56-1;;317.8416441;500.0;1;0.6209;-1.0;1988 aiz rub 0
110-82-7;;67-56-1;;318.1445532;680.0;1;0.6003;-1.0;1988 aiz rub 0
110-82-7;;67-56-1;;318.3644872;660.0;1;0.5801;-1.0;1988 aiz rub 0
110-82-7;;67-56-1;;318.4594587;920.0;1;0.5191;-1.0;1988 aiz rub 0
110-82-7;;67-56-1;;318.5404344;850.0;1;0.5591;-1.0;1988 aiz rub 0
110-82-7;;67-56-1;;318.5574293;700.0;1;0.4554;-1.0;1988 aiz rub 0
110-82-7;;67-56-1;;318.6264086;570.0;1;0.4849;-1.0;1988 aiz rub 0
110-82-7;;67-56-1;;318.6524008;960.0;1;0.5511;-1.0;1988 aiz rub 0
110-82-7;;67-56-1;;299.924014;650.0;1;-1.0;0.1849;1988 aiz rub 0
110-82-7;;67-56-1;;313.5809227;620.0;1;-1.0;0.2704;1988 aiz rub 0
110-82-7;;67-56-1;;315.0264889;960.0;1;-1.0;0.2909;1988 aiz rub 0
110-82-7;;67-56-1;;316.1051652;380.0;1;-1.0;0.3118;1988 aiz rub 0
110-82-7;;67-56-1;;316.9019261;520.0;1;-1.0;0.3423;1988 aiz rub 0
110-82-7;;67-56-1;;317.5857209;690.0;1;-1.0;0.3717;1988 aiz rub 0
110-82-7;;67-56-1;;317.9995967;440.0;1;-1.0;0.3997;1988 aiz rub 0
110-82-7;;67-56-1;;318.4004764;620.0;1;-1.0;0.4315;1988 aiz rub 0
110-82-7;;67-56-1;;318.098567;101.325;1;0.4895;-1.0;1988 bru & 0
110-82-7;;67-56-1;;318.118561;101.325;1;0.4882;-1.0;1988 bru & 0
110-82-7;;67-56-1;;318.078573;101.325;1;0.4903;-1.0;1988 bru & 0
110-82-7;;67-56-1;;318.048582;101.325;1;0.4899;-1.0;1988 bru & 0
110-82-7;;67-56-1;;318.33709542;101.325;1;0.49445;0.4377;1988 ewi joh 0
110-82-7;;67-56-1;;318.24482311;101.325;1;0.49824;0.42539;1988 ewi joh 0
110-82-7;;67-56-1;;318.40777421;101.325;1;0.50168;0.43845;1988 ewi joh 0
110-82-7;;67-56-1;;318.48795015;101.325;1;0.50393;0.49736;1988 ewi joh 0
110-82-7;;67-56-1;;318.40777421;101.325;1;0.50675;-1.0;1988 ewi joh 0
110-82-7;;67-56-1;;318.48765024;101.325;1;0.50724;-1.0;1988 ewi joh 0
110-82-7;;67-56-1;;318.40807412;101.325;1;0.51005;-1.0;1988 ewi joh 0
110-82-7;;67-56-1;;318.48954967;101.325;1;0.51053;-1.0;1988 ewi joh 0
110-82-7;;67-56-1;;318.33469614;101.325;1;0.5124;-1.0;1988 ewi joh 0
110-82-7;;67-56-1;;318.48725036;101.325;1;0.514;0.47018;1988 ewi joh 0
110-82-7;;67-56-1;;318.23892488;101.325;1;0.51406;0.48639;1988 ewi joh 0
110-82-7;;67-56-1;;318.40337553;101.325;1;0.51577;0.43077;1988 ewi joh 0
110-82-7;;67-56-1;;318.48485108;101.325;1;0.51737;-1.0;1988 ewi joh 0
110-82-7;;67-56-1;;318.32779821;101.325;1;0.51871;0.43152;1988 ewi joh 0
110-82-7;;67-56-1;;318.48405132;101.325;1;0.52079;-1.0;1988 ewi joh 0
110-82-7;;67-56-1;;318.39767724;101.325;1;0.52145;0.46898;1988 ewi joh 0
110-82-7;;67-56-1;;318.48305162;101.325;1;0.52437;-1.0;1988 ewi joh 0
110-82-7;;67-56-1;;318.39217889;101.325;1;0.52583;0.42848;1988 ewi joh 0
110-82-7;;67-56-1;;318.2255289;101.325;1;0.52608;0.40068;1988 ewi joh 0
110-82-7;;67-56-1;;318.478453;101.325;1;0.52806;0.46736;1988 ewi joh 0
110-82-7;;67-56-1;;318.31530196;101.325;1;0.52809;0.45876;1988 ewi joh 0
110-82-7;;67-56-1;;318.47515399;101.325;1;0.53166;0.46146;1988 ewi joh 0
110-82-7;;67-56-1;;318.38268174;101.325;1;0.53188;0.42609;1988 ewi joh 0
110-82-7;;67-56-1;;318.46935573;101.325;1;0.53531;0.45899;1988 ewi joh 0
110-82-7;;67-56-1;;318.20463517;101.325;1;0.53632;0.45158;1988 ewi joh 0
110-82-7;;67-56-1;;318.37408432;101.325;1;0.53654;0.45316;1988 ewi joh 0
110-82-7;;67-56-1;;318.29560787;101.325;1;0.53725;0.44116;1988 ewi joh 0
110-82-7;;67-56-1;;318.46125816;101.325;1;0.53912;0.45628;1988 ewi joh 0
110-82-7;;67-56-1;;318.36318759;101.325;1;0.54138;0.44735;1988 ewi joh 0
110-82-7;;67-56-1;;318.2775133;101.325;1;0.54258;0.4326;1988 ewi joh 0
110-82-7;;67-56-1;;318.45515999;101.325;1;0.54284;0.4536;1988 ewi joh 0
110-82-7;;67-56-1;;318.34019449;101.325;1;0.54512;-1.0;1988 ewi joh 0
110-82-7;;67-56-1;;318.44396335;101.325;1;0.5468;0.45095;1988 ewi joh 0
110-82-7;;67-56-1;;318.1715451;101.325;1;0.54686;0.43396;1988 ewi joh 0
110-82-7;;67-56-1;;318.32919779;101.325;1;0.54827;-1.0;1988 ewi joh 0
110-82-7;;67-56-1;;318.30740433;101.325;1;0.55013;-1.0;1988 ewi joh 0
110-82-7;;67-56-1;;318.42856797;101.325;1;0.55074;0.44321;1988 ewi joh 0
110-82-7;;67-56-1;;318.41407232;101.325;1;0.55454;-1.0;1988 ewi joh 0
110-82-7;;67-56-1;;318.12325959;101.325;1;0.55644;0.42427;1988 ewi joh 0
110-82-7;;67-56-1;;318.29020949;101.325;1;0.55676;-1.0;1988 ewi joh 0
110-82-7;;67-56-1;;318.39467814;101.325;1;0.55863;-1.0;1988 ewi joh 0
110-82-7;;67-56-1;;318.27501405;101.325;1;0.55964;-1.0;1988 ewi joh 0
110-82-7;;67-56-1;;318.37188498;101.325;1;0.56274;-1.0;1988 ewi joh 0
110-82-7;;67-56-1;;318.23682551;101.325;1;0.56582;-1.0;1988 ewi joh 0
110-82-7;;67-56-1;;318.07647363;101.325;1;0.56647;0.39374;1988 ewi joh 0
110-82-7;;67-56-1;;318.34919179;101.325;1;0.56683;0.44276;1988 ewi joh 0
110-82-7;;67-56-1;;318.32060037;101.325;1;0.57056;-1.0;1988 ewi joh 0
110-82-7;;67-56-1;;318.1925388;101.325;1;0.57204;0.39754;1988 ewi joh 0
110-82-7;;67-56-1;;318.28821009;101.325;1;0.57536;-1.0;1988 ewi joh 0
110-82-7;;67-56-1;;318.15824909;101.325;1;0.5755;-1.0;1988 ewi joh 0
110-82-7;;67-56-1;;318.25262077;101.325;1;0.5796;-1.0;1988 ewi joh 0
110-82-7;;67-56-1;;317.95401038;101.325;1;0.58255;0.39823;1988 ewi joh 0
110-82-7;;67-56-1;;318.21533196;101.325;1;0.5838;-1.0;1988 ewi joh 0
110-82-7;;67-56-1;;318.06267777;101.325;1;0.58666;0.41187;1988 ewi joh 0
110-82-7;;67-56-1;;318.17444423;101.325;1;0.58803;-1.0;1988 ewi joh 0
110-82-7;;67-56-1;;318.02738836;101.325;1;0.59041;0.38891;1988 ewi joh 0
110-82-7;;67-56-1;;318.12595878;101.325;1;0.59291;-1.0;1988 ewi joh 0
110-82-7;;67-56-1;;317.94991161;101.325;1;0.59717;-1.0;1988 ewi joh 0
110-82-7;;67-56-1;;317.90572487;101.325;1;0.60097;-1.0;1988 ewi joh 0
110-82-7;;67-56-1;;318.01319262;101.325;1;0.60211;0.40508;1988 ewi joh 0
110-82-7;;67-56-1;;317.8526408;101.325;1;0.6041;-1.0;1988 ewi joh 0
110-82-7;;67-56-1;;317.94841206;101.325;1;0.60679;-1.0;1988 ewi joh 0
110-82-7;;67-56-1;;317.6716951;101.325;1;0.60735;0.36604;1988 ewi joh 0
110-82-7;;67-56-1;;317.87483414;101.325;1;0.61174;0.37443;1988 ewi joh 0
110-82-7;;67-56-1;;317.71408238;101.325;1;0.61229;-1.0;1988 ewi joh 0
110-82-7;;67-56-1;;317.50864403;101.325;1;0.61465;0.35709;1988 ewi joh 0
110-82-7;;67-56-1;;317.79595781;101.325;1;0.61668;-1.0;1988 ewi joh 0
110-82-7;;67-56-1;;317.70928382;101.325;1;0.62159;-1.0;1988 ewi joh 0
110-82-7;;67-56-1;;317.62001061;101.325;1;0.62664;0.37372;1988 ewi joh 0
110-82-7;;67-56-1;;317.33559596;101.325;1;0.62714;0.35064;1988 ewi joh 0
110-82-7;;67-56-1;;317.44746239;101.325;1;0.62827;0.35599;1988 ewi joh 0
110-82-7;;67-56-1;;317.5177413;101.325;1;0.63172;-1.0;1988 ewi joh 0
110-82-7;;67-56-1;;317.29760736;101.325;1;0.63576;-1.0;1988 ewi joh 0
110-82-7;;67-56-1;;317.41647169;101.325;1;0.63687;0.35384;1988 ewi joh 0
110-82-7;;67-56-1;;317.15515011;101.325;1;0.64178;-1.0;1988 ewi joh 0
110-82-7;;67-56-1;;317.29530805;101.325;1;0.64233;-1.0;1988 ewi joh 0
110-82-7;;67-56-1;;317.17014561;101.325;1;0.64761;-1.0;1988 ewi joh 0
110-82-7;;67-56-1;;317.04898197;101.325;1;-1.0;0.34856;1988 ewi joh 0
110-82-7;;67-56-1;;317.3178013;101.325;1;-1.0;0.35106;1988 ewi joh 0
110-82-7;;67-56-1;;317.23822518;101.325;1;-1.0;0.35812;1988 ewi joh 0
110-82-7;;67-56-1;;317.59211898;101.325;1;-1.0;0.36046;1988 ewi joh 0
110-82-7;;67-56-1;;317.46955576;101.325;1;-1.0;0.36713;1988 ewi joh 0
110-82-7;;67-56-1;;317.7336765;101.325;1;-1.0;0.36732;1988 ewi joh 0
110-82-7;;67-56-1;;317.80685454;101.325;1;-1.0;0.37081;1988 ewi joh 0
110-82-7;;67-56-1;;317.77236489;101.325;1;-1.0;0.37172;1988 ewi joh 0
110-82-7;;67-56-1;;317.83824512;101.325;1;-1.0;0.37562;1988 ewi joh 0
110-82-7;;67-56-1;;317.93331659;101.325;1;-1.0;0.37804;1988 ewi joh 0
110-82-7;;67-56-1;;317.99589781;101.325;1;-1.0;0.38185;1988 ewi joh 0
110-82-7;;67-56-1;;317.76036849;101.325;1;-1.0;0.3831;1988 ewi joh 0
110-82-7;;67-56-1;;318.04908185;101.325;1;-1.0;0.38565;1988 ewi joh 0
110-82-7;;67-56-1;;318.09506805;101.325;1;-1.0;0.38952;1988 ewi joh 0
110-82-7;;67-56-1;;318.14465317;101.325;1;-1.0;0.39347;1988 ewi joh 0
110-82-7;;67-56-1;;317.89232889;101.325;1;-1.0;0.39359;1988 ewi joh 0
110-82-7;;67-56-1;;318.10676454;101.325;1;-1.0;0.41855;1988 ewi joh 0
110-82-7;;67-56-1;;288.146555;100.0;1;0.9034;0.164;1989 ale fer 0
110-82-7;;67-56-1;;293.14537;100.0;1;0.8926;0.1676;1989 ale fer 0
110-82-7;;67-56-1;;298.14437;100.0;1;0.8703;0.1825;1989 ale fer 0
110-82-7;;67-56-1;;284.147755;100.0;1;0.9113;0.1325;1989 ale fer 0
110-82-7;;67-56-1;;298.15;101.3;1;0.888;0.16;1992 kat mur 0
110-82-7;;67-56-1;;291.05;101.0;1;0.9;-1.0;1992 kat mur 0
110-82-7;;67-56-1;;302.68;101.0;1;0.85;-1.0;1992 kat mur 0
110-82-7;;67-56-1;;309.17;101.0;1;0.8;-1.0;1992 kat mur 0
110-82-7;;67-56-1;;315.43;101.0;1;0.7;-1.0;1992 kat mur 0
110-82-7;;67-56-1;;317.42;101.0;1;0.65;-1.0;1992 kat mur 0
110-82-7;;67-56-1;;318.37;101.0;1;0.6;-1.0;1992 kat mur 0
110-82-7;;67-56-1;;318.71;101.0;1;0.55;-1.0;1992 kat mur 0
110-82-7;;67-56-1;;318.89;101.0;1;0.5;-1.0;1992 kat mur 0
110-82-7;;67-56-1;;318.85;101.0;1;0.45;-1.0;1992 kat mur 0
110-82-7;;67-56-1;;317.35;101.0;1;-1.0;0.35;1992 kat mur 0
110-82-7;;67-56-1;;315.15;101.0;1;-1.0;0.3;1992 kat mur 0
110-82-7;;67-56-1;;311.2;101.0;1;-1.0;0.25;1992 kat mur 0
110-82-7;;67-56-1;;303.45;101.0;1;-1.0;0.2;1992 kat mur 0
110-82-7;;67-56-1;;295.69;101.0;1;-1.0;0.17;1992 kat mur 0
110-82-7;;67-56-1;;286.85;101.0;1;-1.0;0.14;1992 kat mur 0
110-82-7;;67-56-1;;298.15;101.3;1;0.8751;0.1718;1997 nag tam 1
110-82-7;;67-56-1;;300.15;101.3;1;0.8666;0.1836;1997 nag tam 1
110-82-7;;67-56-1;;290.75;101.0;1;0.9055;-1.0;1998 mar wal 0
110-82-7;;67-56-1;;302.55;101.0;1;0.8506;-1.0;1998 mar wal 0
110-82-7;;67-56-1;;311.65;101.0;1;0.7742;-1.0;1998 mar wal 0
110-82-7;;67-56-1;;312.85;101.0;1;0.7528;-1.0;1998 mar wal 0
110-82-7;;67-56-1;;318.15;101.0;1;0.6036;-1.0;1998 mar wal 0
110-82-7;;67-56-1;;318.65;101.0;1;0.4772;-1.0;1998 mar wal 0
110-82-7;;67-56-1;;318.55;101.0;1;0.432;-1.0;1998 mar wal 0
110-82-7;;67-56-1;;317.55;101.0;1;-1.0;0.356;1998 mar wal 0
110-82-7;;67-56-1;;313.85;101.0;1;-1.0;0.2758;1998 mar wal 0
110-82-7;;67-56-1;;293.95;101.0;1;-1.0;0.1598;1998 mar wal 0
110-82-7;;67-56-1;;287.75;101.0;1;-1.0;0.1402;1998 mar wal 0
110-82-7;;67-56-1;;277.79;101.3;1;0.9295;0.114;1999 kat & 0
110-82-7;;67-56-1;;282.8;101.3;1;0.9184;0.124;1999 kat & 0
110-82-7;;67-56-1;;288.54;101.3;1;0.9036;0.139;1999 kat & 0
110-82-7;;67-56-1;;293.61;101.3;1;0.886;0.155;1999 kat & 0
110-82-7;;67-56-1;;298.63;101.3;1;0.866;0.172;1999 kat & 0
110-82-7;;67-56-1;;303.63;101.3;1;0.838;0.19;1999 kat & 0
110-82-7;;67-56-1;;308.64;101.3;1;0.8;0.219;1999 kat & 0
110-82-7;;67-56-1;;313.0;101.3;1;0.744;0.257;1999 kat & 0
110-82-7;;67-56-1;;314.75;101.3;1;0.72;0.276;1999 kat & 0
110-82-7;;67-56-1;;315.14;101.3;1;0.716;0.283;1999 kat & 0
110-82-7;;67-56-1;;316.15;101.3;1;0.686;0.304;1999 kat & 0
110-82-7;;67-56-1;;316.48;101.3;1;0.672;0.317;1999 kat & 0
110-82-7;;67-56-1;;317.05;101.3;1;0.665;0.333;1999 kat & 0
110-82-7;;67-56-1;;317.65;101.3;1;0.631;0.353;1999 kat & 0
110-82-7;;67-56-1;;317.94;101.3;1;0.63;0.368;1999 kat & 0
110-82-7;;67-56-1;;298.15;101.3;1;0.88;0.173;2001 can rod 0
110-82-7;;67-56-1;;284.14;101.3;1;0.9385;-1.0;2003 mat och 0
110-82-7;;67-56-1;;291.05;101.3;1;0.9181;-1.0;2003 mat och 0
110-82-7;;67-56-1;;292.35;101.3;1;0.911;-1.0;2003 mat och 0
110-82-7;;67-56-1;;291.98;101.3;1;0.9096;-1.0;2003 mat och 0
110-82-7;;67-56-1;;297.15;101.3;1;0.8892;-1.0;2003 mat och 0
110-82-7;;67-56-1;;298.38;101.3;1;0.8793;-1.0;2003 mat och 0
110-82-7;;67-56-1;;300.66;101.3;1;0.8716;-1.0;2003 mat och 0
110-82-7;;67-56-1;;301.95;101.3;1;0.862;-1.0;2003 mat och 0
110-82-7;;67-56-1;;303.69;101.3;1;0.8514;-1.0;2003 mat och 0
110-82-7;;67-56-1;;304.66;101.3;1;0.8431;-1.0;2003 mat och 0
110-82-7;;67-56-1;;306.25;101.3;1;0.8275;-1.0;2003 mat och 0
110-82-7;;67-56-1;;307.86;101.3;1;0.818;-1.0;2003 mat och 0
110-82-7;;67-56-1;;308.01;101.3;1;0.8162;-1.0;2003 mat och 0
110-82-7;;67-56-1;;309.7;101.3;1;0.8052;-1.0;2003 mat och 0
110-82-7;;67-56-1;;310.31;101.3;1;0.7976;-1.0;2003 mat och 0
110-82-7;;67-56-1;;310.81;101.3;1;0.792;-1.0;2003 mat och 0
110-82-7;;67-56-1;;312.38;101.3;1;0.7757;-1.0;2003 mat och 0
110-82-7;;67-56-1;;312.98;101.3;1;0.7644;-1.0;2003 mat och 0
110-82-7;;67-56-1;;312.77;101.3;1;0.7643;-1.0;2003 mat och 0
110-82-7;;67-56-1;;314.51;101.3;1;0.7455;-1.0;2003 mat och 0
110-82-7;;67-56-1;;315.44;101.3;1;0.7241;-1.0;2003 mat och 0
110-82-7;;67-56-1;;315.6;101.3;1;0.7163;-1.0;2003 mat och 0
110-82-7;;67-56-1;;315.79;101.3;1;0.7162;-1.0;2003 mat och 0
110-82-7;;67-56-1;;315.84;101.3;1;0.714;-1.0;2003 mat och 0
110-82-7;;67-56-1;;316.71;101.3;1;0.7025;-1.0;2003 mat och 0
110-82-7;;67-56-1;;316.59;101.3;1;0.6908;-1.0;2003 mat och 0
110-82-7;;67-56-1;;317.08;101.3;1;0.6868;-1.0;2003 mat och 0
110-82-7;;67-56-1;;317.15;101.3;1;0.6778;-1.0;2003 mat och 0
110-82-7;;67-56-1;;317.46;101.3;1;0.6676;-1.0;2003 mat och 0
110-82-7;;67-56-1;;317.65;101.3;1;0.6588;0.3471;2003 mat och 0
110-82-7;;67-56-1;;318.02;101.3;1;0.6414;-1.0;2003 mat och 0
110-82-7;;67-56-1;;318.65;101.3;1;0.6142;-1.0;2003 mat och 0
110-82-7;;67-56-1;;318.67;101.3;1;0.6094;-1.0;2003 mat och 0
110-82-7;;67-56-1;;319.03;101.3;1;0.5884;-1.0;2003 mat och 0
110-82-7;;67-56-1;;319.04;101.3;1;0.5767;-1.0;2003 mat och 0
110-82-7;;67-56-1;;319.07;101.3;1;0.5617;-1.0;2003 mat och 0
110-82-7;;67-56-1;;319.01;101.3;1;0.5421;-1.0;2003 mat och 0
110-82-7;;67-56-1;;319.07;101.3;1;0.5136;-1.0;2003 mat och 0
110-82-7;;67-56-1;;319.13;101.3;1;0.5026;-1.0;2003 mat och 0
110-82-7;;67-56-1;;319.02;101.3;1;0.4939;-1.0;2003 mat och 0
110-82-7;;67-56-1;;318.99;101.3;1;0.4663;-1.0;2003 mat och 0
110-82-7;;67-56-1;;318.84;101.3;1;0.4433;-1.0;2003 mat och 0
110-82-7;;67-56-1;;318.8;101.3;1;0.4263;-1.0;2003 mat och 0
110-82-7;;67-56-1;;318.82;101.3;1;0.4193;-1.0;2003 mat och 0
110-82-7;;67-56-1;;318.61;101.3;1;0.412;-1.0;2003 mat och 0
110-82-7;;67-56-1;;318.53;101.3;1;0.3945;-1.0;2003 mat och 0
110-82-7;;67-56-1;;318.18;101.3;1;-1.0;0.3781;2003 mat och 0
110-82-7;;67-56-1;;318.1;101.3;1;-1.0;0.364;2003 mat och 0
110-82-7;;67-56-1;;317.23;101.3;1;-1.0;0.3382;2003 mat och 0
110-82-7;;67-56-1;;316.87;101.3;1;-1.0;0.325;2003 mat och 0
110-82-7;;67-56-1;;315.92;101.3;1;-1.0;0.3095;2003 mat och 0
110-82-7;;67-56-1;;315.35;101.3;1;-1.0;0.3014;2003 mat och 0
110-82-7;;67-56-1;;314.76;101.3;1;-1.0;0.2889;2003 mat och 0
110-82-7;;67-56-1;;313.64;101.3;1;-1.0;0.2766;2003 mat och 0
110-82-7;;67-56-1;;312.67;101.3;1;-1.0;0.2645;2003 mat och 0
110-82-7;;67-56-1;;311.37;101.3;1;-1.0;0.2514;2003 mat och 0
110-82-7;;67-56-1;;311.6;101.3;1;-1.0;0.2477;2003 mat och 0
110-82-7;;67-56-1;;309.88;101.3;1;-1.0;0.2395;2003 mat och 0
110-82-7;;67-56-1;;308.41;101.3;1;-1.0;0.2288;2003 mat och 0
110-82-7;;67-56-1;;306.9;101.3;1;-1.0;0.2203;2003 mat och 0
110-82-7;;67-56-1;;305.65;101.3;1;-1.0;0.2113;2003 mat och 0
110-82-7;;67-56-1;;305.23;101.3;1;-1.0;0.2084;2003 mat och 0
110-82-7;;67-56-1;;303.48;101.3;1;-1.0;0.2013;2003 mat och 0
110-82-7;;67-56-1;;302.48;101.3;1;-1.0;0.1955;2003 mat och 0
110-82-7;;67-56-1;;301.81;101.3;1;-1.0;0.1909;2003 mat och 0
110-82-7;;67-56-1;;299.81;101.3;1;-1.0;0.1818;2003 mat och 0
110-82-7;;67-56-1;;296.98;101.3;1;-1.0;0.1707;2003 mat och 0
110-82-7;;67-56-1;;294.7;101.3;1;-1.0;0.1621;2003 mat och 0
110-82-7;;67-56-1;;291.21;101.3;1;-1.0;0.1506;2003 mat och 0
110-82-7;;67-56-1;;289.86;101.3;1;-1.0;0.1472;2003 mat och 0
110-82-7;;67-56-1;;286.95;101.3;1;-1.0;0.1392;2003 mat och 0
110-82-7;;67-56-1;;282.81;101.3;1;-1.0;0.1285;2003 mat och 0
110-82-7;;67-56-1;;280.45;101.3;1;-1.0;0.1226;2003 mat och 0
110-82-7;;67-56-1;;278.15;100.0;1;0.942;0.104;2008 ati ker 1
110-82-7;;67-56-1;;283.15;100.0;1;0.939;0.125;2008 ati ker 1
110-82-7;;67-56-1;;288.15;100.0;1;0.922;0.135;2008 ati ker 1
110-82-7;;67-56-1;;293.15;100.0;1;0.892;0.158;2008 ati ker 1
110-82-7;;67-56-1;;298.15;100.0;1;0.876;0.177;2008 ati ker 1
110-82-7;;67-56-1;;303.15;100.0;1;0.841;0.19;2008 ati ker 1
110-82-7;;67-56-1;;308.15;100.0;1;0.812;0.218;2008 ati ker 1
110-82-7;;67-56-1;;313.15;100.0;1;0.758;0.261;2008 ati ker 1
110-82-7;;67-56-1;;316.15;100.0;1;0.702;0.301;2008 ati ker 1
110-82-7;;67-56-1;;318.72;101.32;1;0.3635;-1.0;2014 ham bou 0
110-82-7;;67-56-1;;318.85;101.32;1;0.4142;-1.0;2014 ham bou 0
110-82-7;;67-56-1;;319.1;101.32;1;0.4473;-1.0;2014 ham bou 0
110-82-7;;67-56-1;;319.21;101.32;1;0.4705;-1.0;2014 ham bou 0
110-82-7;;67-56-1;;319.6;101.32;1;0.4825;-1.0;2014 ham bou 0
110-82-7;;67-56-1;;319.353;101.32;1;0.5007;-1.0;2014 ham bou 0
110-82-7;;67-56-1;;319.23;101.32;1;0.5073;-1.0;2014 ham bou 0
110-82-7;;67-56-1;;319.457;101.32;1;0.5201;-1.0;2014 ham bou 0
110-82-7;;67-56-1;;319.29;101.32;1;0.5332;-1.0;2014 ham bou 0
110-82-7;;67-56-1;;319.555;101.32;1;0.5466;-1.0;2014 ham bou 0
110-82-7;;67-56-1;;319.6;101.32;1;0.5604;-1.0;2014 ham bou 0
110-82-7;;67-56-1;;319.23;101.32;1;0.5745;-1.0;2014 ham bou 0
110-82-7;;67-56-1;;319.455;101.32;1;0.5889;-1.0;2014 ham bou 0
110-82-7;;67-56-1;;319.14;101.32;1;0.6037;-1.0;2014 ham bou 0
110-82-7;;67-56-1;;319.42;101.32;1;0.6188;-1.0;2014 ham bou 0
110-82-7;;67-56-1;;318.5;101.32;1;0.6502;-1.0;2014 ham bou 0
110-82-7;;67-56-1;;317.055;101.32;1;0.6833;-1.0;2014 ham bou 0
110-82-7;;67-56-1;;315.065;101.32;1;0.7363;-1.0;2014 ham bou 0
110-82-7;;67-56-1;;313.171;101.32;1;0.7741;-1.0;2014 ham bou 0
110-82-7;;67-56-1;;312.38;101.32;1;0.778;-1.0;2014 ham bou 0
110-82-7;;67-56-1;;310.275;101.32;1;0.7938;-1.0;2014 ham bou 0
110-82-7;;67-56-1;;309.166;101.32;1;0.8141;-1.0;2014 ham bou 0
110-82-7;;67-56-1;;307.339;101.32;1;0.8287;-1.0;2014 ham bou 0
110-82-7;;67-56-1;;304.575;101.32;1;0.835;-1.0;2014 ham bou 0
110-82-7;;67-56-1;;302.809;101.32;1;0.8565;-1.0;2014 ham bou 0
110-82-7;;67-56-1;;300.853;101.32;1;0.8705;0.186;2014 ham bou 0
110-82-7;;67-56-1;;298.355;101.32;1;0.8786;-1.0;2014 ham bou 0
110-82-7;;67-56-1;;297.15;101.32;1;0.8892;-1.0;2014 ham bou 0
110-82-7;;67-56-1;;287.975;101.32;1;-1.0;0.1403;2014 ham bou 0
110-82-7;;67-56-1;;296.985;101.32;1;-1.0;0.1701;2014 ham bou 0
110-82-7;;67-56-1;;298.429;101.32;1;-1.0;0.176;2014 ham bou 0
110-82-7;;67-56-1;;302.34;101.32;1;-1.0;0.194;2014 ham bou 0
110-82-7;;67-56-1;;304.475;101.32;1;-1.0;0.2025;2014 ham bou 0
110-82-7;;67-56-1;;307.355;101.32;1;-1.0;0.2196;2014 ham bou 0
110-82-7;;67-56-1;;310.577;101.32;1;-1.0;0.2376;2014 ham bou 0
110-82-7;;67-56-1;;312.455;101.32;1;-1.0;0.2562;2014 ham bou 0
110-82-7;;67-56-1;;314.763;101.32;1;-1.0;0.2758;2014 ham bou 0
110-82-7;;67-56-1;;316.25;101.32;1;-1.0;0.296;2014 ham bou 0
110-82-7;;67-56-1;;317.477;101.32;1;-1.0;0.3176;2014 ham bou 0
110-82-7;;67-56-1;;318.153;101.32;1;-1.0;0.34;2014 ham bou 0
110-82-7;;67-56-1;;288.141;101.32;1;-1.0;0.141296859648;1961 kis joh 0
110-82-7;;67-56-1;;293.138;101.32;1;-1.0;0.155946408636;1961 kis joh 0
110-82-7;;67-56-1;;298.136;101.32;1;-1.0;0.173920500881;1961 kis joh 0
110-82-7;;67-56-1;;303.134;101.32;1;-1.0;0.196726041267;1961 kis joh 0
110-82-7;;67-56-1;;308.132;101.32;1;-1.0;0.227142946836;1961 kis joh 0
110-82-7;;67-56-1;;313.13;101.32;1;-1.0;0.267235939011;1961 kis joh 0
110-82-7;;67-56-1;;318.278455;101.325;1;-1.0;0.47;1962 deb chu 0
110-82-7;;67-56-1;;318.278455;101.325;1;-1.0;0.47;1962 deb chu 0
110-82-7;;67-56-1;;318.1815421;101.325;1;-1.0;0.4821;1978 sch sor 0
110-82-7;;67-56-1;;318.1815421;101.325;1;-1.0;0.4821;1978 sch sor 0
110-82-7;;67-56-1;;318.18854;101.325;1;-1.0;0.482;1982 ede & 0
110-82-7;;67-56-1;;318.18854;101.325;1;-1.0;0.482;1982 ede & 0
110-82-7;;67-56-1;;318.2765136;101.325;1;-1.0;0.476;1986 sch wie 0
110-82-7;;67-56-1;;318.2765136;101.325;1;-1.0;0.476;1986 sch wie 0
110-82-7;;7732-18-5;water;516.36896;-1.0;1;0.796015072541;-1.0;1967 reb hay 0
110-82-7;;7732-18-5;water;403.11837;-1.0;1;0.964;-1.0;1971 ple pry 0
110-82-7;;7732-18-5;water;436.112385;-1.0;1;0.907;-1.0;1971 ple pry 0
110-82-7;;7732-18-5;water;461.110885;-1.0;1;0.87;-1.0;1971 ple pry 0
110-82-7;;7732-18-5;water;474.01;-1.0;1;0.846;-1.0;1971 ple pry 0
110-82-7;;7732-18-5;water;486.61;-1.0;1;0.807;-1.0;1971 ple pry 0
110-82-7;;7732-18-5;water;492.11;-1.0;1;0.784;-1.0;1971 ple pry 0
110-82-7;;7732-18-5;water;505.11;-1.0;1;0.735;-1.0;1971 ple pry 0
110-82-7;;7732-18-5;water;517.11;-1.0;1;0.678;-1.0;1971 ple pry 0
110-82-7;;7732-18-5;water;523.11;-1.0;1;0.65;-1.0;1971 ple pry 0
110-82-7;;7732-18-5;water;313.140055;-1.0;1;0.99887;-1.0;1983 tso wil 0
110-82-7;;7732-18-5;water;373.12437;-1.0;1;0.99488;-1.0;1983 tso wil 0
110-82-7;;7732-18-5;water;423.11437;-1.0;1;0.9796;-1.0;1983 tso wil 0
110-82-7;;7732-18-5;water;473.11;-1.0;1;0.9211;-1.0;1983 tso wil 0
110-82-7;;7732-18-5;water;313.140055;-1.0;1;0.999113;-1.0;1983 tso wil 0
110-82-7;;7732-18-5;water;373.12437;-1.0;1;0.99565;-1.0;1983 tso wil 0
110-82-7;;7732-18-5;water;423.11437;-1.0;1;0.976;-1.0;1983 tso wil 0
110-82-7;;7732-18-5;water;473.11;-1.0;1;0.9207;-1.0;1983 tso wil 0
110-82-7;;7732-18-5;water;313.140055;-1.0;1;0.999076;-1.0;1983 tso wil 0
110-82-7;;7732-18-5;water;313.140055;-1.0;1;-1.0;1.56e-05;1983 tso wil 0
110-82-7;;7732-18-5;water;373.12437;-1.0;1;-1.0;2.35e-05;1983 tso wil 0
110-82-7;;7732-18-5;water;423.11437;-1.0;1;-1.0;0.00013;1983 tso wil 0
110-82-7;;7732-18-5;water;473.11;-1.0;1;-1.0;0.000392;1983 tso wil 0
110-82-7;;7732-18-5;water;373.12437;-1.0;1;-1.0;3.79e-05;1983 tso wil 0
110-82-7;;7732-18-5;water;313.140055;-1.0;1;-1.0;1.99e-05;1983 tso wil 0
110-82-7;;7732-18-5;water;422.004592;-1.0;1;-1.0;0.000103;1983 tso wil 0
110-82-7;;7732-18-5;water;482.17;-1.0;1;-1.0;0.000493;1983 tso wil 0
110-82-7;;7732-18-5;water;287.1416;101.325;1;0.99977;-1.0;1932 tar pol 1
110-82-7;;7732-18-5;water;292.1386;101.325;1;0.99953;-1.0;1932 tar pol 1
110-82-7;;7732-18-5;water;301.6346;101.325;1;0.9993;-1.0;1932 tar pol 1
110-82-7;;7732-18-5;water;305.633;101.325;1;0.99907;-1.0;1932 tar pol 1
110-82-7;;7732-18-5;water;311.1308;101.325;1;0.99855;-1.0;1932 tar pol 1
110-82-7;;7732-18-5;water;326.1261;101.325;1;0.99767;-1.0;1932 tar pol 1
110-82-7;;7732-18-5;water;293.138;101.325;1;0.99959;-1.0;1941 ber & 1
110-82-7;;7732-18-5;water;323.127;101.325;1;0.9993;-1.0;1941 ber & 1
110-82-7;;7732-18-5;water;293.138;101.33;1;0.999530220796;-1.0;1948 bla jor 0
110-82-7;;7732-18-5;water;298.136;101.325;1;0.99945;2.2e-05;1952 don bar 0
110-82-7;;7732-18-5;water;283.144;101.32;1;0.999687068158;-1.0;1965 eng pla 0
110-82-7;;7732-18-5;water;293.138;101.32;1;0.999430298832;-1.0;1965 eng pla 0
110-82-7;;7732-18-5;water;303.134;101.32;1;0.999094321074;-1.0;1965 eng pla 0
110-82-7;;7732-18-5;water;313.13;101.32;1;0.998520769547;-1.0;1965 eng pla 0
110-82-7;;7732-18-5;water;323.127;101.32;1;0.997714942179;-1.0;1965 eng pla 0
110-82-7;;7732-18-5;water;293.138;101.325;1;0.99954;-1.0;1965 zel efr 0
110-82-7;;7732-18-5;water;298.136;101.325;1;0.99968;-1.0;1967 gre chr 0
110-82-7;;7732-18-5;water;366.455704;165.0;1;0.9898;-1.0;1968 bur bra 0
110-82-7;;7732-18-5;water;367.565482;172.0;1;0.9898;-1.0;1968 bur bra 0
110-82-7;;7732-18-5;water;389.231148;345.0;1;0.9789;-1.0;1968 bur bra 0
110-82-7;;7732-18-5;water;394.230148;407.0;1;0.9775;-1.0;1968 bur bra 0
110-82-7;;7732-18-5;water;413.11637;689.0;1;0.9628;-1.0;1968 bur bra 0
110-82-7;;7732-18-5;water;422.004592;876.0;1;0.9536;-1.0;1968 bur bra 0
110-82-7;;7732-18-5;water;283.148055;101.325;1;0.99984;-1.0;1974 gol & 0
110-82-7;;7732-18-5;water;288.146555;101.325;1;0.9998;-1.0;1974 gol & 0
110-82-7;;7732-18-5;water;293.14537;101.325;1;0.99972;-1.0;1974 gol & 0
110-82-7;;7732-18-5;water;298.14437;101.325;1;0.99967;-1.0;1974 gol & 0
110-82-7;;7732-18-5;water;303.143055;101.325;1;0.99955;-1.0;1974 gol & 0
110-82-7;;7732-18-5;water;308.141555;101.325;1;0.99947;-1.0;1974 gol & 0
110-82-7;;7732-18-5;water;313.140055;101.325;1;0.99939;-1.0;1974 gol & 0
110-82-7;;7732-18-5;water;293.14537;101.325;1;0.99953;1.5e-05;1976 bud les 10
110-82-7;;7732-18-5;water;293.14537;101.325;1;0.99953;1.5e-05;1976 bud les 11
110-82-7;;7732-18-5;water;303.25;101.0;1;0.99932;-1.0;2006 mar fer 0
110-82-7;;7732-18-5;water;323.05;101.0;1;0.9987;-1.0;2006 mar fer 0
110-82-7;;7732-18-5;water;342.95;101.0;1;0.99722;-1.0;2006 mar fer 0
110-82-7;;7732-18-5;water;373.35;101.0;1;0.99402;-1.0;2006 mar fer 0
110-82-7;;7732-18-5;water;393.85;101.0;1;0.9888;-1.0;2006 mar fer 0
110-82-7;;7732-18-5;water;423.35;101.0;1;0.9737;-1.0;2006 mar fer 0
110-82-7;;7732-18-5;water;446.15;101.0;1;0.9555;-1.0;2006 mar fer 0
110-82-7;;7732-18-5;water;397.9;590.0;1;-1.0;6.17e-05;2016 uus ion 0
110-82-7;;7732-18-5;water;295.0;100.0;1;0.999748;1.67e-05;2018 dan kro 0
110-82-7;;7732-18-5;water;289.1404;101.325;1;-1.0;1.3e-05;1948 dur & 0
110-82-7;;7732-18-5;water;298.136;101.325;1;-1.0;1.7e-05;1951 mcb lis 0
110-82-7;;7732-18-5;water;298.136;101.0;1;-1.0;1.17726923709e-05;1963 mca & 0
110-82-7;;7732-18-5;water;298.136;101.0;1;-1.0;1.17726923709e-05;1966 mca & 0
110-82-7;;7732-18-5;water;278.259254015;101.325;1;-1.0;1.837e-05;1972 pie lia 0
110-82-7;;7732-18-5;water;288.356492;101.325;1;-1.0;1.991e-05;1972 pie lia 0
110-82-7;;7732-18-5;water;298.254348;101.325;1;-1.0;1.998e-05;1972 pie lia 0
110-82-7;;7732-18-5;water;308.351492;101.325;1;-1.0;2.004e-05;1972 pie lia 0
110-82-7;;7732-18-5;water;318.348492;101.325;1;-1.0;2.068e-05;1972 pie lia 0
110-82-7;;7732-18-5;water;298.14437;101.325;1;-1.0;1.21e-05;1973 lei mac 0
110-82-7;;7732-18-5;water;298.14437;101.325;1;-1.0;1.23e-05;1975 mac shi 0
110-82-7;;7732-18-5;water;298.19436;101.325;1;-1.0;1.2e-05;1975 mac shi 1
110-82-7;;7732-18-5;water;298.14437;101.325;1;-1.0;1.42351669079e-05;1976 pri & 0
110-82-7;;7732-18-5;water;293.14537;101.325;1;-1.0;2.1e-05;1977 kor are 0
110-82-7;;7732-18-5;water;298.14437;101.325;1;-1.0;2.57632501809e-05;1978 kor are 0
110-82-7;;7732-18-5;water;298.19436;101.325;1;-1.0;1.2e-05;1979 rud lut 1
110-82-7;;7732-18-5;water;283.148055;101.0;1;-1.0;9.20452437706e-06;1987 how mul 0
110-82-7;;7732-18-5;water;293.14537;101.0;1;-1.0;1.0060790833e-05;1987 how mul 0
110-82-7;;7732-18-5;water;303.143055;101.0;1;-1.0;1.04889260799e-05;1987 how mul 0
110-82-7;;7732-18-5;water;298.14437;101.0;1;-1.0;1.13300610216e-05;1987 san miy 0
110-82-7;;7732-18-5;water;298.14437;101.325;1;-1.0;1.2539015394e-05;1988 gro & 0
110-82-7;;7732-18-5;water;298.1;501.0;1;-1.0;1.25e-05;2009 per awa 0
110-82-7;;7732-18-5;water;313.15;502.0;1;-1.0;1.34e-05;2009 per awa 0
110-82-7;;7732-18-5;water;333.14;500.0;1;-1.0;1.68e-05;2009 per awa 0
110-82-7;;7732-18-5;water;353.16;502.0;1;-1.0;2.43e-05;2009 per awa 0
110-82-7;;872-50-4;;278.025;101.32;1;0.895;0.308;2003 an mao 0
110-82-7;;872-50-4;;279.196;101.32;1;0.886;0.318;2003 an mao 0
110-82-7;;872-50-4;;280.246;101.32;1;0.879;0.33;2003 an mao 0
110-82-7;;872-50-4;;281.102;101.32;1;0.872;0.338;2003 an mao 0
110-82-7;;872-50-4;;281.993;101.32;1;0.864;0.349;2003 an mao 0
110-82-7;;872-50-4;;282.688;101.32;1;0.851;0.357;2003 an mao 0
110-82-7;;872-50-4;;283.165;101.32;1;0.847;0.364;2003 an mao 0
110-82-7;;872-50-4;;283.651;101.32;1;0.842;0.372;2003 an mao 0
110-82-7;;872-50-4;;284.149;101.32;1;0.835;0.38;2003 an mao 0
110-82-7;;872-50-4;;284.656;101.32;1;0.828;0.388;2003 an mao 0
110-82-7;;872-50-4;;285.176;101.32;1;0.821;0.398;2003 an mao 0
110-82-7;;872-50-4;;285.709;101.32;1;0.81;0.406;2003 an mao 0
110-82-7;;872-50-4;;286.251;101.32;1;0.806;0.42;2003 an mao 0
110-82-7;;872-50-4;;286.807;101.32;1;0.79;0.432;2003 an mao 0
110-82-7;;872-50-4;;287.377;101.32;1;0.777;0.451;2003 an mao 0
110-82-7;;872-50-4;;287.729;101.32;1;0.767;0.46;2003 an mao 0
110-82-7;;872-50-4;;288.005;101.32;1;0.755;0.473;2003 an mao 0
110-82-7;;872-50-4;;288.127;101.32;1;0.751;0.476;2003 an mao 0
110-82-7;;872-50-4;;288.246;101.32;1;0.744;0.482;2003 an mao 0
110-82-7;;872-50-4;;288.368;101.32;1;0.74;0.488;2003 an mao 0
110-82-7;;872-50-4;;288.492;101.32;1;0.728;0.495;2003 an mao 0
110-82-7;;872-50-4;;288.615;101.32;1;0.724;0.501;2003 an mao 0
110-82-7;;872-50-4;;288.71;101.32;1;0.717;0.509;2003 an mao 0
110-82-7;;872-50-4;;288.806;101.32;1;0.711;0.517;2003 an mao 0
110-82-7;;872-50-4;;288.869;101.32;1;0.703;0.523;2003 an mao 0
110-82-7;;872-50-4;;288.932;101.32;1;0.697;0.53;2003 an mao 0
110-82-7;;872-50-4;;288.981;101.32;1;0.688;0.536;2003 an mao 0
110-82-7;;872-50-4;;289.02;101.32;1;0.68;0.543;2003 an mao 0
110-82-7;;872-50-4;;289.039;101.32;1;0.678;0.547;2003 an mao 0
110-82-7;;872-50-4;;289.057;101.32;1;0.675;0.552;2003 an mao 0
110-82-7;;872-50-4;;289.074;101.32;1;0.67;0.554;2003 an mao 0
110-82-7;;872-50-4;;289.085;101.32;1;0.67;0.556;2003 an mao 0
110-82-7;;872-50-4;;289.101;101.32;1;0.664;0.565;2003 an mao 0
110-82-7;;872-50-4;;289.109;101.32;1;0.662;-1.0;2003 an mao 0
110-82-7;;872-50-4;;289.119;101.32;1;0.659;0.574;2003 an mao 0
110-82-7;;872-50-4;;289.129;101.32;1;0.654;-1.0;2003 an mao 0
110-82-7;;872-50-4;;280.79;101.0;1;0.8784;-1.0;2008 alc apa 0
110-82-7;;872-50-4;;283.93;101.0;1;0.8661;-1.0;2008 alc apa 0
110-82-7;;872-50-4;;286.33;101.0;1;0.8489;-1.0;2008 alc apa 0
110-82-7;;872-50-4;;287.3;101.0;1;0.8328;-1.0;2008 alc apa 0
110-82-7;;872-50-4;;288.52;101.0;1;0.8182;-1.0;2008 alc apa 0
110-82-7;;872-50-4;;289.12;101.0;1;0.789;-1.0;2008 alc apa 0
110-82-7;;872-50-4;;289.26;101.0;1;0.7156;-1.0;2008 alc apa 0
110-82-7;;872-50-4;;289.36;101.0;1;0.673;-1.0;2008 alc apa 0
110-82-7;;872-50-4;;289.32;101.0;1;-1.0;0.6158;2008 alc apa 0
110-82-7;;872-50-4;;289.1;101.0;1;-1.0;0.5601;2008 alc apa 0
110-82-7;;872-50-4;;288.59;101.0;1;-1.0;0.5023;2008 alc apa 0
110-82-7;;872-50-4;;287.73;101.0;1;-1.0;0.4464;2008 alc apa 0
110-82-7;;872-50-4;;286.38;101.0;1;-1.0;0.4185;2008 alc apa 0
110-82-7;;872-50-4;;284.81;101.0;1;-1.0;0.3903;2008 alc apa 0
110-82-7;;872-50-4;;283.21;101.0;1;-1.0;0.3648;2008 alc apa 0
110-82-7;;872-50-4;;281.51;101.0;1;-1.0;0.3375;2008 alc apa 0
110-82-7;;75-05-8;;312.9901;101.325;1;0.9213;0.1039;1980 nag kat 0
110-82-7;;75-05-8;;322.9871;101.325;1;0.8816;0.1278;1980 nag kat 0
110-82-7;;75-05-8;;313.140055;101.0;1;0.9213;0.1039;1981 nag kat 0
110-82-7;;75-05-8;;318.138555;101.0;1;0.9065;0.1117;1981 nag kat 0
110-82-7;;75-05-8;;318.138555;101.0;1;0.9065;0.1117;1981 nag nak 0
110-82-7;;75-05-8;;313.140055;101.0;1;0.9213;0.1039;1981 nag nak 0
110-82-7;;75-05-8;;298.14437;101.0;1;0.956;0.0601;1983 nag oht 0
110-82-7;;75-05-8;;318.138555;101.0;1;0.9065;0.1117;1983 nag oht 0
110-82-7;;75-05-8;;278.449226277;101.325;1;0.979712222204;-1.0;1983 van guh 0
110-82-7;;75-05-8;;291.24575;101.325;1;0.969129721065;-1.0;1983 van guh 0
110-82-7;;75-05-8;;298.484302;101.325;1;0.959841756614;-1.0;1983 van guh 0
110-82-7;;75-05-8;;306.931918;101.325;1;0.940183200651;-1.0;1983 van guh 0
110-82-7;;75-05-8;;307.49175;101.325;1;0.94095406695;-1.0;1983 van guh 0
110-82-7;;75-05-8;;324.9505108;101.325;1;0.88773925775;-1.0;1983 van guh 0
110-82-7;;75-05-8;;329.3771824;101.325;1;0.866320495078;-1.0;1983 van guh 0
110-82-7;;75-05-8;;334.78404;101.325;1;0.831253181153;-1.0;1983 van guh 0
110-82-7;;75-05-8;;336.4357096;101.325;1;0.81548157361;-1.0;1983 van guh 0
110-82-7;;75-05-8;;339.9670032;101.325;1;0.7811974122;-1.0;1983 van guh 0
110-82-7;;75-05-8;;341.68249;101.325;1;0.766930637919;-1.0;1983 van guh 0
110-82-7;;75-05-8;;344.38168;101.325;1;0.734333487306;-1.0;1983 van guh 0
110-82-7;;75-05-8;;345.901224;101.325;1;0.712137014417;-1.0;1983 van guh 0
110-82-7;;75-05-8;;347.3337941;101.325;1;0.675272638881;-1.0;1983 van guh 0
110-82-7;;75-05-8;;348.1585466;101.325;1;0.647266618755;-1.0;1983 van guh 0
110-82-7;;75-05-8;;349.1362532;101.325;1;0.604147347668;-1.0;1983 van guh 0
110-82-7;;75-05-8;;349.1492493;101.325;1;0.603756542869;-1.0;1983 van guh 0
110-82-7;;75-05-8;;349.150249;101.325;1;0.600118472978;-1.0;1983 van guh 0
110-82-7;;75-05-8;;349.2582166;101.325;1;0.588156029268;-1.0;1983 van guh 0
110-82-7;;75-05-8;;349.4981446;101.325;1;0.563044703897;-1.0;1983 van guh 0
110-82-7;;75-05-8;;349.520138;101.325;1;0.558979810211;-1.0;1983 van guh 0
110-82-7;;75-05-8;;349.560126;101.325;1;0.55628197499;-1.0;1983 van guh 0
110-82-7;;75-05-8;;349.6321044;101.325;1;0.547035836618;0.403476651732;1983 van guh 0
110-82-7;;75-05-8;;349.7040828;101.325;1;0.534327580397;0.416049541995;1983 van guh 0
110-82-7;;75-05-8;;349.710081;101.325;1;0.531953915566;0.420089844563;1983 van guh 0
110-82-7;;75-05-8;;349.710081;101.325;1;0.528289677913;-1.0;1983 van guh 0
110-82-7;;75-05-8;;349.7120804;101.325;1;0.530178635316;-1.0;1983 van guh 0
110-82-7;;75-05-8;;349.7140798;101.325;1;0.532072418771;-1.0;1983 van guh 0
110-82-7;;75-05-8;;349.7160792;101.325;1;0.529942252095;-1.0;1983 van guh 0
110-82-7;;75-05-8;;349.720078;101.325;1;0.527818190472;-1.0;1983 van guh 0
110-82-7;;75-05-8;;349.7210777;101.325;1;0.526876115871;-1.0;1983 van guh 0
110-82-7;;75-05-8;;349.7210777;101.325;1;0.52734700322;-1.0;1983 van guh 0
110-82-7;;75-05-8;;349.7340738;101.325;1;0.521015211994;0.429165686735;1983 van guh 0
110-82-7;;75-05-8;;349.7360732;101.325;1;0.522417589126;-1.0;1983 van guh 0
110-82-7;;75-05-8;;349.7430711;101.325;1;0.517172391546;-1.0;1983 van guh 0
110-82-7;;75-05-8;;349.750069;101.325;1;0.511503224254;0.441281079622;1983 van guh 0
110-82-7;;75-05-8;;349.7540678;101.325;1;0.507365917292;0.448948504502;1983 van guh 0
110-82-7;;75-05-8;;349.7580666;101.325;1;0.504963270855;0.46227544703;1983 van guh 0
110-82-7;;75-05-8;;349.7630651;101.325;1;0.498481495423;0.469414847662;1983 van guh 0
110-82-7;;75-05-8;;349.7650645;101.325;1;0.494192250666;-1.0;1983 van guh 0
110-82-7;;75-05-8;;349.7660642;101.325;1;0.492393831035;-1.0;1983 van guh 0
110-82-7;;75-05-8;;349.7670639;101.325;1;0.48847533638;-1.0;1983 van guh 0
110-82-7;;75-05-8;;349.7680636;101.325;1;0.483801110271;-1.0;1983 van guh 0
110-82-7;;75-05-8;;349.7690633;101.325;1;0.479487832288;-1.0;1983 van guh 0
110-82-7;;75-05-8;;349.7690633;101.325;1;0.473448852736;-1.0;1983 van guh 0
110-82-7;;75-05-8;;276.499510949;101.325;1;-1.0;0.050978627594;1983 van guh 0
110-82-7;;75-05-8;;283.248025;101.325;1;-1.0;0.0563126272454;1983 van guh 0
110-82-7;;75-05-8;;298.74425;101.325;1;-1.0;0.0794863268462;1983 van guh 0
110-82-7;;75-05-8;;313.739875;101.325;1;-1.0;0.0980818501216;1983 van guh 0
110-82-7;;75-05-8;;322.237325;101.325;1;-1.0;0.133794187898;1983 van guh 0
110-82-7;;75-05-8;;329.8710342;101.325;1;-1.0;0.154615997762;1983 van guh 0
110-82-7;;75-05-8;;331.619673;101.325;1;-1.0;0.161913194025;1983 van guh 0
110-82-7;;75-05-8;;334.2661436;101.325;1;-1.0;0.177074429478;1983 van guh 0
110-82-7;;75-05-8;;334.4900988;101.325;1;-1.0;0.179618535058;1983 van guh 0
110-82-7;;75-05-8;;338.7612444;101.325;1;-1.0;0.202109351042;1983 van guh 0
110-82-7;;75-05-8;;341.2636157;101.325;1;-1.0;0.221793028513;1983 van guh 0
110-82-7;;75-05-8;;342.1003646;101.325;1;-1.0;0.228879369382;1983 van guh 0
110-82-7;;75-05-8;;342.3702836;101.325;1;-1.0;0.231813326613;1983 van guh 0
110-82-7;;75-05-8;;342.6442014;101.325;1;-1.0;0.238945178357;1983 van guh 0
110-82-7;;75-05-8;;343.2040334;101.325;1;-1.0;0.242389858109;1983 van guh 0
110-82-7;;75-05-8;;343.2290259;101.325;1;-1.0;0.241316047075;1983 van guh 0
110-82-7;;75-05-8;;344.4066725;101.325;1;-1.0;0.256134439162;1983 van guh 0
110-82-7;;75-05-8;;345.9492096;101.325;1;-1.0;0.279513705071;1983 van guh 0
110-82-7;;75-05-8;;346.5590266;101.325;1;-1.0;0.290714268719;1983 van guh 0
110-82-7;;75-05-8;;346.8769312;101.325;1;-1.0;0.293880337907;1983 van guh 0
110-82-7;;75-05-8;;347.2018337;101.325;1;-1.0;0.298575632379;1983 van guh 0
110-82-7;;75-05-8;;347.5857185;101.325;1;-1.0;0.309184913511;1983 van guh 0
110-82-7;;75-05-8;;348.2945058;101.325;1;-1.0;0.325396710059;1983 van guh 0
110-82-7;;75-05-8;;348.6164092;101.325;1;-1.0;0.336199890848;1983 van guh 0
110-82-7;;75-05-8;;349.020288;101.325;1;-1.0;0.353668323421;1983 van guh 0
110-82-7;;75-05-8;;349.1622454;101.325;1;-1.0;0.359103335296;1983 van guh 0
110-82-7;;75-05-8;;349.3181986;101.325;1;-1.0;0.369170263373;1983 van guh 0
110-82-7;;75-05-8;;349.3821794;101.325;1;-1.0;0.373978010821;1983 van guh 0
110-82-7;;75-05-8;;349.5321344;101.325;1;-1.0;0.384083351785;1983 van guh 0
110-82-7;;75-05-8;;349.6520984;101.325;1;-1.0;0.407442940653;1983 van guh 0
110-82-7;;75-05-8;;349.6760912;101.325;1;-1.0;0.410932528836;1983 van guh 0
110-82-7;;75-05-8;;298.14437;101.0;1;0.956;0.0601;1986 nag & 2
110-82-7;;75-05-8;;318.138555;101.0;1;0.9065;0.1117;1986 nag & 2
110-82-7;;75-05-8;;297.9944;101.325;1;0.956;0.0601;1986 nag & 5
110-82-7;;75-05-8;;298.14437;101.0;1;0.956;0.0601;1987 nag & 1
110-82-7;;75-05-8;;297.9944;101.0;1;0.956;0.0601;1987 nag & 3
110-82-7;;75-05-8;;293.14537;101.0;1;0.952007545402;0.0535841313805;1987 rak bor 0
110-82-7;;75-05-8;;303.143055;101.0;1;0.919416062444;0.0861716619929;1987 rak bor 0
110-82-7;;75-05-8;;313.140055;101.0;1;0.904461822739;0.13221031003;1987 rak bor 0
110-82-7;;75-05-8;;297.9944;101.3;1;0.956;0.0601;1988 nag & 1
110-82-7;;75-05-8;;295.104978;101.0;1;0.9604;-1.0;1989 van koh 0
110-82-7;;75-05-8;;303.332998;101.0;1;0.945;-1.0;1989 van koh 0
110-82-7;;75-05-8;;313.310004;101.0;1;0.924;-1.0;1989 van koh 0
110-82-7;;75-05-8;;322.497247;101.0;1;0.89;-1.0;1989 van koh 0
110-82-7;;75-05-8;;330.4849;101.0;1;0.845;-1.0;1989 van koh 0
110-82-7;;75-05-8;;331.824632;101.0;1;0.837;-1.0;1989 van koh 0
110-82-7;;75-05-8;;329.105264;101.0;1;-1.0;0.155;1989 van koh 0
110-82-7;;75-05-8;;323.147052;101.0;1;-1.0;0.133;1989 van koh 0
110-82-7;;75-05-8;;317.358789;101.0;1;-1.0;0.109;1989 van koh 0
110-82-7;;75-05-8;;310.220931;101.0;1;-1.0;0.097;1989 van koh 0
110-82-7;;75-05-8;;310.130958;101.0;1;-1.0;0.095;1989 van koh 0
110-82-7;;75-05-8;;305.832248;101.0;1;-1.0;0.088;1989 van koh 0
110-82-7;;75-05-8;;300.483853;101.0;1;-1.0;0.08;1989 van koh 0
110-82-7;;75-05-8;;298.404318;101.0;1;-1.0;0.074;1989 van koh 0
110-82-7;;75-05-8;;295.204958;101.0;1;-1.0;0.072;1989 van koh 0
110-82-7;;75-05-8;;293.79524;101.0;1;-1.0;0.069;1989 van koh 0
110-82-7;;75-05-8;;341.12;101.3;1;0.7717;-1.0;1998 eus ram 0
110-82-7;;75-05-8;;347.14;101.3;1;0.6496;-1.0;1998 eus ram 0
110-82-7;;75-05-8;;347.98;101.3;1;0.6229;-1.0;1998 eus ram 0
110-82-7;;75-05-8;;348.45;101.3;1;0.5684;-1.0;1998 eus ram 0
110-82-7;;75-05-8;;348.8;101.3;1;0.5189;-1.0;1998 eus ram 0
110-82-7;;75-05-8;;348.62;101.3;1;0.4881;-1.0;1998 eus ram 0
110-82-7;;75-05-8;;348.68;101.3;1;-1.0;0.4316;1998 eus ram 0
110-82-7;;75-05-8;;348.34;101.3;1;-1.0;0.3916;1998 eus ram 0
110-82-7;;75-05-8;;348.07;101.3;1;-1.0;0.348;1998 eus ram 0
110-82-7;;75-05-8;;345.85;101.3;1;-1.0;0.2949;1998 eus ram 0
110-82-7;;75-05-8;;333.03;101.3;1;-1.0;0.1729;1998 eus ram 0
110-82-7;;75-05-8;;294.15;100.8;1;0.9535;0.084;2020 rac cri 0
111-27-3;;7732-18-5;water;273.15;-1.0;1;0.7911;-1.0;1952 eri & 1
111-27-3;;7732-18-5;water;283.144;-1.0;1;0.772;-1.0;1952 eri & 1
111-27-3;;7732-18-5;water;293.138;-1.0;1;0.7524;-1.0;1952 eri & 1
111-27-3;;7732-18-5;water;303.134;-1.0;1;0.7326;-1.0;1952 eri & 1
111-27-3;;7732-18-5;water;313.13;-1.0;1;0.7106;-1.0;1952 eri & 1
111-27-3;;7732-18-5;water;323.127;-1.0;1;0.6898;-1.0;1952 eri & 1
111-27-3;;7732-18-5;water;333.124;-1.0;1;0.6688;-1.0;1952 eri & 1
111-27-3;;7732-18-5;water;343.124;-1.0;1;0.6464;-1.0;1952 eri & 1
111-27-3;;7732-18-5;water;353.123;-1.0;1;0.6228;-1.0;1952 eri & 1
111-27-3;;7732-18-5;water;363.123;-1.0;1;0.6018;-1.0;1952 eri & 1
111-27-3;;7732-18-5;water;373.124;-1.0;1;0.5806;-1.0;1952 eri & 1
111-27-3;;7732-18-5;water;383.126;-1.0;1;0.5582;-1.0;1952 eri & 1
111-27-3;;7732-18-5;water;393.127;-1.0;1;0.5348;-1.0;1952 eri & 1
111-27-3;;7732-18-5;water;403.13;-1.0;1;0.5098;-1.0;1952 eri & 1
111-27-3;;7732-18-5;water;413.132;-1.0;1;0.4836;-1.0;1952 eri & 1
111-27-3;;7732-18-5;water;423.134;-1.0;1;0.454;-1.0;1952 eri & 1
111-27-3;;7732-18-5;water;433.138;-1.0;1;0.4237;-1.0;1952 eri & 1
111-27-3;;7732-18-5;water;443.141;-1.0;1;0.3917;-1.0;1952 eri & 1
111-27-3;;7732-18-5;water;453.145;-1.0;1;0.3534;-1.0;1952 eri & 1
111-27-3;;7732-18-5;water;463.149;-1.0;1;0.3099;-1.0;1952 eri & 1
111-27-3;;7732-18-5;water;473.153;-1.0;1;0.2602;-1.0;1952 eri & 1
111-27-3;;7732-18-5;water;483.157;-1.0;1;0.2008;-1.0;1952 eri & 1
111-27-3;;7732-18-5;water;493.161;-1.0;1;0.1245;-1.0;1952 eri & 1
111-27-3;;7732-18-5;water;273.15;-1.0;1;-1.0;0.0014;1952 eri & 1
111-27-3;;7732-18-5;water;283.144;-1.0;1;-1.0;0.0012;1952 eri & 1
111-27-3;;7732-18-5;water;293.138;-1.0;1;-1.0;0.0011;1952 eri & 1
111-27-3;;7732-18-5;water;303.134;-1.0;1;-1.0;0.001;1952 eri & 1
111-27-3;;7732-18-5;water;313.13;-1.0;1;-1.0;0.001;1952 eri & 1
111-27-3;;7732-18-5;water;323.127;-1.0;1;-1.0;0.0009;1952 eri & 1
111-27-3;;7732-18-5;water;333.124;-1.0;1;-1.0;0.0009;1952 eri & 1
111-27-3;;7732-18-5;water;343.124;-1.0;1;-1.0;0.001;1952 eri & 1
111-27-3;;7732-18-5;water;353.123;-1.0;1;-1.0;0.0011;1952 eri & 1
111-27-3;;7732-18-5;water;363.123;-1.0;1;-1.0;0.0012;1952 eri & 1
111-27-3;;7732-18-5;water;373.124;-1.0;1;-1.0;0.0014;1952 eri & 1
111-27-3;;7732-18-5;water;383.126;-1.0;1;-1.0;0.0016;1952 eri & 1
111-27-3;;7732-18-5;water;393.127;-1.0;1;-1.0;0.0019;1952 eri & 1
111-27-3;;7732-18-5;water;403.13;-1.0;1;-1.0;0.0021;1952 eri & 1
111-27-3;;7732-18-5;water;413.132;-1.0;1;-1.0;0.0024;1952 eri & 1
111-27-3;;7732-18-5;water;423.134;-1.0;1;-1.0;0.0027;1952 eri & 1
111-27-3;;7732-18-5;water;433.138;-1.0;1;-1.0;0.0037;1952 eri & 1
111-27-3;;7732-18-5;water;443.141;-1.0;1;-1.0;0.005;1952 eri & 1
111-27-3;;7732-18-5;water;453.145;-1.0;1;-1.0;0.0066;1952 eri & 1
111-27-3;;7732-18-5;water;463.149;-1.0;1;-1.0;0.009;1952 eri & 1
111-27-3;;7732-18-5;water;473.153;-1.0;1;-1.0;0.0128;1952 eri & 1
111-27-3;;7732-18-5;water;483.157;-1.0;1;-1.0;0.0189;1952 eri & 1
111-27-3;;7732-18-5;water;493.161;-1.0;1;-1.0;0.0342;1952 eri & 1
111-27-3;;7732-18-5;water;293.138;101.325;1;0.74;0.0009;1948 lad smi 0
111-27-3;;7732-18-5;water;298.136;101.32;1;0.712;-1.0;1952 don bar 0
111-27-3;;7732-18-5;water;298.136;101.325;1;0.69;0.0011;1954 cri hix 0
111-27-3;;7732-18-5;water;303.134;101.325;1;0.71;0.0007;1958 ven rao 0
111-27-3;;7732-18-5;water;298.136;101.325;1;0.67;0.0009;1960 aba pop 0
111-27-3;;7732-18-5;water;303.134;101.0;1;0.700816185163;0.00115219483486;1962 cha rao 0
111-27-3;;7732-18-5;water;298.136;101.0;1;0.694419660436;0.000353205250895;1963 aba mih 0
111-27-3;;7732-18-5;water;285.147455;101.325;1;0.697;-1.0;1970 kra gar 0
111-27-3;;7732-18-5;water;298.14437;101.325;1;0.696;-1.0;1970 kra gar 0
111-27-3;;7732-18-5;water;313.140055;101.325;1;0.691;-1.0;1970 kra gar 0
111-27-3;;7732-18-5;water;313.140055;101.325;1;0.701;0.0008;1976 lav les 0
111-27-3;;7732-18-5;water;333.13437;101.325;1;0.638;0.0009;1976 lav les 0
111-27-3;;7732-18-5;water;293.09538;101.325;1;0.707;-1.0;1976 saz mar 0
111-27-3;;7732-18-5;water;294.09518;101.325;1;0.724;0.001;1976 saz mar 0
111-27-3;;7732-18-5;water;303.09307;101.325;1;0.701;0.001;1976 saz mar 0
111-27-3;;7732-18-5;water;313.09007;101.325;1;0.698;0.001;1976 saz mar 0
111-27-3;;7732-18-5;water;294.14517;101.0;1;0.724;-1.0;1977 fil mar 0
111-27-3;;7732-18-5;water;296.14477;101.0;1;0.717;-1.0;1977 fil mar 0
111-27-3;;7732-18-5;water;313.140055;101.0;1;0.695;-1.0;1977 fil mar 0
111-27-3;;7732-18-5;water;288.146555;101.325;1;0.697;-1.0;1980 tok man 0
111-27-3;;7732-18-5;water;293.14537;101.325;1;0.691;-1.0;1980 tok man 0
111-27-3;;7732-18-5;water;298.14437;101.325;1;0.689;-1.0;1980 tok man 0
111-27-3;;7732-18-5;water;303.143055;101.325;1;0.687;-1.0;1980 tok man 0
111-27-3;;7732-18-5;water;308.141555;101.325;1;0.683;-1.0;1980 tok man 0
111-27-3;;7732-18-5;water;298.19436;101.0;1;0.693767712583;-1.0;1984 bac hoe 0
111-27-3;;7732-18-5;water;353.129055;101.0;1;0.625;0.0012;1984 leb kus 0
111-27-3;;7732-18-5;water;333.13437;101.0;1;0.6436;0.00114;1984 leb kus 0
111-27-3;;7732-18-5;water;313.140055;101.0;1;0.6615;0.00101;1984 leb kus 0
111-27-3;;7732-18-5;water;293.14537;101.0;1;0.6671;0.00085;1984 leb kus 0
111-27-3;;7732-18-5;water;283.148055;101.0;1;0.6681;0.00094;1984 leb kus 0
111-27-3;;7732-18-5;water;278.149270073;101.0;1;0.6633;0.00101;1984 leb kus 0
111-27-3;;7732-18-5;water;273.15;101.32;1;0.717208638681;0.00171324853617;1984 ste stu 0
111-27-3;;7732-18-5;water;283.347995;101.32;1;0.710581666734;0.00134662458039;1984 ste stu 0
111-27-3;;7732-18-5;water;293.14537;101.32;1;0.706650563175;0.00118071299778;1984 ste stu 0
111-27-3;;7732-18-5;water;302.843145;101.32;1;0.703076301742;0.000988361944963;1984 ste stu 0
111-27-3;;7732-18-5;water;312.940115;101.32;1;0.687798873931;0.000910095232151;1984 ste stu 0
111-27-3;;7732-18-5;water;323.137055;101.32;1;0.682509455951;0.000879871076627;1984 ste stu 0
111-27-3;;7732-18-5;water;333.13437;101.32;1;0.666410017638;0.000917208033548;1984 ste stu 0
111-27-3;;7732-18-5;water;343.431965;101.32;1;0.649441578826;0.00102217655639;1984 ste stu 0
111-27-3;;7732-18-5;water;353.428965;101.32;1;0.635329977321;0.00110765033148;1984 ste stu 0
111-27-3;;7732-18-5;water;363.42631;101.32;1;0.625723188081;0.00113081117164;1984 ste stu 0
111-27-3;;7732-18-5;water;298.14437;101.325;1;0.683438369475;0.00163445336573;1988 mar gal 1
111-27-3;;7732-18-5;water;308.0;101.3;1;0.6344;0.0009;1997 fah alm 0
111-27-3;;7732-18-5;water;318.0;101.3;1;0.6625;0.0009;1997 fah alm 0
111-27-3;;7732-18-5;water;283.15;101.3;1;0.7205;0.0013;2003 lin hon 0
111-27-3;;7732-18-5;water;308.15;101.3;1;0.6948;0.0011;2003 lin hon 0
111-27-3;;7732-18-5;water;323.15;101.3;1;0.6825;0.0009;2003 lin hon 0
111-27-3;;7732-18-5;water;298.2;101.0;1;0.662490976326;-1.0;2004 seg klo 0
111-27-3;;7732-18-5;water;288.15;101.3;1;0.672;0.0026;2005 ash & 0
111-27-3;;7732-18-5;water;298.15;101.3;1;0.6763;0.0012;2005 ash & 0
111-27-3;;7732-18-5;water;308.15;101.3;1;0.6039;0.0023;2005 ash & 0
111-27-3;;7732-18-5;water;283.38;101.325;1;0.7059;0.0013;2005 sch has 0
111-27-3;;7732-18-5;water;293.35;101.325;1;0.6984;0.0011;2005 sch has 0
111-27-3;;7732-18-5;water;298.36;101.325;1;0.6961;0.0011;2005 sch has 0
111-27-3;;7732-18-5;water;313.26;101.325;1;0.6792;0.001;2005 sch has 0
111-27-3;;7732-18-5;water;333.02;101.325;1;0.6576;0.0011;2005 sch has 0
111-27-3;;7732-18-5;water;353.15;101.325;1;0.6231;0.0012;2005 sch has 0
111-27-3;;7732-18-5;water;283.15;101.325;1;0.7191;0.001;2008 che che 0
111-27-3;;7732-18-5;water;323.15;101.325;1;0.6732;0.0007;2008 che che 0
111-27-3;;7732-18-5;water;298.2;100.0;1;0.69792663739;0.00108093247972;2014 das azn 0
111-27-3;;7732-18-5;water;313.2;100.0;1;0.693467888344;0.000956336856647;2014 das azn 0
111-27-3;;7732-18-5;water;298.15;100.0;1;0.671812515433;0.000974127394657;2019 cav fol 0
111-27-3;;7732-18-5;water;303.15;101.3;1;0.6953;0.001;2020 zha yu 0
111-27-3;;7732-18-5;water;313.15;101.3;1;0.6858;0.001;2020 zha yu 0
111-27-3;;7732-18-5;water;323.15;101.3;1;0.6748;0.0009;2020 zha yu 0
111-27-3;;7732-18-5;water;298.3;101.0;1;0.717876564228;0.00102751667773;2021 mik kan 0
111-27-3;;7732-18-5;water;298.3;101.0;1;0.716541669871;-1.0;2021 mik kan 0
111-27-3;;7732-18-5;water;322.0;101.0;1;0.72257900549;0.00108093247972;2021 mik kan 0
111-27-3;;7732-18-5;water;321.7;101.0;1;0.732127708495;0.000991920877019;2021 mik kan 0
111-27-3;;7732-18-5;water;273.15;101.0;1;-1.0;0.0013841238924;1924 fuh & 0
111-27-3;;7732-18-5;water;283.144;101.0;1;-1.0;0.00118784371953;1924 fuh & 0
111-27-3;;7732-18-5;water;293.138;101.0;1;-1.0;0.00104531899753;1924 fuh & 0
111-27-3;;7732-18-5;water;303.134;101.0;1;-1.0;0.000965231757654;1924 fuh & 0
111-27-3;;7732-18-5;water;313.13;101.0;1;-1.0;0.000920764610765;1924 fuh & 0
111-27-3;;7732-18-5;water;323.127;101.0;1;-1.0;0.000911873388373;1924 fuh & 0
111-27-3;;7732-18-5;water;333.124;101.0;1;-1.0;0.00093854926226;1924 fuh & 0
111-27-3;;7732-18-5;water;343.124;101.0;1;-1.0;0.00100081872256;1924 fuh & 0
111-27-3;;7732-18-5;water;353.123;101.0;1;-1.0;0.00109874364356;1924 fuh & 0
111-27-3;;7732-18-5;water;363.123;101.0;1;-1.0;0.00120567259122;1924 fuh & 0
111-27-3;;7732-18-5;water;373.124;101.0;1;-1.0;0.00139305422456;1924 fuh & 0
111-27-3;;7732-18-5;water;383.126;101.0;1;-1.0;0.00158076237406;1924 fuh & 0
111-27-3;;7732-18-5;water;298.136;101.0;1;-1.0;0.0011058689349;1933 but tho 0
111-27-3;;7732-18-5;water;293.138;101.0;1;-1.0;0.00111655775687;1935 doo & 0
111-27-3;;7732-18-5;water;293.138;101.325;1;-1.0;0.00125;1945 add & 0
111-27-3;;7732-18-5;water;298.136;101.325;1;-1.0;0.00106;1958 kin ish 0
111-27-3;;7732-18-5;water;303.134;101.325;1;-1.0;0.00103;1965 rat dod 0
111-27-3;;7732-18-5;water;288.146555;101.33;1;-1.0;0.00119647335281;1973 voc pet 1
111-27-3;;7732-18-5;water;278.65919562;101.325;1;-1.0;0.001398;1974 hil whi 0
111-27-3;;7732-18-5;water;279.999;101.325;1;-1.0;0.001358;1974 hil whi 0
111-27-3;;7732-18-5;water;281.828451;101.325;1;-1.0;0.001308;1974 hil whi 0
111-27-3;;7732-18-5;water;284.147755;101.325;1;-1.0;0.001252;1974 hil whi 0
111-27-3;;7732-18-5;water;286.087173;101.325;1;-1.0;0.001209;1974 hil whi 0
111-27-3;;7732-18-5;water;287.826651;101.325;1;-1.0;0.001179;1974 hil whi 0
111-27-3;;7732-18-5;water;290.185962;101.325;1;-1.0;0.001139;1974 hil whi 0
111-27-3;;7732-18-5;water;293.855228;101.325;1;-1.0;0.001085;1974 hil whi 0
111-27-3;;7732-18-5;water;296.134772;101.325;1;-1.0;0.00106;1974 hil whi 0
111-27-3;;7732-18-5;water;298.154368;101.325;1;-1.0;0.001034;1974 hil whi 0
111-27-3;;7732-18-5;water;300.133958;101.325;1;-1.0;0.001021;1974 hil whi 0
111-27-3;;7732-18-5;water;302.083373;101.325;1;-1.0;0.00101;1974 hil whi 0
111-27-3;;7732-18-5;water;304.062779;101.325;1;-1.0;0.000999;1974 hil whi 0
111-27-3;;7732-18-5;water;306.232128;101.325;1;-1.0;0.000985;1974 hil whi 0
111-27-3;;7732-18-5;water;298.14437;101.325;1;-1.0;0.00121885078324;1978 ryt hus 0
111-27-3;;7732-18-5;water;298.14437;101.0;1;-1.0;0.00133757556851;1980 mas pem 0
111-27-3;;7732-18-5;water;298.14437;101.3;1;-1.0;0.000750701762621;1982 tew mil 0
111-27-3;;7732-18-5;water;298.15;101.325;1;-1.0;0.00127335323352;1992 dal car 0
111-27-3;;7732-18-5;water;298.15;101.325;1;-1.0;0.00127335323352;1995 dal & 0
111-27-3;;7732-18-5;water;293.15;101.0;1;-1.0;0.00108093247972;2012 shc kop 0
111-65-9;;355-42-0;;332.054586;101.0;1;0.7738;-1.0;1985 poz kas 0
111-65-9;;355-42-0;;333.794238;101.0;1;0.7395;-1.0;1985 poz kas 0
111-65-9;;355-42-0;;334.954006;101.0;1;0.696;0.4367;1985 poz kas 0
111-65-9;;355-42-0;;335.303936;101.0;1;0.6712;-1.0;1985 poz kas 0
111-65-9;;355-42-0;;335.393918;101.0;1;0.6585;0.485;1985 poz kas 0
111-65-9;;355-42-0;;335.553886;101.0;1;0.6452;-1.0;1985 poz kas 0
111-65-9;;355-42-0;;335.623872;101.0;1;0.6323;0.5287;1985 poz kas 0
111-65-9;;355-42-0;;335.63387;101.0;1;0.6191;0.5452;1985 poz kas 0
111-65-9;;355-42-0;;335.663864;101.0;1;0.606;0.5614;1985 poz kas 0
111-65-9;;355-42-0;;335.493898;101.0;1;-1.0;0.5065;1985 poz kas 0
111-65-9;;355-42-0;;335.203956;101.0;1;-1.0;0.4718;1985 poz kas 0
111-65-9;;355-42-0;;334.054186;101.0;1;-1.0;0.4108;1985 poz kas 0
111-65-9;;355-42-0;;331.304736;101.0;1;-1.0;0.3444;1985 poz kas 0
111-65-9;;355-42-0;;329.315201;101.0;1;-1.0;0.3188;1985 poz kas 0
111-65-9;;355-42-0;;286.1;101.3;1;0.952;-1.0;2002 duc tin 0
111-65-9;;355-42-0;;305.5;101.3;1;0.917;-1.0;2002 duc tin 0
111-65-9;;355-42-0;;314.5;101.3;1;0.882;-1.0;2002 duc tin 0
111-65-9;;355-42-0;;325.2;101.3;1;0.814;0.295;2002 duc tin 0
111-65-9;;355-42-0;;325.2;101.3;1;0.775;-1.0;2002 duc tin 0
111-65-9;;355-42-0;;319.7;101.3;1;-1.0;0.215;2002 duc tin 0
111-65-9;;355-42-0;;299.2;101.3;1;-1.0;0.116;2002 duc tin 0
111-65-9;;355-42-0;;282.3;101.3;1;0.9497;-1.0;2005 lon sca 0
111-65-9;;355-42-0;;306.5;101.3;1;0.9001;-1.0;2005 lon sca 0
111-65-9;;355-42-0;;323.4;101.3;1;0.7997;-1.0;2005 lon sca 0
111-65-9;;355-42-0;;329.4;101.3;1;0.7021;-1.0;2005 lon sca 0
111-65-9;;355-42-0;;331.3;101.3;1;0.6009;-1.0;2005 lon sca 0
111-65-9;;355-42-0;;331.1;101.3;1;-1.0;0.5002;2005 lon sca 0
111-65-9;;355-42-0;;329.8;101.3;1;-1.0;0.4016;2005 lon sca 0
111-65-9;;355-42-0;;325.3;101.3;1;-1.0;0.3003;2005 lon sca 0
111-65-9;;355-42-0;;314.1;101.3;1;-1.0;0.2056;2005 lon sca 0
111-65-9;;355-42-0;;293.9;101.3;1;-1.0;0.1057;2005 lon sca 0
111-65-9;;355-42-0;;281.67;101.0;1;0.9487;-1.0;2010 mat kit 0
111-65-9;;355-42-0;;288.07;101.0;1;0.9439;-1.0;2010 mat kit 0
111-65-9;;355-42-0;;288.43;101.0;1;0.9433;-1.0;2010 mat kit 0
111-65-9;;355-42-0;;292.54;101.0;1;0.9369;-1.0;2010 mat kit 0
111-65-9;;355-42-0;;298.87;101.0;1;0.9238;-1.0;2010 mat kit 0
111-65-9;;355-42-0;;303.16;101.0;1;0.9136;-1.0;2010 mat kit 0
111-65-9;;355-42-0;;306.9;101.0;1;0.9008;-1.0;2010 mat kit 0
111-65-9;;355-42-0;;314.0;101.0;1;0.8774;-1.0;2010 mat kit 0
111-65-9;;355-42-0;;319.66;101.0;1;0.8574;-1.0;2010 mat kit 0
111-65-9;;355-42-0;;322.16;101.0;1;0.8325;-1.0;2010 mat kit 0
111-65-9;;355-42-0;;326.05;101.0;1;0.8205;-1.0;2010 mat kit 0
111-65-9;;355-42-0;;328.72;101.0;1;0.7955;-1.0;2010 mat kit 0
111-65-9;;355-42-0;;329.63;101.0;1;0.7772;-1.0;2010 mat kit 0
111-65-9;;355-42-0;;332.04;101.0;1;0.7437;-1.0;2010 mat kit 0
111-65-9;;355-42-0;;332.81;101.0;1;0.7085;-1.0;2010 mat kit 0
111-65-9;;355-42-0;;333.87;101.0;1;0.6766;-1.0;2010 mat kit 0
111-65-9;;355-42-0;;334.48;101.0;1;0.6496;-1.0;2010 mat kit 0
111-65-9;;355-42-0;;334.62;101.0;1;0.6258;-1.0;2010 mat kit 0
111-65-9;;355-42-0;;334.82;101.0;1;-1.0;0.5941;2010 mat kit 0
111-65-9;;355-42-0;;334.83;101.0;1;-1.0;0.5676;2010 mat kit 0
111-65-9;;355-42-0;;334.73;101.0;1;-1.0;0.5499;2010 mat kit 0
111-65-9;;355-42-0;;334.57;101.0;1;-1.0;0.512;2010 mat kit 0
111-65-9;;355-42-0;;334.42;101.0;1;-1.0;0.4794;2010 mat kit 0
111-65-9;;355-42-0;;333.82;101.0;1;-1.0;0.445;2010 mat kit 0
111-65-9;;355-42-0;;333.16;101.0;1;-1.0;0.4299;2010 mat kit 0
111-65-9;;355-42-0;;331.5;101.0;1;-1.0;0.3917;2010 mat kit 0
111-65-9;;355-42-0;;331.0;101.0;1;-1.0;0.3694;2010 mat kit 0
111-65-9;;355-42-0;;328.76;101.0;1;-1.0;0.3144;2010 mat kit 0
111-65-9;;355-42-0;;326.68;101.0;1;-1.0;0.2947;2010 mat kit 0
111-65-9;;355-42-0;;322.07;101.0;1;-1.0;0.2421;2010 mat kit 0
111-65-9;;355-42-0;;316.62;101.0;1;-1.0;0.217;2010 mat kit 0
111-65-9;;355-42-0;;311.56;101.0;1;-1.0;0.1883;2010 mat kit 0
111-65-9;;355-42-0;;308.02;101.0;1;-1.0;0.1702;2010 mat kit 0
111-65-9;;355-42-0;;304.04;101.0;1;-1.0;0.1468;2010 mat kit 0
111-65-9;;355-42-0;;299.95;101.0;1;-1.0;0.126;2010 mat kit 0
111-65-9;;355-42-0;;292.01;101.0;1;-1.0;0.0941;2010 mat kit 0
111-65-9;;67-56-1;;275.1488;101.325;1;0.9072;0.04482;1956 kog dei 0
111-65-9;;67-56-1;;283.144;101.325;1;0.9256;0.04929;1956 kog dei 0
111-65-9;;67-56-1;;283.144;101.325;1;0.926;-1.0;1956 kog dei 0
111-65-9;;67-56-1;;293.138;101.325;1;0.842;0.05689;1956 kog dei 0
111-65-9;;67-56-1;;298.136;101.325;1;0.845;0.06325;1956 kog dei 0
111-65-9;;67-56-1;;318.1285;101.325;1;0.7851;0.08601;1956 kog dei 0
111-65-9;;67-56-1;;290.0128762;101.0;1;0.87989;-1.0;1961 kis joh 0
111-65-9;;67-56-1;;309.9032912;101.0;1;0.78616;-1.0;1961 kis joh 0
111-65-9;;67-56-1;;332.574165;101.0;1;0.62298;-1.0;1961 kis joh 0
111-65-9;;67-56-1;;337.394;101.0;1;0.55073;-1.0;1961 kis joh 0
111-65-9;;67-56-1;;337.812;101.0;1;0.45139;-1.0;1961 kis joh 0
111-65-9;;67-56-1;;338.576;101.0;1;0.3832;-1.0;1961 kis joh 0
111-65-9;;67-56-1;;338.161;101.0;1;-1.0;0.25827;1961 kis joh 0
111-65-9;;67-56-1;;333.988;101.0;1;-1.0;0.1619;1961 kis joh 0
111-65-9;;67-56-1;;331.4954887;101.0;1;-1.0;0.14476;1961 kis joh 0
111-65-9;;67-56-1;;329.435107;101.0;1;-1.0;0.13072;1961 kis joh 0
111-65-9;;67-56-1;;326.456001;101.0;1;-1.0;0.12116;1961 kis joh 0
111-65-9;;67-56-1;;323.6558413;101.0;1;-1.0;0.1106;1961 kis joh 0
111-65-9;;67-56-1;;321.6184527;101.0;1;-1.0;0.10472;1961 kis joh 0
111-65-9;;67-56-1;;318.6643392;101.0;1;-1.0;0.09669;1961 kis joh 0
111-65-9;;67-56-1;;315.989142;101.0;1;-1.0;0.09124;1961 kis joh 0
111-65-9;;67-56-1;;313.0080488;101.0;1;-1.0;0.08576;1961 kis joh 0
111-65-9;;67-56-1;;309.951272;101.0;1;-1.0;0.07975;1961 kis joh 0
111-65-9;;67-56-1;;307.0734236;101.0;1;-1.0;0.07428;1961 kis joh 0
111-65-9;;67-56-1;;305.4940556;101.0;1;-1.0;0.0705;1961 kis joh 0
111-65-9;;67-56-1;;304.0166468;101.0;1;-1.0;0.06827;1961 kis joh 0
111-65-9;;67-56-1;;299.455472;101.0;1;-1.0;0.06308;1961 kis joh 0
111-65-9;;67-56-1;;295.047236;101.0;1;-1.0;0.05843;1961 kis joh 0
111-65-9;;67-56-1;;290.9703014;101.0;1;-1.0;0.05432;1961 kis joh 0
111-65-9;;67-56-1;;297.9944;101.325;1;0.9;0.063;1973 ser usm 0
111-65-9;;67-56-1;;293.14537;101.325;1;0.845;0.04;1976 bud les 0
111-65-9;;67-56-1;;292.9954;101.325;1;0.845;0.04;1976 bud les 10
111-65-9;;67-56-1;;336.38372;100.0;1;0.5509;-1.0;1986 ott hol 0
111-65-9;;67-56-1;;339.4831;100.0;1;0.349;-1.0;1986 ott hol 0
111-65-9;;67-56-1;;339.18316;900.0;1;-1.0;0.284;1986 ott hol 0
111-65-9;;67-56-1;;335.18396;100.0;1;-1.0;0.1752;1986 ott hol 0
111-65-9;;67-56-1;;298.14437;101.325;1;0.8818;0.0604;1987 hig sak 0
111-65-9;;67-56-1;;303.143055;101.325;1;0.8589;0.0686;1987 hig sak 0
111-65-9;;67-56-1;;308.141555;101.325;1;0.8313;0.0819;1987 hig sak 0
111-65-9;;67-56-1;;313.140055;101.325;1;0.7988;0.0902;1987 hig sak 0
111-65-9;;67-56-1;;318.138555;101.325;1;0.761;0.098;1987 hig sak 0
111-65-9;;67-56-1;;323.137055;101.325;1;0.7177;0.1192;1987 hig sak 0
111-65-9;;67-56-1;;328.135555;101.325;1;0.6487;0.14;1987 hig sak 0
111-65-9;;67-56-1;;333.13437;101.325;1;0.5842;0.1626;1987 hig sak 0
111-65-9;;67-56-1;;297.9944;101.325;1;0.8818;-1.0;1987 hig sak 0
111-65-9;;67-56-1;;298.15;101.3;1;0.8818;0.0604;1990 hig sak 0
111-65-9;;67-56-1;;298.0;101.3;1;0.8818;0.0604;1995 hig sak 0
111-65-9;;67-56-1;;298.0;101.325;1;0.8818;-1.0;1995 hig sak 0
111-65-9;;67-56-1;;298.15;101.325;1;0.8818;0.0604;1997 hig wat 0
111-65-9;;67-56-1;;278.15;101.325;1;0.912;0.043;2000 mar org 0
111-65-9;;67-56-1;;288.15;101.325;1;0.905;0.048;2000 mar org 0
111-65-9;;67-56-1;;298.15;101.325;1;0.895;0.061;2000 mar org 0
111-65-9;;67-56-1;;298.76;101.0;1;0.8879;-1.0;2002 kur mid 0
111-65-9;;67-56-1;;299.45;101.0;1;0.8837;-1.0;2002 kur mid 0
111-65-9;;67-56-1;;306.0;101.0;1;0.863;-1.0;2002 kur mid 0
111-65-9;;67-56-1;;312.82;101.0;1;0.8156;-1.0;2002 kur mid 0
111-65-9;;67-56-1;;320.64;101.0;1;0.7689;-1.0;2002 kur mid 0
111-65-9;;67-56-1;;324.41;101.0;1;0.7288;-1.0;2002 kur mid 0
111-65-9;;67-56-1;;327.11;101.0;1;0.6972;-1.0;2002 kur mid 0
111-65-9;;67-56-1;;333.96;101.0;1;0.6047;-1.0;2002 kur mid 0
111-65-9;;67-56-1;;336.47;101.0;1;0.5605;-1.0;2002 kur mid 0
111-65-9;;67-56-1;;337.82;101.0;1;0.5116;-1.0;2002 kur mid 0
111-65-9;;67-56-1;;339.29;101.0;1;0.449;-1.0;2002 kur mid 0
111-65-9;;67-56-1;;339.42;101.0;1;0.4166;-1.0;2002 kur mid 0
111-65-9;;67-56-1;;339.64;101.0;1;0.3852;-1.0;2002 kur mid 0
111-65-9;;67-56-1;;339.61;101.0;1;0.3845;-1.0;2002 kur mid 0
111-65-9;;67-56-1;;339.66;101.0;1;-1.0;0.3357;2002 kur mid 0
111-65-9;;67-56-1;;339.32;101.0;1;-1.0;0.3158;2002 kur mid 0
111-65-9;;67-56-1;;339.19;101.0;1;-1.0;0.2872;2002 kur mid 0
111-65-9;;67-56-1;;338.45;101.0;1;-1.0;0.2379;2002 kur mid 0
111-65-9;;67-56-1;;337.62;101.0;1;-1.0;0.2111;2002 kur mid 0
111-65-9;;67-56-1;;334.03;101.0;1;-1.0;0.1649;2002 kur mid 0
111-65-9;;67-56-1;;327.64;101.0;1;-1.0;0.1272;2002 kur mid 0
111-65-9;;67-56-1;;325.2;101.0;1;-1.0;0.1178;2002 kur mid 0
111-65-9;;67-56-1;;323.24;101.0;1;-1.0;0.1104;2002 kur mid 0
111-65-9;;67-56-1;;322.98;101.0;1;-1.0;0.1096;2002 kur mid 0
111-65-9;;67-56-1;;322.64;101.0;1;-1.0;0.1091;2002 kur mid 0
111-65-9;;67-56-1;;320.69;101.0;1;-1.0;0.1023;2002 kur mid 0
111-65-9;;67-56-1;;313.5;101.0;1;-1.0;0.0864;2002 kur mid 0
111-65-9;;67-56-1;;312.39;101.0;1;-1.0;0.084;2002 kur mid 0
111-65-9;;67-56-1;;302.17;101.0;1;-1.0;0.0674;2002 kur mid 0
111-65-9;;67-56-1;;290.25;101.0;1;-1.0;0.0534;2002 kur mid 0
111-65-9;;67-56-1;;288.91;101.0;1;-1.0;0.0525;2002 kur mid 0
111-65-9;;67-56-1;;278.147;101.32;1;-1.0;0.0407672290557;1961 kis joh 0
111-65-9;;67-56-1;;283.144;101.32;1;-1.0;0.0454838659512;1961 kis joh 0
111-65-9;;67-56-1;;288.141;101.32;1;-1.0;0.0508440842359;1961 kis joh 0
111-65-9;;67-56-1;;293.138;101.32;1;-1.0;0.0558908938972;1961 kis joh 0
111-65-9;;67-56-1;;298.136;101.32;1;-1.0;0.0615724606914;1961 kis joh 0
111-65-9;;67-56-1;;303.134;101.32;1;-1.0;0.0688118313567;1961 kis joh 0
111-65-9;;67-56-1;;308.132;101.32;1;-1.0;0.0766433395394;1961 kis joh 0
111-65-9;;67-56-1;;313.13;101.32;1;-1.0;0.0862625010991;1961 kis joh 0
111-65-9;;67-64-1;;238.80712;2.8;1;0.84;-1.0;1968 fra ric 0
111-65-9;;67-64-1;;240.007;2.8;1;0.821;-1.0;1968 fra ric 0
111-65-9;;67-64-1;;242.90642;2.8;1;0.795;-1.0;1968 fra ric 0
111-65-9;;67-64-1;;247.40552;2.8;1;0.701;-1.0;1968 fra ric 0
111-65-9;;67-64-1;;250.005;2.8;1;0.652;-1.0;1968 fra ric 0
111-65-9;;67-64-1;;249.90502;2.8;1;0.647;-1.0;1968 fra ric 0
111-65-9;;67-64-1;;251.70466;2.8;1;0.598;-1.0;1968 fra ric 0
111-65-9;;67-64-1;;251.80464;2.8;1;0.583;-1.0;1968 fra ric 0
111-65-9;;67-64-1;;252.80444;2.8;1;0.551;0.319;1968 fra ric 0
111-65-9;;67-64-1;;252.70446;2.8;1;0.534;0.35;1968 fra ric 0
111-65-9;;67-64-1;;252.5045;2.8;1;0.51;-1.0;1968 fra ric 0
111-65-9;;67-64-1;;252.90442;2.8;1;0.45;-1.0;1968 fra ric 0
111-65-9;;67-64-1;;252.60448;2.8;1;-1.0;0.278;1968 fra ric 0
111-65-9;;67-64-1;;251.10478;2.8;1;-1.0;0.22;1968 fra ric 0
111-65-9;;67-64-1;;245.60588;2.8;1;-1.0;0.145;1968 fra ric 0
111-65-9;;67-64-1;;243.70626;2.8;1;-1.0;0.13;1968 fra ric 0
111-65-9;;67-64-1;;252.65966896;101.325;1;0.449665;-1.0;1968 ric fra 0
111-65-9;;67-64-1;;252.371546596;101.325;1;0.513332;-1.0;1968 ric fra 0
111-65-9;;67-64-1;;251.656939546;101.325;1;0.586573;-1.0;1968 ric fra 0
111-65-9;;67-64-1;;251.423186306;101.325;1;0.601514;-1.0;1968 ric fra 0
111-65-9;;67-64-1;;249.73110479;101.325;1;0.646569;-1.0;1968 ric fra 0
111-65-9;;67-64-1;;249.690053002;101.325;1;0.66417;-1.0;1968 ric fra 0
111-65-9;;67-64-1;;247.227245662;101.325;1;0.705349;-1.0;1968 ric fra 0
111-65-9;;67-64-1;;239.756205082;101.325;1;0.827552;-1.0;1968 ric fra 0
111-65-9;;67-64-1;;238.53144757;101.325;1;0.84002;-1.0;1968 ric fra 0
111-65-9;;67-64-1;;243.489823296;101.325;1;-1.0;0.127073;1968 ric fra 0
111-65-9;;67-64-1;;245.499311318;101.325;1;-1.0;0.145542;1968 ric fra 0
111-65-9;;67-64-1;;250.826165734;101.325;1;-1.0;0.218705;1968 ric fra 0
111-65-9;;67-64-1;;252.271956518;101.325;1;-1.0;0.276549;1968 ric fra 0
111-65-9;;67-64-1;;252.602820332;101.325;1;-1.0;0.31842;1968 ric fra 0
111-65-9;;67-64-1;;252.562018494;101.325;1;-1.0;0.353612;1968 ric fra 0
111-65-9;;67-64-1;;255.90382;100.0;1;-1.0;0.432;1989 skr fai 0
111-65-9;;68-12-2;;344.71;101.3;1;0.6381;-1.0;2006 lob moz 0
111-65-9;;68-12-2;;345.68;101.3;1;0.616;-1.0;2006 lob moz 0
111-65-9;;68-12-2;;346.12;101.3;1;0.5984;-1.0;2006 lob moz 0
111-65-9;;68-12-2;;346.92;101.3;1;0.5606;-1.0;2006 lob moz 0
111-65-9;;68-12-2;;346.91;101.3;1;0.5419;-1.0;2006 lob moz 0
111-65-9;;68-12-2;;347.01;101.3;1;0.5382;-1.0;2006 lob moz 0
111-65-9;;68-12-2;;347.11;101.3;1;0.5197;-1.0;2006 lob moz 0
111-65-9;;68-12-2;;347.31;101.3;1;0.5178;-1.0;2006 lob moz 0
111-65-9;;68-12-2;;347.18;101.3;1;0.4938;0.3756;2006 lob moz 0
111-65-9;;68-12-2;;347.35;101.3;1;0.4812;0.3988;2006 lob moz 0
111-65-9;;68-12-2;;347.26;101.3;1;0.4498;-1.0;2006 lob moz 0
111-65-9;;68-12-2;;347.31;101.3;1;0.4161;-1.0;2006 lob moz 0
111-65-9;;68-12-2;;347.34;101.3;1;-1.0;0.3981;2006 lob moz 0
111-65-9;;68-12-2;;347.34;101.3;1;-1.0;0.3955;2006 lob moz 0
111-65-9;;68-12-2;;346.78;101.3;1;-1.0;0.3252;2006 lob moz 0
111-65-9;;68-12-2;;345.93;101.3;1;-1.0;0.2901;2006 lob moz 0
111-65-9;;68-12-2;;345.99;101.3;1;-1.0;0.2868;2006 lob moz 0
111-65-9;;68-12-2;;344.66;101.3;1;-1.0;0.2575;2006 lob moz 0
111-65-9;;68-12-2;;298.27;101.0;1;0.9551;-1.0;2007 mat tan 0
111-65-9;;68-12-2;;306.02;101.0;1;0.9253;-1.0;2007 mat tan 0
111-65-9;;68-12-2;;308.9;101.0;1;0.9104;-1.0;2007 mat tan 0
111-65-9;;68-12-2;;316.95;101.0;1;0.8821;-1.0;2007 mat tan 0
111-65-9;;68-12-2;;320.83;101.0;1;0.8665;-1.0;2007 mat tan 0
111-65-9;;68-12-2;;323.24;101.0;1;0.8502;-1.0;2007 mat tan 0
111-65-9;;68-12-2;;327.51;101.0;1;0.8306;-1.0;2007 mat tan 0
111-65-9;;68-12-2;;329.72;101.0;1;0.8151;-1.0;2007 mat tan 0
111-65-9;;68-12-2;;332.54;101.0;1;0.7956;-1.0;2007 mat tan 0
111-65-9;;68-12-2;;336.71;101.0;1;0.7577;-1.0;2007 mat tan 0
111-65-9;;68-12-2;;339.5;101.0;1;0.7306;-1.0;2007 mat tan 0
111-65-9;;68-12-2;;340.56;101.0;1;0.7172;-1.0;2007 mat tan 0
111-65-9;;68-12-2;;341.32;101.0;1;0.7032;-1.0;2007 mat tan 0
111-65-9;;68-12-2;;341.35;101.0;1;0.7029;-1.0;2007 mat tan 0
111-65-9;;68-12-2;;342.43;101.0;1;0.6849;-1.0;2007 mat tan 0
111-65-9;;68-12-2;;343.59;101.0;1;0.6718;-1.0;2007 mat tan 0
111-65-9;;68-12-2;;344.7;101.0;1;0.652;-1.0;2007 mat tan 0
111-65-9;;68-12-2;;345.36;101.0;1;0.6304;-1.0;2007 mat tan 0
111-65-9;;68-12-2;;345.59;101.0;1;0.6244;-1.0;2007 mat tan 0
111-65-9;;68-12-2;;346.37;101.0;1;0.6015;-1.0;2007 mat tan 0
111-65-9;;68-12-2;;347.0;101.0;1;0.5837;0.2868;2007 mat tan 0
111-65-9;;68-12-2;;347.56;101.0;1;0.5516;-1.0;2007 mat tan 0
111-65-9;;68-12-2;;347.92;101.0;1;0.5243;-1.0;2007 mat tan 0
111-65-9;;68-12-2;;348.06;101.0;1;0.5116;-1.0;2007 mat tan 0
111-65-9;;68-12-2;;348.22;101.0;1;0.5033;0.3615;2007 mat tan 0
111-65-9;;68-12-2;;348.48;101.0;1;0.4674;-1.0;2007 mat tan 0
111-65-9;;68-12-2;;348.5;101.0;1;0.4539;-1.0;2007 mat tan 0
111-65-9;;68-12-2;;348.49;101.0;1;0.4483;-1.0;2007 mat tan 0
111-65-9;;68-12-2;;348.52;101.0;1;0.4335;-1.0;2007 mat tan 0
111-65-9;;68-12-2;;348.46;101.0;1;0.4213;-1.0;2007 mat tan 0
111-65-9;;68-12-2;;348.36;101.0;1;-1.0;0.405;2007 mat tan 0
111-65-9;;68-12-2;;348.27;101.0;1;-1.0;0.3852;2007 mat tan 0
111-65-9;;68-12-2;;348.38;101.0;1;-1.0;0.3846;2007 mat tan 0
111-65-9;;68-12-2;;348.01;101.0;1;-1.0;0.3367;2007 mat tan 0
111-65-9;;68-12-2;;347.87;101.0;1;-1.0;0.3205;2007 mat tan 0
111-65-9;;68-12-2;;347.48;101.0;1;-1.0;0.2973;2007 mat tan 0
111-65-9;;68-12-2;;346.52;101.0;1;-1.0;0.273;2007 mat tan 0
111-65-9;;68-12-2;;345.85;101.0;1;-1.0;0.2569;2007 mat tan 0
111-65-9;;68-12-2;;345.11;101.0;1;-1.0;0.2459;2007 mat tan 0
111-65-9;;68-12-2;;343.9;101.0;1;-1.0;0.2275;2007 mat tan 0
111-65-9;;68-12-2;;343.14;101.0;1;-1.0;0.2172;2007 mat tan 0
111-65-9;;68-12-2;;342.28;101.0;1;-1.0;0.209;2007 mat tan 0
111-65-9;;68-12-2;;341.6;101.0;1;-1.0;0.2017;2007 mat tan 0
111-65-9;;68-12-2;;340.64;101.0;1;-1.0;0.1912;2007 mat tan 0
111-65-9;;68-12-2;;339.27;101.0;1;-1.0;0.1826;2007 mat tan 0
111-65-9;;68-12-2;;337.3;101.0;1;-1.0;0.1684;2007 mat tan 0
111-65-9;;68-12-2;;334.69;101.0;1;-1.0;0.1545;2007 mat tan 0
111-65-9;;68-12-2;;329.25;101.0;1;-1.0;0.1276;2007 mat tan 0
111-65-9;;68-12-2;;324.75;101.0;1;-1.0;0.1114;2007 mat tan 0
111-65-9;;68-12-2;;315.5;101.0;1;-1.0;0.0866;2007 mat tan 0
111-65-9;;68-12-2;;308.21;101.0;1;-1.0;0.0734;2007 mat tan 0
111-65-9;;68-12-2;;302.99;101.0;1;-1.0;0.0649;2007 mat tan 0
111-65-9;;68-12-2;;291.32;101.0;1;-1.0;0.0521;2007 mat tan 0
111-70-6;;7732-18-5;water;273.15;-1.0;1;0.7926;-1.0;1952 eri & 1
111-70-6;;7732-18-5;water;283.144;-1.0;1;0.7753;-1.0;1952 eri & 1
111-70-6;;7732-18-5;water;293.138;-1.0;1;0.7567;-1.0;1952 eri & 1
111-70-6;;7732-18-5;water;303.134;-1.0;1;0.7387;-1.0;1952 eri & 1
111-70-6;;7732-18-5;water;313.13;-1.0;1;0.7177;-1.0;1952 eri & 1
111-70-6;;7732-18-5;water;323.127;-1.0;1;0.6977;-1.0;1952 eri & 1
111-70-6;;7732-18-5;water;333.124;-1.0;1;0.675;-1.0;1952 eri & 1
111-70-6;;7732-18-5;water;343.124;-1.0;1;0.6535;-1.0;1952 eri & 1
111-70-6;;7732-18-5;water;353.123;-1.0;1;0.6299;-1.0;1952 eri & 1
111-70-6;;7732-18-5;water;363.123;-1.0;1;0.6076;-1.0;1952 eri & 1
111-70-6;;7732-18-5;water;373.124;-1.0;1;0.5868;-1.0;1952 eri & 1
111-70-6;;7732-18-5;water;383.126;-1.0;1;0.5629;-1.0;1952 eri & 1
111-70-6;;7732-18-5;water;393.127;-1.0;1;0.5405;-1.0;1952 eri & 1
111-70-6;;7732-18-5;water;403.13;-1.0;1;0.5171;-1.0;1952 eri & 1
111-70-6;;7732-18-5;water;413.132;-1.0;1;0.4931;-1.0;1952 eri & 1
111-70-6;;7732-18-5;water;423.134;-1.0;1;0.4697;-1.0;1952 eri & 1
111-70-6;;7732-18-5;water;433.138;-1.0;1;0.445;-1.0;1952 eri & 1
111-70-6;;7732-18-5;water;443.141;-1.0;1;0.4198;-1.0;1952 eri & 1
111-70-6;;7732-18-5;water;453.145;-1.0;1;0.3941;-1.0;1952 eri & 1
111-70-6;;7732-18-5;water;463.149;-1.0;1;0.3671;-1.0;1952 eri & 1
111-70-6;;7732-18-5;water;473.153;-1.0;1;0.3392;-1.0;1952 eri & 1
111-70-6;;7732-18-5;water;483.157;-1.0;1;0.3084;-1.0;1952 eri & 1
111-70-6;;7732-18-5;water;493.161;-1.0;1;0.2731;-1.0;1952 eri & 1
111-70-6;;7732-18-5;water;503.164;-1.0;1;0.2334;-1.0;1952 eri & 1
111-70-6;;7732-18-5;water;513.168;-1.0;1;0.1794;-1.0;1952 eri & 1
111-70-6;;7732-18-5;water;518.1695;-1.0;1;0.1373;-1.0;1952 eri & 1
111-70-6;;7732-18-5;water;273.15;-1.0;1;-1.0;0.00053;1952 eri & 1
111-70-6;;7732-18-5;water;283.144;-1.0;1;-1.0;0.00046;1952 eri & 1
111-70-6;;7732-18-5;water;293.138;-1.0;1;-1.0;0.00031;1952 eri & 1
111-70-6;;7732-18-5;water;303.134;-1.0;1;-1.0;0.00025;1952 eri & 1
111-70-6;;7732-18-5;water;313.13;-1.0;1;-1.0;0.0002;1952 eri & 1
111-70-6;;7732-18-5;water;323.127;-1.0;1;-1.0;0.00018;1952 eri & 1
111-70-6;;7732-18-5;water;333.124;-1.0;1;-1.0;0.00018;1952 eri & 1
111-70-6;;7732-18-5;water;343.124;-1.0;1;-1.0;0.00023;1952 eri & 1
111-70-6;;7732-18-5;water;353.123;-1.0;1;-1.0;0.0003;1952 eri & 1
111-70-6;;7732-18-5;water;363.123;-1.0;1;-1.0;0.00036;1952 eri & 1
111-70-6;;7732-18-5;water;373.124;-1.0;1;-1.0;0.00047;1952 eri & 1
111-70-6;;7732-18-5;water;383.126;-1.0;1;-1.0;0.00055;1952 eri & 1
111-70-6;;7732-18-5;water;393.127;-1.0;1;-1.0;0.00067;1952 eri & 1
111-70-6;;7732-18-5;water;403.13;-1.0;1;-1.0;0.00087;1952 eri & 1
111-70-6;;7732-18-5;water;413.132;-1.0;1;-1.0;0.001;1952 eri & 1
111-70-6;;7732-18-5;water;423.134;-1.0;1;-1.0;0.0012;1952 eri & 1
111-70-6;;7732-18-5;water;433.138;-1.0;1;-1.0;0.0015;1952 eri & 1
111-70-6;;7732-18-5;water;443.141;-1.0;1;-1.0;0.0019;1952 eri & 1
111-70-6;;7732-18-5;water;453.145;-1.0;1;-1.0;0.0025;1952 eri & 1
111-70-6;;7732-18-5;water;463.149;-1.0;1;-1.0;0.0032;1952 eri & 1
111-70-6;;7732-18-5;water;473.153;-1.0;1;-1.0;0.0042;1952 eri & 1
111-70-6;;7732-18-5;water;483.157;-1.0;1;-1.0;0.0056;1952 eri & 1
111-70-6;;7732-18-5;water;493.161;-1.0;1;-1.0;0.0076;1952 eri & 1
111-70-6;;7732-18-5;water;503.164;-1.0;1;-1.0;0.011;1952 eri & 1
111-70-6;;7732-18-5;water;513.168;-1.0;1;-1.0;0.0171;1952 eri & 1
111-70-6;;7732-18-5;water;518.1695;-1.0;1;-1.0;0.0245;1952 eri & 1
111-70-6;;7732-18-5;water;298.136;101.32;1;0.733;-1.0;1952 don bar 0
111-70-6;;7732-18-5;water;303.134;101.325;1;0.73;0.0002;1961 rao rao 0
111-70-6;;7732-18-5;water;285.147455;101.325;1;0.718;-1.0;1970 kra gar 0
111-70-6;;7732-18-5;water;313.140055;101.325;1;0.712;-1.0;1970 kra gar 0
111-70-6;;7732-18-5;water;298.14437;101.325;1;0.716;-1.0;1972 ion sha 1
111-70-6;;7732-18-5;water;288.146555;101.325;1;0.718;-1.0;1980 tok man 0
111-70-6;;7732-18-5;water;293.14537;101.325;1;0.715;-1.0;1980 tok man 0
111-70-6;;7732-18-5;water;298.14437;101.325;1;0.714;-1.0;1980 tok man 0
111-70-6;;7732-18-5;water;303.143055;101.325;1;0.712;-1.0;1980 tok man 0
111-70-6;;7732-18-5;water;308.141555;101.325;1;0.708;-1.0;1980 tok man 0
111-70-6;;7732-18-5;water;313.140055;101.325;1;0.707;-1.0;1980 tok man 0
111-70-6;;7732-18-5;water;353.129055;101.0;1;0.6789;0.000415;1984 leb kus 0
111-70-6;;7732-18-5;water;333.13437;101.0;1;0.6907;0.000288;1984 leb kus 0
111-70-6;;7732-18-5;water;313.140055;101.0;1;0.6957;0.000252;1984 leb kus 0
111-70-6;;7732-18-5;water;293.14537;101.0;1;0.7007;0.000216;1984 leb kus 0
111-70-6;;7732-18-5;water;283.148055;101.0;1;0.7011;0.000234;1984 leb kus 0
111-70-6;;7732-18-5;water;278.149270073;101.0;1;0.6964;0.000234;1984 leb kus 0
111-70-6;;7732-18-5;water;273.15;101.32;1;0.72858033913;0.000366599692739;1984 ste stu 0
111-70-6;;7732-18-5;water;282.848145;101.32;1;0.700365550532;-1.0;1984 ste stu 0
111-70-6;;7732-18-5;water;292.84543;101.32;1;0.685857412025;-1.0;1984 ste stu 0
111-70-6;;7732-18-5;water;303.043085;101.32;1;0.717230405283;-1.0;1984 ste stu 0
111-70-6;;7732-18-5;water;313.240025;101.32;1;0.713139219759;-1.0;1984 ste stu 0
111-70-6;;7732-18-5;water;333.23435;101.32;1;0.688300598674;-1.0;1984 ste stu 0
111-70-6;;7732-18-5;water;343.132055;101.32;1;0.682045665473;-1.0;1984 ste stu 0
111-70-6;;7732-18-5;water;353.129055;101.32;1;0.667460527369;-1.0;1984 ste stu 0
111-70-6;;7732-18-5;water;363.62627;101.32;1;0.577675943301;0.00037749578516;1984 ste stu 0
111-70-6;;7732-18-5;water;283.647905;101.32;1;-1.0;0.000393063872223;1984 ste stu 0
111-70-6;;7732-18-5;water;293.34533;101.32;1;-1.0;0.000285697707177;1984 ste stu 0
111-70-6;;7732-18-5;water;303.742875;101.32;1;-1.0;0.000239055866329;1984 ste stu 0
111-70-6;;7732-18-5;water;312.940115;101.32;1;-1.0;0.000257709761091;1984 ste stu 0
111-70-6;;7732-18-5;water;323.237025;101.32;1;-1.0;0.000251491375274;1984 ste stu 0
111-70-6;;7732-18-5;water;333.13437;101.32;1;-1.0;0.00027636744443;1984 ste stu 0
111-70-6;;7732-18-5;water;343.232025;101.32;1;-1.0;0.000316805427425;1984 ste stu 0
111-70-6;;7732-18-5;water;353.229025;101.32;1;-1.0;0.000337031094102;1984 ste stu 0
111-70-6;;7732-18-5;water;278.15;101.3;1;0.6662;0.0005;2002 dar abd 0
111-70-6;;7732-18-5;water;293.15;101.3;1;0.6917;0.0006;2002 dar abd 0
111-70-6;;7732-18-5;water;303.15;101.3;1;0.6965;0.0003;2002 dar abd 0
111-70-6;;7732-18-5;water;313.15;101.3;1;0.7005;0.0003;2002 dar abd 0
111-70-6;;7732-18-5;water;308.15;101.0;1;0.714251307166;3.10110580441e-05;2016 gil gil 0
111-70-6;;7732-18-5;water;308.15;101.0;1;0.704703891503;-1.0;2016 gil gil 0
111-70-6;;7732-18-5;water;318.15;101.0;1;0.695001861853;3.10110580441e-05;2016 gil gil 0
111-70-6;;7732-18-5;water;298.2;101.0;1;0.757431184105;0.00024838234021;2018 gil naj 0
111-70-6;;7732-18-5;water;298.2;101.0;1;0.757431184105;-1.0;2018 gil naj 0
111-70-6;;7732-18-5;water;308.2;101.0;1;0.748546071776;0.00026392856786;2018 gil naj 0
111-70-6;;7732-18-5;water;318.2;101.0;1;0.741400292729;0.000279477426735;2018 gil naj 0
111-70-6;;7732-18-5;water;298.15;100.0;1;0.690405715226;0.00021729777591;2019 cav fol 0
111-70-6;;7732-18-5;water;298.136;101.0;1;-1.0;0.000280565945413;1933 but tho 0
111-70-6;;7732-18-5;water;293.138;101.325;1;-1.0;0.000267;1945 add & 0
111-70-6;;7732-18-5;water;298.136;101.325;1;-1.0;0.00026;1958 kin ish 0
111-70-6;;7732-18-5;water;303.134;101.325;1;-1.0;0.00026;1965 rat dod 0
111-70-6;;7732-18-5;water;288.146555;101.325;1;-1.0;0.000306982250021;1973 voc pet 1
111-70-6;;7732-18-5;water;293.14537;101.325;1;-1.0;0.000234911272523;1973 voc pet 1
111-70-6;;7732-18-5;water;303.143055;101.325;1;-1.0;0.000235539445788;1973 voc pet 1
111-70-6;;7732-18-5;water;313.140055;101.325;1;-1.0;0.000199932499947;1973 voc pet 1
111-70-6;;7732-18-5;water;323.137055;101.325;1;-1.0;0.000219009969172;1973 voc pet 1
111-70-6;;7732-18-5;water;333.13437;101.325;1;-1.0;0.000238400697313;1973 voc pet 1
111-70-6;;7732-18-5;water;279.149124088;101.325;1;-1.0;0.000342;1974 hil whi 0
111-70-6;;7732-18-5;water;283.347995;101.325;1;-1.0;0.000313;1974 hil whi 0
111-70-6;;7732-18-5;water;283.687893;101.325;1;-1.0;0.00031;1974 hil whi 0
111-70-6;;7732-18-5;water;288.226531;101.325;1;-1.0;0.00029;1974 hil whi 0
111-70-6;;7732-18-5;water;291.085782;101.325;1;-1.0;0.000278;1974 hil whi 0
111-70-6;;7732-18-5;water;293.175364;101.325;1;-1.0;0.000272;1974 hil whi 0
111-70-6;;7732-18-5;water;295.04499;101.325;1;-1.0;0.000266;1974 hil whi 0
111-70-6;;7732-18-5;water;297.104578;101.325;1;-1.0;0.000261;1974 hil whi 0
111-70-6;;7732-18-5;water;298.134372;101.325;1;-1.0;0.00026;1974 hil whi 0
111-70-6;;7732-18-5;water;298.214356;101.325;1;-1.0;0.000258;1974 hil whi 0
111-70-6;;7732-18-5;water;299.184162;101.325;1;-1.0;0.000256;1974 hil whi 0
111-70-6;;7732-18-5;water;301.163649;101.325;1;-1.0;0.000254;1974 hil whi 0
111-70-6;;7732-18-5;water;303.283013;101.325;1;-1.0;0.000252;1974 hil whi 0
111-70-6;;7732-18-5;water;303.303007;101.325;1;-1.0;0.000252;1974 hil whi 0
111-70-6;;7732-18-5;water;306.042185;101.325;1;-1.0;0.00025;1974 hil whi 0
111-70-6;;7732-18-5;water;308.041585;101.325;1;-1.0;0.000249;1974 hil whi 0
111-70-6;;7732-18-5;water;298.14437;101.0;1;-1.0;0.000307335128683;1980 mas pem 0
111-70-6;;7732-18-5;water;298.14437;101.3;1;-1.0;0.000204413077808;1982 tew mil 0
111-70-6;;7732-18-5;water;293.15;101.0;1;-1.0;0.00021729777591;2012 shc kop 0
111-70-6;;75-52-5;;290.0;100.0;1;0.05;0.81;JRE Smoothed
111-70-6;;75-52-5;;300.0;100.0;1;0.067;0.748;JRE Smoothed
111-70-6;;75-52-5;;305.0;100.0;1;0.0848;0.69;JRE Smoothed
111-70-6;;75-52-5;;310.0;100.0;1;0.116;0.619;JRE Smoothed
111-70-6;;75-52-5;;316.009194;-1.0;1;0.344384012999;-1.0;1969 saz & 1
111-70-6;;75-52-5;;315.829248;-1.0;1;0.390991314151;-1.0;1969 saz & 1
111-70-6;;75-52-5;;315.419371;-1.0;1;0.440692323983;-1.0;1969 saz & 1
111-70-6;;75-52-5;;314.559629;-1.0;1;0.493805648969;-1.0;1969 saz & 1
111-70-6;;75-52-5;;312.980103;-1.0;1;0.550695199847;-1.0;1969 saz & 1
111-70-6;;75-52-5;;310.440865;-1.0;1;0.619412484421;-1.0;1969 saz & 1
111-70-6;;75-52-5;;306.39208;-1.0;1;0.677537156875;-1.0;1969 saz & 1
111-70-6;;75-52-5;;299.624074;-1.0;1;0.748529169901;-1.0;1969 saz & 1
111-70-6;;75-52-5;;288.29651;-1.0;1;0.825405220234;-1.0;1969 saz & 1
111-70-6;;75-52-5;;297.264546;-1.0;1;-1.0;0.0551461952378;1969 saz & 1
111-70-6;;75-52-5;;305.39238;-1.0;1;-1.0;0.0848332335768;1969 saz & 1
111-70-6;;75-52-5;;310.430868;-1.0;1;-1.0;0.116077405221;1969 saz & 1
111-70-6;;75-52-5;;313.310004;-1.0;1;-1.0;0.14900452091;1969 saz & 1
111-70-6;;75-52-5;;314.9895;-1.0;1;-1.0;0.183754319912;1969 saz & 1
111-70-6;;75-52-5;;315.719281;-1.0;1;-1.0;0.220482452429;1969 saz & 1
111-70-6;;75-52-5;;315.979203;-1.0;1;-1.0;0.2593628105;1969 saz & 1
111-70-6;;75-52-5;;316.059179;-1.0;1;-1.0;0.300590281046;1969 saz & 1
111-70-6;;75-52-5;;288.29651;101.325;1;0.825;-1.0;1989 saz & 0
111-70-6;;75-52-5;;299.64407;101.325;1;0.749;-1.0;1989 saz & 0
111-70-6;;75-52-5;;306.39208;101.325;1;0.678;-1.0;1989 saz & 0
111-70-6;;75-52-5;;310.440865;101.325;1;0.612;0.116;1989 saz & 0
111-70-6;;75-52-5;;312.9901;101.325;1;0.551;-1.0;1989 saz & 0
111-70-6;;75-52-5;;314.539635;101.325;1;0.494;-1.0;1989 saz & 0
111-70-6;;75-52-5;;315.439365;101.325;1;0.441;-1.0;1989 saz & 0
111-70-6;;75-52-5;;315.839245;101.325;1;0.391;-1.0;1989 saz & 0
111-70-6;;75-52-5;;316.039185;101.325;1;0.344;-1.0;1989 saz & 0
111-70-6;;75-52-5;;316.08917;101.325;1;0.314;0.301;1989 saz & 0
111-70-6;;75-52-5;;316.08917;101.325;1;0.314;-1.0;1989 saz & 0
111-70-6;;75-52-5;;297.24455;101.325;1;-1.0;0.055;1989 saz & 0
111-70-6;;75-52-5;;305.39238;101.325;1;-1.0;0.085;1989 saz & 0
111-70-6;;75-52-5;;313.29001;101.325;1;-1.0;0.149;1989 saz & 0
111-70-6;;75-52-5;;314.9895;101.325;1;-1.0;0.184;1989 saz & 0
111-70-6;;75-52-5;;315.739275;101.325;1;-1.0;0.22;1989 saz & 0
111-70-6;;75-52-5;;315.9892;101.325;1;-1.0;0.259;1989 saz & 0
111-84-2;;67-56-1;;275.1488;101.325;1;0.9277;0.03855;1956 kog dei 0
111-84-2;;67-56-1;;283.144;101.325;1;0.9035;0.03846;1956 kog dei 0
111-84-2;;67-56-1;;293.138;101.325;1;0.8966;0.04382;1956 kog dei 0
111-84-2;;67-56-1;;313.13;101.325;1;0.8644;0.05903;1956 kog dei 0
111-84-2;;67-56-1;;333.124;101.325;1;0.7214;0.06411;1956 kog dei 0
111-84-2;;67-56-1;;298.14437;101.325;1;0.9001;0.0336;1987 hig sak 0
111-84-2;;67-56-1;;303.143055;101.325;1;0.8791;0.0392;1987 hig sak 0
111-84-2;;67-56-1;;308.141555;101.325;1;0.8702;0.0443;1987 hig sak 0
111-84-2;;67-56-1;;313.140055;101.325;1;0.8425;0.0546;1987 hig sak 0
111-84-2;;67-56-1;;318.138555;101.325;1;0.8154;0.0623;1987 hig sak 0
111-84-2;;67-56-1;;323.137055;101.325;1;0.7862;0.0652;1987 hig sak 0
111-84-2;;67-56-1;;328.135555;101.325;1;0.7446;0.0766;1987 hig sak 0
111-84-2;;67-56-1;;333.13437;101.325;1;0.6891;0.0909;1987 hig sak 0
111-84-2;;67-56-1;;297.9944;101.325;1;0.9001;-1.0;1987 hig sak 0
111-84-2;;67-56-1;;298.15;101.3;1;0.9001;0.0336;1990 hig sak 0
111-84-2;;67-56-1;;298.0;101.3;1;0.9001;0.0336;1995 hig sak 0
111-84-2;;67-56-1;;298.15;101.325;1;0.9001;0.0336;1997 hig wat 0
111-84-2;;67-56-1;;278.15;101.325;1;0.937;0.026;2002 cas tou 0
111-84-2;;67-56-1;;288.15;101.325;1;0.918;0.032;2002 cas tou 0
111-84-2;;67-56-1;;298.15;101.325;1;0.902;0.037;2002 cas tou 0
111-84-2;;67-56-1;;308.15;101.325;1;0.885;0.045;2002 cas tou 0
111-84-2;;67-56-1;;278.15;101.3;1;0.937;0.026;2003 tou cas 0
111-84-2;;67-56-1;;288.15;101.3;1;0.918;0.031;2003 tou cas 0
111-84-2;;67-56-1;;298.15;101.3;1;0.902;0.037;2003 tou cas 0
111-84-2;;67-56-1;;278.147;101.32;1;-1.0;0.0253999579871;1961 kis joh 0
111-84-2;;67-56-1;;283.144;101.32;1;-1.0;0.0287919448044;1961 kis joh 0
111-84-2;;67-56-1;;288.141;101.32;1;-1.0;0.0319055505455;1961 kis joh 0
111-84-2;;67-56-1;;293.138;101.32;1;-1.0;0.0353296432137;1961 kis joh 0
111-84-2;;67-56-1;;298.136;101.32;1;-1.0;0.0393567928081;1961 kis joh 0
111-84-2;;67-56-1;;303.134;101.32;1;-1.0;0.0433987925601;1961 kis joh 0
111-84-2;;67-56-1;;308.132;101.32;1;-1.0;0.0474562751186;1961 kis joh 0
111-84-2;;67-56-1;;313.13;101.32;1;-1.0;0.0521114752271;1961 kis joh 0
111-84-2;;67-56-1;;334.018;101.0;1;-1.0;0.0847;1961 kis joh 0
111-84-2;;67-56-1;;330.3578301;101.0;1;-1.0;0.07599;1961 kis joh 0
111-84-2;;67-56-1;;327.8915702;101.0;1;-1.0;0.07154;1961 kis joh 0
111-84-2;;67-56-1;;325.3223412;101.0;1;-1.0;0.0686;1961 kis joh 0
111-84-2;;67-56-1;;322.0423255;101.0;1;-1.0;0.063;1961 kis joh 0
111-84-2;;67-56-1;;319.5760656;101.0;1;-1.0;0.06008;1961 kis joh 0
111-84-2;;67-56-1;;315.5332788;101.0;1;-1.0;0.05335;1961 kis joh 0
111-84-2;;67-56-1;;312.9390764;101.0;1;-1.0;0.05091;1961 kis joh 0
111-84-2;;67-56-1;;309.53144;101.0;1;-1.0;0.04785;1961 kis joh 0
111-84-2;;67-56-1;;305.3611088;101.0;1;-1.0;0.04313;1961 kis joh 0
111-84-2;;67-56-1;;301.2927368;101.0;1;-1.0;0.03843;1961 kis joh 0
111-84-2;;67-56-1;;297.0204464;101.0;1;-1.0;0.03625;1961 kis joh 0
111-84-2;;67-56-1;;298.7247644;101.0;1;-1.0;0.036;1961 kis joh 0
111-84-2;;67-56-1;;293.867708;101.0;1;-1.0;0.03221;1961 kis joh 0
111-84-2;;67-56-1;;291.9097374;101.0;1;-1.0;0.02834;1961 kis joh 0
111-84-2;;67-56-1;;289.24034;101.0;1;-1.0;0.02538;1961 kis joh 0
111-84-2;;67-56-1;;287.486393;101.0;1;-1.0;0.02359;1961 kis joh 0
111-84-2;;67-56-1;;285.9613086;101.0;1;-1.0;0.02285;1961 kis joh 0
111-84-2;;67-56-1;;284.8939494;101.0;1;-1.0;0.01912;1961 kis joh 0
111-87-5;;7732-18-5;water;273.15;-1.0;1;0.7972;-1.0;1952 eri & 1
111-87-5;;7732-18-5;water;283.144;-1.0;1;0.7756;-1.0;1952 eri & 1
111-87-5;;7732-18-5;water;293.138;-1.0;1;0.7549;-1.0;1952 eri & 1
111-87-5;;7732-18-5;water;303.134;-1.0;1;0.7351;-1.0;1952 eri & 1
111-87-5;;7732-18-5;water;313.13;-1.0;1;0.71;-1.0;1952 eri & 1
111-87-5;;7732-18-5;water;323.127;-1.0;1;0.6882;-1.0;1952 eri & 1
111-87-5;;7732-18-5;water;333.124;-1.0;1;0.6674;-1.0;1952 eri & 1
111-87-5;;7732-18-5;water;343.124;-1.0;1;0.6442;-1.0;1952 eri & 1
111-87-5;;7732-18-5;water;353.123;-1.0;1;0.6239;-1.0;1952 eri & 1
111-87-5;;7732-18-5;water;363.123;-1.0;1;0.603;-1.0;1952 eri & 1
111-87-5;;7732-18-5;water;373.124;-1.0;1;0.5802;-1.0;1952 eri & 1
111-87-5;;7732-18-5;water;383.126;-1.0;1;0.5644;-1.0;1952 eri & 1
111-87-5;;7732-18-5;water;393.127;-1.0;1;0.5372;-1.0;1952 eri & 1
111-87-5;;7732-18-5;water;403.13;-1.0;1;0.5157;-1.0;1952 eri & 1
111-87-5;;7732-18-5;water;413.132;-1.0;1;0.4932;-1.0;1952 eri & 1
111-87-5;;7732-18-5;water;423.134;-1.0;1;0.47;-1.0;1952 eri & 1
111-87-5;;7732-18-5;water;433.138;-1.0;1;0.4474;-1.0;1952 eri & 1
111-87-5;;7732-18-5;water;443.141;-1.0;1;0.4244;-1.0;1952 eri & 1
111-87-5;;7732-18-5;water;453.145;-1.0;1;0.4015;-1.0;1952 eri & 1
111-87-5;;7732-18-5;water;463.149;-1.0;1;0.378;-1.0;1952 eri & 1
111-87-5;;7732-18-5;water;473.153;-1.0;1;0.355;-1.0;1952 eri & 1
111-87-5;;7732-18-5;water;483.157;-1.0;1;0.3311;-1.0;1952 eri & 1
111-87-5;;7732-18-5;water;493.161;-1.0;1;0.3059;-1.0;1952 eri & 1
111-87-5;;7732-18-5;water;503.164;-1.0;1;0.2769;-1.0;1952 eri & 1
111-87-5;;7732-18-5;water;513.168;-1.0;1;0.2445;-1.0;1952 eri & 1
111-87-5;;7732-18-5;water;523.171;-1.0;1;0.2091;-1.0;1952 eri & 1
111-87-5;;7732-18-5;water;298.136;101.325;1;0.74;-1.0;1960 aba pop 0
111-87-5;;7732-18-5;water;303.134;101.325;1;0.732;0.0001;1961 rao rao 0
111-87-5;;7732-18-5;water;313.140055;101.325;1;0.72;8e-05;1976 lav les 0
111-87-5;;7732-18-5;water;333.13437;101.325;1;0.685;8e-05;1976 lav les 0
111-87-5;;7732-18-5;water;280.148955;101.0;1;0.843625722849;-1.0;1977 zhu zhu 6
111-87-5;;7732-18-5;water;296.14477;101.0;1;0.792271959152;-1.0;1977 zhu zhu 6
111-87-5;;7732-18-5;water;308.141555;101.0;1;0.768515671243;-1.0;1977 zhu zhu 6
111-87-5;;7732-18-5;water;325.136455;101.0;1;0.724388168866;-1.0;1977 zhu zhu 6
111-87-5;;7732-18-5;water;347.130855;101.0;1;0.684262460421;-1.0;1977 zhu zhu 6
111-87-5;;7732-18-5;water;287.9966;101.0;1;0.731596680923;-1.0;1980 bee hun 0
111-87-5;;7732-18-5;water;292.9954;101.0;1;0.731596680923;-1.0;1980 bee hun 0
111-87-5;;7732-18-5;water;302.9931;101.0;1;0.731596680923;-1.0;1980 bee hun 0
111-87-5;;7732-18-5;water;307.9916;101.0;1;0.731596680923;-1.0;1980 bee hun 0
111-87-5;;7732-18-5;water;288.146555;101.325;1;0.738;-1.0;1980 tok man 0
111-87-5;;7732-18-5;water;293.14537;101.325;1;0.735;-1.0;1980 tok man 0
111-87-5;;7732-18-5;water;298.14437;101.325;1;0.734;-1.0;1980 tok man 0
111-87-5;;7732-18-5;water;303.143055;101.325;1;0.733;-1.0;1980 tok man 0
111-87-5;;7732-18-5;water;308.141555;101.325;1;0.729;-1.0;1980 tok man 0
111-87-5;;7732-18-5;water;313.140055;101.325;1;0.727;-1.0;1980 tok man 0
111-87-5;;7732-18-5;water;283.148055;101.0;1;0.752081104226;-1.0;1983 jam & 0
111-87-5;;7732-18-5;water;293.14537;101.0;1;0.742792718128;-1.0;1983 jam & 0
111-87-5;;7732-18-5;water;303.143055;101.0;1;0.72261563225;-1.0;1983 jam & 0
111-87-5;;7732-18-5;water;313.140055;101.0;1;0.70493976592;-1.0;1983 jam & 0
111-87-5;;7732-18-5;water;298.19436;101.0;1;0.732790345458;-1.0;1984 bac hoe 0
111-87-5;;7732-18-5;water;353.129055;101.0;1;0.7035;0.000126;1984 leb kus 0
111-87-5;;7732-18-5;water;333.13437;101.0;1;0.7071;9e-05;1984 leb kus 0
111-87-5;;7732-18-5;water;313.140055;101.0;1;0.7115;7.2e-05;1984 leb kus 0
111-87-5;;7732-18-5;water;293.14537;101.0;1;0.7157;5.4e-05;1984 leb kus 0
111-87-5;;7732-18-5;water;283.148055;101.0;1;0.716;5.5e-05;1984 leb kus 0
111-87-5;;7732-18-5;water;278.149270073;101.0;1;0.712;5.6e-05;1984 leb kus 0
111-87-5;;7732-18-5;water;283.148055;101.32;1;0.762074723554;-1.0;1984 ste stu 0
111-87-5;;7732-18-5;water;292.14557;101.32;1;0.752579030342;-1.0;1984 ste stu 0
111-87-5;;7732-18-5;water;303.642905;101.32;1;0.746798076829;-1.0;1984 ste stu 0
111-87-5;;7732-18-5;water;313.140055;101.32;1;0.73244689259;-1.0;1984 ste stu 0
111-87-5;;7732-18-5;water;323.137055;101.32;1;0.72776351992;0.000145379207461;1984 ste stu 0
111-87-5;;7732-18-5;water;333.33433;101.32;1;0.710731802361;-1.0;1984 ste stu 0
111-87-5;;7732-18-5;water;343.232025;101.32;1;0.706676337515;-1.0;1984 ste stu 0
111-87-5;;7732-18-5;water;353.229025;101.32;1;0.709105073303;0.000120438360656;1984 ste stu 0
111-87-5;;7732-18-5;water;363.62627;101.32;1;0.701859337636;-1.0;1984 ste stu 0
111-87-5;;7732-18-5;water;293.64527;101.32;1;-1.0;6.78108794232e-05;1984 ste stu 0
111-87-5;;7732-18-5;water;303.742875;101.32;1;-1.0;8.85807658292e-05;1984 ste stu 0
111-87-5;;7732-18-5;water;313.240025;101.32;1;-1.0;8.99656159287e-05;1984 ste stu 0
111-87-5;;7732-18-5;water;333.43431;101.32;1;-1.0;0.000121823760134;1984 ste stu 0
111-87-5;;7732-18-5;water;343.431965;101.32;1;-1.0;0.000106585679879;1984 ste stu 0
111-87-5;;7732-18-5;water;363.42631;101.32;1;-1.0;0.000119052985071;1984 ste stu 0
111-87-5;;7732-18-5;water;293.15;101.3;1;0.7329;0.0002;1991 rat pal 0
111-87-5;;7732-18-5;water;298.15;101.0;1;0.711;0.000932;1992 dal car 0
111-87-5;;7732-18-5;water;298.15;101.3;1;0.732;-1.0;1994 arc bla 1
111-87-5;;7732-18-5;water;308.15;101.3;1;0.7316;-1.0;1994 arc bla 1
111-87-5;;7732-18-5;water;318.15;101.3;1;0.7419;-1.0;1994 arc bla 1
111-87-5;;7732-18-5;water;298.15;101.325;1;0.7655;-1.0;1994 tir gue 0
111-87-5;;7732-18-5;water;303.15;101.325;1;0.7289;-1.0;1994 tir gue 0
111-87-5;;7732-18-5;water;308.15;101.325;1;0.6935;-1.0;1994 tir gue 0
111-87-5;;7732-18-5;water;288.15;101.325;1;0.729;5.4e-05;1995 dal lis 0
111-87-5;;7732-18-5;water;293.15;101.325;1;0.727;5.6e-05;1995 dal lis 0
111-87-5;;7732-18-5;water;298.15;101.325;1;0.726;5.9e-05;1995 dal lis 0
111-87-5;;7732-18-5;water;303.15;101.325;1;0.724;6.2e-05;1995 dal lis 0
111-87-5;;7732-18-5;water;308.15;101.325;1;0.722;6.5e-05;1995 dal lis 0
111-87-5;;7732-18-5;water;313.15;101.325;1;0.719;6.9e-05;1995 dal lis 0
111-87-5;;7732-18-5;water;318.15;101.325;1;0.717;7.4e-05;1995 dal lis 0
111-87-5;;7732-18-5;water;323.15;101.325;1;0.714;7.8e-05;1995 dal lis 0
111-87-5;;7732-18-5;water;298.15;101.3;1;0.732;-1.0;1998 arc bla 2
111-87-5;;7732-18-5;water;298.15;101.3;1;0.7309;-1.0;1998 arc bla 2
111-87-5;;7732-18-5;water;298.2;101.0;1;0.722516613744;-1.0;2004 seg klo 0
111-87-5;;7732-18-5;water;275.56;101.0;1;0.731506271493;-1.0;2012 lan & 0
111-87-5;;7732-18-5;water;277.31;101.0;1;0.73137815849;-1.0;2012 lan & 0
111-87-5;;7732-18-5;water;283.54;101.0;1;0.731335462333;-1.0;2012 lan & 0
111-87-5;;7732-18-5;water;287.77;101.0;1;0.731164718574;-1.0;2012 lan & 0
111-87-5;;7732-18-5;water;293.16;101.0;1;0.730013905977;-1.0;2012 lan & 0
111-87-5;;7732-18-5;water;293.47;101.0;1;0.730482396795;-1.0;2012 lan & 0
111-87-5;;7732-18-5;water;295.67;101.0;1;0.729843667802;-1.0;2012 lan & 0
111-87-5;;7732-18-5;water;298.13;101.0;1;0.729503386635;-1.0;2012 lan & 0
111-87-5;;7732-18-5;water;298.28;101.0;1;0.729120881081;-1.0;2012 lan & 0
111-87-5;;7732-18-5;water;299.99;101.0;1;0.727086391358;-1.0;2012 lan & 0
111-87-5;;7732-18-5;water;303.06;101.0;1;0.728102471761;-1.0;2012 lan & 0
111-87-5;;7732-18-5;water;304.23;101.0;1;0.727297883114;-1.0;2012 lan & 0
111-87-5;;7732-18-5;water;306.05;101.0;1;0.726283640777;-1.0;2012 lan & 0
111-87-5;;7732-18-5;water;308.81;101.0;1;0.723632246911;-1.0;2012 lan & 0
111-87-5;;7732-18-5;water;315.89;101.0;1;0.718086597428;-1.0;2012 lan & 0
111-87-5;;7732-18-5;water;320.49;101.0;1;0.716225967132;-1.0;2012 lan & 0
111-87-5;;7732-18-5;water;324.81;101.0;1;0.712896615718;-1.0;2012 lan & 0
111-87-5;;7732-18-5;water;329.81;101.0;1;0.708091448732;-1.0;2012 lan & 0
111-87-5;;7732-18-5;water;335.45;101.0;1;0.703900008535;-1.0;2012 lan & 0
111-87-5;;7732-18-5;water;355.65;101.0;1;0.684760735608;-1.0;2012 lan & 0
111-87-5;;7732-18-5;water;369.65;101.0;1;0.670693696377;-1.0;2012 lan & 0
111-87-5;;7732-18-5;water;318.15;101.3;1;0.7321;-1.0;2014 dec pau 0
111-87-5;;7732-18-5;water;303.2;100.0;1;0.727255576701;7.19644269895e-05;2015 sri won 0
111-87-5;;7732-18-5;water;313.2;100.0;1;0.71519568473;8.99656159287e-05;2015 sri won 0
111-87-5;;7732-18-5;water;323.2;100.0;1;0.710446685599;0.000123209183506;2015 sri won 0
111-87-5;;7732-18-5;water;333.2;100.0;1;0.698875793095;0.000146765037115;2015 sri won 0
111-87-5;;7732-18-5;water;298.2;100.0;1;0.768052622629;6.91953714085e-05;2015 won sun 0
111-87-5;;7732-18-5;water;298.2;101.3;1;0.739347908952;0.00020776521621;2018 jia wan 0
111-87-5;;7732-18-5;water;308.2;101.3;1;0.73159170061;0.00020776521621;2018 jia wan 0
111-87-5;;7732-18-5;water;318.2;101.3;1;0.714825375564;0.000318793371386;2018 jia wan 0
111-87-5;;7732-18-5;water;303.15;101.3;1;0.7326;0.0001;2020 zha yu 0
111-87-5;;7732-18-5;water;313.15;101.3;1;0.7265;0.0001;2020 zha yu 0
111-87-5;;7732-18-5;water;323.15;101.3;1;0.7207;0.0001;2020 zha yu 0
111-87-5;;7732-18-5;water;303.15;101.3;1;0.729886221244;6.91953714085e-05;2021 zha yan 3
111-87-5;;7732-18-5;water;313.15;101.3;1;0.720204881486;0.000110741233275;2021 zha yan 3
111-87-5;;7732-18-5;water;323.15;101.3;1;0.714825375564;0.000138450417735;2021 zha yan 3
111-87-5;;7732-18-5;water;298.136;101.0;1;-1.0;8.11029878984e-05;1933 but tho 0
111-87-5;;7732-18-5;water;303.134;101.325;1;-1.0;0.000105;1934 sob gli 0
111-87-5;;7732-18-5;water;293.138;101.0;1;-1.0;8.30416042109e-05;1935 doo & 0
111-87-5;;7732-18-5;water;293.138;101.325;1;-1.0;5.8e-05;1945 add & 0
111-87-5;;7732-18-5;water;298.136;101.325;1;-1.0;8.1e-05;1946 mcb ric 0
111-87-5;;7732-18-5;water;298.136;101.325;1;-1.0;6.7e-05;1958 kin ish 0
111-87-5;;7732-18-5;water;298.136;101.0;1;-1.0;6.86934075207e-05;1959 shi yam 0
111-87-5;;7732-18-5;water;288.146555;101.33;1;-1.0;7.39472715992e-05;1973 voc pet 1
111-87-5;;7732-18-5;water;343.28201;101.0;1;-1.0;7.17011090391e-05;1976 bro san 0
111-87-5;;7732-18-5;water;333.08438;101.0;1;-1.0;7.16590351306e-05;1976 bro san 0
111-87-5;;7732-18-5;water;308.19154;101.0;1;-1.0;5.87985890293e-05;1976 bro san 0
111-87-5;;7732-18-5;water;298.19436;101.0;1;-1.0;5.72111785163e-05;1976 bro san 0
111-87-5;;7732-18-5;water;293.29534;101.0;1;-1.0;5.84233563014e-05;1976 bro san 0
111-87-5;;7732-18-5;water;298.19436;101.325;1;-1.0;6.78e-05;1983 jan yan 0
111-87-5;;7732-18-5;water;298.14437;101.0;1;-1.0;7.43001029836e-05;1987 san miy 0
111-87-5;;7732-18-5;water;278.149270073;101.0;1;-1.0;0.000160345779909;1988 dea bre 0
111-87-5;;7732-18-5;water;298.14437;101.0;1;-1.0;0.000119347498214;1988 dea bre 0
111-87-5;;7732-18-5;water;303.143055;101.0;1;-1.0;0.000114080697623;1988 dea bre 0
111-87-5;;7732-18-5;water;308.141555;101.0;1;-1.0;0.00010881760704;1988 dea bre 0
111-87-5;;7732-18-5;water;313.140055;101.0;1;-1.0;0.000101737456601;1988 dea bre 0
111-87-5;;7732-18-5;water;318.138555;101.0;1;-1.0;9.82911474463e-05;1988 dea bre 0
111-87-5;;7732-18-5;water;323.137055;101.0;1;-1.0;9.11971312209e-05;1988 dea bre 0
111-87-5;;7732-18-5;water;328.135555;101.0;1;-1.0;9.50619812075e-05;1988 dea bre 0
111-87-5;;7732-18-5;water;343.132055;101.0;1;-1.0;0.000158507261292;1988 dea bre 0
111-87-5;;7732-18-5;water;333.2;101.0;1;-1.0;0.000215374392733;2000 toc uch 0
111-87-5;;7732-18-5;water;293.15;101.0;1;-1.0;6.22731501695e-05;2012 shc kop 0
112-30-1;;7732-18-5;water;273.15;-1.0;1;0.8065;-1.0;1952 eri & 1
112-30-1;;7732-18-5;water;283.144;-1.0;1;0.785;-1.0;1952 eri & 1
112-30-1;;7732-18-5;water;293.138;-1.0;1;0.764;-1.0;1952 eri & 1
112-30-1;;7732-18-5;water;303.134;-1.0;1;0.7425;-1.0;1952 eri & 1
112-30-1;;7732-18-5;water;313.13;-1.0;1;0.7205;-1.0;1952 eri & 1
112-30-1;;7732-18-5;water;323.127;-1.0;1;0.6985;-1.0;1952 eri & 1
112-30-1;;7732-18-5;water;333.124;-1.0;1;0.6765;-1.0;1952 eri & 1
112-30-1;;7732-18-5;water;343.124;-1.0;1;0.655;-1.0;1952 eri & 1
112-30-1;;7732-18-5;water;353.123;-1.0;1;0.6335;-1.0;1952 eri & 1
112-30-1;;7732-18-5;water;363.123;-1.0;1;0.6115;-1.0;1952 eri & 1
112-30-1;;7732-18-5;water;373.124;-1.0;1;0.59;-1.0;1952 eri & 1
112-30-1;;7732-18-5;water;383.126;-1.0;1;0.568;-1.0;1952 eri & 1
112-30-1;;7732-18-5;water;393.127;-1.0;1;0.546;-1.0;1952 eri & 1
112-30-1;;7732-18-5;water;403.13;-1.0;1;0.5235;-1.0;1952 eri & 1
112-30-1;;7732-18-5;water;413.132;-1.0;1;0.502;-1.0;1952 eri & 1
112-30-1;;7732-18-5;water;423.134;-1.0;1;0.4805;-1.0;1952 eri & 1
112-30-1;;7732-18-5;water;433.138;-1.0;1;0.459;-1.0;1952 eri & 1
112-30-1;;7732-18-5;water;443.141;-1.0;1;0.437;-1.0;1952 eri & 1
112-30-1;;7732-18-5;water;453.145;-1.0;1;0.415;-1.0;1952 eri & 1
112-30-1;;7732-18-5;water;463.149;-1.0;1;0.393;-1.0;1952 eri & 1
112-30-1;;7732-18-5;water;473.153;-1.0;1;0.371;-1.0;1952 eri & 1
112-30-1;;7732-18-5;water;483.157;-1.0;1;0.3485;-1.0;1952 eri & 1
112-30-1;;7732-18-5;water;493.161;-1.0;1;0.3255;-1.0;1952 eri & 1
112-30-1;;7732-18-5;water;503.164;-1.0;1;0.3025;-1.0;1952 eri & 1
112-30-1;;7732-18-5;water;513.168;-1.0;1;0.278;-1.0;1952 eri & 1
112-30-1;;7732-18-5;water;523.171;-1.0;1;0.234;-1.0;1952 eri & 1
112-30-1;;7732-18-5;water;533.174;-1.0;1;0.227;-1.0;1952 eri & 1
112-30-1;;7732-18-5;water;288.146555;101.325;1;0.743;-1.0;1980 tok man 0
112-30-1;;7732-18-5;water;293.14537;101.325;1;0.739;-1.0;1980 tok man 0
112-30-1;;7732-18-5;water;298.14437;101.325;1;0.741;-1.0;1980 tok man 0
112-30-1;;7732-18-5;water;303.143055;101.325;1;0.743;-1.0;1980 tok man 0
112-30-1;;7732-18-5;water;308.141555;101.325;1;0.745;-1.0;1980 tok man 0
112-30-1;;7732-18-5;water;313.140055;101.325;1;0.748;-1.0;1980 tok man 0
112-30-1;;7732-18-5;water;298.19436;101.0;1;0.743460539679;-1.0;1984 bac hoe 0
112-30-1;;7732-18-5;water;353.129055;101.0;1;0.7313;-1.0;1984 leb kus 0
112-30-1;;7732-18-5;water;333.13437;101.0;1;0.7356;-1.0;1984 leb kus 0
112-30-1;;7732-18-5;water;313.140055;101.0;1;0.7359;-1.0;1984 leb kus 0
112-30-1;;7732-18-5;water;293.14537;101.0;1;0.7359;-1.0;1984 leb kus 0
112-30-1;;7732-18-5;water;283.148055;101.0;1;0.736;-1.0;1984 leb kus 0
112-30-1;;7732-18-5;water;278.149270073;101.0;1;0.7257;-1.0;1984 leb kus 0
112-30-1;;7732-18-5;water;292.94541;101.32;1;0.748677392042;-1.0;1986 ste stu 0
112-30-1;;7732-18-5;water;302.743175;101.32;1;0.766552038618;2.39053237638e-05;1986 ste stu 0
112-30-1;;7732-18-5;water;313.439965;101.32;1;0.759424234277;2.95983792451e-05;1986 ste stu 0
112-30-1;;7732-18-5;water;323.137055;101.32;1;0.753481099245;2.95983792451e-05;1986 ste stu 0
112-30-1;;7732-18-5;water;333.43431;101.32;1;0.754018094459;3.18757427357e-05;1986 ste stu 0
112-30-1;;7732-18-5;water;343.331995;101.32;1;0.754018094459;2.50438944913e-05;1986 ste stu 0
112-30-1;;7732-18-5;water;353.328995;101.32;1;0.749208551482;2.73210964984e-05;1986 ste stu 0
112-30-1;;7732-18-5;water;363.52629;101.32;1;0.74130810034;2.61824854027e-05;1986 ste stu 0
112-30-1;;7732-18-5;water;298.2;101.0;1;0.723702416403;-1.0;2004 seg klo 0
112-30-1;;7732-18-5;water;288.15;101.0;1;0.767105074542;-1.0;2011 bol gom 0
112-30-1;;7732-18-5;water;298.15;101.0;1;0.805180856862;-1.0;2011 bol gom 0
112-30-1;;7732-18-5;water;298.2;101.3;1;0.8235;0.0002;2015 sen & 0
112-30-1;;7732-18-5;water;298.2;101.3;1;0.8216;-1.0;2015 sen & 0
112-30-1;;7732-18-5;water;318.2;100.0;1;0.756;-1.0;2019 pad wie 0
112-30-1;;7732-18-5;water;298.136;101.325;1;-1.0;6e-06;1947 ste opp 0
112-30-1;;7732-18-5;water;293.138;101.325;1;-1.0;4e-06;1949 add hut 0
112-30-1;;7732-18-5;water;298.136;101.325;1;-1.0;4e-06;1958 kin ish 0
112-30-1;;7732-18-5;water;288.146555;101.33;1;-1.0;3.60562442783e-06;1973 voc pet 1
112-30-1;;7732-18-5;water;293.15;101.0;1;-1.0;4.32506588575e-06;2012 shc kop 0
112-40-3;;64-17-5;;272.0;100.0;1;0.123;0.709;SDS Smoothed
112-40-3;;64-17-5;;276.0;100.0;1;0.137;0.665;SDS Smoothed
112-40-3;;64-17-5;;280.0;100.0;1;0.156;0.61;SDS Smoothed
112-40-3;;64-17-5;;284.0;100.0;1;0.19;0.532;SDS Smoothed
112-40-3;;64-17-5;;272.800111111;100.0;1;0.6932;-1.0;1989 dah sch 0
112-40-3;;64-17-5;;277.199408759;100.0;1;0.6599;-1.0;1989 dah sch 0
112-40-3;;64-17-5;;280.69879;100.0;1;0.6108;-1.0;1989 dah sch 0
112-40-3;;64-17-5;;282.39828;100.0;1;0.5714;-1.0;1989 dah sch 0
112-40-3;;64-17-5;;283.09807;100.0;1;0.5314;-1.0;1989 dah sch 0
112-40-3;;64-17-5;;285.39738;100.0;1;0.4745;-1.0;1989 dah sch 0
112-40-3;;64-17-5;;286.09717;100.0;1;0.4028;-1.0;1989 dah sch 0
112-40-3;;64-17-5;;285.9972;100.0;1;0.3635;-1.0;1989 dah sch 0
112-40-3;;64-17-5;;286.19714;100.0;1;0.3294;-1.0;1989 dah sch 0
112-40-3;;64-17-5;;285.89723;100.0;1;-1.0;0.266;1989 dah sch 0
112-40-3;;64-17-5;;285.79726;100.0;1;-1.0;0.23;1989 dah sch 0
112-40-3;;64-17-5;;282.9981;100.0;1;-1.0;0.1741;1989 dah sch 0
112-40-3;;64-17-5;;280.19894;100.0;1;-1.0;0.1526;1989 dah sch 0
112-40-3;;64-17-5;;277.099423358;100.0;1;-1.0;0.14;1989 dah sch 0
112-40-3;;64-17-5;;275.099715328;100.0;1;-1.0;0.1298;1989 dah sch 0
112-40-3;;64-17-5;;271.300587302;100.0;1;-1.0;0.1264;1989 dah sch 0
112-40-3;;64-17-5;;283.45;101.3;1;0.55475;-1.0;2004 pel tro 0
112-40-3;;64-17-5;;284.45;101.3;1;0.53208;-1.0;2004 pel tro 0
112-40-3;;64-17-5;;285.25;101.3;1;0.49919;-1.0;2004 pel tro 0
112-40-3;;64-17-5;;286.15;101.3;1;0.45214;-1.0;2004 pel tro 0
112-40-3;;64-17-5;;286.95;101.3;1;0.40052;-1.0;2004 pel tro 0
112-40-3;;64-17-5;;286.75;101.3;1;-1.0;0.30506;2004 pel tro 0
112-40-3;;64-17-5;;286.55;101.3;1;-1.0;0.26228;2004 pel tro 0
112-40-3;;64-17-5;;284.95;101.3;1;-1.0;0.20282;2004 pel tro 0
112-40-3;;64-17-5;;262.01;100.0;1;0.789922412673;-1.0;2020 die ded 0
112-40-3;;64-17-5;;279.48;100.0;1;0.602154563352;-1.0;2020 die ded 0
112-40-3;;64-17-5;;282.37;100.0;1;0.546488220334;-1.0;2020 die ded 0
112-40-3;;64-17-5;;283.55;100.0;1;0.504618672354;-1.0;2020 die ded 0
112-40-3;;64-17-5;;284.81;100.0;1;0.44938185165;-1.0;2020 die ded 0
112-40-3;;64-17-5;;285.09;100.0;1;0.413198212719;-1.0;2020 die ded 0
112-40-3;;64-17-5;;285.27;100.0;1;0.395583908152;0.321565535648;2020 die ded 0
112-40-3;;64-17-5;;285.6;100.0;1;0.346987727765;-1.0;2020 die ded 0
112-40-3;;64-17-5;;285.29;100.0;1;-1.0;0.300000732134;2020 die ded 0
112-40-3;;64-17-5;;284.86;100.0;1;-1.0;0.252228441872;2020 die ded 0
112-40-3;;64-17-5;;284.7;100.0;1;-1.0;0.239291199206;2020 die ded 0
112-40-3;;64-17-5;;283.18;100.0;1;-1.0;0.201896834336;2020 die ded 0
112-40-3;;64-17-5;;281.92;100.0;1;-1.0;0.18064792689;2020 die ded 0
112-40-3;;64-17-5;;276.83;100.0;1;-1.0;0.140386095912;2020 die ded 0
112-40-3;;64-17-5;;259.32;100.0;1;-1.0;0.0745121782705;2020 die ded 0
112-40-3;;75-05-8;;373.72;101.0;1;0.6316;-1.0;1995 cue eus 0
112-40-3;;75-05-8;;381.9;101.0;1;0.5487;-1.0;1995 cue eus 0
112-40-3;;75-05-8;;384.97;101.0;1;0.507;-1.0;1995 cue eus 0
112-40-3;;75-05-8;;388.95;101.0;1;0.4435;-1.0;1995 cue eus 0
112-40-3;;75-05-8;;391.2;101.0;1;0.3924;-1.0;1995 cue eus 0
112-40-3;;75-05-8;;392.6;101.0;1;0.346;-1.0;1995 cue eus 0
112-40-3;;75-05-8;;392.93;101.0;1;0.2603;-1.0;1995 cue eus 0
112-40-3;;75-05-8;;393.17;101.0;1;0.23;-1.0;1995 cue eus 0
112-40-3;;75-05-8;;393.13;101.0;1;-1.0;0.1907;1995 cue eus 0
112-40-3;;75-05-8;;392.5;101.0;1;-1.0;0.1483;1995 cue eus 0
112-40-3;;75-05-8;;392.27;101.0;1;-1.0;0.1331;1995 cue eus 0
112-40-3;;75-05-8;;388.27;101.0;1;-1.0;0.0985;1995 cue eus 0
112-40-3;;75-05-8;;384.15;101.0;1;-1.0;0.0776;1995 cue eus 0
112-40-3;;75-05-8;;374.97;101.0;1;-1.0;0.0516;1995 cue eus 0
112-40-3;;75-05-8;;373.38;101.0;1;0.6501;-1.0;2011 kur yam 0
112-40-3;;75-05-8;;378.51;101.0;1;0.5983;-1.0;2011 kur yam 0
112-40-3;;75-05-8;;382.58;101.0;1;0.5504;-1.0;2011 kur yam 0
112-40-3;;75-05-8;;386.02;101.0;1;0.5023;-1.0;2011 kur yam 0
112-40-3;;75-05-8;;388.58;101.0;1;0.4659;-1.0;2011 kur yam 0
112-40-3;;75-05-8;;389.92;101.0;1;0.4353;-1.0;2011 kur yam 0
112-40-3;;75-05-8;;391.3;101.0;1;0.4019;-1.0;2011 kur yam 0
112-40-3;;75-05-8;;393.65;101.0;1;0.2997;-1.0;2011 kur yam 0
112-40-3;;75-05-8;;393.83;101.0;1;0.2781;-1.0;2011 kur yam 0
112-40-3;;75-05-8;;394.1;101.0;1;0.2499;-1.0;2011 kur yam 0
112-40-3;;75-05-8;;394.16;101.0;1;0.2364;-1.0;2011 kur yam 0
112-40-3;;75-05-8;;394.26;101.0;1;0.2243;0.2143;2011 kur yam 0
112-40-3;;75-05-8;;394.18;101.0;1;-1.0;0.1986;2011 kur yam 0
112-40-3;;75-05-8;;393.53;101.0;1;-1.0;0.1583;2011 kur yam 0
112-40-3;;75-05-8;;393.06;101.0;1;-1.0;0.138;2011 kur yam 0
112-40-3;;75-05-8;;391.73;101.0;1;-1.0;0.1169;2011 kur yam 0
112-40-3;;75-05-8;;390.22;101.0;1;-1.0;0.0986;2011 kur yam 0
112-40-3;;75-05-8;;386.91;101.0;1;-1.0;0.0817;2011 kur yam 0
112-40-3;;75-05-8;;382.72;101.0;1;-1.0;0.0682;2011 kur yam 0
112-40-3;;75-05-8;;373.72;101.0;1;-1.0;0.0481;2011 kur yam 0
112-40-3;;75-05-8;;368.13;101.0;1;-1.0;0.0395;2011 kur yam 0
112-40-3;;616-38-6;;280.09;101.0;1;0.6775;-1.0;1991 gon gar 1
112-40-3;;616-38-6;;284.54;101.0;1;0.6319;-1.0;1991 gon gar 1
112-40-3;;616-38-6;;287.87;101.0;1;0.5908;-1.0;1991 gon gar 1
112-40-3;;616-38-6;;290.16;101.0;1;0.5566;-1.0;1991 gon gar 1
112-40-3;;616-38-6;;291.23;101.0;1;0.5341;-1.0;1991 gon gar 1
112-40-3;;616-38-6;;292.77;101.0;1;0.5069;-1.0;1991 gon gar 1
112-40-3;;616-38-6;;294.37;101.0;1;0.4787;-1.0;1991 gon gar 1
112-40-3;;616-38-6;;295.45;101.0;1;0.4497;-1.0;1991 gon gar 1
112-40-3;;616-38-6;;295.94;101.0;1;0.4338;-1.0;1991 gon gar 1
112-40-3;;616-38-6;;296.93;101.0;1;0.3916;-1.0;1991 gon gar 1
112-40-3;;616-38-6;;297.15;101.0;1;0.3706;-1.0;1991 gon gar 1
112-40-3;;616-38-6;;297.56;101.0;1;0.3256;0.2189;1991 gon gar 1
112-40-3;;616-38-6;;297.7;101.0;1;0.3142;-1.0;1991 gon gar 1
112-40-3;;616-38-6;;297.84;101.0;1;0.2945;-1.0;1991 gon gar 1
112-40-3;;616-38-6;;297.84;101.0;1;0.2789;-1.0;1991 gon gar 1
112-40-3;;616-38-6;;285.48;101.0;1;-1.0;0.0716;1991 gon gar 1
112-40-3;;616-38-6;;291.96;101.0;1;-1.0;0.1034;1991 gon gar 1
112-40-3;;616-38-6;;293.56;101.0;1;-1.0;0.113;1991 gon gar 1
112-40-3;;616-38-6;;296.43;101.0;1;-1.0;0.154;1991 gon gar 1
112-40-3;;616-38-6;;296.69;101.0;1;-1.0;0.1605;1991 gon gar 1
112-40-3;;616-38-6;;296.95;101.0;1;-1.0;0.1701;1991 gon gar 1
112-40-3;;616-38-6;;297.41;101.0;1;-1.0;0.1999;1991 gon gar 1
112-40-3;;616-38-6;;297.82;101.0;1;-1.0;0.2621;1991 gon gar 1
112-40-3;;616-38-6;;297.85;101.0;1;-1.0;0.2613;1991 gon gar 1
112-40-3;;616-38-6;;298.15;101.0;1;0.52;0.11;1999 reg & 0
112-40-3;;616-38-6;;288.245;101.0;1;0.592;0.077;2011 hua che 2
112-40-3;;616-38-6;;289.791;101.0;1;0.57;0.084;2011 hua che 2
112-40-3;;616-38-6;;291.141;101.0;1;0.549;0.092;2011 hua che 2
112-40-3;;616-38-6;;292.263;101.0;1;0.528;0.099;2011 hua che 2
112-40-3;;616-38-6;;293.288;101.0;1;0.509;0.107;2011 hua che 2
112-40-3;;616-38-6;;294.173;101.0;1;0.489;0.116;2011 hua che 2
112-40-3;;616-38-6;;294.958;101.0;1;0.471;0.123;2011 hua che 2
112-40-3;;616-38-6;;295.605;101.0;1;0.454;0.131;2011 hua che 2
112-40-3;;616-38-6;;296.152;101.0;1;0.435;0.141;2011 hua che 2
112-40-3;;616-38-6;;296.579;101.0;1;0.419;0.148;2011 hua che 2
112-40-3;;616-38-6;;296.879;101.0;1;0.408;0.156;2011 hua che 2
112-40-3;;616-38-6;;297.081;101.0;1;0.398;0.161;2011 hua che 2
112-40-3;;616-38-6;;297.262;101.0;1;0.388;0.168;2011 hua che 2
112-40-3;;616-38-6;;297.416;101.0;1;0.38;0.173;2011 hua che 2
112-40-3;;616-38-6;;297.509;101.0;1;0.374;0.177;2011 hua che 2
112-40-3;;616-38-6;;297.592;101.0;1;0.367;0.182;2011 hua che 2
112-40-3;;616-38-6;;297.663;101.0;1;0.362;0.185;2011 hua che 2
112-40-3;;616-38-6;;297.723;101.0;1;0.357;0.189;2011 hua che 2
112-40-3;;616-38-6;;297.783;101.0;1;0.35;0.194;2011 hua che 2
112-40-3;;616-38-6;;297.834;101.0;1;0.346;0.198;2011 hua che 2
112-40-3;;616-38-6;;297.874;101.0;1;0.341;0.201;2011 hua che 2
112-40-3;;616-38-6;;297.906;101.0;1;0.336;0.206;2011 hua che 2
112-40-3;;616-38-6;;297.934;101.0;1;0.331;0.209;2011 hua che 2
112-40-3;;616-38-6;;297.959;101.0;1;0.326;0.212;2011 hua che 2
112-40-3;;616-38-6;;297.985;101.0;1;0.321;0.216;2011 hua che 2
112-40-3;;616-38-6;;298.007;101.0;1;0.314;0.221;2011 hua che 2
112-40-3;;616-38-6;;298.022;101.0;1;0.311;0.224;2011 hua che 2
112-40-3;;616-38-6;;298.035;101.0;1;0.308;0.231;2011 hua che 2
112-40-3;;616-38-6;;298.042;101.0;1;0.303;0.236;2011 hua che 2
112-40-3;;616-38-6;;298.049;101.0;1;0.3;0.239;2011 hua che 2
112-40-3;;616-38-6;;298.057;101.0;1;0.295;0.246;2011 hua che 2
112-40-3;;616-38-6;;298.061;101.0;1;0.291;-1.0;2011 hua che 2
112-40-3;;616-38-6;;298.064;101.0;1;0.287;-1.0;2011 hua che 2
112-53-8;;7732-18-5;water;294.64507;101.325;1;0.932040077802;-1.0;1976 zhu zhu 0
112-53-8;;7732-18-5;water;296.84463;101.325;1;0.880097927003;-1.0;1976 zhu zhu 0
112-53-8;;7732-18-5;water;297.34453;101.325;1;0.871941615006;-1.0;1976 zhu zhu 0
112-53-8;;7732-18-5;water;304.142755;101.325;1;0.848261835744;-1.0;1976 zhu zhu 0
112-53-8;;7732-18-5;water;314.639605;101.325;1;0.818415100202;-1.0;1976 zhu zhu 0
112-53-8;;7732-18-5;water;293.14537;101.325;1;0.932040077802;-1.0;1976 zhu zhu 0
112-53-8;;7732-18-5;water;299.14417;101.325;1;0.863918984842;-1.0;1976 zhu zhu 0
112-53-8;;7732-18-5;water;303.143055;101.325;1;0.752;-1.0;1980 tok man 0
112-53-8;;7732-18-5;water;308.141555;101.325;1;0.754;-1.0;1980 tok man 0
112-53-8;;7732-18-5;water;313.140055;101.325;1;0.756;-1.0;1980 tok man 0
112-53-8;;7732-18-5;water;302.643205;101.32;1;0.765912939262;3.86854317918e-05;1986 ste stu 0
112-53-8;;7732-18-5;water;313.140055;101.32;1;0.767201164954;4.83611598857e-05;1986 ste stu 0
112-53-8;;7732-18-5;water;323.336995;101.32;1;0.777645483444;8.70815670682e-05;1986 ste stu 0
112-53-8;;7732-18-5;water;333.63427;101.32;1;0.76143389381;0.000145214714485;1986 ste stu 0
112-53-8;;7732-18-5;water;343.631905;101.32;1;0.776985407816;8.70815670682e-05;1986 ste stu 0
112-53-8;;7732-18-5;water;353.428965;101.32;1;0.76462850454;0.000135521474965;1986 ste stu 0
112-53-8;;7732-18-5;water;363.92621;101.32;1;0.760162596535;0.00017430495749;1986 ste stu 0
112-53-8;;7732-18-5;water;303.2;101.0;1;0.942161529607;-1.0;2013 gil gil 2
112-53-8;;7732-18-5;water;313.2;101.0;1;0.919437237319;-1.0;2013 gil gil 2
112-53-8;;7732-18-5;water;323.2;101.0;1;0.906269097338;-1.0;2013 gil gil 2
112-53-8;;7732-18-5;water;298.15;101.0;1;0.77599713918;6.67498621685e-05;2019 jia she 1
112-53-8;;7732-18-5;water;313.15;101.0;1;0.769399896528;8.12717208107e-05;2019 jia she 1
112-53-8;;7732-18-5;water;323.15;101.0;1;0.763923675286;9.5797518347e-05;2019 jia she 1
112-53-8;;7732-18-5;water;333.15;101.0;1;0.744273833807;-1.0;2019 jia she 1
112-53-8;;7732-18-5;water;343.15;101.0;1;0.749257384439;9.67660449382e-05;2019 jia she 1
112-53-8;;7732-18-5;water;289.1404;101.325;1;-1.0;1.6e-07;1965 kra lan 0
112-53-8;;7732-18-5;water;307.1324;101.325;1;-1.0;2.8e-07;1965 kra lan 0
112-53-8;;7732-18-5;water;322.1273;101.325;1;-1.0;3.5e-07;1965 kra lan 0
112-53-8;;7732-18-5;water;298.136;101.325;1;-1.0;4.15590496455e-07;1966 rob & 0
124-18-5;;355-42-0;;296.6;101.3;1;0.9501;-1.0;2005 lon sca 0
124-18-5;;355-42-0;;326.0;101.3;1;0.8992;-1.0;2005 lon sca 0
124-18-5;;355-42-0;;345.1;101.3;1;0.8;-1.0;2005 lon sca 0
124-18-5;;355-42-0;;359.3;101.3;1;0.7002;-1.0;2005 lon sca 0
124-18-5;;355-42-0;;365.6;101.3;1;0.5996;-1.0;2005 lon sca 0
124-18-5;;355-42-0;;366.1;101.3;1;-1.0;0.5047;2005 lon sca 0
124-18-5;;355-42-0;;364.8;101.3;1;-1.0;0.4016;2005 lon sca 0
124-18-5;;355-42-0;;361.3;101.3;1;-1.0;0.3033;2005 lon sca 0
124-18-5;;355-42-0;;348.0;101.3;1;-1.0;0.2009;2005 lon sca 0
124-18-5;;355-42-0;;329.9;101.3;1;-1.0;0.1013;2005 lon sca 0
124-18-5;;355-42-0;;306.09;101.0;1;0.9397;-1.0;2013 mat hir 0
124-18-5;;355-42-0;;327.11;101.0;1;0.909;-1.0;2013 mat hir 0
124-18-5;;355-42-0;;336.02;101.0;1;0.8919;-1.0;2013 mat hir 0
124-18-5;;355-42-0;;347.58;101.0;1;0.8586;-1.0;2013 mat hir 0
124-18-5;;355-42-0;;351.4;101.0;1;0.8438;-1.0;2013 mat hir 0
124-18-5;;355-42-0;;360.48;101.0;1;0.7934;0.2503;2013 mat hir 0
124-18-5;;355-42-0;;365.55;101.0;1;0.7511;-1.0;2013 mat hir 0
124-18-5;;355-42-0;;369.12;101.0;1;0.6917;-1.0;2013 mat hir 0
124-18-5;;355-42-0;;370.71;101.0;1;0.6428;-1.0;2013 mat hir 0
124-18-5;;355-42-0;;371.67;101.0;1;0.5855;-1.0;2013 mat hir 0
124-18-5;;355-42-0;;371.89;101.0;1;0.547;-1.0;2013 mat hir 0
124-18-5;;355-42-0;;371.92;101.0;1;-1.0;0.5114;2013 mat hir 0
124-18-5;;355-42-0;;371.92;101.0;1;-1.0;0.5114;2013 mat hir 0
124-18-5;;355-42-0;;371.4;101.0;1;-1.0;0.4454;2013 mat hir 0
124-18-5;;355-42-0;;368.07;101.0;1;-1.0;0.3477;2013 mat hir 0
124-18-5;;355-42-0;;364.26;101.0;1;-1.0;0.2923;2013 mat hir 0
124-18-5;;355-42-0;;353.71;101.0;1;-1.0;0.1941;2013 mat hir 0
124-18-5;;355-42-0;;344.24;101.0;1;-1.0;0.146;2013 mat hir 0
124-18-5;;355-42-0;;339.65;101.0;1;-1.0;0.128;2013 mat hir 0
124-18-5;;616-38-6;;281.16;101.0;1;0.59;-1.0;1991 gon gar 1
124-18-5;;616-38-6;;283.57;101.0;1;0.5317;-1.0;1991 gon gar 1
124-18-5;;616-38-6;;284.16;101.0;1;0.5147;-1.0;1991 gon gar 1
124-18-5;;616-38-6;;284.88;101.0;1;0.4874;-1.0;1991 gon gar 1
124-18-5;;616-38-6;;285.7;101.0;1;0.4548;-1.0;1991 gon gar 1
124-18-5;;616-38-6;;285.94;101.0;1;0.4359;-1.0;1991 gon gar 1
124-18-5;;616-38-6;;286.08;101.0;1;0.4223;-1.0;1991 gon gar 1
124-18-5;;616-38-6;;286.35;101.0;1;0.4045;-1.0;1991 gon gar 1
124-18-5;;616-38-6;;286.48;101.0;1;0.3712;-1.0;1991 gon gar 1
124-18-5;;616-38-6;;286.6;101.0;1;0.3281;0.2974;1991 gon gar 1
124-18-5;;616-38-6;;286.62;101.0;1;-1.0;0.3136;1991 gon gar 1
124-18-5;;616-38-6;;286.55;101.0;1;-1.0;0.3081;1991 gon gar 1
124-18-5;;616-38-6;;286.41;101.0;1;-1.0;0.2453;1991 gon gar 1
124-18-5;;616-38-6;;285.92;101.0;1;-1.0;0.2159;1991 gon gar 1
124-18-5;;616-38-6;;285.91;101.0;1;-1.0;0.2121;1991 gon gar 1
124-18-5;;616-38-6;;284.97;101.0;1;-1.0;0.182;1991 gon gar 1
124-18-5;;616-38-6;;284.13;101.0;1;-1.0;0.1617;1991 gon gar 1
124-18-5;;616-38-6;;283.23;101.0;1;-1.0;0.1495;1991 gon gar 1
124-18-5;;616-38-6;;281.27;101.0;1;-1.0;0.1284;1991 gon gar 1
124-18-5;;616-38-6;;277.61;101.0;1;0.652;0.101;2009 hua xia 1
124-18-5;;616-38-6;;279.174;101.0;1;0.629;0.109;2009 hua xia 1
124-18-5;;616-38-6;;280.775;101.0;1;0.603;0.121;2009 hua xia 1
124-18-5;;616-38-6;;281.436;101.0;1;0.589;0.126;2009 hua xia 1
124-18-5;;616-38-6;;282.444;101.0;1;0.568;0.134;2009 hua xia 1
124-18-5;;616-38-6;;283.308;101.0;1;0.551;0.144;2009 hua xia 1
124-18-5;;616-38-6;;284.007;101.0;1;0.532;0.152;2009 hua xia 1
124-18-5;;616-38-6;;284.655;101.0;1;0.511;0.161;2009 hua xia 1
124-18-5;;616-38-6;;285.233;101.0;1;0.492;0.173;2009 hua xia 1
124-18-5;;616-38-6;;285.636;101.0;1;0.476;0.181;2009 hua xia 1
124-18-5;;616-38-6;;285.921;101.0;1;0.464;0.189;2009 hua xia 1
124-18-5;;616-38-6;;286.108;101.0;1;0.453;0.194;2009 hua xia 1
124-18-5;;616-38-6;;286.217;101.0;1;0.45;0.199;2009 hua xia 1
124-18-5;;616-38-6;;286.322;101.0;1;0.443;0.203;2009 hua xia 1
124-18-5;;616-38-6;;286.415;101.0;1;0.44;0.208;2009 hua xia 1
124-18-5;;616-38-6;;286.501;101.0;1;0.431;0.212;2009 hua xia 1
124-18-5;;616-38-6;;286.581;101.0;1;0.427;0.214;2009 hua xia 1
124-18-5;;616-38-6;;286.654;101.0;1;0.42;0.221;2009 hua xia 1
124-18-5;;616-38-6;;286.719;101.0;1;0.414;0.225;2009 hua xia 1
124-18-5;;616-38-6;;286.776;101.0;1;0.407;0.229;2009 hua xia 1
124-18-5;;616-38-6;;286.824;101.0;1;0.403;0.232;2009 hua xia 1
124-18-5;;616-38-6;;286.867;101.0;1;0.397;0.238;2009 hua xia 1
124-18-5;;616-38-6;;286.909;101.0;1;0.392;0.24;2009 hua xia 1
124-18-5;;616-38-6;;286.941;101.0;1;0.386;0.244;2009 hua xia 1
124-18-5;;616-38-6;;286.969;101.0;1;0.381;0.248;2009 hua xia 1
124-18-5;;616-38-6;;286.992;101.0;1;0.377;0.252;2009 hua xia 1
124-18-5;;616-38-6;;287.015;101.0;1;0.373;0.257;2009 hua xia 1
124-18-5;;616-38-6;;287.037;101.0;1;0.366;0.263;2009 hua xia 1
124-18-5;;616-38-6;;287.054;101.0;1;0.362;0.265;2009 hua xia 1
124-18-5;;616-38-6;;287.066;101.0;1;0.358;0.269;2009 hua xia 1
124-18-5;;616-38-6;;287.076;101.0;1;0.351;0.275;2009 hua xia 1
124-18-5;;616-38-6;;287.088;101.0;1;0.342;0.287;2009 hua xia 1
124-18-5;;616-38-6;;287.096;101.0;1;0.338;-1.0;2009 hua xia 1
141-78-6;;7732-18-5;water;333.13437;-1.0;1;0.7958;-1.0;1978 sug kat 0
141-78-6;;7732-18-5;water;333.13437;-1.0;1;-1.0;0.0118;1978 sug kat 0
141-78-6;;7732-18-5;water;308.15;-1.0;1;0.8505;-1.0;2002 hon lee 1
141-78-6;;7732-18-5;water;313.15;-1.0;1;0.8443;-1.0;2002 hon lee 1
141-78-6;;7732-18-5;water;318.15;-1.0;1;0.8385;-1.0;2002 hon lee 1
141-78-6;;7732-18-5;water;323.15;-1.0;1;0.8322;-1.0;2002 hon lee 1
141-78-6;;7732-18-5;water;328.15;-1.0;1;0.8252;-1.0;2002 hon lee 1
141-78-6;;7732-18-5;water;333.15;-1.0;1;0.8093;-1.0;2002 hon lee 1
141-78-6;;7732-18-5;water;338.15;-1.0;1;0.7972;-1.0;2002 hon lee 1
141-78-6;;7732-18-5;water;343.15;-1.0;1;0.7892;-1.0;2002 hon lee 1
141-78-6;;7732-18-5;water;348.15;-1.0;1;0.7404;-1.0;2002 hon lee 1
141-78-6;;7732-18-5;water;308.15;-1.0;1;-1.0;0.0145;2002 hon lee 1
141-78-6;;7732-18-5;water;313.15;-1.0;1;-1.0;0.0142;2002 hon lee 1
141-78-6;;7732-18-5;water;318.15;-1.0;1;-1.0;0.0137;2002 hon lee 1
141-78-6;;7732-18-5;water;323.15;-1.0;1;-1.0;0.0134;2002 hon lee 1
141-78-6;;7732-18-5;water;328.15;-1.0;1;-1.0;0.0131;2002 hon lee 1
141-78-6;;7732-18-5;water;333.15;-1.0;1;-1.0;0.0129;2002 hon lee 1
141-78-6;;7732-18-5;water;338.15;-1.0;1;-1.0;0.0126;2002 hon lee 1
141-78-6;;7732-18-5;water;343.15;-1.0;1;-1.0;0.0122;2002 hon lee 1
141-78-6;;7732-18-5;water;348.15;-1.0;1;-1.0;0.012;2002 hon lee 1
141-78-6;;7732-18-5;water;290.6395;101.0;1;0.875;0.0172;1853 mar & 1
141-78-6;;7732-18-5;water;273.15;101.325;1;0.872;0.0217;1910 bon & 0
141-78-6;;7732-18-5;water;274.74904;101.0;1;0.894286135714;-1.0;1913 mer & 2
141-78-6;;7732-18-5;water;280.24574;101.0;1;0.888164821097;-1.0;1913 mer & 2
141-78-6;;7732-18-5;water;286.44202;101.0;1;0.880103609707;-1.0;1913 mer & 2
141-78-6;;7732-18-5;water;290.83938;101.0;1;0.872549879814;-1.0;1913 mer & 2
141-78-6;;7732-18-5;water;293.138;101.0;1;0.869399301675;-1.0;1913 mer & 2
141-78-6;;7732-18-5;water;299.03564;101.0;1;0.858509343557;-1.0;1913 mer & 2
141-78-6;;7732-18-5;water;306.53264;101.0;1;0.845565616121;-1.0;1913 mer & 2
141-78-6;;7732-18-5;water;309.83132;101.0;1;0.84106866552;-1.0;1913 mer & 2
141-78-6;;7732-18-5;water;312.73016;101.0;1;0.834391600107;-1.0;1913 mer & 2
141-78-6;;7732-18-5;water;313.82979;101.0;1;0.832183919855;-1.0;1913 mer & 2
141-78-6;;7732-18-5;water;319.1282;101.0;1;0.822719614294;-1.0;1913 mer & 2
141-78-6;;7732-18-5;water;326.22607;101.0;1;0.808476069693;-1.0;1913 mer & 2
141-78-6;;7732-18-5;water;331.1246;101.0;1;0.79872713806;-1.0;1913 mer & 2
141-78-6;;7732-18-5;water;293.138;101.325;1;0.848;0.016;1929 jon & 0
141-78-6;;7732-18-5;water;273.15;101.0;1;0.898403497646;0.0222141660162;1931 mio & 0
141-78-6;;7732-18-5;water;288.141;101.0;1;0.875718131579;0.0181707767556;1931 mio & 0
141-78-6;;7732-18-5;water;303.134;101.0;1;0.848584101538;0.015386407953;1931 mio & 0
141-78-6;;7732-18-5;water;298.136;101.325;1;0.869;0.0172;1932 par hof 0
141-78-6;;7732-18-5;water;298.136;101.0;1;0.859280209941;0.0164470638928;1937 llo tho 0
141-78-6;;7732-18-5;water;273.15;101.0;1;0.896753023996;0.0214098391373;1938 bee gla 0
141-78-6;;7732-18-5;water;293.138;101.0;1;0.876512973464;0.0168854328857;1938 bee gla 0
141-78-6;;7732-18-5;water;313.13;101.0;1;-1.0;0.0140512799756;1938 bee gla 0
141-78-6;;7732-18-5;water;298.136;101.325;1;0.861;0.0163;1952 don bar 0
141-78-6;;7732-18-5;water;303.134;101.0;1;0.849341307009;0.015386407953;1952 soh war 0
141-78-6;;7732-18-5;water;288.141;101.325;1;0.8702;0.0176;1953 gay pra 0
141-78-6;;7732-18-5;water;288.141;101.325;1;0.8789;-1.0;1953 gay pra 0
141-78-6;;7732-18-5;water;293.138;101.325;1;0.8635;0.0166;1953 gay pra 0
141-78-6;;7732-18-5;water;293.138;101.325;1;0.8726;-1.0;1953 gay pra 0
141-78-6;;7732-18-5;water;298.136;101.325;1;0.8566;0.016;1953 gay pra 0
141-78-6;;7732-18-5;water;298.136;101.325;1;0.8635;-1.0;1953 gay pra 0
141-78-6;;7732-18-5;water;303.134;101.325;1;0.8456;0.0154;1953 gay pra 0
141-78-6;;7732-18-5;water;303.134;101.325;1;0.8551;-1.0;1953 gay pra 0
141-78-6;;7732-18-5;water;310.98086;101.0;1;0.809179316006;0.0151569183661;1954 jon mcc 0
141-78-6;;7732-18-5;water;303.134;101.0;1;0.8505;0.0156623068016;1955 rao rao 0
141-78-6;;7732-18-5;water;303.134;101.0;1;0.850479061938;-1.0;1955 rao rao 0
141-78-6;;7732-18-5;water;303.134;101.0;1;0.849341307009;0.0160772045425;1957 ven rao 0
141-78-6;;7732-18-5;water;303.134;101.0;1;0.849341307009;-1.0;1957 ven rao 0
141-78-6;;7732-18-5;water;308.132;101.325;1;0.849;0.0196;1961 ram som 0
141-78-6;;7732-18-5;water;298.136;101.0;1;0.899;0.016;1963 aki yos 0
141-78-6;;7732-18-5;water;343.124;101.0;1;0.762;0.013;1963 aki yos 0
141-78-6;;7732-18-5;water;293.138;101.325;1;0.857;0.0187;1965 zhe bro 1
141-78-6;;7732-18-5;water;323.127;101.325;1;0.8336;0.015;1965 zhe bro 1
141-78-6;;7732-18-5;water;303.134;101.0;1;0.849720298822;0.0157313688587;1966 pai rao 0
141-78-6;;7732-18-5;water;273.15;101.325;1;0.8935;0.0205;1966 pai san 0
141-78-6;;7732-18-5;water;303.134;101.325;1;0.8589;0.0145;1966 pai san 0
141-78-6;;7732-18-5;water;273.15;101.0;1;0.893466182152;0.020511095165;1966 pai san 0
141-78-6;;7732-18-5;water;303.134;101.0;1;0.858894643622;0.0144707637413;1966 pai san 0
141-78-6;;7732-18-5;water;303.143055;101.325;1;0.842;0.0145;1968 nak & 1
141-78-6;;7732-18-5;water;293.14537;101.0;1;0.868614401327;0.0171432572135;1971 bat bal 0
141-78-6;;7732-18-5;water;343.531935;101.0;1;0.768565051581;0.013561254381;1971 bat bal 0
141-78-6;;7732-18-5;water;298.14437;101.325;1;0.8869;0.0131;1971 igu fus 0
141-78-6;;7732-18-5;water;298.14437;100.0;1;0.846318691242;0.0162388948337;1971 kru shc 1
141-78-6;;7732-18-5;water;298.14437;101.325;1;0.865;0.0149;1971 utk zam 0
141-78-6;;7732-18-5;water;313.140055;101.325;1;0.834;0.0124;1971 utk zam 0
141-78-6;;7732-18-5;water;273.15;101.325;1;0.8988;0.0191;1972 ale sad 0
141-78-6;;7732-18-5;water;313.140055;101.0;1;0.835129483615;0.0134932867715;1972 mer & 0
141-78-6;;7732-18-5;water;328.135555;101.0;1;0.803579201589;0.0117380361731;1972 mer & 0
141-78-6;;7732-18-5;water;343.132055;101.0;1;0.774788220247;0.0109578058177;1972 mer & 0
141-78-6;;7732-18-5;water;273.15;101.325;1;0.8988;0.0196;1972 sad kom 0
141-78-6;;7732-18-5;water;278.149270073;101.325;1;0.855;0.01625;1973 woy ric 0
141-78-6;;7732-18-5;water;298.14437;101.0;1;0.845565616121;0.0158465500582;1978 alv nei 0
141-78-6;;7732-18-5;water;307.89163;101.325;1;0.8401;-1.0;1979 skr mac 0
141-78-6;;7732-18-5;water;322.68719;101.325;1;0.8116;-1.0;1979 skr mac 0
141-78-6;;7732-18-5;water;332.18456;101.325;1;0.7902;-1.0;1979 skr mac 0
141-78-6;;7732-18-5;water;344.68159;101.325;1;0.7575;-1.0;1979 skr mac 0
141-78-6;;7732-18-5;water;346.18114;101.325;1;0.7536;-1.0;1979 skr mac 0
141-78-6;;7732-18-5;water;364.07618;101.325;1;0.7114;-1.0;1979 skr mac 0
141-78-6;;7732-18-5;water;285.79726;101.325;1;-1.0;0.0178;1979 skr mac 0
141-78-6;;7732-18-5;water;299.19416;101.325;1;-1.0;0.0176;1979 skr mac 0
141-78-6;;7732-18-5;water;307.09187;101.325;1;-1.0;0.0152;1979 skr mac 0
141-78-6;;7732-18-5;water;311.59052;101.325;1;-1.0;0.0145;1979 skr mac 0
141-78-6;;7732-18-5;water;318.58842;101.325;1;-1.0;0.0136;1979 skr mac 0
141-78-6;;7732-18-5;water;320.18794;101.325;1;-1.0;0.0133;1979 skr mac 0
141-78-6;;7732-18-5;water;327.68569;101.325;1;-1.0;0.0124;1979 skr mac 0
141-78-6;;7732-18-5;water;342.9821;101.325;1;-1.0;0.0133;1979 skr mac 0
141-78-6;;7732-18-5;water;349.38018;101.325;1;-1.0;0.0145;1979 skr mac 0
141-78-6;;7732-18-5;water;356.07817;101.325;1;-1.0;0.0158;1979 skr mac 0
141-78-6;;7732-18-5;water;323.137055;101.325;1;0.8222;0.0165;1985 ouy wan 1
141-78-6;;7732-18-5;water;298.09438;101.325;1;0.885;0.0163558819304;1985 ric via 0
141-78-6;;7732-18-5;water;318.08857;101.325;1;-1.0;0.0140146333145;1985 ric via 0
141-78-6;;7732-18-5;water;273.15;101.32;1;0.903800300619;0.0215160267346;1986 ste stu 0
141-78-6;;7732-18-5;water;282.948115;101.32;1;0.889383871119;0.0189229144547;1986 ste stu 0
141-78-6;;7732-18-5;water;293.34533;101.32;1;0.873340280056;0.0169804952395;1986 ste stu 0
141-78-6;;7732-18-5;water;302.843145;101.32;1;0.858509343557;0.0147219517082;1986 ste stu 0
141-78-6;;7732-18-5;water;312.640205;101.32;1;0.8440625457;0.0135159388471;1986 ste stu 0
141-78-6;;7732-18-5;water;323.137055;101.32;1;0.829254201883;0.0133348283922;1986 ste stu 0
141-78-6;;7732-18-5;water;333.03439;101.32;1;0.822358886057;0.0130184678962;1986 ste stu 0
141-78-6;;7732-18-5;water;343.631905;101.32;1;0.81483888297;0.0126128049601;1986 ste stu 0
141-78-6;;7732-18-5;water;293.15;101.325;1;0.853142945611;0.0181707767556;1990 rat pal 1
141-78-6;;7732-18-5;water;293.15;101.3;1;0.8532;0.0182;1991 rat pal 0
141-78-6;;7732-18-5;water;293.58;101.0;1;0.869006714722;-1.0;1994 liu li 0
141-78-6;;7732-18-5;water;302.8;101.0;1;0.854670926409;-1.0;1994 liu li 0
141-78-6;;7732-18-5;water;311.37;101.0;1;0.835129483615;-1.0;1994 liu li 0
141-78-6;;7732-18-5;water;317.32;101.0;1;0.822719614294;-1.0;1994 liu li 0
141-78-6;;7732-18-5;water;325.62;101.0;1;0.805672336983;-1.0;1994 liu li 0
141-78-6;;7732-18-5;water;329.7;101.0;1;0.794945835073;-1.0;1994 liu li 0
141-78-6;;7732-18-5;water;334.07;101.0;1;0.788816334042;-1.0;1994 liu li 0
141-78-6;;7732-18-5;water;338.63;101.0;1;0.769542661755;-1.0;1994 liu li 0
141-78-6;;7732-18-5;water;299.11;101.0;1;0.856203119088;0.0157636097918;1994 liu li 0
141-78-6;;7732-18-5;water;302.83;101.0;1;0.846771030297;0.0148797524287;1994 liu li 0
141-78-6;;7732-18-5;water;312.81;101.0;1;0.831083425567;0.0138198430786;1994 liu li 0
141-78-6;;7732-18-5;water;323.64;101.0;1;0.809108949603;0.0134638447435;1994 liu li 0
141-78-6;;7732-18-5;water;333.11;101.0;1;0.789866873662;0.0132421032343;1994 liu li 0
141-78-6;;7732-18-5;water;293.38;101.0;1;-1.0;0.0173062126682;1994 liu li 0
141-78-6;;7732-18-5;water;303.02;101.0;1;-1.0;0.0158695979727;1994 liu li 0
141-78-6;;7732-18-5;water;307.92;101.0;1;-1.0;0.015409378198;1994 liu li 0
141-78-6;;7732-18-5;water;310.52;101.0;1;-1.0;0.0153404790816;1994 liu li 0
141-78-6;;7732-18-5;water;316.07;101.0;1;-1.0;0.0148591593335;1994 liu li 0
141-78-6;;7732-18-5;water;325.05;101.0;1;-1.0;0.0142428136734;1994 liu li 0
141-78-6;;7732-18-5;water;329.2;101.0;1;-1.0;0.0141062272747;1994 liu li 0
141-78-6;;7732-18-5;water;338.13;101.0;1;-1.0;0.0138334667019;1994 liu li 0
141-78-6;;7732-18-5;water;303.15;101.325;1;0.859;0.013;1996 kom yam 0
141-78-6;;7732-18-5;water;298.15;101.3;1;0.862374358842;0.0152945656951;1999 als kap 0
141-78-6;;7732-18-5;water;298.15;100.0;1;0.867;0.022;1999 arc alo 0
141-78-6;;7732-18-5;water;318.15;100.0;1;0.862;0.02;1999 arc alo 0
141-78-6;;7732-18-5;water;308.15;100.0;1;0.868;0.022;1999 arc alo 0
141-78-6;;7732-18-5;water;343.6;101.0;1;0.775;0.012;2000 gom rui 0
141-78-6;;7732-18-5;water;283.15;101.3;1;0.889;0.019;2002 hon lee 0
141-78-6;;7732-18-5;water;308.15;101.3;1;0.839;0.015;2002 hon lee 0
141-78-6;;7732-18-5;water;323.15;101.3;1;0.816;0.013;2002 hon lee 0
141-78-6;;7732-18-5;water;298.0;101.3;1;0.8468;-1.0;2005 kim par 0
141-78-6;;7732-18-5;water;283.15;101.3;1;0.8915;0.0186;2005 lin yeh 0
141-78-6;;7732-18-5;water;298.15;101.3;1;0.872;0.0142;2005 lin yeh 0
141-78-6;;7732-18-5;water;313.15;101.3;1;0.831;0.0142;2005 lin yeh 0
141-78-6;;7732-18-5;water;298.2;101.32;1;0.8677;0.0176;2006 ceh ozm 0
141-78-6;;7732-18-5;water;283.2;101.3;1;0.888;0.019;2007 che cha 1
141-78-6;;7732-18-5;water;323.2;101.3;1;0.811;0.022;2007 che cha 1
141-78-6;;7732-18-5;water;288.2;101.0;1;0.8745;0.0194;2012 alm wal 0
141-78-6;;7732-18-5;water;303.2;101.0;1;0.8508;0.0166;2012 alm wal 0
141-78-6;;7732-18-5;water;318.2;101.0;1;0.806;0.0142;2012 alm wal 0
141-78-6;;7732-18-5;water;298.15;101.0;1;0.819123145734;0.0184053789643;2014 won hro 0
141-78-6;;7732-18-5;water;298.2;101.0;1;0.828159616815;0.0175160116782;2014 won hro 2
141-78-6;;7732-18-5;water;298.15;101.3;1;0.8285;0.0139;2017 xu zha 0
141-78-6;;7732-18-5;water;318.15;101.3;1;0.7946;0.0117;2017 xu zha 0
141-78-6;;7732-18-5;water;313.2;95.0;1;0.817;0.0163;2018 roq pin 0
141-78-6;;7732-18-5;water;293.2;95.0;1;0.8733;0.0172;2018 roq pin 0
141-78-6;;7732-18-5;water;308.2;101.3;1;0.855436495176;0.0151569183661;2019 dai zha 0
141-78-6;;7732-18-5;water;308.2;101.3;1;0.848584101538;0.0152716148062;2020 liu jia 0
141-78-6;;7732-18-5;water;293.15;100.0;1;0.8886;0.018;2020 rob lou 0
141-78-6;;7732-18-5;water;299.15;100.0;1;0.8653;0.0212;2020 rob lou 0
141-78-6;;7732-18-5;water;303.15;100.0;1;0.8647;0.0175;2020 rob lou 0
141-78-6;;7732-18-5;water;308.15;100.0;1;0.8479;0.0179;2020 rob lou 0
141-78-6;;7732-18-5;water;333.15;101.0;1;0.755;0.013;2020 tro sad 0
141-78-6;;7732-18-5;water;323.15;101.0;1;0.768;0.013;2020 tro sad 0
141-78-6;;7732-18-5;water;308.15;101.3;1;0.8402;0.0007;2021 wu wu 0
141-78-6;;7732-18-5;water;298.15;101.3;1;0.8652;0.0008;2021 wu wu 0
141-78-6;;7732-18-5;water;298.136;101.325;1;-1.0;0.0176;1851 moh & 0
141-78-6;;7732-18-5;water;298.136;101.325;1;-1.0;0.0172;1851 moh & 0
141-78-6;;7732-18-5;water;295.1372;101.0;1;-1.0;0.011091237702;1884 tra & 0
141-78-6;;7732-18-5;water;301.1348;101.325;1;-1.0;0.0147;1899 eul & 0
141-78-6;;7732-18-5;water;273.15;101.325;1;-1.0;0.0219;1906 ray & 0
141-78-6;;7732-18-5;water;283.144;101.325;1;-1.0;0.0194;1906 ray & 0
141-78-6;;7732-18-5;water;293.138;101.325;1;-1.0;0.0173;1906 ray & 0
141-78-6;;7732-18-5;water;303.134;101.325;1;-1.0;0.0157;1906 ray & 0
141-78-6;;7732-18-5;water;278.147;101.325;1;-1.0;0.0147;1917 eul sva 0
141-78-6;;7732-18-5;water;293.138;101.0;1;-1.0;0.0138788886796;1924 fuh & 0
141-78-6;;7732-18-5;water;273.15;101.0;1;-1.0;0.02082;1925 gla pou 0
141-78-6;;7732-18-5;water;283.144;101.0;1;-1.0;0.01779;1925 gla pou 0
141-78-6;;7732-18-5;water;298.136;101.0;1;-1.0;0.01488;1925 gla pou 0
141-78-6;;7732-18-5;water;298.136;101.0;1;-1.0;0.01489;1925 gla pou 0
141-78-6;;7732-18-5;water;310.1312;101.0;1;-1.0;0.01341;1925 gla pou 0
141-78-6;;7732-18-5;water;323.127;101.0;1;-1.0;0.0122;1925 gla pou 0
141-78-6;;7732-18-5;water;273.15;101.0;1;-1.0;0.0208;1928 ken har 0
141-78-6;;7732-18-5;water;283.144;101.0;1;-1.0;0.0179;1928 ken har 0
141-78-6;;7732-18-5;water;293.138;101.0;1;-1.0;0.0158;1928 ken har 0
141-78-6;;7732-18-5;water;298.136;101.0;1;-1.0;0.0148;1928 ken har 0
141-78-6;;7732-18-5;water;303.134;101.0;1;-1.0;0.0142;1928 ken har 0
141-78-6;;7732-18-5;water;310.1312;101.0;1;-1.0;0.0134;1928 ken har 0
141-78-6;;7732-18-5;water;313.13;101.0;1;-1.0;0.0131;1928 ken har 0
141-78-6;;7732-18-5;water;323.127;101.0;1;-1.0;0.0121;1928 ken har 0
141-78-6;;7732-18-5;water;288.141;101.325;1;-1.0;0.0178;1929 sch kub 0
141-78-6;;7732-18-5;water;293.138;101.325;1;-1.0;0.017;1929 sch kub 0
141-78-6;;7732-18-5;water;298.136;101.325;1;-1.0;0.0161;1929 sch kub 0
141-78-6;;7732-18-5;water;303.134;101.325;1;-1.0;0.0155;1929 sch kub 0
141-78-6;;7732-18-5;water;308.132;101.325;1;-1.0;0.0149;1929 sch kub 0
141-78-6;;7732-18-5;water;313.13;101.325;1;-1.0;0.0145;1929 sch kub 0
141-78-6;;7732-18-5;water;318.1285;101.325;1;-1.0;0.0141;1929 sch kub 0
141-78-6;;7732-18-5;water;323.127;101.325;1;-1.0;0.0139;1929 sch kub 0
141-78-6;;7732-18-5;water;293.138;101.0;1;-1.0;0.0246731763209;1935 doo & 0
141-78-6;;7732-18-5;water;293.138;101.0;1;-1.0;0.0149736049072;1935 doo & 0
141-78-6;;7732-18-5;water;343.52396;101.0;1;-1.0;0.013561254381;1949 gri chu 0
141-78-6;;7732-18-5;water;300.635;101.0;1;-1.0;0.0155702784435;1949 gri chu 0
141-78-6;;7732-18-5;water;300.1352;101.0;1;-1.0;0.0156853236011;1949 gri chu 0
141-78-6;;7732-18-5;water;290.1398;101.0;1;-1.0;0.0172829214587;1949 gri chu 0
141-78-6;;7732-18-5;water;292.33848;101.0;1;-1.0;0.0167715135886;1953 alt eve 0
141-78-6;;7732-18-5;water;293.53784;101.0;1;-1.0;0.0167019238602;1953 alt eve 0
141-78-6;;7732-18-5;water;293.6378;101.0;1;-1.0;0.0166787351444;1953 alt eve 0
141-78-6;;7732-18-5;water;294.43748;101.0;1;-1.0;0.0166091925646;1953 alt eve 0
141-78-6;;7732-18-5;water;295.1372;101.0;1;-1.0;0.0165396853147;1953 alt eve 0
141-78-6;;7732-18-5;water;295.73696;101.0;1;-1.0;0.016377638975;1953 alt eve 0
141-78-6;;7732-18-5;water;295.83692;101.0;1;-1.0;0.0163313752761;1953 alt eve 0
141-78-6;;7732-18-5;water;296.1368;101.0;1;-1.0;0.0163082492976;1953 alt eve 0
141-78-6;;7732-18-5;water;296.53664;101.0;1;-1.0;0.0162851272317;1953 alt eve 0
141-78-6;;7732-18-5;water;297.83612;101.0;1;-1.0;0.0161233822402;1953 alt eve 0
141-78-6;;7732-18-5;water;298.23596;101.0;1;-1.0;0.0161002914395;1953 alt eve 0
141-78-6;;7732-18-5;water;298.53584;101.0;1;-1.0;0.0161002914395;1953 alt eve 0
141-78-6;;7732-18-5;water;298.53584;101.0;1;-1.0;0.0161002914395;1953 alt eve 0
141-78-6;;7732-18-5;water;298.53584;101.0;1;-1.0;0.0161002914395;1953 alt eve 0
141-78-6;;7732-18-5;water;299.03564;101.0;1;-1.0;0.0159618285784;1953 alt eve 0
141-78-6;;7732-18-5;water;299.1356;101.0;1;-1.0;0.0159618285784;1953 alt eve 0
141-78-6;;7732-18-5;water;299.43548;101.0;1;-1.0;0.0159848959717;1953 alt eve 0
141-78-6;;7732-18-5;water;300.1352;101.0;1;-1.0;0.0158695979727;1953 alt eve 0
141-78-6;;7732-18-5;water;301.1348;101.0;1;-1.0;0.0157083442864;1953 alt eve 0
141-78-6;;7732-18-5;water;301.23476;101.0;1;-1.0;0.0157083442864;1953 alt eve 0
141-78-6;;7732-18-5;water;301.53464;101.0;1;-1.0;0.0157313688587;1953 alt eve 0
141-78-6;;7732-18-5;water;301.83452;101.0;1;-1.0;0.0157083442864;1953 alt eve 0
141-78-6;;7732-18-5;water;302.83412;101.0;1;-1.0;0.0155242875544;1953 alt eve 0
141-78-6;;7732-18-5;water;303.03404;101.0;1;-1.0;0.0155242875544;1953 alt eve 0
141-78-6;;7732-18-5;water;303.134;101.0;1;-1.0;0.0155472810589;1953 alt eve 0
141-78-6;;7732-18-5;water;303.134;101.0;1;-1.0;0.0154783121816;1953 alt eve 0
141-78-6;;7732-18-5;water;303.23396;101.0;1;-1.0;0.0154783121816;1953 alt eve 0
141-78-6;;7732-18-5;water;304.33352;101.0;1;-1.0;0.0152945656951;1953 alt eve 0
141-78-6;;7732-18-5;water;304.93328;101.0;1;-1.0;0.0152716148062;1953 alt eve 0
141-78-6;;7732-18-5;water;305.03324;101.0;1;-1.0;0.0152716148062;1953 alt eve 0
141-78-6;;7732-18-5;water;305.03324;101.0;1;-1.0;0.0152486677855;1953 alt eve 0
141-78-6;;7732-18-5;water;305.1332;101.0;1;-1.0;0.0151339906721;1953 alt eve 0
141-78-6;;7732-18-5;water;305.93288;101.0;1;-1.0;0.0150881468705;1953 alt eve 0
141-78-6;;7732-18-5;water;306.1328;101.0;1;-1.0;0.015019410119;1953 alt eve 0
141-78-6;;7732-18-5;water;306.93248;101.0;1;-1.0;0.0149049260041;1953 alt eve 0
141-78-6;;7732-18-5;water;307.1324;101.0;1;-1.0;0.0148591593335;1953 alt eve 0
141-78-6;;7732-18-5;water;309.93128;101.0;1;-1.0;0.0147448100278;1953 alt eve 0
141-78-6;;7732-18-5;water;310.93088;101.0;1;-1.0;0.0146077177638;1953 alt eve 0
141-78-6;;7732-18-5;water;313.03004;101.0;1;-1.0;0.0144023385054;1953 alt eve 0
141-78-6;;7732-18-5;water;313.03004;101.0;1;-1.0;0.0144023385054;1953 alt eve 0
141-78-6;;7732-18-5;water;293.138;101.0;1;-1.0;0.0169340273075;1953 alt eve 0
141-78-6;;7732-18-5;water;298.136;101.0;1;-1.0;0.0161233822402;1953 alt eve 0
141-78-6;;7732-18-5;water;303.134;101.0;1;-1.0;0.015501297929;1953 alt eve 0
141-78-6;;7732-18-5;water;308.132;101.0;1;-1.0;0.014882040743;1953 alt eve 0
141-78-6;;7732-18-5;water;313.13;101.0;1;-1.0;0.0143567408397;1953 alt eve 0
141-78-6;;7732-18-5;water;343.38198;101.0;1;-1.0;0.025;1974 van ver 0
141-78-6;;7732-18-5;water;303.143055;101.0;1;-1.0;0.0164470638928;1976 tar pur 0
141-78-6;;7732-18-5;water;303.143055;101.0;1;-1.0;0.0164470638928;1976 tar pur 0
141-78-6;;7732-18-5;water;298.14437;101.3;1;-1.0;0.0138240528892;1982 tew mil 0
141-78-6;;7732-18-5;water;298.19436;101.325;1;-1.0;0.01614;1984 ban & 0
141-78-6;;7732-18-5;water;298.14437;101.0;1;-1.0;0.0163;1984 gra hig 0
141-78-6;;7732-18-5;water;298.19436;101.325;1;-1.0;0.02101;1986 lo tse 0
141-78-6;;7732-18-5;water;298.15;100.0;1;-1.0;0.0161210729845;2000 seg klo 0
141-78-6;;7732-18-5;water;298.2;100.0;1;-1.0;0.016121;2001 seg klo 0
141-78-6;;7732-18-5;water;303.2;100.0;1;-1.0;0.015358;2001 seg klo 0
141-78-6;;7732-18-5;water;308.2;100.0;1;-1.0;0.014756;2001 seg klo 0
141-78-6;;7732-18-5;water;313.2;100.0;1;-1.0;0.014276;2001 seg klo 0
141-78-6;;7732-18-5;water;318.2;100.0;1;-1.0;0.013704;2001 seg klo 0
141-78-6;;7732-18-5;water;293.2;101.325;1;-1.0;0.0181;2005 cho lee 0
142-82-5;;62-53-3;;342.924;101.0;1;0.42;0.4;1929 edg cal 1
142-82-5;;62-53-3;;343.024;101.0;1;0.42;-1.0;1929 edg cal 1
142-82-5;;62-53-3;;343.024;101.0;1;0.43;-1.0;1929 edg cal 1
142-82-5;;62-53-3;;343.024;101.0;1;0.43;-1.0;1929 edg cal 1
142-82-5;;62-53-3;;343.024;101.0;1;0.44;-1.0;1929 edg cal 1
142-82-5;;62-53-3;;343.024;101.0;1;0.44;-1.0;1929 edg cal 1
142-82-5;;62-53-3;;343.124;101.0;1;0.45;-1.0;1929 edg cal 1
142-82-5;;62-53-3;;343.124;101.0;1;0.46;-1.0;1929 edg cal 1
142-82-5;;62-53-3;;343.124;101.0;1;0.46;-1.0;1929 edg cal 1
142-82-5;;62-53-3;;343.124;101.0;1;0.47;-1.0;1929 edg cal 1
142-82-5;;62-53-3;;343.124;101.0;1;0.48;-1.0;1929 edg cal 1
142-82-5;;62-53-3;;343.124;101.0;1;0.48;-1.0;1929 edg cal 1
142-82-5;;62-53-3;;343.124;101.0;1;0.48;-1.0;1929 edg cal 1
142-82-5;;62-53-3;;343.124;101.0;1;0.49;-1.0;1929 edg cal 1
142-82-5;;62-53-3;;343.124;101.0;1;0.49;-1.0;1929 edg cal 1
142-82-5;;62-53-3;;343.024;101.0;1;0.5;-1.0;1929 edg cal 1
142-82-5;;62-53-3;;342.924;101.0;1;0.52;-1.0;1929 edg cal 1
142-82-5;;62-53-3;;342.924;101.0;1;0.52;-1.0;1929 edg cal 1
142-82-5;;62-53-3;;342.924;101.0;1;0.52;-1.0;1929 edg cal 1
142-82-5;;62-53-3;;342.924;101.0;1;0.52;-1.0;1929 edg cal 1
142-82-5;;62-53-3;;342.924;101.0;1;0.53;-1.0;1929 edg cal 1
142-82-5;;62-53-3;;342.824;101.0;1;0.54;0.4;1929 edg cal 1
142-82-5;;62-53-3;;342.824;101.0;1;0.54;-1.0;1929 edg cal 1
142-82-5;;62-53-3;;342.724;101.0;1;0.54;-1.0;1929 edg cal 1
142-82-5;;62-53-3;;342.524;101.0;1;0.56;-1.0;1929 edg cal 1
142-82-5;;62-53-3;;342.424;101.0;1;0.56;0.35;1929 edg cal 1
142-82-5;;62-53-3;;342.424;101.0;1;0.56;-1.0;1929 edg cal 1
142-82-5;;62-53-3;;342.424;101.0;1;0.56;-1.0;1929 edg cal 1
142-82-5;;62-53-3;;341.924;101.0;1;0.59;-1.0;1929 edg cal 1
142-82-5;;62-53-3;;341.824;101.0;1;0.6;0.31;1929 edg cal 1
142-82-5;;62-53-3;;341.824;101.0;1;0.6;-1.0;1929 edg cal 1
142-82-5;;62-53-3;;341.824;101.0;1;0.6;-1.0;1929 edg cal 1
142-82-5;;62-53-3;;341.724;101.0;1;0.6;-1.0;1929 edg cal 1
142-82-5;;62-53-3;;341.724;101.0;1;0.6;-1.0;1929 edg cal 1
142-82-5;;62-53-3;;339.524;101.0;1;-1.0;0.25;1929 edg cal 1
142-82-5;;62-53-3;;341.324;101.0;1;-1.0;0.3;1929 edg cal 1
142-82-5;;62-53-3;;341.324;101.0;1;-1.0;0.3;1929 edg cal 1
142-82-5;;62-53-3;;341.424;101.0;1;-1.0;0.3;1929 edg cal 1
142-82-5;;62-53-3;;341.524;101.0;1;-1.0;0.3;1929 edg cal 1
142-82-5;;62-53-3;;341.524;101.0;1;-1.0;0.3;1929 edg cal 1
142-82-5;;62-53-3;;342.224;101.0;1;-1.0;0.34;1929 edg cal 1
142-82-5;;62-53-3;;342.324;101.0;1;-1.0;0.34;1929 edg cal 1
142-82-5;;62-53-3;;342.324;101.0;1;-1.0;0.34;1929 edg cal 1
142-82-5;;62-53-3;;342.624;101.0;1;-1.0;0.36;1929 edg cal 1
142-82-5;;62-53-3;;342.624;101.0;1;-1.0;0.36;1929 edg cal 1
142-82-5;;62-53-3;;298.136;101.0;1;0.920822613577;0.0578752413841;1937 var fen 0
142-82-5;;62-53-3;;298.136;101.0;1;0.927209403149;0.0606885694389;1947 hun bro 0
142-82-5;;62-53-3;;323.127;101.0;1;0.853898498976;0.138052606717;1950 gri che 0
142-82-5;;62-53-3;;298.136;101.0;1;0.919758711591;0.0600320191236;1950 gri che 0
142-82-5;;62-53-3;;291.1392;101.0;1;0.918694970349;0.0569377313969;1959 pal vin 1
142-82-5;;62-53-3;;290.1398;101.0;1;0.936;0.0655;1960 pal vin 1
142-82-5;;62-53-3;;303.134;101.0;1;0.904;0.0845;1960 pal vin 1
142-82-5;;62-53-3;;313.13;101.0;1;0.8825;0.103;1960 pal vin 1
142-82-5;;62-53-3;;298.15;101.3;1;0.9244;0.0555;1991 nag & 0
142-82-5;;62-53-3;;276.41;101.3;1;0.966;-1.0;2003 mat och 0
142-82-5;;62-53-3;;285.11;101.3;1;0.9494;-1.0;2003 mat och 0
142-82-5;;62-53-3;;291.46;101.3;1;0.9387;-1.0;2003 mat och 0
142-82-5;;62-53-3;;296.74;101.3;1;0.9251;-1.0;2003 mat och 0
142-82-5;;62-53-3;;305.51;101.3;1;0.8996;-1.0;2003 mat och 0
142-82-5;;62-53-3;;313.21;101.3;1;0.8709;-1.0;2003 mat och 0
142-82-5;;62-53-3;;317.43;101.3;1;0.8533;-1.0;2003 mat och 0
142-82-5;;62-53-3;;322.85;101.3;1;0.8242;-1.0;2003 mat och 0
142-82-5;;62-53-3;;327.2;101.3;1;0.8019;-1.0;2003 mat och 0
142-82-5;;62-53-3;;330.39;101.3;1;0.7679;-1.0;2003 mat och 0
142-82-5;;62-53-3;;331.53;101.3;1;0.7561;-1.0;2003 mat och 0
142-82-5;;62-53-3;;333.87;101.3;1;0.7326;-1.0;2003 mat och 0
142-82-5;;62-53-3;;335.9;101.3;1;0.7035;-1.0;2003 mat och 0
142-82-5;;62-53-3;;337.68;101.3;1;0.6807;-1.0;2003 mat och 0
142-82-5;;62-53-3;;339.64;101.3;1;0.6382;-1.0;2003 mat och 0
142-82-5;;62-53-3;;340.68;101.3;1;0.6027;-1.0;2003 mat och 0
142-82-5;;62-53-3;;341.4;101.3;1;0.5793;-1.0;2003 mat och 0
142-82-5;;62-53-3;;341.79;101.3;1;0.5599;-1.0;2003 mat och 0
142-82-5;;62-53-3;;342.18;101.3;1;0.5282;-1.0;2003 mat och 0
142-82-5;;62-53-3;;342.26;101.3;1;0.4978;-1.0;2003 mat och 0
142-82-5;;62-53-3;;342.66;101.3;1;0.4739;-1.0;2003 mat och 0
142-82-5;;62-53-3;;342.71;101.3;1;0.4613;-1.0;2003 mat och 0
142-82-5;;62-53-3;;342.84;101.3;1;0.4473;-1.0;2003 mat och 0
142-82-5;;62-53-3;;342.86;101.3;1;0.4345;-1.0;2003 mat och 0
142-82-5;;62-53-3;;343.11;101.3;1;0.4218;-1.0;2003 mat och 0
142-82-5;;62-53-3;;342.63;101.3;1;-1.0;0.3868;2003 mat och 0
142-82-5;;62-53-3;;342.35;101.3;1;-1.0;0.37;2003 mat och 0
142-82-5;;62-53-3;;342.22;101.3;1;-1.0;0.3398;2003 mat och 0
142-82-5;;62-53-3;;341.62;101.3;1;-1.0;0.3028;2003 mat och 0
142-82-5;;62-53-3;;341.24;101.3;1;-1.0;0.2681;2003 mat och 0
142-82-5;;62-53-3;;339.75;101.3;1;-1.0;0.2434;2003 mat och 0
142-82-5;;62-53-3;;339.02;101.3;1;-1.0;0.2257;2003 mat och 0
142-82-5;;62-53-3;;337.41;101.3;1;-1.0;0.2069;2003 mat och 0
142-82-5;;62-53-3;;333.16;101.3;1;-1.0;0.1712;2003 mat och 0
142-82-5;;62-53-3;;329.72;101.3;1;-1.0;0.1532;2003 mat och 0
142-82-5;;62-53-3;;325.11;101.3;1;-1.0;0.1324;2003 mat och 0
142-82-5;;62-53-3;;323.49;101.3;1;-1.0;0.1222;2003 mat och 0
142-82-5;;62-53-3;;314.81;101.3;1;-1.0;0.0942;2003 mat och 0
142-82-5;;62-53-3;;304.72;101.3;1;-1.0;0.0703;2003 mat och 0
142-82-5;;62-53-3;;299.44;101.3;1;-1.0;0.0605;2003 mat och 0
142-82-5;;62-53-3;;294.1;101.3;1;-1.0;0.0517;2003 mat och 0
142-82-5;;62-53-3;;279.61;101.3;1;-1.0;0.0353;2003 mat och 0
142-82-5;;67-56-1;;324.008;-1.0;1;0.4062;-1.0;1990 aiz cor 0
142-82-5;;67-56-1;;324.007;-1.0;1;0.4114;-1.0;1990 aiz cor 0
142-82-5;;67-56-1;;323.992;-1.0;1;0.4138;-1.0;1990 aiz cor 0
142-82-5;;67-56-1;;323.989;-1.0;1;0.4186;-1.0;1990 aiz cor 0
142-82-5;;67-56-1;;323.989;-1.0;1;0.4234;-1.0;1990 aiz cor 0
142-82-5;;67-56-1;;323.981;-1.0;1;0.4242;-1.0;1990 aiz cor 0
142-82-5;;67-56-1;;323.944;-1.0;1;0.4431;-1.0;1990 aiz cor 0
142-82-5;;67-56-1;;323.936;-1.0;1;0.4434;-1.0;1990 aiz cor 0
142-82-5;;67-56-1;;323.808;-1.0;1;0.4647;-1.0;1990 aiz cor 0
142-82-5;;67-56-1;;323.75;-1.0;1;0.4759;-1.0;1990 aiz cor 0
142-82-5;;67-56-1;;323.722;-1.0;1;0.4756;-1.0;1990 aiz cor 0
142-82-5;;67-56-1;;323.695;-1.0;1;0.479;-1.0;1990 aiz cor 0
142-82-5;;67-56-1;;323.631;-1.0;1;0.4881;-1.0;1990 aiz cor 0
142-82-5;;67-56-1;;323.573;-1.0;1;0.4941;-1.0;1990 aiz cor 0
142-82-5;;67-56-1;;323.397;-1.0;1;0.5073;-1.0;1990 aiz cor 0
142-82-5;;67-56-1;;323.386;-1.0;1;0.5082;-1.0;1990 aiz cor 0
142-82-5;;67-56-1;;323.364;-1.0;1;0.5076;-1.0;1990 aiz cor 0
142-82-5;;67-56-1;;323.197;-1.0;1;0.5199;-1.0;1990 aiz cor 0
142-82-5;;67-56-1;;323.113;-1.0;1;0.5239;-1.0;1990 aiz cor 0
142-82-5;;67-56-1;;323.091;-1.0;1;0.5263;-1.0;1990 aiz cor 0
142-82-5;;67-56-1;;322.591;-1.0;1;0.5495;-1.0;1990 aiz cor 0
142-82-5;;67-56-1;;322.522;-1.0;1;0.5512;-1.0;1990 aiz cor 0
142-82-5;;67-56-1;;321.799;-1.0;1;0.5785;-1.0;1990 aiz cor 0
142-82-5;;67-56-1;;321.747;-1.0;1;0.5814;-1.0;1990 aiz cor 0
142-82-5;;67-56-1;;321.17;-1.0;1;0.5988;-1.0;1990 aiz cor 0
142-82-5;;67-56-1;;321.168;-1.0;1;0.5994;-1.0;1990 aiz cor 0
142-82-5;;67-56-1;;321.1;-1.0;1;0.6001;-1.0;1990 aiz cor 0
142-82-5;;67-56-1;;321.02;-1.0;1;0.5999;-1.0;1990 aiz cor 0
142-82-5;;67-56-1;;320.988;-1.0;1;0.6059;-1.0;1990 aiz cor 0
142-82-5;;67-56-1;;320.802;-1.0;1;0.6073;-1.0;1990 aiz cor 0
142-82-5;;67-56-1;;320.706;-1.0;1;0.6113;-1.0;1990 aiz cor 0
142-82-5;;67-56-1;;320.679;-1.0;1;0.6104;-1.0;1990 aiz cor 0
142-82-5;;67-56-1;;320.399;-1.0;1;0.6162;-1.0;1990 aiz cor 0
142-82-5;;67-56-1;;320.322;-1.0;1;0.6197;-1.0;1990 aiz cor 0
142-82-5;;67-56-1;;319.934;-1.0;1;0.6264;-1.0;1990 aiz cor 0
142-82-5;;67-56-1;;319.869;-1.0;1;0.6301;-1.0;1990 aiz cor 0
142-82-5;;67-56-1;;319.614;-1.0;1;0.6319;-1.0;1990 aiz cor 0
142-82-5;;67-56-1;;319.531;-1.0;1;0.6386;-1.0;1990 aiz cor 0
142-82-5;;67-56-1;;319.52;-1.0;1;0.638;-1.0;1990 aiz cor 0
142-82-5;;67-56-1;;319.964;-1.0;1;0.6271;-1.0;1990 aiz cor 0
142-82-5;;67-56-1;;318.853;-1.0;1;0.6493;-1.0;1990 aiz cor 0
142-82-5;;67-56-1;;318.587;-1.0;1;0.6559;-1.0;1990 aiz cor 0
142-82-5;;67-56-1;;318.466;-1.0;1;0.6629;-1.0;1990 aiz cor 0
142-82-5;;67-56-1;;318.264;-1.0;1;0.6586;-1.0;1990 aiz cor 0
142-82-5;;67-56-1;;317.388;-1.0;1;0.6732;-1.0;1990 aiz cor 0
142-82-5;;67-56-1;;317.174;-1.0;1;0.6784;-1.0;1990 aiz cor 0
142-82-5;;67-56-1;;316.238;-1.0;1;0.6905;-1.0;1990 aiz cor 0
142-82-5;;67-56-1;;315.7;-1.0;1;0.6997;-1.0;1990 aiz cor 0
142-82-5;;67-56-1;;314.176;-1.0;1;0.7245;-1.0;1990 aiz cor 0
142-82-5;;67-56-1;;324.008;-1.0;1;-1.0;0.3801;1990 aiz cor 0
142-82-5;;67-56-1;;324.007;-1.0;1;-1.0;0.3782;1990 aiz cor 0
142-82-5;;67-56-1;;324.001;-1.0;1;-1.0;0.373;1990 aiz cor 0
142-82-5;;67-56-1;;323.999;-1.0;1;-1.0;0.369;1990 aiz cor 0
142-82-5;;67-56-1;;324.005;-1.0;1;-1.0;0.3648;1990 aiz cor 0
142-82-5;;67-56-1;;323.996;-1.0;1;-1.0;0.3611;1990 aiz cor 0
142-82-5;;67-56-1;;323.998;-1.0;1;-1.0;0.3567;1990 aiz cor 0
142-82-5;;67-56-1;;323.995;-1.0;1;-1.0;0.3557;1990 aiz cor 0
142-82-5;;67-56-1;;323.985;-1.0;1;-1.0;0.3489;1990 aiz cor 0
142-82-5;;67-56-1;;323.963;-1.0;1;-1.0;0.3457;1990 aiz cor 0
142-82-5;;67-56-1;;323.955;-1.0;1;-1.0;0.3447;1990 aiz cor 0
142-82-5;;67-56-1;;323.942;-1.0;1;-1.0;0.3413;1990 aiz cor 0
142-82-5;;67-56-1;;323.915;-1.0;1;-1.0;0.3289;1990 aiz cor 0
142-82-5;;67-56-1;;323.638;-1.0;1;-1.0;0.3064;1990 aiz cor 0
142-82-5;;67-56-1;;323.591;-1.0;1;-1.0;0.3012;1990 aiz cor 0
142-82-5;;67-56-1;;323.331;-1.0;1;-1.0;0.2836;1990 aiz cor 0
142-82-5;;67-56-1;;323.032;-1.0;1;-1.0;0.2691;1990 aiz cor 0
142-82-5;;67-56-1;;322.934;-1.0;1;-1.0;0.2664;1990 aiz cor 0
142-82-5;;67-56-1;;322.843;-1.0;1;-1.0;0.2648;1990 aiz cor 0
142-82-5;;67-56-1;;322.481;-1.0;1;-1.0;0.2542;1990 aiz cor 0
142-82-5;;67-56-1;;322.246;-1.0;1;-1.0;0.247;1990 aiz cor 0
142-82-5;;67-56-1;;321.5;-1.0;1;-1.0;0.2322;1990 aiz cor 0
142-82-5;;67-56-1;;321.335;-1.0;1;-1.0;0.2293;1990 aiz cor 0
142-82-5;;67-56-1;;321.187;-1.0;1;-1.0;0.2275;1990 aiz cor 0
142-82-5;;67-56-1;;321.06;-1.0;1;-1.0;0.2249;1990 aiz cor 0
142-82-5;;67-56-1;;320.521;-1.0;1;-1.0;0.2175;1990 aiz cor 0
142-82-5;;67-56-1;;320.384;-1.0;1;-1.0;0.2156;1990 aiz cor 0
142-82-5;;67-56-1;;320.393;-1.0;1;-1.0;0.2155;1990 aiz cor 0
142-82-5;;67-56-1;;320.034;-1.0;1;-1.0;0.2117;1990 aiz cor 0
142-82-5;;67-56-1;;319.747;-1.0;1;-1.0;0.2073;1990 aiz cor 0
142-82-5;;67-56-1;;319.6;-1.0;1;-1.0;0.2065;1990 aiz cor 0
142-82-5;;67-56-1;;319.364;-1.0;1;-1.0;0.2048;1990 aiz cor 0
142-82-5;;67-56-1;;318.746;-1.0;1;-1.0;0.198;1990 aiz cor 0
142-82-5;;67-56-1;;318.727;-1.0;1;-1.0;0.1973;1990 aiz cor 0
142-82-5;;67-56-1;;318.58;-1.0;1;-1.0;0.1967;1990 aiz cor 0
142-82-5;;67-56-1;;318.185;-1.0;1;-1.0;0.1928;1990 aiz cor 0
142-82-5;;67-56-1;;316.998;-1.0;1;-1.0;0.1828;1990 aiz cor 0
142-82-5;;67-56-1;;316.654;-1.0;1;-1.0;0.18;1990 aiz cor 0
142-82-5;;67-56-1;;316.484;-1.0;1;-1.0;0.1794;1990 aiz cor 0
142-82-5;;67-56-1;;316.454;-1.0;1;-1.0;0.1787;1990 aiz cor 0
142-82-5;;67-56-1;;316.022;-1.0;1;-1.0;0.1768;1990 aiz cor 0
142-82-5;;67-56-1;;315.76;-1.0;1;-1.0;0.1743;1990 aiz cor 0
142-82-5;;67-56-1;;315.217;-1.0;1;-1.0;0.1705;1990 aiz cor 0
142-82-5;;67-56-1;;314.421;-1.0;1;-1.0;0.1655;1990 aiz cor 0
142-82-5;;67-56-1;;314.216;-1.0;1;-1.0;0.1643;1990 aiz cor 0
142-82-5;;67-56-1;;313.884;-1.0;1;-1.0;0.1624;1990 aiz cor 0
142-82-5;;67-56-1;;313.387;-1.0;1;-1.0;0.1601;1990 aiz cor 0
142-82-5;;67-56-1;;324.009;-1.0;1;-1.0;0.3945;1990 aiz cor 0
142-82-5;;67-56-1;;275.1488;101.325;1;0.9019;0.066;1956 kog dei 0
142-82-5;;67-56-1;;283.144;101.325;1;0.8914;0.07834;1956 kog dei 0
142-82-5;;67-56-1;;283.144;101.325;1;0.89;-1.0;1956 kog dei 0
142-82-5;;67-56-1;;293.138;101.325;1;0.819;0.08406;1956 kog dei 0
142-82-5;;67-56-1;;293.138;101.325;1;0.819;-1.0;1956 kog dei 0
142-82-5;;67-56-1;;313.13;101.325;1;0.7596;0.13395;1956 kog dei 0
142-82-5;;67-56-1;;290.98929;101.325;1;0.8955;0.089;1958 tag ari 1
142-82-5;;67-56-1;;302.98406;101.325;1;0.8319;0.1165;1958 tag ari 1
142-82-5;;67-56-1;;312.98006;101.325;1;0.7464;0.1514;1958 tag ari 1
142-82-5;;67-56-1;;322.977045;101.325;1;0.5674;0.2437;1958 tag ari 1
142-82-5;;67-56-1;;308.9786612;101.0;1;0.80745;-1.0;1961 kis joh 0
142-82-5;;67-56-1;;313.0720232;101.0;1;0.76415;-1.0;1961 kis joh 0
142-82-5;;67-56-1;;316.4240115;101.0;1;0.73044;-1.0;1961 kis joh 0
142-82-5;;67-56-1;;317.6036575;101.0;1;0.70919;-1.0;1961 kis joh 0
142-82-5;;67-56-1;;319.2261706;101.0;1;0.66404;-1.0;1961 kis joh 0
142-82-5;;67-56-1;;320.7447149;101.0;1;0.62245;-1.0;1961 kis joh 0
142-82-5;;67-56-1;;322.4082157;101.0;1;0.60636;-1.0;1961 kis joh 0
142-82-5;;67-56-1;;322.0843129;101.0;1;0.58338;-1.0;1961 kis joh 0
142-82-5;;67-56-1;;324.0837129;101.0;1;0.48221;0.3446;1961 kis joh 0
142-82-5;;67-56-1;;324.4146136;101.0;1;0.41345;-1.0;1961 kis joh 0
142-82-5;;67-56-1;;304.0946156;101.0;1;0.84962;-1.0;1961 kis joh 0
142-82-5;;67-56-1;;307.6731836;101.0;1;0.82155;-1.0;1961 kis joh 0
142-82-5;;67-56-1;;323.0420255;101.0;1;-1.0;0.25985;1961 kis joh 0
142-82-5;;67-56-1;;321.3205421;101.0;1;-1.0;0.22344;1961 kis joh 0
142-82-5;;67-56-1;;320.787702;101.0;1;-1.0;0.21878;1961 kis joh 0
142-82-5;;67-56-1;;318.4264106;101.0;1;-1.0;0.18942;1961 kis joh 0
142-82-5;;67-56-1;;317.5376773;101.0;1;-1.0;0.18166;1961 kis joh 0
142-82-5;;67-56-1;;315.4033178;101.0;1;-1.0;0.16201;1961 kis joh 0
142-82-5;;67-56-1;;312.3223232;101.0;1;-1.0;0.14989;1961 kis joh 0
142-82-5;;67-56-1;;311.5346384;101.0;1;-1.0;0.1452;1961 kis joh 0
142-82-5;;67-56-1;;309.0386372;101.0;1;-1.0;0.13722;1961 kis joh 0
142-82-5;;67-56-1;;306.8245232;101.0;1;-1.0;0.12878;1961 kis joh 0
142-82-5;;67-56-1;;304.5074504;101.0;1;-1.0;0.12032;1961 kis joh 0
142-82-5;;67-56-1;;301.9854596;101.0;1;-1.0;0.11693;1961 kis joh 0
142-82-5;;67-56-1;;299.1076112;101.0;1;-1.0;0.1084;1961 kis joh 0
142-82-5;;67-56-1;;296.7385592;101.0;1;-1.0;0.1035;1961 kis joh 0
142-82-5;;67-56-1;;295.6439972;101.0;1;-1.0;0.09979;1961 kis joh 0
142-82-5;;67-56-1;;303.134;101.325;1;0.79;0.121;1965 sav win 0
142-82-5;;67-56-1;;318.1285;101.325;1;0.683;0.178;1965 sav win 0
142-82-5;;67-56-1;;303.134;101.325;1;0.79;0.121;1965 sav win 1
142-82-5;;67-56-1;;318.1285;101.325;1;0.683;0.178;1965 sav win 1
142-82-5;;67-56-1;;297.9944;101.325;1;0.87;0.1;1973 ser usm 0
142-82-5;;67-56-1;;325.006494;101.325;1;0.3865;-1.0;1973 vis gov 0
142-82-5;;67-56-1;;325.006494;101.325;1;0.3865;-1.0;1973 vis gov 0
142-82-5;;67-56-1;;298.14437;101.0;1;0.834;0.093;1975 yas kaw 0
142-82-5;;67-56-1;;313.19004;101.325;1;0.705;0.165;1976 bud les 0
142-82-5;;67-56-1;;293.19536;101.325;1;0.824;0.088;1976 bud les 0
142-82-5;;67-56-1;;292.9954;101.325;1;0.824;0.088;1976 bud les 10
142-82-5;;67-56-1;;312.9901;101.325;1;0.705;0.165;1976 bud les 10
142-82-5;;67-56-1;;298.14437;101.0;1;0.8263;0.1062;1977 tre ben 0
142-82-5;;67-56-1;;298.14437;101.0;1;0.863;0.1038;1982 kik ale 0
142-82-5;;67-56-1;;257.25355;101.325;1;0.9642;-1.0;1986 hra bit 0
142-82-5;;67-56-1;;261.062788;101.325;1;0.9564;-1.0;1986 hra bit 0
142-82-5;;67-56-1;;263.432314;101.325;1;0.9517;-1.0;1986 hra bit 0
142-82-5;;67-56-1;;268.911218;101.325;1;0.9412;-1.0;1986 hra bit 0
142-82-5;;67-56-1;;274.209845255;101.325;1;0.931;-1.0;1986 hra bit 0
142-82-5;;67-56-1;;277.099423358;101.325;1;0.9245;-1.0;1986 hra bit 0
142-82-5;;67-56-1;;279.239110949;101.325;1;0.9209;-1.0;1986 hra bit 0
142-82-5;;67-56-1;;280.858742;101.325;1;0.917;-1.0;1986 hra bit 0
142-82-5;;67-56-1;;281.388583;101.325;1;0.915;-1.0;1986 hra bit 0
142-82-5;;67-56-1;;284.547635;101.325;1;0.904;-1.0;1986 hra bit 0
142-82-5;;67-56-1;;285.547335;101.325;1;0.9;-1.0;1986 hra bit 0
142-82-5;;67-56-1;;290.94581;101.325;1;0.8718;-1.0;1986 hra bit 0
142-82-5;;67-56-1;;292.305538;101.325;1;0.8654;-1.0;1986 hra bit 0
142-82-5;;67-56-1;;293.155368;101.325;1;0.8636;-1.0;1986 hra bit 0
142-82-5;;67-56-1;;300.79376;101.325;1;0.8238;-1.0;1986 hra bit 0
142-82-5;;67-56-1;;307.201837;101.325;1;0.7887;-1.0;1986 hra bit 0
142-82-5;;67-56-1;;308.641405;101.325;1;0.7792;-1.0;1986 hra bit 0
142-82-5;;67-56-1;;309.19124;101.325;1;0.7728;-1.0;1986 hra bit 0
142-82-5;;67-56-1;;311.740475;101.325;1;0.7427;-1.0;1986 hra bit 0
142-82-5;;67-56-1;;312.300307;101.325;1;0.7364;-1.0;1986 hra bit 0
142-82-5;;67-56-1;;315.379383;101.325;1;0.6996;-1.0;1986 hra bit 0
142-82-5;;67-56-1;;319.018291;101.325;1;0.6427;-1.0;1986 hra bit 0
142-82-5;;67-56-1;;321.18764;101.325;1;0.5884;-1.0;1986 hra bit 0
142-82-5;;67-56-1;;323.336995;101.325;1;0.4985;-1.0;1986 hra bit 0
142-82-5;;67-56-1;;323.78686;101.325;1;0.4456;-1.0;1986 hra bit 0
142-82-5;;67-56-1;;323.906824;101.325;1;0.4288;-1.0;1986 hra bit 0
142-82-5;;67-56-1;;324.026788;101.325;1;0.3977;-1.0;1986 hra bit 0
142-82-5;;67-56-1;;324.026788;101.325;1;0.3931;-1.0;1986 hra bit 0
142-82-5;;67-56-1;;324.046782;101.325;1;0.39;0.3853;1986 hra bit 0
142-82-5;;67-56-1;;324.046782;101.325;1;0.39;-1.0;1986 hra bit 0
142-82-5;;67-56-1;;323.926818;101.325;1;-1.0;0.3744;1986 hra bit 0
142-82-5;;67-56-1;;323.506944;101.325;1;-1.0;0.3101;1986 hra bit 0
142-82-5;;67-56-1;;323.077073;101.325;1;-1.0;0.2826;1986 hra bit 0
142-82-5;;67-56-1;;318.578423;101.325;1;-1.0;0.1981;1986 hra bit 0
142-82-5;;67-56-1;;314.139755;101.325;1;-1.0;0.166;1986 hra bit 0
142-82-5;;67-56-1;;309.701087;101.325;1;-1.0;0.1435;1986 hra bit 0
142-82-5;;67-56-1;;305.042485;101.325;1;-1.0;0.1263;1986 hra bit 0
142-82-5;;67-56-1;;299.324134;101.325;1;-1.0;0.1101;1986 hra bit 0
142-82-5;;67-56-1;;292.54549;101.325;1;-1.0;0.0949;1986 hra bit 0
142-82-5;;67-56-1;;286.826951;101.325;1;-1.0;0.0845;1986 hra bit 0
142-82-5;;67-56-1;;286.49705;101.325;1;-1.0;0.08;1986 hra bit 0
142-82-5;;67-56-1;;281.29861;101.325;1;-1.0;0.0759;1986 hra bit 0
142-82-5;;67-56-1;;280.49885;101.325;1;-1.0;0.073;1986 hra bit 0
142-82-5;;67-56-1;;278.009290511;101.325;1;-1.0;0.0714;1986 hra bit 0
142-82-5;;67-56-1;;273.599934307;101.325;1;-1.0;0.0657;1986 hra bit 0
142-82-5;;67-56-1;;270.050984127;101.325;1;-1.0;0.062;1986 hra bit 0
142-82-5;;67-56-1;;267.70146;101.325;1;-1.0;0.056;1986 hra bit 0
142-82-5;;67-56-1;;264.182164;101.325;1;-1.0;0.0551;1986 hra bit 0
142-82-5;;67-56-1;;263.05239;101.325;1;-1.0;0.052;1986 hra bit 0
142-82-5;;67-56-1;;258.05339;101.325;1;-1.0;0.0491;1986 hra bit 0
142-82-5;;67-56-1;;253.65427;101.325;1;-1.0;0.046;1986 hra bit 0
142-82-5;;67-56-1;;254.60408;101.325;1;-1.0;0.044;1986 hra bit 0
142-82-5;;67-56-1;;298.19436;101.325;1;0.824;-1.0;1986 let woo 0
142-82-5;;67-56-1;;321.28761;100.0;1;0.6087;-1.0;1986 ott hol 0
142-82-5;;67-56-1;;324.38668;100.0;1;-1.0;0.3507;1986 ott hol 0
142-82-5;;67-56-1;;320.28791;100.0;1;-1.0;0.2129;1986 ott hol 0
142-82-5;;67-56-1;;298.14437;101.325;1;0.847;0.1005;1987 hig sak 0
142-82-5;;67-56-1;;303.143055;101.325;1;0.7996;0.1129;1987 hig sak 0
142-82-5;;67-56-1;;308.141555;101.325;1;0.7588;0.1236;1987 hig sak 0
142-82-5;;67-56-1;;313.140055;101.325;1;0.7075;0.1509;1987 hig sak 0
142-82-5;;67-56-1;;318.138555;101.325;1;0.6485;0.1736;1987 hig sak 0
142-82-5;;67-56-1;;323.137055;101.325;1;0.5473;0.2103;1987 hig sak 0
142-82-5;;67-56-1;;297.9944;101.325;1;0.847;-1.0;1987 hig sak 0
142-82-5;;67-56-1;;297.9944;101.3;1;0.8305;0.1051;1988 nag & 2
142-82-5;;67-56-1;;298.15;101.0;1;0.8536;0.1101;1991 tus gar 0
142-82-5;;67-56-1;;313.15;101.0;1;0.7752;0.1433;1991 tus gar 0
142-82-5;;67-56-1;;287.57;101.0;1;0.88;-1.0;1992 kat mur 0
142-82-5;;67-56-1;;298.35;101.0;1;0.85;-1.0;1992 kat mur 0
142-82-5;;67-56-1;;316.32;101.0;1;0.7;-1.0;1992 kat mur 0
142-82-5;;67-56-1;;321.63;101.0;1;0.6;-1.0;1992 kat mur 0
142-82-5;;67-56-1;;323.13;101.0;1;0.55;-1.0;1992 kat mur 0
142-82-5;;67-56-1;;324.72;101.0;1;0.45;-1.0;1992 kat mur 0
142-82-5;;67-56-1;;324.85;101.0;1;0.4;-1.0;1992 kat mur 0
142-82-5;;67-56-1;;324.56;101.0;1;0.35;-1.0;1992 kat mur 0
142-82-5;;67-56-1;;298.15;101.3;1;0.848;0.097;1992 kat mur 0
142-82-5;;67-56-1;;323.93;101.0;1;-1.0;0.3;1992 kat mur 0
142-82-5;;67-56-1;;319.17;101.0;1;-1.0;0.2;1992 kat mur 0
142-82-5;;67-56-1;;311.08;101.0;1;-1.0;0.15;1992 kat mur 0
142-82-5;;67-56-1;;303.88;101.0;1;-1.0;0.12;1992 kat mur 0
142-82-5;;67-56-1;;290.89;101.0;1;-1.0;0.09;1992 kat mur 0
142-82-5;;67-56-1;;298.0;101.3;1;0.847;0.1005;1995 hig sak 0
142-82-5;;67-56-1;;253.15;101.325;1;0.9534;0.0437;1995 kat ich 0
142-82-5;;67-56-1;;263.15;101.325;1;0.944;0.046;1995 kat ich 0
142-82-5;;67-56-1;;268.65;101.325;1;0.9289;0.0584;1995 kat ich 0
142-82-5;;67-56-1;;273.15;101.325;1;0.9134;0.0637;1995 kat ich 0
142-82-5;;67-56-1;;278.15;101.325;1;0.9021;0.071;1995 kat ich 0
142-82-5;;67-56-1;;283.15;101.325;1;0.8962;0.0769;1995 kat ich 0
142-82-5;;67-56-1;;293.15;101.325;1;0.875;0.0962;1995 kat ich 0
142-82-5;;67-56-1;;298.15;101.325;1;0.829;0.107;1995 kat ich 0
142-82-5;;67-56-1;;298.5;101.325;1;0.829;0.109;1995 kat ich 0
142-82-5;;67-56-1;;303.15;101.325;1;0.812;0.112;1995 kat ich 0
142-82-5;;67-56-1;;303.45;101.325;1;0.812;0.114;1995 kat ich 0
142-82-5;;67-56-1;;307.95;101.325;1;0.789;0.125;1995 kat ich 0
142-82-5;;67-56-1;;308.4;101.325;1;0.775;0.132;1995 kat ich 0
142-82-5;;67-56-1;;317.86;101.325;1;0.699;0.182;1995 kat ich 0
142-82-5;;67-56-1;;298.15;101.325;1;0.847;0.1005;1997 hig wat 0
142-82-5;;67-56-1;;278.15;101.325;1;0.9046;0.0643;1997 org igl 0
142-82-5;;67-56-1;;283.15;101.325;1;0.8897;0.0746;1997 org igl 0
142-82-5;;67-56-1;;288.15;101.325;1;0.8731;0.0846;1997 org igl 0
142-82-5;;67-56-1;;293.15;101.325;1;0.8612;0.0931;1997 org igl 0
142-82-5;;67-56-1;;298.15;101.325;1;0.8474;0.0965;1997 org igl 0
142-82-5;;67-56-1;;303.15;101.325;1;0.8352;0.1149;1997 org igl 0
142-82-5;;67-56-1;;308.15;101.325;1;0.8081;0.1131;1997 org igl 0
142-82-5;;67-56-1;;313.15;101.325;1;0.769;0.1288;1997 org igl 0
142-82-5;;67-56-1;;278.15;101.325;1;0.905;0.064;2000 mar org 0
142-82-5;;67-56-1;;288.15;101.325;1;0.873;0.085;2000 mar org 0
142-82-5;;67-56-1;;298.15;101.325;1;0.847;0.096;2000 mar org 0
142-82-5;;67-56-1;;268.15;101.32;1;0.924;0.047;2008 cas org 0
142-82-5;;67-56-1;;278.15;101.32;1;0.905;0.064;2008 cas org 0
142-82-5;;67-56-1;;288.15;101.32;1;0.873;0.085;2008 cas org 0
142-82-5;;67-56-1;;298.15;101.32;1;0.847;0.096;2008 cas org 0
142-82-5;;67-56-1;;298.15;101.3;1;0.848;0.101;2012 mar kro 0
142-82-5;;67-56-1;;308.41;350.0;1;0.756;0.113;2013 nar nai 1
142-82-5;;67-56-1;;312.96;350.0;1;0.711;0.133;2013 nar nai 1
142-82-5;;67-56-1;;317.98;350.0;1;0.661;0.156;2013 nar nai 1
142-82-5;;67-56-1;;293.95;101.0;1;0.857136565013;0.0913061067718;2018 bez min 0
142-82-5;;67-56-1;;293.95;101.0;1;0.860202441666;-1.0;2018 bez min 0
142-82-5;;67-56-1;;295.15;101.0;1;0.85256415577;0.0915342232808;2018 bez min 0
142-82-5;;67-56-1;;295.15;101.0;1;0.850037515655;-1.0;2018 bez min 0
142-82-5;;67-56-1;;295.15;101.0;1;0.850542071122;-1.0;2018 bez min 0
142-82-5;;67-56-1;;295.15;101.0;1;0.850794493516;-1.0;2018 bez min 0
142-82-5;;67-56-1;;295.15;101.0;1;0.849785382471;-1.0;2018 bez min 0
142-82-5;;67-56-1;;278.147;101.32;1;-1.0;0.0670592052897;1961 kis joh 0
142-82-5;;67-56-1;;283.144;101.32;1;-1.0;0.073975206714;1961 kis joh 0
142-82-5;;67-56-1;;288.141;101.32;1;-1.0;0.0829004117339;1961 kis joh 0
142-82-5;;67-56-1;;293.138;101.32;1;-1.0;0.0930891569444;1961 kis joh 0
142-82-5;;67-56-1;;298.136;101.32;1;-1.0;0.104477921792;1961 kis joh 0
142-82-5;;67-56-1;;303.134;101.32;1;-1.0;0.11794996324;1961 kis joh 0
142-82-5;;67-56-1;;308.132;101.32;1;-1.0;0.134583671183;1961 kis joh 0
142-82-5;;67-56-1;;313.13;101.32;1;-1.0;0.157020137029;1961 kis joh 0
142-82-5;;67-56-1;;298.15;101.3;1;-1.0;0.1005;1990 hig sak 0
142-82-5;;98-95-3;;282.876;101.0;1;0.789;0.278;1999 tan zho 0
142-82-5;;98-95-3;;284.201;101.0;1;0.776;0.291;1999 tan zho 0
142-82-5;;98-95-3;;285.583;101.0;1;0.761;0.306;1999 tan zho 0
142-82-5;;98-95-3;;286.664;101.0;1;0.746;0.32;1999 tan zho 0
142-82-5;;98-95-3;;287.621;101.0;1;0.733;0.332;1999 tan zho 0
142-82-5;;98-95-3;;288.5;101.0;1;0.717;0.346;1999 tan zho 0
142-82-5;;98-95-3;;289.236;101.0;1;0.703;0.361;1999 tan zho 0
142-82-5;;98-95-3;;289.803;101.0;1;0.689;0.374;1999 tan zho 0
142-82-5;;98-95-3;;290.273;101.0;1;0.677;0.387;1999 tan zho 0
142-82-5;;98-95-3;;290.609;101.0;1;0.665;0.397;1999 tan zho 0
142-82-5;;98-95-3;;290.869;101.0;1;0.652;0.407;1999 tan zho 0
142-82-5;;98-95-3;;291.074;101.0;1;0.645;0.415;1999 tan zho 0
142-82-5;;98-95-3;;291.229;101.0;1;0.637;0.422;1999 tan zho 0
142-82-5;;98-95-3;;291.352;101.0;1;0.63;0.431;1999 tan zho 0
142-82-5;;98-95-3;;291.458;101.0;1;0.622;0.437;1999 tan zho 0
142-82-5;;98-95-3;;291.556;101.0;1;0.615;0.444;1999 tan zho 0
142-82-5;;98-95-3;;291.628;101.0;1;0.608;0.451;1999 tan zho 0
142-82-5;;98-95-3;;291.673;101.0;1;0.604;0.455;1999 tan zho 0
142-82-5;;98-95-3;;291.694;101.0;1;0.601;0.458;1999 tan zho 0
142-82-5;;98-95-3;;291.717;101.0;1;0.598;0.46;1999 tan zho 0
142-82-5;;98-95-3;;291.739;101.0;1;0.595;0.462;1999 tan zho 0
142-82-5;;98-95-3;;291.761;101.0;1;0.592;0.465;1999 tan zho 0
142-82-5;;98-95-3;;291.778;101.0;1;0.589;0.467;1999 tan zho 0
142-82-5;;98-95-3;;291.793;101.0;1;0.586;0.47;1999 tan zho 0
142-82-5;;98-95-3;;291.808;101.0;1;0.584;0.473;1999 tan zho 0
142-82-5;;98-95-3;;291.819;101.0;1;0.582;0.475;1999 tan zho 0
142-82-5;;98-95-3;;291.834;101.0;1;0.578;0.479;1999 tan zho 0
142-82-5;;98-95-3;;291.845;101.0;1;0.574;0.481;1999 tan zho 0
142-82-5;;98-95-3;;291.858;101.0;1;0.571;0.488;1999 tan zho 0
142-82-5;;98-95-3;;291.867;101.0;1;0.568;0.493;1999 tan zho 0
142-82-5;;98-95-3;;291.877;101.0;1;0.565;0.501;1999 tan zho 0
142-82-5;;98-95-3;;291.881;101.0;1;0.562;0.502;1999 tan zho 0
142-82-5;;98-95-3;;291.887;101.0;1;0.558;0.507;1999 tan zho 0
142-82-5;;98-95-3;;291.889;101.0;1;0.557;0.517;1999 tan zho 0
142-82-5;;98-95-3;;291.895;101.0;1;0.552;-1.0;1999 tan zho 0
142-82-5;;98-95-3;;291.899;101.0;1;0.543;-1.0;1999 tan zho 0
142-84-7;;7732-18-5;water;268.6536;101.0;1;0.0566113798746;-1.0;1941 hob har 0
142-84-7;;7732-18-5;water;268.35384;101.0;1;0.0829469178381;-1.0;1941 hob har 0
142-84-7;;7732-18-5;water;270.25232;101.0;1;0.125710119642;-1.0;1941 hob har 0
142-84-7;;7732-18-5;water;271.6512;101.0;1;0.138918185911;-1.0;1941 hob har 0
142-84-7;;7732-18-5;water;277.34748;101.0;1;0.21354887422;-1.0;1941 hob har 0
142-84-7;;7732-18-5;water;281.1452;101.0;1;0.240880988529;-1.0;1941 hob har 0
142-84-7;;7732-18-5;water;290.6395;101.0;1;0.328628571752;-1.0;1941 hob har 0
142-84-7;;7732-18-5;water;297.83612;101.0;1;0.396639942889;-1.0;1941 hob har 0
142-84-7;;7732-18-5;water;304.33352;101.0;1;0.450343848705;-1.0;1941 hob har 0
142-84-7;;7732-18-5;water;312.1304;101.0;1;0.518845244137;-1.0;1941 hob har 0
142-84-7;;7732-18-5;water;322.1273;101.0;1;0.596704754537;-1.0;1941 hob har 0
142-84-7;;7732-18-5;water;347.92352;101.0;1;0.71093238689;-1.0;1941 hob har 0
142-84-7;;7732-18-5;water;325.72622;101.0;1;-1.0;0.00354644822087;1941 hob har 0
142-84-7;;7732-18-5;water;317.22877;101.0;1;-1.0;0.00439567043598;1941 hob har 0
142-84-7;;7732-18-5;water;309.23156;101.0;1;-1.0;0.00530751365803;1941 hob har 0
142-84-7;;7732-18-5;water;285.34268;101.0;1;-1.0;0.0109602625612;1941 hob har 0
142-84-7;;7732-18-5;water;272.55048;101.0;1;-1.0;0.0179894537032;1941 hob har 0
142-84-7;;7732-18-5;water;270.95176;101.0;1;-1.0;0.02429400966;1941 hob har 0
142-84-7;;7732-18-5;water;269.6528;101.0;1;-1.0;0.0311096991099;1941 hob har 0
142-84-7;;7732-18-5;water;283.09807;101.3;1;0.269;0.01389;1968 dav & 0
142-84-7;;7732-18-5;water;293.14537;101.3;1;0.336;0.00902;1968 dav & 0
142-84-7;;7732-18-5;water;303.143055;101.3;1;0.425;0.00677;1968 dav & 0
142-84-7;;7732-18-5;water;313.140055;101.3;1;0.498;0.00498;1968 dav & 0
142-84-7;;7732-18-5;water;303.19304;101.325;1;0.4221;0.0068;1988 ste kuk 2
142-84-7;;7732-18-5;water;273.15;101.32;1;0.141868273829;0.025823063188;1993 ste & 1
142-84-7;;7732-18-5;water;283.15;101.32;1;0.237491098081;0.0146951288461;1993 ste & 1
142-84-7;;7732-18-5;water;293.15;101.32;1;0.39564256184;0.00986515763267;1993 ste & 1
142-84-7;;7732-18-5;water;303.15;101.32;1;0.517411195036;0.00617040459805;1993 ste & 1
142-84-7;;7732-18-5;water;313.15;101.32;1;0.57258990398;0.00484134924029;1993 ste & 1
142-84-7;;7732-18-5;water;323.15;101.32;1;0.584100754315;0.00358323517879;1993 ste & 1
142-84-7;;7732-18-5;water;333.15;101.32;1;0.61914679448;0.00295952431433;1993 ste & 1
142-84-7;;7732-18-5;water;343.15;101.32;1;0.673942550944;0.00266723446663;1993 ste & 1
142-84-7;;7732-18-5;water;353.15;101.32;1;0.684294543789;0.00206683789978;1993 ste & 1
142-84-7;;7732-18-5;water;363.15;101.32;1;0.724514662723;0.00186743576681;1993 ste & 1
1634-04-4;;7732-18-5;water;293.138;101.0;1;0.908699030511;0.00758399005643;1936 eva & 0
1634-04-4;;7732-18-5;water;293.14537;100.0;1;0.9182;0.0058;1987 zon yan 0
1634-04-4;;7732-18-5;water;297.14457;100.0;1;0.9147;0.0119;1987 zon yan 0
1634-04-4;;7732-18-5;water;303.143055;100.0;1;0.9075;0.0141;1987 zon yan 0
1634-04-4;;7732-18-5;water;273.15;101.325;1;0.946;0.0209;1990 zik mat 0
1634-04-4;;7732-18-5;water;293.15;101.325;1;0.936;0.0105;1990 zik mat 0
1634-04-4;;7732-18-5;water;293.15;101.325;1;0.933;-1.0;1990 zik mat 0
1634-04-4;;7732-18-5;water;298.15;101.325;1;0.934;0.0089;1990 zik mat 0
1634-04-4;;7732-18-5;water;303.15;101.325;1;0.932;0.0079;1990 zik mat 0
1634-04-4;;7732-18-5;water;303.15;101.325;1;0.93;-1.0;1990 zik mat 0
1634-04-4;;7732-18-5;water;313.15;101.325;1;0.926;0.0057;1990 zik mat 0
1634-04-4;;7732-18-5;water;323.15;101.325;1;0.921;0.0046;1990 zik mat 0
1634-04-4;;7732-18-5;water;333.15;101.325;1;0.909;0.0038;1990 zik mat 0
1634-04-4;;7732-18-5;water;298.15;101.0;1;0.934;0.009;1991 let rav 0
1634-04-4;;7732-18-5;water;273.15;101.32;1;0.946588646153;0.0181618715542;1992 ste & 0
1634-04-4;;7732-18-5;water;282.85;101.32;1;0.942119202058;0.0108635587089;1992 ste & 0
1634-04-4;;7732-18-5;water;292.95;101.32;1;0.940784835188;0.00888018249777;1992 ste & 0
1634-04-4;;7732-18-5;water;302.75;101.32;1;0.936799495762;0.00649560577006;1992 ste & 0
1634-04-4;;7732-18-5;water;312.45;101.32;1;0.93196439911;0.00521287723913;1992 ste & 0
1634-04-4;;7732-18-5;water;321.75;101.32;1;0.927168314941;0.0039425836527;1992 ste & 0
1634-04-4;;7732-18-5;water;298.2;101.325;1;0.9414;0.0058;1994 arc bla 3
1634-04-4;;7732-18-5;water;308.2;101.325;1;0.9404;0.0062;1994 arc bla 3
1634-04-4;;7732-18-5;water;298.0;101.325;1;0.9426;0.0079;1995 pes san 0
1634-04-4;;7732-18-5;water;298.15;101.325;1;0.9211;0.0069;1996 arc bla 1
1634-04-4;;7732-18-5;water;308.15;101.325;1;0.942;0.0056;1996 arc bla 1
1634-04-4;;7732-18-5;water;298.15;101.3;1;0.9211;0.0109;1998 arc bla 2
1634-04-4;;7732-18-5;water;298.15;101.3;1;0.9463;-1.0;1998 arc bla 2
1634-04-4;;7732-18-5;water;303.0;101.325;1;0.938;0.018;1998 kom yam 0
1634-04-4;;7732-18-5;water;288.15;101.3;1;0.9512;0.0115;2001 alk alj 0
1634-04-4;;7732-18-5;water;298.15;101.3;1;0.9489;0.0079;2001 alk alj 0
1634-04-4;;7732-18-5;water;308.15;101.3;1;0.9489;0.0064;2001 alk alj 0
1634-04-4;;7732-18-5;water;318.15;101.3;1;0.9468;0.0055;2001 alk alj 0
1634-04-4;;7732-18-5;water;288.15;101.3;1;0.9217;0.0156;2005 ash & 0
1634-04-4;;7732-18-5;water;288.15;101.3;1;0.9098;-1.0;2005 ash & 0
1634-04-4;;7732-18-5;water;298.15;101.3;1;0.9259;0.0087;2005 ash & 0
1634-04-4;;7732-18-5;water;298.15;101.3;1;0.9329;-1.0;2005 ash & 0
1634-04-4;;7732-18-5;water;308.15;101.3;1;0.918;0.0072;2005 ash & 0
1634-04-4;;7732-18-5;water;275.5;101.325;1;0.943024;0.012541;2005 sus lee 0
1634-04-4;;7732-18-5;water;283.15;101.325;1;0.934421;0.011878;2005 sus lee 0
1634-04-4;;7732-18-5;water;298.15;101.325;1;0.931404;0.008901;2005 sus lee 0
1634-04-4;;7732-18-5;water;298.15;101.3;1;0.9426;0.0067;2006 che don 0
1634-04-4;;7732-18-5;water;298.15;101.0;1;0.941451647156;0.00690571793704;2013 lei che 0
1634-04-4;;7732-18-5;water;313.15;101.0;1;0.93196439911;0.00521287723913;2013 lei che 0
1634-04-4;;7732-18-5;water;323.15;101.0;1;0.927168314941;0.0039425836527;2013 lei che 0
1634-04-4;;7732-18-5;water;298.15;101.0;1;0.893;0.008;2014 hwa par 0
1634-04-4;;7732-18-5;water;313.15;101.0;1;0.93196439911;0.00521287723913;2015 luo li 0
1634-04-4;;7732-18-5;water;298.15;101.0;1;0.94528908062;0.00774756923743;2015 luo li 0
1634-04-4;;7732-18-5;water;298.15;101.0;1;0.94528908062;0.00774756923743;2016 luo liu 0
1634-04-4;;7732-18-5;water;313.15;101.0;1;0.93196439911;0.00521287723913;2016 luo liu 0
1634-04-4;;7732-18-5;water;298.3;101.0;1;0.93503673496;0.00888018249777;2016 man pok 1
1634-04-4;;7732-18-5;water;298.3;101.0;1;0.939453435098;-1.0;2016 man pok 1
1634-04-4;;7732-18-5;water;298.3;101.0;1;0.93503673496;-1.0;2016 man pok 1
1634-04-4;;7732-18-5;water;307.9;101.0;1;0.93503673496;0.00649560577006;2016 man pok 1
1634-04-4;;7732-18-5;water;307.9;101.0;1;0.93503673496;-1.0;2016 man pok 1
1634-04-4;;7732-18-5;water;307.8;101.0;1;0.926300454195;0.00671061564264;2016 man pok 1
1634-04-4;;7732-18-5;water;313.15;101.0;1;0.926300454195;0.00980208836527;2017 he wan 0
1634-04-4;;7732-18-5;water;293.15;101.0;1;0.9434;0.011;2017 wan liu 1
1634-04-4;;7732-18-5;water;313.15;101.0;1;0.9534;0.0069;2017 wan liu 1
1634-04-4;;7732-18-5;water;298.2;101.3;1;0.934596857956;0.00855247331241;2018 li jia 0
1634-04-4;;7732-18-5;water;308.2;101.3;1;0.918546582865;0.00772588282313;2018 li jia 0
1634-04-4;;7732-18-5;water;308.2;101.3;1;0.933279172859;0.00772588282313;2019 dai zha 0
1634-04-4;;7732-18-5;water;293.0;101.3;1;0.938124991902;0.00619518060296;2019 neu har 0
1634-04-4;;7732-18-5;water;298.2;101.3;1;0.940784835188;0.00857429544373;2020 don sun 0
1634-04-4;;7732-18-5;water;298.15;101.0;1;0.9492;0.0066;2020 li fan 0
1634-04-4;;7732-18-5;water;308.15;101.0;1;0.9416;0.006;2020 li fan 0
1634-04-4;;7732-18-5;water;318.15;101.0;1;0.9389;0.0057;2020 li fan 0
1634-04-4;;7732-18-5;water;308.2;101.3;1;0.940340706005;0.00619518060296;2021 don jia 0
1634-04-4;;7732-18-5;water;293.15;-1.0;1;-1.0;0.0098834087345;2002 fuk miy 0
1634-04-4;;7732-18-5;water;298.15;-1.0;1;-1.0;0.00869777690282;2002 fuk miy 0
1634-04-4;;7732-18-5;water;303.15;-1.0;1;-1.0;0.00788580595783;2002 fuk miy 0
1634-04-4;;7732-18-5;water;313.15;-1.0;1;-1.0;0.00673197692535;2002 fuk miy 0
1634-04-4;;7732-18-5;water;298.15;101.325;1;-1.0;0.00974124331933;1995 dal & 0
1634-04-4;;7732-18-5;water;303.25;101.325;1;-1.0;0.00701195411504;2004 ati gru 0
1634-04-4;;7732-18-5;water;313.25;101.325;1;-1.0;0.00542957328448;2004 ati gru 0
1634-04-4;;7732-18-5;water;323.25;101.325;1;-1.0;0.00446756211252;2004 ati gru 0
1634-04-4;;7732-18-5;water;333.25;101.325;1;-1.0;0.00375198268835;2004 ati gru 0
1634-04-4;;7732-18-5;water;308.15;101.0;1;-1.0;0.00590592274268;2006 hai uus 0
1634-04-4;;7732-18-5;water;318.15;101.0;1;-1.0;0.00448745310629;2006 hai uus 0
1634-04-4;;7732-18-5;water;288.15;101.0;1;-1.0;0.00855110284901;2006 hai uus 0
1634-04-4;;7732-18-5;water;298.15;101.0;1;-1.0;0.00776491381008;2006 hai uus 0
292-64-8;;872-50-4;;265.87;101.0;1;0.9608;-1.0;1993 eus rom 0
292-64-8;;872-50-4;;291.13;101.0;1;0.8411;-1.0;1993 eus rom 0
292-64-8;;872-50-4;;291.45;101.0;1;0.8028;-1.0;1993 eus rom 0
292-64-8;;872-50-4;;291.44;101.0;1;0.7952;-1.0;1993 eus rom 0
292-64-8;;872-50-4;;291.87;101.0;1;0.7168;-1.0;1993 eus rom 0
292-64-8;;872-50-4;;291.61;101.0;1;0.6962;-1.0;1993 eus rom 0
292-64-8;;872-50-4;;291.98;101.0;1;0.6645;-1.0;1993 eus rom 0
292-64-8;;872-50-4;;291.57;101.0;1;0.6448;-1.0;1993 eus rom 0
292-64-8;;872-50-4;;291.85;101.0;1;0.6402;-1.0;1993 eus rom 0
292-64-8;;872-50-4;;291.8;101.0;1;0.595;-1.0;1993 eus rom 0
292-64-8;;872-50-4;;291.62;101.0;1;0.5619;-1.0;1993 eus rom 0
292-64-8;;872-50-4;;291.53;101.0;1;0.543;-1.0;1993 eus rom 0
292-64-8;;872-50-4;;291.42;101.0;1;-1.0;0.5129;1993 eus rom 0
292-64-8;;872-50-4;;291.3;101.0;1;-1.0;0.5036;1993 eus rom 0
292-64-8;;872-50-4;;291.11;101.0;1;-1.0;0.4941;1993 eus rom 0
292-64-8;;872-50-4;;290.23;101.0;1;-1.0;0.447;1993 eus rom 0
292-64-8;;872-50-4;;290.57;101.0;1;-1.0;0.4449;1993 eus rom 0
292-64-8;;872-50-4;;289.34;101.0;1;-1.0;0.4002;1993 eus rom 0
292-64-8;;872-50-4;;289.79;101.0;1;-1.0;0.3963;1993 eus rom 0
292-64-8;;872-50-4;;286.21;101.0;1;-1.0;0.314;1993 eus rom 0
292-64-8;;872-50-4;;285.79;101.0;1;-1.0;0.2988;1993 eus rom 0
292-64-8;;872-50-4;;285.34;101.0;1;-1.0;0.2947;1993 eus rom 0
292-64-8;;872-50-4;;277.78;101.0;1;-1.0;0.1966;1993 eus rom 0
292-64-8;;872-50-4;;278.16;101.0;1;-1.0;0.1941;1993 eus rom 0
292-64-8;;872-50-4;;268.64;101.0;1;-1.0;0.1339;1993 eus rom 0
292-64-8;;872-50-4;;286.349;101.32;1;0.827;0.319;2003 an mao 0
292-64-8;;872-50-4;;287.666;101.32;1;0.783;0.334;2003 an mao 0
292-64-8;;872-50-4;;288.694;101.32;1;0.768;0.351;2003 an mao 0
292-64-8;;872-50-4;;289.489;101.32;1;0.756;0.369;2003 an mao 0
292-64-8;;872-50-4;;290.059;101.32;1;0.713;0.387;2003 an mao 0
292-64-8;;872-50-4;;290.472;101.32;1;0.685;0.403;2003 an mao 0
292-64-8;;872-50-4;;290.788;101.32;1;0.679;0.416;2003 an mao 0
292-64-8;;872-50-4;;291.025;101.32;1;0.664;0.431;2003 an mao 0
292-64-8;;872-50-4;;291.156;101.32;1;0.643;0.442;2003 an mao 0
292-64-8;;872-50-4;;291.246;101.32;1;0.625;0.456;2003 an mao 0
292-64-8;;872-50-4;;291.347;101.32;1;0.62;0.46;2003 an mao 0
292-64-8;;872-50-4;;291.395;101.32;1;0.605;0.467;2003 an mao 0
292-64-8;;872-50-4;;291.419;101.32;1;0.593;0.466;2003 an mao 0
292-64-8;;872-50-4;;291.443;101.32;1;0.592;0.474;2003 an mao 0
292-64-8;;872-50-4;;291.486;101.32;1;0.578;0.499;2003 an mao 0
292-64-8;;872-50-4;;279.89;101.0;1;0.8692;-1.0;2008 alc apa 0
292-64-8;;872-50-4;;285.17;101.0;1;0.8174;-1.0;2008 alc apa 0
292-64-8;;872-50-4;;288.66;101.0;1;0.7488;-1.0;2008 alc apa 0
292-64-8;;872-50-4;;289.9;101.0;1;0.6827;-1.0;2008 alc apa 0
292-64-8;;872-50-4;;290.24;101.0;1;0.6195;-1.0;2008 alc apa 0
292-64-8;;872-50-4;;290.35;101.0;1;0.5596;-1.0;2008 alc apa 0
292-64-8;;872-50-4;;290.01;101.0;1;-1.0;0.5014;2008 alc apa 0
292-64-8;;872-50-4;;289.65;101.0;1;-1.0;0.4452;2008 alc apa 0
292-64-8;;872-50-4;;288.72;101.0;1;-1.0;0.3911;2008 alc apa 0
292-64-8;;872-50-4;;287.03;101.0;1;-1.0;0.3381;2008 alc apa 0
292-64-8;;872-50-4;;284.07;101.0;1;-1.0;0.2891;2008 alc apa 0
292-64-8;;872-50-4;;279.68;101.0;1;-1.0;0.2413;2008 alc apa 0
464-06-2;;62-53-3;;345.52376;101.0;1;0.48;0.47;1929 edg cal 1
464-06-2;;62-53-3;;345.52376;101.0;1;0.48;-1.0;1929 edg cal 1
464-06-2;;62-53-3;;345.52376;101.0;1;0.48;-1.0;1929 edg cal 1
464-06-2;;62-53-3;;345.52376;101.0;1;0.49;-1.0;1929 edg cal 1
464-06-2;;62-53-3;;345.52376;101.0;1;0.49;-1.0;1929 edg cal 1
464-06-2;;62-53-3;;345.52376;101.0;1;0.5;-1.0;1929 edg cal 1
464-06-2;;62-53-3;;345.42377;101.0;1;0.52;0.46;1929 edg cal 1
464-06-2;;62-53-3;;345.42377;101.0;1;0.52;-1.0;1929 edg cal 1
464-06-2;;62-53-3;;345.42377;101.0;1;0.52;-1.0;1929 edg cal 1
464-06-2;;62-53-3;;345.42377;101.0;1;0.52;-1.0;1929 edg cal 1
464-06-2;;62-53-3;;345.42377;101.0;1;0.53;-1.0;1929 edg cal 1
464-06-2;;62-53-3;;345.32378;101.0;1;0.54;0.42;1929 edg cal 1
464-06-2;;62-53-3;;345.32378;101.0;1;0.54;-1.0;1929 edg cal 1
464-06-2;;62-53-3;;345.32378;101.0;1;0.54;-1.0;1929 edg cal 1
464-06-2;;62-53-3;;345.22379;101.0;1;0.56;0.4;1929 edg cal 1
464-06-2;;62-53-3;;345.22379;101.0;1;0.56;-1.0;1929 edg cal 1
464-06-2;;62-53-3;;345.22379;101.0;1;0.56;-1.0;1929 edg cal 1
464-06-2;;62-53-3;;345.22379;101.0;1;0.56;-1.0;1929 edg cal 1
464-06-2;;62-53-3;;344.72384;101.0;1;0.59;0.34;1929 edg cal 1
464-06-2;;62-53-3;;344.62385;101.0;1;0.6;0.34;1929 edg cal 1
464-06-2;;62-53-3;;344.62385;101.0;1;0.6;-1.0;1929 edg cal 1
464-06-2;;62-53-3;;344.52386;101.0;1;0.6;0.34;1929 edg cal 1
464-06-2;;62-53-3;;344.52386;101.0;1;0.6;-1.0;1929 edg cal 1
464-06-2;;62-53-3;;344.52386;101.0;1;0.6;-1.0;1929 edg cal 1
464-06-2;;62-53-3;;342.024;101.0;1;-1.0;0.25;1929 edg cal 1
464-06-2;;62-53-3;;343.42397;101.0;1;-1.0;0.3;1929 edg cal 1
464-06-2;;62-53-3;;343.42397;101.0;1;-1.0;0.3;1929 edg cal 1
464-06-2;;62-53-3;;343.52396;101.0;1;-1.0;0.3;1929 edg cal 1
464-06-2;;62-53-3;;343.52396;101.0;1;-1.0;0.3;1929 edg cal 1
464-06-2;;62-53-3;;343.62395;101.0;1;-1.0;0.3;1929 edg cal 1
464-06-2;;62-53-3;;343.82393;101.0;1;-1.0;0.31;1929 edg cal 1
464-06-2;;62-53-3;;344.82383;101.0;1;-1.0;0.35;1929 edg cal 1
464-06-2;;62-53-3;;344.92382;101.0;1;-1.0;0.35;1929 edg cal 1
464-06-2;;62-53-3;;344.92382;101.0;1;-1.0;0.36;1929 edg cal 1
464-06-2;;62-53-3;;344.92382;101.0;1;-1.0;0.36;1929 edg cal 1
464-06-2;;62-53-3;;345.1238;101.0;1;-1.0;0.38;1929 edg cal 1
464-06-2;;62-53-3;;345.1238;101.0;1;-1.0;0.38;1929 edg cal 1
464-06-2;;62-53-3;;345.1238;101.0;1;-1.0;0.39;1929 edg cal 1
540-84-1;;67-56-1;;273.10013992;101.0;1;0.856173450045;0.0773082075312;1954 fra & 5
540-84-1;;67-56-1;;283.09403;101.0;1;0.842009321882;0.0888649292926;1954 fra & 5
540-84-1;;67-56-1;;288.141;101.0;1;0.788432953304;0.0983542866164;1954 fra & 5
540-84-1;;67-56-1;;293.138;101.0;1;0.775759201701;0.109144855851;1954 fra & 5
540-84-1;;67-56-1;;298.136;101.0;1;0.76335518888;0.123322901655;1954 fra & 5
540-84-1;;67-56-1;;315.72922;101.0;1;-1.0;0.356631886102;1954 fra & 5
540-84-1;;67-56-1;;290.98929;101.325;1;0.8227;0.1214;1959 buc tep 0
540-84-1;;67-56-1;;292.98809;101.325;1;-1.0;0.1253;1959 buc tep 0
540-84-1;;67-56-1;;296.3397188;101.0;1;0.79407;-1.0;1961 kis joh 0
540-84-1;;67-56-1;;297.3872996;101.0;1;0.78554;-1.0;1961 kis joh 0
540-84-1;;67-56-1;;299.0986148;101.0;1;0.77659;-1.0;1961 kis joh 0
540-84-1;;67-56-1;;300.9138884;101.0;1;0.76256;-1.0;1961 kis joh 0
540-84-1;;67-56-1;;302.6272028;101.0;1;0.74749;-1.0;1961 kis joh 0
540-84-1;;67-56-1;;304.8003332;101.0;1;0.72943;-1.0;1961 kis joh 0
540-84-1;;67-56-1;;307.1014124;101.0;1;0.71036;-1.0;1961 kis joh 0
540-84-1;;67-56-1;;308.6128076;101.0;1;0.68814;-1.0;1961 kis joh 0
540-84-1;;67-56-1;;310.5600284;101.0;1;0.65934;-1.0;1961 kis joh 0
540-84-1;;67-56-1;;312.20537;101.0;1;0.62286;-1.0;1961 kis joh 0
540-84-1;;67-56-1;;313.5168839;101.0;1;0.5899;-1.0;1961 kis joh 0
540-84-1;;67-56-1;;314.599559;101.0;1;0.5564;-1.0;1961 kis joh 0
540-84-1;;67-56-1;;315.1383973;101.0;1;0.5473;-1.0;1961 kis joh 0
540-84-1;;67-56-1;;315.9501537;101.0;1;0.48573;-1.0;1961 kis joh 0
540-84-1;;67-56-1;;316.1500937;101.0;1;0.4246;0.38076;1961 kis joh 0
540-84-1;;67-56-1;;316.0221321;101.0;1;-1.0;0.2834;1961 kis joh 0
540-84-1;;67-56-1;;315.7981993;101.0;1;-1.0;0.2691;1961 kis joh 0
540-84-1;;67-56-1;;314.5085863;101.0;1;-1.0;0.23835;1961 kis joh 0
540-84-1;;67-56-1;;311.8225232;101.0;1;-1.0;0.19416;1961 kis joh 0
540-84-1;;67-56-1;;308.4148868;101.0;1;-1.0;0.17078;1961 kis joh 0
540-84-1;;67-56-1;;305.717966;101.0;1;-1.0;0.15616;1961 kis joh 0
540-84-1;;67-56-1;;304.7523524;101.0;1;-1.0;0.14991;1961 kis joh 0
540-84-1;;67-56-1;;301.0588304;101.0;1;-1.0;0.14127;1961 kis joh 0
540-84-1;;67-56-1;;299.1246044;101.0;1;-1.0;0.13389;1961 kis joh 0
540-84-1;;67-56-1;;296.1707864;101.0;1;-1.0;0.12432;1961 kis joh 0
540-84-1;;67-56-1;;294.057632;101.0;1;-1.0;0.11793;1961 kis joh 0
540-84-1;;67-56-1;;292.0726396;101.0;1;-1.0;0.10952;1961 kis joh 0
540-84-1;;67-56-1;;298.14437;101.0;1;0.767;0.121;1975 yas kaw 0
540-84-1;;67-56-1;;293.14537;101.325;1;0.754;0.078;1976 bud les 0
540-84-1;;67-56-1;;292.9954;101.325;1;0.754;0.078;1976 bud les 10
540-84-1;;67-56-1;;298.15;101.3;1;0.8014;0.1297;1990 hig sak 0
540-84-1;;67-56-1;;303.15;101.3;1;0.7527;0.1417;1990 hig sak 0
540-84-1;;67-56-1;;308.15;101.3;1;0.6968;0.1706;1990 hig sak 0
540-84-1;;67-56-1;;313.15;101.3;1;0.6184;0.2147;1990 hig sak 0
540-84-1;;67-56-1;;298.15;101.3;1;0.8014;-1.0;1990 hig sak 0
540-84-1;;67-56-1;;288.36;101.325;1;0.825;-1.0;1994 yos kan 0
540-84-1;;67-56-1;;296.05;101.325;1;0.8;-1.0;1994 yos kan 0
540-84-1;;67-56-1;;303.12;101.325;1;0.75;-1.0;1994 yos kan 0
540-84-1;;67-56-1;;308.84;101.325;1;0.7;-1.0;1994 yos kan 0
540-84-1;;67-56-1;;313.43;101.325;1;0.6;-1.0;1994 yos kan 0
540-84-1;;67-56-1;;314.89;101.325;1;0.5;-1.0;1994 yos kan 0
540-84-1;;67-56-1;;315.59;101.325;1;0.4;-1.0;1994 yos kan 0
540-84-1;;67-56-1;;298.15;101.0;1;0.786;0.125;1994 yos kan 0
540-84-1;;67-56-1;;315.25;101.325;1;-1.0;0.3;1994 yos kan 0
540-84-1;;67-56-1;;311.55;101.325;1;-1.0;0.2;1994 yos kan 0
540-84-1;;67-56-1;;304.22;101.325;1;-1.0;0.15;1994 yos kan 0
540-84-1;;67-56-1;;287.59;101.325;1;-1.0;0.1;1994 yos kan 0
540-84-1;;67-56-1;;303.15;101.325;1;0.785876202462;0.138330191933;2001 gra bon 0
540-84-1;;67-56-1;;298.15;101.325;1;0.7538;0.1287;2001 tam che 1
540-84-1;;67-56-1;;292.42;101.0;1;0.8293;-1.0;2002 kur mid 0
540-84-1;;67-56-1;;303.31;101.0;1;0.7699;-1.0;2002 kur mid 0
540-84-1;;67-56-1;;308.7;101.0;1;0.7044;-1.0;2002 kur mid 0
540-84-1;;67-56-1;;311.12;101.0;1;0.6515;-1.0;2002 kur mid 0
540-84-1;;67-56-1;;313.11;101.0;1;0.6009;-1.0;2002 kur mid 0
540-84-1;;67-56-1;;314.73;101.0;1;0.544;-1.0;2002 kur mid 0
540-84-1;;67-56-1;;315.82;101.0;1;0.5004;-1.0;2002 kur mid 0
540-84-1;;67-56-1;;316.44;101.0;1;0.4641;-1.0;2002 kur mid 0
540-84-1;;67-56-1;;316.58;101.0;1;0.4281;-1.0;2002 kur mid 0
540-84-1;;67-56-1;;316.71;101.0;1;0.3788;-1.0;2002 kur mid 0
540-84-1;;67-56-1;;316.78;101.0;1;0.3546;-1.0;2002 kur mid 0
540-84-1;;67-56-1;;316.64;101.0;1;0.3322;-1.0;2002 kur mid 0
540-84-1;;67-56-1;;316.62;101.0;1;0.3309;-1.0;2002 kur mid 0
540-84-1;;67-56-1;;316.2;101.0;1;-1.0;0.3054;2002 kur mid 0
540-84-1;;67-56-1;;315.43;101.0;1;-1.0;0.2702;2002 kur mid 0
540-84-1;;67-56-1;;314.98;101.0;1;-1.0;0.2495;2002 kur mid 0
540-84-1;;67-56-1;;312.74;101.0;1;-1.0;0.2022;2002 kur mid 0
540-84-1;;67-56-1;;308.22;101.0;1;-1.0;0.1607;2002 kur mid 0
540-84-1;;67-56-1;;301.62;101.0;1;-1.0;0.1311;2002 kur mid 0
540-84-1;;67-56-1;;294.48;101.0;1;-1.0;0.1119;2002 kur mid 0
540-84-1;;67-56-1;;289.05;101.0;1;-1.0;0.1022;2002 kur mid 0
540-84-1;;67-56-1;;279.93;101.0;1;-1.0;0.0846;2002 kur mid 0
540-84-1;;67-56-1;;293.2;101.3;1;0.822983478324;0.0744261107071;2011 ras jes 0
540-84-1;;67-56-1;;298.15;101.3;1;0.7717;0.1142;2014 dec pau 0
540-84-1;;67-56-1;;283.15;101.3;1;0.8407;0.0891;2014 dec pau 0
540-84-1;;67-56-1;;278.147;101.32;1;-1.0;0.0798179314454;1961 kis joh 0
540-84-1;;67-56-1;;283.144;101.32;1;-1.0;0.0890500016054;1961 kis joh 0
540-84-1;;67-56-1;;288.141;101.32;1;-1.0;0.0996340931926;1961 kis joh 0
540-84-1;;67-56-1;;293.138;101.32;1;-1.0;0.111217379277;1961 kis joh 0
540-84-1;;67-56-1;;298.136;101.32;1;-1.0;0.12537624654;1961 kis joh 0
540-84-1;;67-56-1;;303.134;101.32;1;-1.0;0.141639952767;1961 kis joh 0
540-84-1;;67-56-1;;308.132;101.32;1;-1.0;0.168122069478;1961 kis joh 0
540-84-1;;67-56-1;;313.13;101.32;1;-1.0;0.216274305986;1961 kis joh 0
544-76-3;;64-17-5;;298.14437;101.325;1;0.685;0.043;1979 fre ric 0
544-76-3;;64-17-5;;308.141555;101.325;1;0.607;0.061;1979 fre ric 0
544-76-3;;64-17-5;;318.138555;101.325;1;0.484;0.087;1979 fre ric 0
544-76-3;;64-17-5;;325.136455;101.325;1;0.2482;-1.0;1979 fre ric 0
544-76-3;;64-17-5;;324.956509;101.325;1;-1.0;0.1803;1979 fre ric 0
544-76-3;;64-17-5;;314.58962;100.0;1;0.5121;-1.0;1989 dah sch 0
544-76-3;;64-17-5;;317.48875;100.0;1;0.4718;-1.0;1989 dah sch 0
544-76-3;;64-17-5;;322.88713;100.0;1;0.3837;-1.0;1989 dah sch 0
544-76-3;;64-17-5;;323.58692;100.0;1;0.3733;-1.0;1989 dah sch 0
544-76-3;;64-17-5;;325.08647;100.0;1;0.3203;-1.0;1989 dah sch 0
544-76-3;;64-17-5;;326.08617;100.0;1;0.2826;0.2147;1989 dah sch 0
544-76-3;;64-17-5;;326.18614;100.0;1;0.2718;-1.0;1989 dah sch 0
544-76-3;;64-17-5;;326.08617;100.0;1;0.2444;-1.0;1989 dah sch 0
544-76-3;;64-17-5;;325.88623;100.0;1;-1.0;0.1693;1989 dah sch 0
544-76-3;;64-17-5;;325.28641;100.0;1;-1.0;0.1575;1989 dah sch 0
544-76-3;;64-17-5;;323.28701;100.0;1;-1.0;0.1156;1989 dah sch 0
544-76-3;;64-17-5;;321.08767;100.0;1;-1.0;0.1026;1989 dah sch 0
544-76-3;;64-17-5;;317.68869;100.0;1;-1.0;0.0904;1989 dah sch 0
544-76-3;;64-17-5;;298.66;101.3;1;0.7054;-1.0;2004 mat och 0
544-76-3;;64-17-5;;304.7;101.3;1;0.656;-1.0;2004 mat och 0
544-76-3;;64-17-5;;306.96;101.3;1;0.6387;-1.0;2004 mat och 0
544-76-3;;64-17-5;;308.66;101.3;1;0.6244;-1.0;2004 mat och 0
544-76-3;;64-17-5;;312.24;101.3;1;0.5918;-1.0;2004 mat och 0
544-76-3;;64-17-5;;313.66;101.3;1;0.5772;-1.0;2004 mat och 0
544-76-3;;64-17-5;;318.99;101.3;1;0.5064;-1.0;2004 mat och 0
544-76-3;;64-17-5;;321.91;101.3;1;0.4558;-1.0;2004 mat och 0
544-76-3;;64-17-5;;322.5;101.3;1;0.4429;-1.0;2004 mat och 0
544-76-3;;64-17-5;;323.8;101.3;1;0.4141;-1.0;2004 mat och 0
544-76-3;;64-17-5;;324.47;101.3;1;0.3911;-1.0;2004 mat och 0
544-76-3;;64-17-5;;325.59;101.3;1;0.3575;-1.0;2004 mat och 0
544-76-3;;64-17-5;;326.06;101.3;1;0.3357;-1.0;2004 mat och 0
544-76-3;;64-17-5;;326.4;101.3;1;0.3167;-1.0;2004 mat och 0
544-76-3;;64-17-5;;326.67;101.3;1;0.2993;-1.0;2004 mat och 0
544-76-3;;64-17-5;;326.87;101.3;1;0.2693;-1.0;2004 mat och 0
544-76-3;;64-17-5;;326.92;101.3;1;0.2372;-1.0;2004 mat och 0
544-76-3;;64-17-5;;326.72;101.3;1;-1.0;0.2119;2004 mat och 0
544-76-3;;64-17-5;;326.56;101.3;1;-1.0;0.1833;2004 mat och 0
544-76-3;;64-17-5;;326.21;101.3;1;-1.0;0.1586;2004 mat och 0
544-76-3;;64-17-5;;325.97;101.3;1;-1.0;0.1477;2004 mat och 0
544-76-3;;64-17-5;;325.26;101.3;1;-1.0;0.1335;2004 mat och 0
544-76-3;;64-17-5;;324.61;101.3;1;-1.0;0.1251;2004 mat och 0
544-76-3;;64-17-5;;323.02;101.3;1;-1.0;0.1096;2004 mat och 0
544-76-3;;64-17-5;;322.9;101.3;1;-1.0;0.1086;2004 mat och 0
544-76-3;;64-17-5;;320.21;101.3;1;-1.0;0.093;2004 mat och 0
544-76-3;;64-17-5;;319.04;101.3;1;-1.0;0.083;2004 mat och 0
544-76-3;;64-17-5;;314.96;101.3;1;-1.0;0.0707;2004 mat och 0
544-76-3;;64-17-5;;310.6;101.3;1;-1.0;0.0563;2004 mat och 0
544-76-3;;64-17-5;;304.11;101.3;1;-1.0;0.0472;2004 mat och 0
544-76-3;;64-17-5;;295.37;101.3;1;-1.0;0.0405;2004 mat och 0
544-76-3;;64-17-5;;293.88;101.3;1;-1.0;0.0387;2004 mat och 0
544-76-3;;64-17-5;;290.12;101.3;1;-1.0;0.0343;2004 mat och 0
544-76-3;;64-17-5;;294.4;101.0;1;0.7449;0.0379;2007 hwa kim 0
544-76-3;;64-17-5;;298.15;101.0;1;0.7082;0.0403;2007 hwa kim 0
544-76-3;;64-17-5;;308.15;101.0;1;0.6164;0.049;2007 hwa kim 0
544-76-3;;64-17-5;;318.15;101.0;1;0.5093;0.0641;2007 hwa kim 0
544-76-3;;64-17-5;;323.15;101.0;1;0.4456;0.0946;2007 hwa kim 0
544-76-3;;64-17-5;;296.09;100.0;1;0.69970696476;-1.0;2020 die ded 0
544-76-3;;64-17-5;;307.99;100.0;1;0.602127346959;-1.0;2020 die ded 0
544-76-3;;64-17-5;;317.25;100.0;1;0.504025701529;-1.0;2020 die ded 0
544-76-3;;64-17-5;;317.2;100.0;1;0.499911032348;-1.0;2020 die ded 0
544-76-3;;64-17-5;;320.02;100.0;1;0.45333022612;-1.0;2020 die ded 0
544-76-3;;64-17-5;;322.66;100.0;1;0.399346933039;-1.0;2020 die ded 0
544-76-3;;64-17-5;;324.2;100.0;1;0.353351819351;-1.0;2020 die ded 0
544-76-3;;64-17-5;;323.75;100.0;1;0.350590519107;-1.0;2020 die ded 0
544-76-3;;64-17-5;;324.82;100.0;1;0.301829034472;-1.0;2020 die ded 0
544-76-3;;64-17-5;;325.28;100.0;1;0.29980274693;-1.0;2020 die ded 0
544-76-3;;64-17-5;;325.72;100.0;1;0.266033700208;-1.0;2020 die ded 0
544-76-3;;64-17-5;;325.38;100.0;1;0.241161213526;-1.0;2020 die ded 0
544-76-3;;64-17-5;;325.6;100.0;1;-1.0;0.204745750596;2020 die ded 0
544-76-3;;64-17-5;;325.52;100.0;1;-1.0;0.200363406399;2020 die ded 0
544-76-3;;64-17-5;;324.62;100.0;1;-1.0;0.162303917454;2020 die ded 0
544-76-3;;64-17-5;;324.55;100.0;1;-1.0;0.141418694347;2020 die ded 0
544-76-3;;64-17-5;;322.24;100.0;1;-1.0;0.111201262299;2020 die ded 0
544-76-3;;64-17-5;;322.41;100.0;1;-1.0;0.110698953208;2020 die ded 0
544-76-3;;64-17-5;;321.24;100.0;1;-1.0;0.0999468308346;2020 die ded 0
544-76-3;;64-17-5;;319.41;100.0;1;-1.0;0.0908894794939;2020 die ded 0
544-76-3;;64-17-5;;313.79;100.0;1;-1.0;0.0703766576443;2020 die ded 0
544-76-3;;64-17-5;;294.77;100.0;1;-1.0;0.0402743889797;2020 die ded 0
544-76-3;;616-38-6;;286.12;101.0;1;0.6791;-1.0;1991 gon gar 1
544-76-3;;616-38-6;;291.22;101.0;1;0.6403;-1.0;1991 gon gar 1
544-76-3;;616-38-6;;295.56;101.0;1;0.6056;-1.0;1991 gon gar 1
544-76-3;;616-38-6;;297.87;101.0;1;0.585;-1.0;1991 gon gar 1
544-76-3;;616-38-6;;303.28;101.0;1;0.5252;-1.0;1991 gon gar 1
544-76-3;;616-38-6;;304.67;101.0;1;0.5094;-1.0;1991 gon gar 1
544-76-3;;616-38-6;;304.94;101.0;1;0.5056;-1.0;1991 gon gar 1
544-76-3;;616-38-6;;306.98;101.0;1;0.4782;-1.0;1991 gon gar 1
544-76-3;;616-38-6;;309.52;101.0;1;0.4454;-1.0;1991 gon gar 1
544-76-3;;616-38-6;;312.72;101.0;1;0.3816;-1.0;1991 gon gar 1
544-76-3;;616-38-6;;313.49;101.0;1;0.3648;-1.0;1991 gon gar 1
544-76-3;;616-38-6;;314.41;101.0;1;0.3403;-1.0;1991 gon gar 1
544-76-3;;616-38-6;;314.59;101.0;1;0.3293;-1.0;1991 gon gar 1
544-76-3;;616-38-6;;315.4;101.0;1;0.3009;-1.0;1991 gon gar 1
544-76-3;;616-38-6;;315.92;101.0;1;0.2726;-1.0;1991 gon gar 1
544-76-3;;616-38-6;;316.16;101.0;1;0.234;-1.0;1991 gon gar 1
544-76-3;;616-38-6;;316.24;101.0;1;0.2098;-1.0;1991 gon gar 1
544-76-3;;616-38-6;;316.21;101.0;1;-1.0;0.1895;1991 gon gar 1
544-76-3;;616-38-6;;316.13;101.0;1;-1.0;0.1662;1991 gon gar 1
544-76-3;;616-38-6;;315.96;101.0;1;-1.0;0.1421;1991 gon gar 1
544-76-3;;616-38-6;;315.61;101.0;1;-1.0;0.1263;1991 gon gar 1
544-76-3;;616-38-6;;314.37;101.0;1;-1.0;0.1006;1991 gon gar 1
544-76-3;;616-38-6;;313.46;101.0;1;-1.0;0.0934;1991 gon gar 1
544-76-3;;616-38-6;;313.16;101.0;1;-1.0;0.0884;1991 gon gar 1
544-76-3;;616-38-6;;312.67;101.0;1;-1.0;0.0843;1991 gon gar 1
544-76-3;;616-38-6;;310.9;101.0;1;-1.0;0.0712;1991 gon gar 1
544-76-3;;616-38-6;;304.36;101.0;1;-1.0;0.0487;1991 gon gar 1
544-76-3;;616-38-6;;292.72;101.0;1;-1.0;0.0286;1991 gon gar 1
544-76-3;;616-38-6;;306.84;101.0;1;0.483;0.053;2010 hua che 0
544-76-3;;616-38-6;;307.849;101.0;1;0.469;0.056;2010 hua che 0
544-76-3;;616-38-6;;309.257;101.0;1;0.453;0.062;2010 hua che 0
544-76-3;;616-38-6;;310.451;101.0;1;0.429;0.067;2010 hua che 0
544-76-3;;616-38-6;;311.549;101.0;1;0.408;0.074;2010 hua che 0
544-76-3;;616-38-6;;312.557;101.0;1;0.39;0.08;2010 hua che 0
544-76-3;;616-38-6;;313.341;101.0;1;0.373;0.087;2010 hua che 0
544-76-3;;616-38-6;;313.97;101.0;1;0.358;0.093;2010 hua che 0
544-76-3;;616-38-6;;314.546;101.0;1;0.341;0.101;2010 hua che 0
544-76-3;;616-38-6;;314.953;101.0;1;0.327;0.106;2010 hua che 0
544-76-3;;616-38-6;;315.254;101.0;1;0.316;0.112;2010 hua che 0
544-76-3;;616-38-6;;315.462;101.0;1;0.308;0.116;2010 hua che 0
544-76-3;;616-38-6;;315.625;101.0;1;0.301;0.12;2010 hua che 0
544-76-3;;616-38-6;;315.775;101.0;1;0.293;0.125;2010 hua che 0
544-76-3;;616-38-6;;315.892;101.0;1;0.286;0.128;2010 hua che 0
544-76-3;;616-38-6;;315.977;101.0;1;0.281;0.132;2010 hua che 0
544-76-3;;616-38-6;;316.049;101.0;1;0.277;0.135;2010 hua che 0
544-76-3;;616-38-6;;316.115;101.0;1;0.272;0.137;2010 hua che 0
544-76-3;;616-38-6;;316.173;101.0;1;0.265;0.141;2010 hua che 0
544-76-3;;616-38-6;;316.219;101.0;1;0.262;0.145;2010 hua che 0
544-76-3;;616-38-6;;316.26;101.0;1;0.257;0.147;2010 hua che 0
544-76-3;;616-38-6;;316.293;101.0;1;0.253;0.15;2010 hua che 0
544-76-3;;616-38-6;;316.32;101.0;1;0.251;0.152;2010 hua che 0
544-76-3;;616-38-6;;316.344;101.0;1;0.247;0.154;2010 hua che 0
544-76-3;;616-38-6;;316.364;101.0;1;0.244;0.157;2010 hua che 0
544-76-3;;616-38-6;;316.387;101.0;1;0.237;0.162;2010 hua che 0
544-76-3;;616-38-6;;316.403;101.0;1;0.235;0.164;2010 hua che 0
544-76-3;;616-38-6;;316.415;101.0;1;0.233;0.166;2010 hua che 0
544-76-3;;616-38-6;;316.426;101.0;1;0.23;0.169;2010 hua che 0
544-76-3;;616-38-6;;316.439;101.0;1;0.223;0.179;2010 hua che 0
544-76-3;;616-38-6;;316.444;101.0;1;0.22;0.185;2010 hua che 0
544-76-3;;616-38-6;;316.447;101.0;1;0.218;-1.0;2010 hua che 0
544-76-3;;616-38-6;;316.451;101.0;1;0.212;-1.0;2010 hua che 0
56-23-5;;7732-18-5;water;297.1364;101.0;1;0.99914693429;-1.0;1921 cli & 1
56-23-5;;7732-18-5;water;301.6346;101.0;1;0.998891299176;-1.0;1921 cli & 1
56-23-5;;7732-18-5;water;283.144;101.0;1;0.999393320706;-1.0;1930 ros wal 0
56-23-5;;7732-18-5;water;293.138;101.0;1;0.999279916707;-1.0;1930 ros wal 0
56-23-5;;7732-18-5;water;303.134;101.0;1;0.999070229751;-1.0;1930 ros wal 0
56-23-5;;7732-18-5;water;313.13;101.0;1;0.998703915044;-1.0;1930 ros wal 0
56-23-5;;7732-18-5;water;323.127;101.0;1;0.997980594328;-1.0;1930 ros wal 0
56-23-5;;7732-18-5;water;288.141;101.325;1;0.999662048088;-1.0;1932 bel & 0
56-23-5;;7732-18-5;water;293.138;101.325;1;0.999589340857;-1.0;1932 bel & 0
56-23-5;;7732-18-5;water;298.136;101.325;1;0.999496368346;-1.0;1932 bel & 0
56-23-5;;7732-18-5;water;273.15;101.325;1;0.999572;-1.0;1941 sta & 0
56-23-5;;7732-18-5;water;298.136;101.325;1;0.999009;9e-05;1941 sta & 0
56-23-5;;7732-18-5;water;303.134;101.325;1;0.99865;-1.0;1941 sta & 0
56-23-5;;7732-18-5;water;298.136;101.325;1;0.999165503236;-1.0;1943 hut lyo 0
56-23-5;;7732-18-5;water;298.136;101.32;1;0.998891298305;9.376563704e-05;1943 mcg & 0
56-23-5;;7732-18-5;water;273.15;101.325;1;-1.0;0.000114881174922;1943 mcg & 0
56-23-5;;7732-18-5;water;298.136;101.32;1;0.99917;-1.0;1952 don bar 0
56-23-5;;7732-18-5;water;277.09763;101.32;1;-1.0;9.7e-05;1952 don bar 0
56-23-5;;7732-18-5;water;293.138;101.0;1;0.99914684904;0.000117227760439;1960 tet nog 1
56-23-5;;7732-18-5;water;303.143055;101.325;1;0.998848549759;-1.0;1970 sim pog 0
56-23-5;;7732-18-5;water;323.137055;101.325;1;0.997401901331;-1.0;1970 sim pog 0
56-23-5;;7732-18-5;water;291.14577;101.325;1;0.999394130475;-1.0;1971 ant pog 0
56-23-5;;7732-18-5;water;295.14497;101.325;1;0.999291794018;-1.0;1971 ant pog 0
56-23-5;;7732-18-5;water;299.14417;101.325;1;0.998976373052;1.14323131657e-05;1971 ant pog 0
56-23-5;;7732-18-5;water;287.646705;101.325;1;0.999459806114;-1.0;1971 sim pop 0
56-23-5;;7732-18-5;water;291.14577;101.325;1;0.999402659348;-1.0;1971 sim pop 0
56-23-5;;7732-18-5;water;295.14497;101.325;1;0.999244895992;-1.0;1971 sim pop 0
56-23-5;;7732-18-5;water;297.14457;101.325;1;0.999221874747;-1.0;1971 sim pop 0
56-23-5;;7732-18-5;water;299.14417;101.325;1;0.999087176602;-1.0;1971 sim pop 0
56-23-5;;7732-18-5;water;291.14577;101.325;1;0.99938560173;-1.0;1971 sim pop 0
56-23-5;;7732-18-5;water;295.14497;101.325;1;0.999240632728;-1.0;1971 sim pop 0
56-23-5;;7732-18-5;water;299.14417;101.325;1;0.999095700851;-1.0;1971 sim pop 0
56-23-5;;7732-18-5;water;287.646705;101.325;1;0.999462365059;-1.0;1971 sim pop 0
56-23-5;;7732-18-5;water;291.14577;101.325;1;0.999394130475;-1.0;1971 sim pop 0
56-23-5;;7732-18-5;water;295.14497;101.325;1;0.999240632728;-1.0;1971 sim pop 0
56-23-5;;7732-18-5;water;297.14457;101.325;1;0.99913832402;-1.0;1971 sim pop 0
56-23-5;;7732-18-5;water;285.09477081;101.0;1;0.999655172211;-1.0;1972 ant pog 0
56-23-5;;7732-18-5;water;290.8623267;101.0;1;0.999542551208;-1.0;1972 ant pog 0
56-23-5;;7732-18-5;water;294.7955399;101.0;1;0.999448717484;-1.0;1972 ant pog 0
56-23-5;;7732-18-5;water;299.04488986;101.0;1;0.99931567087;-1.0;1972 ant pog 0
56-23-5;;7732-18-5;water;302.56982702;101.0;1;0.999162194398;-1.0;1972 ant pog 0
56-23-5;;7732-18-5;water;311.3226004;101.0;1;0.998797428527;-1.0;1972 ant pog 0
56-23-5;;7732-18-5;water;316.10446541;101.0;1;0.99835457127;-1.0;1972 ant pog 0
56-23-5;;7732-18-5;water;320.43146692;101.0;1;0.998065198146;-1.0;1972 ant pog 0
56-23-5;;7732-18-5;water;325.60981295;101.0;1;0.997639918325;-1.0;1972 ant pog 0
56-23-5;;7732-18-5;water;332.15546582;101.0;1;0.996662987729;-1.0;1972 ant pog 0
56-23-5;;7732-18-5;water;340.25231918;101.0;1;0.99545901835;-1.0;1972 ant pog 0
56-23-5;;7732-18-5;water;346.30760205;101.0;1;0.993278081225;-1.0;1972 ant pog 0
56-23-5;;7732-18-5;water;353.23382356;101.0;1;0.99144183603;-1.0;1972 ant pog 0
56-23-5;;7732-18-5;water;358.06447393;101.0;1;0.98833894444;-1.0;1972 ant pog 0
56-23-5;;7732-18-5;water;364.42441034;101.0;1;0.98483743701;-1.0;1972 ant pog 0
56-23-5;;7732-18-5;water;372.25544382;101.0;1;0.977735501709;-1.0;1972 ant pog 0
56-23-5;;7732-18-5;water;313.140055;101.325;1;0.998320519686;2.92875300359e-05;1974 sim sha 1
56-23-5;;7732-18-5;water;298.14437;101.0;1;0.99914684904;8.20376843826e-05;1980 coc dia 1
56-23-5;;7732-18-5;water;298.14437;101.325;1;0.998815779087;-1.0;1981 oht kaz 0
56-23-5;;7732-18-5;water;273.15;101.32;1;0.999266212795;0.000104322566414;1992 ste & 0
56-23-5;;7732-18-5;water;283.15;101.32;1;0.99912979913;7.38293503728e-05;1992 ste & 0
56-23-5;;7732-18-5;water;293.65;101.32;1;0.998942284017;7.03118036877e-05;1992 ste & 0
56-23-5;;7732-18-5;water;304.15;101.32;1;0.998669645654;8.43831091395e-05;1992 ste & 0
56-23-5;;7732-18-5;water;314.45;101.32;1;0.998346058182;7.96923425042e-05;1992 ste & 0
56-23-5;;7732-18-5;water;325.65;101.32;1;0.997758964425;9.14198807251e-05;1992 ste & 0
56-23-5;;7732-18-5;water;337.15;101.32;1;0.997580404678;0.000112534672345;1992 ste & 0
56-23-5;;7732-18-5;water;348.15;101.32;1;0.997410400212;0.000134829795977;1992 ste & 0
56-23-5;;7732-18-5;water;297.15;101.0;1;0.99932;-1.0;1995 abr & 0
56-23-5;;7732-18-5;water;293.14537;-1.0;1;-1.0;0.000159172800602;1982 tho new 1
56-23-5;;7732-18-5;water;273.15;101.0;1;-1.0;0.000113707913266;1906 rex & 0
56-23-5;;7732-18-5;water;283.144;101.0;1;-1.0;9.7284426952e-05;1906 rex & 0
56-23-5;;7732-18-5;water;293.138;101.0;1;-1.0;9.376563704e-05;1906 rex & 0
56-23-5;;7732-18-5;water;303.134;101.0;1;-1.0;9.96303905263e-05;1906 rex & 0
56-23-5;;7732-18-5;water;293.138;101.0;1;-1.0;9.01775497046e-05;1929 gro & 0
56-23-5;;7732-18-5;water;288.141;101.32;1;-1.0;9.18680594842e-05;1931 gro say 0
56-23-5;;7732-18-5;water;303.134;101.32;1;-1.0;9.54703845354e-05;1931 gro say 0
56-23-5;;7732-18-5;water;303.134;101.325;1;-1.0;9.54703845354e-05;1936 van vle 0
56-23-5;;7732-18-5;water;293.14537;101.325;1;-1.0;9.19340937172e-05;1975 mcc fer 0
56-23-5;;7732-18-5;water;293.14537;101.33;1;-1.0;9.376563704e-05;1979 fre chi 0
56-23-5;;7732-18-5;water;298.14437;101.0;1;-1.0;8.89616601541e-05;1980 ban yal 0
56-23-5;;7732-18-5;water;293.14537;101.325;1;-1.0;9.04770903369e-05;1980 vei mac 0
56-23-5;;7732-18-5;water;298.19436;101.325;1;-1.0;9.4e-05;1986 lo tse 0
56-23-5;;7732-18-5;water;293.15;101.32;1;-1.0;8.20939348761e-05;1992 wri san 0
56-23-5;;7732-18-5;water;303.15;101.32;1;-1.0;7.64466014716e-05;1992 wri san 0
56-23-5;;7732-18-5;water;313.15;101.32;1;-1.0;7.64466014716e-05;1992 wri san 0
56-23-5;;7732-18-5;water;298.15;101.325;1;-1.0;0.000291233458363;1995 dal & 0
562-49-2;;62-53-3;;342.924;101.0;1;0.48;0.47;1929 edg cal 1
562-49-2;;62-53-3;;342.924;101.0;1;0.48;-1.0;1929 edg cal 1
562-49-2;;62-53-3;;342.924;101.0;1;0.48;-1.0;1929 edg cal 1
562-49-2;;62-53-3;;342.924;101.0;1;0.49;-1.0;1929 edg cal 1
562-49-2;;62-53-3;;342.924;101.0;1;0.49;-1.0;1929 edg cal 1
562-49-2;;62-53-3;;342.924;101.0;1;0.5;-1.0;1929 edg cal 1
562-49-2;;62-53-3;;342.924;101.0;1;0.52;-1.0;1929 edg cal 1
562-49-2;;62-53-3;;342.924;101.0;1;0.52;-1.0;1929 edg cal 1
562-49-2;;62-53-3;;342.924;101.0;1;0.52;-1.0;1929 edg cal 1
562-49-2;;62-53-3;;342.924;101.0;1;0.52;-1.0;1929 edg cal 1
562-49-2;;62-53-3;;342.924;101.0;1;0.53;-1.0;1929 edg cal 1
562-49-2;;62-53-3;;342.824;101.0;1;0.54;0.43;1929 edg cal 1
562-49-2;;62-53-3;;342.824;101.0;1;0.54;-1.0;1929 edg cal 1
562-49-2;;62-53-3;;342.724;101.0;1;0.54;0.4;1929 edg cal 1
562-49-2;;62-53-3;;342.724;101.0;1;0.56;-1.0;1929 edg cal 1
562-49-2;;62-53-3;;342.624;101.0;1;0.56;0.39;1929 edg cal 1
562-49-2;;62-53-3;;342.624;101.0;1;0.56;-1.0;1929 edg cal 1
562-49-2;;62-53-3;;342.624;101.0;1;0.56;-1.0;1929 edg cal 1
562-49-2;;62-53-3;;342.124;101.0;1;0.59;0.35;1929 edg cal 1
562-49-2;;62-53-3;;342.024;101.0;1;0.6;0.35;1929 edg cal 1
562-49-2;;62-53-3;;342.024;101.0;1;0.6;-1.0;1929 edg cal 1
562-49-2;;62-53-3;;342.024;101.0;1;0.6;-1.0;1929 edg cal 1
562-49-2;;62-53-3;;341.924;101.0;1;0.6;0.34;1929 edg cal 1
562-49-2;;62-53-3;;341.924;101.0;1;0.6;-1.0;1929 edg cal 1
562-49-2;;62-53-3;;339.724;101.0;1;-1.0;0.25;1929 edg cal 1
562-49-2;;62-53-3;;340.924;101.0;1;-1.0;0.3;1929 edg cal 1
562-49-2;;62-53-3;;340.924;101.0;1;-1.0;0.3;1929 edg cal 1
562-49-2;;62-53-3;;340.924;101.0;1;-1.0;0.3;1929 edg cal 1
562-49-2;;62-53-3;;341.024;101.0;1;-1.0;0.3;1929 edg cal 1
562-49-2;;62-53-3;;341.024;101.0;1;-1.0;0.3;1929 edg cal 1
562-49-2;;62-53-3;;341.224;101.0;1;-1.0;0.31;1929 edg cal 1
562-49-2;;62-53-3;;341.724;101.0;1;-1.0;0.34;1929 edg cal 1
562-49-2;;62-53-3;;341.824;101.0;1;-1.0;0.34;1929 edg cal 1
562-49-2;;62-53-3;;342.324;101.0;1;-1.0;0.36;1929 edg cal 1
562-49-2;;62-53-3;;342.324;101.0;1;-1.0;0.36;1929 edg cal 1
562-49-2;;62-53-3;;342.524;101.0;1;-1.0;0.38;1929 edg cal 1
562-49-2;;62-53-3;;342.524;101.0;1;-1.0;0.38;1929 edg cal 1
584-02-1;;75-52-5;;291.635;101.0;1;0.457;0.392;2015 shi xu 0
584-02-1;;75-52-5;;291.629;101.0;1;0.471;-1.0;2015 shi xu 0
584-02-1;;75-52-5;;291.625;101.0;1;0.478;0.386;2015 shi xu 0
584-02-1;;75-52-5;;291.618;101.0;1;0.485;-1.0;2015 shi xu 0
584-02-1;;75-52-5;;291.607;101.0;1;0.492;0.379;2015 shi xu 0
584-02-1;;75-52-5;;291.594;101.0;1;0.499;0.375;2015 shi xu 0
584-02-1;;75-52-5;;291.58;101.0;1;0.506;0.369;2015 shi xu 0
584-02-1;;75-52-5;;291.562;101.0;1;0.513;0.365;2015 shi xu 0
584-02-1;;75-52-5;;291.534;101.0;1;0.524;0.358;2015 shi xu 0
584-02-1;;75-52-5;;291.506;101.0;1;0.531;0.354;2015 shi xu 0
584-02-1;;75-52-5;;291.475;101.0;1;0.538;0.348;2015 shi xu 0
584-02-1;;75-52-5;;291.435;101.0;1;0.548;0.341;2015 shi xu 0
584-02-1;;75-52-5;;291.385;101.0;1;0.559;0.333;2015 shi xu 0
584-02-1;;75-52-5;;291.326;101.0;1;0.569;0.329;2015 shi xu 0
584-02-1;;75-52-5;;291.256;101.0;1;0.576;0.322;2015 shi xu 0
584-02-1;;75-52-5;;291.179;101.0;1;0.586;0.314;2015 shi xu 0
584-02-1;;75-52-5;;291.091;101.0;1;0.596;0.307;2015 shi xu 0
584-02-1;;75-52-5;;290.999;101.0;1;0.606;0.299;2015 shi xu 0
584-02-1;;75-52-5;;290.898;101.0;1;0.612;0.295;2015 shi xu 0
584-02-1;;75-52-5;;290.79;101.0;1;0.622;0.29;2015 shi xu 0
584-02-1;;75-52-5;;290.641;101.0;1;0.635;0.281;2015 shi xu 0
584-02-1;;75-52-5;;290.437;101.0;1;0.643;0.272;2015 shi xu 0
584-02-1;;75-52-5;;290.12;101.0;1;0.665;0.258;2015 shi xu 0
584-02-1;;75-52-5;;289.689;101.0;1;0.685;0.246;2015 shi xu 0
584-02-1;;75-52-5;;289.139;101.0;1;0.699;0.229;2015 shi xu 0
584-02-1;;75-52-5;;288.519;101.0;1;0.719;0.214;2015 shi xu 0
584-02-1;;75-52-5;;287.782;101.0;1;0.738;0.197;2015 shi xu 0
584-02-1;;75-52-5;;286.853;101.0;1;0.76;0.184;2015 shi xu 0
584-02-1;;75-52-5;;285.848;101.0;1;0.781;0.17;2015 shi xu 0
584-02-1;;75-52-5;;284.507;101.0;1;0.8;0.153;2015 shi xu 0
584-02-1;;75-52-5;;282.459;101.0;1;0.828;0.136;2015 shi xu 0
584-02-1;;75-52-5;;290.16;100.0;1;0.629;-1.0;2019 los cer 0
584-02-1;;75-52-5;;290.46;100.0;1;0.615;-1.0;2019 los cer 0
584-02-1;;75-52-5;;290.95;100.0;1;0.587;-1.0;2019 los cer 0
584-02-1;;75-52-5;;291.15;100.0;1;0.573;-1.0;2019 los cer 0
584-02-1;;75-52-5;;291.46;100.0;1;0.546;0.325;2019 los cer 0
584-02-1;;75-52-5;;291.66;100.0;1;0.488;0.363;2019 los cer 0
584-02-1;;75-52-5;;291.65;100.0;1;0.486;0.382;2019 los cer 0
584-02-1;;75-52-5;;290.66;100.0;1;-1.0;0.266;2019 los cer 0
584-02-1;;75-52-5;;290.06;100.0;1;-1.0;0.246;2019 los cer 0
584-02-1;;75-52-5;;291.75;100.0;1;-1.0;0.414;2019 los cer 0
584-02-1;;75-52-5;;291.76;100.0;1;-1.0;0.407;2019 los cer 0
584-02-1;;75-52-5;;291.56;100.0;1;-1.0;0.338;2019 los cer 0
584-02-1;;75-52-5;;291.16;100.0;1;-1.0;0.3;2019 los cer 0
584-02-1;;75-52-5;;290.75;100.0;1;-1.0;0.275;2019 los cer 0
589-34-4;;62-53-3;;343.62395;101.0;1;0.48;0.47;1929 edg cal 1
589-34-4;;62-53-3;;343.62395;101.0;1;0.48;-1.0;1929 edg cal 1
589-34-4;;62-53-3;;343.62395;101.0;1;0.48;-1.0;1929 edg cal 1
589-34-4;;62-53-3;;343.62395;101.0;1;0.49;-1.0;1929 edg cal 1
589-34-4;;62-53-3;;343.62395;101.0;1;0.49;-1.0;1929 edg cal 1
589-34-4;;62-53-3;;343.62395;101.0;1;0.5;-1.0;1929 edg cal 1
589-34-4;;62-53-3;;343.52396;101.0;1;0.52;0.44;1929 edg cal 1
589-34-4;;62-53-3;;343.52396;101.0;1;0.52;-1.0;1929 edg cal 1
589-34-4;;62-53-3;;343.52396;101.0;1;0.52;-1.0;1929 edg cal 1
589-34-4;;62-53-3;;343.52396;101.0;1;0.52;-1.0;1929 edg cal 1
589-34-4;;62-53-3;;343.52396;101.0;1;0.53;-1.0;1929 edg cal 1
589-34-4;;62-53-3;;343.42397;101.0;1;0.54;0.4;1929 edg cal 1
589-34-4;;62-53-3;;343.42397;101.0;1;0.54;-1.0;1929 edg cal 1
589-34-4;;62-53-3;;343.42397;101.0;1;0.54;-1.0;1929 edg cal 1
589-34-4;;62-53-3;;343.32398;101.0;1;0.56;0.4;1929 edg cal 1
589-34-4;;62-53-3;;343.32398;101.0;1;0.56;-1.0;1929 edg cal 1
589-34-4;;62-53-3;;343.32398;101.0;1;0.56;-1.0;1929 edg cal 1
589-34-4;;62-53-3;;343.22399;101.0;1;0.56;-1.0;1929 edg cal 1
589-34-4;;62-53-3;;342.824;101.0;1;0.59;0.34;1929 edg cal 1
589-34-4;;62-53-3;;342.724;101.0;1;0.6;0.34;1929 edg cal 1
589-34-4;;62-53-3;;342.724;101.0;1;0.6;-1.0;1929 edg cal 1
589-34-4;;62-53-3;;342.724;101.0;1;0.6;-1.0;1929 edg cal 1
589-34-4;;62-53-3;;342.624;101.0;1;0.6;-1.0;1929 edg cal 1
589-34-4;;62-53-3;;342.624;101.0;1;0.6;-1.0;1929 edg cal 1
589-34-4;;62-53-3;;340.724;101.0;1;-1.0;0.25;1929 edg cal 1
589-34-4;;62-53-3;;341.824;101.0;1;-1.0;0.3;1929 edg cal 1
589-34-4;;62-53-3;;341.824;101.0;1;-1.0;0.3;1929 edg cal 1
589-34-4;;62-53-3;;341.924;101.0;1;-1.0;0.3;1929 edg cal 1
589-34-4;;62-53-3;;341.924;101.0;1;-1.0;0.3;1929 edg cal 1
589-34-4;;62-53-3;;342.024;101.0;1;-1.0;0.3;1929 edg cal 1
589-34-4;;62-53-3;;342.124;101.0;1;-1.0;0.31;1929 edg cal 1
589-34-4;;62-53-3;;342.924;101.0;1;-1.0;0.34;1929 edg cal 1
589-34-4;;62-53-3;;342.924;101.0;1;-1.0;0.35;1929 edg cal 1
589-34-4;;62-53-3;;342.924;101.0;1;-1.0;0.35;1929 edg cal 1
589-34-4;;62-53-3;;343.124;101.0;1;-1.0;0.36;1929 edg cal 1
589-34-4;;62-53-3;;343.124;101.0;1;-1.0;0.36;1929 edg cal 1
590-35-2;;62-53-3;;350.72324;101.0;1;0.48;0.47;1929 edg cal 1
590-35-2;;62-53-3;;350.72324;101.0;1;0.48;-1.0;1929 edg cal 1
590-35-2;;62-53-3;;350.72324;101.0;1;0.48;-1.0;1929 edg cal 1
590-35-2;;62-53-3;;350.72324;101.0;1;0.49;-1.0;1929 edg cal 1
590-35-2;;62-53-3;;350.72324;101.0;1;0.49;-1.0;1929 edg cal 1
590-35-2;;62-53-3;;350.72324;101.0;1;0.5;-1.0;1929 edg cal 1
590-35-2;;62-53-3;;350.72324;101.0;1;0.52;-1.0;1929 edg cal 1
590-35-2;;62-53-3;;350.72324;101.0;1;0.52;-1.0;1929 edg cal 1
590-35-2;;62-53-3;;350.72324;101.0;1;0.52;-1.0;1929 edg cal 1
590-35-2;;62-53-3;;350.72324;101.0;1;0.52;-1.0;1929 edg cal 1
590-35-2;;62-53-3;;350.72324;101.0;1;0.53;-1.0;1929 edg cal 1
590-35-2;;62-53-3;;350.62325;101.0;1;0.54;0.46;1929 edg cal 1
590-35-2;;62-53-3;;350.52326;101.0;1;0.54;0.4;1929 edg cal 1
590-35-2;;62-53-3;;350.52326;101.0;1;0.54;-1.0;1929 edg cal 1
590-35-2;;62-53-3;;350.32328;101.0;1;0.56;0.38;1929 edg cal 1
590-35-2;;62-53-3;;350.32328;101.0;1;0.56;-1.0;1929 edg cal 1
590-35-2;;62-53-3;;350.32328;101.0;1;0.56;-1.0;1929 edg cal 1
590-35-2;;62-53-3;;350.22329;101.0;1;0.56;-1.0;1929 edg cal 1
590-35-2;;62-53-3;;349.92332;101.0;1;0.59;0.34;1929 edg cal 1
590-35-2;;62-53-3;;349.82333;101.0;1;0.6;0.34;1929 edg cal 1
590-35-2;;62-53-3;;349.82333;101.0;1;0.6;-1.0;1929 edg cal 1
590-35-2;;62-53-3;;349.82333;101.0;1;0.6;-1.0;1929 edg cal 1
590-35-2;;62-53-3;;349.82333;101.0;1;0.6;-1.0;1929 edg cal 1
590-35-2;;62-53-3;;349.82333;101.0;1;0.6;-1.0;1929 edg cal 1
590-35-2;;62-53-3;;348.92342;101.0;1;-1.0;0.25;1929 edg cal 1
590-35-2;;62-53-3;;349.42337;101.0;1;-1.0;0.3;1929 edg cal 1
590-35-2;;62-53-3;;349.42337;101.0;1;-1.0;0.3;1929 edg cal 1
590-35-2;;62-53-3;;349.52336;101.0;1;-1.0;0.3;1929 edg cal 1
590-35-2;;62-53-3;;349.52336;101.0;1;-1.0;0.3;1929 edg cal 1
590-35-2;;62-53-3;;349.52336;101.0;1;-1.0;0.3;1929 edg cal 1
590-35-2;;62-53-3;;349.62335;101.0;1;-1.0;0.31;1929 edg cal 1
590-35-2;;62-53-3;;350.02331;101.0;1;-1.0;0.35;1929 edg cal 1
590-35-2;;62-53-3;;350.02331;101.0;1;-1.0;0.35;1929 edg cal 1
590-35-2;;62-53-3;;350.1233;101.0;1;-1.0;0.36;1929 edg cal 1
590-35-2;;62-53-3;;350.1233;101.0;1;-1.0;0.36;1929 edg cal 1
590-35-2;;62-53-3;;350.42327;101.0;1;-1.0;0.39;1929 edg cal 1
60-29-7;;7732-18-5;water;273.15;101.325;1;-1.0;0.029404;1894 sch & 1
60-29-7;;7732-18-5;water;303.134;101.325;1;-1.0;0.015247;1894 sch & 1
60-29-7;;7732-18-5;water;293.138;101.325;1;0.9559;0.0177;1895 ban & 0
60-29-7;;7732-18-5;water;293.138;101.325;1;0.9559;-1.0;1895 ban & 0
60-29-7;;7732-18-5;water;321.62745;101.325;1;0.9368;-1.0;1897 klo & 0
60-29-7;;7732-18-5;water;324.62655;101.325;1;0.933;0.0102;1897 klo & 0
60-29-7;;7732-18-5;water;328.62535;101.325;1;0.93;-1.0;1897 klo & 0
60-29-7;;7732-18-5;water;348.1235;101.325;1;0.9183;-1.0;1897 klo & 0
60-29-7;;7732-18-5;water;363.123;101.325;1;0.9107;-1.0;1897 klo & 0
60-29-7;;7732-18-5;water;368.1235;101.325;1;0.8972;-1.0;1897 klo & 0
60-29-7;;7732-18-5;water;269.403;101.325;1;0.9624;0.0339;1897 klo & 0
60-29-7;;7732-18-5;water;269.403;101.325;1;0.964;-1.0;1897 klo & 0
60-29-7;;7732-18-5;water;273.15;101.325;1;0.9594;0.0321;1897 klo & 0
60-29-7;;7732-18-5;water;273.15;101.325;1;0.9606;-1.0;1897 klo & 0
60-29-7;;7732-18-5;water;278.147;101.325;1;0.9573;-1.0;1897 klo & 0
60-29-7;;7732-18-5;water;281.1452;101.325;1;0.9571;-1.0;1897 klo & 0
60-29-7;;7732-18-5;water;287.6413;101.325;1;0.9559;-1.0;1897 klo & 0
60-29-7;;7732-18-5;water;287.6413;101.325;1;0.9548;-1.0;1897 klo & 0
60-29-7;;7732-18-5;water;291.1392;101.325;1;0.952;-1.0;1897 klo & 0
60-29-7;;7732-18-5;water;292.1386;101.325;1;0.9524;0.0164;1897 klo & 0
60-29-7;;7732-18-5;water;293.138;101.325;1;0.9526;-1.0;1897 klo & 0
60-29-7;;7732-18-5;water;293.138;101.325;1;0.9496;-1.0;1897 klo & 0
60-29-7;;7732-18-5;water;303.134;101.325;1;0.9475;0.0127;1897 klo & 0
60-29-7;;7732-18-5;water;280.6455;101.325;1;-1.0;0.0261;1897 klo & 0
60-29-7;;7732-18-5;water;281.6449;101.325;1;-1.0;0.0245;1897 klo & 0
60-29-7;;7732-18-5;water;285.1428;101.325;1;-1.0;0.0212;1897 klo & 0
60-29-7;;7732-18-5;water;289.1404;101.325;1;-1.0;0.0198;1897 klo & 0
60-29-7;;7732-18-5;water;311.1308;101.325;1;-1.0;0.0118;1897 klo & 0
60-29-7;;7732-18-5;water;322.1273;101.325;1;-1.0;0.0103;1897 klo & 0
60-29-7;;7732-18-5;water;335.624;101.325;1;-1.0;0.009;1897 klo & 0
60-29-7;;7732-18-5;water;338.124;101.325;1;-1.0;0.0085;1897 klo & 0
60-29-7;;7732-18-5;water;339.624;101.325;1;-1.0;0.0078;1897 klo & 0
60-29-7;;7732-18-5;water;344.1239;101.325;1;-1.0;0.0075;1897 klo & 0
60-29-7;;7732-18-5;water;345.1238;101.325;1;-1.0;0.0073;1897 klo & 0
60-29-7;;7732-18-5;water;355.123;101.325;1;-1.0;0.0068;1897 klo & 0
60-29-7;;7732-18-5;water;298.136;101.0;1;0.949353271658;0.0146639932988;1911 hor & 0
60-29-7;;7732-18-5;water;288.09103;101.325;1;0.959;0.02027;1919 for coo 0
60-29-7;;7732-18-5;water;293.08803;101.325;1;0.956;0.01772;1919 for coo 0
60-29-7;;7732-18-5;water;298.08602;101.325;1;0.953;0.01528;1919 for coo 0
60-29-7;;7732-18-5;water;283.144;101.0;1;0.953782556709;0.0236296995959;1923 hil & 0
60-29-7;;7732-18-5;water;283.144;101.0;1;0.953782556709;-1.0;1923 hil & 0
60-29-7;;7732-18-5;water;273.15;101.0;1;0.958011365427;0.031111274728;1923 hil & 0
60-29-7;;7732-18-5;water;273.15;101.0;1;0.956162622047;-1.0;1923 hil & 0
60-29-7;;7732-18-5;water;269.323064;101.0;1;0.962423654498;0.0344827221259;1923 hil & 0
60-29-7;;7732-18-5;water;269.323064;101.0;1;0.959517414844;-1.0;1923 hil & 0
60-29-7;;7732-18-5;water;303.134;101.0;1;0.946165023259;0.0135145912041;1923 hil & 0
60-29-7;;7732-18-5;water;303.134;101.0;1;0.942766752907;-1.0;1923 hil & 0
60-29-7;;7732-18-5;water;298.136;101.0;1;0.947188070826;0.0153670397119;1923 hil & 0
60-29-7;;7732-18-5;water;298.136;101.0;1;0.94661950723;-1.0;1923 hil & 0
60-29-7;;7732-18-5;water;298.136;101.0;1;0.947605341704;-1.0;1923 hil & 0
60-29-7;;7732-18-5;water;293.138;101.0;1;0.949962376827;0.0177346484714;1923 hil & 0
60-29-7;;7732-18-5;water;293.138;101.0;1;0.949962376827;-1.0;1923 hil & 0
60-29-7;;7732-18-5;water;288.141;101.0;1;0.951335001265;0.0204847641804;1923 hil & 0
60-29-7;;7732-18-5;water;288.141;101.0;1;0.950419589138;-1.0;1923 hil & 0
60-29-7;;7732-18-5;water;283.144;101.0;1;0.943105759562;0.0235736823556;1925 kab mal 0
60-29-7;;7732-18-5;water;283.144;101.0;1;0.955701270931;-1.0;1925 kab mal 0
60-29-7;;7732-18-5;water;283.144;101.0;1;0.944274842504;-1.0;1925 kab mal 0
60-29-7;;7732-18-5;water;283.144;101.0;1;0.952175287728;-1.0;1925 kab mal 0
60-29-7;;7732-18-5;water;288.141;101.0;1;0.942729096724;0.0203527943212;1925 kab mal 0
60-29-7;;7732-18-5;water;288.141;101.0;1;0.952022425831;-1.0;1925 kab mal 0
60-29-7;;7732-18-5;water;288.141;101.0;1;0.943369557166;-1.0;1925 kab mal 0
60-29-7;;7732-18-5;water;288.141;101.0;1;0.949391323627;-1.0;1925 kab mal 0
60-29-7;;7732-18-5;water;293.138;101.0;1;0.941412542518;0.0176372488751;1925 kab mal 0
60-29-7;;7732-18-5;water;293.138;101.0;1;0.946998492969;-1.0;1925 kab mal 0
60-29-7;;7732-18-5;water;293.138;101.0;1;0.938637981573;-1.0;1925 kab mal 0
60-29-7;;7732-18-5;water;293.138;101.0;1;0.945937903455;-1.0;1925 kab mal 0
60-29-7;;7732-18-5;water;298.136;101.0;1;0.938226587637;0.0153803833964;1925 kab mal 0
60-29-7;;7732-18-5;water;298.136;101.0;1;0.941713227304;-1.0;1925 kab mal 0
60-29-7;;7732-18-5;water;298.136;101.0;1;0.932198846531;-1.0;1925 kab mal 0
60-29-7;;7732-18-5;water;298.136;101.0;1;0.940548870843;-1.0;1925 kab mal 0
60-29-7;;7732-18-5;water;303.134;101.0;1;0.931791646912;0.0135251488381;1925 kab mal 0
60-29-7;;7732-18-5;water;303.134;101.0;1;0.934796331327;-1.0;1925 kab mal 0
60-29-7;;7732-18-5;water;303.134;101.0;1;0.922535005194;-1.0;1925 kab mal 0
60-29-7;;7732-18-5;water;303.134;101.0;1;0.934684789739;-1.0;1925 kab mal 0
60-29-7;;7732-18-5;water;298.136;101.0;1;0.948592710656;0.0153563655263;1928 ben phi 1
60-29-7;;7732-18-5;water;293.138;101.0;1;0.950877130498;0.0176129077254;1928 ben phi 1
60-29-7;;7732-18-5;water;288.141;101.0;1;0.950114744392;0.0205590420682;1928 ben phi 1
60-29-7;;7732-18-5;water;283.144;101.0;1;0.954702819319;0.023500887156;1928 ben phi 1
60-29-7;;7732-18-5;water;293.138;101.0;1;0.952;0.022;1929 jon & 0
60-29-7;;7732-18-5;water;298.136;101.0;1;0.948592710656;0.0163466024145;1946 maj swe 0
60-29-7;;7732-18-5;water;283.144;101.0;1;0.956624306692;0.0227188831924;1954 hol hal 0
60-29-7;;7732-18-5;water;288.141;101.0;1;0.950114744392;0.0195986784312;1954 hol hal 0
60-29-7;;7732-18-5;water;293.138;101.0;1;0.949353271658;0.0166690133717;1954 hol hal 0
60-29-7;;7732-18-5;water;298.136;101.0;1;0.950495823171;0.0146639932988;1954 hol hal 0
60-29-7;;7732-18-5;water;313.13;101.0;1;0.941;0.01133;1956 bon car 0
60-29-7;;7732-18-5;water;323.127;101.0;1;0.9351;0.01012;1956 bon car 0
60-29-7;;7732-18-5;water;333.124;101.0;1;0.9292;0.009;1956 bon car 0
60-29-7;;7732-18-5;water;343.124;101.0;1;0.9226;0.0076;1956 bon car 0
60-29-7;;7732-18-5;water;353.123;101.0;1;0.9165;0.00685;1956 bon car 0
60-29-7;;7732-18-5;water;363.123;101.0;1;0.9105;0.00569;1956 bon car 0
60-29-7;;7732-18-5;water;298.14437;101.0;1;0.9502;0.0159;1969 sig arm 0
60-29-7;;7732-18-5;water;297.9944;101.3;1;0.95;0.015;1989 let sew 1
60-29-7;;7732-18-5;water;297.9944;101.3;1;0.96;-1.0;1989 let sew 1
60-29-7;;7732-18-5;water;288.15;101.0;1;0.9609;0.0088;2011 mer has 1
60-29-7;;7732-18-5;water;293.15;101.0;1;0.959;0.00493555964562;2011 mer has 1
60-29-7;;7732-18-5;water;298.15;101.0;1;0.9573;0.0135;2011 mer has 1
60-29-7;;7732-18-5;water;301.15;101.0;1;0.9568;0.0147;2011 mer has 1
60-29-7;;7732-18-5;water;318.15;-1.0;1;-1.0;0.0090066551251;2007 ond doh 0
60-29-7;;7732-18-5;water;328.15;-1.0;1;-1.0;0.00773526454089;2007 ond doh 0
60-29-7;;7732-18-5;water;313.25;101.325;1;-1.0;0.00969475347151;2004 ati gru 0
60-29-7;;7732-18-5;water;323.25;101.325;1;-1.0;0.00801049969034;2004 ati gru 0
60-29-7;;7732-18-5;water;333.25;101.325;1;-1.0;0.00677708450416;2004 ati gru 0
617-78-7;;62-53-3;;337.5;100.0;1;0.68;0.3;JRE Smoothed
617-78-7;;62-53-3;;338.0;100.0;1;0.65;0.33;JRE Smoothed
617-78-7;;62-53-3;;338.5;100.0;1;0.63;0.35;JRE Smoothed
617-78-7;;62-53-3;;339.0;100.0;1;0.58;0.4;JRE Smoothed
617-78-7;;62-53-3;;339.324;101.0;1;0.48;0.47;1929 edg cal 1
617-78-7;;62-53-3;;339.324;101.0;1;0.48;-1.0;1929 edg cal 1
617-78-7;;62-53-3;;339.324;101.0;1;0.48;-1.0;1929 edg cal 1
617-78-7;;62-53-3;;339.324;101.0;1;0.49;-1.0;1929 edg cal 1
617-78-7;;62-53-3;;339.324;101.0;1;0.49;-1.0;1929 edg cal 1
617-78-7;;62-53-3;;339.324;101.0;1;0.5;-1.0;1929 edg cal 1
617-78-7;;62-53-3;;339.324;101.0;1;0.52;-1.0;1929 edg cal 1
617-78-7;;62-53-3;;339.324;101.0;1;0.52;-1.0;1929 edg cal 1
617-78-7;;62-53-3;;339.324;101.0;1;0.52;-1.0;1929 edg cal 1
617-78-7;;62-53-3;;339.324;101.0;1;0.52;-1.0;1929 edg cal 1
617-78-7;;62-53-3;;339.324;101.0;1;0.53;-1.0;1929 edg cal 1
617-78-7;;62-53-3;;339.324;101.0;1;0.54;-1.0;1929 edg cal 1
617-78-7;;62-53-3;;339.324;101.0;1;0.54;-1.0;1929 edg cal 1
617-78-7;;62-53-3;;339.324;101.0;1;0.54;-1.0;1929 edg cal 1
617-78-7;;62-53-3;;339.224;101.0;1;0.56;-1.0;1929 edg cal 1
617-78-7;;62-53-3;;339.224;101.0;1;0.56;-1.0;1929 edg cal 1
617-78-7;;62-53-3;;339.224;101.0;1;0.56;-1.0;1929 edg cal 1
617-78-7;;62-53-3;;339.124;101.0;1;0.56;0.4;1929 edg cal 1
617-78-7;;62-53-3;;338.924;101.0;1;0.59;-1.0;1929 edg cal 1
617-78-7;;62-53-3;;338.824;101.0;1;0.6;-1.0;1929 edg cal 1
617-78-7;;62-53-3;;338.824;101.0;1;0.6;-1.0;1929 edg cal 1
617-78-7;;62-53-3;;338.824;101.0;1;0.6;-1.0;1929 edg cal 1
617-78-7;;62-53-3;;338.824;101.0;1;0.6;-1.0;1929 edg cal 1
617-78-7;;62-53-3;;338.824;101.0;1;0.6;-1.0;1929 edg cal 1
617-78-7;;62-53-3;;335.624;101.0;1;-1.0;0.25;1929 edg cal 1
617-78-7;;62-53-3;;337.124;101.0;1;-1.0;0.3;1929 edg cal 1
617-78-7;;62-53-3;;337.124;101.0;1;-1.0;0.3;1929 edg cal 1
617-78-7;;62-53-3;;337.224;101.0;1;-1.0;0.3;1929 edg cal 1
617-78-7;;62-53-3;;337.224;101.0;1;-1.0;0.3;1929 edg cal 1
617-78-7;;62-53-3;;337.324;101.0;1;-1.0;0.3;1929 edg cal 1
617-78-7;;62-53-3;;337.524;101.0;1;-1.0;0.31;1929 edg cal 1
617-78-7;;62-53-3;;338.224;101.0;1;-1.0;0.34;1929 edg cal 1
617-78-7;;62-53-3;;338.324;101.0;1;-1.0;0.34;1929 edg cal 1
617-78-7;;62-53-3;;338.424;101.0;1;-1.0;0.34;1929 edg cal 1
617-78-7;;62-53-3;;338.524;101.0;1;-1.0;0.35;1929 edg cal 1
617-78-7;;62-53-3;;338.524;101.0;1;-1.0;0.35;1929 edg cal 1
617-78-7;;62-53-3;;338.724;101.0;1;-1.0;0.36;1929 edg cal 1
617-78-7;;62-53-3;;338.724;101.0;1;-1.0;0.36;1929 edg cal 1
617-78-7;;62-53-3;;339.024;101.0;1;-1.0;0.38;1929 edg cal 1
617-78-7;;62-53-3;;339.024;101.0;1;-1.0;0.38;1929 edg cal 1
617-78-7;;62-53-3;;339.024;101.0;1;-1.0;0.39;1929 edg cal 1
617-78-7;;62-53-3;;339.424;101.0;1;-1.0;0.46;1929 edg cal 1
617-78-7;;62-53-3;;339.424;101.0;1;-1.0;0.46;1929 edg cal 1
62-53-3;;7732-18-5;water;430.637;-1.0;1;0.355788304526;-1.0;1886 ale & 0
62-53-3;;7732-18-5;water;410.1314;-1.0;1;0.504420142628;-1.0;1886 ale & 0
62-53-3;;7732-18-5;water;312.1304;-1.0;1;0.771115433673;-1.0;1886 ale & 0
62-53-3;;7732-18-5;water;298.136;-1.0;1;0.786822347226;-1.0;1886 ale & 0
62-53-3;;7732-18-5;water;281.1452;-1.0;1;0.801199523406;-1.0;1886 ale & 0
62-53-3;;7732-18-5;water;289.1404;-1.0;1;-1.0;0.00617081471209;1886 ale & 0
62-53-3;;7732-18-5;water;328.1255;-1.0;1;-1.0;0.00713110989657;1886 ale & 0
62-53-3;;7732-18-5;water;350.1233;-1.0;1;-1.0;0.0106047209572;1886 ale & 0
62-53-3;;7732-18-5;water;415.1324;-1.0;1;-1.0;0.0307997543975;1886 ale & 0
62-53-3;;7732-18-5;water;429.1364;-1.0;1;-1.0;0.0489343433439;1886 ale & 0
62-53-3;;7732-18-5;water;437.63935;-1.0;1;-1.0;0.101508129931;1886 ale & 0
62-53-3;;7732-18-5;water;295.1372;101.325;1;0.791169537139;0.00683708105308;1898 her & 0
62-53-3;;7732-18-5;water;440.1401;101.0;1;0.0771637562696;-1.0;1911 sid pic 0
62-53-3;;7732-18-5;water;293.138;101.0;1;0.781883701725;-1.0;1911 sid pic 0
62-53-3;;7732-18-5;water;300.93488;101.0;1;0.77180330639;-1.0;1911 sid pic 0
62-53-3;;7732-18-5;water;308.73176;101.0;1;0.760908463585;-1.0;1911 sid pic 0
62-53-3;;7732-18-5;water;316.32904;101.0;1;0.749257795985;-1.0;1911 sid pic 0
62-53-3;;7732-18-5;water;324.22667;101.0;1;0.735950245756;-1.0;1911 sid pic 0
62-53-3;;7732-18-5;water;332.42421;101.0;1;0.721750594229;-1.0;1911 sid pic 0
62-53-3;;7732-18-5;water;339.624;101.0;1;0.705547631946;-1.0;1911 sid pic 0
62-53-3;;7732-18-5;water;348.02351;101.0;1;0.68727283536;-1.0;1911 sid pic 0
62-53-3;;7732-18-5;water;370.52374;101.0;1;0.62373085753;-1.0;1911 sid pic 0
62-53-3;;7732-18-5;water;400.32916;101.0;1;0.49322792776;-1.0;1911 sid pic 0
62-53-3;;7732-18-5;water;423.53416;101.0;1;0.378323758684;-1.0;1911 sid pic 0
62-53-3;;7732-18-5;water;426.83548;101.0;1;0.353411681904;-1.0;1911 sid pic 0
62-53-3;;7732-18-5;water;427.53576;101.0;1;0.348016771748;-1.0;1911 sid pic 0
62-53-3;;7732-18-5;water;433.93824;101.0;1;0.283094474826;-1.0;1911 sid pic 0
62-53-3;;7732-18-5;water;438.1395;101.0;1;0.25261078369;-1.0;1911 sid pic 0
62-53-3;;7732-18-5;water;307.83212;101.0;1;-1.0;0.00774593260321;1911 sid pic 0
62-53-3;;7732-18-5;water;312.93008;101.0;1;-1.0;0.00790476086607;1911 sid pic 0
62-53-3;;7732-18-5;water;323.22697;101.0;1;-1.0;0.0083824707093;1911 sid pic 0
62-53-3;;7732-18-5;water;325.1264;101.0;1;-1.0;0.00861682727896;1911 sid pic 0
62-53-3;;7732-18-5;water;327.1258;101.0;1;-1.0;0.00871443338281;1911 sid pic 0
62-53-3;;7732-18-5;water;331.82439;101.0;1;-1.0;0.00914106041935;1911 sid pic 0
62-53-3;;7732-18-5;water;334.524;101.0;1;-1.0;0.00934970308002;1911 sid pic 0
62-53-3;;7732-18-5;water;335.924;101.0;1;-1.0;0.00946878593824;1911 sid pic 0
62-53-3;;7732-18-5;water;339.124;101.0;1;-1.0;0.00975756369801;1911 sid pic 0
62-53-3;;7732-18-5;water;341.724;101.0;1;-1.0;0.0100449113756;1911 sid pic 0
62-53-3;;7732-18-5;water;345.42377;101.0;1;-1.0;0.0104276681965;1911 sid pic 0
62-53-3;;7732-18-5;water;350.22329;101.0;1;-1.0;0.0110929102996;1911 sid pic 0
62-53-3;;7732-18-5;water;352.82303;101.0;1;-1.0;0.0114300441019;1911 sid pic 0
62-53-3;;7732-18-5;water;354.723;101.0;1;-1.0;0.0116723208216;1911 sid pic 0
62-53-3;;7732-18-5;water;359.723;101.0;1;-1.0;0.0124533243469;1911 sid pic 0
62-53-3;;7732-18-5;water;363.023;101.0;1;-1.0;0.0131315456805;1911 sid pic 0
62-53-3;;7732-18-5;water;366.52334;101.0;1;-1.0;0.0136793474962;1911 sid pic 0
62-53-3;;7732-18-5;water;381.92576;101.0;1;-1.0;0.0164543341848;1911 sid pic 0
62-53-3;;7732-18-5;water;398.42859;101.0;1;-1.0;0.0212244608973;1911 sid pic 0
62-53-3;;7732-18-5;water;418.23302;101.0;1;-1.0;0.0340906507926;1911 sid pic 0
62-53-3;;7732-18-5;water;286.94172;101.0;1;-1.0;0.00719471213544;1911 sid pic 0
62-53-3;;7732-18-5;water;290.73944;101.0;1;-1.0;0.00725424066856;1911 sid pic 0
62-53-3;;7732-18-5;water;295.83692;101.0;1;-1.0;0.0073014733576;1911 sid pic 0
62-53-3;;7732-18-5;water;300.1352;101.0;1;-1.0;0.00734666935158;1911 sid pic 0
62-53-3;;7732-18-5;water;303.73376;101.0;1;-1.0;0.00748441358504;1911 sid pic 0
62-53-3;;7732-18-5;water;305.73296;101.0;1;-1.0;0.00764496606284;1911 sid pic 0
62-53-3;;7732-18-5;water;281.74484;101.0;1;0.79324262671;0.00676245279002;1945 cam & 0
62-53-3;;7732-18-5;water;321.1276;101.0;1;0.745325481557;0.00820233790534;1945 cam & 0
62-53-3;;7732-18-5;water;339.424;101.0;1;0.713733148764;0.00986864898465;1945 cam & 0
62-53-3;;7732-18-5;water;369.82367;101.0;1;0.622478714939;0.0143511478528;1945 cam & 0
62-53-3;;7732-18-5;water;298.136;101.0;1;0.784347070928;0.00721318343802;1949 smi foe 0
62-53-3;;7732-18-5;water;298.136;101.0;1;0.778385088282;0.00729531154804;1950 gri che 0
62-53-3;;7732-18-5;water;323.127;101.0;1;0.738840649512;0.00840940957616;1950 gri che 0
62-53-3;;7732-18-5;water;298.136;101.0;1;0.778733871048;-1.0;1950 gri che 0
62-53-3;;7732-18-5;water;323.127;101.0;1;0.735630143322;-1.0;1950 gri che 0
62-53-3;;7732-18-5;water;298.136;101.0;1;0.780831595827;-1.0;1950 gri che 0
62-53-3;;7732-18-5;water;298.136;101.0;1;0.778385088282;-1.0;1950 gri che 0
62-53-3;;7732-18-5;water;323.127;101.0;1;0.738840649512;-1.0;1950 gri che 0
62-53-3;;7732-18-5;water;298.136;101.325;1;0.784;0.007;1952 don bar 0
62-53-3;;7732-18-5;water;293.138;100.0;1;0.786113905387;-1.0;1955 kru & 1
62-53-3;;7732-18-5;water;323.127;100.0;1;0.746960139762;-1.0;1955 kru & 1
62-53-3;;7732-18-5;water;298.14437;101.0;1;0.786113905387;0.00594714223557;1974 vor kru 0
62-53-3;;7732-18-5;water;302.2;101.325;1;0.772;0.007;2001 saz fil 0
62-53-3;;7732-18-5;water;312.2;101.325;1;0.757;0.008;2001 saz fil 0
62-53-3;;7732-18-5;water;318.8;101.325;1;0.751;0.008;2001 saz fil 0
62-53-3;;7732-18-5;water;298.15;101.0;1;0.775;0.007;2006 gre kla 1
62-53-3;;7732-18-5;water;333.15;101.0;1;0.715;0.008;2006 gre kla 1
62-53-3;;7732-18-5;water;333.15;101.0;1;0.735;-1.0;2006 gre kla 1
62-53-3;;7732-18-5;water;298.15;101.0;1;0.782;-1.0;2006 gre kla 1
62-53-3;;7732-18-5;water;323.15;101.0;1;0.7374;-1.0;2014 kla sil 0
62-53-3;;7732-18-5;water;313.15;100.0;1;0.7696;-1.0;2015 gro sol 0
62-53-3;;7732-18-5;water;321.15;100.0;1;0.7624;-1.0;2015 gro sol 0
62-53-3;;7732-18-5;water;329.15;100.0;1;0.7423;-1.0;2015 gro sol 0
62-53-3;;7732-18-5;water;334.15;100.0;1;0.7307;-1.0;2015 gro sol 0
62-53-3;;7732-18-5;water;339.15;100.0;1;0.7132;-1.0;2015 gro sol 0
62-53-3;;7732-18-5;water;343.15;100.0;1;0.7081;-1.0;2015 gro sol 0
62-53-3;;7732-18-5;water;298.15;-1.0;1;-1.0;0.0074233894382;2006 ber doh 0
62-53-3;;7732-18-5;water;333.15;-1.0;1;-1.0;0.00834008637117;2006 ber doh 0
62-53-3;;7732-18-5;water;343.15;-1.0;1;-1.0;0.0090066551251;2006 ber doh 0
62-53-3;;7732-18-5;water;343.15;-1.0;1;-1.0;0.0091694150974;2006 ber doh 0
62-53-3;;7732-18-5;water;353.15;-1.0;1;-1.0;0.0098834087345;2006 ber doh 0
62-53-3;;7732-18-5;water;293.138;101.0;1;-1.0;0.00676245279002;1895 vau & 0
62-53-3;;7732-18-5;water;298.136;101.0;1;-1.0;0.00729531154804;1945 smi dre 0
62-53-3;;7732-18-5;water;298.136;101.0;1;-1.0;0.00672155881748;1947 sha gre 0
62-53-3;;7732-18-5;water;298.136;98.9;1;-1.0;0.00731379789859;1949 han fu 0
62-53-3;;108-87-2;;292.0;100.0;1;0.101;0.865;JRE Smoothed
62-53-3;;108-87-2;;297.0;100.0;1;0.121;0.82;JRE Smoothed
62-53-3;;108-87-2;;302.0;100.0;1;0.157;0.81;JRE Smoothed
62-53-3;;108-87-2;;307.0;100.0;1;0.21;0.76;JRE Smoothed
62-53-3;;108-87-2;;312.0;100.0;1;0.316;0.677;JRE Smoothed
62-53-3;;108-87-2;;298.136;101.0;1;0.838300864673;0.124659648864;1937 var fen 0
62-53-3;;108-87-2;;298.136;101.0;1;-1.0;0.125908564466;1950 gri che 0
62-53-3;;108-87-2;;298.136;101.0;1;-1.0;0.124451480531;1950 gri che 0
62-53-3;;108-87-2;;298.136;101.0;1;-1.0;0.124659648864;1950 gri che 0
62-53-3;;108-87-2;;313.78;101.3;1;0.5174;-1.0;2003 mat fuj 0
62-53-3;;108-87-2;;313.76;101.3;1;0.5194;0.5131;2003 mat fuj 0
62-53-3;;108-87-2;;313.79;101.3;1;0.5269;-1.0;2003 mat fuj 0
62-53-3;;108-87-2;;313.78;101.3;1;0.528;-1.0;2003 mat fuj 0
62-53-3;;108-87-2;;313.76;101.3;1;0.5382;-1.0;2003 mat fuj 0
62-53-3;;108-87-2;;313.66;101.3;1;0.5574;-1.0;2003 mat fuj 0
62-53-3;;108-87-2;;313.62;101.3;1;0.5657;-1.0;2003 mat fuj 0
62-53-3;;108-87-2;;313.33;101.3;1;0.6034;-1.0;2003 mat fuj 0
62-53-3;;108-87-2;;313.08;101.3;1;0.6167;-1.0;2003 mat fuj 0
62-53-3;;108-87-2;;312.89;101.3;1;0.6354;-1.0;2003 mat fuj 0
62-53-3;;108-87-2;;312.25;101.3;1;0.66;-1.0;2003 mat fuj 0
62-53-3;;108-87-2;;310.58;101.3;1;0.7106;-1.0;2003 mat fuj 0
62-53-3;;108-87-2;;309.59;101.3;1;0.7309;-1.0;2003 mat fuj 0
62-53-3;;108-87-2;;308.24;101.3;1;0.7513;-1.0;2003 mat fuj 0
62-53-3;;108-87-2;;306.67;101.3;1;0.7721;-1.0;2003 mat fuj 0
62-53-3;;108-87-2;;304.58;101.3;1;0.7944;-1.0;2003 mat fuj 0
62-53-3;;108-87-2;;302.6;101.3;1;0.8116;-1.0;2003 mat fuj 0
62-53-3;;108-87-2;;299.08;101.3;1;0.834;-1.0;2003 mat fuj 0
62-53-3;;108-87-2;;294.17;101.3;1;0.8608;-1.0;2003 mat fuj 0
62-53-3;;108-87-2;;290.62;101.3;1;0.8747;-1.0;2003 mat fuj 0
62-53-3;;108-87-2;;311.82;101.3;1;0.6781;-1.0;2003 mat fuj 0
62-53-3;;108-87-2;;292.15;101.3;1;-1.0;0.1011;2003 mat fuj 0
62-53-3;;108-87-2;;296.77;101.3;1;-1.0;0.1209;2003 mat fuj 0
62-53-3;;108-87-2;;300.95;101.3;1;-1.0;0.1521;2003 mat fuj 0
62-53-3;;108-87-2;;304.28;101.3;1;-1.0;0.1725;2003 mat fuj 0
62-53-3;;108-87-2;;306.33;101.3;1;-1.0;0.2008;2003 mat fuj 0
62-53-3;;108-87-2;;307.89;101.3;1;-1.0;0.2196;2003 mat fuj 0
62-53-3;;108-87-2;;309.45;101.3;1;-1.0;0.2562;2003 mat fuj 0
62-53-3;;108-87-2;;310.17;101.3;1;-1.0;0.2696;2003 mat fuj 0
62-53-3;;108-87-2;;310.88;101.3;1;-1.0;0.2931;2003 mat fuj 0
62-53-3;;108-87-2;;311.69;101.3;1;-1.0;0.3167;2003 mat fuj 0
62-53-3;;108-87-2;;312.22;101.3;1;-1.0;0.3412;2003 mat fuj 0
62-53-3;;108-87-2;;312.56;101.3;1;-1.0;0.3649;2003 mat fuj 0
62-53-3;;108-87-2;;313.15;101.3;1;-1.0;0.3994;2003 mat fuj 0
62-53-3;;108-87-2;;313.28;101.3;1;-1.0;0.4142;2003 mat fuj 0
62-53-3;;108-87-2;;313.43;101.3;1;-1.0;0.4319;2003 mat fuj 0
62-53-3;;108-87-2;;313.53;101.3;1;-1.0;0.4426;2003 mat fuj 0
62-53-3;;108-87-2;;313.47;101.3;1;-1.0;0.45;2003 mat fuj 0
62-53-3;;108-87-2;;313.58;101.3;1;-1.0;0.4625;2003 mat fuj 0
62-53-3;;108-87-2;;313.65;101.3;1;-1.0;0.477;2003 mat fuj 0
62-53-3;;108-87-2;;313.73;101.3;1;-1.0;0.4973;2003 mat fuj 0
62-53-3;;108-87-2;;313.18;101.3;1;-1.0;0.4088;2003 mat fuj 0
629-59-4;;64-17-5;;298.79424;100.0;1;0.5703;-1.0;1989 dah sch 0
629-59-4;;64-17-5;;303.79286;100.0;1;0.4973;-1.0;1989 dah sch 0
629-59-4;;64-17-5;;306.09217;100.0;1;0.4327;-1.0;1989 dah sch 0
629-59-4;;64-17-5;;307.39178;100.0;1;0.3668;-1.0;1989 dah sch 0
629-59-4;;64-17-5;;308.19154;100.0;1;0.2999;-1.0;1989 dah sch 0
629-59-4;;64-17-5;;308.39148;100.0;1;0.2612;-1.0;1989 dah sch 0
629-59-4;;64-17-5;;308.49145;100.0;1;0.2328;-1.0;1989 dah sch 0
629-59-4;;64-17-5;;308.49145;100.0;1;0.2212;-1.0;1989 dah sch 0
629-59-4;;64-17-5;;307.89163;100.0;1;0.1951;-1.0;1989 dah sch 0
629-59-4;;64-17-5;;307.59172;100.0;1;-1.0;0.184;1989 dah sch 0
629-59-4;;64-17-5;;306.89193;100.0;1;-1.0;0.1701;1989 dah sch 0
629-59-4;;64-17-5;;305.39238;100.0;1;-1.0;0.1465;1989 dah sch 0
629-59-4;;64-17-5;;299.4941;100.0;1;-1.0;0.1157;1989 dah sch 0
629-59-4;;64-17-5;;287.9966;100.0;1;-1.0;0.0866;1989 dah sch 0
629-59-4;;64-17-5;;279.96;101.3;1;0.7456;-1.0;2004 mat och 0
629-59-4;;64-17-5;;280.98;101.3;1;0.7404;-1.0;2004 mat och 0
629-59-4;;64-17-5;;283.63;101.3;1;0.7265;-1.0;2004 mat och 0
629-59-4;;64-17-5;;286.71;101.3;1;0.7094;-1.0;2004 mat och 0
629-59-4;;64-17-5;;288.23;101.3;1;0.6939;-1.0;2004 mat och 0
629-59-4;;64-17-5;;290.69;101.3;1;0.669;-1.0;2004 mat och 0
629-59-4;;64-17-5;;292.67;101.3;1;0.6459;-1.0;2004 mat och 0
629-59-4;;64-17-5;;295.06;101.3;1;0.618;-1.0;2004 mat och 0
629-59-4;;64-17-5;;296.5;101.3;1;0.599;-1.0;2004 mat och 0
629-59-4;;64-17-5;;298.7;101.3;1;0.571;-1.0;2004 mat och 0
629-59-4;;64-17-5;;301.01;101.3;1;0.5355;-1.0;2004 mat och 0
629-59-4;;64-17-5;;302.93;101.3;1;0.5067;-1.0;2004 mat och 0
629-59-4;;64-17-5;;304.54;101.3;1;0.4692;-1.0;2004 mat och 0
629-59-4;;64-17-5;;305.85;101.3;1;0.4365;-1.0;2004 mat och 0
629-59-4;;64-17-5;;306.94;101.3;1;0.3864;-1.0;2004 mat och 0
629-59-4;;64-17-5;;307.36;101.3;1;0.36;-1.0;2004 mat och 0
629-59-4;;64-17-5;;307.48;101.3;1;0.3356;-1.0;2004 mat och 0
629-59-4;;64-17-5;;307.67;101.3;1;0.32;0.2252;2004 mat och 0
629-59-4;;64-17-5;;307.71;101.3;1;0.3006;0.2444;2004 mat och 0
629-59-4;;64-17-5;;307.8;101.3;1;0.2812;-1.0;2004 mat och 0
629-59-4;;64-17-5;;307.14;101.3;1;-1.0;0.194;2004 mat och 0
629-59-4;;64-17-5;;306.13;101.3;1;-1.0;0.164;2004 mat och 0
629-59-4;;64-17-5;;304.83;101.3;1;-1.0;0.145;2004 mat och 0
629-59-4;;64-17-5;;303.49;101.3;1;-1.0;0.1324;2004 mat och 0
629-59-4;;64-17-5;;300.77;101.3;1;-1.0;0.1144;2004 mat och 0
629-59-4;;64-17-5;;299.81;101.3;1;-1.0;0.1083;2004 mat och 0
629-59-4;;64-17-5;;296.99;101.3;1;-1.0;0.0973;2004 mat och 0
629-59-4;;64-17-5;;293.14;101.3;1;-1.0;0.0847;2004 mat och 0
629-59-4;;64-17-5;;291.65;101.3;1;-1.0;0.0807;2004 mat och 0
629-59-4;;64-17-5;;288.84;101.3;1;-1.0;0.0742;2004 mat och 0
629-59-4;;64-17-5;;284.92;101.3;1;-1.0;0.0663;2004 mat och 0
629-59-4;;64-17-5;;282.2;101.3;1;-1.0;0.0618;2004 mat och 0
629-59-4;;64-17-5;;279.89;101.3;1;-1.0;0.0586;2004 mat och 0
629-59-4;;64-17-5;;275.35;100.0;1;0.801443504868;-1.0;2020 die ded 0
629-59-4;;64-17-5;;286.55;100.0;1;0.701560909303;-1.0;2020 die ded 0
629-59-4;;64-17-5;;295.96;100.0;1;0.599491701377;-1.0;2020 die ded 0
629-59-4;;64-17-5;;302.33;100.0;1;0.506841346962;-1.0;2020 die ded 0
629-59-4;;64-17-5;;302.98;100.0;1;0.500572190679;-1.0;2020 die ded 0
629-59-4;;64-17-5;;302.71;100.0;1;0.50008139149;-1.0;2020 die ded 0
629-59-4;;64-17-5;;304.8;100.0;1;0.454728963712;-1.0;2020 die ded 0
629-59-4;;64-17-5;;306.12;100.0;1;0.399916403858;-1.0;2020 die ded 0
629-59-4;;64-17-5;;306.49;100.0;1;0.399791193196;-1.0;2020 die ded 0
629-59-4;;64-17-5;;306.99;100.0;1;0.351960036138;-1.0;2020 die ded 0
629-59-4;;64-17-5;;307.08;100.0;1;0.35130839462;-1.0;2020 die ded 0
629-59-4;;64-17-5;;307.48;100.0;1;0.302792557079;-1.0;2020 die ded 0
629-59-4;;64-17-5;;307.33;100.0;1;0.30001558195;-1.0;2020 die ded 0
629-59-4;;64-17-5;;307.42;100.0;1;0.283177209697;-1.0;2020 die ded 0
629-59-4;;64-17-5;;307.38;100.0;1;-1.0;0.262191564259;2020 die ded 0
629-59-4;;64-17-5;;307.03;100.0;1;-1.0;0.201706198652;2020 die ded 0
629-59-4;;64-17-5;;306.77;100.0;1;-1.0;0.199457956624;2020 die ded 0
629-59-4;;64-17-5;;306.59;100.0;1;-1.0;0.179736911812;2020 die ded 0
629-59-4;;64-17-5;;305.05;100.0;1;-1.0;0.151090790068;2020 die ded 0
629-59-4;;64-17-5;;304.18;100.0;1;-1.0;0.140383981041;2020 die ded 0
629-59-4;;64-17-5;;303.21;100.0;1;-1.0;0.131075644497;2020 die ded 0
629-59-4;;64-17-5;;299.88;100.0;1;-1.0;0.110575793775;2020 die ded 0
629-59-4;;64-17-5;;297.36;100.0;1;-1.0;0.099985012907;2020 die ded 0
629-59-4;;64-17-5;;294.98;100.0;1;-1.0;0.0910211690474;2020 die ded 0
629-59-4;;64-17-5;;282.44;100.0;1;-1.0;0.0620752615079;2020 die ded 0
629-59-4;;64-17-5;;274.6;100.0;1;-1.0;0.050291880127;2020 die ded 0
629-59-4;;616-38-6;;279.85;101.0;1;0.709;-1.0;1991 gon gar 1
629-59-4;;616-38-6;;283.09;101.0;1;0.6837;-1.0;1991 gon gar 1
629-59-4;;616-38-6;;286.87;101.0;1;0.6562;-1.0;1991 gon gar 1
629-59-4;;616-38-6;;288.88;101.0;1;0.633;-1.0;1991 gon gar 1
629-59-4;;616-38-6;;292.82;101.0;1;0.5892;-1.0;1991 gon gar 1
629-59-4;;616-38-6;;298.52;101.0;1;0.5227;-1.0;1991 gon gar 1
629-59-4;;616-38-6;;300.18;101.0;1;0.4992;-1.0;1991 gon gar 1
629-59-4;;616-38-6;;303.47;101.0;1;0.4385;-1.0;1991 gon gar 1
629-59-4;;616-38-6;;304.87;101.0;1;0.4118;-1.0;1991 gon gar 1
629-59-4;;616-38-6;;305.57;101.0;1;0.3919;-1.0;1991 gon gar 1
629-59-4;;616-38-6;;306.72;101.0;1;0.3378;-1.0;1991 gon gar 1
629-59-4;;616-38-6;;307.11;101.0;1;0.31;-1.0;1991 gon gar 1
629-59-4;;616-38-6;;307.41;101.0;1;0.2859;-1.0;1991 gon gar 1
629-59-4;;616-38-6;;307.73;101.0;1;0.2335;-1.0;1991 gon gar 1
629-59-4;;616-38-6;;307.61;101.0;1;-1.0;0.2175;1991 gon gar 1
629-59-4;;616-38-6;;307.65;101.0;1;-1.0;0.1956;1991 gon gar 1
629-59-4;;616-38-6;;307.5;101.0;1;-1.0;0.178;1991 gon gar 1
629-59-4;;616-38-6;;306.84;101.0;1;-1.0;0.1424;1991 gon gar 1
629-59-4;;616-38-6;;305.05;101.0;1;-1.0;0.1118;1991 gon gar 1
629-59-4;;616-38-6;;303.16;101.0;1;-1.0;0.0953;1991 gon gar 1
629-59-4;;616-38-6;;301.41;101.0;1;-1.0;0.0809;1991 gon gar 1
629-59-4;;616-38-6;;299.26;101.0;1;-1.0;0.0704;1991 gon gar 1
629-59-4;;616-38-6;;298.25;101.0;1;-1.0;0.0661;1991 gon gar 1
629-59-4;;616-38-6;;290.0;101.0;1;-1.0;0.0442;1991 gon gar 1
629-59-4;;616-38-6;;277.13;101.0;1;-1.0;0.0257;1991 gon gar 1
629-59-4;;616-38-6;;297.965;101.0;1;0.533;0.062;2009 hua xia 1
629-59-4;;616-38-6;;299.162;101.0;1;0.517;0.066;2009 hua xia 1
629-59-4;;616-38-6;;300.39;101.0;1;0.497;0.072;2009 hua xia 1
629-59-4;;616-38-6;;301.595;101.0;1;0.478;0.078;2009 hua xia 1
629-59-4;;616-38-6;;302.799;101.0;1;0.455;0.086;2009 hua xia 1
629-59-4;;616-38-6;;303.811;101.0;1;0.434;0.093;2009 hua xia 1
629-59-4;;616-38-6;;304.602;101.0;1;0.416;0.1;2009 hua xia 1
629-59-4;;616-38-6;;305.256;101.0;1;0.399;0.108;2009 hua xia 1
629-59-4;;616-38-6;;305.857;101.0;1;0.381;0.115;2009 hua xia 1
629-59-4;;616-38-6;;306.259;101.0;1;0.368;0.123;2009 hua xia 1
629-59-4;;616-38-6;;306.559;101.0;1;0.355;0.129;2009 hua xia 1
629-59-4;;616-38-6;;306.765;101.0;1;0.347;0.134;2009 hua xia 1
629-59-4;;616-38-6;;306.924;101.0;1;0.337;0.139;2009 hua xia 1
629-59-4;;616-38-6;;307.075;101.0;1;0.329;0.143;2009 hua xia 1
629-59-4;;616-38-6;;307.188;101.0;1;0.322;0.147;2009 hua xia 1
629-59-4;;616-38-6;;307.271;101.0;1;0.319;0.151;2009 hua xia 1
629-59-4;;616-38-6;;307.347;101.0;1;0.312;0.155;2009 hua xia 1
629-59-4;;616-38-6;;307.411;101.0;1;0.306;0.157;2009 hua xia 1
629-59-4;;616-38-6;;307.468;101.0;1;0.301;0.162;2009 hua xia 1
629-59-4;;616-38-6;;307.514;101.0;1;0.297;0.165;2009 hua xia 1
629-59-4;;616-38-6;;307.554;101.0;1;0.293;0.169;2009 hua xia 1
629-59-4;;616-38-6;;307.585;101.0;1;0.289;0.171;2009 hua xia 1
629-59-4;;616-38-6;;307.613;101.0;1;0.286;0.175;2009 hua xia 1
629-59-4;;616-38-6;;307.639;101.0;1;0.281;0.178;2009 hua xia 1
629-59-4;;616-38-6;;307.661;101.0;1;0.277;0.18;2009 hua xia 1
629-59-4;;616-38-6;;307.68;101.0;1;0.274;0.184;2009 hua xia 1
629-59-4;;616-38-6;;307.697;101.0;1;0.268;0.188;2009 hua xia 1
629-59-4;;616-38-6;;307.711;101.0;1;0.265;0.191;2009 hua xia 1
629-59-4;;616-38-6;;307.722;101.0;1;0.261;0.197;2009 hua xia 1
629-59-4;;616-38-6;;307.731;101.0;1;0.257;0.201;2009 hua xia 1
629-59-4;;616-38-6;;307.737;101.0;1;0.254;-1.0;2009 hua xia 1
629-59-4;;616-38-6;;307.741;101.0;1;0.252;0.21;2009 hua xia 1
629-59-4;;616-38-6;;307.751;101.0;1;0.243;-1.0;2009 hua xia 1
64-17-5;;4390-04-9;;273.299978102;100.0;1;0.6877;0.6265;1989 dah sch 0
64-17-5;;4390-04-9;;273.299978102;100.0;1;0.7262;-1.0;1989 dah sch 0
64-17-5;;4390-04-9;;272.900079365;100.0;1;0.7403;-1.0;1989 dah sch 0
64-17-5;;4390-04-9;;272.900079365;100.0;1;0.7748;-1.0;1989 dah sch 0
64-17-5;;4390-04-9;;269.70106;100.0;1;0.8251;-1.0;1989 dah sch 0
64-17-5;;4390-04-9;;269.5011;100.0;1;0.8431;-1.0;1989 dah sch 0
64-17-5;;4390-04-9;;264.10218;100.0;1;0.8807;-1.0;1989 dah sch 0
64-17-5;;4390-04-9;;268.90122;100.0;1;-1.0;0.4871;1989 dah sch 0
64-17-5;;4390-04-9;;270.50084127;100.0;1;-1.0;0.5121;1989 dah sch 0
64-17-5;;4390-04-9;;273.000047619;100.0;1;-1.0;0.5827;1989 dah sch 0
64-17-5;;4390-04-9;;273.74;101.3;1;0.702399678782;-1.0;2021 bal wag 0
64-17-5;;4390-04-9;;273.25;101.3;1;0.749196055304;0.600385550494;2021 bal wag 0
64-17-5;;4390-04-9;;272.22;101.3;1;0.79761936376;-1.0;2021 bal wag 0
64-17-5;;4390-04-9;;269.84;101.3;1;0.840345599353;-1.0;2021 bal wag 0
64-17-5;;4390-04-9;;267.02;101.3;1;0.858630410871;-1.0;2021 bal wag 0
64-17-5;;4390-04-9;;262.41;101.3;1;0.880307022978;-1.0;2021 bal wag 0
64-17-5;;4390-04-9;;253.46;101.3;1;0.909147916854;-1.0;2021 bal wag 0
64-17-5;;4390-04-9;;248.3;101.3;1;-1.0;0.246814382392;2021 bal wag 0
64-17-5;;4390-04-9;;260.92;101.3;1;-1.0;0.346843918485;2021 bal wag 0
64-17-5;;4390-04-9;;268.46;101.3;1;-1.0;0.452622063069;2021 bal wag 0
64-17-5;;4390-04-9;;272.27;101.3;1;-1.0;0.554570366219;2021 bal wag 0
64-17-5;;4390-04-9;;273.65;101.3;1;-1.0;0.649752883059;2021 bal wag 0
67-56-1;;108-87-2;;278.147;101.32;1;0.901697320042;-1.0;1961 kis joh 0
67-56-1;;108-87-2;;283.144;101.32;1;0.89168516601;-1.0;1961 kis joh 0
67-56-1;;108-87-2;;288.141;101.32;1;0.880188622714;-1.0;1961 kis joh 0
67-56-1;;108-87-2;;293.138;101.32;1;0.866989979753;-1.0;1961 kis joh 0
67-56-1;;108-87-2;;298.136;101.32;1;0.85101499789;-1.0;1961 kis joh 0
67-56-1;;108-87-2;;303.134;101.32;1;0.830800213194;-1.0;1961 kis joh 0
67-56-1;;108-87-2;;308.132;101.32;1;0.805530363993;-1.0;1961 kis joh 0
67-56-1;;108-87-2;;313.13;101.32;1;0.769526086951;-1.0;1961 kis joh 0
67-56-1;;108-87-2;;318.5733665;101.0;1;0.44363;-1.0;1961 kis joh 0
67-56-1;;108-87-2;;318.9742462;101.0;1;0.48881;-1.0;1961 kis joh 0
67-56-1;;108-87-2;;319.0262306;101.0;1;0.55799;-1.0;1961 kis joh 0
67-56-1;;108-87-2;;318.9222618;101.0;1;0.61958;-1.0;1961 kis joh 0
67-56-1;;108-87-2;;318.52838;101.0;1;0.6553;-1.0;1961 kis joh 0
67-56-1;;108-87-2;;317.9545522;101.0;1;0.68902;-1.0;1961 kis joh 0
67-56-1;;108-87-2;;317.4237115;101.0;1;0.70137;-1.0;1961 kis joh 0
67-56-1;;108-87-2;;317.0218321;101.0;1;0.71877;-1.0;1961 kis joh 0
67-56-1;;108-87-2;;315.7562119;101.0;1;0.74148;-1.0;1961 kis joh 0
67-56-1;;108-87-2;;314.2576616;101.0;1;0.75866;-1.0;1961 kis joh 0
67-56-1;;108-87-2;;312.48026;101.0;1;0.77743;-1.0;1961 kis joh 0
67-56-1;;108-87-2;;311.0568296;101.0;1;0.79001;-1.0;1961 kis joh 0
67-56-1;;108-87-2;;309.7603484;101.0;1;0.79848;-1.0;1961 kis joh 0
67-56-1;;108-87-2;;304.4144876;101.0;1;0.82376;-1.0;1961 kis joh 0
67-56-1;;108-87-2;;299.3745044;101.0;1;0.8449;-1.0;1961 kis joh 0
67-56-1;;108-87-2;;294.3835016;101.0;1;0.86297;-1.0;1961 kis joh 0
67-56-1;;108-87-2;;289.1633862;101.0;1;0.87957;-1.0;1961 kis joh 0
67-56-1;;108-87-2;;284.348277;101.0;1;0.88895;-1.0;1961 kis joh 0
67-56-1;;108-87-2;;279.7630298;101.0;1;0.89725;-1.0;1961 kis joh 0
67-56-1;;108-87-2;;275.7894154;101.0;1;0.90641;-1.0;1961 kis joh 0
67-56-1;;108-87-2;;292.0376606;101.0;1;-1.0;0.13449;1961 kis joh 0
67-56-1;;108-87-2;;300.5210456;101.0;1;-1.0;0.18115;1961 kis joh 0
67-56-1;;108-87-2;;305.2761428;101.0;1;-1.0;0.21351;1961 kis joh 0
67-56-1;;108-87-2;;307.4012924;101.0;1;-1.0;0.23739;1961 kis joh 0
67-56-1;;108-87-2;;317.6326488;101.0;1;-1.0;0.38435;1961 kis joh 0
67-56-1;;108-87-2;;318.18854;101.3;1;0.566;-1.0;1969 sch wer 0
67-56-1;;108-87-2;;293.19536;101.3;1;0.865;0.132;1969 sch wer 0
67-56-1;;108-87-2;;295.69486;101.3;1;0.856;0.144;1969 sch wer 0
67-56-1;;108-87-2;;298.19436;101.3;1;0.846;0.158;1969 sch wer 0
67-56-1;;108-87-2;;300.69379;101.3;1;0.836;0.174;1969 sch wer 0
67-56-1;;108-87-2;;303.19304;101.3;1;0.826;0.192;1969 sch wer 0
67-56-1;;108-87-2;;305.69229;101.3;1;0.815;0.213;1969 sch wer 0
67-56-1;;108-87-2;;308.19154;101.3;1;0.801;0.239;1969 sch wer 0
67-56-1;;108-87-2;;310.69079;101.3;1;0.785;0.27;1969 sch wer 0
67-56-1;;108-87-2;;313.19004;101.3;1;0.764;0.31;1969 sch wer 0
67-56-1;;108-87-2;;315.68929;101.3;1;0.729;0.368;1969 sch wer 0
67-56-1;;108-87-2;;318.18854;101.3;1;0.566;-1.0;1969 sch wer 0
67-56-1;;108-87-2;;298.14437;101.3;1;0.8547;0.1739;1984 nag & 6
67-56-1;;108-87-2;;306.26;101.3;1;0.808;-1.0;2003 ben reh 0
67-56-1;;108-87-2;;309.43;101.3;1;0.7881;-1.0;2003 ben reh 0
67-56-1;;108-87-2;;310.81;101.3;1;0.7769;-1.0;2003 ben reh 0
67-56-1;;108-87-2;;312.59;101.3;1;0.7601;-1.0;2003 ben reh 0
67-56-1;;108-87-2;;313.04;101.3;1;0.7548;-1.0;2003 ben reh 0
67-56-1;;108-87-2;;314.13;101.3;1;0.7396;-1.0;2003 ben reh 0
67-56-1;;108-87-2;;314.93;101.3;1;0.7279;-1.0;2003 ben reh 0
67-56-1;;108-87-2;;316.06;101.3;1;0.7045;-1.0;2003 ben reh 0
67-56-1;;108-87-2;;316.3;101.3;1;0.6958;-1.0;2003 ben reh 0
67-56-1;;108-87-2;;316.92;101.3;1;0.6737;-1.0;2003 ben reh 0
67-56-1;;108-87-2;;316.82;101.3;1;0.6735;-1.0;2003 ben reh 0
67-56-1;;108-87-2;;317.07;101.3;1;0.6611;-1.0;2003 ben reh 0
67-56-1;;108-87-2;;317.37;101.3;1;0.6299;-1.0;2003 ben reh 0
67-56-1;;108-87-2;;317.62;101.3;1;0.5537;-1.0;2003 ben reh 0
67-56-1;;108-87-2;;293.15;101.325;1;0.865;0.163;2003 ben reh 0
67-56-1;;108-87-2;;298.15;101.325;1;0.85;0.186;2003 ben reh 0
67-56-1;;108-87-2;;303.15;101.325;1;0.826;0.22;2003 ben reh 0
67-56-1;;108-87-2;;308.15;101.325;1;0.798;0.25;2003 ben reh 0
67-56-1;;108-87-2;;313.15;101.325;1;0.749;0.32;2003 ben reh 0
67-56-1;;108-87-2;;288.15;101.325;1;0.874;0.139;2003 ben reh 0
67-56-1;;108-87-2;;293.15;101.325;1;0.861;-1.0;2003 ben reh 0
67-56-1;;108-87-2;;295.15;101.325;1;0.855;0.172;2003 ben reh 0
67-56-1;;108-87-2;;298.15;101.325;1;0.846;-1.0;2003 ben reh 0
67-56-1;;108-87-2;;301.15;101.325;1;0.833;0.207;2003 ben reh 0
67-56-1;;108-87-2;;303.15;101.325;1;0.823;-1.0;2003 ben reh 0
67-56-1;;108-87-2;;305.15;101.325;1;0.816;0.233;2003 ben reh 0
67-56-1;;108-87-2;;307.15;101.325;1;0.804;0.242;2003 ben reh 0
67-56-1;;108-87-2;;317.6;101.3;1;-1.0;0.5363;2003 ben reh 0
67-56-1;;108-87-2;;317.34;101.3;1;-1.0;0.4956;2003 ben reh 0
67-56-1;;108-87-2;;317.11;101.3;1;-1.0;0.4652;2003 ben reh 0
67-56-1;;108-87-2;;317.0;101.3;1;-1.0;0.4576;2003 ben reh 0
67-56-1;;108-87-2;;316.96;101.3;1;-1.0;0.447;2003 ben reh 0
67-56-1;;108-87-2;;316.51;101.3;1;-1.0;0.4236;2003 ben reh 0
67-56-1;;108-87-2;;315.82;101.3;1;-1.0;0.3941;2003 ben reh 0
67-56-1;;108-87-2;;314.79;101.3;1;-1.0;0.3635;2003 ben reh 0
67-56-1;;108-87-2;;313.69;101.3;1;-1.0;0.3382;2003 ben reh 0
67-56-1;;108-87-2;;312.53;101.3;1;-1.0;0.3164;2003 ben reh 0
67-56-1;;108-87-2;;310.69;101.3;1;-1.0;0.2877;2003 ben reh 0
67-56-1;;108-87-2;;308.02;101.3;1;-1.0;0.2558;2003 ben reh 0
67-56-1;;108-87-2;;303.02;101.3;1;-1.0;0.2119;2003 ben reh 0
67-56-1;;108-87-2;;298.15;101.325;1;0.848;0.187;2006 ben reh 0
67-56-1;;108-87-2;;303.15;101.325;1;0.825;0.214;2006 ben reh 0
67-56-1;;108-87-2;;278.15;101.0;1;0.894729416528;0.100026209978;2013 gra bon 0
67-56-1;;108-87-2;;283.15;101.0;1;0.886392381087;0.115835468506;2013 gra bon 0
67-56-1;;108-87-2;;293.15;101.0;1;0.867935266408;0.180366568935;2013 gra bon 0
67-56-1;;108-87-2;;278.15;101.0;1;0.894729416528;0.107976232844;2013 gra vel 0
67-56-1;;108-87-2;;293.15;101.0;1;0.865813905343;0.151356001534;2013 gra vel 0
67-56-1;;108-87-2;;288.15;101.0;1;0.879347490471;0.131287728576;2013 gra vel 0
67-56-1;;108-87-2;;298.15;101.0;1;0.857727072056;0.175619480234;2013 gra vel 0
67-56-1;;108-87-2;;303.15;101.0;1;0.830366308705;0.223803612989;2013 gra vel 0
67-56-1;;108-87-2;;283.15;101.0;1;0.888375174909;0.113225714572;2013 gra vel 0
67-56-1;;108-87-2;;303.15;101.0;1;0.826777305157;0.264440197207;2015 gra cas 0
67-66-3;;7732-18-5;water;293.14537;-1.0;1;0.994712645891;-1.0;1987 bar new 0
67-66-3;;7732-18-5;water;308.141555;-1.0;1;0.990912689034;-1.0;1987 bar new 0
67-66-3;;7732-18-5;water;293.14537;-1.0;1;-1.0;0.00123842805489;1987 bar new 0
67-66-3;;7732-18-5;water;308.141555;-1.0;1;-1.0;0.00113854331453;1987 bar new 0
67-66-3;;7732-18-5;water;323.137055;-1.0;1;-1.0;0.00111572685907;1987 bar new 0
67-66-3;;7732-18-5;water;295.1372;101.0;1;0.993275521112;-1.0;1898 her & 0
67-66-3;;7732-18-5;water;295.1372;101.325;1;-1.0;0.000942094865989;1898 her & 0
67-66-3;;7732-18-5;water;297.6362;101.0;1;0.994466829184;-1.0;1921 cli & 1
67-66-3;;7732-18-5;water;299.83532;101.0;1;0.992959056735;-1.0;1921 cli & 1
67-66-3;;7732-18-5;water;300.93488;101.0;1;0.992370114141;-1.0;1921 cli & 1
67-66-3;;7732-18-5;water;272.1508;101.0;1;0.999087546215;-1.0;1931 gib hal 0
67-66-3;;7732-18-5;water;276.34808;101.0;1;0.998710981448;-1.0;1931 gib hal 0
67-66-3;;7732-18-5;water;284.44322;101.0;1;0.997188314799;-1.0;1931 gib hal 0
67-66-3;;7732-18-5;water;290.1398;101.0;1;0.995986499455;-1.0;1931 gib hal 0
67-66-3;;7732-18-5;water;294.93728;101.0;1;0.995727028287;-1.0;1931 gib hal 0
67-66-3;;7732-18-5;water;296.1368;101.0;1;0.995276457039;-1.0;1931 gib hal 0
67-66-3;;7732-18-5;water;304.1336;101.0;1;0.993425369751;-1.0;1931 gib hal 0
67-66-3;;7732-18-5;water;318.42841;101.0;1;0.992240809376;-1.0;1931 gib hal 0
67-66-3;;7732-18-5;water;316.1291;101.0;1;0.990543079264;-1.0;1931 gib hal 0
67-66-3;;7732-18-5;water;326.72592;101.0;1;0.989185191256;-1.0;1931 gib hal 0
67-66-3;;7732-18-5;water;293.138;101.0;1;0.991171791449;0.00181120167301;1936 eva & 0
67-66-3;;7732-18-5;water;273.15;101.325;1;0.99648;0.00148;1941 sta & 0
67-66-3;;7732-18-5;water;298.136;101.325;1;0.99377;-1.0;1941 sta & 0
67-66-3;;7732-18-5;water;303.134;101.325;1;0.9925;0.00116;1941 sta & 0
67-66-3;;7732-18-5;water;293.138;101.325;1;-1.0;0.00123;1941 sta & 0
67-66-3;;7732-18-5;water;298.136;101.325;1;0.994208529317;-1.0;1943 hut lyo 0
67-66-3;;7732-18-5;water;298.136;101.32;1;0.993613739764;0.00120030814239;1943 mcg & 0
67-66-3;;7732-18-5;water;298.136;101.325;1;0.993607578715;-1.0;1943 mcg & 0
67-66-3;;7732-18-5;water;303.134;101.325;1;0.99341098104;0.00116972061546;1943 mcg & 0
67-66-3;;7732-18-5;water;313.13;101.325;1;0.991122208139;0.00112385892671;1943 mcg & 0
67-66-3;;7732-18-5;water;273.15;101.325;1;-1.0;0.00155281790009;1943 mcg & 0
67-66-3;;7732-18-5;water;283.144;101.325;1;-1.0;0.00138405316162;1943 mcg & 0
67-66-3;;7732-18-5;water;293.138;101.325;1;-1.0;0.00124620904782;1943 mcg & 0
67-66-3;;7732-18-5;water;323.127;101.325;1;-1.0;0.001154430773;1943 mcg & 0
67-66-3;;7732-18-5;water;273.15;101.325;1;0.99341098104;0.00149141212313;1947 rei dem 2
67-66-3;;7732-18-5;water;333.124;101.325;1;0.988842363632;0.00113914354364;1947 rei dem 2
67-66-3;;7732-18-5;water;298.136;101.325;1;-1.0;0.00136872666523;1947 rei dem 2
67-66-3;;7732-18-5;water;315.1294;101.325;1;-1.0;0.00107802074385;1947 rei dem 2
67-66-3;;7732-18-5;water;298.136;101.325;1;0.995;0.0012;1952 don bar 0
67-66-3;;7732-18-5;water;298.136;101.325;1;0.99359;-1.0;1959 zie & 0
67-66-3;;7732-18-5;water;298.136;101.0;1;0.994722880142;0.00121560582819;1960 oth ku 0
67-66-3;;7732-18-5;water;293.138;101.0;1;0.99537993248;0.00124620904782;1960 tet nog 1
67-66-3;;7732-18-5;water;293.138;101.325;1;0.995840307462;-1.0;1964 chi sha 0
67-66-3;;7732-18-5;water;298.14437;101.0;1;0.994722880142;0.00181426253807;1980 coc dia 1
67-66-3;;7732-18-5;water;293.14537;101.0;1;0.994722880142;0.00124620904782;1980 mat zil 0
67-66-3;;7732-18-5;water;323.137055;101.0;1;0.988842363632;0.0011850130717;1980 mat zil 0
67-66-3;;7732-18-5;water;298.14437;101.325;1;0.993322856651;-1.0;1981 oht kaz 0
67-66-3;;7732-18-5;water;298.14437;101.325;1;0.99537993248;0.00104747500518;1983 bev ric 0
67-66-3;;7732-18-5;water;297.9944;101.3;1;0.9943;0.0005;1985 rui pra 0
67-66-3;;7732-18-5;water;297.9944;101.3;1;0.9957;-1.0;1985 rui pra 0
67-66-3;;7732-18-5;water;273.15;101.32;1;0.997586433693;0.00155281790009;1992 ste & 0
67-66-3;;7732-18-5;water;282.65;101.32;1;0.996518373747;0.00141471402462;1992 ste & 0
67-66-3;;7732-18-5;water;292.75;101.32;1;0.995636382544;0.00124620904782;1992 ste & 0
67-66-3;;7732-18-5;water;302.65;101.32;1;0.99445370138;0.00120030814239;1992 ste & 0
67-66-3;;7732-18-5;water;312.45;101.32;1;0.992703775504;0.00112385892671;1992 ste & 0
67-66-3;;7732-18-5;water;322.35;101.32;1;0.991102628752;0.00116972061546;1992 ste & 0
67-66-3;;7732-18-5;water;332.35;101.32;1;0.989024423858;0.00120030814239;1992 ste & 0
67-66-3;;7732-18-5;water;297.65;101.0;1;0.987;-1.0;1995 abr & 0
67-66-3;;7732-18-5;water;293.15;101.3;1;0.9908;0.0011;2006 sen & 0
67-66-3;;7732-18-5;water;283.15;101.0;1;0.9922;0.0006;2011 kim par 0
67-66-3;;7732-18-5;water;293.15;101.0;1;0.9907;0.0011;2011 kim par 0
67-66-3;;7732-18-5;water;298.15;101.0;1;0.9891;0.0014;2011 kim par 0
67-66-3;;7732-18-5;water;303.15;101.0;1;0.987;0.0022;2011 kim par 0
67-66-3;;7732-18-5;water;313.15;101.0;1;0.9845;0.003;2011 kim par 0
67-66-3;;7732-18-5;water;323.15;101.0;1;0.9817;0.0039;2011 kim par 0
67-66-3;;7732-18-5;water;298.2;100.0;1;0.998676271609;0.00112385892671;2015 won sun 0
67-66-3;;7732-18-5;water;308.2;101.3;1;0.994066563407;0.000696947589067;2017 jia zha 0
67-66-3;;7732-18-5;water;298.2;101.3;1;0.994722880142;0.000894902710242;2017 jia zha 0
67-66-3;;7732-18-5;water;308.2;101.3;1;0.99341098104;0.000773032232282;2019 dai zha 0
67-66-3;;7732-18-5;water;298.15;101.0;1;0.993666570889;0.00112997246003;2021 wan wan 0
67-66-3;;7732-18-5;water;293.14537;-1.0;1;-1.0;0.00101410173373;1982 tho new 1
67-66-3;;7732-18-5;water;273.15;101.0;1;-1.0;0.00161733926562;1906 rex & 0
67-66-3;;7732-18-5;water;283.144;101.0;1;-1.0;0.00136106440052;1906 rex & 0
67-66-3;;7732-18-5;water;293.138;101.0;1;-1.0;0.00124926994546;1906 rex & 0
67-66-3;;7732-18-5;water;303.134;101.0;1;-1.0;0.00117889577551;1906 rex & 0
67-66-3;;7732-18-5;water;293.138;101.325;1;-1.0;0.00113268657653;1920 sal & 0
67-66-3;;7732-18-5;water;288.141;101.32;1;-1.0;0.00128282175458;1931 gro say 0
67-66-3;;7732-18-5;water;303.134;101.32;1;-1.0;0.00116241621604;1931 gro say 0
67-66-3;;7732-18-5;water;303.134;101.325;1;-1.0;0.00116241621604;1936 van vle 0
67-66-3;;7732-18-5;water;293.6378;101.0;1;-1.0;0.00106274656997;1964 aba pop 0
67-66-3;;7732-18-5;water;293.138;101.32;1;-1.0;0.0017915644083;1966 pec mar 0
67-66-3;;7732-18-5;water;303.134;101.32;1;-1.0;0.00180121296378;1966 pec mar 0
67-66-3;;7732-18-5;water;298.19436;101.325;1;-1.0;0.0012;1969 kru gla 2
67-66-3;;7732-18-5;water;293.14537;101.325;1;-1.0;0.00123600276423;1975 mcc fer 0
67-66-3;;7732-18-5;water;298.14437;101.33;1;-1.0;0.00120795665836;1979 fre chi 0
67-66-3;;7732-18-5;water;298.14437;101.0;1;-1.0;0.00109994684929;1980 ban yal 0
67-66-3;;7732-18-5;water;298.14437;101.0;1;-1.0;0.00130281037349;1980 mas pem 0
67-66-3;;7732-18-5;water;293.14537;101.325;1;-1.0;0.0011205919696;1980 vei mac 0
67-66-3;;7732-18-5;water;293.14537;101.325;1;-1.0;0.00118;1985 tak ish 0
67-66-3;;7732-18-5;water;293.14537;101.325;1;-1.0;0.001419;1985 tak ish 0
67-66-3;;7732-18-5;water;293.14537;101.325;1;-1.0;0.0009604;1985 tak ish 0
67-66-3;;7732-18-5;water;293.14537;101.325;1;-1.0;0.0013;1985 tak ish 0
67-66-3;;7732-18-5;water;298.19436;101.325;1;-1.0;0.00125;1986 lo tse 0
67-66-3;;7732-18-5;water;293.15;101.32;1;-1.0;0.00124303542827;1992 wri san 0
67-66-3;;7732-18-5;water;308.15;101.32;1;-1.0;0.00119988218317;1992 wri san 0
67-66-3;;7732-18-5;water;323.15;101.32;1;-1.0;0.00117871527108;1992 wri san 0
67-66-3;;7732-18-5;water;298.15;101.325;1;-1.0;0.00164093996887;1995 dal & 0
67-66-3;;7732-18-5;water;293.15;101.0;1;-1.0;0.00124149583706;1997 hov doh 0
67-66-3;;7732-18-5;water;283.1;101.0;1;-1.0;0.00125549084215;1999 bre san 0
67-66-3;;7732-18-5;water;293.15;101.0;1;-1.0;0.0011677284454;1999 bre san 0
67-66-3;;7732-18-5;water;298.15;101.0;1;-1.0;0.00111946594808;1999 bre san 0
67-66-3;;7732-18-5;water;303.15;101.0;1;-1.0;0.00113983825959;1999 bre san 0
67-66-3;;7732-18-5;water;313.15;101.0;1;-1.0;0.00112701973858;1999 bre san 0
68-12-2;;108-87-2;;309.5;101.3;1;0.7865;-1.0;2003 ben reh 0
68-12-2;;108-87-2;;313.21;101.3;1;0.7587;-1.0;2003 ben reh 0
68-12-2;;108-87-2;;315.06;101.3;1;0.741;-1.0;2003 ben reh 0
68-12-2;;108-87-2;;317.05;101.3;1;0.7191;-1.0;2003 ben reh 0
68-12-2;;108-87-2;;317.91;101.3;1;0.7074;-1.0;2003 ben reh 0
68-12-2;;108-87-2;;319.98;101.3;1;0.6725;-1.0;2003 ben reh 0
68-12-2;;108-87-2;;321.28;101.3;1;0.6416;-1.0;2003 ben reh 0
68-12-2;;108-87-2;;321.43;101.3;1;0.6332;-1.0;2003 ben reh 0
68-12-2;;108-87-2;;322.18;101.3;1;0.6061;-1.0;2003 ben reh 0
68-12-2;;108-87-2;;322.31;101.3;1;0.596;-1.0;2003 ben reh 0
68-12-2;;108-87-2;;322.5;101.3;1;0.5804;-1.0;2003 ben reh 0
68-12-2;;108-87-2;;322.66;101.3;1;0.5642;-1.0;2003 ben reh 0
68-12-2;;108-87-2;;322.73;101.3;1;0.5503;-1.0;2003 ben reh 0
68-12-2;;108-87-2;;322.84;101.3;1;0.5157;-1.0;2003 ben reh 0
68-12-2;;108-87-2;;322.85;101.3;1;0.4875;-1.0;2003 ben reh 0
68-12-2;;108-87-2;;322.85;101.3;1;0.4849;-1.0;2003 ben reh 0
68-12-2;;108-87-2;;322.81;101.3;1;0.4652;-1.0;2003 ben reh 0
68-12-2;;108-87-2;;322.85;101.3;1;0.4554;-1.0;2003 ben reh 0
68-12-2;;108-87-2;;293.15;101.325;1;0.862;0.082;2003 ben reh 0
68-12-2;;108-87-2;;298.15;101.325;1;0.844;0.1;2003 ben reh 0
68-12-2;;108-87-2;;303.15;101.325;1;0.82;0.117;2003 ben reh 0
68-12-2;;108-87-2;;308.15;101.325;1;0.795;0.146;2003 ben reh 0
68-12-2;;108-87-2;;313.15;101.325;1;0.758;0.184;2003 ben reh 0
68-12-2;;108-87-2;;288.15;101.325;1;0.876;0.068;2003 ben reh 0
68-12-2;;108-87-2;;293.15;101.325;1;0.864;-1.0;2003 ben reh 0
68-12-2;;108-87-2;;295.15;101.325;1;0.855;0.089;2003 ben reh 0
68-12-2;;108-87-2;;298.15;101.325;1;0.846;-1.0;2003 ben reh 0
68-12-2;;108-87-2;;301.15;101.325;1;0.834;0.111;2003 ben reh 0
68-12-2;;108-87-2;;303.15;101.325;1;0.826;-1.0;2003 ben reh 0
68-12-2;;108-87-2;;305.15;101.325;1;0.816;0.125;2003 ben reh 0
68-12-2;;108-87-2;;307.15;101.325;1;0.806;0.141;2003 ben reh 0
68-12-2;;108-87-2;;322.64;101.3;1;-1.0;0.4001;2003 ben reh 0
68-12-2;;108-87-2;;322.45;101.3;1;-1.0;0.3747;2003 ben reh 0
68-12-2;;108-87-2;;321.91;101.3;1;-1.0;0.3398;2003 ben reh 0
68-12-2;;108-87-2;;320.39;101.3;1;-1.0;0.2848;2003 ben reh 0
68-12-2;;108-87-2;;319.29;101.3;1;-1.0;0.2596;2003 ben reh 0
68-12-2;;108-87-2;;316.59;101.3;1;-1.0;0.2146;2003 ben reh 0
68-12-2;;108-87-2;;313.95;101.3;1;-1.0;0.1844;2003 ben reh 0
68-12-2;;108-87-2;;311.64;101.3;1;-1.0;0.164;2003 ben reh 0
68-12-2;;108-87-2;;303.15;101.325;1;0.8239;0.1177;2005 reh von 0
68-12-2;;108-87-2;;298.15;101.325;1;0.845;0.099;2006 ben reh 0
68-12-2;;108-87-2;;303.15;101.325;1;0.823;0.118;2006 ben reh 0
71-41-0;;7732-18-5;water;273.15;-1.0;1;0.7526;-1.0;1952 eri & 1
71-41-0;;7732-18-5;water;283.144;-1.0;1;0.737;-1.0;1952 eri & 1
71-41-0;;7732-18-5;water;293.138;-1.0;1;0.7175;-1.0;1952 eri & 1
71-41-0;;7732-18-5;water;303.134;-1.0;1;0.6988;-1.0;1952 eri & 1
71-41-0;;7732-18-5;water;313.13;-1.0;1;0.6767;-1.0;1952 eri & 1
71-41-0;;7732-18-5;water;323.127;-1.0;1;0.6543;-1.0;1952 eri & 1
71-41-0;;7732-18-5;water;333.124;-1.0;1;0.6317;-1.0;1952 eri & 1
71-41-0;;7732-18-5;water;343.124;-1.0;1;0.6057;-1.0;1952 eri & 1
71-41-0;;7732-18-5;water;353.123;-1.0;1;0.5788;-1.0;1952 eri & 1
71-41-0;;7732-18-5;water;363.123;-1.0;1;0.5497;-1.0;1952 eri & 1
71-41-0;;7732-18-5;water;373.124;-1.0;1;0.5205;-1.0;1952 eri & 1
71-41-0;;7732-18-5;water;383.126;-1.0;1;0.489;-1.0;1952 eri & 1
71-41-0;;7732-18-5;water;393.127;-1.0;1;0.4561;-1.0;1952 eri & 1
71-41-0;;7732-18-5;water;403.13;-1.0;1;0.4217;-1.0;1952 eri & 1
71-41-0;;7732-18-5;water;413.132;-1.0;1;0.3846;-1.0;1952 eri & 1
71-41-0;;7732-18-5;water;423.134;-1.0;1;0.3451;-1.0;1952 eri & 1
71-41-0;;7732-18-5;water;433.138;-1.0;1;0.3029;-1.0;1952 eri & 1
71-41-0;;7732-18-5;water;443.141;-1.0;1;0.2548;-1.0;1952 eri & 1
71-41-0;;7732-18-5;water;453.145;-1.0;1;0.1714;-1.0;1952 eri & 1
71-41-0;;7732-18-5;water;273.15;-1.0;1;-1.0;0.0064;1952 eri & 1
71-41-0;;7732-18-5;water;283.144;-1.0;1;-1.0;0.0055;1952 eri & 1
71-41-0;;7732-18-5;water;293.138;-1.0;1;-1.0;0.0049;1952 eri & 1
71-41-0;;7732-18-5;water;303.134;-1.0;1;-1.0;0.0044;1952 eri & 1
71-41-0;;7732-18-5;water;313.13;-1.0;1;-1.0;0.0039;1952 eri & 1
71-41-0;;7732-18-5;water;323.127;-1.0;1;-1.0;0.0036;1952 eri & 1
71-41-0;;7732-18-5;water;333.124;-1.0;1;-1.0;0.0036;1952 eri & 1
71-41-0;;7732-18-5;water;343.124;-1.0;1;-1.0;0.0038;1952 eri & 1
71-41-0;;7732-18-5;water;353.123;-1.0;1;-1.0;0.0039;1952 eri & 1
71-41-0;;7732-18-5;water;363.123;-1.0;1;-1.0;0.0041;1952 eri & 1
71-41-0;;7732-18-5;water;373.124;-1.0;1;-1.0;0.0047;1952 eri & 1
71-41-0;;7732-18-5;water;383.126;-1.0;1;-1.0;0.0054;1952 eri & 1
71-41-0;;7732-18-5;water;393.127;-1.0;1;-1.0;0.0063;1952 eri & 1
71-41-0;;7732-18-5;water;403.13;-1.0;1;-1.0;0.0075;1952 eri & 1
71-41-0;;7732-18-5;water;413.132;-1.0;1;-1.0;0.0092;1952 eri & 1
71-41-0;;7732-18-5;water;423.134;-1.0;1;-1.0;0.0114;1952 eri & 1
71-41-0;;7732-18-5;water;433.138;-1.0;1;-1.0;0.0149;1952 eri & 1
71-41-0;;7732-18-5;water;443.141;-1.0;1;-1.0;0.0211;1952 eri & 1
71-41-0;;7732-18-5;water;453.145;-1.0;1;-1.0;0.0416;1952 eri & 1
71-41-0;;7732-18-5;water;343.15;-1.0;1;0.6018;-1.0;2002 lee tsa 0
71-41-0;;7732-18-5;water;353.15;-1.0;1;0.5695;-1.0;2002 lee tsa 0
71-41-0;;7732-18-5;water;363.15;-1.0;1;0.5453;-1.0;2002 lee tsa 0
71-41-0;;7732-18-5;water;369.15;-1.0;1;0.5265;-1.0;2002 lee tsa 0
71-41-0;;7732-18-5;water;373.15;-1.0;1;0.5185;-1.0;2002 lee tsa 0
71-41-0;;7732-18-5;water;378.15;-1.0;1;0.5056;-1.0;2002 lee tsa 0
71-41-0;;7732-18-5;water;383.15;-1.0;1;0.4913;-1.0;2002 lee tsa 0
71-41-0;;7732-18-5;water;388.15;-1.0;1;0.4804;-1.0;2002 lee tsa 0
71-41-0;;7732-18-5;water;393.15;-1.0;1;0.4725;-1.0;2002 lee tsa 0
71-41-0;;7732-18-5;water;343.15;-1.0;1;-1.0;0.0041;2002 lee tsa 0
71-41-0;;7732-18-5;water;353.15;-1.0;1;-1.0;0.0042;2002 lee tsa 0
71-41-0;;7732-18-5;water;363.15;-1.0;1;-1.0;0.0047;2002 lee tsa 0
71-41-0;;7732-18-5;water;369.15;-1.0;1;-1.0;0.005;2002 lee tsa 0
71-41-0;;7732-18-5;water;373.15;-1.0;1;-1.0;0.0057;2002 lee tsa 0
71-41-0;;7732-18-5;water;378.15;-1.0;1;-1.0;0.0058;2002 lee tsa 0
71-41-0;;7732-18-5;water;383.15;-1.0;1;-1.0;0.0062;2002 lee tsa 0
71-41-0;;7732-18-5;water;388.15;-1.0;1;-1.0;0.0063;2002 lee tsa 0
71-41-0;;7732-18-5;water;393.15;-1.0;1;-1.0;0.0064;2002 lee tsa 0
71-41-0;;7732-18-5;water;279.1464;101.325;1;0.681;-1.0;1894 ver & 0
71-41-0;;7732-18-5;water;288.141;101.325;1;0.67;-1.0;1894 ver & 0
71-41-0;;7732-18-5;water;298.136;101.325;1;0.656;-1.0;1894 ver & 0
71-41-0;;7732-18-5;water;305.1332;101.325;1;0.648;-1.0;1894 ver & 0
71-41-0;;7732-18-5;water;309.1316;101.325;1;0.643;-1.0;1894 ver & 0
71-41-0;;7732-18-5;water;293.138;101.325;1;0.716538746365;0.0049153698394;1937 gin bau 0
71-41-0;;7732-18-5;water;298.136;101.325;1;0.7171260844;0.00455501768602;1937 gin bau 0
71-41-0;;7732-18-5;water;303.134;101.325;1;0.71157482717;0.0042167678176;1937 gin bau 0
71-41-0;;7732-18-5;water;368.42353;101.325;1;0.481;0.024;1944 jas far 0
71-41-0;;7732-18-5;water;293.138;101.325;1;0.68;0.0031;1948 lad smi 0
71-41-0;;7732-18-5;water;298.136;101.32;1;0.643;-1.0;1952 don bar 0
71-41-0;;7732-18-5;water;298.136;101.325;1;0.72;0.0046;1954 cri hix 0
71-41-0;;7732-18-5;water;298.19436;101.325;1;0.6365;0.0034;1969 kru gla 0
71-41-0;;7732-18-5;water;285.147455;101.325;1;0.643;-1.0;1970 kra gar 0
71-41-0;;7732-18-5;water;313.140055;101.325;1;0.636;-1.0;1970 kra gar 0
71-41-0;;7732-18-5;water;302.143355;101.325;1;0.647801506283;-1.0;1970 zhu zhu 1
71-41-0;;7732-18-5;water;314.639605;101.325;1;0.630397526278;-1.0;1970 zhu zhu 1
71-41-0;;7732-18-5;water;329.135255;101.325;1;0.611309588285;-1.0;1970 zhu zhu 1
71-41-0;;7732-18-5;water;339.13317;101.325;1;0.590794160171;-1.0;1970 zhu zhu 1
71-41-0;;7732-18-5;water;346.631005;101.325;1;0.577647511937;-1.0;1970 zhu zhu 1
71-41-0;;7732-18-5;water;359.627105;101.325;1;0.54850247773;-1.0;1970 zhu zhu 1
71-41-0;;7732-18-5;water;367.12557;101.325;1;-1.0;0.00415344339247;1970 zhu zhu 1
71-41-0;;7732-18-5;water;336.13377;101.325;1;-1.0;0.00331204359433;1970 zhu zhu 1
71-41-0;;7732-18-5;water;313.140055;101.325;1;0.635;0.0044;1976 lav les 0
71-41-0;;7732-18-5;water;333.13437;101.325;1;0.5986;0.0041;1976 lav les 0
71-41-0;;7732-18-5;water;293.14537;101.325;1;0.67;-1.0;1978 cha tik 0
71-41-0;;7732-18-5;water;303.143055;101.325;1;0.6662;0.00342;1979 sin hag 0
71-41-0;;7732-18-5;water;288.146555;101.325;1;0.638;-1.0;1980 tok man 0
71-41-0;;7732-18-5;water;293.14537;101.325;1;0.635;-1.0;1980 tok man 0
71-41-0;;7732-18-5;water;298.14437;101.325;1;0.633;-1.0;1980 tok man 0
71-41-0;;7732-18-5;water;303.143055;101.325;1;0.631;-1.0;1980 tok man 0
71-41-0;;7732-18-5;water;308.141555;101.325;1;0.623;-1.0;1980 tok man 0
71-41-0;;7732-18-5;water;353.129055;101.0;1;0.4838;0.0046;1984 leb kus 0
71-41-0;;7732-18-5;water;333.13437;101.0;1;0.5297;0.0038;1984 leb kus 0
71-41-0;;7732-18-5;water;313.140055;101.0;1;0.5632;0.0035;1984 leb kus 0
71-41-0;;7732-18-5;water;293.14537;101.0;1;0.6291;0.0037;1984 leb kus 0
71-41-0;;7732-18-5;water;283.148055;101.0;1;0.6355;0.0039;1984 leb kus 0
71-41-0;;7732-18-5;water;278.149270073;101.0;1;0.6279;0.0044;1984 leb kus 0
71-41-0;;7732-18-5;water;273.15;101.32;1;0.659615025233;-1.0;1984 ste stu 0
71-41-0;;7732-18-5;water;283.347995;101.32;1;0.654183848836;0.00540448934752;1984 ste stu 0
71-41-0;;7732-18-5;water;293.34533;101.32;1;0.642509040483;0.0046820874599;1984 ste stu 0
71-41-0;;7732-18-5;water;303.742875;101.32;1;0.63382454431;0.00419565626216;1984 ste stu 0
71-41-0;;7732-18-5;water;313.339995;101.32;1;0.620988415391;0.00387939214801;1984 ste stu 0
71-41-0;;7732-18-5;water;323.137055;101.32;1;0.607590133465;0.00379518442716;1984 ste stu 0
71-41-0;;7732-18-5;water;333.43431;101.32;1;0.593025645414;0.00379518442716;1984 ste stu 0
71-41-0;;7732-18-5;water;343.132055;101.32;1;0.575925372999;0.0040479709199;1984 ste stu 0
71-41-0;;7732-18-5;water;353.129055;101.32;1;0.556414878413;0.00413234207657;1984 ste stu 0
71-41-0;;7732-18-5;water;363.82623;101.32;1;0.537015996825;0.00459736055593;1984 ste stu 0
71-41-0;;7732-18-5;water;278.099277372;101.32;1;-1.0;0.00694753235991;1984 ste stu 0
71-41-0;;7732-18-5;water;291.9956;101.3;1;0.651875857572;0.00423788278786;1989 dua loz 0
71-41-0;;7732-18-5;water;298.2;101.325;1;0.6542;0.004;1990 fai sma 0
71-41-0;;7732-18-5;water;293.15;101.3;1;0.652900186152;0.00500030300661;1991 say & 0
71-41-0;;7732-18-5;water;298.15;101.325;1;0.6392;-1.0;1994 tir gue 0
71-41-0;;7732-18-5;water;303.15;101.325;1;0.6296;-1.0;1994 tir gue 0
71-41-0;;7732-18-5;water;308.15;101.325;1;0.6363;-1.0;1994 tir gue 0
71-41-0;;7732-18-5;water;293.15;101.0;1;0.664;-1.0;1995 abr & 0
71-41-0;;7732-18-5;water;303.15;101.325;1;0.6234;0.0037;1997 bar gra 0
71-41-0;;7732-18-5;water;298.15;101.3;1;0.635;0.004;1999 fer gom 0
71-41-0;;7732-18-5;water;323.15;101.3;1;0.616;0.004;1999 fer gom 0
71-41-0;;7732-18-5;water;358.15;101.3;1;0.6;0.0042;1999 fer gom 0
71-41-0;;7732-18-5;water;368.15;101.3;1;0.565;0.0042;1999 fer gom 0
71-41-0;;7732-18-5;water;283.1;101.32;1;0.6609;0.0057;1999 pai che 0
71-41-0;;7732-18-5;water;293.15;101.32;1;0.6561;0.0049;1999 pai che 0
71-41-0;;7732-18-5;water;303.15;101.32;1;0.6485;0.0045;1999 pai che 0
71-41-0;;7732-18-5;water;313.15;101.32;1;0.6409;0.0042;1999 pai che 0
71-41-0;;7732-18-5;water;323.15;101.32;1;0.6245;0.0041;1999 pai che 0
71-41-0;;7732-18-5;water;333.15;101.32;1;0.6091;0.0041;1999 pai che 0
71-41-0;;7732-18-5;water;343.15;101.32;1;0.596;0.0041;1999 pai che 0
71-41-0;;7732-18-5;water;353.15;101.32;1;0.5778;0.0044;1999 pai che 0
71-41-0;;7732-18-5;water;303.15;101.3;1;0.62338193146;0.00369000123208;2000 bar ded 0
71-41-0;;7732-18-5;water;298.15;101.325;1;0.635;0.004;2000 fer gom 0
71-41-0;;7732-18-5;water;323.15;101.325;1;0.616;0.004;2000 fer gom 0
71-41-0;;7732-18-5;water;358.15;101.325;1;0.6;0.0042;2000 fer gom 0
71-41-0;;7732-18-5;water;368.15;101.325;1;0.565;0.0042;2000 fer gom 0
71-41-0;;7732-18-5;water;298.15;101.0;1;0.637;0.005;2006 res goe 2
71-41-0;;7732-18-5;water;308.15;101.0;1;0.652;0.002;2006 res goe 2
71-41-0;;7732-18-5;water;318.15;101.0;1;0.653;0.008;2006 res goe 2
71-41-0;;7732-18-5;water;283.15;101.3;1;0.6526;0.0032;2008 che che 1
71-41-0;;7732-18-5;water;323.15;101.3;1;0.6086;0.0024;2008 che che 1
71-41-0;;7732-18-5;water;298.0;101.3;1;0.641008262218;0.00447037307701;2011 eld & 0
71-41-0;;7732-18-5;water;293.15;101.33;1;0.6562;0.0049;2011 hua che 0
71-41-0;;7732-18-5;water;303.15;101.33;1;0.6484;0.0047;2011 hua che 0
71-41-0;;7732-18-5;water;313.15;101.33;1;0.6408;0.0044;2011 hua che 0
71-41-0;;7732-18-5;water;323.15;101.33;1;0.6245;0.0042;2011 hua che 0
71-41-0;;7732-18-5;water;293.15;100.0;1;0.640010522889;0.00506403905864;2017 sil mat 0
71-41-0;;7732-18-5;water;313.15;100.0;1;0.609678395814;0.00428012297622;2017 sil mat 0
71-41-0;;7732-18-5;water;333.15;100.0;1;0.558468805619;0.00398472834154;2017 sil mat 0
71-41-0;;7732-18-5;water;298.2;101.0;1;0.613415881412;0.00255940840551;2018 gil naj 0
71-41-0;;7732-18-5;water;298.2;101.0;1;0.613415881412;-1.0;2018 gil naj 0
71-41-0;;7732-18-5;water;308.2;101.0;1;0.604131973285;0.00278891786942;2018 gil naj 0
71-41-0;;7732-18-5;water;318.2;101.0;1;0.595268910602;0.00299791551523;2018 gil naj 0
71-41-0;;7732-18-5;water;298.2;101.0;1;0.629179973596;0.00432237683385;2018 guo tan 1
71-41-0;;7732-18-5;water;298.2;101.0;1;0.623141992666;0.00548974025099;2018 jeo cho 0
71-41-0;;7732-18-5;water;308.2;101.0;1;0.614355295811;0.00489414515549;2018 jeo cho 0
71-41-0;;7732-18-5;water;318.2;101.0;1;0.61553241966;0.00493659796563;2018 jeo cho 0
71-41-0;;7732-18-5;water;303.15;101.0;1;0.658;0.005;2018 toi ver 0
71-41-0;;7732-18-5;water;298.15;100.0;1;0.644266301859;0.00506403905864;2019 cav fol 0
71-41-0;;7732-18-5;water;298.15;101.0;1;0.629666593456;0.00369000123208;2020 che wu 0
71-41-0;;7732-18-5;water;298.3;101.0;1;0.644266301859;0.00383728148766;2021 mik kan 0
71-41-0;;7732-18-5;water;298.3;101.0;1;0.646535753539;-1.0;2021 mik kan 0
71-41-0;;7732-18-5;water;322.2;101.0;1;0.660656885281;0.00343790757749;2021 mik kan 0
71-41-0;;7732-18-5;water;303.15;101.0;1;0.656;0.005;2021 tro mis 0
71-41-0;;7732-18-5;water;313.15;101.0;1;0.638;0.004;2021 tro mis 0
71-41-0;;7732-18-5;water;323.15;101.0;1;0.62;0.004;2021 tro mis 0
71-41-0;;7732-18-5;water;293.15;101.0;1;0.663;0.005;2021 tro mis 0
71-41-0;;7732-18-5;water;303.2;101.3;1;0.656245260904;0.00400580579416;2021 yan fan 0
71-41-0;;7732-18-5;water;293.15;101.3;1;0.647548072062;0.00472447150729;2021 yan li 0
71-41-0;;7732-18-5;water;303.15;101.3;1;0.642008223921;0.00432237683385;2021 yan li 0
71-41-0;;7732-18-5;water;313.15;101.3;1;0.628451044636;0.00413234207657;2021 yan li 0
71-41-0;;7732-18-5;water;323.15;101.3;1;0.617659277961;0.00392151641481;2021 yan li 0
71-41-0;;7732-18-5;water;273.35;-1.0;1;-1.0;0.0090066551251;2005 vrb fen 0
71-41-0;;7732-18-5;water;283.15;-1.0;1;-1.0;0.00686912829318;2005 vrb fen 0
71-41-0;;7732-18-5;water;293.15;-1.0;1;-1.0;0.00577094631208;2005 vrb fen 0
71-41-0;;7732-18-5;water;303.15;-1.0;1;-1.0;0.00520552950036;2005 vrb fen 0
71-41-0;;7732-18-5;water;313.15;-1.0;1;-1.0;0.00476307675459;2005 vrb fen 0
71-41-0;;7732-18-5;water;323.15;-1.0;1;-1.0;0.00456881375193;2005 vrb fen 0
71-41-0;;7732-18-5;water;333.15;-1.0;1;-1.0;0.00476307675459;2005 vrb fen 0
71-41-0;;7732-18-5;water;343.15;-1.0;1;-1.0;0.00512618904095;2005 vrb fen 0
71-41-0;;7732-18-5;water;353.15;-1.0;1;-1.0;0.00520552950036;2005 vrb fen 0
71-41-0;;7732-18-5;water;363.15;-1.0;1;-1.0;0.00587159279382;2005 vrb fen 0
71-41-0;;7732-18-5;water;371.15;-1.0;1;-1.0;0.00631172638246;2005 vrb fen 0
71-41-0;;7732-18-5;water;298.136;101.0;1;-1.0;0.00459312565169;1933 but tho 0
71-41-0;;7732-18-5;water;293.138;101.325;1;-1.0;0.0046;1945 add & 0
71-41-0;;7732-18-5;water;298.136;98.0;1;-1.0;0.00529800359902;1949 han fu 0
71-41-0;;7732-18-5;water;293.138;101.0;1;-1.0;0.00415344339247;1954 hyd lan 0
71-41-0;;7732-18-5;water;298.136;101.325;1;-1.0;0.0046;1958 kin ish 0
71-41-0;;7732-18-5;water;303.134;101.325;1;-1.0;0.00415;1965 rat dod 0
71-41-0;;7732-18-5;water;288.146555;101.33;1;-1.0;0.00477430099084;1973 voc pet 1
71-41-0;;7732-18-5;water;298.14437;101.325;1;-1.0;0.00496228607578;1978 ryt hus 0
71-41-0;;7732-18-5;water;298.14437;101.0;1;-1.0;0.005371781079;1980 mas pem 0
71-41-0;;7732-18-5;water;298.14437;101.3;1;-1.0;0.00242594387944;1982 tew mil 0
71-41-0;;7732-18-5;water;298.15;101.325;1;-1.0;0.00534334200067;1992 dal car 0
71-41-0;;7732-18-5;water;298.15;101.325;1;-1.0;0.00534334200067;1995 dal & 0
71-41-0;;7732-18-5;water;298.15;101.325;1;-1.0;0.00438578326473;1999 gom rui 1
71-41-0;;7732-18-5;water;298.2;101.0;1;-1.0;0.00639154595269;2000 toc uch 0
71-41-0;;7732-18-5;water;333.2;101.0;1;-1.0;0.0056106255395;2000 toc uch 0
71-41-0;;7732-18-5;water;343.2;101.0;1;-1.0;0.00612059744878;2000 toc uch 0
71-41-0;;7732-18-5;water;298.15;500.0;1;-1.0;0.004;2010 ghi coq 0
71-41-0;;7732-18-5;water;323.15;500.0;1;-1.0;0.0036;2010 ghi coq 0
71-41-0;;7732-18-5;water;293.15;101.0;1;-1.0;0.0045126885286;2012 shc kop 0
71-43-2;;7732-18-5;water;313.140055;-1.0;1;0.99499;-1.0;1983 tso wil 0
71-43-2;;7732-18-5;water;373.12437;-1.0;1;0.9792;-1.0;1983 tso wil 0
71-43-2;;7732-18-5;water;423.11437;-1.0;1;0.9287;-1.0;1983 tso wil 0
71-43-2;;7732-18-5;water;473.11;-1.0;1;0.815;-1.0;1983 tso wil 0
71-43-2;;7732-18-5;water;313.140055;-1.0;1;0.99529;-1.0;1983 tso wil 0
71-43-2;;7732-18-5;water;373.12437;-1.0;1;0.9819;-1.0;1983 tso wil 0
71-43-2;;7732-18-5;water;313.140055;-1.0;1;-1.0;0.0004435;1983 tso wil 0
71-43-2;;7732-18-5;water;373.12437;-1.0;1;-1.0;0.000949;1983 tso wil 0
71-43-2;;7732-18-5;water;423.11437;-1.0;1;-1.0;0.00242;1983 tso wil 0
71-43-2;;7732-18-5;water;473.11;-1.0;1;-1.0;0.0054;1983 tso wil 0
71-43-2;;7732-18-5;water;298.136;101.0;1;-1.0;0.000165695656061;1898 her & 0
71-43-2;;7732-18-5;water;296.1368;101.0;1;0.997360379103;-1.0;1911 gro & 0
71-43-2;;7732-18-5;water;313.13;101.0;1;0.995075627137;-1.0;1911 gro & 0
71-43-2;;7732-18-5;water;328.1255;101.0;1;0.992070336901;-1.0;1911 gro & 0
71-43-2;;7732-18-5;water;339.124;101.0;1;0.98903633134;-1.0;1911 gro & 0
71-43-2;;7732-18-5;water;350.1233;101.0;1;0.985549955041;-1.0;1911 gro & 0
71-43-2;;7732-18-5;water;294.1376;101.0;1;0.998008471656;-1.0;1921 cli & 1
71-43-2;;7732-18-5;water;299.73536;101.0;1;0.997576338019;-1.0;1921 cli & 1
71-43-2;;7732-18-5;water;315.1294;101.0;1;0.996199752969;-1.0;1921 cli & 1
71-43-2;;7732-18-5;water;328.1255;101.0;1;0.995122964723;-1.0;1921 cli & 1
71-43-2;;7732-18-5;water;278.54676;101.0;1;0.998527412176;-1.0;1923 hil & 0
71-43-2;;7732-18-5;water;288.141;101.0;1;0.997662741722;-1.0;1923 hil & 0
71-43-2;;7732-18-5;water;288.141;101.0;1;0.997662741722;-1.0;1923 hil & 0
71-43-2;;7732-18-5;water;298.136;101.0;1;0.99679922226;-1.0;1923 hil & 0
71-43-2;;7732-18-5;water;298.136;101.0;1;0.996885522477;-1.0;1923 hil & 0
71-43-2;;7732-18-5;water;310.631;101.0;1;0.994903519633;-1.0;1923 hil & 0
71-43-2;;7732-18-5;water;310.631;101.0;1;0.995118661163;-1.0;1923 hil & 0
71-43-2;;7732-18-5;water;323.127;101.0;1;0.993485376561;-1.0;1923 hil & 0
71-43-2;;7732-18-5;water;323.127;101.0;1;0.993099149307;-1.0;1923 hil & 0
71-43-2;;7732-18-5;water;330.62475;101.0;1;0.992156008725;-1.0;1923 hil & 0
71-43-2;;7732-18-5;water;330.62475;101.0;1;0.991899027337;-1.0;1923 hil & 0
71-43-2;;7732-18-5;water;338.124;101.0;1;0.9901884273;-1.0;1923 hil & 0
71-43-2;;7732-18-5;water;338.124;101.0;1;0.989761485004;-1.0;1923 hil & 0
71-43-2;;7732-18-5;water;338.124;101.0;1;0.990359283388;-1.0;1923 hil & 0
71-43-2;;7732-18-5;water;342.624;101.0;1;0.988610151212;-1.0;1923 hil & 0
71-43-2;;7732-18-5;water;283.144;101.325;1;0.997793492266;0.000403430004414;1929 usp & 0
71-43-2;;7732-18-5;water;295.1372;101.325;1;0.997137748721;0.000429929721074;1929 usp & 0
71-43-2;;7732-18-5;water;283.144;101.325;1;0.99805;-1.0;1930 ros wal 0
71-43-2;;7732-18-5;water;293.138;101.325;1;0.99752;-1.0;1930 ros wal 0
71-43-2;;7732-18-5;water;303.134;101.325;1;0.99678;-1.0;1930 ros wal 0
71-43-2;;7732-18-5;water;313.13;101.325;1;0.99588;-1.0;1930 ros wal 0
71-43-2;;7732-18-5;water;323.127;101.325;1;0.99452;-1.0;1930 ros wal 0
71-43-2;;7732-18-5;water;333.124;101.325;1;0.99295;-1.0;1930 ros wal 0
71-43-2;;7732-18-5;water;282.6443;101.325;1;0.9985;-1.0;1932 tar pol 1
71-43-2;;7732-18-5;water;287.6413;101.325;1;0.9982;-1.0;1932 tar pol 1
71-43-2;;7732-18-5;water;295.637;101.325;1;0.9974;-1.0;1932 tar pol 1
71-43-2;;7732-18-5;water;305.1332;101.325;1;0.9965;-1.0;1932 tar pol 1
71-43-2;;7732-18-5;water;313.13;101.325;1;0.9956;-1.0;1932 tar pol 1
71-43-2;;7732-18-5;water;329.1252;101.325;1;0.9922;-1.0;1932 tar pol 1
71-43-2;;7732-18-5;water;340.624;101.325;1;0.9892;-1.0;1932 tar pol 1
71-43-2;;7732-18-5;water;346.1237;101.325;1;0.9871;-1.0;1932 tar pol 1
71-43-2;;7732-18-5;water;278.54676;101.325;1;0.9985;-1.0;1933 rob & 5
71-43-2;;7732-18-5;water;293.138;101.325;1;0.9974;0.0002;1938 nii & 1
71-43-2;;7732-18-5;water;283.144;101.325;1;0.9983;-1.0;1941 ber & 1
71-43-2;;7732-18-5;water;293.138;101.325;1;0.9977;-1.0;1941 ber & 1
71-43-2;;7732-18-5;water;303.134;101.325;1;0.9971;-1.0;1941 ber & 1
71-43-2;;7732-18-5;water;313.13;101.325;1;0.9964;-1.0;1941 ber & 1
71-43-2;;7732-18-5;water;323.127;101.325;1;0.9951;-1.0;1941 ber & 1
71-43-2;;7732-18-5;water;288.141;101.0;1;0.995678363919;0.000230802045371;1943 bri com 0
71-43-2;;7732-18-5;water;303.134;101.0;1;0.995678363919;0.000230802045371;1943 bri com 0
71-43-2;;7732-18-5;water;318.1285;101.0;1;0.995678363919;0.000230802045371;1943 bri com 0
71-43-2;;7732-18-5;water;297.83612;101.325;1;0.99704;-1.0;1943 sta jef 0
71-43-2;;7732-18-5;water;314.52958;101.325;1;0.99477;-1.0;1943 sta jef 0
71-43-2;;7732-18-5;water;317.1288;101.325;1;0.99412;-1.0;1943 sta jef 0
71-43-2;;7732-18-5;water;323.52688;101.325;1;0.99303;-1.0;1943 sta jef 0
71-43-2;;7732-18-5;water;331.32454;101.325;1;0.99109;-1.0;1943 sta jef 0
71-43-2;;7732-18-5;water;331.62445;101.325;1;0.99059;-1.0;1943 sta jef 0
71-43-2;;7732-18-5;water;344.1239;101.325;1;0.98726;-1.0;1943 sta jef 0
71-43-2;;7732-18-5;water;283.09403;101.33;1;0.998696700805;-1.0;1948 bla jor 0
71-43-2;;7732-18-5;water;293.138;101.33;1;0.998157401437;-1.0;1948 bla jor 0
71-43-2;;7732-18-5;water;293.138;101.33;1;0.998071725426;-1.0;1948 bla jor 0
71-43-2;;7732-18-5;water;299.1356;101.33;1;0.998757545613;-1.0;1948 bla jor 0
71-43-2;;7732-18-5;water;298.136;101.0;1;0.997403565134;0.000415699742042;1950 gri che 0
71-43-2;;7732-18-5;water;323.127;101.0;1;0.993657107201;0.000508234088551;1950 gri che 0
71-43-2;;7732-18-5;water;295.83692;101.325;1;0.997394;-1.0;1951 sta joh 0
71-43-2;;7732-18-5;water;303.6338;101.325;1;0.996326;-1.0;1951 sta joh 0
71-43-2;;7732-18-5;water;306.1328;101.325;1;0.996216;-1.0;1951 sta joh 0
71-43-2;;7732-18-5;water;313.72982;101.325;1;0.994959;-1.0;1951 sta joh 0
71-43-2;;7732-18-5;water;315.02943;101.325;1;0.994847;-1.0;1951 sta joh 0
71-43-2;;7732-18-5;water;319.02823;101.325;1;0.993936;-1.0;1951 sta joh 0
71-43-2;;7732-18-5;water;325.02643;101.325;1;0.993098;-1.0;1951 sta joh 0
71-43-2;;7732-18-5;water;325.32634;101.325;1;0.992922;-1.0;1951 sta joh 0
71-43-2;;7732-18-5;water;326.32604;101.325;1;0.992789;-1.0;1951 sta joh 0
71-43-2;;7732-18-5;water;327.82559;101.325;1;0.992479;-1.0;1951 sta joh 0
71-43-2;;7732-18-5;water;334.024;101.325;1;0.990706;-1.0;1951 sta joh 0
71-43-2;;7732-18-5;water;338.424;101.325;1;0.9895;-1.0;1951 sta joh 0
71-43-2;;7732-18-5;water;340.324;101.325;1;0.98879;-1.0;1951 sta joh 0
71-43-2;;7732-18-5;water;346.32368;101.325;1;0.98698;-1.0;1951 sta joh 0
71-43-2;;7732-18-5;water;298.136;101.32;1;0.9969;0.00042;1952 don bar 0
71-43-2;;7732-18-5;water;298.136;101.0;1;0.997264783697;-1.0;1957 win joh 0
71-43-2;;7732-18-5;water;282.424432;101.325;1;0.998217;-1.0;1958 pav & 0
71-43-2;;7732-18-5;water;293.138;101.325;1;0.997408;-1.0;1958 pav & 0
71-43-2;;7732-18-5;water;293.138;101.325;1;0.997371;-1.0;1958 pav & 0
71-43-2;;7732-18-5;water;303.303932;101.325;1;0.996403;-1.0;1958 pav & 0
71-43-2;;7732-18-5;water;313.279955;101.325;1;0.995155;-1.0;1958 pav & 0
71-43-2;;7732-18-5;water;323.097009;101.325;1;0.993433;-1.0;1958 pav & 0
71-43-2;;7732-18-5;water;333.02403;101.325;1;0.991343;-1.0;1958 pav & 0
71-43-2;;7732-18-5;water;338.124;101.325;1;0.99027;-1.0;1958 pav & 0
71-43-2;;7732-18-5;water;293.138;101.325;1;0.9978;-1.0;1960 cad dav 0
71-43-2;;7732-18-5;water;293.138;101.0;1;0.99783558366;0.000184613207047;1960 tet nog 1
71-43-2;;7732-18-5;water;298.136;101.325;1;0.997187565138;-1.0;1963 jon mon 0
71-43-2;;7732-18-5;water;303.134;101.325;1;0.99677907563;-1.0;1963 jon mon 0
71-43-2;;7732-18-5;water;308.132;101.325;1;0.996268437883;-1.0;1963 jon mon 0
71-43-2;;7732-18-5;water;293.138;101.0;1;0.997697306426;-1.0;1963 sch & 2
71-43-2;;7732-18-5;water;273.15;101.32;1;0.998272214567;-1.0;1965 eng pla 0
71-43-2;;7732-18-5;water;283.144;101.32;1;0.998068993339;-1.0;1965 eng pla 0
71-43-2;;7732-18-5;water;293.138;101.32;1;0.997481307237;-1.0;1965 eng pla 0
71-43-2;;7732-18-5;water;303.134;101.32;1;0.996760390911;-1.0;1965 eng pla 0
71-43-2;;7732-18-5;water;313.13;101.32;1;0.995902380525;-1.0;1965 eng pla 0
71-43-2;;7732-18-5;water;323.127;101.32;1;0.994916426108;-1.0;1965 eng pla 0
71-43-2;;7732-18-5;water;298.136;101.325;1;0.99691;-1.0;1966 mas gen 0
71-43-2;;7732-18-5;water;282.584336;101.0;1;0.998084124642;-1.0;1966 mou thu 0
71-43-2;;7732-18-5;water;288.121012;101.0;1;0.997705083738;-1.0;1966 mou thu 0
71-43-2;;7732-18-5;water;293.23796;101.0;1;0.997234292347;-1.0;1966 mou thu 0
71-43-2;;7732-18-5;water;297.676184;101.0;1;0.996859631206;-1.0;1966 mou thu 0
71-43-2;;7732-18-5;water;302.654192;101.0;1;0.996333399525;-1.0;1966 mou thu 0
71-43-2;;7732-18-5;water;308.012048;101.0;1;0.995604713844;-1.0;1966 mou thu 0
71-43-2;;7732-18-5;water;313.189982;101.0;1;0.994912984356;-1.0;1966 mou thu 0
71-43-2;;7732-18-5;water;316.908866;101.0;1;0.994242621998;-1.0;1966 mou thu 0
71-43-2;;7732-18-5;water;322.577165;101.0;1;0.993225291503;-1.0;1966 mou thu 0
71-43-2;;7732-18-5;water;303.134;101.0;1;0.996971834184;0.000461959784958;1966 pli tre 2
71-43-2;;7732-18-5;water;308.132;101.325;1;0.99581;-1.0;1967 gre chr 0
71-43-2;;7732-18-5;water;358.9773;170.0;1;0.986;-1.0;1968 bur bra 0
71-43-2;;7732-18-5;water;384.972;340.0;1;0.973;-1.0;1968 bur bra 0
71-43-2;;7732-18-5;water;412.9664;690.0;1;0.955;-1.0;1968 bur bra 0
71-43-2;;7732-18-5;water;303.143055;101.0;1;0.997714589468;-1.0;1970 ben nau 1
71-43-2;;7732-18-5;water;288.116564;101.32;1;0.997692985737;-1.0;1973 kar & 0
71-43-2;;7732-18-5;water;291.085782;101.32;1;0.99744113932;-1.0;1973 kar & 0
71-43-2;;7732-18-5;water;293.19536;101.32;1;0.997267970656;-1.0;1973 kar & 0
71-43-2;;7732-18-5;water;296.09478;101.32;1;0.99702923783;-1.0;1973 kar & 0
71-43-2;;7732-18-5;water;298.04439;101.32;1;0.996864809378;-1.0;1973 kar & 0
71-43-2;;7732-18-5;water;301.113664;101.32;1;0.996526589065;-1.0;1973 kar & 0
71-43-2;;7732-18-5;water;303.09307;101.32;1;0.996309686028;-1.0;1973 kar & 0
71-43-2;;7732-18-5;water;305.102467;101.32;1;0.996041137347;-1.0;1973 kar & 0
71-43-2;;7732-18-5;water;308.201537;101.32;1;0.995587917632;-1.0;1973 kar & 0
71-43-2;;7732-18-5;water;298.14437;101.0;1;0.9970106782;0.000405293197011;1973 pol lu 0
71-43-2;;7732-18-5;water;283.148055;101.325;1;0.99809;-1.0;1974 gol & 0
71-43-2;;7732-18-5;water;288.146555;101.325;1;0.99774;-1.0;1974 gol & 0
71-43-2;;7732-18-5;water;293.14537;101.325;1;0.99733;-1.0;1974 gol & 0
71-43-2;;7732-18-5;water;298.14437;101.325;1;0.99686;-1.0;1974 gol & 0
71-43-2;;7732-18-5;water;303.143055;101.325;1;0.99645;-1.0;1974 gol & 0
71-43-2;;7732-18-5;water;308.141555;101.325;1;0.99577;-1.0;1974 gol & 0
71-43-2;;7732-18-5;water;313.140055;101.325;1;0.99524;-1.0;1974 gol & 0
71-43-2;;7732-18-5;water;293.14537;101.325;1;0.9976;0.0004;1976 bud les 10
71-43-2;;7732-18-5;water;293.14537;101.325;1;0.9974;0.0004;1976 bud les 11
71-43-2;;7732-18-5;water;303.143055;101.0;1;0.995678363919;-1.0;1976 tar pur 0
71-43-2;;7732-18-5;water;303.143055;101.325;1;0.9965;-1.0;1978 sin sah 0
71-43-2;;7732-18-5;water;293.14537;101.325;1;0.99746;0.0004133;1979 bit ged 0
71-43-2;;7732-18-5;water;313.140055;101.325;1;0.99692;0.0004676;1979 bit ged 0
71-43-2;;7732-18-5;water;333.13437;101.325;1;0.99628;0.0005641;1979 bit ged 0
71-43-2;;7732-18-5;water;297.9944;101.3;1;0.99783558366;0.000415699742042;1979 coc dia 0
71-43-2;;7732-18-5;water;374.12417;287.0;1;0.97865;0.00102;1986 and pra 0
71-43-2;;7732-18-5;water;397.91941;577.0;1;0.96342;0.0014;1986 and pra 0
71-43-2;;7732-18-5;water;323.137055;101.0;1;0.993528304946;0.000531376590162;1989 ple kuz 0
71-43-2;;7732-18-5;water;333.13437;101.0;1;0.991813389591;0.000577672297136;1989 ple kuz 0
71-43-2;;7732-18-5;water;293.14537;101.0;1;0.997403565134;0.000415699742042;1989 ple kuz 0
71-43-2;;7732-18-5;water;303.143055;101.0;1;0.996540390522;0.000438827981327;1989 ple kuz 0
71-43-2;;7732-18-5;water;313.140055;101.0;1;0.994817483037;0.000485095153758;1989 ple kuz 0
71-43-2;;7732-18-5;water;293.14537;101.0;1;0.99783558366;-1.0;1989 ple kuz 0
71-43-2;;7732-18-5;water;333.13437;101.0;1;0.991385371144;-1.0;1989 ple kuz 0
71-43-2;;7732-18-5;water;303.143055;101.0;1;0.996109233863;0.00430442593095;1989 raj ren 1
71-43-2;;7732-18-5;water;293.15;101.3;1;0.995729344747;0.000401719074148;1992 coo kha 0
71-43-2;;7732-18-5;water;308.15;101.3;1;0.993727443908;-1.0;1992 coo kha 0
71-43-2;;7732-18-5;water;323.15;101.3;1;0.992021039876;0.000408274348729;1992 coo kha 0
71-43-2;;7732-18-5;water;303.15;101.3;1;-1.0;0.00039150414088;1992 coo kha 0
71-43-2;;7732-18-5;water;313.15;101.3;1;-1.0;0.000396939066188;1992 coo kha 0
71-43-2;;7732-18-5;water;303.15;100.0;1;0.99616;0.000424;1994 che wag 0
71-43-2;;7732-18-5;water;313.15;100.0;1;0.99526;0.000464;1994 che wag 0
71-43-2;;7732-18-5;water;323.15;100.0;1;0.99277;0.00051;1994 che wag 0
71-43-2;;7732-18-5;water;333.15;150.0;1;0.9905;0.000565;1994 che wag 0
71-43-2;;7732-18-5;water;343.15;250.0;1;0.9878;0.000625;1994 che wag 0
71-43-2;;7732-18-5;water;353.15;250.0;1;0.9846;0.000699;1994 che wag 0
71-43-2;;7732-18-5;water;363.15;350.0;1;0.9793;0.0008;1994 che wag 0
71-43-2;;7732-18-5;water;373.15;350.0;1;0.9735;0.00095;1994 che wag 0
71-43-2;;7732-18-5;water;293.15;101.0;1;0.998;-1.0;1995 abr & 0
71-43-2;;7732-18-5;water;303.15;101.325;1;0.998267890049;0.000461959784958;2001 gra bon 0
71-43-2;;7732-18-5;water;300.15;101.0;1;0.996781963595;0.000418012405598;2002 yan dua 0
71-43-2;;7732-18-5;water;279.15;5.8;1;0.99832;0.000406;2003 jou mat 1
71-43-2;;7732-18-5;water;288.15;9.5;1;0.99777;0.000408;2003 jou mat 1
71-43-2;;7732-18-5;water;288.15;9.5;1;0.99766;-1.0;2003 jou mat 1
71-43-2;;7732-18-5;water;298.15;16.0;1;0.9968;0.000406;2003 jou mat 1
71-43-2;;7732-18-5;water;298.15;16.0;1;0.9968;-1.0;2003 jou mat 1
71-43-2;;7732-18-5;water;313.15;32.0;1;0.99508;0.000441;2003 jou mat 1
71-43-2;;7732-18-5;water;333.15;70.0;1;0.99099;0.000531;2003 jou mat 1
71-43-2;;7732-18-5;water;343.15;104.0;1;0.9887;0.00061;2003 jou mat 1
71-43-2;;7732-18-5;water;353.15;146.0;1;0.9843;0.000673;2003 jou mat 1
71-43-2;;7732-18-5;water;363.15;205.0;1;0.9796;0.000759;2003 jou mat 1
71-43-2;;7732-18-5;water;373.15;280.0;1;0.9742;0.000879;2003 jou mat 1
71-43-2;;7732-18-5;water;398.15;565.0;1;0.9539;0.00132;2003 jou mat 1
71-43-2;;7732-18-5;water;413.15;830.0;1;0.937;0.00179;2003 jou mat 1
71-43-2;;7732-18-5;water;299.0;204.0;1;0.9968;-1.0;2008 nee wag 0
71-43-2;;7732-18-5;water;324.3;139.0;1;0.9936;0.000468;2008 nee wag 0
71-43-2;;7732-18-5;water;350.2;271.0;1;0.9874;0.000661;2008 nee wag 0
71-43-2;;7732-18-5;water;376.2;443.0;1;0.9783;0.001;2008 nee wag 0
71-43-2;;7732-18-5;water;400.3;638.0;1;0.9617;0.00152;2008 nee wag 0
71-43-2;;7732-18-5;water;299.1;194.0;1;-1.0;0.000413;2008 nee wag 0
71-43-2;;7732-18-5;water;426.1352;-1.0;1;-1.0;0.00295018264405;1963 gus par 4
71-43-2;;7732-18-5;water;451.1442;-1.0;1;-1.0;0.00439246725818;1963 gus par 4
71-43-2;;7732-18-5;water;477.1546;-1.0;1;-1.0;0.00664822743609;1963 gus par 4
71-43-2;;7732-18-5;water;498.1625;-1.0;1;-1.0;0.00866493021221;1963 gus par 4
71-43-2;;7732-18-5;water;514.1683;-1.0;1;-1.0;0.0102059839921;1963 gus par 4
71-43-2;;7732-18-5;water;527.1722;-1.0;1;-1.0;0.011564282222;1963 gus par 4
71-43-2;;7732-18-5;water;293.14537;-1.0;1;-1.0;0.00040252695284;1982 tho new 1
71-43-2;;7732-18-5;water;273.15;101.325;1;-1.0;0.000353;1922 hil & 1
71-43-2;;7732-18-5;water;373.17401;101.325;1;-1.0;0.0004;1923 jae & 0
71-43-2;;7732-18-5;water;423.18402;101.325;1;-1.0;0.0013;1923 jae & 0
71-43-2;;7732-18-5;water;473.20302;101.325;1;-1.0;0.0049;1923 jae & 0
71-43-2;;7732-18-5;water;523.221015;101.325;1;-1.0;0.0183;1923 jae & 0
71-43-2;;7732-18-5;water;558.23101;101.325;1;-1.0;0.0263;1923 jae & 0
71-43-2;;7732-18-5;water;573.234005;101.325;1;-1.0;0.0359;1923 jae & 0
71-43-2;;7732-18-5;water;298.18598;101.325;1;-1.0;0.000142;1924 mil & 1
71-43-2;;7732-18-5;water;303.134;101.32;1;-1.0;0.000426773286798;1931 gro say 0
71-43-2;;7732-18-5;water;293.138;101.0;1;-1.0;0.000438827981327;1935 doo & 0
71-43-2;;7732-18-5;water;303.134;101.325;1;-1.0;0.000425;1938 say stu 0
71-43-2;;7732-18-5;water;308.132;101.325;1;-1.0;0.000438;1938 say stu 0
71-43-2;;7732-18-5;water;298.18598;101.325;1;-1.0;0.0002;1947 ste opp 0
71-43-2;;7732-18-5;water;289.19037;101.325;1;-1.0;0.000335;1948 dur & 1
71-43-2;;7732-18-5;water;298.136;101.325;1;-1.0;0.000402;1949 and kee 0
71-43-2;;7732-18-5;water;298.18598;101.325;1;-1.0;0.00022;1949 boo eve 0
71-43-2;;7732-18-5;water;333.174;101.325;1;-1.0;0.00039;1949 boo eve 0
71-43-2;;7732-18-5;water;275.1488;101.325;1;-1.0;0.000431;1950 kle & 1
71-43-2;;7732-18-5;water;298.18598;101.325;1;-1.0;0.000348;1951 mcb lis 0
71-43-2;;7732-18-5;water;298.18598;101.325;1;-1.0;0.0004091;1952 mcd lon 0
71-43-2;;7732-18-5;water;298.136;101.325;1;-1.0;0.000396;1952 mor bil 0
71-43-2;;7732-18-5;water;293.138;101.325;1;-1.0;0.000316;1956 hay sas 0
71-43-2;;7732-18-5;water;298.136;101.325;1;-1.0;0.000416;1956 hay sas 0
71-43-2;;7732-18-5;water;278.74664;101.325;1;-1.0;0.000402;1958 arn pla 0
71-43-2;;7732-18-5;water;279.84598;101.325;1;-1.0;0.000402;1958 arn pla 0
71-43-2;;7732-18-5;water;282.1446;101.325;1;-1.0;0.000399;1958 arn pla 0
71-43-2;;7732-18-5;water;285.6425;101.325;1;-1.0;0.000397;1958 arn pla 0
71-43-2;;7732-18-5;water;288.141;101.325;1;-1.0;0.000399;1958 arn pla 0
71-43-2;;7732-18-5;water;293.138;101.325;1;-1.0;0.000395;1958 arn pla 0
71-43-2;;7732-18-5;water;293.73776;101.325;1;-1.0;0.000397;1958 arn pla 0
71-43-2;;7732-18-5;water;297.93608;101.325;1;-1.0;0.000395;1958 arn pla 0
71-43-2;;7732-18-5;water;298.03604;101.325;1;-1.0;0.000402;1958 arn pla 0
71-43-2;;7732-18-5;water;300.43508;101.325;1;-1.0;0.000402;1958 arn pla 0
71-43-2;;7732-18-5;water;303.134;101.325;1;-1.0;0.000409;1958 arn pla 0
71-43-2;;7732-18-5;water;303.134;101.325;1;-1.0;0.000406;1958 arn pla 0
71-43-2;;7732-18-5;water;308.132;101.325;1;-1.0;0.00042;1958 arn pla 0
71-43-2;;7732-18-5;water;313.03004;101.325;1;-1.0;0.000434;1958 arn pla 0
71-43-2;;7732-18-5;water;318.1285;101.325;1;-1.0;0.000455;1958 arn pla 0
71-43-2;;7732-18-5;water;318.1285;101.325;1;-1.0;0.000453;1958 arn pla 0
71-43-2;;7732-18-5;water;322.92706;101.325;1;-1.0;0.000471;1958 arn pla 0
71-43-2;;7732-18-5;water;327.62565;101.325;1;-1.0;0.000497;1958 arn pla 0
71-43-2;;7732-18-5;water;332.92406;101.325;1;-1.0;0.000522;1958 arn pla 0
71-43-2;;7732-18-5;water;337.924;101.325;1;-1.0;0.000557;1958 arn pla 0
71-43-2;;7732-18-5;water;342.124;101.325;1;-1.0;0.000567;1958 arn pla 0
71-43-2;;7732-18-5;water;298.136;101.325;1;-1.0;0.000406;1958 bra huf 0
71-43-2;;7732-18-5;water;273.94952;101.325;1;-1.0;0.000425;1959 ale & 2
71-43-2;;7732-18-5;water;282.54436;101.325;1;-1.0;0.000413;1959 ale & 2
71-43-2;;7732-18-5;water;289.93992;101.325;1;-1.0;0.000409;1959 ale & 2
71-43-2;;7732-18-5;water;297.1364;101.325;1;-1.0;0.000416;1959 ale & 2
71-43-2;;7732-18-5;water;304.1336;101.325;1;-1.0;0.000423;1959 ale & 2
71-43-2;;7732-18-5;water;311.1308;101.325;1;-1.0;0.00045;1959 ale & 2
71-43-2;;7732-18-5;water;317.82859;101.325;1;-1.0;0.000469;1959 ale & 2
71-43-2;;7732-18-5;water;324.62655;101.325;1;-1.0;0.000494;1959 ale & 2
71-43-2;;7732-18-5;water;331.92436;101.325;1;-1.0;0.00054;1959 ale & 2
71-43-2;;7732-18-5;water;338.524;101.325;1;-1.0;0.000594;1959 ale & 2
71-43-2;;7732-18-5;water;290.18977;101.325;1;-1.0;0.000395;1963 fra gen 0
71-43-2;;7732-18-5;water;295.18718;101.325;1;-1.0;0.000397;1963 fra gen 0
71-43-2;;7732-18-5;water;299.18558;101.325;1;-1.0;0.000399;1963 fra gen 0
71-43-2;;7732-18-5;water;302.18438;101.325;1;-1.0;0.000402;1963 fra gen 0
71-43-2;;7732-18-5;water;305.18318;101.325;1;-1.0;0.000412;1963 fra gen 0
71-43-2;;7732-18-5;water;308.18198;101.325;1;-1.0;0.00042;1963 fra gen 0
71-43-2;;7732-18-5;water;313.679835;101.325;1;-1.0;0.000439;1963 fra gen 0
71-43-2;;7732-18-5;water;315.179385;101.325;1;-1.0;0.00044;1963 fra gen 0
71-43-2;;7732-18-5;water;317.178785;101.325;1;-1.0;0.000445;1963 fra gen 0
71-43-2;;7732-18-5;water;319.178185;101.325;1;-1.0;0.000457;1963 fra gen 0
71-43-2;;7732-18-5;water;324.176685;101.325;1;-1.0;0.000478;1963 fra gen 0
71-43-2;;7732-18-5;water;329.175185;101.325;1;-1.0;0.000503;1963 fra gen 0
71-43-2;;7732-18-5;water;334.174;101.325;1;-1.0;0.000531;1963 fra gen 0
71-43-2;;7732-18-5;water;336.174;101.325;1;-1.0;0.000542;1963 fra gen 0
71-43-2;;7732-18-5;water;298.136;101.325;1;-1.0;0.000410343109438;1963 mca & 0
71-43-2;;7732-18-5;water;293.138;101.325;1;-1.0;0.00048486378242;1963 udo ale 0
71-43-2;;7732-18-5;water;303.134;101.325;1;-1.0;0.000523970601526;1963 udo ale 0
71-43-2;;7732-18-5;water;313.62985;101.325;1;-1.0;0.000573042084075;1963 udo ale 0
71-43-2;;7732-18-5;water;317.62865;101.325;1;-1.0;0.000598046930822;1963 udo ale 0
71-43-2;;7732-18-5;water;329.62505;101.325;1;-1.0;0.000664978531316;1963 udo ale 0
71-43-2;;7732-18-5;water;333.124;101.325;1;-1.0;0.000693010656782;1963 udo ale 0
71-43-2;;7732-18-5;water;338.124;101.325;1;-1.0;0.000737038602069;1963 udo ale 0
71-43-2;;7732-18-5;water;352.62305;101.325;1;-1.0;0.000862009185963;1963 udo ale 0
71-43-2;;7732-18-5;water;298.136;101.325;1;-1.0;0.000419395196928;1964 dea der 0
71-43-2;;7732-18-5;water;333.124;101.325;1;-1.0;0.000560239775675;1964 dea der 0
71-43-2;;7732-18-5;water;373.124;101.325;1;-1.0;0.00093813446997;1964 dea der 0
71-43-2;;7732-18-5;water;298.136;101.0;1;-1.0;0.000410343109438;1966 mca & 0
71-43-2;;7732-18-5;water;298.136;101.325;1;-1.0;0.0004;1966 tah gri 0
71-43-2;;7732-18-5;water;298.136;101.325;1;-1.0;0.000501;1967 wor & 0
71-43-2;;7732-18-5;water;294.14517;101.32;1;-1.0;0.000401125614824;1972 che cal 0
71-43-2;;7732-18-5;water;278.159268613;101.325;1;-1.0;0.0004776;1972 pie lia 0
71-43-2;;7732-18-5;water;288.056582;101.325;1;-1.0;0.0004792;1972 pie lia 0
71-43-2;;7732-18-5;water;293.055388;101.325;1;-1.0;0.0004809;1972 pie lia 0
71-43-2;;7732-18-5;water;298.154368;101.325;1;-1.0;0.0004815;1972 pie lia 0
71-43-2;;7732-18-5;water;308.251522;101.325;1;-1.0;0.0004848;1972 pie lia 0
71-43-2;;7732-18-5;water;318.848342;101.325;1;-1.0;0.0005304;1972 pie lia 0
71-43-2;;7732-18-5;water;298.19436;100.0;1;-1.0;0.000421;1973 bra dew 0
71-43-2;;7732-18-5;water;318.18854;100.0;1;-1.0;0.000499;1973 bra dew 0
71-43-2;;7732-18-5;water;328.18554;100.0;1;-1.0;0.000549;1973 bra dew 0
71-43-2;;7732-18-5;water;298.14437;101.325;1;-1.0;0.000407;1973 lei mac 0
71-43-2;;7732-18-5;water;277.649343066;101.325;1;-1.0;0.000425;1974 bro was 0
71-43-2;;7732-18-5;water;279.449080292;101.325;1;-1.0;0.000427;1974 bro was 0
71-43-2;;7732-18-5;water;280.248925;101.325;1;-1.0;0.000418;1974 bro was 0
71-43-2;;7732-18-5;water;282.148355;101.325;1;-1.0;0.000418;1974 bro was 0
71-43-2;;7732-18-5;water;284.947515;101.325;1;-1.0;0.000409;1974 bro was 0
71-43-2;;7732-18-5;water;285.247425;101.325;1;-1.0;0.000409;1974 bro was 0
71-43-2;;7732-18-5;water;288.246525;101.325;1;-1.0;0.000414;1974 bro was 0
71-43-2;;7732-18-5;water;291.04579;101.325;1;-1.0;0.000414;1974 bro was 0
71-43-2;;7732-18-5;water;293.24535;101.325;1;-1.0;0.000407;1974 bro was 0
71-43-2;;7732-18-5;water;297.9944;101.325;1;-1.0;0.00044;1974 ves & 0
71-43-2;;7732-18-5;water;298.14437;101.325;1;-1.0;0.000237486792709;1975 kra gub 0
71-43-2;;7732-18-5;water;298.14437;101.325;1;-1.0;0.000411;1975 mac shi 0
71-43-2;;7732-18-5;water;298.14437;101.0;1;-1.0;0.000412174165808;1975 sad kit 2
71-43-2;;7732-18-5;water;298.14437;101.325;1;-1.0;0.000401824509013;1976 pri & 0
71-43-2;;7732-18-5;water;328.135555;101.325;1;-1.0;0.000920704701575;1976 pri & 0
71-43-2;;7732-18-5;water;347.830645;101.325;1;-1.0;0.00149913928258;1976 pri & 0
71-43-2;;7732-18-5;water;298.14437;101.0;1;-1.0;0.000322770046556;1976 was bro 0
71-43-2;;7732-18-5;water;293.14537;101.325;1;-1.0;0.000194;1977 kor are 0
71-43-2;;7732-18-5;water;303.143055;101.0;1;-1.0;0.000413;1977 lya kal 0
71-43-2;;7732-18-5;water;298.19436;101.325;1;-1.0;0.000194275692318;1978 kor are 0
71-43-2;;7732-18-5;water;298.14437;101.325;1;-1.0;0.000413;1978 may was 0
71-43-2;;7732-18-5;water;293.19536;101.325;1;-1.0;0.000401;1979 ben wil 0
71-43-2;;7732-18-5;water;283.19804;101.325;1;-1.0;0.000375;1979 ben wil 0
71-43-2;;7732-18-5;water;293.14537;101.33;1;-1.0;0.000394887373518;1979 fre chi 0
71-43-2;;7732-18-5;water;298.14437;101.0;1;-1.0;0.000405304550807;1980 ban yal 0
71-43-2;;7732-18-5;water;298.19436;101.325;1;-1.0;0.000421;1980 ben wil 0
71-43-2;;7732-18-5;water;298.14437;101.0;1;-1.0;0.000439854529085;1980 mas pem 0
71-43-2;;7732-18-5;water;278.149270073;101.325;1;-1.0;0.000373;1982 san ara 0
71-43-2;;7732-18-5;water;288.146555;101.325;1;-1.0;0.000365;1982 san ara 0
71-43-2;;7732-18-5;water;298.14437;101.325;1;-1.0;0.000374;1982 san ara 0
71-43-2;;7732-18-5;water;308.141555;101.325;1;-1.0;0.000394;1982 san ara 0
71-43-2;;7732-18-5;water;318.138555;101.325;1;-1.0;0.000415;1982 san ara 0
71-43-2;;7732-18-5;water;298.19436;101.325;1;-1.0;0.0004187;1983 jan yan 0
71-43-2;;7732-18-5;water;273.349970803;101.32;1;-1.0;0.0004232;1983 may was 0
71-43-2;;7732-18-5;water;279.349094891;101.32;1;-1.0;0.0004159;1983 may was 0
71-43-2;;7732-18-5;water;284.147755;101.32;1;-1.0;0.0004147;1983 may was 0
71-43-2;;7732-18-5;water;287.146855;101.32;1;-1.0;0.000408;1983 may was 0
71-43-2;;7732-18-5;water;290.04599;101.32;1;-1.0;0.0004062;1983 may was 0
71-43-2;;7732-18-5;water;291.74565;101.32;1;-1.0;0.0004073;1983 may was 0
71-43-2;;7732-18-5;water;298.14437;101.32;1;-1.0;0.0004129;1983 may was 0
71-43-2;;7732-18-5;water;298.94421;101.32;1;-1.0;0.0004193;1983 may was 0
71-43-2;;7732-18-5;water;298.14437;101.325;1;-1.0;0.000373;1984 san ara 0
71-43-2;;7732-18-5;water;303.153052;101.0;1;-1.0;0.000419043994468;1985 hus car 0
71-43-2;;7732-18-5;water;298.14437;101.325;1;-1.0;0.00041436403339;1985 mil was 0
71-43-2;;7732-18-5;water;298.19436;101.325;1;-1.0;0.000418;1986 lo tse 0
71-43-2;;7732-18-5;water;283.148055;101.0;1;-1.0;0.000420787648906;1987 how mul 0
71-43-2;;7732-18-5;water;293.14537;101.0;1;-1.0;0.000415699742042;1987 how mul 0
71-43-2;;7732-18-5;water;303.143055;101.0;1;-1.0;0.000432351715077;1987 how mul 0
71-43-2;;7732-18-5;water;298.14437;101.0;1;-1.0;0.00037450640006;1987 san miy 0
71-43-2;;7732-18-5;water;298.14437;101.0;1;-1.0;0.000401680910891;1987 san miy 0
71-43-2;;7732-18-5;water;298.19436;101.325;1;-1.0;0.000391;1988 kee hof 0
71-43-2;;7732-18-5;water;298.14437;100.0;1;-1.0;0.000433;1989 saw kit 0
71-43-2;;7732-18-5;water;295.15;101.0;1;-1.0;0.00037670231795;1991 eco vim 0
71-43-2;;7732-18-5;water;298.15;101.325;1;-1.0;0.000430027105672;1995 dal & 0
71-43-2;;7732-18-5;water;298.15;101.32;1;-1.0;0.000401573174202;1997 zou han 0
71-43-2;;7732-18-5;water;303.15;101.32;1;-1.0;0.000428573246221;1997 zou han 0
71-43-2;;7732-18-5;water;308.15;101.32;1;-1.0;0.000455571859686;1997 zou han 0
71-43-2;;7732-18-5;water;313.15;101.32;1;-1.0;0.000484368773197;1997 zou han 0
71-43-2;;7732-18-5;water;283.1;101.0;1;-1.0;0.000388464748077;1999 bre san 0
71-43-2;;7732-18-5;water;293.15;101.0;1;-1.0;0.000396153431497;1999 bre san 0
71-43-2;;7732-18-5;water;298.15;101.0;1;-1.0;0.00039304173595;1999 bre san 0
71-43-2;;7732-18-5;water;303.15;101.0;1;-1.0;0.00039150414088;1999 bre san 0
71-43-2;;7732-18-5;water;313.15;101.0;1;-1.0;0.000430211953227;1999 bre san 0
71-43-2;;7732-18-5;water;298.0;100.0;1;-1.0;0.0004;2000 mil haw 1
71-43-2;;7732-18-5;water;303.0;101.0;1;-1.0;0.000441141001281;2001 bod kri 0
71-43-2;;7732-18-5;water;298.0;101.0;1;-1.0;0.000408;2001 doh fen 0
71-43-2;;7732-18-5;water;298.0;71.0;1;-1.0;0.000144578994298;2003 val heg 0
71-43-2;;7732-18-5;water;298.0;92.0;1;-1.0;0.000233342844202;2003 val heg 0
71-43-2;;7732-18-5;water;298.0;113.0;1;-1.0;0.000308200227507;2003 val heg 0
71-43-2;;7732-18-5;water;298.0;136.0;1;-1.0;0.00037292189308;2003 val heg 0
71-43-2;;7732-18-5;water;298.0;160.0;1;-1.0;0.0004436853644;2003 val heg 0
71-43-2;;7732-18-5;water;298.0;159.0;1;-1.0;0.000556605980669;2003 val heg 0
71-43-2;;7732-18-5;water;298.0;160.0;1;-1.0;0.000697181172031;2003 val heg 0
71-43-2;;7732-18-5;water;298.11;525.4;1;-1.0;0.000398;2003 val heg 0
71-43-2;;7732-18-5;water;313.19;517.7;1;-1.0;0.000458;2003 val heg 0
71-43-2;;7732-18-5;water;373.11;513.7;1;-1.0;0.000916;2003 val heg 0
71-43-2;;7732-18-5;water;393.09;496.0;1;-1.0;0.00116;2003 val heg 0
71-43-2;;7732-18-5;water;393.1;720.0;1;-1.0;0.00126;2003 val heg 0
71-43-2;;7732-18-5;water;308.95;101.325;1;-1.0;0.000407443268036;2004 ati gru 0
71-43-2;;7732-18-5;water;313.25;101.325;1;-1.0;0.000424734746452;2004 ati gru 0
71-43-2;;7732-18-5;water;318.25;101.325;1;-1.0;0.000447524875739;2004 ati gru 0
71-43-2;;7732-18-5;water;323.15;101.325;1;-1.0;0.00047067439149;2004 ati gru 0
75-09-2;;7732-18-5;water;273.15;101.315;1;0.996;-1.0;1941 sta & 0
75-09-2;;7732-18-5;water;298.136;101.315;1;0.99212;-1.0;1941 sta & 0
75-09-2;;7732-18-5;water;303.134;101.315;1;0.99075;-1.0;1941 sta & 0
75-09-2;;7732-18-5;water;293.138;101.325;1;-1.0;0.00413;1941 sta & 0
75-09-2;;7732-18-5;water;298.136;101.32;1;0.990752129884;0.00282945450647;1943 mcg & 0
75-09-2;;7732-18-5;water;263.158;101.325;1;0.997365506321;-1.0;1943 mcg & 0
75-09-2;;7732-18-5;water;273.15;101.325;1;0.99628664777;0.00431038814309;1943 mcg & 0
75-09-2;;7732-18-5;water;283.144;101.325;1;0.994835438703;0.00348082619767;1943 mcg & 0
75-09-2;;7732-18-5;water;293.138;101.325;1;0.992967821576;0.00300284918846;1943 mcg & 0
75-09-2;;7732-18-5;water;298.136;101.325;1;0.990733952779;-1.0;1943 mcg & 0
75-09-2;;7732-18-5;water;303.134;101.325;1;0.990641046494;0.00276448843248;1943 mcg & 0
75-09-2;;7732-18-5;water;308.132;101.325;1;0.989341795661;0.00272119495068;1943 mcg & 0
75-09-2;;7732-18-5;water;253.166;101.325;1;0.998587302688;-1.0;1949 dav jag 0
75-09-2;;7732-18-5;water;263.158;101.325;1;0.998117102158;-1.0;1949 dav jag 0
75-09-2;;7732-18-5;water;273.15;101.325;1;0.99670859086;-1.0;1949 dav jag 0
75-09-2;;7732-18-5;water;283.144;101.325;1;0.995303206873;-1.0;1949 dav jag 0
75-09-2;;7732-18-5;water;293.138;101.325;1;0.993434208291;-1.0;1949 dav jag 0
75-09-2;;7732-18-5;water;303.134;101.325;1;0.99110571498;-1.0;1949 dav jag 0
75-09-2;;7732-18-5;water;313.13;101.325;1;0.987860214986;-1.0;1949 dav jag 0
75-09-2;;7732-18-5;water;298.136;101.325;1;0.9887;0.0042;1952 don bar 0
75-09-2;;7732-18-5;water;293.14537;101.325;1;0.992967821576;0.00127878526828;1970 sab kiy 0
75-09-2;;7732-18-5;water;303.143055;101.325;1;0.99110571498;0.00563054778273;1970 sab kiy 0
75-09-2;;7732-18-5;water;273.100015873;20.0;1;0.9953;0.006;1972 sad kom 0
75-09-2;;7732-18-5;water;298.14437;101.0;1;0.991570726351;0.00293780028816;1980 coc dia 1
75-09-2;;7732-18-5;water;298.14437;101.325;1;0.992888299298;-1.0;1981 oht kaz 0
75-09-2;;7732-18-5;water;292.59548;101.325;1;0.992;0.0052;1983 hue wor 0
75-09-2;;7732-18-5;water;332.83443;101.325;1;0.9786;0.0041;1983 hue wor 0
75-09-2;;7732-18-5;water;292.59548;101.325;1;0.992;-1.0;1983 hue wor 0
75-09-2;;7732-18-5;water;332.83443;101.325;1;0.9786;-1.0;1983 hue wor 0
75-09-2;;7732-18-5;water;293.24535;101.325;1;0.9902;0.0045;1987 nar hue 0
75-09-2;;7732-18-5;water;303.143055;101.325;1;0.9884;0.0045;1987 nar hue 0
75-09-2;;7732-18-5;water;313.300007;101.325;1;0.9855;0.004;1987 nar hue 0
75-09-2;;7732-18-5;water;332.83443;101.325;1;0.9786;0.0041;1987 nar hue 0
75-09-2;;7732-18-5;water;343.18204;101.325;1;0.9778;0.019;1987 nar hue 0
75-09-2;;7732-18-5;water;353.159046;101.325;1;0.971;0.027;1987 nar hue 0
75-09-2;;7732-18-5;water;363.136368;101.325;1;0.9645;0.0099;1987 nar hue 0
75-09-2;;7732-18-5;water;298.19436;101.325;1;0.991;0.0028;1988 rui gom 1
75-09-2;;7732-18-5;water;273.15;101.32;1;0.996146062571;0.00437609487182;1992 ste & 0
75-09-2;;7732-18-5;water;282.35;101.32;1;0.995022504437;0.00413532438739;1992 ste & 0
75-09-2;;7732-18-5;water;290.45;101.32;1;0.99366753092;0.00387314849241;1992 ste & 0
75-09-2;;7732-18-5;water;299.95;101.32;1;0.991291678361;0.00369864376234;1992 ste & 0
75-09-2;;7732-18-5;water;308.85;101.32;1;0.989805506082;0.00380768307501;1992 ste & 0
75-09-2;;7732-18-5;water;288.15;101.0;1;0.9975;0.0017;2011 mer has 1
75-09-2;;7732-18-5;water;293.15;101.0;1;0.9969;0.0021;2011 mer has 1
75-09-2;;7732-18-5;water;298.15;101.0;1;0.9966;0.0023;2011 mer has 1
75-09-2;;7732-18-5;water;301.15;101.0;1;0.9964;0.0025;2011 mer has 1
75-09-2;;7732-18-5;water;298.2;101.3;1;0.991570726351;0.00382950139332;2020 don sun 0
75-09-2;;7732-18-5;water;303.2;101.3;1;0.991570726351;0.00417906931588;2021 yan fan 0
75-09-2;;7732-18-5;water;293.14537;-1.0;1;-1.0;0.00279335435092;1982 tho new 1
75-09-2;;7732-18-5;water;273.15;101.0;1;-1.0;0.00510756505224;1906 rex & 0
75-09-2;;7732-18-5;water;283.144;101.0;1;-1.0;0.00457779248413;1906 rex & 0
75-09-2;;7732-18-5;water;293.138;101.0;1;-1.0;0.00431038814309;1906 rex & 0
75-09-2;;7732-18-5;water;303.134;101.0;1;-1.0;0.00424252433587;1906 rex & 0
75-09-2;;7732-18-5;water;293.138;101.325;1;-1.0;0.00259424845436;1920 sal & 0
75-09-2;;7732-18-5;water;303.134;101.325;1;-1.0;0.00416208465045;1936 van vle 0
75-09-2;;7732-18-5;water;293.138;101.32;1;-1.0;0.003502592308;1938 nii & 1
75-09-2;;7732-18-5;water;293.138;101.32;1;-1.0;0.00504922155912;1966 pec mar 0
75-09-2;;7732-18-5;water;303.134;101.32;1;-1.0;0.0052597960765;1966 pec mar 0
75-09-2;;7732-18-5;water;313.13;101.32;1;-1.0;0.00701195411504;1966 pec mar 0
75-09-2;;7732-18-5;water;298.19436;101.325;1;-1.0;0.0042;1969 kru gla 2
75-09-2;;7732-18-5;water;303.143055;101.0;1;-1.0;0.00329821011948;1971 sve vel 0
75-09-2;;7732-18-5;water;288.146555;101.0;1;-1.0;0.00527510947719;1971 sve vel 0
75-09-2;;7732-18-5;water;298.14437;101.325;1;-1.0;0.00279220999268;1975 mcc fer 0
75-09-2;;7732-18-5;water;283.148055;101.0;1;-1.0;0.00237361556111;1987 how mul 0
75-09-2;;7732-18-5;water;293.14537;101.0;1;-1.0;0.00289618530332;1987 how mul 0
75-09-2;;7732-18-5;water;303.143055;101.0;1;-1.0;0.00239930771984;1987 how mul 0
75-09-2;;7732-18-5;water;283.15;101.32;1;-1.0;0.00446756211252;1992 wri san 0
75-09-2;;7732-18-5;water;293.15;101.32;1;-1.0;0.00417162836883;1992 wri san 0
75-09-2;;7732-18-5;water;303.15;101.32;1;-1.0;0.00418897466091;1992 wri san 0
75-09-2;;7732-18-5;water;298.15;101.325;1;-1.0;0.00573815657373;1995 dal & 0
75-09-2;;7732-18-5;water;293.15;101.0;1;-1.0;0.00452776928081;1997 hov doh 0
75-09-2;;7732-18-5;water;283.1;101.0;1;-1.0;0.00413736180548;1999 bre san 0
75-09-2;;7732-18-5;water;293.15;101.0;1;-1.0;0.00391235583942;1999 bre san 0
75-09-2;;7732-18-5;water;298.15;101.0;1;-1.0;0.00388218844587;1999 bre san 0
75-09-2;;7732-18-5;water;303.15;101.0;1;-1.0;0.00379440622511;1999 bre san 0
75-09-2;;7732-18-5;water;313.15;101.0;1;-1.0;0.00383779701298;1999 bre san 0
75-09-2;;7732-18-5;water;283.9;101.0;1;-1.0;0.00323;2007 mal fra 0
75-09-2;;7732-18-5;water;293.1;101.0;1;-1.0;0.00313;2007 mal fra 0
75-09-2;;7732-18-5;water;302.1;101.0;1;-1.0;0.00234;2007 mal fra 0
75-12-7;;98-86-2;;298.55;101.0;1;0.6065;-1.0;2006 sed mal 0
75-12-7;;98-86-2;;298.32;101.0;1;0.6279;-1.0;2006 sed mal 0
75-12-7;;98-86-2;;298.04;101.0;1;0.6584;-1.0;2006 sed mal 0
75-12-7;;98-86-2;;297.64;101.0;1;0.6906;-1.0;2006 sed mal 0
75-12-7;;98-86-2;;297.11;101.0;1;0.7103;-1.0;2006 sed mal 0
75-12-7;;98-86-2;;296.55;101.0;1;0.7238;-1.0;2006 sed mal 0
75-12-7;;98-86-2;;295.77;101.0;1;0.7372;-1.0;2006 sed mal 0
75-12-7;;98-86-2;;294.51;101.0;1;0.751;-1.0;2006 sed mal 0
75-12-7;;98-86-2;;293.68;101.0;1;0.7579;-1.0;2006 sed mal 0
75-12-7;;98-86-2;;292.69;101.0;1;0.7652;0.4438;2006 sed mal 0
75-12-7;;98-86-2;;291.76;101.0;1;0.7713;-1.0;2006 sed mal 0
75-12-7;;98-86-2;;290.02;101.0;1;0.7828;-1.0;2006 sed mal 0
75-12-7;;98-86-2;;288.1;101.0;1;0.7914;-1.0;2006 sed mal 0
75-12-7;;98-86-2;;286.22;101.0;1;0.7975;-1.0;2006 sed mal 0
75-12-7;;98-86-2;;284.45;101.0;1;0.8027;-1.0;2006 sed mal 0
75-12-7;;98-86-2;;283.25;101.0;1;0.8072;-1.0;2006 sed mal 0
75-12-7;;98-86-2;;281.26;101.0;1;0.8125;-1.0;2006 sed mal 0
75-12-7;;98-86-2;;279.18;101.0;1;0.8195;-1.0;2006 sed mal 0
75-12-7;;98-86-2;;276.72;101.0;1;0.8241;-1.0;2006 sed mal 0
75-12-7;;98-86-2;;273.98;101.0;1;0.8293;-1.0;2006 sed mal 0
75-12-7;;98-86-2;;270.66;101.0;1;0.8341;-1.0;2006 sed mal 0
75-12-7;;98-86-2;;268.31;101.0;1;0.8378;-1.0;2006 sed mal 0
75-12-7;;98-86-2;;265.98;101.0;1;0.8422;-1.0;2006 sed mal 0
75-12-7;;98-86-2;;296.23;101.0;1;-1.0;0.4946;2006 sed mal 0
75-12-7;;98-86-2;;296.78;101.0;1;-1.0;0.5058;2006 sed mal 0
75-12-7;;98-86-2;;297.26;101.0;1;-1.0;0.5151;2006 sed mal 0
75-12-7;;98-86-2;;297.77;101.0;1;-1.0;0.5279;2006 sed mal 0
75-12-7;;98-86-2;;298.37;101.0;1;-1.0;0.5538;2006 sed mal 0
75-12-7;;98-86-2;;298.57;101.0;1;-1.0;0.5742;2006 sed mal 0
75-12-7;;98-86-2;;287.88;101.0;1;-1.0;0.4014;2006 sed mal 0
75-12-7;;98-86-2;;288.68;101.0;1;-1.0;0.4067;2006 sed mal 0
75-12-7;;98-86-2;;289.36;101.0;1;-1.0;0.4142;2006 sed mal 0
75-12-7;;98-86-2;;290.32;101.0;1;-1.0;0.4219;2006 sed mal 0
75-12-7;;98-86-2;;291.05;101.0;1;-1.0;0.4289;2006 sed mal 0
75-12-7;;98-86-2;;293.2;101.0;1;-1.0;0.4505;2006 sed mal 0
75-12-7;;98-86-2;;294.13;101.0;1;-1.0;0.4597;2006 sed mal 0
75-12-7;;98-86-2;;295.39;101.0;1;-1.0;0.4783;2006 sed mal 0
75-12-7;;98-86-2;;265.31;101.0;1;-1.0;0.2948;2006 sed mal 0
75-12-7;;98-86-2;;266.91;101.0;1;-1.0;0.3;2006 sed mal 0
75-12-7;;98-86-2;;269.58;101.0;1;-1.0;0.3075;2006 sed mal 0
75-12-7;;98-86-2;;271.76;101.0;1;-1.0;0.3151;2006 sed mal 0
75-12-7;;98-86-2;;273.25;101.0;1;-1.0;0.3215;2006 sed mal 0
75-12-7;;98-86-2;;274.58;101.0;1;-1.0;0.3272;2006 sed mal 0
75-12-7;;98-86-2;;276.24;101.0;1;-1.0;0.3341;2006 sed mal 0
75-12-7;;98-86-2;;277.82;101.0;1;-1.0;0.3405;2006 sed mal 0
75-12-7;;98-86-2;;278.5;101.0;1;-1.0;0.3432;2006 sed mal 0
75-12-7;;98-86-2;;279.78;101.0;1;-1.0;0.3502;2006 sed mal 0
75-12-7;;98-86-2;;281.16;101.0;1;-1.0;0.3573;2006 sed mal 0
75-12-7;;98-86-2;;282.42;101.0;1;-1.0;0.3648;2006 sed mal 0
75-12-7;;98-86-2;;284.23;101.0;1;-1.0;0.3734;2006 sed mal 0
75-12-7;;98-86-2;;285.49;101.0;1;-1.0;0.3811;2006 sed mal 0
75-12-7;;98-86-2;;286.8;101.0;1;-1.0;0.391;2006 sed mal 0
75-85-4;;7732-18-5;water;323.12;-1.0;1;0.453;-1.0;2021 khu yan 0
75-85-4;;7732-18-5;water;333.15;-1.0;1;0.449;-1.0;2021 khu yan 0
75-85-4;;7732-18-5;water;343.07;-1.0;1;0.442;-1.0;2021 khu yan 0
75-85-4;;7732-18-5;water;353.11;-1.0;1;0.435;-1.0;2021 khu yan 0
75-85-4;;7732-18-5;water;363.13;-1.0;1;0.429;-1.0;2021 khu yan 0
75-85-4;;7732-18-5;water;373.12;-1.0;1;0.423;-1.0;2021 khu yan 0
75-85-4;;7732-18-5;water;323.12;-1.0;1;-1.0;0.0178;2021 khu yan 0
75-85-4;;7732-18-5;water;333.15;-1.0;1;-1.0;0.0169;2021 khu yan 0
75-85-4;;7732-18-5;water;343.07;-1.0;1;-1.0;0.0161;2021 khu yan 0
75-85-4;;7732-18-5;water;353.11;-1.0;1;-1.0;0.0151;2021 khu yan 0
75-85-4;;7732-18-5;water;363.13;-1.0;1;-1.0;0.0145;2021 khu yan 0
75-85-4;;7732-18-5;water;373.12;-1.0;1;-1.0;0.0139;2021 khu yan 0
75-85-4;;7732-18-5;water;293.138;101.325;1;0.389513502394;0.02748789466;1937 gin bau 0
75-85-4;;7732-18-5;water;298.136;101.325;1;0.399901545102;0.0246366172003;1937 gin bau 0
75-85-4;;7732-18-5;water;303.134;101.325;1;0.410490959531;0.0224447586863;1937 gin bau 0
75-85-4;;7732-18-5;water;323.127;101.0;1;0.432875692803;-1.0;1955 kru & 1
75-85-4;;7732-18-5;water;332.63447;101.3;1;0.43317053949;0.0172278956125;1978 mor aok 0
75-85-4;;7732-18-5;water;352.529235;101.3;1;0.488964634919;0.0179277813438;1978 mor aok 0
75-85-4;;7732-18-5;water;352.529235;101.3;1;0.415914762411;-1.0;1978 mor aok 0
75-85-4;;7732-18-5;water;382.02259;101.3;1;0.399500967121;0.0205248982128;1978 mor aok 0
75-85-4;;7732-18-5;water;391.82063;101.3;1;0.387706765612;0.022203324028;1978 mor aok 0
75-85-4;;7732-18-5;water;401.71865;101.3;1;0.38259987438;0.0239021853095;1978 mor aok 0
75-85-4;;7732-18-5;water;293.14537;101.0;1;0.3895;0.0275;1984 mar fer 0
75-85-4;;7732-18-5;water;298.14437;101.0;1;0.4;0.0246;1984 mar fer 0
75-85-4;;7732-18-5;water;313.140055;101.0;1;0.4106;0.0225;1984 mar fer 0
75-85-4;;7732-18-5;water;273.649927007;101.32;1;0.37385487372;0.0369329067181;1984 ste stu 0
75-85-4;;7732-18-5;water;282.948115;101.32;1;0.390290922488;0.0342833909519;1984 ste stu 0
75-85-4;;7732-18-5;water;293.94521;101.32;1;0.44213468014;0.0258692461928;1984 ste stu 0
75-85-4;;7732-18-5;water;302.643205;101.32;1;0.463985061182;0.0220586634792;1984 ste stu 0
75-85-4;;7732-18-5;water;312.640205;101.32;1;0.4576039342;0.0178108856118;1984 ste stu 0
75-85-4;;7732-18-5;water;322.137355;101.32;1;0.475430661996;0.0156776170297;1984 ste stu 0
75-85-4;;7732-18-5;water;333.13437;101.32;1;0.459188601062;0.013441371669;1984 ste stu 0
75-85-4;;7732-18-5;water;343.331995;101.32;1;0.488964634919;0.0128091690643;1984 ste stu 0
75-85-4;;7732-18-5;water;353.229025;101.32;1;0.487245593374;0.0122023395556;1984 ste stu 0
75-85-4;;7732-18-5;water;363.32633;101.32;1;0.490691637537;0.0116875607119;1984 ste stu 0
75-85-4;;7732-18-5;water;298.14437;101.325;1;0.402449937436;0.0243913800193;1988 cab bar 0
75-85-4;;7732-18-5;water;298.15;101.0;1;0.4;0.00832;1995 hel san 0
75-85-4;;7732-18-5;water;298.15;101.0;1;0.381;-1.0;1995 hel san 0
75-85-4;;7732-18-5;water;298.15;101.0;1;0.376;-1.0;1995 hel san 0
75-85-4;;7732-18-5;water;298.0;101.325;1;0.3752;0.0215;1995 pes san 0
75-85-4;;7732-18-5;water;303.0;101.325;1;0.4292;0.013;1996 fah alm 1
75-85-4;;7732-18-5;water;308.0;101.325;1;0.3636;0.0177;1996 fah alm 1
75-85-4;;7732-18-5;water;318.0;101.325;1;0.4586;0.0154;1996 fah alm 1
75-85-4;;7732-18-5;water;298.15;101.325;1;0.430233367942;0.0226866114633;1999 gom rui 1
75-85-4;;7732-18-5;water;283.1;101.3;1;0.369;0.0284;1999 pai che 0
75-85-4;;7732-18-5;water;293.15;101.3;1;0.3958;0.0236;1999 pai che 0
75-85-4;;7732-18-5;water;303.15;101.3;1;0.4117;0.0206;1999 pai che 0
75-85-4;;7732-18-5;water;313.15;101.3;1;0.4237;0.0171;1999 pai che 0
75-85-4;;7732-18-5;water;323.15;101.3;1;0.4376;0.0147;1999 pai che 0
75-85-4;;7732-18-5;water;333.15;101.3;1;0.4486;0.0132;1999 pai che 0
75-85-4;;7732-18-5;water;343.15;101.3;1;0.4622;0.0126;1999 pai che 0
75-85-4;;7732-18-5;water;353.15;101.3;1;0.465;0.012;1999 pai che 0
75-85-4;;7732-18-5;water;293.15;101.0;1;0.381588191579;0.0303719661957;2001 chi che 0
75-85-4;;7732-18-5;water;303.15;101.0;1;0.405289689593;0.023999888064;2001 chi che 0
75-85-4;;7732-18-5;water;313.15;101.0;1;0.425008991533;0.0191730209247;2001 chi che 0
75-85-4;;7732-18-5;water;293.15;101.3;1;0.38514316434;0.0261170685155;2004 chi che 0
75-85-4;;7732-18-5;water;303.15;101.3;1;0.408976944508;0.0207634361653;2004 chi che 0
75-85-4;;7732-18-5;water;313.15;101.3;1;0.439120866555;0.0172278956125;2004 chi che 0
75-85-4;;7732-18-5;water;370.7;101.0;1;0.46884621277;0.012876763571;2016 man pok 0
75-85-4;;7732-18-5;water;370.7;101.0;1;0.473773373486;-1.0;2016 man pok 0
75-85-4;;7732-18-5;water;401.0;101.0;1;0.4576039342;0.0142358055911;2016 man pok 0
75-85-4;;7732-18-5;water;298.2;101.0;1;0.421569989002;0.0241465697604;2016 man pok 0
75-85-4;;7732-18-5;water;298.3;101.0;1;0.422998682157;0.0243913800193;2016 man pok 0
75-85-4;;7732-18-5;water;303.0;101.0;1;0.428774138964;0.0207634361653;2016 man pok 0
75-85-4;;7732-18-5;water;322.4;101.0;1;0.462379117256;0.0158387655471;2016 man pok 0
75-85-4;;7732-18-5;water;313.2;101.3;1;0.427321094971;0.0172278956125;2020 zha yan 1
75-85-4;;7732-18-5;water;323.2;101.3;1;0.436132930292;0.0144636451434;2020 zha yan 1
75-85-4;;7732-18-5;water;303.2;101.3;1;0.410353037345;0.022203324028;2020 zha yan 1
75-85-4;;7732-18-5;water;293.15;101.3;1;0.407743305137;0.0265642452342;2021 yan li 0
75-85-4;;7732-18-5;water;303.15;101.3;1;0.425297149506;0.0220827631547;2021 yan li 0
75-85-4;;7732-18-5;water;313.15;101.3;1;0.440624517717;0.0182790662873;2021 yan li 0
75-85-4;;7732-18-5;water;323.15;101.3;1;0.455397147625;0.0160001047468;2021 yan li 0
75-85-4;;7732-18-5;water;303.2;101.3;1;0.410077363929;0.0211220133254;2021 zha jia 0
75-85-4;;7732-18-5;water;313.2;101.3;1;0.42645222103;0.0171581030755;2021 zha jia 0
75-85-4;;7732-18-5;water;323.2;101.3;1;0.43672846337;0.0146005327922;2021 zha jia 0
75-85-4;;7732-18-5;water;293.138;101.0;1;-1.0;0.0246366172003;1954 hyd lan 0
75-85-4;;7732-18-5;water;303.134;101.325;1;-1.0;0.022;1965 rat dod 0
7732-18-5;water;78-83-1;;323.2;-1.0;1;0.9823;-1.0;2021 khu yan 0
7732-18-5;water;78-83-1;;333.17;-1.0;1;0.9818;-1.0;2021 khu yan 0
7732-18-5;water;78-83-1;;343.18;-1.0;1;0.9814;-1.0;2021 khu yan 0
7732-18-5;water;78-83-1;;353.2;-1.0;1;0.9808;-1.0;2021 khu yan 0
7732-18-5;water;78-83-1;;363.14;-1.0;1;0.9804;-1.0;2021 khu yan 0
7732-18-5;water;78-83-1;;373.16;-1.0;1;0.9799;-1.0;2021 khu yan 0
7732-18-5;water;78-83-1;;323.2;-1.0;1;-1.0;0.495;2021 khu yan 0
7732-18-5;water;78-83-1;;333.17;-1.0;1;-1.0;0.507;2021 khu yan 0
7732-18-5;water;78-83-1;;343.18;-1.0;1;-1.0;0.52;2021 khu yan 0
7732-18-5;water;78-83-1;;353.2;-1.0;1;-1.0;0.539;2021 khu yan 0
7732-18-5;water;78-83-1;;363.14;-1.0;1;-1.0;0.574;2021 khu yan 0
7732-18-5;water;78-83-1;;373.16;-1.0;1;-1.0;0.613;2021 khu yan 0
7732-18-5;water;78-83-1;;386.1263;101.0;1;0.968508163638;-1.0;1886 ale & 0
7732-18-5;water;78-83-1;;396.1279;101.0;1;0.957943864914;-1.0;1886 ale & 0
7732-18-5;water;78-83-1;;400.1291;101.0;1;0.944734062633;-1.0;1886 ale & 0
7732-18-5;water;78-83-1;;402.1297;101.0;1;0.934478052966;-1.0;1886 ale & 0
7732-18-5;water;78-83-1;;404.6303;101.0;1;0.896390122479;0.852527046996;1886 ale & 0
7732-18-5;water;78-83-1;;398.1285;101.0;1;-1.0;0.759323023022;1886 ale & 0
7732-18-5;water;78-83-1;;399.62895;101.0;1;-1.0;0.757831133003;1886 ale & 0
7732-18-5;water;78-83-1;;376.6247;101.0;1;-1.0;0.645733832733;1886 ale & 0
7732-18-5;water;78-83-1;;374.1242;101.0;1;-1.0;0.634807311475;1886 ale & 0
7732-18-5;water;78-83-1;;262.55848;101.325;1;0.96313;-1.0;1922 mic & 0
7732-18-5;water;78-83-1;;264.55688;101.325;1;0.96461;-1.0;1922 mic & 0
7732-18-5;water;78-83-1;;269.55288;101.325;1;0.9674;-1.0;1922 mic & 0
7732-18-5;water;78-83-1;;270.25232;101.325;1;0.96793;0.4111;1922 mic & 0
7732-18-5;water;78-83-1;;270.75192;101.325;1;0.96816;-1.0;1922 mic & 0
7732-18-5;water;78-83-1;;280.1458;101.325;1;0.97252;-1.0;1922 mic & 0
7732-18-5;water;78-83-1;;288.04106;101.325;1;0.9759;-1.0;1922 mic & 0
7732-18-5;water;78-83-1;;292.08863;101.325;1;0.977;-1.0;1922 mic & 0
7732-18-5;water;78-83-1;;294.73736;101.325;1;0.9781;-1.0;1922 mic & 0
7732-18-5;water;78-83-1;;300.53504;101.325;1;0.9793;-1.0;1922 mic & 0
7732-18-5;water;78-83-1;;309.43148;101.325;1;0.9807;-1.0;1922 mic & 0
7732-18-5;water;78-83-1;;353.323;101.325;1;0.9807;-1.0;1922 mic & 0
7732-18-5;water;78-83-1;;360.123;101.325;1;0.9793;-1.0;1922 mic & 0
7732-18-5;water;78-83-1;;365.72326;101.325;1;0.9781;-1.0;1922 mic & 0
7732-18-5;water;78-83-1;;367.22341;101.325;1;0.977;-1.0;1922 mic & 0
7732-18-5;water;78-83-1;;372.22391;101.325;1;0.9759;-1.0;1922 mic & 0
7732-18-5;water;78-83-1;;378.42506;101.325;1;0.97252;-1.0;1922 mic & 0
7732-18-5;water;78-83-1;;390.22671;101.325;1;0.96464;-1.0;1922 mic & 0
7732-18-5;water;78-83-1;;395.02757;101.325;1;0.95879;-1.0;1922 mic & 0
7732-18-5;water;78-83-1;;399.32886;101.325;1;0.95259;-1.0;1922 mic & 0
7732-18-5;water;78-83-1;;401.32946;101.325;1;0.94471;-1.0;1922 mic & 0
7732-18-5;water;78-83-1;;404.93036;101.325;1;0.93258;0.8152;1922 mic & 0
7732-18-5;water;78-83-1;;405.03038;101.325;1;0.93625;-1.0;1922 mic & 0
7732-18-5;water;78-83-1;;405.6305;101.325;1;0.90634;-1.0;1922 mic & 0
7732-18-5;water;78-83-1;;405.73052;101.325;1;0.89687;0.8447;1922 mic & 0
7732-18-5;water;78-83-1;;405.73052;101.325;1;0.8839;-1.0;1922 mic & 0
7732-18-5;water;78-83-1;;405.83054;101.325;1;0.87446;-1.0;1922 mic & 0
7732-18-5;water;78-83-1;;406.03058;101.325;1;0.88928;-1.0;1922 mic & 0
7732-18-5;water;78-83-1;;367.72346;101.325;1;-1.0;0.6132;1922 mic & 0
7732-18-5;water;78-83-1;;368.02349;101.325;1;-1.0;0.6142;1922 mic & 0
7732-18-5;water;78-83-1;;372.92398;101.325;1;-1.0;0.6297;1922 mic & 0
7732-18-5;water;78-83-1;;380.1254;101.325;1;-1.0;0.6595;1922 mic & 0
7732-18-5;water;78-83-1;;387.02639;101.325;1;-1.0;0.6854;1922 mic & 0
7732-18-5;water;78-83-1;;387.62645;101.325;1;-1.0;0.6871;1922 mic & 0
7732-18-5;water;78-83-1;;388.22651;101.325;1;-1.0;0.6909;1922 mic & 0
7732-18-5;water;78-83-1;;390.32672;101.325;1;-1.0;0.6956;1922 mic & 0
7732-18-5;water;78-83-1;;392.42693;101.325;1;-1.0;0.7158;1922 mic & 0
7732-18-5;water;78-83-1;;393.82721;101.325;1;-1.0;0.7163;1922 mic & 0
7732-18-5;water;78-83-1;;394.62745;101.325;1;-1.0;0.7291;1922 mic & 0
7732-18-5;water;78-83-1;;401.92964;101.325;1;-1.0;0.779;1922 mic & 0
7732-18-5;water;78-83-1;;402.22973;101.325;1;-1.0;0.7848;1922 mic & 0
7732-18-5;water;78-83-1;;402.42979;101.325;1;-1.0;0.7616;1922 mic & 0
7732-18-5;water;78-83-1;;404.33024;101.325;1;-1.0;0.8046;1922 mic & 0
7732-18-5;water;78-83-1;;404.83034;101.325;1;-1.0;0.8239;1922 mic & 0
7732-18-5;water;78-83-1;;405.1304;101.325;1;-1.0;0.8345;1922 mic & 0
7732-18-5;water;78-83-1;;405.53048;101.325;1;-1.0;0.8244;1922 mic & 0
7732-18-5;water;78-83-1;;405.93056;101.325;1;-1.0;0.8603;1922 mic & 0
7732-18-5;water;78-83-1;;405.93056;101.325;1;-1.0;0.8698;1922 mic & 0
7732-18-5;water;78-83-1;;360.923;101.325;1;-1.0;0.5923;1922 mic & 0
7732-18-5;water;78-83-1;;258.46176;101.325;1;-1.0;0.3868;1922 mic & 0
7732-18-5;water;78-83-1;;262.35864;101.325;1;-1.0;0.3938;1922 mic & 0
7732-18-5;water;78-83-1;;265.25632;101.325;1;-1.0;0.4006;1922 mic & 0
7732-18-5;water;78-83-1;;267.25472;101.325;1;-1.0;0.4054;1922 mic & 0
7732-18-5;water;78-83-1;;274.1494;101.325;1;-1.0;0.4147;1922 mic & 0
7732-18-5;water;78-83-1;;280.24574;101.325;1;-1.0;0.4224;1922 mic & 0
7732-18-5;water;78-83-1;;282.54436;101.325;1;-1.0;0.4289;1922 mic & 0
7732-18-5;water;78-83-1;;286.04226;101.325;1;-1.0;0.4354;1922 mic & 0
7732-18-5;water;78-83-1;;291.33908;101.325;1;-1.0;0.4411;1922 mic & 0
7732-18-5;water;78-83-1;;296.23676;101.325;1;-1.0;0.4462;1922 mic & 0
7732-18-5;water;78-83-1;;297.03644;101.325;1;-1.0;0.4496;1922 mic & 0
7732-18-5;water;78-83-1;;299.83532;101.325;1;-1.0;0.4551;1922 mic & 0
7732-18-5;water;78-83-1;;301.6346;101.325;1;-1.0;0.459;1922 mic & 0
7732-18-5;water;78-83-1;;302.6342;101.325;1;-1.0;0.4619;1922 mic & 0
7732-18-5;water;78-83-1;;303.03404;101.325;1;-1.0;0.4645;1922 mic & 0
7732-18-5;water;78-83-1;;306.23276;101.325;1;-1.0;0.4649;1922 mic & 0
7732-18-5;water;78-83-1;;308.83172;101.325;1;-1.0;0.4692;1922 mic & 0
7732-18-5;water;78-83-1;;309.73136;101.325;1;-1.0;0.47;1922 mic & 0
7732-18-5;water;78-83-1;;311.83052;101.325;1;-1.0;0.4793;1922 mic & 0
7732-18-5;water;78-83-1;;312.1304;101.325;1;-1.0;0.475;1922 mic & 0
7732-18-5;water;78-83-1;;313.82979;101.325;1;-1.0;0.4775;1922 mic & 0
7732-18-5;water;78-83-1;;314.1297;101.325;1;-1.0;0.4822;1922 mic & 0
7732-18-5;water;78-83-1;;318.72832;101.325;1;-1.0;0.4967;1922 mic & 0
7732-18-5;water;78-83-1;;326.22607;101.325;1;-1.0;0.4986;1922 mic & 0
7732-18-5;water;78-83-1;;336.924;101.325;1;-1.0;0.5251;1922 mic & 0
7732-18-5;water;78-83-1;;340.424;101.325;1;-1.0;0.5415;1922 mic & 0
7732-18-5;water;78-83-1;;341.424;101.325;1;-1.0;0.5402;1922 mic & 0
7732-18-5;water;78-83-1;;349.82333;101.325;1;-1.0;0.568;1922 mic & 0
7732-18-5;water;78-83-1;;358.123;101.325;1;-1.0;0.5758;1922 mic & 0
7732-18-5;water;78-83-1;;360.023;101.325;1;-1.0;0.589;1922 mic & 0
7732-18-5;water;78-83-1;;291.1392;101.0;1;0.973705413051;-1.0;1924 fuh & 0
7732-18-5;water;78-83-1;;273.15;101.325;1;0.968;0.474;1925 bru & 0
7732-18-5;water;78-83-1;;363.52304;101.325;1;0.9793;-1.0;1933 jan & 0
7732-18-5;water;78-83-1;;363.52304;101.325;1;0.9793;-1.0;1933 jan & 0
7732-18-5;water;78-83-1;;380.82554;101.325;1;0.972;-1.0;1933 jan & 0
7732-18-5;water;78-83-1;;381.1256;101.325;1;0.972;-1.0;1933 jan & 0
7732-18-5;water;78-83-1;;399.82901;101.325;1;0.9548;-1.0;1933 jan & 0
7732-18-5;water;78-83-1;;399.82901;101.325;1;0.9548;-1.0;1933 jan & 0
7732-18-5;water;78-83-1;;400.72928;101.325;1;0.951;-1.0;1933 jan & 0
7732-18-5;water;78-83-1;;400.82931;101.325;1;0.951;-1.0;1933 jan & 0
7732-18-5;water;78-83-1;;403.43006;101.325;1;0.9398;-1.0;1933 jan & 0
7732-18-5;water;78-83-1;;403.73012;101.325;1;0.9398;-1.0;1933 jan & 0
7732-18-5;water;78-83-1;;406.1306;101.325;1;0.9187;-1.0;1933 jan & 0
7732-18-5;water;78-83-1;;406.1306;101.325;1;0.9187;-1.0;1933 jan & 0
7732-18-5;water;78-83-1;;311.53064;101.325;1;-1.0;0.48;1933 jan & 0
7732-18-5;water;78-83-1;;312.03044;101.325;1;-1.0;0.48;1933 jan & 0
7732-18-5;water;78-83-1;;399.52892;101.325;1;-1.0;0.75;1933 jan & 0
7732-18-5;water;78-83-1;;399.62895;101.325;1;-1.0;0.75;1933 jan & 0
7732-18-5;water;78-83-1;;405.53048;101.325;1;-1.0;0.81;1933 jan & 0
7732-18-5;water;78-83-1;;405.93056;101.325;1;-1.0;0.81;1933 jan & 0
7732-18-5;water;78-83-1;;298.136;101.0;1;0.973705413051;-1.0;1935 doo & 0
7732-18-5;water;78-83-1;;298.136;101.32;1;0.9805;0.449;1952 don bar 0
7732-18-5;water;78-83-1;;298.136;101.0;1;0.975685420944;0.4625721511;1963 aba mih 0
7732-18-5;water;78-83-1;;293.138;101.0;1;0.977;0.45;1965 mor smi 0
7732-18-5;water;78-83-1;;298.136;101.325;1;0.9789;-1.0;1965 rat dod 0
7732-18-5;water;78-83-1;;303.134;101.325;1;0.9798;-1.0;1965 rat dod 0
7732-18-5;water;78-83-1;;293.138;101.325;1;0.978;0.447;1966 moz ser 0
7732-18-5;water;78-83-1;;303.134;101.325;1;0.981;0.466;1966 moz ser 0
7732-18-5;water;78-83-1;;298.19436;101.325;1;0.9803;0.4447;1969 kru gla 1
7732-18-5;water;78-83-1;;298.14437;101.325;1;0.975;0.463;1976 des mar 1
7732-18-5;water;78-83-1;;293.14537;101.0;1;0.970837125275;0.407074593244;1977 ale gus 0
7732-18-5;water;78-83-1;;302.943115;100.0;1;0.9782;0.478;1977 mor aok 0
7732-18-5;water;78-83-1;;312.840145;100.0;1;0.9804;0.474;1977 mor aok 0
7732-18-5;water;78-83-1;;322.737175;100.0;1;0.9834;0.483;1977 mor aok 0
7732-18-5;water;78-83-1;;332.63447;100.0;1;0.9826;0.493;1977 mor aok 0
7732-18-5;water;78-83-1;;352.329295;100.0;1;0.9809;0.551;1977 mor aok 0
7732-18-5;water;78-83-1;;362.22655;100.0;1;0.9801;0.582;1977 mor aok 0
7732-18-5;water;78-83-1;;372.12457;100.0;1;0.974;0.619;1977 mor aok 0
7732-18-5;water;78-83-1;;382.02259;100.0;1;0.9705;0.662;1977 mor aok 0
7732-18-5;water;78-83-1;;391.82063;100.0;1;0.9604;0.713;1977 mor aok 0
7732-18-5;water;78-83-1;;396.81963;100.0;1;0.951;0.743;1977 mor aok 0
7732-18-5;water;78-83-1;;398.71925;100.0;1;0.943;0.762;1977 mor aok 0
7732-18-5;water;78-83-1;;401.71865;100.0;1;0.9365;0.789;1977 mor aok 0
7732-18-5;water;78-83-1;;403.71825;100.0;1;0.9276;0.811;1977 mor aok 0
7732-18-5;water;78-83-1;;405.71785;100.0;1;0.9112;0.838;1977 mor aok 0
7732-18-5;water;78-83-1;;407.21755;100.0;1;0.882;0.87;1977 mor aok 0
7732-18-5;water;78-83-1;;302.943115;100.0;1;0.9782;-1.0;1977 mor aok 0
7732-18-5;water;78-83-1;;312.840145;100.0;1;0.9804;-1.0;1977 mor aok 0
7732-18-5;water;78-83-1;;322.737175;100.0;1;0.9834;-1.0;1977 mor aok 0
7732-18-5;water;78-83-1;;332.63447;100.0;1;0.9826;-1.0;1977 mor aok 0
7732-18-5;water;78-83-1;;352.329295;100.0;1;0.9809;-1.0;1977 mor aok 0
7732-18-5;water;78-83-1;;372.12457;100.0;1;0.974;-1.0;1977 mor aok 0
7732-18-5;water;78-83-1;;382.02259;100.0;1;0.9705;-1.0;1977 mor aok 0
7732-18-5;water;78-83-1;;391.82063;100.0;1;0.9604;-1.0;1977 mor aok 0
7732-18-5;water;78-83-1;;396.81963;100.0;1;0.951;-1.0;1977 mor aok 0
7732-18-5;water;78-83-1;;398.71925;100.0;1;0.943;-1.0;1977 mor aok 0
7732-18-5;water;78-83-1;;401.71865;100.0;1;0.9365;-1.0;1977 mor aok 0
7732-18-5;water;78-83-1;;362.92641;101.0;1;0.9809;0.5905;1980 fu kin 0
7732-18-5;water;78-83-1;;273.15;101.32;1;0.969093302984;0.420656269863;1986 ste stu 0
7732-18-5;water;78-83-1;;282.948115;101.32;1;0.973563114885;0.43198048644;1986 ste stu 0
7732-18-5;water;78-83-1;;292.84543;101.32;1;0.97697432465;0.446643665113;1986 ste stu 0
7732-18-5;water;78-83-1;;303.742875;101.32;1;0.979660946675;0.460831034207;1986 ste stu 0
7732-18-5;water;78-83-1;;313.539935;101.32;1;0.981220203328;0.477930719105;1986 ste stu 0
7732-18-5;water;78-83-1;;323.237025;101.32;1;0.981818219037;0.495972000126;1986 ste stu 0
7732-18-5;water;78-83-1;;333.33433;101.32;1;0.981899603614;0.516322657559;1986 ste stu 0
7732-18-5;water;78-83-1;;343.431965;101.32;1;0.982224751829;0.541467668514;1986 ste stu 0
7732-18-5;water;78-83-1;;353.628905;101.32;1;0.981192970699;0.566433939178;1986 ste stu 0
7732-18-5;water;78-83-1;;363.82623;101.32;1;0.980100075314;0.598569544958;1986 ste stu 0
7732-18-5;water;78-83-1;;307.59172;101.0;1;0.9808;0.4551;1986 zha zha 0
7732-18-5;water;78-83-1;;313.040085;101.0;1;0.9815;0.4685;1986 zha zha 0
7732-18-5;water;78-83-1;;317.9886;101.0;1;0.9817;0.4799;1986 zha zha 0
7732-18-5;water;78-83-1;;322.78716;101.0;1;0.9818;0.4924;1986 zha zha 0
7732-18-5;water;78-83-1;;333.88422;101.0;1;0.9807;0.5137;1986 zha zha 0
7732-18-5;water;78-83-1;;343.531935;101.0;1;0.9797;0.5412;1986 zha zha 0
7732-18-5;water;78-83-1;;353.428965;101.0;1;0.9783;0.5714;1986 zha zha 0
7732-18-5;water;78-83-1;;362.27654;101.0;1;0.9768;0.596;1986 zha zha 0
7732-18-5;water;78-83-1;;291.9956;101.3;1;0.978668759756;0.447184131493;1989 dua loz 0
7732-18-5;water;78-83-1;;297.9944;101.3;1;0.979;0.453;1989 let sew 1
7732-18-5;water;78-83-1;;298.2;101.325;1;0.9817;0.4421;1990 fai sma 0
7732-18-5;water;78-83-1;;298.15;101.0;1;0.979;0.452;1991 let rav 0
7732-18-5;water;78-83-1;;298.2;101.0;1;0.979;0.454;1991 let sis 0
7732-18-5;water;78-83-1;;298.15;101.0;1;0.979027714005;0.452018430796;1996 gom rui 0
7732-18-5;water;78-83-1;;293.15;101.0;1;0.978;0.483;2008 kad dec 0
7732-18-5;water;78-83-1;;298.15;101.0;1;0.9791;-1.0;2011 ber gra 0
7732-18-5;water;78-83-1;;298.15;101.0;1;0.977920826856;0.448442625295;2011 kov gol 0
7732-18-5;water;78-83-1;;303.2;101.0;1;0.976;0.45;2014 nar nai 0
7732-18-5;water;78-83-1;;323.2;101.0;1;0.976;0.488;2014 nar nai 0
7732-18-5;water;78-83-1;;343.2;101.0;1;0.981;0.542;2014 nar nai 0
7732-18-5;water;78-83-1;;303.15;100.0;1;0.9789;0.459;2017 gin mus 0
7732-18-5;water;78-83-1;;313.15;100.0;1;0.9758;0.472;2017 gin mus 0
7732-18-5;water;78-83-1;;288.2;100.41;1;0.978502834339;0.436983977868;2018 li zha 2
7732-18-5;water;78-83-1;;298.2;100.41;1;0.979688425349;0.461179822336;2018 li zha 2
7732-18-5;water;78-83-1;;308.2;100.41;1;0.9822788826;0.473042202039;2018 li zha 2
7732-18-5;water;78-83-1;;318.2;100.41;1;0.982495232849;0.485734906521;2018 li zha 2
7732-18-5;water;78-83-1;;298.15;101.5;1;0.979027714005;0.446643665113;2020 li wan 1
7732-18-5;water;78-83-1;;293.15;101.3;1;0.977670789257;0.453618000032;2021 yan che 0
7732-18-5;water;78-83-1;;303.15;101.3;1;0.979193131484;0.455565050646;2021 yan che 0
7732-18-5;water;78-83-1;;313.15;101.3;1;0.9804286812;0.468268163385;2021 yan che 0
7732-18-5;water;78-83-1;;323.15;101.3;1;0.980729347357;0.482099946254;2021 yan che 0
7732-18-5;water;78-83-1;;299.275544;101.0;1;-1.0;0.458556996273;1945 alb was 0
7732-18-5;water;78-83-1;;299.645396;101.0;1;-1.0;0.458206076744;1945 alb was 0
7732-18-5;water;78-83-1;;298.136;101.0;1;-1.0;0.457503380351;1945 alb was 0
7732-18-5;water;78-83-1;;296.456672;101.0;1;-1.0;0.455211691827;1945 alb was 0
7732-18-5;water;78-83-1;;298.15;101.32;1;-1.0;0.452;1992 let rav 0
7732-18-5;water;78-83-1;;313.15;97.0;1;-1.0;0.478600577819;2019 xu zhu 1
7732-18-5;water;78-83-1;;323.15;97.0;1;-1.0;0.500600453886;2019 xu zhu 1
7732-18-5;water;78-93-3;;346.73;-1.0;1;0.9536;-1.0;2017 bri kou 0
7732-18-5;water;78-93-3;;346.73;-1.0;1;-1.0;0.4161;2017 bri kou 0
7732-18-5;water;78-93-3;;248.17;101.325;1;0.8439;-1.0;1898 rot & 0
7732-18-5;water;78-93-3;;274.74904;101.325;1;0.9025;-1.0;1898 rot & 0
7732-18-5;water;78-93-3;;293.73776;101.325;1;0.9326;-1.0;1898 rot & 0
7732-18-5;water;78-93-3;;308.132;101.325;1;0.9429;-1.0;1898 rot & 0
7732-18-5;water;78-93-3;;335.324;101.325;1;0.9564;-1.0;1898 rot & 0
7732-18-5;water;78-93-3;;372.42393;101.325;1;0.9533;-1.0;1898 rot & 0
7732-18-5;water;78-93-3;;397.02817;101.325;1;0.9429;-1.0;1898 rot & 0
7732-18-5;water;78-93-3;;405.53048;101.325;1;0.9326;-1.0;1898 rot & 0
7732-18-5;water;78-93-3;;418.23302;101.325;1;0.9025;-1.0;1898 rot & 0
7732-18-5;water;78-93-3;;424.03436;101.325;1;0.8439;-1.0;1898 rot & 0
7732-18-5;water;78-93-3;;415.73252;101.325;1;0.7056;-1.0;1898 rot & 0
7732-18-5;water;78-93-3;;418.93316;101.325;1;0.797;-1.0;1898 rot & 0
7732-18-5;water;78-93-3;;254.1652;101.325;1;-1.0;0.3219;1898 rot & 0
7732-18-5;water;78-93-3;;316.92886;101.325;1;-1.0;0.2861;1898 rot & 0
7732-18-5;water;78-93-3;;351.62315;101.325;1;-1.0;0.3944;1898 rot & 0
7732-18-5;water;78-93-3;;385.72626;101.325;1;-1.0;0.5066;1898 rot & 0
7732-18-5;water;78-93-3;;399.92904;101.325;1;-1.0;0.5779;1898 rot & 0
7732-18-5;water;78-93-3;;293.138;101.0;1;0.926;0.306;1929 jon & 0
7732-18-5;water;78-93-3;;293.138;101.0;1;0.920839620726;-1.0;1935 doo & 0
7732-18-5;water;78-93-3;;293.138;101.0;1;0.967656178223;-1.0;1935 doo & 0
7732-18-5;water;78-93-3;;293.138;101.0;1;0.931626023159;0.405897253528;1936 eva & 0
7732-18-5;water;78-93-3;;293.138;101.0;1;0.914110511974;0.344140621802;1940 gin plo 0
7732-18-5;water;78-93-3;;298.136;101.0;1;0.920954404173;0.34699590661;1940 gin plo 0
7732-18-5;water;78-93-3;;303.134;101.0;1;0.926613190385;0.349834750616;1940 gin plo 0
7732-18-5;water;78-93-3;;298.136;101.325;1;0.922;0.364;1944 mou wal 0
7732-18-5;water;78-93-3;;298.136;101.0;1;0.925381632195;0.307831217288;1949 new hay 0
7732-18-5;water;78-93-3;;298.136;101.325;1;0.9254;0.308;1949 tre von 0
7732-18-5;water;78-93-3;;254.654808;101.325;1;0.8723;0.3757;1951 ran mck 0
7732-18-5;water;78-93-3;;264.55688;101.325;1;0.8585;0.3765;1951 ran mck 0
7732-18-5;water;78-93-3;;270.622024;101.325;1;0.8302;0.3965;1951 ran mck 0
7732-18-5;water;78-93-3;;298.136;101.0;1;0.923878791084;0.365898726861;1952 oth chu 0
7732-18-5;water;78-93-3;;298.136;101.0;1;0.923878791084;-1.0;1952 oth chu 0
7732-18-5;water;78-93-3;;310.98086;101.0;1;0.932733228348;0.363787258087;1954 jon mcc 0
7732-18-5;water;78-93-3;;299.83532;101.0;1;0.926873473994;0.363787258087;1954 skr mur 0
7732-18-5;water;78-93-3;;298.136;101.325;1;0.9232;0.357;1956 reg bru 0
7732-18-5;water;78-93-3;;300.1352;101.0;1;0.939126581621;0.342154179929;1957 rao rao 0
7732-18-5;water;78-93-3;;300.1352;101.0;1;0.931284197965;-1.0;1957 rao rao 0
7732-18-5;water;78-93-3;;415.73252;101.0;1;0.830280578492;-1.0;1958 cam kar 0
7732-18-5;water;78-93-3;;261.75912;101.0;1;0.837021207441;0.378376844116;1958 cam kar 0
7732-18-5;water;78-93-3;;278.147;101.0;1;0.884617224618;0.374253402409;1958 cam kar 0
7732-18-5;water;78-93-3;;298.136;101.0;1;0.921221983779;0.344360846042;1958 cam kar 0
7732-18-5;water;78-93-3;;323.127;101.0;1;0.939126581621;0.372178295024;1958 cam kar 0
7732-18-5;water;78-93-3;;338.124;101.0;1;0.947004624666;0.398473244774;1958 cam kar 0
7732-18-5;water;78-93-3;;358.123;101.0;1;0.94599497069;0.434415082699;1958 cam kar 0
7732-18-5;water;78-93-3;;388.1265;101.0;1;0.937371226101;0.545938361964;1958 cam kar 0
7732-18-5;water;78-93-3;;413.132;101.0;1;0.896092211774;0.729049941268;1958 cam kar 0
7732-18-5;water;78-93-3;;415.73252;101.0;1;0.830280578492;-1.0;1958 cam kar 0
7732-18-5;water;78-93-3;;298.136;101.325;1;0.9212;0.39;1960 aba pop 0
7732-18-5;water;78-93-3;;280.6455;101.0;1;0.89086991131;0.40627687899;1960 sie sor 0
7732-18-5;water;78-93-3;;282.6443;101.0;1;0.893496572654;0.412044614268;1960 sie sor 0
7732-18-5;water;78-93-3;;284.1434;101.0;1;0.898657375026;0.330971428476;1960 sie sor 0
7732-18-5;water;78-93-3;;284.1434;101.0;1;0.908623757736;-1.0;1960 sie sor 0
7732-18-5;water;78-93-3;;291.1392;101.0;1;0.909029108482;0.305458280295;1960 sie sor 0
7732-18-5;water;78-93-3;;291.6389;101.0;1;0.910240528331;0.361666549634;1960 sie sor 0
7732-18-5;water;78-93-3;;303.6338;101.0;1;0.926873473994;0.273579480081;1960 sie sor 0
7732-18-5;water;78-93-3;;308.132;101.0;1;0.932733228348;0.278612041855;1960 sie sor 0
7732-18-5;water;78-93-3;;313.13;101.0;1;0.937371226101;0.283597019308;1960 sie sor 0
7732-18-5;water;78-93-3;;318.1285;101.0;1;0.937723547632;0.317214374883;1960 sie sor 0
7732-18-5;water;78-93-3;;329.1252;101.0;1;0.945318928839;0.324139796068;1960 sie sor 0
7732-18-5;water;78-93-3;;335.124;101.0;1;0.94599497069;0.33771116452;1960 sie sor 0
7732-18-5;water;78-93-3;;344.1239;101.0;1;0.949340122922;0.344360846042;1960 sie sor 0
7732-18-5;water;78-93-3;;356.123;101.0;1;0.949671460659;0.432592468162;1960 sie sor 0
7732-18-5;water;78-93-3;;386.1263;101.0;1;0.935172737772;-1.0;1960 sie sor 0
7732-18-5;water;78-93-3;;405.1304;101.0;1;0.903988846338;-1.0;1960 sie sor 0
7732-18-5;water;78-93-3;;410.1314;101.0;1;0.872905123244;-1.0;1960 sie sor 0
7732-18-5;water;78-93-3;;411.1316;101.0;1;0.862467864954;-1.0;1960 sie sor 0
7732-18-5;water;78-93-3;;386.1263;101.0;1;0.935172737772;-1.0;1960 sie sor 0
7732-18-5;water;78-93-3;;405.1304;101.0;1;0.903988846338;-1.0;1960 sie sor 0
7732-18-5;water;78-93-3;;410.1314;101.0;1;0.872905123244;-1.0;1960 sie sor 0
7732-18-5;water;78-93-3;;411.1316;101.0;1;0.862467864954;-1.0;1960 sie sor 0
7732-18-5;water;78-93-3;;312.6302;101.0;1;0.935172737772;-1.0;1960 sie sor 0
7732-18-5;water;78-93-3;;288.6407;101.0;1;0.903988846338;-1.0;1960 sie sor 0
7732-18-5;water;78-93-3;;272.6504;101.0;1;0.872905123244;-1.0;1960 sie sor 0
7732-18-5;water;78-93-3;;269.1532;101.0;1;0.862467864954;-1.0;1960 sie sor 0
7732-18-5;water;78-93-3;;312.1304;101.0;1;0.935172737772;-1.0;1960 sie sor 0
7732-18-5;water;78-93-3;;289.1404;101.0;1;0.903988846338;-1.0;1960 sie sor 0
7732-18-5;water;78-93-3;;273.15;101.0;1;0.872905123244;-1.0;1960 sie sor 0
7732-18-5;water;78-93-3;;268.6536;101.0;1;0.862467864954;-1.0;1960 sie sor 0
7732-18-5;water;78-93-3;;395.1276;101.0;1;-1.0;0.678950251742;1960 sie sor 0
7732-18-5;water;78-93-3;;366.1233;101.0;1;-1.0;0.484563714313;1960 sie sor 0
7732-18-5;water;78-93-3;;354.123;101.0;1;-1.0;0.434778720562;1960 sie sor 0
7732-18-5;water;78-93-3;;395.1276;101.0;1;-1.0;0.678950251742;1960 sie sor 0
7732-18-5;water;78-93-3;;366.1233;101.0;1;-1.0;0.484563714313;1960 sie sor 0
7732-18-5;water;78-93-3;;354.123;101.0;1;-1.0;0.434778720562;1960 sie sor 0
7732-18-5;water;78-93-3;;270.652;101.0;1;-1.0;0.484563714313;1960 sie sor 0
7732-18-5;water;78-93-3;;276.1482;101.0;1;-1.0;0.434778720562;1960 sie sor 0
7732-18-5;water;78-93-3;;271.1516;101.0;1;-1.0;0.484563714313;1960 sie sor 0
7732-18-5;water;78-93-3;;275.6485;101.0;1;-1.0;0.434778720562;1960 sie sor 0
7732-18-5;water;78-93-3;;293.138;101.0;1;0.921;0.37;1964 alt mor 0
7732-18-5;water;78-93-3;;313.13;101.0;1;0.941;0.364;1964 alt mor 0
7732-18-5;water;78-93-3;;313.369928;101.0;1;0.942;0.361;1964 alt mor 0
7732-18-5;water;78-93-3;;330.194879;101.0;1;0.945;0.365;1964 alt mor 0
7732-18-5;water;78-93-3;;333.124;101.0;1;0.948;0.349;1964 alt mor 0
7732-18-5;water;78-93-3;;340.244;101.0;1;0.952;0.368;1964 alt mor 0
7732-18-5;water;78-93-3;;343.124;101.0;1;0.952;0.368;1964 alt mor 0
7732-18-5;water;78-93-3;;346.903622;101.0;1;0.95;0.387;1964 alt mor 0
7732-18-5;water;78-93-3;;298.136;101.0;1;0.925381632195;0.307831217288;1966 pli tre 2
7732-18-5;water;78-93-3;;307.98206;101.325;1;0.931284197965;0.374253402409;1967 mur rao 0
7732-18-5;water;78-93-3;;298.14437;101.325;1;0.92863;0.343;1970 kru shc 2
7732-18-5;water;78-93-3;;293.14537;101.0;1;0.925381632195;0.368001016207;1970 rud kon 0
7732-18-5;water;78-93-3;;293.14537;101.0;1;0.925381632195;-1.0;1970 rud kon 0
7732-18-5;water;78-93-3;;298.14437;101.0;1;0.928538798141;0.325742162091;1971 igu fus 3
7732-18-5;water;78-93-3;;330.204956;101.325;1;0.947;0.35;1975 bud les 3
7732-18-5;water;78-93-3;;293.09538;101.325;1;0.937;0.3078;1975 kru vor 0
7732-18-5;water;78-93-3;;318.08857;101.325;1;0.9487;0.3264;1975 kru vor 0
7732-18-5;water;78-93-3;;333.08438;101.325;1;0.9536;0.3531;1975 kru vor 0
7732-18-5;water;78-93-3;;298.19436;100.0;1;0.921603638126;0.326427333334;1979 hun lam 0
7732-18-5;water;78-93-3;;303.39298;100.0;1;0.926128920447;0.300679298926;1979 hun lam 0
7732-18-5;water;78-93-3;;309.09127;100.0;1;0.924631594142;0.319533388536;1979 hun lam 0
7732-18-5;water;78-93-3;;312.89013;100.0;1;0.940866431065;0.344360846042;1979 hun lam 0
7732-18-5;water;78-93-3;;318.08857;100.0;1;0.935600156285;0.342154179929;1979 hun lam 0
7732-18-5;water;78-93-3;;323.9868;100.0;1;0.937371226101;0.328704520776;1979 hun lam 0
7732-18-5;water;78-93-3;;328.18554;100.0;1;0.948675726277;0.357397170027;1979 hun lam 0
7732-18-5;water;78-93-3;;329.48515;100.0;1;0.945318928839;0.333228125885;1979 hun lam 0
7732-18-5;water;78-93-3;;342.68219;100.0;1;0.951319602692;0.38449593205;1979 hun lam 0
7732-18-5;water;78-93-3;;354.17874;100.0;1;0.950662049321;0.428924968797;1979 hun lam 0
7732-18-5;water;78-93-3;;373.17436;100.0;1;0.942934070143;0.517002990172;1979 hun lam 0
7732-18-5;water;78-93-3;;303.143055;101.0;1;0.962223785529;0.292939777251;1979 rao rao 0
7732-18-5;water;78-93-3;;298.14437;101.0;1;0.921603638126;0.350922265989;1983 bev ric 1
7732-18-5;water;78-93-3;;346.541032;101.325;1;0.9489;0.4199;1983 cho och 0
7732-18-5;water;78-93-3;;273.15;101.325;1;0.8321;0.3571;1983 fer mar 3
7732-18-5;water;78-93-3;;278.149270073;101.325;1;0.8597;0.3369;1983 fer mar 3
7732-18-5;water;78-93-3;;283.148055;101.325;1;0.8842;0.333;1983 fer mar 3
7732-18-5;water;78-93-3;;288.146555;101.325;1;0.8973;0.3392;1983 fer mar 3
7732-18-5;water;78-93-3;;293.14537;101.325;1;0.907;0.3388;1983 fer mar 3
7732-18-5;water;78-93-3;;298.14437;101.325;1;0.9138;0.3429;1983 fer mar 3
7732-18-5;water;78-93-3;;308.141555;101.325;1;0.9282;0.3581;1983 fer mar 3
7732-18-5;water;78-93-3;;318.138555;101.325;1;0.935;0.3786;1983 fer mar 3
7732-18-5;water;78-93-3;;328.135555;101.325;1;0.9458;0.3925;1983 fer mar 3
7732-18-5;water;78-93-3;;338.13337;101.325;1;0.9482;0.411;1983 fer mar 3
7732-18-5;water;78-93-3;;288.146555;101.3;1;0.906994574837;0.35309009534;1984 rui gal 0
7732-18-5;water;78-93-3;;289.146255;101.3;1;0.907810726741;0.348744824135;1984 rui gal 0
7732-18-5;water;78-93-3;;290.14597;101.3;1;0.909433685689;0.348744824135;1984 rui gal 0
7732-18-5;water;78-93-3;;291.14577;101.3;1;0.911445045789;0.348744824135;1984 rui gal 0
7732-18-5;water;78-93-3;;292.14557;101.3;1;0.913040433591;0.348744824135;1984 rui gal 0
7732-18-5;water;78-93-3;;293.14537;101.3;1;0.913833608166;0.348744824135;1984 rui gal 0
7732-18-5;water;78-93-3;;298.14437;101.3;1;0.921984585734;0.363787258087;1984 rui gal 0
7732-18-5;water;78-93-3;;303.143055;101.3;1;0.922364828564;0.374253402409;1984 rui gal 0
7732-18-5;water;78-93-3;;297.59448;101.325;1;0.9357;0.3186;1986 bur kic 0
7732-18-5;water;78-93-3;;298.14437;101.325;1;0.921;0.335;1987 cor arc 0
7732-18-5;water;78-93-3;;308.141555;101.325;1;0.932;0.348;1987 cor arc 0
7732-18-5;water;78-93-3;;318.138555;101.325;1;0.942;0.358;1987 cor arc 0
7732-18-5;water;78-93-3;;333.13437;101.3;1;0.948;0.349;1987 zou pra 0
7732-18-5;water;78-93-3;;343.132055;101.3;1;0.952;0.368;1987 zou pra 0
7732-18-5;water;78-93-3;;273.100015873;101.3;1;0.8791;0.3784;1989 ghi nan 0
7732-18-5;water;78-93-3;;313.140055;101.3;1;0.9446;0.3399;1989 ghi nan 0
7732-18-5;water;78-93-3;;263.15237;101.3;1;0.8552;-1.0;1989 ghi nan 0
7732-18-5;water;78-93-3;;273.100115841;101.3;1;0.8791;-1.0;1989 ghi nan 0
7732-18-5;water;78-93-3;;313.140055;101.3;1;0.9446;-1.0;1989 ghi nan 0
7732-18-5;water;78-93-3;;263.05239;101.3;1;-1.0;0.4063;1989 ghi nan 0
7732-18-5;water;78-93-3;;266.38;101.3;1;0.8623;-1.0;1990 och tad 0
7732-18-5;water;78-93-3;;302.14;101.3;1;0.9299;-1.0;1990 och tad 0
7732-18-5;water;78-93-3;;334.29;101.3;1;0.948;-1.0;1990 och tad 0
7732-18-5;water;78-93-3;;369.68;101.3;1;0.948;-1.0;1990 och tad 0
7732-18-5;water;78-93-3;;387.09;101.3;1;0.9402;-1.0;1990 och tad 0
7732-18-5;water;78-93-3;;396.09;101.3;1;0.9299;-1.0;1990 och tad 0
7732-18-5;water;78-93-3;;408.55;101.3;1;0.9074;-1.0;1990 och tad 0
7732-18-5;water;78-93-3;;414.95;101.3;1;0.8527;-1.0;1990 och tad 0
7732-18-5;water;78-93-3;;415.07;101.3;1;0.8205;-1.0;1990 och tad 0
7732-18-5;water;78-93-3;;415.43;101.3;1;0.8059;-1.0;1990 och tad 0
7732-18-5;water;78-93-3;;259.63;101.3;1;-1.0;0.4037;1990 och tad 0
7732-18-5;water;78-93-3;;266.2;101.3;1;-1.0;0.3759;1990 och tad 0
7732-18-5;water;78-93-3;;273.68;101.3;1;-1.0;0.3622;1990 och tad 0
7732-18-5;water;78-93-3;;275.88;101.3;1;-1.0;0.3596;1990 och tad 0
7732-18-5;water;78-93-3;;298.21;101.3;1;-1.0;0.3581;1990 och tad 0
7732-18-5;water;78-93-3;;314.82;101.3;1;-1.0;0.3723;1990 och tad 0
7732-18-5;water;78-93-3;;332.23;101.3;1;-1.0;0.3979;1990 och tad 0
7732-18-5;water;78-93-3;;333.74;101.3;1;-1.0;0.3975;1990 och tad 0
7732-18-5;water;78-93-3;;339.09;101.3;1;-1.0;0.4133;1990 och tad 0
7732-18-5;water;78-93-3;;360.35;101.3;1;-1.0;0.4626;1990 och tad 0
7732-18-5;water;78-93-3;;364.31;101.3;1;-1.0;0.4769;1990 och tad 0
7732-18-5;water;78-93-3;;374.2;101.3;1;-1.0;0.51;1990 och tad 0
7732-18-5;water;78-93-3;;379.83;101.3;1;-1.0;0.5423;1990 och tad 0
7732-18-5;water;78-93-3;;401.91;101.3;1;-1.0;0.6425;1990 och tad 0
7732-18-5;water;78-93-3;;410.05;101.3;1;-1.0;0.6984;1990 och tad 0
7732-18-5;water;78-93-3;;413.6;101.3;1;-1.0;0.7543;1990 och tad 0
7732-18-5;water;78-93-3;;273.15;101.32;1;0.878185165602;0.328704520776;1992 ste & 0
7732-18-5;water;78-93-3;;282.75;101.32;1;0.899081976953;0.333228125885;1992 ste & 0
7732-18-5;water;78-93-3;;292.45;101.32;1;0.913040433591;0.33547468183;1992 ste & 0
7732-18-5;water;78-93-3;;302.85;101.32;1;0.925006957841;0.33771116452;1992 ste & 0
7732-18-5;water;78-93-3;;312.75;101.32;1;0.934171843826;0.346557705702;1992 ste & 0
7732-18-5;water;78-93-3;;322.85;101.32;1;0.939126581621;0.350922265989;1992 ste & 0
7732-18-5;water;78-93-3;;333.75;101.32;1;0.948009024788;0.382464970569;1992 ste & 0
7732-18-5;water;78-93-3;;343.35;101.32;1;0.94734000644;0.388531930254;1992 ste & 0
7732-18-5;water;78-93-3;;293.15;101.3;1;0.9207;0.3483;1993 hu che 1
7732-18-5;water;78-93-3;;303.15;101.3;1;0.9309;0.3382;1993 hu che 1
7732-18-5;water;78-93-3;;303.15;101.3;1;0.9439;-1.0;1993 hu che 1
7732-18-5;water;78-93-3;;313.15;101.3;1;0.9359;0.3398;1993 hu che 1
7732-18-5;water;78-93-3;;323.15;101.3;1;0.9447;0.381;1993 hu che 1
7732-18-5;water;78-93-3;;323.15;101.3;1;0.9439;-1.0;1993 hu che 1
7732-18-5;water;78-93-3;;298.15;101.3;1;0.922;0.342;1995 arc bla 0
7732-18-5;water;78-93-3;;308.15;101.3;1;0.934;0.353;1995 arc bla 0
7732-18-5;water;78-93-3;;318.15;101.3;1;0.939;0.357;1995 arc bla 0
7732-18-5;water;78-93-3;;298.15;101.0;1;0.923878791084;0.342154179929;1995 gom pra 0
7732-18-5;water;78-93-3;;298.15;101.3;1;0.920839620726;0.348744824135;1999 als kap 0
7732-18-5;water;78-93-3;;288.15;101.0;1;0.9085;0.338;2005 kat ama 0
7732-18-5;water;78-93-3;;298.15;101.0;1;0.9205;0.343;2005 kat ama 0
7732-18-5;water;78-93-3;;308.15;101.0;1;0.9317;0.349;2005 kat ama 0
7732-18-5;water;78-93-3;;283.15;101.0;1;0.920242436213;-1.0;2012 ben lef 0
7732-18-5;water;78-93-3;;288.15;101.0;1;0.927267622074;-1.0;2012 ben lef 0
7732-18-5;water;78-93-3;;293.15;101.0;1;0.936165868558;0.337342596171;2012 ben lef 0
7732-18-5;water;78-93-3;;298.15;101.0;1;0.946784285047;0.329979123959;2012 ben lef 0
7732-18-5;water;78-93-3;;303.15;101.0;1;0.958804233054;-1.0;2012 ben lef 0
7732-18-5;water;78-93-3;;298.15;100.0;1;0.9226;0.3164;2016 wan che 3
7732-18-5;water;78-93-3;;303.15;100.0;1;0.9312;0.3273;2016 wan che 3
7732-18-5;water;78-93-3;;293.15;100.0;1;0.9115;0.3209;2016 wan che 3
7732-18-5;water;78-93-3;;313.15;100.0;1;0.9352;0.322;2016 wan che 3
7732-18-5;water;78-93-3;;298.2;100.0;1;0.921717996527;0.341711664151;2020 ebr gil 0
7732-18-5;water;78-93-3;;308.2;100.0;1;0.932624913737;0.350704955419;2020 ebr gil 0
7732-18-5;water;78-93-3;;318.2;100.0;1;0.939894013545;0.357182715683;2020 ebr gil 0
7732-18-5;water;78-93-3;;346.72364;-1.0;1;-1.0;0.41299893103;1906 mar & 0
7732-18-5;water;78-93-3;;298.136;101.325;1;-1.0;0.32;1932 par hof 0
7732-18-5;water;78-93-3;;298.136;101.325;1;-1.0;0.31;1932 par hof 0
7732-18-5;water;78-93-3;;298.14437;101.0;1;-1.0;0.312544364396;1970 kru gla 2
7732-18-5;water;79-20-9;;323.24;-1.0;1;0.93;-1.0;2008 hsi ji 0
7732-18-5;water;79-20-9;;343.15;-1.0;1;0.923;-1.0;2008 hsi ji 0
7732-18-5;water;79-20-9;;323.24;-1.0;1;-1.0;0.3406;2008 hsi ji 0
7732-18-5;water;79-20-9;;343.15;-1.0;1;-1.0;0.4429;2008 hsi ji 0
7732-18-5;water;79-20-9;;313.24;-1.0;1;0.9316;-1.0;2008 hsi lee 0
7732-18-5;water;79-20-9;;323.24;-1.0;1;0.93;-1.0;2008 hsi lee 0
7732-18-5;water;79-20-9;;333.15;-1.0;1;0.9295;-1.0;2008 hsi lee 0
7732-18-5;water;79-20-9;;343.15;-1.0;1;0.923;-1.0;2008 hsi lee 0
7732-18-5;water;79-20-9;;313.24;-1.0;1;-1.0;0.303;2008 hsi lee 0
7732-18-5;water;79-20-9;;323.24;-1.0;1;-1.0;0.3406;2008 hsi lee 0
7732-18-5;water;79-20-9;;333.15;-1.0;1;-1.0;0.3848;2008 hsi lee 0
7732-18-5;water;79-20-9;;343.15;-1.0;1;-1.0;0.4429;2008 hsi lee 0
7732-18-5;water;79-20-9;;295.1372;101.0;1;0.925;-1.0;1884 tra & 0
7732-18-5;water;79-20-9;;273.15;101.325;1;0.9252;-1.0;1906 ray & 0
7732-18-5;water;79-20-9;;283.144;101.325;1;0.9269;-1.0;1906 ray & 0
7732-18-5;water;79-20-9;;293.138;101.325;1;0.928;-1.0;1906 ray & 0
7732-18-5;water;79-20-9;;303.134;101.325;1;0.9283;-1.0;1906 ray & 0
7732-18-5;water;79-20-9;;293.138;101.0;1;0.92740625381;-1.0;1924 fuh & 0
7732-18-5;water;79-20-9;;266.60524;101.325;1;0.9231;0.214;1928 hil & 0
7732-18-5;water;79-20-9;;273.15;101.325;1;0.925;0.219;1928 hil & 0
7732-18-5;water;79-20-9;;283.144;101.325;1;0.9265;0.236;1928 hil & 0
7732-18-5;water;79-20-9;;293.138;101.325;1;0.9279;0.244;1928 hil & 0
7732-18-5;water;79-20-9;;298.136;101.325;1;0.9283;0.257;1928 hil & 0
7732-18-5;water;79-20-9;;303.134;101.325;1;0.9287;0.271;1928 hil & 0
7732-18-5;water;79-20-9;;313.13;101.325;1;0.9279;0.328;1928 hil & 0
7732-18-5;water;79-20-9;;323.127;101.325;1;0.9265;0.366;1928 hil & 0
7732-18-5;water;79-20-9;;333.124;101.325;1;0.9246;0.403;1928 hil & 0
7732-18-5;water;79-20-9;;353.123;101.325;1;0.9155;0.497;1928 hil & 0
7732-18-5;water;79-20-9;;363.123;101.325;1;0.9048;0.547;1928 hil & 0
7732-18-5;water;79-20-9;;373.124;101.325;1;0.883;0.618;1928 hil & 0
7732-18-5;water;79-20-9;;378.125;101.325;1;0.859;0.679;1928 hil & 0
7732-18-5;water;79-20-9;;381.1256;101.325;1;-1.0;0.788;1928 hil & 0
7732-18-5;water;79-20-9;;381.1256;101.325;1;-1.0;0.788;1928 hil & 0
7732-18-5;water;79-20-9;;278.147;101.0;1;0.9338;-1.0;1928 ken har 0
7732-18-5;water;79-20-9;;294.1376;101.0;1;0.933;-1.0;1928 ken har 0
7732-18-5;water;79-20-9;;308.132;101.0;1;0.9321;-1.0;1928 ken har 0
7732-18-5;water;79-20-9;;331.1246;101.0;1;0.93;-1.0;1928 ken har 0
7732-18-5;water;79-20-9;;332.02433;101.0;1;0.9297;-1.0;1928 ken har 0
7732-18-5;water;79-20-9;;333.224;101.0;1;0.9294;-1.0;1928 ken har 0
7732-18-5;water;79-20-9;;334.824;101.0;1;0.9289;-1.0;1928 ken har 0
7732-18-5;water;79-20-9;;342.224;101.0;1;0.9249;-1.0;1928 ken har 0
7732-18-5;water;79-20-9;;343.62395;101.0;1;0.9234;-1.0;1928 ken har 0
7732-18-5;water;79-20-9;;345.02381;101.0;1;0.9227;-1.0;1928 ken har 0
7732-18-5;water;79-20-9;;356.623;101.0;1;0.9117;-1.0;1928 ken har 0
7732-18-5;water;79-20-9;;303.134;101.0;1;0.920904828116;0.306382947697;1954 mur ven 1
7732-18-5;water;79-20-9;;303.134;1.0;1;0.923530981867;0.346017519414;1957 ven rao 0
7732-18-5;water;79-20-9;;303.134;1.0;1;0.923530981867;-1.0;1957 ven rao 0
7732-18-5;water;79-20-9;;293.14537;101.3;1;0.930128397537;0.25809201647;1969 rud sob 0
7732-18-5;water;79-20-9;;329.635105;101.0;1;0.929948092288;-1.0;1970 ber gri 0
7732-18-5;water;79-20-9;;352.029385;101.0;1;0.915547105933;-1.0;1970 ber gri 0
7732-18-5;water;79-20-9;;376.52369;101.0;1;0.870284386376;-1.0;1970 ber gri 0
7732-18-5;water;79-20-9;;294.59508;101.325;1;0.9302;-1.0;1980 skr & 0
7732-18-5;water;79-20-9;;295.09498;101.325;1;0.9303;-1.0;1980 skr & 0
7732-18-5;water;79-20-9;;297.29454;101.325;1;0.9313;-1.0;1980 skr & 0
7732-18-5;water;79-20-9;;305.09247;101.325;1;0.9347;-1.0;1980 skr & 0
7732-18-5;water;79-20-9;;330.9848;101.325;1;0.9347;-1.0;1980 skr & 0
7732-18-5;water;79-20-9;;332.4845;101.325;1;0.934;-1.0;1980 skr & 0
7732-18-5;water;79-20-9;;335.38392;101.325;1;0.9313;-1.0;1980 skr & 0
7732-18-5;water;79-20-9;;336.28374;101.325;1;0.9302;-1.0;1980 skr & 0
7732-18-5;water;79-20-9;;337.08358;101.325;1;0.929;-1.0;1980 skr & 0
7732-18-5;water;79-20-9;;341.58252;101.325;1;0.9254;-1.0;1980 skr & 0
7732-18-5;water;79-20-9;;345.48135;101.325;1;0.9225;-1.0;1980 skr & 0
7732-18-5;water;79-20-9;;348.68039;101.325;1;0.9198;-1.0;1980 skr & 0
7732-18-5;water;79-20-9;;296.4947;101.325;1;-1.0;0.2593;1980 skr & 0
7732-18-5;water;79-20-9;;304.49265;101.325;1;-1.0;0.2845;1980 skr & 0
7732-18-5;water;79-20-9;;316.08917;101.325;1;-1.0;0.3354;1980 skr & 0
7732-18-5;water;79-20-9;;322.68719;101.325;1;-1.0;0.3583;1980 skr & 0
7732-18-5;water;79-20-9;;333.58428;101.325;1;-1.0;0.4056;1980 skr & 0
7732-18-5;water;79-20-9;;341.18264;101.325;1;-1.0;0.4376;1980 skr & 0
7732-18-5;water;79-20-9;;350.77976;101.325;1;-1.0;0.4773;1980 skr & 0
7732-18-5;water;79-20-9;;357.07787;101.325;1;-1.0;0.502;1980 skr & 0
7732-18-5;water;79-20-9;;298.09438;101.325;1;0.9455;0.272;1985 ric via 0
7732-18-5;water;79-20-9;;298.15;100.0;1;0.92895343493;-1.0;2000 seg klo 0
7732-18-5;water;79-20-9;;298.2;100.0;1;0.92897;-1.0;2001 seg klo 0
7732-18-5;water;79-20-9;;303.2;100.0;1;0.92987;-1.0;2001 seg klo 0
7732-18-5;water;79-20-9;;308.2;100.0;1;0.92932;-1.0;2001 seg klo 0
7732-18-5;water;79-20-9;;313.2;100.0;1;0.92974;-1.0;2001 seg klo 0
7732-18-5;water;79-20-9;;318.2;100.0;1;0.92865;-1.0;2001 seg klo 0
7732-18-5;water;79-20-9;;293.15;101.0;1;0.9222;0.2402;2004 qiu ma 0
7732-18-5;water;79-20-9;;303.15;101.0;1;0.9293;0.2792;2004 qiu ma 0
7732-18-5;water;79-20-9;;313.15;101.0;1;0.9314;0.3583;2004 qiu ma 0
7732-18-5;water;79-20-9;;323.15;101.0;1;0.9333;0.3655;2004 qiu ma 0
7732-18-5;water;79-20-9;;298.2;101.32;1;0.93;0.2636;2006 ceh ozm 0
7732-18-5;water;79-20-9;;293.14537;101.0;1;-1.0;0.257292648511;1972 fil mac 0
7732-18-5;water;95-48-7;;308.43188;101.0;1;0.994856628013;-1.0;1915 sid spu 0
7732-18-5;water;95-48-7;;323.32694;101.0;1;0.994487892797;-1.0;1915 sid spu 0
7732-18-5;water;95-48-7;;334.824;101.0;1;0.994047189309;-1.0;1915 sid spu 0
7732-18-5;water;95-48-7;;343.72394;101.0;1;0.993551350851;-1.0;1915 sid spu 0
7732-18-5;water;95-48-7;;350.82323;101.0;1;0.992928183408;-1.0;1915 sid spu 0
7732-18-5;water;95-48-7;;357.723;101.0;1;0.992193382944;-1.0;1915 sid spu 0
7732-18-5;water;95-48-7;;403.73012;101.0;1;0.988514240369;-1.0;1915 sid spu 0
7732-18-5;water;95-48-7;;421.83374;101.0;1;0.980910615302;-1.0;1915 sid spu 0
7732-18-5;water;95-48-7;;431.83748;101.0;1;0.961543336884;-1.0;1915 sid spu 0
7732-18-5;water;95-48-7;;434.83851;101.0;1;0.933184278411;-1.0;1915 sid spu 0
7732-18-5;water;95-48-7;;435.93884;101.0;1;0.896667810503;-1.0;1915 sid spu 0
7732-18-5;water;95-48-7;;433.138;101.0;1;-1.0;0.856512615104;1915 sid spu 0
7732-18-5;water;95-48-7;;430.83708;101.0;1;-1.0;0.801402519115;1915 sid spu 0
7732-18-5;water;95-48-7;;418.83314;101.0;1;-1.0;0.726719074499;1915 sid spu 0
7732-18-5;water;95-48-7;;402.72988;101.0;1;-1.0;0.652909189481;1915 sid spu 0
7732-18-5;water;95-48-7;;360.623;101.0;1;-1.0;0.562324826357;1915 sid spu 0
7732-18-5;water;95-48-7;;329.72502;101.0;1;-1.0;0.522532097759;1915 sid spu 0
7732-18-5;water;95-48-7;;306.73256;101.0;1;-1.0;0.500611099856;1915 sid spu 0
7732-18-5;water;95-48-7;;298.73576;101.0;1;-1.0;0.49131463721;1915 sid spu 0
7732-18-5;water;95-48-7;;437.989455;101.325;1;0.79786;-1.0;1929 sze & 0
7732-18-5;water;95-48-7;;442.290745;101.325;1;0.86401;-1.0;1929 sze & 0
7732-18-5;water;95-48-7;;442.84091;101.325;1;0.9019;-1.0;1929 sze & 0
7732-18-5;water;95-48-7;;379.52528;101.325;1;0.991489;-1.0;1929 sze & 0
7732-18-5;water;95-48-7;;383.126;101.325;1;0.99131;-1.0;1929 sze & 0
7732-18-5;water;95-48-7;;393.127;101.325;1;0.9904;-1.0;1929 sze & 0
7732-18-5;water;95-48-7;;403.13;101.325;1;0.98929;0.6608;1929 sze & 0
7732-18-5;water;95-48-7;;413.132;101.325;1;0.9871;0.7001;1929 sze & 0
7732-18-5;water;95-48-7;;414.88235;101.325;1;0.98629;-1.0;1929 sze & 0
7732-18-5;water;95-48-7;;423.134;101.325;1;0.98311;0.7341;1929 sze & 0
7732-18-5;water;95-48-7;;428.48614;101.325;1;0.97997;-1.0;1929 sze & 0
7732-18-5;water;95-48-7;;433.138;101.325;1;0.9612;0.8098;1929 sze & 0
7732-18-5;water;95-48-7;;437.73938;101.325;1;0.96047;-1.0;1929 sze & 0
7732-18-5;water;95-48-7;;442.04067;101.325;1;0.93439;-1.0;1929 sze & 0
7732-18-5;water;95-48-7;;442.390775;101.325;1;0.91598;-1.0;1929 sze & 0
7732-18-5;water;95-48-7;;442.84091;101.325;1;0.9019;-1.0;1929 sze & 0
7732-18-5;water;95-48-7;;403.38005;101.325;1;-1.0;0.66138;1929 sze & 0
7732-18-5;water;95-48-7;;425.43492;101.325;1;-1.0;0.74119;1929 sze & 0
7732-18-5;water;95-48-7;;318.1285;101.0;1;0.99469876087;0.51440123677;1953 bru gay 0
7732-18-5;water;95-48-7;;333.124;101.325;1;0.9945;0.515;1955 eri dob 0
7732-18-5;water;95-48-7;;353.123;101.325;1;0.9935;0.544;1955 eri dob 0
7732-18-5;water;95-48-7;;373.124;101.325;1;0.992;0.583;1955 eri dob 0
7732-18-5;water;95-48-7;;393.127;101.325;1;0.988;0.627;1955 eri dob 0
7732-18-5;water;95-48-7;;403.13;101.325;1;0.9865;0.663;1955 eri dob 0
7732-18-5;water;95-48-7;;413.132;101.325;1;0.982;0.7;1955 eri dob 0
7732-18-5;water;95-48-7;;423.134;101.325;1;0.975;0.747;1955 eri dob 0
7732-18-5;water;95-48-7;;433.138;101.325;1;0.96;0.808;1955 eri dob 0
7732-18-5;water;95-48-7;;435.1386;101.325;1;0.954;0.828;1955 eri dob 0
7732-18-5;water;95-48-7;;437.1392;101.325;1;0.941;0.853;1955 eri dob 0
7732-18-5;water;95-48-7;;439.1398;101.325;1;0.917;-1.0;1955 eri dob 0
7732-18-5;water;95-48-7;;439.63995;101.325;1;0.9;-1.0;1955 eri dob 0
7732-18-5;water;95-48-7;;293.138;101.325;1;0.996;0.476;1955 eri dob 0
7732-18-5;water;95-48-7;;313.13;101.325;1;0.9955;0.495;1955 eri dob 0
7732-18-5;water;95-48-7;;439.1398;101.325;1;0.885;-1.0;1955 eri dob 0
7732-18-5;water;95-48-7;;439.63995;101.325;1;0.9;-1.0;1955 eri dob 0
7732-18-5;water;95-48-7;;331.42451;101.325;1;0.994364686152;-1.0;1955 ter geb 4
7732-18-5;water;95-48-7;;415.03238;101.325;1;0.985145533773;-1.0;1955 ter geb 4
7732-18-5;water;95-48-7;;432.03756;101.325;1;0.966778705065;-1.0;1955 ter geb 4
7732-18-5;water;95-48-7;;435.93884;101.325;1;0.947921994661;-1.0;1955 ter geb 4
7732-18-5;water;95-48-7;;437.1392;101.325;1;0.943065521717;-1.0;1955 ter geb 4
7732-18-5;water;95-48-7;;437.93944;101.325;1;0.926993761826;-1.0;1955 ter geb 4
7732-18-5;water;95-48-7;;437.93944;101.325;1;0.919168363732;-1.0;1955 ter geb 4
7732-18-5;water;95-48-7;;437.73938;101.325;1;0.900789467312;-1.0;1955 ter geb 4
7732-18-5;water;95-48-7;;437.03917;101.325;1;-1.0;0.871734345913;1955 ter geb 4
7732-18-5;water;95-48-7;;435.63875;101.325;1;-1.0;0.832530032949;1955 ter geb 4
7732-18-5;water;95-48-7;;426.93552;101.325;1;-1.0;0.753989139235;1955 ter geb 4
7732-18-5;water;95-48-7;;405.43046;101.325;1;-1.0;0.665581787677;1955 ter geb 4
7732-18-5;water;95-48-7;;365.1232;101.325;1;-1.0;0.558402813328;1955 ter geb 4
7732-18-5;water;95-48-7;;338.124;101.325;1;-1.0;0.547586024795;1955 ter geb 4
7732-18-5;water;95-48-7;;371.65;101.0;1;0.99048687942;-1.0;1995 doh fen 0
7732-18-5;water;95-48-7;;361.85;101.0;1;0.991302223097;-1.0;1995 doh fen 0
7732-18-5;water;95-48-7;;349.05;101.0;1;0.992352347448;-1.0;1995 doh fen 0
7732-18-5;water;95-48-7;;373.15;101.0;1;0.990211821805;-1.0;1995 doh fen 0
7732-18-5;water;95-48-7;;298.15;101.0;1;0.9958;0.4848;2017 ces nam 0
7732-18-5;water;95-48-7;;303.15;101.0;1;0.9956;0.4898;2017 ces nam 0
7732-18-5;water;95-48-7;;308.15;101.0;1;0.9954;0.4954;2017 ces nam 0
7732-18-5;water;95-48-7;;313.15;101.0;1;0.9953;0.501;2017 ces nam 0
7732-18-5;water;95-48-7;;318.15;101.0;1;0.9952;0.5056;2017 ces nam 0
7732-18-5;water;95-48-7;;323.15;101.0;1;0.9949;0.5154;2017 ces nam 0
7732-18-5;water;95-48-7;;323.15;101.3;1;0.994530101077;0.51479284446;2017 che lv 0
7732-18-5;water;95-48-7;;298.15;101.3;1;0.995155907327;0.490266416239;2017 che lv 0
7732-18-5;water;95-48-7;;333.2;101.3;1;0.99473;0.5134;2017 che zho 1
7732-18-5;water;95-48-7;;343.2;101.3;1;0.99415;0.5386;2017 che zho 1
7732-18-5;water;95-48-7;;298.15;-1.0;1;-1.0;0.4907;2008 kla gre 0
7732-18-5;water;95-48-7;;313.15;-1.0;1;-1.0;0.5002;2008 kla gre 0
7732-18-5;water;95-48-7;;323.15;-1.0;1;-1.0;0.5083;2008 kla gre 0
7732-18-5;water;95-48-7;;333.15;-1.0;1;-1.0;0.517;2008 kla gre 0
7732-18-5;water;95-48-7;;343.15;-1.0;1;-1.0;0.5272;2008 kla gre 0
7732-18-5;water;95-48-7;;363.15;-1.0;1;-1.0;0.5562;2008 kla gre 0
7732-18-5;water;123-51-3;;273.15;101.325;1;0.99167;0.326;1925 bru & 0
7732-18-5;water;123-51-3;;288.141;101.0;1;0.993545206455;0.335336045789;1925 kab mal 0
7732-18-5;water;123-51-3;;288.141;101.0;1;0.993534467622;-1.0;1925 kab mal 0
7732-18-5;water;123-51-3;;288.141;101.0;1;0.99379410173;-1.0;1925 kab mal 0
7732-18-5;water;123-51-3;;293.138;101.0;1;0.994031828615;0.342383908564;1925 kab mal 0
7732-18-5;water;123-51-3;;293.138;101.0;1;0.994025409214;-1.0;1925 kab mal 0
7732-18-5;water;123-51-3;;293.138;101.0;1;0.994249901851;-1.0;1925 kab mal 0
7732-18-5;water;123-51-3;;298.136;101.0;1;0.994354533897;0.349273758408;1925 kab mal 0
7732-18-5;water;123-51-3;;298.136;101.0;1;0.994337456809;-1.0;1925 kab mal 0
7732-18-5;water;123-51-3;;298.136;101.0;1;0.994552892127;-1.0;1925 kab mal 0
7732-18-5;water;123-51-3;;303.134;101.0;1;0.994586988055;0.356236473138;1925 kab mal 0
7732-18-5;water;123-51-3;;303.134;101.0;1;0.99457633403;-1.0;1925 kab mal 0
7732-18-5;water;123-51-3;;303.134;101.0;1;0.994806268574;-1.0;1925 kab mal 0
7732-18-5;water;123-51-3;;293.138;101.325;1;0.99404038733;0.338560163836;1937 gin bau 0
7732-18-5;water;123-51-3;;298.136;101.325;1;0.994424953405;0.342202547702;1937 gin bau 0
7732-18-5;water;123-51-3;;303.134;101.325;1;0.994723283175;0.346073173416;1937 gin bau 0
7732-18-5;water;123-51-3;;293.138;101.325;1;0.99445;-1.0;1945 add & 0
7732-18-5;water;123-51-3;;298.136;101.325;1;0.9945;0.326;1952 don bar 0
7732-18-5;water;123-51-3;;298.136;101.325;1;0.9944;0.33;1954 cri hix 0
7732-18-5;water;123-51-3;;293.138;101.0;1;0.994787122761;-1.0;1954 hyd lan 0
7732-18-5;water;123-51-3;;298.136;101.325;1;0.99483;0.3459;1955 wei gea 0
7732-18-5;water;123-51-3;;322.62715;101.325;1;0.99473;0.389;1955 wei gea 0
7732-18-5;water;123-51-3;;303.23396;101.325;1;0.99464;-1.0;1956 hay sas 0
7732-18-5;water;123-51-3;;283.144;101.0;1;0.994147324247;0.326117116062;1958 arn was 0
7732-18-5;water;123-51-3;;298.136;101.0;1;0.994999696993;0.347099813848;1958 arn was 0
7732-18-5;water;123-51-3;;313.13;101.0;1;0.995423812594;0.362226303329;1958 arn was 0
7732-18-5;water;123-51-3;;298.136;101.0;1;0.994999696993;0.326117116062;1963 aba mih 0
7732-18-5;water;123-51-3;;303.134;101.325;1;0.99498;-1.0;1965 rat dod 0
7732-18-5;water;123-51-3;;298.19436;101.325;1;0.9943;0.3414;1969 kru gla 0
7732-18-5;water;123-51-3;;313.140055;101.325;1;0.99475;0.37;1976 lav les 0
7732-18-5;water;123-51-3;;333.13437;101.325;1;0.99543;0.4;1976 lav les 0
7732-18-5;water;123-51-3;;273.15;101.32;1;0.992143945345;0.333834253109;1984 ste stu 0
7732-18-5;water;123-51-3;;283.248025;101.32;1;0.993418432389;0.335940649416;1984 ste stu 0
7732-18-5;water;123-51-3;;292.94541;101.32;1;0.994488938363;0.342461612632;1984 ste stu 0
7732-18-5;water;123-51-3;;303.342995;101.32;1;0.995233130706;0.359241380672;1984 ste stu 0
7732-18-5;water;123-51-3;;313.140055;101.32;1;0.995466148606;0.363958358214;1984 ste stu 0
7732-18-5;water;123-51-3;;323.037085;101.32;1;0.995783232182;0.389856175003;1984 ste stu 0
7732-18-5;water;123-51-3;;332.93441;101.32;1;0.995444982314;0.399526364087;1984 ste stu 0
7732-18-5;water;123-51-3;;343.132055;101.32;1;0.995614216735;0.419755883419;1984 ste stu 0
7732-18-5;water;123-51-3;;353.129055;101.32;1;0.995423812594;0.433000493938;1984 ste stu 0
7732-18-5;water;123-51-3;;363.12637;101.32;1;0.995275528493;0.452500811959;1984 ste stu 0
7732-18-5;water;123-51-3;;291.9956;101.3;1;0.994552892127;0.339864340674;1989 dua loz 0
7732-18-5;water;123-51-3;;298.2;101.325;1;0.9938;0.3207;1990 fai sma 0
7732-18-5;water;123-51-3;;298.15;101.325;1;0.994925379689;-1.0;1992 dal car 0
7732-18-5;water;123-51-3;;298.15;101.325;1;0.994925379689;-1.0;1995 dal & 0
7732-18-5;water;123-51-3;;293.15;101.0;1;0.994;0.338;2008 kad dec 0
7732-18-5;water;123-51-3;;283.15;101.0;1;0.991376179966;-1.0;2010 fen doh 0
7732-18-5;water;123-51-3;;293.15;101.0;1;0.992736405626;-1.0;2010 fen doh 0
7732-18-5;water;123-51-3;;293.15;101.0;1;0.992630646925;-1.0;2010 fen doh 0
7732-18-5;water;123-51-3;;303.15;101.0;1;0.993356469184;-1.0;2010 fen doh 0
7732-18-5;water;123-51-3;;303.15;101.0;1;0.993484885355;-1.0;2010 fen doh 0
7732-18-5;water;123-51-3;;313.15;101.0;1;0.993842104132;-1.0;2010 fen doh 0
7732-18-5;water;123-51-3;;313.15;101.0;1;0.993916253912;-1.0;2010 fen doh 0
7732-18-5;water;123-51-3;;323.15;101.0;1;0.994059345346;-1.0;2010 fen doh 0
7732-18-5;water;123-51-3;;323.15;101.0;1;0.994229053688;-1.0;2010 fen doh 0
7732-18-5;water;123-51-3;;333.15;101.0;1;0.994162342112;-1.0;2010 fen doh 0
7732-18-5;water;123-51-3;;333.15;101.0;1;0.994024204391;-1.0;2010 fen doh 0
7732-18-5;water;123-51-3;;343.15;101.0;1;0.994059345346;-1.0;2010 fen doh 0
7732-18-5;water;123-51-3;;353.15;101.0;1;0.993484885355;-1.0;2010 fen doh 0
7732-18-5;water;123-51-3;;371.15;101.0;1;0.992788160661;-1.0;2010 fen doh 0
7732-18-5;water;123-51-3;;293.15;101.0;1;0.994083172542;0.119548567971;2010 shc kop 0
7732-18-5;water;123-51-3;;293.15;101.0;1;0.994083172542;-1.0;2012 shc kop 0
7732-18-5;water;123-51-3;;298.0;101.3;1;0.99550847091;0.359740250221;2016 sen bil 1
7732-18-5;water;123-51-3;;293.15;101.0;1;0.99468070617;0.359241380672;2017 beh arm 0
7732-18-5;water;123-51-3;;303.15;101.0;1;0.994339591567;0.373003221141;2017 beh arm 0
7732-18-5;water;123-51-3;;313.15;101.0;1;0.994808395714;0.37996535033;2017 beh arm 0
7732-18-5;water;123-51-3;;288.2;100.41;1;0.994723283175;0.346586783102;2018 li zha 2
7732-18-5;water;123-51-3;;298.2;100.41;1;0.995444982314;0.347356112424;2018 li zha 2
7732-18-5;water;123-51-3;;308.2;100.41;1;0.995804343738;0.363958358214;2018 li zha 2
7732-18-5;water;123-51-3;;318.2;100.41;1;0.996183768742;0.392178334553;2018 li zha 2
7732-18-5;water;123-51-3;;303.15;101.3;1;0.995;0.299;2018 saq fon 0
7732-18-5;water;123-51-3;;313.15;101.3;1;0.995;0.308;2018 saq fon 0
7732-18-5;water;123-51-3;;368.06;101.3;1;0.995;0.446;2018 saq fon 0
7732-18-5;water;123-51-3;;293.2;95.0;1;0.9941;0.3283;2019 oli mor 0
7732-18-5;water;123-51-3;;313.2;95.0;1;0.995;0.3461;2019 oli mor 0
7732-18-5;water;123-51-3;;298.2;101.0;1;0.994893453;0.305827613409;2020 kim yim 0
7732-18-5;water;123-51-3;;308.2;101.0;1;0.995084630161;0.341683977208;2020 kim yim 0
7732-18-5;water;123-51-3;;318.2;101.0;1;0.995190719174;0.393565669049;2020 kim yim 0
7732-18-5;water;123-51-3;;293.15;101.3;1;0.99453157767;0.34012473164;2021 yan li 0
7732-18-5;water;123-51-3;;303.15;101.3;1;0.99531791254;0.35396955637;2021 yan li 0
7732-18-5;water;123-51-3;;313.15;101.3;1;0.995402639444;0.357991776079;2021 yan li 0
7732-18-5;water;123-51-3;;323.15;101.3;1;0.995529626923;0.387521509269;2021 yan li 0
7732-18-5;water;123-51-3;;298.15;101.325;1;-1.0;0.3302;1994 tir gue 0
7732-18-5;water;123-51-3;;303.15;101.325;1;-1.0;0.3766;1994 tir gue 0
7732-18-5;water;75-52-5;;298.14437;-1.0;1;0.9644;-1.0;1986 saz & 0
7732-18-5;water;75-52-5;;298.14437;-1.0;1;-1.0;0.072;1986 saz & 0
7732-18-5;water;75-52-5;;298.136;101.325;1;0.968248512888;0.0646764324124;1931 wri mur 0
7732-18-5;water;75-52-5;;298.136;101.325;1;0.9647;0.0732;1942 sch hun 0
7732-18-5;water;75-52-5;;356.723;101.325;1;0.902;0.365;1942 sch hun 0
7732-18-5;water;75-52-5;;268.154;101.0;1;0.974762742778;-1.0;1950 cor & 0
7732-18-5;water;75-52-5;;291.1392;101.0;1;0.966430766668;-1.0;1950 cor & 0
7732-18-5;water;75-52-5;;310.1312;101.0;1;0.959366143598;-1.0;1950 cor & 0
7732-18-5;water;75-52-5;;321.62745;101.0;1;0.952406988654;-1.0;1950 cor & 0
7732-18-5;water;75-52-5;;330.1249;101.0;1;0.946475841984;-1.0;1950 cor & 0
7732-18-5;water;75-52-5;;341.624;101.0;1;0.935371320379;-1.0;1950 cor & 0
7732-18-5;water;75-52-5;;348.62345;101.0;1;0.925048290678;-1.0;1950 cor & 0
7732-18-5;water;75-52-5;;349.62335;101.0;1;0.921785872138;-1.0;1950 cor & 0
7732-18-5;water;75-52-5;;358.623;101.0;1;0.906400427198;-1.0;1950 cor & 0
7732-18-5;water;75-52-5;;367.1234;101.0;1;0.877951996466;-1.0;1950 cor & 0
7732-18-5;water;75-52-5;;372.62395;101.0;1;0.840191991569;-1.0;1950 cor & 0
7732-18-5;water;75-52-5;;375.1244;101.0;1;0.804225741536;-1.0;1950 cor & 0
7732-18-5;water;75-52-5;;376.72472;101.0;1;0.696671761246;-1.0;1950 cor & 0
7732-18-5;water;75-52-5;;375.6245;101.0;1;-1.0;0.619221326196;1950 cor & 0
7732-18-5;water;75-52-5;;371.1238;101.0;1;-1.0;0.472669838387;1950 cor & 0
7732-18-5;water;75-52-5;;369.1236;101.0;1;-1.0;0.426695709999;1950 cor & 0
7732-18-5;water;75-52-5;;364.1231;101.0;1;-1.0;0.376756559638;1950 cor & 0
7732-18-5;water;75-52-5;;361.623;101.0;1;-1.0;0.341420732458;1950 cor & 0
7732-18-5;water;75-52-5;;353.123;101.0;1;-1.0;0.258068213542;1950 cor & 0
7732-18-5;water;75-52-5;;335.124;101.0;1;-1.0;0.184263354112;1950 cor & 0
7732-18-5;water;75-52-5;;307.6322;101.0;1;-1.0;0.0802361779064;1950 cor & 0
7732-18-5;water;75-52-5;;289.1404;101.0;1;-1.0;0.0439950762538;1950 cor & 0
7732-18-5;water;75-52-5;;274.1494;101.0;1;-1.0;0.0330925305973;1950 cor & 0
7732-18-5;water;75-52-5;;298.136;101.325;1;0.975;0.082;1952 don bar 0
7732-18-5;water;75-52-5;;299.83532;101.325;1;0.969610751086;-1.0;1954 skr mur 0
7732-18-5;water;75-52-5;;298.136;101.325;1;-1.0;0.0615829836493;1954 skr mur 0
7732-18-5;water;75-52-5;;293.138;101.325;1;0.9658;0.0647;1964 sch & 2
7732-18-5;water;75-52-5;;303.134;101.325;1;0.963;0.0795;1964 sch & 2
7732-18-5;water;75-52-5;;313.13;101.325;1;0.9585;0.1025;1964 sch & 2
7732-18-5;water;75-52-5;;323.127;101.325;1;0.952;0.1339;1964 sch & 2
7732-18-5;water;75-52-5;;333.124;101.325;1;0.9439;0.1736;1964 sch & 2
7732-18-5;water;75-52-5;;343.124;101.325;1;0.9337;0.2217;1964 sch & 2
7732-18-5;water;75-52-5;;353.123;101.325;1;0.9219;0.278;1964 sch & 2
7732-18-5;water;75-52-5;;358.123;101.325;1;0.9152;0.3094;1964 sch & 2
7732-18-5;water;75-52-5;;280.1458;101.325;1;0.969;-1.0;1967 zhu mel 0
7732-18-5;water;75-52-5;;304.83332;101.325;1;0.96;-1.0;1967 zhu mel 0
7732-18-5;water;75-52-5;;320.1279;101.325;1;0.952;-1.0;1967 zhu mel 0
7732-18-5;water;75-52-5;;333.124;101.325;1;0.94;-1.0;1967 zhu mel 0
7732-18-5;water;75-52-5;;343.62395;101.325;1;0.931;-1.0;1967 zhu mel 0
7732-18-5;water;75-52-5;;355.123;101.325;1;0.912;-1.0;1967 zhu mel 0
7732-18-5;water;75-52-5;;371.82387;101.325;1;0.866;-1.0;1967 zhu mel 0
7732-18-5;water;75-52-5;;377.6249;101.325;1;0.772;-1.0;1967 zhu mel 0
7732-18-5;water;75-52-5;;377.6249;101.325;1;0.717;-1.0;1967 zhu mel 0
7732-18-5;water;75-52-5;;377.32484;101.325;1;0.649;-1.0;1967 zhu mel 0
7732-18-5;water;75-52-5;;377.6249;101.325;1;0.717;-1.0;1967 zhu mel 0
7732-18-5;water;75-52-5;;306.1328;101.325;1;-1.0;0.083;1967 zhu mel 0
7732-18-5;water;75-52-5;;327.62565;101.325;1;-1.0;0.149;1967 zhu mel 0
7732-18-5;water;75-52-5;;346.62365;101.325;1;-1.0;0.232;1967 zhu mel 0
7732-18-5;water;75-52-5;;365.32322;101.325;1;-1.0;0.374;1967 zhu mel 0
7732-18-5;water;75-52-5;;375.02438;101.325;1;-1.0;0.53;1967 zhu mel 0
7732-18-5;water;75-52-5;;293.14537;101.325;1;0.966;0.064;1970 sch kra 0
7732-18-5;water;75-52-5;;303.143055;101.325;1;0.962;0.084;1970 sch kra 0
7732-18-5;water;75-52-5;;313.140055;101.325;1;0.957;0.107;1970 sch kra 0
7732-18-5;water;75-52-5;;323.137055;101.325;1;0.951;0.135;1970 sch kra 0
7732-18-5;water;75-52-5;;333.13437;101.325;1;0.943;0.173;1970 sch kra 0
7732-18-5;water;75-52-5;;376.42371;101.325;1;0.71;-1.0;1971 ero yun 0
7732-18-5;water;75-52-5;;376.42371;101.325;1;0.71;-1.0;1971 ero yun 0
7732-18-5;water;75-52-5;;313.140055;101.325;1;0.968248512888;0.123713011755;1974 mas & 0
7732-18-5;water;75-52-5;;293.14537;101.325;1;0.971638729878;0.0646764324124;1974 mas & 0
7732-18-5;water;75-52-5;;293.14537;101.325;1;0.972;0.065;1974 zhu mas 1
7732-18-5;water;75-52-5;;313.140055;101.325;1;0.968;0.124;1974 zhu mas 1
7732-18-5;water;75-52-5;;313.140055;101.325;1;0.968248512888;0.123713011755;1975 zhu mas 0
7732-18-5;water;75-52-5;;293.14537;101.325;1;0.971638729878;0.0646764324124;1975 zhu mas 0
7732-18-5;water;75-52-5;;294.09518;101.325;1;0.9658;0.068;1976 saz mar 0
7732-18-5;water;75-52-5;;303.09307;101.325;1;0.962;0.092;1976 saz mar 0
7732-18-5;water;75-52-5;;313.09007;101.325;1;0.9567;0.107;1976 saz mar 0
7732-18-5;water;75-52-5;;293.09538;101.325;1;-1.0;0.068;1976 saz mar 0
7732-18-5;water;75-52-5;;294.14517;101.0;1;0.966;0.068;1977 fil mar 0
7732-18-5;water;75-52-5;;296.14477;101.0;1;0.965;0.069;1977 fil mar 0
7732-18-5;water;75-52-5;;313.140055;101.0;1;0.957;0.107;1977 fil mar 0
7732-18-5;water;75-52-5;;294.19516;101.325;1;0.966;0.068;1989 saz & 0
7732-18-5;water;75-52-5;;296.4947;101.325;1;0.965;-1.0;1989 saz & 0
7732-18-5;water;75-52-5;;303.19304;101.325;1;0.962;-1.0;1989 saz & 0
7732-18-5;water;75-52-5;;305.59232;101.325;1;0.961;-1.0;1989 saz & 0
7732-18-5;water;75-52-5;;312.79016;101.325;1;0.958;-1.0;1989 saz & 0
7732-18-5;water;75-52-5;;313.19004;101.325;1;0.957;-1.0;1989 saz & 0
7732-18-5;water;75-52-5;;319.38818;101.325;1;0.954;-1.0;1989 saz & 0
7732-18-5;water;75-52-5;;302.19334;101.325;1;-1.0;0.08;1989 saz & 0
7732-18-5;water;75-52-5;;309.29121;101.325;1;-1.0;0.095;1989 saz & 0
7732-18-5;water;75-52-5;;315.18944;101.325;1;-1.0;0.112;1989 saz & 0
7732-18-5;water;75-52-5;;319.68809;101.325;1;-1.0;0.124;1989 saz & 0
7732-18-5;water;75-52-5;;327.18584;101.325;1;-1.0;0.149;1989 saz & 0
7732-18-5;water;75-52-5;;338.88322;101.325;1;-1.0;0.185;1989 saz & 0
7732-18-5;water;75-52-5;;298.15;101.325;1;0.964111758554;0.073872738538;1991 rez toi 0
7732-18-5;water;75-52-5;;303.15;101.325;1;0.962014757952;0.0918956170531;1991 rez toi 0
7732-18-5;water;75-52-5;;313.15;101.325;1;0.95811958149;0.1036448746;1991 rez toi 0
7732-18-5;water;75-52-5;;323.15;101.325;1;0.95306493245;0.129334755991;1991 rez toi 0
7732-18-5;water;75-52-5;;333.15;101.325;1;0.949014916157;0.151341969875;1991 rez toi 0
7732-18-5;water;75-52-5;;273.15;101.32;1;0.971638729878;0.0363170712249;1992 ste & 0
7732-18-5;water;75-52-5;;282.65;101.32;1;0.969270964534;0.0471691309052;1992 ste & 0
7732-18-5;water;75-52-5;;292.85;101.32;1;0.966877985482;0.0618929644415;1992 ste & 0
7732-18-5;water;75-52-5;;304.15;101.32;1;0.962365600517;0.0799345228352;1992 ste & 0
7732-18-5;water;75-52-5;;313.55;101.32;1;0.958476431947;0.113756092704;1992 ste & 0
7732-18-5;water;75-52-5;;323.15;101.32;1;0.951232708337;0.181177301996;1992 ste & 0
7732-18-5;water;75-52-5;;333.65;101.32;1;0.950126436418;0.225666936475;1992 ste & 0
7732-18-5;water;75-52-5;;343.65;101.32;1;0.942615338547;0.231864438577;1992 ste & 0
7732-18-5;water;75-52-5;;353.35;101.32;1;0.932880922917;0.282705575845;1992 ste & 0
7732-18-5;water;75-52-5;;303.15;101.0;1;0.962;0.091;1993 rez toi 1
7732-18-5;water;75-52-5;;313.15;101.0;1;0.958;0.105;1993 rez toi 1
7732-18-5;water;75-52-5;;323.15;101.0;1;0.953;0.13;1993 rez toi 1
7732-18-5;water;75-52-5;;333.15;101.0;1;0.949;0.151;1993 rez toi 1
7732-18-5;water;75-52-5;;380.1;101.3;1;0.575770238604;-1.0;1998 mar gra 1
7732-18-5;water;75-52-5;;384.7;101.3;1;0.612384472323;-1.0;1998 mar gra 1
7732-18-5;water;75-52-5;;382.1;101.3;1;0.658315125933;-1.0;1998 mar gra 1
7732-18-5;water;75-52-5;;384.7;101.3;1;0.688236838749;-1.0;1998 mar gra 1
7732-18-5;water;75-52-5;;383.4;101.3;1;0.743071553125;-1.0;1998 mar gra 1
7732-18-5;water;75-52-5;;381.3;101.3;1;0.812379476431;-1.0;1998 mar gra 1
7732-18-5;water;75-52-5;;377.1;101.3;1;0.857092850209;-1.0;1998 mar gra 1
7732-18-5;water;75-52-5;;369.7;101.3;1;0.879277853188;-1.0;1998 mar gra 1
7732-18-5;water;75-52-5;;366.6;101.3;1;0.886288426295;-1.0;1998 mar gra 1
7732-18-5;water;75-52-5;;360.7;101.3;1;0.904270813624;-1.0;1998 mar gra 1
7732-18-5;water;75-52-5;;355.8;101.3;1;0.912382852809;-1.0;1998 mar gra 1
7732-18-5;water;75-52-5;;303.15;101.3;1;0.961311451939;0.0490665380519;1998 mar gra 1
7732-18-5;water;75-52-5;;341.15;101.3;1;0.937991975199;0.227580742881;1998 mar gra 1
7732-18-5;water;75-52-5;;348.15;101.3;1;0.927253760474;0.262360945374;1998 mar gra 1
7732-18-5;water;75-52-5;;363.15;101.3;1;0.903378240097;0.374191570881;1998 mar gra 1
7732-18-5;water;75-52-5;;303.15;101.3;1;0.961311451939;-1.0;1998 mar gra 1
7732-18-5;water;75-52-5;;333.15;101.3;1;0.944893830514;-1.0;1998 mar gra 1
7732-18-5;water;75-52-5;;340.15;101.3;1;0.941084130488;0.227580742881;1998 mar gra 1
7732-18-5;water;75-52-5;;367.6;101.3;1;-1.0;0.410532819279;1998 mar gra 1
7732-18-5;water;75-52-5;;375.5;101.3;1;-1.0;0.465535182922;1998 mar gra 1
7732-18-5;water;75-52-5;;303.15;101.0;1;0.961311451939;-1.0;2000 cla ded 0
7732-18-5;water;75-52-5;;349.03;100.0;1;0.925;-1.0;2001 mil wol 0
7732-18-5;water;75-52-5;;353.9;100.0;1;0.916;-1.0;2001 mil wol 0
7732-18-5;water;75-52-5;;364.07;100.0;1;0.893;-1.0;2001 mil wol 0
7732-18-5;water;75-52-5;;368.09;100.0;1;0.876;-1.0;2001 mil wol 0
7732-18-5;water;75-52-5;;372.59;100.0;1;0.844;-1.0;2001 mil wol 0
7732-18-5;water;75-52-5;;374.63;100.0;1;0.819;-1.0;2001 mil wol 0
7732-18-5;water;75-52-5;;376.16;100.0;1;0.792;-1.0;2001 mil wol 0
7732-18-5;water;75-52-5;;376.51;100.0;1;0.779;-1.0;2001 mil wol 0
7732-18-5;water;75-52-5;;376.87;100.0;1;0.758;-1.0;2001 mil wol 0
7732-18-5;water;75-52-5;;377.05;100.0;1;0.739;0.681;2001 mil wol 0
7732-18-5;water;75-52-5;;377.07;100.0;1;0.727;-1.0;2001 mil wol 0
7732-18-5;water;75-52-5;;377.11;100.0;1;0.716;-1.0;2001 mil wol 0
7732-18-5;water;75-52-5;;377.16;100.0;1;0.705;-1.0;2001 mil wol 0
7732-18-5;water;75-52-5;;377.12;100.0;1;0.703;-1.0;2001 mil wol 0
7732-18-5;water;75-52-5;;377.09;100.0;1;-1.0;0.692;2001 mil wol 0
7732-18-5;water;75-52-5;;376.92;100.0;1;-1.0;0.665;2001 mil wol 0
7732-18-5;water;75-52-5;;376.76;100.0;1;-1.0;0.641;2001 mil wol 0
7732-18-5;water;75-52-5;;376.42;100.0;1;-1.0;0.616;2001 mil wol 0
7732-18-5;water;75-52-5;;375.81;100.0;1;-1.0;0.587;2001 mil wol 0
7732-18-5;water;75-52-5;;374.96;100.0;1;-1.0;0.56;2001 mil wol 0
7732-18-5;water;75-52-5;;372.5;100.0;1;-1.0;0.488;2001 mil wol 0
7732-18-5;water;75-52-5;;368.89;100.0;1;-1.0;0.43;2001 mil wol 0
7732-18-5;water;75-52-5;;365.13;100.0;1;-1.0;0.389;2001 mil wol 0
7732-18-5;water;75-52-5;;361.1;100.0;1;-1.0;0.344;2001 mil wol 0
7732-18-5;water;75-52-5;;355.17;100.0;1;-1.0;0.294;2001 mil wol 0
7732-18-5;water;75-52-5;;348.22;100.0;1;-1.0;0.248;2001 mil wol 0
7732-18-5;water;75-52-5;;376.1246;101.325;1;-1.0;0.642;1907 tim & 1
7732-18-5;water;75-52-5;;298.136;101.0;1;-1.0;0.0732635395823;1941 fow hun 0
872-50-4;;108-87-2;;292.26;101.0;1;0.4331;-1.0;1993 eus rom 0
872-50-4;;108-87-2;;291.42;101.0;1;0.4518;-1.0;1993 eus rom 0
872-50-4;;108-87-2;;291.44;101.0;1;0.4997;-1.0;1993 eus rom 0
872-50-4;;108-87-2;;291.1;101.0;1;0.5496;-1.0;1993 eus rom 0
872-50-4;;108-87-2;;290.67;101.0;1;0.6051;-1.0;1993 eus rom 0
872-50-4;;108-87-2;;287.06;101.0;1;0.6727;-1.0;1993 eus rom 0
872-50-4;;108-87-2;;285.01;101.0;1;0.7006;-1.0;1993 eus rom 0
872-50-4;;108-87-2;;281.5;101.0;1;0.748;-1.0;1993 eus rom 0
872-50-4;;108-87-2;;273.18;101.0;1;0.8004;-1.0;1993 eus rom 0
872-50-4;;108-87-2;;276.03;101.0;1;-1.0;0.0627;1993 eus rom 0
872-50-4;;108-87-2;;289.48;101.0;1;-1.0;0.2097;1993 eus rom 0
872-50-4;;108-87-2;;290.28;101.0;1;-1.0;0.2545;1993 eus rom 0
872-50-4;;108-87-2;;291.38;101.0;1;-1.0;0.3054;1993 eus rom 0
872-50-4;;108-87-2;;291.47;101.0;1;-1.0;0.343;1993 eus rom 0
872-50-4;;108-87-2;;291.98;101.0;1;-1.0;0.3743;1993 eus rom 0
872-50-4;;108-87-2;;291.5;101.0;1;-1.0;0.4064;1993 eus rom 0
872-50-4;;108-87-2;;283.032;101.0;1;0.685;0.168;1999 han mao 0
872-50-4;;108-87-2;;283.994;101.0;1;0.674;0.18;1999 han mao 0
872-50-4;;108-87-2;;284.987;101.0;1;0.659;0.193;1999 han mao 0
872-50-4;;108-87-2;;285.991;101.0;1;0.644;0.211;1999 han mao 0
872-50-4;;108-87-2;;286.491;101.0;1;0.635;0.219;1999 han mao 0
872-50-4;;108-87-2;;286.994;101.0;1;0.625;0.228;1999 han mao 0
872-50-4;;108-87-2;;287.494;101.0;1;0.616;0.236;1999 han mao 0
872-50-4;;108-87-2;;287.999;101.0;1;0.604;0.248;1999 han mao 0
872-50-4;;108-87-2;;288.501;101.0;1;0.588;0.263;1999 han mao 0
872-50-4;;108-87-2;;288.938;101.0;1;0.574;0.281;1999 han mao 0
872-50-4;;108-87-2;;289.19;101.0;1;0.564;0.296;1999 han mao 0
872-50-4;;108-87-2;;289.436;101.0;1;0.55;0.308;1999 han mao 0
872-50-4;;108-87-2;;289.567;101.0;1;0.54;0.314;1999 han mao 0
872-50-4;;108-87-2;;289.694;101.0;1;0.535;0.323;1999 han mao 0
872-50-4;;108-87-2;;289.791;101.0;1;0.528;0.328;1999 han mao 0
872-50-4;;108-87-2;;289.888;101.0;1;0.52;0.336;1999 han mao 0
872-50-4;;108-87-2;;289.954;101.0;1;0.513;0.344;1999 han mao 0
872-50-4;;108-87-2;;290.022;101.0;1;0.503;0.354;1999 han mao 0
872-50-4;;108-87-2;;290.056;101.0;1;0.497;0.359;1999 han mao 0
872-50-4;;108-87-2;;290.088;101.0;1;0.49;0.366;1999 han mao 0
872-50-4;;108-87-2;;290.109;101.0;1;0.486;0.369;1999 han mao 0
